CIC_OEM_VERS = 2.0
CREATION_DATE = 2025-07-01T12:54:43.593045
ORIGINATOR = ISAE-SUPAERO


META_START
OBJECT_NAME = PLEIADES1B
OBJECT_ID = PLEIADES1B
CENTER_NAME = Earth
REF_FRAME = EME2000
TIME_SYSTEM = UTC
START_TIME = 2025-07-01T04:22:41.247
USEABLE_START_TIME = 2025-07-01T04:22:41.247
USEABLE_STOP_TIME = 2025-08-02T21:53:41.247
STOP_TIME = 2025-08-02T21:53:41.247
INTERPOLATION = lagrange
INTERPOLATION_DEGREE = 5
META_STOP



60857 15761.247 -1562.0555 -6901.5067 14.656157 -1.0398099 0.25224311 7.428647700000001
60857 16181.247 -1831.6915000000001 -6123.9233 3030.9542 -0.22355275 3.3854981 6.6948211
60857 16601.247 -1743.6746 -4150.6633 5453.7617 0.63543288 5.8541818999999995 4.651032
60857 17021.247 -1315.5782 -1367.7423000000001 6810.2384 1.369193 7.177943900000001 1.7016482000000002
60857 17441.247 -631.1787800000001 1681.7008 6836.513 1.8358866 7.1026286 -1.5788125
60857 17861.247 176.19285000000002 4403.2074 5526.8742 1.9450243 5.6416847 -4.5546652000000005
60857 18281.247 949.18262 6264.3607 3134.1455 1.6742641 3.0741953 -6.6456064
60857 18701.247 1536.2789 6899.517400000001 127.25183 1.0748215 -0.10041123 -7.4341194
60857 19121.247 1822.3773999999999 6182.8737 -2904.688 0.26503344 -3.2547857 -6.7628398
60857 19541.247 1750.3493999999998 4251.804099999999 -5363.3287 -0.59590511 -5.772580700000001 -4.7698655
60857 19961.247 1335.1614 1486.9448 -6767.954 -1.3407827 -7.163294700000001 -1.8411378999999999
60857 20381.247 659.73271 -1568.1266 -6850.4018 -1.8219242 -7.1444869 1.4515285
60857 20801.247 -144.88803000000001 -4316.8752 -5588.843900000001 -1.9458724 -5.7270852 4.4556535
60857 21221.247 -921.1375400000001 -6220.8764 -3230.7868 -1.6890761 -3.1888559 6.5858148000000005
60857 21641.247 -1517.1807 -6907.813 -238.91489 -1.1021485 -0.028553366 7.4234390999999995
60857 22061.247 -1816.8076 -6245.0518 2799.9196 -0.30143525 3.130535 6.8070799
60857 22481.247 -1762.4735 -4365.3443 5292.2335 0.5553217100000001 5.6705883 4.8653203000000005
60857 22901.247 -1365.8744 -1637.7275 6754.3573 1.3018138 7.103329700000001 1.9831683
60857 23321.247 -704.58631 1407.3493 6904.2317 1.7953493 7.1581945 -1.2814908
60857 23741.247 93.249235 4179.3898 5712.1818 1.9412662 5.8235244 -4.302613
60857 24161.247 872.87636 6138.527700000001 3406.7642 1.7094561000000001 3.3488661000000004 -6.4947581
60857 24581.247 1481.9318 6898.7397 434.94759999999997 1.1423441 0.20919588 -7.4219158
60857 25001.247 1800.6252 6307.2614 -2622.1644 0.34971984 -2.979619 -6.8921963
60857 25421.247 1765.9956000000002 4478.1342 -5163.3932 -0.5118232699999999 -5.5850021 -5.006499600000001
60857 25841.247 1384.988 1770.624 -6689.2851 -1.2720698 -7.0928113999999995 -2.1391899
60857 26261.247 733.21696 -1283.327 -6904.3676 -1.7824388 -7.2060777 1.1515604000000002
60857 26681.247 -62.368905 -4084.6330000000003 -5760.1156 -1.943778 -5.9113968 4.2115692
60857 27101.247 -845.77708 -6085.6771 -3484.0192 -1.7245647 -3.4575203 6.4474596
60857 27521.247 -1463.2421000000002 -6892.8197 -522.72474 -1.166664 -0.32170094 7.4181267
60857 27941.247 -1793.5911 -6347.339400000001 2541.5217000000002 -0.380436 2.8749001 6.9296329
60857 28361.247 -1772.7525 -4559.029 5106.7282000000005 0.47773608 5.4995871 5.084414799999999
60857 28781.247 -1405.8396 -1880.1859 6673.118 1.239876 7.0439798 2.2528026
60857 29201.247 -765.45588 1164.57 6938.241900000001 1.7590532 7.215283 -1.0102856
60857 29621.247 23.604143 3983.1792000000005 5852.3629 1.9363588999999999 5.9849312 -4.0752911
60857 30041.247 808.04862 6027.548900000001 3626.2568 1.7372313 3.5882316000000003 -6.3502947
60857 30461.247 1435.1158 6898.006 692.19176 1.1989206 0.48652594 -7.3889987
60857 30881.247 1782.1000000000001 6422.361 -2377.0174 0.42586099000000005 -2.714299 -6.9829801
60857 31301.247 1781.1045000000001 4692.6292 -4980.852400000001 -0.43048719 -5.3856465 -5.2099208
60857 31721.247 1432.4052 2046.7662 -6609.8562 -1.2023927 -7.0045145 -2.4182585
60857 32141.247 804.1601400000001 -998.53834 -6945.4803 -1.7396484 -7.2562067 0.84710434
60857 32561.247 18.902896000000002 -3848.6395 -5920.9686 -1.9375738 -6.0896873 3.951228
60857 32981.247 -769.97517 -5945.287 -3734.7166 -1.7563555 -3.7273039 6.2862779
60857 33401.247 -1407.8062 -6875.8515 -814.25033 -1.2302170000000001 -0.62973632 7.3882036
60857 33821.247 -1769.3790000000001 -6457.06 2266.5017000000003 -0.46305325 2.5898155000000003 7.0367858
60857 34241.247 -1784.3082 -4773.2908 4901.950900000001 0.392441 5.293743 5.306907000000001
60857 34661.247 -1450.7933 -2156.8477000000003 6578.400000000001 1.1685691 6.9568355 2.5458973
60857 35081.247 -834.9671 879.4298100000001 6971.5842999999995 1.7153021000000002 7.262598 -0.70353437
60857 35501.247 -56.928657 3744.9453 6007.0341 1.9284811 6.1573473000000005 -3.8137024999999998
60857 35921.247 732.14446 5882.6085 3872.2127 1.7668191 3.8528719000000002 -6.1844046
60857 36341.247 1378.6459 6874.885700000001 981.64698 1.2604266 0.79247466 -7.3515652000000005
60857 36761.247 1756.1666 6526.005700000001 -2100.6383 0.50733788 -2.4268418 -7.081891
60857 37181.247 1790.832 4903.0465 -4771.7621 -0.34496233000000004 -5.173122500000001 -5.4261384
60857 37601.247 1475.9588 2323.0588 -6509.1491 -1.1295155 -6.9085864 -2.7096048
60857 38021.247 873.0987 -710.20548 -6973.133 -1.693667 -7.2958323 0.53734077
60857 38441.247 99.80833500000001 -3604.5623 -6071.9063 -1.9276032 -6.2578467 3.6834858
60857 38861.247 -692.41662 -5796.6014000000005 -3987.9116000000004 -1.7828432 -3.9884904000000003 6.1068895
60857 39281.247 -1348.9066 -6850.2618 -1117.0472 -1.2909565 -0.94188455 7.3389242999999995
60857 39701.247 -1741.176 -6561.9237 1973.3893 -0.54585404 2.2922592 7.1318058
60857 40121.247 -1792.5041 -4988.5747 4676.4841 0.3052913 5.0746034 5.5258301
60857 40541.247 -1493.1757 -2439.0085 6462.764099999999 1.0952348 6.861008200000001 2.8413066
60857 40961.247 -902.62576 586.19709 6985.1738 1.6701677 7.3057632 -0.39437427
60857 41381.247 -136.11838 3497.1462 6142.3985 1.9193855000000002 6.3260774 -3.5523551
60857 41801.247 656.9065400000001 5725.8842 4098.541700000001 1.7942323 4.1103190000000005 -6.0189992000000005
60857 42221.247 1321.5793 6836.094599999999 1252.1381999999999 1.3181824999999998 1.0879955000000001 -7.3096440000000005
60857 42641.247 1727.7632 6609.3686 -1839.6495 0.58433038 -2.1479578000000004 -7.1682651
60857 43061.247 1794.2478 5083.3867 -4568.5133 -0.26297803 -4.9658402 -5.6298875
60857 43481.247 1510.4187 2565.1339 -6402.7765 -1.0605212 -6.8149997 -2.9798619
60857 43901.247 930.9691700000001 -456.17071999999996 -6982.0869 -1.6501050000000002 -7.3260913 0.25863060000000004
60857 44321.247 169.75195000000002 -3388.0175 -6194.001 -1.9148417 -6.3948901 3.4461433
60857 44741.247 -624.4055400000001 -5656.4968 -4191.9272 -1.8039958 -4.2141727 5.9489883
60857 45161.247 -1296.0602 -6814.7961 -1364.5525 -1.3410502 -1.2084167000000001 7.291416
60857 45581.247 -1713.8326000000002 -6638.101000000001 1730.9198999999999 -0.61530147 2.0354908000000003 7.202897500000001
60857 46001.247 -1795.1218000000001 -5158.712 4484.716 0.23005767000000002 4.8798242 5.7046604
60857 46421.247 -1525.1475 -2668.9044 6360.089599999999 1.0300574 6.7679831 3.0878373000000003
60857 46841.247 -957.74037 341.30519 6991.7762 1.6267084 7.3275136000000005 -0.12903923
60857 47261.247 -203.47003 3284.8854 6255.6666 1.9054608000000002 6.4570868 -3.317777
60857 47681.247 590.46134 5587.582 4296.041200000001 1.8124396999999999 4.325997 -5.8588769
60857 48101.247 1269.0722 6799.3556 1495.5835 1.3653495 1.3482829 -7.2547778
60857 48521.247 1699.7862 6683.0291 -1597.8102 0.6517592200000001 -1.8923288 -7.2303126
60857 48941.247 1798.7145 5261.9839 -4378.8458 -0.18780171 -4.7593433 -5.792688600000001
60857 49361.247 1547.3428000000001 2816.1449 -6304.839599999999 -0.98912091 -6.694102200000001 -3.2274524
60857 49781.247 995.0891300000001 -177.38358 -7001.7833 -1.5971672000000001 -7.325183600000001 -0.03651895300000001
60857 50201.247 249.4232 -3136.335 -6334.1567000000005 -1.8949958999999998 -6.5318063 3.1639966
60857 50621.247 -544.7218100000001 -5484.166700000001 -4429.9015 -1.8240022 -4.462325 5.7545382
60857 51041.247 -1232.0502 -6759.068700000001 -1658.2465 -1.3965732000000002 -1.5157617 7.2254396
60857 51461.247 -1678.4715 -6711.9001 1439.3278 -0.69372386 1.7370185 7.2783713
60857 51881.247 -1795.698 -5348.3575 4253.9799 0.1446405 4.647202 5.9009811
60857 52301.247 -1560.2071 -2933.8772999999997 6231.6116 0.95413582 6.6468686 3.3679558000000003
60857 52721.247 -1018.3024 56.139685 6981.300200000001 1.5776229000000002 7.3481567 0.17245033
60857 53141.247 -278.18627000000004 3034.3261 6367.0835 1.8899894 6.600879 -3.0567009
60857 53561.247 516.74368 5418.312599999999 4500.240900000001 1.832317 4.5619895 -5.684909
60857 53981.247 1210.3277 6740.1032000000005 1748.9868999999999 1.4154385 1.6274095 -7.1973172000000005
60857 54401.247 1666.7018 6740.7892 -1346.1145000000001 0.7217824500000001 -1.6231513 -7.2950057
60857 54821.247 1797.0646000000002 5422.8507 -4177.3699 -0.1107659 -4.5470346 -5.9642246
60857 55241.247 1577.1238 3047.4836 -6192.744900000001 -0.9185911 -6.5752613 -3.4753264
60857 55661.247 1050.8817 80.107446 -7002.5085 -1.5457864 -7.321838800000001 -0.31803765
60857 56081.247 320.92949 -2902.8475 -6451.4667 -1.8729429 -6.6485733 2.899103
60857 56501.247 -471.22768 -5322.5323 -4645.844599999999 -1.8369338 -4.6824883 5.5581354
60857 56921.247 -1171.6539 -6706.630700000001 -1934.2483000000002 -1.4427392 -1.7970124 7.1402089
60857 57341.247 -1643.2388 -6781.4176 1155.429 -0.76532165 1.448255 7.327778599999999
60857 57761.247 -1793.275 -5529.4051 4018.3684 0.062846122 4.414840900000001 6.0775674
60857 58181.247 -1592.2126 -3194.8047 6092.5464 0.8786167500000001 6.5171056 3.6346543000000002
60857 58601.247 -1079.5267 -234.86185999999998 6971.2178 1.5220875 7.3432171 0.47972988
60857 59021.247 -355.64491 2770.9406000000004 6482.217000000001 1.8677288 6.7321207 -2.7700506999999996
60857 59441.247 437.83727000000005 5234.1049 4720.6023 1.8478208999999999 4.8015179 -5.4789173
60857 59861.247 1145.4665 6671.2627 2031.3579 1.4656681 1.9279792 -7.113010500000001
60857 60281.247 1628.5584 6800.64 -1057.2462 0.7966291400000001 -1.3212157 -7.3488164
60857 60701.247 1792.9683 5599.1745 -3938.5719 -0.026131265 -4.3032395 -6.1447058
60857 61121.247 1607.7204 3305.4187 -6050.3437 -0.84070574 -6.4365312999999995 -3.7461233000000003
60857 61541.247 1110.107 369.30494 -6983.7568 -1.4895433 -7.313995 -0.62642557
60857 61961.247 397.26403999999997 -2638.4909 -6559.8022 -1.8490424 -6.7727998 2.6121414
60857 62381.247 -392.59284 -5134.397 -4860.366599999999 -1.8500989 -4.9153974 5.3477917
60857 62801.247 -1106.0535 -6631.6613 -2213.4804 -1.4907009 -2.094188 7.0478395
60857 63221.247 -1603.5981000000002 -6834.7576 865.94118 -0.8389666 1.1446037 7.3724184
60857 63641.247 -1787.4862 -5701.0243 3775.4697 -0.02200121 4.1647239 6.2511317
60857 64061.247 -1621.4836 -3451.2808 5944.0339 0.79930311 6.3699164 3.9030339
60857 64481.247 -1138.1711 -526.05654 6946.3419 1.4638608 7.3278381 0.7902793
60857 64901.247 -432.5358 2502.539 6588.9852 1.8414747 6.8475759 -2.4803504
60857 65321.247 357.41940999999997 5039.7455 4938.5497000000005 1.8584829 5.025267 -5.2653211
60857 65741.247 1077.2174 6590.0977 2319.6753 1.5119173000000001 2.2220978000000002 -7.0144367
60857 66161.247 1585.7830000000001 6846.964 -757.11195 0.86941918 -1.0197109 -7.3923642
60857 66581.247 1783.5869 5761.9899000000005 -3685.2463 0.056886422000000006 -4.060442500000001 -6.3182597
60857 67001.247 1630.6138999999998 3544.9956 -5884.9731 -0.76560588 -6.3068666 -4.0127842000000005
60857 67421.247 1159.2378 634.58408 -6934.2851 -1.4408926 -7.3189063 -0.90205183
60857 67841.247 460.82394 -2401.4485 -6623.93 -1.8300649000000002 -6.890333200000001 2.3696936
60857 68261.247 -327.56871 -4967.5078 -5015.291 -1.8607869000000001 -5.1085201 5.1813807
60857 68681.247 -1051.6146 -6562.5307999999995 -2425.88 -1.5269522 -2.3302839 6.9688541
60857 69101.247 -1569.7078000000001 -6871.211700000001 641.41542 -0.8969374299999999 0.8965099000000001 7.3958912
60857 69521.247 -1780.5732 -5834.6723 3583.2516 -0.09177389100000001 3.9510998 6.378964799999999
60857 69941.247 -1644.1686000000002 -3660.3171 5824.0517 0.73030516 6.2306078 4.1147773
60857 70361.247 -1187.3371000000002 -772.4475500000001 6926.9308 1.4089610000000001 7.2932421000000005 1.050231
60857 70781.247 -499.30477 2265.8477000000003 6677.3485 1.8131847 6.9351284 -2.2194573
60857 71201.247 285.9986 4862.260200000001 5122.8657 1.8643554 5.2231328999999995 -5.0607055
60857 71621.247 1016.2344 6514.156 2567.3439 1.5492954 2.4808581 -6.9114857
60857 72041.247 1546.1608999999999 6885.2437 -490.83377 0.93287145 -0.74274039 -7.4124011
60857 72461.247 1773.8853000000001 5910.1012 -3453.4528999999998 0.13351885 -3.8235387000000003 -6.4601703
60857 72881.247 1654.7825 3779.3158 -5739.1731 -0.6910619100000001 -6.1539847000000005 -4.2434817
60857 73301.247 1212.5638999999999 910.45836 -6901.4319000000005 -1.3796758 -7.2803908 -1.1996022000000002
60857 73721.247 533.7998100000001 -2136.0591 -6713.8776 -1.7989374 -6.986156 2.0780438
60857 74141.247 -249.13372 -4765.7084 -5212.6238 -1.867272 -5.3268413 4.9525849
60857 74561.247 -983.26937 -6463.4898 -2689.9833 -1.570414 -2.6224615 6.8605635000000005
60857 74981.247 -1524.8988000000002 -6895.8605 360.58825 -0.96584419 0.5978410000000001 7.4235593
60857 75401.247 -1768.0268 -5978.1192 3340.6496 -0.17219508 3.7006006000000005 6.5288148
60857 75821.247 -1664.8348999999998 -3888.7735000000002 5665.4596 0.65333336 6.0744896 4.3585826
60857 76241.247 -1237.1290000000001 -1041.8153 6882.3559000000005 1.3494055 7.2573937 1.3407037000000002
60857 76661.247 -568.4413900000001 2008.1587 6755.1593 1.7820916 7.0257796 -1.9362983999999999
60857 77081.247 210.94673 4666.818700000001 5308.6786 1.86781 5.424370700000001 -4.8379709
60857 77501.247 949.1437099999999 6414.8964000000005 2823.9134 1.5888520000000002 2.7601821 -6.7979851
60857 77921.247 1501.695 6908.4642 -214.32817000000003 0.99873145 -0.44806639000000004 -7.4282905
60857 78341.247 1760.4944 6050.6557999999995 -3210.4626000000003 0.21324921000000002 -3.5686144 -6.6014612
60857 78761.247 1675.0693999999999 4009.521 -5577.473599999999 -0.61264496 -5.9874717 -4.4835112
60857 79181.247 1262.862 1186.0914 -6853.5878 -1.3175131 -7.2342021999999995 -1.4930342
60857 79601.247 604.5930400000001 -1868.5312 -6790.8545 -1.7651744 -7.070647 1.7868271
60857 80021.247 -171.45007 -4558.915 -5401.3409 -1.869043 -5.5279981 4.7206217
60857 80441.247 -914.0360000000001 -6359.5491 -2954.7994 -1.6078884 -2.9020131 6.7353395
60857 80861.247 -1477.7713999999999 -6916.3156 70.719007 -1.0317919 0.2954931 7.4316949999999995
60857 81281.247 -1752.5618000000002 -6120.4602 3082.7819 -0.25405481 3.4338447000000003 6.6697786
60857 81701.247 -1684.4871 -4127.0796 5490.3419 0.57197049 5.8971212 4.6044526
60857 82121.247 -1287.9764 -1329.0866 6824.4643 1.2847045000000001 7.2055502 1.6437822000000002
60857 82541.247 -640.65804 1727.7827 6826.2895 1.7467361000000001 7.1099961 -1.6352535000000001
60857 82961.247 131.38993 4448.0471 5495.317 1.868811 5.6286379 -4.598255600000001
60857 83381.247 877.71065 6300.2475 3089.6635 1.6260968 3.0440952 -6.6677664000000005
60857 83801.247 1452.9711000000002 6925.0166 80.924065 1.0649815 -0.13632249999999999 -7.4279171
60857 84221.247 1743.0206 6190.225200000001 -2943.992 0.29717062 -3.2895136000000003 -6.7414759
60857 84641.247 1691.1682 4242.0583 -5388.653200000001 -0.53054727 -5.8089037 -4.7348111
60857 85061.247 1309.1479 1464.8566 -6779.7098 -1.2542728 -7.1883717 -1.7955346
60857 85481.247 671.4422 -1599.2457 -6844.177900000001 -1.7321736 -7.1535316 1.5045561
60857 85901.247 -97.85842 -4348.9178 -5562.1975999999995 -1.8701156 -5.7196628 4.501354500000001
60857 86321.247 -847.87159 -6245.9126 -3187.4119 -1.6417755 -3.1623699000000003 6.6187009
60858 341.247 -1431.4923999999999 -6917.3949 -185.72473000000002 -1.0910132000000001 0.018133786000000002 7.4359338
60858 761.247 -1734.2781000000002 -6231.7322 2852.6742000000004 -0.32705233 3.191313 6.7909064
60858 1181.247 -1697.7296000000001 -4326.722400000001 5331.5912 0.49830068 5.7303417 4.8174485
60858 1601.247 -1329.9372 -1577.2007 6768.152 1.2236228000000002 7.1449056 1.9116321
60858 2021.247 -703.60302 1479.0703 6885.8758 1.709564 7.1684884 -1.3596135999999999
60858 2441.247 59.320433 4248.1828 5663.3231 1.8634635000000002 5.7998246 -4.3662741
60858 2861.247 810.66336 6191.4838 3337.3388 1.6550813000000002 3.2997996 -6.527069000000001
60858 3281.247 1404.0197 6928.2527 359.45634 1.1233037 0.14959271000000002 -7.4169751
60858 3701.247 1723.1979 6312.259099999999 -2688.5166 0.3712664 -3.0344167000000004 -6.8553006
60858 4121.247 1705.6498000000001 4462.8525 -5209.7389 -0.4534049 -5.625874 -4.9506024
60858 4541.247 1354.8981 1741.5683000000001 -6710.6123 -1.1890592999999998 -7.1173210000000005 -2.0774924
60858 4961.247 739.5572 -1319.8546000000001 -6897.4718 -1.6925088000000001 -7.2186458 1.2029222
60858 5381.247 -20.386519 -4125.4324 -5735.1765000000005 -1.8647058 -5.9028188 4.2532444
60858 5801.246999999999 -775.8003000000001 -6119.4731 -3445.1991000000003 -1.6727063000000002 -3.4336446 6.4712392
60858 6221.246999999999 -1379.1326999999999 -6914.027700000001 -478.25231 -1.1523278000000001 -0.28637078000000005 7.4210766
60858 6641.246999999999 -1711.9036 -6352.1594000000005 2582.7861000000003 -0.40603385 2.916622 6.9117498
60858 7061.246999999999 -1708.9787 -4545.039400000001 5135.6054 0.41792403 5.5421259 5.0491866000000005
60858 7481.247 -1371.9638 -1848.656 6683.089900000001 1.1585238999999998 7.0799204 2.2022439
60858 7901.247 -767.6458700000001 1207.8315 6925.1271 1.6713638000000002 7.2337135 -1.0678649
60858 8321.247 -13.903198 4029.2774 5815.7163 1.8585024 5.9794442 -4.1274511
60858 8741.247 742.50012 6066.211200000001 3571.2012999999997 1.6837383 3.5591106 -6.3837729
60858 9161.247 1354.1228 6920.614500000001 628.8074300000001 1.1803275000000002 0.44138976 -7.394672300000001
60858 9581.247 1701.4659 6424.6203 -2436.3907000000004 0.44643695000000005 -2.7637067 -6.959458
60858 10001.247 1716.9188000000001 4675.3496 -5025.3078 -0.37388488999999997 -5.4274838 -5.1641735
60858 10421.247 1397.8032 2014.911 -6632.479700000001 -1.1204593 -7.0312856 -2.3622381
60858 10841.247 806.49337 -1037.9463 -6944.6189 -1.6487429 -7.2653694 0.9010323100000001
60858 11261.247 58.055038 -3888.2825000000003 -5899.6185000000005 -1.8562419000000001 -6.0820984 3.9937038
60858 11681.247 -702.0521 -5982.0019 -3701.0126 -1.6997933 -3.6998991 6.3102041
60858 12101.247 -1323.7673 -6899.7271 -775.4799399999999 -1.2112095 -0.59406327 7.3914194
60858 12521.247 -1685.9318 -6464.4496 2302.7146000000002 -0.48458591 2.6324917 7.0216111
60858 12941.247 -1717.5753 -4761.6798 4928.4184000000005 0.33630557 5.3402864 5.2728435000000005
60858 13361.247 -1411.5948 -2123.4126 6582.0523 1.0914495 7.0052822 2.4924346
60858 13781.247 -830.29944 929.49734 6949.2702 1.6314935000000002 7.292025400000001 -0.77709487
60858 14201.247 -86.401147 3800.7614 5952.518 1.8520644 6.1533436 -3.8908209
60858 14621.247 674.3642900000001 5928.4629 3788.2889 1.7103491 3.8097597000000003 -6.2434021
60858 15041.247 1303.0952 6895.7116 880.62745 1.2338054 0.71973697 -7.371494
60858 15461.247 1676.8522 6513.7497 -2199.9605 0.51666241 -2.5071685 -7.0534397
60858 15881.247 1723.2322 4859.9434 -4850.198200000001 -0.2991144 -5.2363476 -5.3576053
60858 16301.247 1434.1904 2259.9064 -6554.1401 -1.0541468 -6.9392903 -2.6232987
60858 16721.247 866.75113 -778.97179 -6982.572700000001 -1.6033224000000001 -7.2928459000000005 0.61655671
60858 17141.247 131.19442 -3666.6336 -6052.7741 -1.8416041 -6.2306159 3.7388519000000002
60858 17561.247 -629.7672600000001 -5841.2577 -3943.4503 -1.7219819 -3.9519782 6.1403319000000005
60858 17981.247 -1267.7386999999999 -6875.8808 -1062.9754 -1.2655296 -0.89298695 7.347820700000001
60858 18401.247 -1657.6299 -6565.2205 2025.7761 -0.56000365 2.3484454 7.114827
60858 18821.247 -1722.6508999999999 -4967.9172 4716.4608 0.2555109 5.1308865 5.4838628
60858 19241.247 -1450.2053999999998 -2397.2834 6480.9052 1.0200799 6.905875 2.7783374
60858 19661.247 -894.0597700000001 643.46732 6975.7068 1.5845488 7.3260821 -0.47365164
60858 20081.247 -162.98689000000002 3556.8327999999997 6100.0052000000005 1.8387558 6.3156285 -3.6271943
60858 20501.247 599.85536 5774.357900000001 4028.6028 1.7334524 4.0677682 -6.07329
60858 20921.247 1245.2250000000001 6861.1144 1166.2928000000002 1.2885438999999999 1.0209489 -7.329245200000001
60858 21341.247 1646.7325 6604.0658 -1925.1537 0.59170615 -2.2238656999999997 -7.146098200000001
60858 21761.247 1726.357 5056.067900000001 -4639.3329 -0.21898895999999998 -5.0263143 -5.5639995
60858 22181.247 1469.2855 2521.581 -6446.8157 -0.98442565 -6.8417023 -2.9017474
60858 22601.247 926.60307 -503.22345 -6997.9803 -1.5569854 -7.3241731 0.31998662
60858 23021.247 204.02068 -3430.2866000000004 -6186.7368 -1.8271221000000002 -6.3838477000000005 3.4797937
60858 23441.247 -558.14931 -5690.197700000001 -4169.6056 -1.7421563000000002 -4.198440499999999 5.9674588
60858 23861.247 -1211.448 -6840.1607 -1336.9394 -1.3166981000000002 -1.1859084 7.2949119
60858 24281.247 -1627.7779 -6652.6551 1757.2031000000002 -0.6327184499999999 2.0645047 7.1932472
60858 24701.247 -1725.4574 -5162.8274 4506.4305 0.17529219000000001 4.9117087 5.679859
60858 25121.247 -1485.5097 -2662.6696 6371.6417 0.94816783 6.7954803 3.0544994
60858 25541.247 -955.24923 357.94392 6988.4299 1.534999 7.3495967 -0.16649757
60858 25961.247 -238.39852 3308.5825 6236.5214000000005 1.822001 6.467818599999999 -3.3550135
60858 26381.247 525.0314300000001 5612.4298 4262.5251 1.7529782 4.3200257 -5.8891781000000005
60858 26801.247 1185.7102 6817.8498 1452.2153 1.3407223 1.3242988 -7.2700627
60858 27221.247 1614.2886 6688.4986 -1643.2374 0.66625656 -1.9294031 -7.224064500000001
60858 27641.247 1727.3756 5251.9408 -4416.6728 -0.13688408999999999 -4.7991552 -5.763525899999999
60858 28061.247 1503.5356000000002 2790.612 -6326.877 -0.91091394 -6.7261921000000005 -3.1831268
60858 28481.247 987.36009 -213.42973999999998 -7003.8835 -1.5063444 -7.342361 0.012080179
60858 28901.247 279.43652000000003 -3175.9914 -6317.006 -1.8091022 -6.5318853 3.2052664
60858 29321.247 -482.75078 -5520.700400000001 -4398.567599999999 -1.7602661000000002 -4.447526300000001 5.7798414000000005
60858 29741.247 -1150.7735 -6788.1688 -1619.364 -1.3674173 -1.4871526 7.23125
60858 30161.247 -1593.5902 -6727.834400000001 1476.6445 -0.70600182 1.7703365 7.2655876
60858 30581.247 -1724.3131 -5349.851 4282.6758 0.09385207699999999 4.6820926 5.8733717
60858 31001.247 -1517.5056000000002 -2924.5387 6248.2564 0.87439343 6.6745175 3.3310665
60858 31421.247 -1014.1066999999999 72.409638 6989.4539 1.4830337 7.360236700000001 0.13983981
60858 31841.247 -312.63221000000004 3055.3039 6362.0531 1.8019478 6.6083939 -3.0780023
60858 32261.247 449.91457 5441.241400000001 4488.5358 1.7689062 4.5640373 -5.6955306000000006
60858 32681.247 1124.4502 6762.8883 1734.9163 1.3897054 1.6245368000000002 -7.1984452
60858 33101.247 1578.9716 6761.1592 -1359.1551000000002 0.73873581 -1.6322021 -7.2892761
60858 33521.247 1724.9575 5438.2878 -4186.8801 -0.055336875 -4.564136400000001 -5.9525291
60858 33941.247 1534.4655 3054.2504 -6196.2423 -0.83631465 -6.599260500000001 -3.4583053
60858 34361.247 1045.5597 76.117621 -6997.6015 -1.4532282 -7.3478707000000005 -0.29503004
60858 34781.247 353.54005 -2916.7756 -6435.9186 -1.7877234000000002 -6.6683848 2.9260705
60858 35201.247 -407.17422999999997 -5342.0657 -4619.1419000000005 -1.774754 -4.6884045 5.5829882
60858 35621.247 -1088.4478000000001 -6724.3318 -1897.7426 -1.4150170000000002 -1.7851294 7.1558903
60858 36041.247 -1556.6289 -6790.9048 1195.0106 -0.77714327 1.4741268 7.3256351
60858 36461.247 -1719.7761 -5526.716200000001 4052.9694 0.013166793000000001 4.4453647 6.0563283000000006
60858 36881.247 -1546.1218999999999 -3180.0859 6115.1965 0.7997724700000001 6.5426353 3.6008198000000005
60858 37301.247 -1070.2025 -211.7636 6978.727 1.4288192 7.358384200000001 0.44439392
60858 37721.247 -385.28884999999997 2798.1965 6476.2727 1.7785596000000001 6.7369612 -2.7971806000000004
60858 38141.247 374.85219 5261.7173 4705.9676 1.7810556 4.7989955 -5.4929402000000005
60858 38561.247 1061.7075 6696.7851 2013.5843 1.4352866 1.9207598000000001 -7.114478600000001
60858 38981.247 1540.9504 6822.2489000000005 -1073.6598999999999 0.80889091 -1.3329957 -7.341358100000001
60858 39401.247 1719.1528 5614.9801 -3950.5259 0.025444598 -4.321684100000001 -6.1305783
60858 39821.247 1562.0432 3312.2411 -6055.283 -0.76081699 -6.4610996 -3.7267765
60858 40241.247 1101.0993999999998 365.1218 -6979.2947 -1.3977764 -7.3407232 -0.6008513799999999
60858 40661.247 426.18332000000004 -2652.9209 -6543.4298 -1.7630664 -6.7932539 2.6427004000000003
60858 41081.247 -331.59091 -5154.4983 -4831.0706 -1.7856418 -4.9208061 5.3774071999999995
60858 41501.247 -1024.5186 -6648.599 -2172.1742999999997 -1.4595307 -2.0804625999999997 7.0688851
60858 41921.247 -1516.9472 -6842.0334 912.26277 -0.84615801 1.1754491 7.373589600000001
60858 42341.247 -1711.9173 -5693.7334 3817.3475 -0.066861525 4.2012005 6.228971
60858 42761.247 -1571.2656000000002 -3429.1097999999997 5972.0483 0.72378212 6.3992527 3.8664266
60858 43181.247 -1123.2441000000001 -493.35029 6955.8601 1.3729102 7.3450879 0.74479965
60858 43601.247 -455.85902000000004 2538.7071 6577.6198 1.7523539000000001 6.853701600000001 -2.5157948
60858 44021.247 300.52305 5075.0467 4911.7714000000005 1.7896697 5.0233536 -5.2851249
60858 44441.247 998.15148 6619.6405 2283.7291 1.4771353999999999 2.2093352 -7.0210717
60858 44861.247 1500.621 6870.0023 -792.02254 0.87581477 -1.0367407000000002 -7.381037
60858 45281.247 1709.9471 5778.4383 -3712.5656000000004 0.10438752 -4.0757543 -6.295706
60858 45701.247 1585.7993000000001 3559.6562000000004 -5907.639400000001 -0.68536118 -6.3136565000000004 -3.9845832000000003
60858 46121.247 1153.2141000000001 648.41422 -6950.8270999999995 -1.3404091 -7.3201253 -0.9012284100000001
60858 46541.247 496.55973 -2388.8004 -6639.9366 -1.7349228 -6.903736 2.3577614
60858 46961.247 -256.6268 -4961.0977 -5034.124400000001 -1.7923273 -5.1416213 5.1634755
60858 47381.247 -959.7923000000001 -6564.9944000000005 -2442.4895 -1.4996043 -2.3679201 6.9679213
60858 47801.247 -1474.8865 -6883.7129 627.4275200000001 -0.9121975 0.87651401 7.406764600000001
60858 48221.247 -1700.7946000000002 -5852.750900000001 3573.9756 -0.14563824 3.9508831 6.389874600000001
60858 48641.247 -1593.4161000000001 -3674.7263 5818.6051 0.64830637 6.2470913 4.1201972
60858 49061.247 -1174.1563 -777.59585 6921.2477 1.3141984 7.3190841 1.0477644000000002
60858 49481.247 -525.64882 2271.6714 6669.4406 1.7226151 6.9602097999999994 -2.226549
60858 49901.247 225.44907 4877.4340999999995 5112.2363 1.7946739 5.242069000000001 -5.0655427
60858 50321.247 932.4541300000001 6530.398 2553.9062000000004 1.5160742 2.4981771 -6.9142928
60858 50741.247 1457.2027 6907.0523 -504.89435 0.94122486 -0.7342332800000001 -7.4085716
60858 51161.247 1697.3579 5934.7699 -3464.7697000000003 0.18346498 -3.819143 -6.4524273999999995
60858 51581.247 1606.5687 3805.0031000000004 -5747.7206 -0.60820056 -6.1532346 -4.2393283
60858 52001.247 1203.3223 935.1132 -6910.0216 -1.280162 -7.286867900000001 -1.2043352
60858 52421.247 566.29023 -2116.4472 -6726.3573 -1.7032835 -7.0042456 2.0650297
60858 52841.247 -180.82555 -4756.154 -5231.1722 -1.7955664999999998 -5.3568945999999995 4.9382094
60858 53261.247 -892.7321700000001 -6468.0775 -2712.3772999999997 -1.5371636000000002 -2.6563593 6.8541659
60858 53681.247 -1429.6706000000001 -6913.6597 337.75097 -0.9769034000000001 0.57122499 7.4281861000000005
60858 54101.247 -1686.2712 -6003.7285 3321.46 -0.2246286 3.6895462 6.5424112999999995
60858 54521.247 -1612.349 -3916.9464 5652.6813 0.57064726 6.081302399999999 4.3731515
60858 54941.247 -1221.3897 -1059.8238999999999 6869.7806 1.2548343 7.2867215 1.346691
60858 55361.247 -591.90042 2005.8839 6743.844099999999 1.6916487 7.0565306 -1.9451006
60858 55781.247 153.13161 4676.1753 5292.5770999999995 1.7971628000000002 5.447470900000001 -4.851008
60858 56201.247 868.1464599999999 6431.236900000001 2802.8579 1.551 2.7706664 -6.807121100000001
60858 56621.247 1413.1887 6927.1026 -237.10893 1.0013125999999999 -0.44822091999999997 -7.4271991
60858 57041.247 1681.8032 6067.9187 -3230.6935 0.25704023000000004 -3.5734011000000003 -6.591457999999999
60858 57461.247 1622.3099 4024.6211000000003 -5592.8279 -0.53498335 -5.9929921 -4.4712288
60858 57881.247 1247.3595 1198.642 -6864.7746 -1.2207394999999999 -7.2413486 -1.4865796
60858 58301.247 630.3589499999999 -1860.0125 -6801.3071 -1.6689194 -7.0834766 1.7838929000000001
60858 58721.247 -108.94805000000001 -4557.5485 -5414.5434000000005 -1.7935063 -5.5491295 4.711686800000001
60858 59141.247 -827.0018000000001 -6368.2313 -2971.8546 -1.5689157 -2.9283388 6.7280832
60858 59561.247 -1383.4927 -6935.5695000000005 51.950476 -1.0368947000000002 0.27296708000000003 7.4322292
60858 59981.247 -1669.2104 -6145.634400000001 3065.5558 -0.30091878000000005 3.4264439 6.6785819
60858 60401.247 -1627.9995000000001 -4152.0127999999995 5477.2282000000005 0.49382442 5.9086614 4.613917000000001
60858 60821.247 -1268.1413 -1345.5963000000002 6814.110900000001 1.1911445 7.2325591000000005 1.6464435000000002
60858 61241.247 -660.2064300000001 1724.7247 6815.29 1.6552556 7.140554600000001 -1.6441475
60858 61661.247 76.63111599999999 4456.4974 5479.7415 1.7955941 5.6521213 -4.6118057
60858 62081.247 798.4984300000001 6316.1332999999995 3068.7745 1.5846158000000001 3.0554096 -6.6777895
60858 62501.247 1363.9372 6938.5085 55.12804 1.0631504 -0.14079952 -7.4332
60858 62921.247 1662.3511 6202.390200000001 -2969.5335 0.3345492 -3.304792 -6.7299535
60858 63341.247 1636.0566000000001 4254.4578 -5413.0297 -0.45710895 -5.8149039 -4.713036600000001
60858 63761.247 1291.2478 1478.1422 -6800.0829 -1.1573694 -7.1864654 -1.7838932
60858 64181.247 695.6681500000001 -1585.3604 -6863.2565 -1.631897 -7.1609278000000005 1.4878263999999999
60858 64601.247 -34.944483 -4341.0197 -5590.6804 -1.7898082 -5.7440655 4.4727353999999995
60858 65021.247 -758.7015200000001 -6252.1163 -3228.0559 -1.5994764000000001 -3.2043199 6.5921835
60858 65441.247 -1334.3156999999999 -6942.9608 -234.29435 -1.0961874 -0.031164352000000003 7.427039
60858 65861.247 -1649.046 -6276.2555 2805.3526 -0.37750098000000004 3.1535155 6.8059003
60858 66281.247 -1641.0258999999999 -4381.0560000000005 5294.5007000000005 0.41499570999999996 5.7208418000000005 4.8495117
60858 66701.247 -1312.0135 -1628.7574 6745.3324 1.1255788 7.1671996 1.9444326
60858 67121.247 -726.6206500000001 1442.0072 6874.7 1.6157718 7.2117662000000005 -1.340204
60858 67541.247 0.69604115 4230.4898 5656.872200000001 1.7903873000000001 5.8465206 -4.3637431
60858 67961.247 727.88433 6191.3779 3329.4705 1.6147671000000001 3.3351088 -6.5348119
60858 68381.247 1312.503 6939.6703 348.33233 1.1227981 0.16897610000000002 -7.424036500000001
60858 68801.247 1640.1696000000002 6329.1917 -2701.3899 0.41175775 -3.0265582 -6.8560863
60858 69221.247 1647.392 4481.9158 -5222.254400000001 -0.3776315 -5.622685000000001 -4.948584
60858 69641.247 1333.7106 1761.4322 -6723.362400000001 -1.0910438 -7.1170399 -2.0824193
60858 70061.247 760.92497 -1301.3824 -6915.0635999999995 -1.5914421 -7.227041000000001 1.1843761
60858 70481.247 40.408305999999996 -4111.4423 -5760.608700000001 -1.7829758 -5.9327615 4.2229389
60858 70901.247 -687.89935 -6121.5111 -3482.8433 -1.6276503 -3.4792313 6.4446334
60858 71321.247 -1281.8379 -6936.4435 -523.82047 -1.153969 -0.33859922000000003 7.4112239
60858 71741.247 -1625.1344 -6395.086 2537.7931000000003 -0.45347693 2.8740014 6.924523600000001
60858 72161.247 -1650.2737 -4601.657200000001 5101.290599999999 0.33569288 5.5237369 5.078981
60858 72581.247 -1352.556 -1907.8365000000001 6664.2045 1.0583129 7.0904517 2.2399103
60858 73001.247 -790.55297 1158.8813 6921.5459 1.5735549000000002 7.270336500000001 -1.0356842
60858 73421.247 -74.122603 3998.9842000000003 5822.9526 1.7815142000000002 6.0294717 -4.1094768
60858 73841.247 656.7933 6057.057400000001 3582.7762000000002 1.6411428000000001 3.6073535000000003 -6.380785299999999
60858 74261.247 1259.127 6929.3313 639.42544 1.1793684 0.47719248 -7.4012475
60858 74681.247 1615.0213 6445.1781 -2429.6097999999997 0.48731111 -2.743456 -6.969197
60858 75101.247 1655.4067 4701.6714 -5022.9722 -0.29806303 -5.420528 -5.1746813000000005
60858 75521.247 1373.2433 2041.8642 -6635.246400000001 -1.0230031 -7.034946 -2.3768195999999997
60858 75941.247 824.2416800000001 -1014.8443000000001 -6954.9672 -1.548079 -7.2804621 0.87924535
60858 76361.247 115.18956 -3874.3985000000002 -5920.461700000001 -1.7726439 -6.111136800000001 3.9663119000000004
60858 76781.247 -616.1916 -5979.9253 -3731.2531000000004 -1.6523968 -3.747945 6.2866073
60858 77201.247 -1227.1294 -6917.328 -811.79135 -1.2090476000000001 -0.64503714 7.383323000000001
60858 77621.247 -1598.0864 -6501.9901 2266.7286 -0.5279023700000001 2.5903679000000004 7.0314965
60858 78041.247 -1656.0302 -4813.0431 4900.1418 0.25650637 5.3180208 5.2992701
60858 78461.247 -1389.8816000000002 -2182.0647000000004 6572.1038 0.98966819 7.0019757 2.5303664
60858 78881.247 -852.12569 875.3575000000001 6956.3522 1.5286602 7.3161196 -0.7308281600000001
60858 79301.247 -147.92254 3761.8807 5978.367 1.7690876000000002 6.201044700000001 -3.8491996
60858 79721.247 585.16995 5913.099200000001 3828.9498 1.6637961000000001 3.8721341000000002 -6.2160871
60858 80141.247 1203.7567 6907.3818 928.49789 1.2328409999999999 0.78368722 -7.365243
60858 80561.247 1586.8406000000002 6550.1320000000005 -2154.2782 0.5611194500000001 -2.4559093 -7.0695423
60858 80981.247 1659.9664 4913.2476 -4815.3244 -0.21857589 -5.208922800000001 -5.391329300000001
60858 81401.247 1409.6341000000002 2318.7794 -6535.7965 -0.9534253 -6.9405146 -2.6667406000000002
60858 81821.247 885.34785 -726.47521 -6982.8453 -1.5018975 -7.3211847 0.57290637
60858 82241.247 189.11439000000001 -3630.5483 -6069.9415 -1.7587937 -6.2788938 3.7031799000000003
60858 82661.247 -543.83392 -5827.862700000001 -3972.9127000000003 -1.6736003000000002 -4.0100841 6.1181160000000006
60858 83081.247 -1170.3807 -6886.0623 -1097.9662 -1.2612491000000001 -0.95051807 7.3429735
60858 83501.247 -1568.0171 -6597.494 1992.2584 -0.60061074 2.3022706 7.1265544
60858 83921.247 -1658.3563000000001 -5015.9231 4691.0965 0.17751925 5.103212900000001 5.5104183
60858 84341.247 -1424.0497 -2452.3941 6469.2268 0.9197002400000001 6.9014353 2.8160057000000003
60858 84761.247 -911.34071 590.65737 6979.4671 1.4811504 7.3491725 -0.42554149
60858 85181.247 -220.67289000000002 3518.5107000000003 6123.4637999999995 1.7531822 6.3615741 -3.58304
60858 85601.247 513.07467 5758.982 4068.2372000000005 1.6828079 4.129711500000001 -6.041216500000001
60858 86021.247 1146.4822 6873.316900000001 1215.5157 1.2832471 1.0882269 -7.3167990000000005
60859 41.247 1555.6871 6643.3312000000005 -1875.7268000000001 0.63297517 -2.1647321 -7.1576024
60859 461.247 1661.0308 5115.635200000001 -4599.7672999999995 -0.13954963 -4.9887883 -5.5983298
60859 881.247 1442.6669 2590.8284 -6425.2614 -0.8827454100000001 -6.8343722 -2.9514205000000002
60859 1301.247 943.85887 -437.76219000000003 -6998.5517 -1.4532394 -7.3492028000000005 0.26640248000000005
60859 1721.247 261.69596 -3381.2355000000002 -6208.487 -1.7415543 -6.4353873 3.4343976
60859 2141.247 -471.31527000000006 -5666.3178 -4207.008 -1.6911463000000002 -4.2646711999999996 5.9394693
60859 2561.247 -1111.9877 -6843.2548 -1381.6722 -1.3103737000000002 -1.2543838 7.289742599999999
60859 2981.247 -1535.2425 -6682.0389000000005 1714.806 -0.67143889 2.009785 7.2090262
60859 3401.247 -1657.5099 -5210.8186 4474.3281 0.098839901 4.878893 5.7120227
60859 3821.247 -1455.1845 -2718.9237000000003 6355.8363 0.8484789500000001 6.7884440999999995 3.0969792000000003
60859 4241.247 -968.36189 304.42584999999997 6991.545099999999 1.4309402 7.3689186 -0.11892015
60859 4661.247 -292.57063 3268.3665 6259.3763 1.7337215000000001 6.5109434 -3.3095974999999997
60859 5081.247 440.29326000000003 5594.3215 4302.3911 1.698183 4.3808467 -5.8547232000000005
60859 5501.247 1087.1122 6827.252 1502.7338 1.3306944 1.3923895 -7.2550612
60859 5921.246999999999 1521.4483 6725.654 -1591.5769 0.7031300199999999 -1.8680560000000002 -7.233648100000001
60859 6341.246999999999 1658.5258000000001 5309.8423 -4374.4145 -0.060526714 -4.7586267 -5.7976914
60859 6761.246999999999 1472.4376000000002 2859.4320000000002 -6302.6553 -0.81061338 -6.7160153000000005 -3.2330783000000003
60859 7181.246999999999 999.98721 -147.24837 -7002.015 -1.4019014 -7.3648114 -0.042366591999999995
60859 7601.247 333.20687 -3125.2639 -6336.8584 -1.7208364999999999 -6.5815462 3.1581075000000003
60859 8021.247 -398.35747 -5494.6316 -4435.022599999999 -1.7050976 -4.51325 5.7491223
60859 8441.247 -1051.8818 -6790.9754 -1666.5211000000002 -1.3565473 -1.5602037 7.219789
60859 8861.247 -1499.911 -6759.7617 1429.4475 -0.7413366 1.7068257000000002 7.2769612
60859 9281.247 -1654.2331000000001 -5404.747 4244.8820000000005 0.018681404000000002 4.6380013 5.906027600000001
60859 9701.247 -1485.0041 -2992.6576 6227.900000000001 0.77353731 6.6573394 3.3813521
60859 10121.247 -1025.9009 3.8494527 6992.4836 1.3762566 7.3748958 0.1997321
60859 10541.247 -366.79149 2999.6456000000003 6390.3463 1.7103366000000002 6.6543218 -3.0194908000000003
60859 10961.247 363.79755 5410.3499 4538.8011 1.7109435000000002 4.6343316 -5.6513618
60859 11381.247 1023.2749 6764.3607 1798.6412 1.3771545 1.705537 -7.1798867
60859 11801.247 1482.6322 6795.7678 -1294.058 0.77390311 -1.5583881 -7.3016928
60859 12221.247 1650.9976000000001 5493.2784 -4132.4187 0.020153951 -4.517830200000001 -5.9975801
60859 12641.247 1495.3681000000001 3112.939 -6157.4558 -0.73850287 -6.599581199999999 -3.5179865
60859 13061.247 1048.0962 124.37093 -6979.700900000001 -1.3526492 -7.3831445 -0.33923656999999996
60859 13481.247 396.16231 -2886.9722 -6433.2971 -1.7001872 -6.718347 2.8975523
60859 13901.247 -333.21434000000005 -5333.889700000001 -4625.7926 -1.7153039 -4.7399423 5.566175
60859 14321.247 -997.42002 -6737.831099999999 -1911.4298999999999 -1.3950204000000002 -1.8345283 7.1438435
60859 14741.247 -1466.6736 -6824.7704 1177.664 -0.80254808 1.4265316000000001 7.3209472
60859 15161.247 -1649.7576000000001 -5579.9885 4036.5221 -0.05512692 4.4018299 6.0672312
60859 15581.247 -1511.8103 -3249.0957000000003 6108.1565 0.7007698 6.5130968000000005 3.6354576
60859 16001.247 -1080.4586000000002 -287.4933 6991.3886 1.3193375 7.3571226 0.50130606
60859 16421.247 -439.59197 2729.8081 6515.2863 1.6821756 6.7737917 -2.7319634
60859 16841.247 286.58709000000005 5216.469099999999 4770.2672 1.7186586 4.870412 -5.4416115000000005
60859 17261.247 956.79307 6685.5021 2092.5986000000003 1.4195029 2.0074928 -7.096589
60859 17681.247 1439.6048 6845.8212 -995.23222 0.8410710299999999 -1.2580772999999998 -7.3618469
60859 18101.247 1639.9536 5663.0283 -3887.2201 0.097033727 -4.2803773000000005 -6.1790417
60859 18521.247 1518.5562 3369.058 -6014.649200000001 -0.6652909300000001 -6.4605864 -3.7827456
60859 18941.247 1099.7406 414.99426 -6961.1722 -1.2959127000000001 -7.3719582 -0.64864499
60859 19361.247 465.82826 -2620.2527999999998 -6542.4643 -1.6725131 -6.8414988 2.6088795
60859 19781.247 -259.1041 -5143.4267 -4841.779500000001 -1.7221924 -4.9739761 5.354706500000001
60859 20201.247 -933.3737 -6661.2807 -2192.2998 -1.4352771 -2.1338792 7.0516220999999994
60859 20621.247 -1425.261 -6877.420099999999 886.82104 -0.86823938 1.1210355 7.3664772
60859 21041.247 -1639.0445 -5751.5467 3792.5604 -0.13316963999999998 4.1505854 6.2411848
60859 21461.247 -1533.7895 -3505.8891000000003 5958.495400000001 0.6257001299999999 6.3650501 3.9029688
60859 21881.247 -1130.766 -579.45361 6964.7474 1.261712 7.3403552 0.80994049
60859 22301.247 -508.41369000000003 2459.3431 6616.486900000001 1.653088 6.8912312 -2.4418067999999997
60859 22721.247 212.65212 5019.995400000001 4979.4425 1.7238224 5.099593700000001 -5.226120600000001
60859 23141.247 892.20363 6601.3625 2368.7644 1.4580269000000001 2.3040785 -6.9981692
60859 23561.247 1397.0103000000001 6890.379900000001 -706.21081 0.90553761 -0.95210556 -7.4001802
60859 23981.247 1627.7088 5827.414 -3642.1800000000003 0.17465805 -4.0252765 -6.346619
60859 24401.247 1539.0186 3620.8856 -5861.710900000001 -0.5897544 -6.3061772000000005 -4.0464118
60859 24821.247 1148.4468000000002 705.73841 -6926.328 -1.2380076 -7.3522068 -0.9563339200000001
60859 25241.247 533.42751 -2348.9495 -6635.6975 -1.6433738000000002 -6.954331900000001 2.3239801000000004
60859 25661.247 -186.32104 -4943.9443 -5040.6052 -1.7269566 -5.196796 5.145303299999999
60859 26081.247 -869.5436500000001 -6570.5384 -2455.7361 -1.4722866 -2.419782 6.9580948
60859 26501.247 -1382.4272 -6909.9358 611.54909 -0.9294727 0.82976971 7.4040133
60859 26921.247 -1624.8914 -5897.5085 3559.0095 -0.20645123 3.9094419 6.3989585
60859 27341.247 -1550.4898 -3734.5962000000004 5811.0707999999995 0.55426851 6.2174667 4.1485582999999995
60859 27761.247 -1174.7792 -845.75126 6931.0706 1.2050536 7.311511 1.097741
60859 28181.247 -571.2486700000001 2207.1959 6703.5503 1.621562 6.9866948 -2.1634447
60859 28601.247 143.066 4831.8059 5172.327700000001 1.723835 5.3043364 -5.0087519
60859 29021.247 829.51156 6516.451 2632.6556 1.4905234 2.5826444000000004 -6.8850132
60859 29441.247 1353.9498 6928.9719000000005 -421.69120000000004 0.96513355 -0.65247464 -7.4180222
60859 29861.247 1613.4386000000002 5985.563099999999 -3393.2425000000003 0.24983698000000001 -3.7656373 -6.495837900000001
60859 30281.247 1556.9261000000001 3869.7982 -5698.4838 -0.51442639 -6.1414707 -4.2982472
60859 30701.247 1195.6027 996.34196 -6885.2573 -1.1774375 -7.3136492 -1.2589686999999998
60859 31121.247 600.18222 -2071.7739 -6719.771 -1.6106482000000002 -7.0547279 2.0316185
60859 31541.247 -111.88226 -4735.3206 -5242.290900000001 -1.7265530000000002 -5.406400400000001 4.920358599999999
60859 31961.247 -801.97384 -6472.312 -2736.8819 -1.5052041 -2.7073525 6.838402100000001
60859 32381.247 -1334.9801000000002 -6938.9863 309.22240999999997 -0.99062552 0.52217432 7.424567000000001
60859 32801.247 -1606.7901000000002 -6048.086 3294.5243 -0.28229094 3.6494123 6.554535
60859 33221.247 -1564.4446 -3974.4319 5634.2617 0.48004546 6.0591362 4.4027237999999995
60859 33641.247 -1216.8881999999999 -1125.3029 6872.0052000000005 1.1473711000000002 7.2828923 1.3941108999999998
60859 34061.247 -632.20843 1943.1704 6767.251 1.5907043 7.0868043 -1.8846932
60859 34481.247 75.66368 4632.8095 5340.2301 1.72427 5.508334700000001 -4.798389
60859 34901.247 768.79893 6418.1483 2867.9441 1.5211138000000002 2.8502068 -6.7777158
60859 35321.247 1311.4878 6948.080599999999 -166.26910999999998 1.0200418 -0.36928679000000003 -7.430063199999999
60859 35741.247 1597.6921000000002 6118.8847000000005 -3168.2185 0.32018502000000004 -3.5129037 -6.6258243000000006
60859 36161.247 1569.4037 4085.4815 -5544.6003 -0.4427841 -5.9772511999999995 -4.5288539000000005
60859 36581.247 1234.5073 1254.0294 -6834.7567 -1.1201132 -7.2712504000000004 -1.5355134000000001
60859 37001.247 658.94455 -1821.3476 -6788.235900000001 -1.5764276 -7.133341400000001 1.7581481
60859 37421.247 -45.826818 -4540.7225 -5408.5075 -1.724008 -5.6000427 4.7045757
60859 37841.247 -741.6176700000001 -6370.6016 -2966.4972000000002 -1.5340708 -2.9681927999999997 6.7300499
60859 38261.247 -1292.0742 -6951.956099999999 58.412582 -1.0435508 0.24547772 7.4335341
60859 38681.247 -1589.561 -6172.005099999999 3072.0388 -0.34987552 3.4051017000000003 6.678240700000001
60859 39101.247 -1576.6788000000001 -4186.5889 5484.6433 0.40967184 5.8904483 4.620392300000001
60859 39521.247 -1257.0151 -1386.3814 6827.4636 1.0870648 7.2229521000000005 1.6695210999999999
60859 39941.247 -693.40094 1683.0163 6841.9828 1.5525343 7.1522253000000005 -1.6013313
60859 40361.247 4.7145306 4425.8145 5525.7627999999995 1.7170172000000001 5.6926135 -4.56376
60859 40781.247 701.8500200000001 6307.9924 3132.701 1.5475982 3.1201772 -6.6438176
60859 41201.247 1261.9788 6959.5289 127.41892999999999 1.0753806 -0.069818514 -7.4295716
60859 41621.247 1575.3196 6250.174 -2902.7644 0.39177083 -3.2523797 -6.7589855
60859 42041.247 1580.2508 4317.2098 -5363.183599999999 -0.36865537000000004 -5.798874 -4.7617575
60859 42461.247 1275.9089 1539.2585000000001 -6771.312900000001 -1.0563984 -7.2091301 -1.8319871
60859 42881.247 722.05545 -1540.1557 -6852.349 -1.5372176 -7.207927300000001 1.4567748999999999
60859 43301.247 27.244400000000002 -4316.5477 -5589.2007 -1.7175993 -5.7970201 4.4613562
60859 43721.247 -673.09328 -6248.4520999999995 -3228.3027 -1.5617576 -3.248691 6.5937724
60859 44141.247 -1241.4564 -6955.3820000000005 -232.91759 -1.0996549 -0.061714827 7.4315193
60859 44561.247 -1566.5613 -6299.220700000001 2808.4344 -0.42291181 3.1330469 6.8093213
60859 44981.247 -1585.4858000000002 -4411.6367 5299.6643 0.33428032 5.7061615 4.856243
60859 45401.247 -1295.4146 -1664.0126 6755.6293 1.0237939 7.1605674 1.9635193
60859 45821.247 -753.68494 1407.0266000000001 6895.9688 1.5132321 7.2220754 -1.3058704
60859 46241.247 -65.670264 4204.8916 5694.2396 1.7089856 5.8807331000000005 -4.3227645
60859 46661.247 635.04091 6184.9887 3382.6526000000003 1.5724311 3.3909674 -6.503212400000001
60859 47081.247 1211.7954 6958.502 409.81355 1.1284826000000001 0.23175593 -7.417333800000001
60859 47501.247 1551.6772 6372.0599 -2643.1427000000003 0.46300461000000004 -2.9782898 -6.8780082
60859 47921.247 1587.9591 4538.8451 -5177.5914 -0.29307087000000004 -5.6059277000000005 -4.9895559
60859 48341.247 1313.6742 1817.8571000000002 -6696.8462 -0.9912510200000001 -7.1355243 -2.1247006
60859 48761.247 782.64672 -1258.4537 -6903.9181 -1.4954431 -7.2699671 1.1553612
60859 49181.247 98.771321 -4088.1751000000004 -5758.1592 -1.7075585000000002 -5.983041 4.2110843000000004
60859 49601.247 -604.4940600000001 -6118.2525000000005 -3482.6129 -1.5855554 -3.5224497 6.4446643
60859 50021.247 -1189.2762 -6949.4412 -522.9001900000001 -1.1527401 -0.36972626000000003 7.413731
60859 50441.247 -1541.0747 -6419.1418 2539.7200000000003 -0.49477802000000004 2.8518593 6.926626100000001
60859 50861.247 -1591.6793 -4634.1799 5104.8828 0.25788382000000004 5.5072349 5.0850686
60859 51281.247 -1332.0209 -1945.6858000000002 6672.754900000001 0.95774785 7.082497099999999 2.2586736000000003
60859 51701.247 -813.56111 1120.9868000000001 6940.9890000000005 1.4702818 7.2796384 -1.0020766
60859 52121.247 -137.19071 3969.9887000000003 5858.244 1.6973983000000001 6.0626778 -4.069331200000001
60859 52541.247 565.75765 6046.8205 3633.5775 1.5945216 3.6620738999999998 -6.3496728000000004
60859 52961.247 1158.2468000000001 6943.754900000001 698.3483000000001 1.1800518 0.53887143 -7.394187700000001
60859 53381.247 1524.2774 6483.2605 -2373.4898 0.5338489200000001 -2.6956805 -6.9894876
60859 53801.247 1591.9519 4753.7289 -4979.534900000001 -0.21691238000000002 -5.402939900000001 -5.2132377
60859 54221.247 1348.1732 2094.0984 -6608.9147 -0.92452482 -7.0510907 -2.4167793000000004
60859 54641.247 840.90824 -974.87335 -6943.4043 -1.450966 -7.3200636 0.8512447399999999
60859 55061.247 169.35387 -3853.0697999999998 -5917.4818 -1.6940001 -6.1583914 3.9536583999999997
60859 55481.247 -535.3216500000001 -5977.678900000001 -3731.2164 -1.6057771 -3.7899241000000004 6.2842341
60859 55901.247 -1135.1447 -6931.6945000000005 -812.4245 -1.2029517 -0.67734525 7.382745700000001
60859 56321.247 -1512.6801 -6528.3768 2266.0465 -0.5650518600000001 2.5650575 7.0318273
60859 56741.247 -1594.6203 -4849.3244 4900.74 0.18142176000000002 5.2981945 5.3054798000000005
60859 57161.247 -1365.7368999999999 -2224.7876 6578.0223 0.89009982 6.9919669 2.5505056
60859 57581.247 -871.4738100000001 832.21733 6973.9238 1.4246013 7.324821 -0.69605174
60859 58001.247 -208.03467 3727.5776 6012.196900000001 1.6825224 6.2346045000000005 -3.8086007
60859 58421.247 495.77095 5897.768099999999 3878.3438 1.6134345 3.9273753 -6.1852022
60859 58841.247 1102.7544 6916.6023 985.6374000000001 1.2290553 0.84539996 -7.358731
60859 59261.247 1494.0478 6582.947099999999 -2099.9676 0.6031258 -2.408301 -7.089314000000001
60859 59681.247 1592.7461 4960.1048 -4773.2609 -0.14091357 -5.1906407 -5.428182
60859 60101.247 1379.7176000000002 2366.4242000000004 -6510.001700000001 -0.85649132 -6.9544847 -2.7047033000000003
60859 60521.247 897.04547 -689.76089 -6971.2057 -1.4039166 -7.3575011 0.54548896
60859 60941.247 239.12507000000002 -3611.1806 -6067.0047 -1.6771318000000002 -6.3231874 3.6891307
60859 61361.247 -465.53506 -5826.7012 -3973.8699 -1.6226171999999999 -4.0510668 6.1126518
60859 61781.247 -1079.0946999999999 -6902.031599999999 -1101.1852 -1.2504636 -0.9842608800000001 7.338629
60859 62201.247 -1481.4993000000002 -6626.6705999999995 1987.6913000000002 -0.63397179 2.2729834 7.1247736999999995
60859 62621.247 -1594.4998 -5056.7113 4687.3994 0.10483846 5.079238500000001 5.5171493
60859 63041.247 -1396.7393000000002 -2500.9177999999997 6471.4377 0.82094983 6.8889616 2.8386263
60859 63461.247 -927.5406899999999 541.07395 6994.6281 1.3763661999999999 7.3574418 -0.38811803
60859 63881.247 -278.23344000000003 3477.917 6155.8265 1.6645808 6.3962292 -3.5408758
60859 64301.247 425.12319 5737.9340999999995 4116.5535 1.6292678 4.186424 -6.0100605
60859 64721.247 1045.3779 6877.0368 1271.3317 1.2755712000000001 1.151212 -7.3108695
60859 65141.247 1461.1096000000002 6671.0522 -1822.8799 0.6710239800000001 -2.1163454 -7.1773755
60859 65561.247 1590.5286 5157.8156 -4558.990900000001 -0.064959467 -4.969236700000001 -5.6341045
60859 65981.247 1408.5234 2634.618 -6400.179099999999 -0.7871513800000001 -6.845855800000001 -2.9880318000000003
60859 66401.247 951.18564 -403.55259 -6986.9726 -1.3545127000000001 -7.382457400000001 0.23916506999999998
60859 66821.247 308.05804 -3363.1735 -6205.849 -1.6572018000000002 -6.4770764 3.4187636
60859 67241.247 -395.24265 -5665.7174 -4209.241099999999 -1.6362111 -4.3048978 5.930972700000001
60859 67661.247 -1021.2434000000001 -6860.3201 -1387.4795 -1.2951641999999999 -1.2889399000000001 7.282048700000001
60859 68081.247 -1447.5344 -6713.1373 1706.4757 -0.7011006200000001 1.9776243 7.2051869
60859 68501.247 -1591.1355 -5254.7566 4466.3691 0.028609033000000002 4.8518815 5.7187582
60859 68921.247 -1424.661 -2772.0225 6353.821 0.75068322 6.7741546 3.1211535
60859 69341.247 -981.27436 249.68454000000003 7003.0961 1.3257481 7.3771822 -0.080234529
60859 69761.247 -347.28837 3222.8175 6288.3779 1.6434446 6.5464092 -3.2676877
60859 70181.247 354.20764 5568.5497000000005 4346.9775 1.6416976 4.4376874 -5.8249411
60859 70601.247 986.3869599999999 6825.7408 1554.1512 1.3192895000000002 1.4548486 -7.2503947
60859 71021.247 1425.5948 6747.710400000001 -1543.2932 0.73721191 -1.8208550000000001 -7.2528959
60859 71441.247 1585.3069 5346.6634 -4337.412 0.010709395 -4.7392676 -5.8301114
60859 71861.247 1434.4555 2898.1058 -6279.652599999999 -0.71679943 -6.7258174 -3.2655461
60859 72281.247 1002.9786 -117.5891 -6990.351000000001 -1.3030808 -7.3953059 -0.065802793
60859 72701.247 375.69298 -3110.3867000000005 -6332.817900000001 -1.634414 -6.6195744 3.1448028
60859 73121.247 -324.95053 -5495.6452 -4435.2213 -1.6465779 -4.5498742000000005 5.7412649
60859 73541.247 -962.05647 -6806.6238 -1668.4909 -1.3368219 -1.5889387 7.2141776
60859 73961.247 -1411.0834 -6786.7435000000005 1425.4211 -0.7658963700000001 1.6815905 7.2729234
60859 74381.247 -1584.5642 -5441.505400000001 4240.3014 -0.046534875 4.6181637 5.9087123
60859 74801.247 -1449.2461 -3035.5258 6226.9577 0.67991094 6.648348299999999 3.3957025
60859 75221.247 -1032.2189 -39.333047 7000.094099999999 1.2730676 7.3834695 0.22528388000000002
60859 75641.247 -414.6848 2964.4368 6409.7968 1.6190797000000001 6.683645 -2.9905366
60859 76061.247 283.47496 5391.0918 4569.144 1.6504628000000001 4.6794686 -5.6303762
60859 76481.247 926.16522 6763.9141 1833.4286000000002 1.3595357 1.753908 -7.1769582000000005
60859 76901.247 1387.5926000000002 6813.261 -1261.6441000000002 0.80099483 -1.5235552 -7.3152045
60859 77321.247 1576.8807 5526.2881 -4108.6477 0.08541830400000001 -4.5023774 -6.0153713
60859 77741.247 1456.6887 3155.0374 -6146.6681 -0.64590985 -6.5969941 -3.5381789
60859 78161.247 1051.0189 164.90881 -6977.5133 -1.2510459 -7.4007121 -0.36548046
60859 78581.247 440.00617 -2857.5578 -6441.5936 -1.6100747 -6.7523821 2.8747076000000003
60859 79001.247 -257.06714 -5320.8682 -4642.0662999999995 -1.6540974000000002 -4.782412900000001 5.5516315999999994
60859 79421.247 -903.80957 -6742.7545 -1931.6457 -1.3744036000000002 -1.8759753000000001 7.1397146000000005
60859 79841.247 -1373.7397 -6845.4003 1157.8363000000002 -0.82629726 1.3943652 7.3266771
60859 80261.247 -1575.4246 -5611.217000000001 4020.7791 -0.1185072 4.384215 6.0807213
60859 80681.247 -1470.3844 -3284.2102000000004 6099.2372000000005 0.6099778 6.5121785 3.6540263
60859 81101.247 -1079.9436 -319.57992 6990.8819 1.2184842 7.372162400000001 0.52239846
60859 81521.247 -480.1428 2706.9804 6523.7091 1.5907114999999998 6.802288300000001 -2.7110578999999997
60859 81941.247 212.80965 5207.7204 4786.8067 1.6545666 4.9080356 -5.4245092999999995
60859 82361.247 864.24426 6693.575900000001 2114.9076 1.3956591 2.0479634 -7.0871172
60859 82781.247 1346.5493999999999 6870.1762 -971.1543 0.86257696 -1.2224667 -7.3633322
60859 83201.247 1564.8604 5699.8871 -3866.2269 0.15959422 -4.2576463 -6.1920568000000005
60859 83621.247 1476.2803999999999 3411.6992000000005 -6001.1399 -0.57425064 -6.4564196 -3.8045682000000003
60859 84041.247 1098.4858000000002 455.00912 -6957.3686 -1.1946777 -7.3883649 -0.67348901
60859 84461.247 505.72927000000004 -2590.8537 -6548.5561 -1.5809225 -6.8741691000000005 2.5874295000000003
60859 84881.247 -185.92946 -5129.7892 -4855.3213 -1.6579045000000001 -5.0148009 5.3412052
60859 85301.247 -841.1850400000001 -6664.8593 -2209.5063 -1.4104593 -2.1735578 7.0476828
60859 85721.247 -1331.8799 -6896.011 869.83352 -0.88744945 1.0903000999999999 7.371196
60859 86141.247 -1562.4512 -5780.2796 3778.9792 -0.19264769 4.1334577 6.2525482000000006
60860 161.247 -1488.7423000000001 -3538.5648 5950.7001 0.537376 6.3633048 3.918852
60860 581.247 -1125.9845 -609.71541 6964.2762 1.1614002 7.3533683000000005 0.82867785
60860 1001.247 -544.9166899999999 2437.3399 6624.149200000001 1.5600492 6.9171262 -2.4222479
60860 1421.247 141.86453 5011.0135 4994.9256 1.6563642 5.1349054 -5.2090831
60860 1841.247 800.9748199999999 6608.4613 2390.3383 1.4297809 2.3432802 -6.9876228000000005
60860 2261.247 1303.3528999999999 6913.5023 -682.28932 0.92245045 -0.91650299 -7.4001506
60860 2681.247 1550.2160000000001 5863.2565 -3620.7111 0.23340032 -4.0015838 -6.3582087000000005
60860 3101.247 1493.0303999999999 3663.0112000000004 -5847.192599999999 -0.50105672 -6.3006969 -4.0671216
60860 3521.247 1143.314 744.9471 -6925.104700000001 -1.1363807 -7.3631891 -0.9807266499999999
60860 3941.247 569.83727 -2319.1405 -6644.2285 -1.5488482 -6.984242500000001 2.2954966
60860 4361.247 -115.06041 -4929.404 -5060.2485 -1.6583215 -5.2387655 5.1215453
60860 4781.247 -777.42291 -6575.1137 -2483.5927 -1.4433259 -2.4676544 6.9435476
60860 5201.247 -1287.7021000000002 -6934.4903 580.31687 -0.94627035 0.7840358000000001 7.4030596
60860 5621.247 -1546.4447 -5939.2708 3530.6945 -0.26576710000000003 3.8751845 6.4136999
60860 6041.246999999999 -1503.9543 -3786.8913 5792.001700000001 0.46427695 6.2030256 4.177143500000001
60860 6461.246999999999 -1169.4008999999999 -899.04112 6925.8847000000005 1.1023742 7.3215432 1.1338892
60860 6881.246999999999 -608.1186 2163.1362000000004 6713.572400000001 1.5264023 7.0198434 -2.1287451
60860 7301.247 71.115703 4805.2896 5195.0863 1.6546943 5.3530675 -4.9840244
60860 7721.247 736.4450899999999 6511.706400000001 2662.605 1.4606117 2.6352349 -6.875492100000001
60860 8141.247 1257.6761999999999 6945.044900000001 -391.10212 0.97992656 -0.6078375 -7.4239991000000005
60860 8561.247 1532.3707 6017.1552 -3367.8478 0.30623491 -3.7374298 -6.5138214
60860 8981.247 1506.5074 3909.0678 -5682.352 -0.42723684 -6.1333590000000004 -4.3235849
60860 9401.247 1185.446 1034.8567 -6880.5452000000005 -1.0760524 -7.3251792 -1.2872739999999998
60860 9821.247 631.9972 -2042.8685 -6726.9523 -1.5146545000000002 -7.0819769 2.0058802
60860 10241.247 -45.126008000000006 -4719.6556 -5252.0100999999995 -1.6560415000000002 -5.4516147 4.901186200000001
60860 10661.247 -713.36216 -6471.415 -2745.2744 -1.4729845000000001 -2.7508068 6.836348
60860 11081.247 -1241.7386999999999 -6954.3360999999995 301.14225 -1.0012517 0.48888615 7.427843
60860 11501.247 -1526.9557 -6075.2129 3288.61 -0.33476217 3.6259110000000003 6.5616837
60860 11921.247 -1514.0634 -4009.6192 5632.7574 0.39459665 6.0450706 4.416624
60860 12341.247 -1206.6526000000001 -1163.8871000000001 6878.5776 1.0447751 7.281667499999999 1.4191086000000002
60860 12761.247 -665.14364 1907.7842 6786.625900000001 1.4913026 7.104244800000001 -1.8495538
60860 13181.247 5.3206474 4609.362400000001 5375.147599999999 1.6487598 5.5475763 -4.7616792
60860 13601.247 674.6582500000001 6414.922500000001 2916.5081 1.4856937000000001 2.9063844 -6.7529841
60860 14021.247 1212.3156999999999 6969.4394 -111.89084 1.0320194 -0.31061005999999997 -7.4286817
60860 14441.247 1512.9376000000002 6161.5442 -3118.2779 0.37560395 -3.4730477 -6.6485082
60860 14861.247 1517.4604 4147.7698 -5512.7856 -0.35441303 -5.9567173 -4.5636177
60860 15281.247 1225.0692 1322.3026000000002 -6825.798400000001 -1.0147172 -7.2738852 -1.5846318000000001
60860 15701.247 693.04694 -1761.9923999999999 -6800.1705 -1.4765838000000002 -7.1676271 1.7061688
60860 16121.247 25.944261 -4500.2877 -5442.4833 -1.649313 -5.6546666 4.665590900000001
60860 16541.247 -646.514 -6356.1324 -3012.8568 -1.4994592 -3.0345627 6.7114235
60860 16961.247 -1192.0882 -6964.8753 9.3099679 -1.0551672 0.18417967999999998 7.4391211
60860 17381.247 -1503.7733 -6207.0241 3029.8062000000004 -0.40451655000000003 3.3633418 6.703879
60860 17801.247 -1521.2464 -4234.7177 5456.049400000001 0.32307751 5.8746331000000005 4.6569708
60860 18221.247 -1241.8183999999999 -1435.4621000000002 6815.1248 0.98509988 7.2336123 1.7091598
60860 18641.247 -720.92078 1643.1103 6845.7271 1.4543031000000002 7.1841159 -1.5652052
60860 19061.247 -60.009208 4402.5131 5543.2381 1.6409494 5.7386198 -4.53495
60860 19481.247 612.52192 6305.732599999999 3160.2389 1.5085215 3.1732772000000002 -6.6252121
60860 19901.247 1165.6442 6979.8802000000005 159.79332000000002 1.0814961 -0.017043933 -7.4244356
60860 20321.247 1491.1573 6291.286599999999 -2871.6997 0.44279917 -3.2075853000000003 -6.7707554000000005
60860 20741.247 1525.4188000000001 4373.825400000001 -5340.8241 -0.28230819 -5.7713811 -4.791352799999999
60860 21161.247 1261.8591999999999 1602.3264 -6764.514700000001 -0.9518705599999999 -7.207076600000001 -1.8754163000000001
60860 21581.247 752.01887 -1481.9128 -6864.3951 -1.4356882000000002 -7.2358804 1.4081928000000001
60860 22001.247 95.39563700000001 -4276.893 -5620.760200000001 -1.6392846 -5.8481122999999995 4.4211879
60860 22421.247 -579.72072 -6238.0302 -3279.0151 -1.5208878 -3.3094307 6.565864899999999
60860 22841.247 -1140.887 -6975.0758 -293.41846999999996 -1.1069564 -0.13354928000000002 7.4243714
60860 23261.247 -1478.7851 -6346.2825 2750.723 -0.47665045 3.0726552000000003 6.8326934
60860 23681.247 -1525.9147 -4469.445900000001 5252.807900000001 0.24675841 5.6829539 4.9078394
60860 24101.247 -1275.2367 -1720.5837 6726.6638 0.92294144 7.180608100000001 2.0119484
60860 24521.247 -774.54894 1367.0166000000002 6879.8842 1.4186093000000002 7.2683899 -1.2845719999999998
60860 24941.247 -123.4894 4186.3263 5690.5995 1.6333693 5.9212276 -4.320837900000001
60860 25361.247 552.13896 6185.1831 3380.7271 1.52928 3.4224757 -6.5063929
60860 25781.247 1119.3106 6970.5077 406.83104 1.1265677 0.2530249 -7.420765
60860 26201.247 1467.3872 6391.048900000001 -2647.2097000000003 0.50326372 -2.9667459 -6.8793969
60860 26621.247 1527.8473999999999 4558.7569 -5181.1581 -0.21775384 -5.6043288 -4.9917603
60860 27041.247 1290.0995 1836.4321000000002 -6701.4545 -0.8949088900000001 -7.1415617000000005 -2.1291379999999998
60860 27461.247 800.77952 -1243.9575 -6911.4319000000005 -1.3964824000000002 -7.2837654 1.1454241
60860 27881.247 155.40091 -4081.83 -5770.7137 -1.6258439 -6.0057786 4.1966513999999995
60860 28301.247 -520.2490700000001 -6123.258 -3501.3357 -1.5381115 -3.5532902 6.4306540000000005
60860 28721.247 -1094.2203000000002 -6968.2133 -546.16882 -1.1496089 -0.40302935 7.4071574
60860 29141.247 -1454.0064 -6449.2959 2515.9990000000003 -0.5367434799999999 2.8255431 6.9336601
60860 29561.247 -1527.4357 -4663.133900000001 5077.9082 0.18156684 5.5104668000000006 5.1076846
60860 29981.247 -1304.0641 -1967.9166000000002 6653.8315999999995 0.86403337 7.1090536 2.2725911
60860 30401.247 -825.3323100000001 1113.555 6924.3935 1.3768033000000002 7.3148516 -1.0058876
60860 30821.247 -185.38962 3976.2888 5837.535 1.6199157 6.0907135 -4.083436
60860 31241.247 490.78490000000005 6061.8243 3606.8354 1.5464476 3.6751925 -6.3621214
60860 31661.247 1071.0041 6962.0794000000005 669.0611 1.1705904 0.5406695600000001 -7.3940182000000005
60860 32081.247 1441.9243000000001 6501.6135 -2399.9221000000002 0.56663565 -2.6956154999999997 -6.977185
60860 32501.247 1531.6007 4772.6978 -4999.9053 -0.14622642 -5.3988484 -5.198781100000001
60860 32921.247 1323.3526000000002 2115.2803 -6624.9188 -0.82878226 -7.0458202000000005 -2.4122730000000003
60860 33341.247 858.20455 -952.86684 -6960.5678 -1.3496572000000002 -7.3233438 0.84038702
60860 33761.247 226.49677 -3835.8816 -5941.4499000000005 -1.6088988 -6.1780562 3.9334837000000005
60860 34181.247 -449.20312 -5972.1889 -3763.3189 -1.5553507 -3.8245719 6.2677718
60860 34601.247 -1037.0478 -6941.7526 -848.76521 -1.197435 -0.71480662 7.3810986000000005
60860 35021.247 -1421.7797 -6551.6808 2232.4539 -0.6039677299999999 2.5419539 7.0460803
60860 35441.247 -1527.7131000000002 -4876.8315999999995 4874.7803 0.10786915000000001 5.3002434 5.3261812
60860 35861.247 -1334.31 -2246.2326000000003 6559.637 0.79748984 7.0168222 2.563707
60860 36281.247 -878.8267800000001 826.64149 6953.9196 1.3323110999999999 7.362018600000001 -0.70830265
60860 36701.247 -252.357 3736.8661 5989.6506 1.6036947000000001 6.255254600000001 -3.8354418999999997
60860 37121.247 423.60976 5913.974 3847.3841 1.5614503 3.9257324 -6.2100067
60860 37541.247 1016.3631 6929.942900000001 948.09073 1.214098 0.8285961700000001 -7.3685505000000004
60860 37961.247 1409.8452 6586.9857 -2137.7905 0.62838799 -2.4345398 -7.080558
60860 38381.247 1527.0485 4952.991 -4803.9103 -0.07967196300000001 -5.2166737 -5.4024196
60860 38801.247 1344.5206 2345.4632 -6526.196900000001 -0.77142846 -6.9771205 -2.6681672
60860 39221.247 899.8813100000001 -717.97954 -6971.3336 -1.3105772 -7.3682279 0.5829078200000001
60860 39641.247 279.69914 -3641.3697 -6052.9389 -1.5936877 -6.3218691 3.7175771
60860 40061.247 -395.01835 -5854.3675 -3950.7414 -1.5659629 -4.0411363 6.1267238
60860 40481.247 -992.60457 -6924.3985 -1075.2783000000002 -1.2324112 -0.96939378 7.3380781
60860 40901.247 -1396.3461000000002 -6642.0964 2010.7365 -0.6584435999999999 2.2904456 7.1128865
60860 41321.247 -1527.6562 -5063.5242 4703.747 0.042982827 5.0990471 5.4982135
60860 41741.247 -1361.5605 -2499.1361 6478.582200000001 0.73466476 6.9097872 2.8140184
60860 42161.247 -930.7522 551.2177800000001 6990.651900000001 1.2829106 7.3756663 -0.41603915
60860 42581.247 -318.99436 3494.2732 6139.9815 1.5821415 6.4066582 -3.5687795
60860 43001.247 354.8415 5756.0737 4089.9245 1.5734528 4.1844342 -6.032424
60860 43421.247 959.1967 6893.3605 1239.8212 1.2565803000000002 1.1365045 -7.318556
60860 43841.247 1375.5738999999999 6679.3203 -1854.4194 0.69304553 -2.1392379999999998 -7.1697052
60860 44261.247 1522.2723 5155.7772 -4584.2489000000005 -0.0060508021000000006 -4.9944249 -5.6123137
60860 44681.247 1370.9332 2622.5372 -6414.5447 -0.70275042 -6.8673493 -2.9564385000000004
60860 45101.247 951.56191 -423.40713 -6987.4075 -1.2608770999999999 -7.3960422 0.27272096
60860 45521.247 346.48796999999996 -3386.735 -6193.0882 -1.572627 -6.4809267 3.4468748000000002
60860 45941.247 -326.1955 -5688.8663 -4186.719 -1.5774484 -4.2992425999999995 5.94868
60860 46361.247 -935.1026899999999 -6879.302900000001 -1360.1647 -1.2739049 -1.2750108 7.2869833
60860 46781.247 -1361.2184 -6724.8689 1733.144 -0.72145872 1.997943 7.1970499000000006
60860 47201.247 -1521.4017 -5256.348400000001 4487.273099999999 -0.029286794 4.8754072 5.6999351
60860 47621.247 -1385.1627 -2763.7417 6364.8239 0.66701217 6.7968565 3.0935033
60860 48041.247 -979.53588 266.46727000000004 7001.477400000001 1.2325633 7.3941965000000005 -0.11173979
60860 48461.247 -383.53781 3244.8334 6273.7595 1.5586827 6.5537691 -3.2970224
60860 48881.247 287.04621000000003 5591.2225 4321.6035 1.5816908 4.4334093 -5.845816
60860 49301.247 901.18797 6844.523400000001 1524.4152 1.2961120000000002 1.4433224 -7.256525400000001
60860 49721.247 1339.3546000000001 6760.195 -1572.5728000000001 0.75559484 -1.8386152 -7.2448046
60860 50141.247 1515.122 5351.2709 -4360.803900000001 0.06745409200000001 -4.758571600000001 -5.8105076
60860 50561.247 1393.915 2892.2077999999997 -6293.384099999999 -0.633297 -6.7453710000000004 -3.2382017000000003
60860 50981.247 1000.5382 -130.47364 -6992.6945000000005 -1.2086131 -7.4091236 -0.037605234
60860 51401.247 411.93283 -3127.7304 -6324.0842999999995 -1.5477759000000002 -6.6267838 3.1685245
60860 51821.247 -257.04224 -5514.5007000000005 -4418.108700000001 -1.5849473 -4.5497683 5.7569919
60860 52241.247 -875.75521 -6823.8231 -1646.7941 -1.3123151 -1.5811106 7.2201148
60860 52661.247 -1323.2545 -6799.1066 1447.4460000000001 -0.78311034 1.6969666 7.268203400000001
60860 53081.247 -1512.1883 -5445.9318 4258.1675000000005 -0.10177712 4.6391788 5.893712000000001
60860 53501.247 -1406.2391000000002 -3030.6798 6236.621099999999 0.59767463 6.6708296 3.3720435
60860 53921.247 -1026.6743000000001 -25.629597 6998.604700000001 1.1798273 7.402261900000001 0.19660178
60860 54341.247 -447.49084000000005 2984.3636 6396.1365000000005 1.5326461 6.693759 -3.0187345
60860 54761.247 218.74528 5412.8954 4544.907 1.5873715 4.6781093 -5.6514354
60860 55181.247 842.47265 6788.285900000001 1806.5977 1.3319051 1.7478038 -7.1769694
60860 55601.247 1301.1207 6834.4534 -1285.5828000000001 0.8162111700000001 -1.5299389 -7.3030818
60860 56021.247 1504.6356 5540.655900000001 -4124.8381 0.14184341 -4.5080439 -6.0034769
60860 56441.247 1413.1712 3161.3025000000002 -6152.6212000000005 -0.56087958 -6.610612199999999 -3.5292299
60860 56861.247 1046.4325000000001 165.11485000000002 -6979.969400000001 -1.1539653 -7.415005 -0.35667313
60860 57281.247 475.40257 -2863.2098 -6441.0323 -1.5200112 -6.7662549 2.879758
60860 57701.247 -188.51217000000003 -5332.3337 -4640.6619 -1.5889948 -4.7964038 5.5505526000000005
60860 58121.247 -815.62216 -6760.2248 -1931.7418 -1.3476828 -1.8904391 7.134268100000001
60860 58541.247 -1283.5395 -6868.7046 1155.3034 -0.84366423 1.3815422000000002 7.3213821
60860 58961.247 -1501.3253 -5638.6343 4016.8223 -0.17653514 4.377824899999999 6.0793557
60860 59381.247 -1427.2489 -3312.1877999999997 6095.6553 0.5231749099999999 6.5166979000000005 3.6568956
60860 59801.247 -1076.2854 -343.04628 6988.9057 1.1205059000000002 7.3889365 0.52644685
60860 60221.247 -516.5858400000001 2692.5257 6522.9344 1.5008941 6.8273679000000005 -2.7099542000000003
60860 60641.247 143.453 5204.2235 4785.5329 1.5901935 4.9337301 -5.428041
60860 61061.247 775.37657 6699.3496 2111.5186000000003 1.3688378 2.0665846 -7.0935173
60860 61481.247 1255.2525 6881.2983 -977.09471 0.87796834 -1.2158626 -7.3681764
60860 61901.247 1488.5035 5711.3287 -3873.1735 0.21422324 -4.262207500000001 -6.1916983000000005
60860 62321.247 1429.4326 3419.6333 -6006.7187 -0.49055952 -6.4678565 -3.7990997
60860 62741.247 1089.7103 455.84208 -6958.607900000001 -1.1000497 -7.404947900000001 -0.6532175
60860 63161.247 536.47372 -2597.1099 -6543.3668 -1.4915552 -6.8859271 2.609897
60860 63581.247 -121.83777 -5141.5053 -4843.3928 -1.5906836000000002 -5.0110757999999995 5.3666988
60860 64001.247 -755.928 -6673.3284 -2188.7288 -1.3786474000000002 -2.1589838 7.0675856999999995
60860 64421.247 -1241.6314 -6894.7761 897.0536500000001 -0.89553565 1.1225784 7.3806717
60860 64841.247 -1483.4322 -5761.6916 3806.2084 -0.23686711 4.1821196 6.2409285
60860 65261.247 -1434.1895 -3498.5207 5966.1466 0.46631762 6.4150381 3.8800866000000003
60860 65681.247 -1104.528 -550.3549300000001 6957.3862 1.0766900000000001 7.3892954 0.76502583
60860 66101.247 -559.4603900000001 2505.323 6588.2931 1.4757686 6.920550599999999 -2.4925961
60860 66521.247 94.592404 5072.9699 4932.4008 1.5872023 5.1039074 -5.2617016
60860 66941.247 730.20184 6652.2606 2313.11 1.3893412 2.2916443 -7.0040904
60860 67361.247 1223.4712 6934.8821 -758.21812 0.92065034 -0.96797344 -7.3781813000000005
60860 67781.247 1478.3248 5866.0301 -3681.4998 0.27299840999999997 -4.0366698 -6.3112246
60860 68201.247 1445.4322 3655.2898 -5886.4250999999995 -0.42687761 -6.3160085 -4.0148132
60860 68621.247 1131.517 733.8229699999999 -6943.9618 -1.0432697000000002 -7.3658426 -0.9375481099999999
60860 69041.247 597.5907 -2330.2172 -6647.689200000001 -1.4573327 -6.983291 2.3262191
60860 69461.247 -52.724168 -4939.8095 -5052.6658 -1.588148 -5.2362144 5.144667900000001
60860 69881.247 -692.59689 -6582.8821 -2467.3447 -1.4083248000000002 -2.4570634 6.9628375
60860 70301.247 -1196.587 -6934.4095 603.29979 -0.95145721 0.81185554 7.414636400000001
60860 70721.247 -1465.4833 -5923.4273 3555.1107 -0.30775394 3.9213142 6.406474500000001
60860 71141.247 -1446.8285 -3749.9009 5807.6859 0.39479335 6.2552777 4.141829700000001
60860 71561.247 -1144.4888 -840.63396 6918.9183 1.0187696 7.3626366 1.0707966
60860 71981.247 -618.9331500000001 2232.4725 6676.9335 1.442266 7.0285167 -2.2031326
60860 72401.247 27.352729 4870.1912 5129.2387 1.5842617 5.3238893 -5.0442404
60860 72821.247 668.30102 6558.0826 2578.6488 1.4172646 2.5803068 -6.8995979
60860 73241.247 1178.9028 6966.7118 -476.305 0.97386152 -0.66647442 -7.4057283
60860 73661.247 1459.6825000000001 6017.103700000001 -3438.2045000000003 0.34121967000000003 -3.7798380000000003 -6.464749
60860 74081.247 1456.3454 3896.0717999999997 -5729.3045999999995 -0.35661218000000006 -6.1524297 -4.2650543
60860 74501.247 1170.0118 1017.8538000000001 -6904.227 -0.98432782 -7.3269595 -1.2373505
60860 74921.247 656.4032 -2058.0291 -6734.3916 -1.4211519000000001 -7.0779634 2.0337665
60860 75341.247 15.112003000000001 -4733.0249 -5250.495400000001 -1.5821491 -5.448225000000001 4.9168213
60860 75761.247 -629.06925 -6482.7356 -2737.8642999999997 -1.4342886000000001 -2.746062 6.8470284
60860 76181.247 -1149.8806000000002 -6961.7941 312.28518 -1.0042394000000001 0.5039941600000001 7.434691
60860 76601.247 -1444.7872 -6073.1017 3300.8825 -0.37668708 3.6568622 6.5584899
60860 77021.247 -1456.1132 -3992.1285000000003 5640.1022 0.32352259 6.0865984 4.3945284000000004
60860 77441.247 -1181.7045 -1126.944 6870.450400000001 0.9591108 7.321821600000001 1.3735217
60860 77861.247 -676.69802 1957.5023 6755.8083 1.4056757 7.1224071 -1.9094852000000002
60860 78281.247 -39.631589 4660.095 5319.491599999999 1.5776539 5.533792 -4.8161759
60860 78701.247 605.16168 6453.7029 2842.8973 1.4418773 2.8655464999999998 -6.7810977
60860 79121.247 1131.9184 6988.4231 -189.74954000000002 1.0249082 -0.36122887 -7.4197793
60860 79541.247 1438.0289 6160.790900000001 -3185.3534 0.40879468 -3.5139359 -6.6085737
60860 79961.247 1464.2757 4133.8912 -5559.6080999999995 -0.28561699 -5.9773662000000005 -4.5106732
60860 80381.247 1206.0628000000002 1303.8020000000001 -6851.029 -0.92361152 -7.2766559 -1.5374223999999999
60860 80801.247 713.67544 -1779.414 -6808.6141 -1.382501 -7.1627748 1.7370591
60860 81221.247 82.537148 -4516.1702000000005 -5438.362099999999 -1.5732940000000002 -5.652767 4.681468
60860 81641.247 -564.6790400000001 -6370.675 -3003.1679 -1.4571513 -3.0306461 6.7201515
60860 82061.247 -1101.1032 -6976.481400000001 21.493928 -1.0544742 0.19535391000000002 7.4424419
60860 82481.247 -1421.1691 -6211.539400000001 3041.8509 -0.44420385 3.3862668 6.6992914
60860 82901.247 -1462.0983 -4226.4404 5463.3154 0.25227852 5.9079145 4.6394456
60860 83321.247 -1216.1438 -1412.3102 6809.706099999999 0.89902464 7.270038 1.668233
60860 83741.247 -731.5968399999999 1681.0072 6818.9328 1.3688882000000002 7.2041861 -1.6293731
60860 84161.247 -104.26317 4443.2875 5490.6303 1.5697421999999999 5.7240402 -4.6045452
60860 84581.247 543.34101 6338.4455 3088.5179 1.4623359 3.1238525 -6.6687272
60860 85001.247 1084.2983000000002 6988.8101 77.900119 1.0705128 -0.083142668 -7.4315412
60860 85421.247 1413.098 6271.4016 -2948.2812000000004 0.46907042000000004 -3.2766035000000002 -6.7383183
60860 85841.247 1465.4903000000002 4327.0307999999995 -5396.518400000001 -0.22306794 -5.8253956 -4.7269595
60860 86261.247 1231.9675 1538.4382 -6789.1421 -0.87030449 -7.2330188 -1.7952181
60861 281.247 758.41057 -1550.0199 -6855.5071 -1.3473628000000002 -7.230303200000001 1.4843587
60861 701.247 137.12743 -4336.3837 -5582.7165 -1.5621525 -5.817908 4.4764976
60861 1121.247 -510.88039000000003 -6276.606900000001 -3217.8911000000003 -1.4721794 -3.2660983999999997 6.5977186
60861 1541.247 -1058.9345 -6989.367 -222.35244 -1.0940821 -0.071240972 7.4284273
60861 1961.247 -1399.8142 -6334.7656 2816.8307000000004 -0.5018392 3.1377067000000003 6.801609099999999
60861 2381.247 -1466.7131000000002 -4439.8928 5303.7969 0.18750640999999998 5.7294834 4.8445616000000005
60861 2801.247 -1247.4892 -1679.2296000000001 6753.2254 0.83889032 7.198035 1.9436657000000002
60861 3221.247 -785.18065 1408.7091 6883.5055999999995 1.3260761 7.2628981 -1.3333857
60861 3641.247 -169.95291 4222.1679 5669.530900000001 1.5550957 5.9123031 -4.3520447
60861 4061.247 478.37826 6211.9388 3346.9699 1.4809264000000002 3.4045626 -6.5245498
60861 4481.247 1033.0515 6987.0882 369.12346 1.1171351 0.2272149 -7.421844500000001
60861 4901.247 1385.7935 6395.8854 -2681.706 0.5344711600000001 -2.9962821 -6.8631232
60861 5321.247 1467.4208 4553.3278 -5206.6686 -0.15168177 -5.6297144 -4.9614499
60861 5741.246999999999 1262.6861999999999 1822.0903 -6713.0105 -0.80685137 -7.159978000000001 -2.0932671999999997
60861 6161.246999999999 811.91786 -1264.3193999999999 -6907.88 -1.3040817999999998 -7.2937456 1.1805433
60861 6581.246999999999 203.01438000000002 -4104.3434 -5753.5052000000005 -1.5474681000000001 -6.0058334 4.225765900000001
60861 7001.246999999999 -445.44703000000004 -6143.5927 -3473.9526 -1.4891129 -3.5424244 6.4493836
60861 7421.247 -1006.7884 -6981.4719000000005 -513.41923 -1.1394182000000002 -0.38155485 7.412375600000001
60861 7841.247 -1371.1553000000001 -6453.492 2547.7263 -0.5665728800000001 2.8547723 6.9207788
60861 8261.247 -1467.2248000000002 -4662.633900000001 5109.210400000001 0.11606973000000001 5.528618000000001 5.0749390000000005
60861 8681.247 -1276.9542 -1961.7882 6671.1732 0.7747218 7.118666 2.2402671
60861 9101.247 -837.8443000000001 1121.4297 6929.9405 1.2815922000000002 7.3201385000000005 -1.0282291000000001
60861 9521.247 -235.56901000000002 3986.163 5835.488 1.5389199000000002 6.0952533 -4.0974674
60861 9941.247 412.57526 6073.3601 3600.1971000000003 1.4962663 3.6780892 -6.3705169999999995
60861 10361.247 979.8141800000001 6973.2398 660.73534 1.1612012999999999 0.53880425 -7.398898900000001
60861 10781.247 1355.6616999999999 6509.9958 -2409.3895 0.5985617 -2.708902 -6.9763134
60861 11201.247 1466.2572 4772.9306 -5007.0082 -0.08008839000000001 -5.4228322 -5.1883961
60861 11621.247 1290.7136 2104.2816000000003 -6625.0214000000005 -0.7417309900000001 -7.0736517999999995 -2.3892627
60861 12041.247 863.68249 -974.5286 -6948.786400000001 -1.2580271 -7.3444957 0.87284332
60861 12461.247 268.46506 -3863.4638 -5915.5927 -1.5294444 -6.184227 3.9659867
60861 12881.247 -379.04976 -5998.7565 -3725.8517 -1.5028001 -3.8143238999999998 6.2887244
60861 13301.247 -952.1949300000001 -6961.1761 -807.45027 -1.1824584 -0.6955981600000001 7.3828342000000005
60861 13721.247 -1339.353 -6562.5872 2270.4953 -0.63036011 2.5625926 7.0292475
60861 14141.247 -1464.3221 -4878.9148 4903.1715 0.044198109000000006 5.316332999999999 5.2993974
60861 14561.247 -1303.4596999999999 -2242.9189 6576.1619 0.70878639 7.0267108 2.5357894
60861 14981.247 -888.52494 830.36249 6964.045700000001 1.2342914 7.365460000000001 -0.71899352
60861 15401.247 -300.52555 3741.856 5991.860900000001 1.5193548000000001 6.2689699 -3.8340057
60861 15821.247 346.01132 5923.5643 3848.4046000000003 1.5083255999999998 3.9470799000000003 -6.2039197
60861 16241.247 924.92538 6947.7378 950.87818 1.2024138 0.84928838 -7.3623118000000005
60861 16661.247 1322.9215 6613.3586 -2132.8645 0.6610512599999999 -2.4161354999999998 -7.0767036
60861 17081.247 1461.9560000000001 4983.6547 -4798.8476 -0.0078365116 -5.2035906999999995 -5.4092126
60861 17501.247 1316.1289 2383.3051 -6526.7695 -0.67449565 -6.972042900000001 -2.6843333
60861 17921.247 914.04048 -681.28275 -6980.6013 -1.2084088 -7.3796967 0.55833156
60861 18341.247 334.19784999999996 -3613.3729 -6073.1917 -1.5071213 -6.3516231 3.6913737
60861 18761.247 -310.63759000000005 -5841.9978 -3980.692 -1.5126749 -4.0843255 6.108301900000001
60861 19181.247 -894.817 -6930.973 -1109.9381 -1.2229844 -1.0150353 7.3347786
60861 19601.247 -1304.1293 -6665.2169 1978.6016000000002 -0.69421952 2.2551055 7.1262539
60861 20021.247 -1458.6935 -5097.7423 4679.4076 -0.029786582 5.0841217 5.5209633
60861 20441.247 -1328.4899 -2534.9442000000004 6464.4273 0.6393141000000001 6.916719100000001 2.8385742
60861 20861.247 -939.32345 522.11865 6986.0887 1.1831243999999999 7.3994554 -0.39555155000000003
60861 21281.247 -367.11707 3477.3606 6142.769200000001 1.4965581 6.4396601 -3.5541023000000003
60861 21701.247 276.71587 5754.1347000000005 4097.8417 1.5181963 4.2198221 -6.0224631
60861 22121.247 866.34078 6905.548900000001 1250.054 1.2427976 1.1702883 -7.3136338
60861 22541.247 1286.3528999999999 6704.8203 -1843.1843999999999 0.72399653 -2.1101282 -7.1703528
60861 22961.247 1454.1567 5190.090200000001 -4573.4208 0.065038567 -4.972817699999999 -5.625834200000001
60861 23381.247 1336.8953000000001 2656.6222000000002 -6406.0746 -0.60772006 -6.869191 -2.9772365
60861 23801.247 959.4350300000001 -393.43555 -6988.0877 -1.1596653 -7.4133808 0.25092006
60861 24221.247 394.73361 -3366.7807000000003 -6202.679 -1.4847524 -6.5106004 3.4266277
60861 24641.247 -246.94966000000002 -5683.2333 -4204.0162 -1.5202068 -4.3369931 5.9327303
60861 25061.247 -840.40989 -6890.2923 -1382.6328999999998 -1.2588708 -1.3153247 7.278885100000001
60861 25481.247 -1269.7875000000001 -6752.0431 1709.4374 -0.7519945100000001 1.9619019000000002 7.2003384
60861 25901.247 -1451.5233 -5296.659900000001 4467.4924 -0.099417991 4.851673300000001 5.7153749
60861 26321.247 -1350.7428 -2810.2513 6353.7958 0.57117566 6.791969600000001 3.1189146
60861 26741.247 -987.47206 222.3872 7002.1835 1.1301183000000001 7.410618 -0.082495976
60861 27161.247 -432.31595000000004 3211.6764 6286.2375999999995 1.4699043999999999 6.5884025 -3.2714679
60861 27581.247 206.98024 5575.0921 4342.9141 1.5239591000000001 4.4782747 -5.8302176
60861 28001.247 805.70586 6848.5447 1549.1598999999999 1.2799275 1.4845051 -7.2535504
60861 28421.247 1246.5553 6779.7592 -1549.111 0.78425031 -1.807204 -7.253421
60861 28841.247 1442.8193999999999 5380.6140000000005 -4342.6729000000005 0.13484763000000002 -4.7437896 -5.8269675
60861 29261.247 1356.2482 2926.483 -6282.9196 -0.53975337 -6.7462513 -3.259551
60861 29681.247 1004.3737 -100.60432000000002 -6991.4015 -1.1074804999999999 -7.4261075000000005 -0.05855349
60861 30101.247 456.46567 -3107.6587000000004 -6331.2080000000005 -1.4582728 -6.6556603 3.1496945000000003
60861 30521.247 -180.48850000000002 -5508.2513 -4432.3544 -1.5245342000000002 -4.5859306 5.7422441
60861 30941.247 -782.19092 -6833.402900000001 -1665.9353 -1.2931384000000001 -1.6193884 7.2119891
60861 31361.247 -1231.155 -6824.0615 1426.7394 -0.80937306 1.6624875 7.26977
60861 31781.247 -1439.9387 -5483.205900000001 4240.5262 -0.16864764 4.615097 5.9068852
60861 32201.247 -1368.3824 -3074.6748 6226.669900000001 0.50351831 6.6636694 3.3949905
60861 32621.247 -1030.8884 -68.483891 6999.614500000001 1.0770307000000001 7.415043 0.22487602
60861 33041.247 -493.10263000000003 2950.914 6408.9822 1.4416517 6.7251258 -2.9919097000000003
60861 33461.247 140.62803 5395.4526 4567.4617 1.5261871000000002 4.7216752 -5.6331033
60861 33881.247 746.7684499999999 6785.0018 1831.2198 1.3125266 1.7876315 -7.1791303
60861 34301.247 1206.6301 6845.5201 -1264.5663000000002 0.8406671800000001 -1.50496 -7.3162185
60861 34721.247 1429.6908999999998 5562.5388 -4111.5535 0.20389764 -4.502090600000001 -6.0142702
60861 35141.247 1372.4748000000002 3188.9352000000003 -6150.543000000001 -0.47154404 -6.611807 -3.5341844
60861 35561.247 1046.816 191.43273000000002 -6983.5498 -1.0532614 -7.4248439 -0.36767368
60861 35981.247 516.80472 -2843.6213 -6449.8172 -1.4286751 -6.7880951 2.866542
60861 36401.247 -114.00393 -5323.9078 -4654.572099999999 -1.5253716 -4.8267895 5.5402584
60861 36821.247 -722.5509000000001 -6765.0824 -1948.5603999999998 -1.3243667000000001 -1.9218226 7.1312109
60861 37241.247 -1190.0402 -6885.3748 1138.9524 -0.86485942 1.3580517 7.3263519
60861 37661.247 -1425.3648 -5662.2231 4003.8058 -0.23739781 4.3686551 6.089415
60861 38081.247 -1383.1275 -3336.293 6087.0830000000005 0.43496455 6.523205600000001 3.6672443
60861 38501.247 -1072.0257 -361.71019 6984.086 1.0219698 7.4074128 0.53361877
60861 38921.247 -552.60372 2683.0826 6520.3180999999995 1.4107062000000001 6.851715 -2.7064892
60861 39341.247 74.351668 5205.1408 4783.8543 1.5254215 4.9582223999999995 -5.426568100000001
60861 39761.247 686.6710600000001 6709.1828 2110.0022000000004 1.3422563 2.0884471 -7.0925137000000005
60861 40181.247 1164.4791 6899.1848 -978.03979 0.89496568 -1.1994998000000001 -7.3665671
60861 40601.247 1413.6959 5734.8522 -3873.6074 0.27208407999999995 -4.251915200000001 -6.1913766
60861 41021.247 1385.5664 3445.5076000000004 -6007.1911 -0.40310944000000004 -6.466796500000001 -3.8022404
60861 41441.247 1084.8108 477.98159000000004 -6955.9475999999995 -1.0003043 -7.4200795 -0.66484542
60861 41861.247 571.98636 -2582.4785 -6540.7757 -1.4007381 -6.9124461 2.6050922
60861 42281.247 -52.875123 -5136.698 -4840.620599999999 -1.5258924 -5.0478564 5.3602813
60861 42701.247 -667.43671 -6682.6053 -2187.1651 -1.3517325 -2.1905397 7.0638442
60861 43121.247 -1150.9581 -6916.3682 896.95798 -0.91246671 1.0949536 7.3766172
60861 43541.247 -1408.9261000000001 -5794.4269 3805.0476000000003 -0.29600520999999996 4.1565631000000005 6.2415807999999995
60861 43961.247 -1391.8338999999999 -3540.7418 5968.7541 0.37549975 6.395291500000001 3.8922463
60861 44381.247 -1104.1455 -598.43211 6969.2266 0.9715285300000001 7.3840149 0.7947335000000001
60861 44801.247 -602.41109 2460.0496000000003 6615.3237 1.3783135 6.940349400000001 -2.4519896
60861 45221.247 16.037631 5041.7092 4976.1866 1.5181767 5.1498787 -5.2254761
60861 45641.247 631.30627 6644.032400000001 2368.3167000000003 1.3630861 2.3522599 -6.9879443000000006
60861 46061.247 1123.4714 6951.6846 -701.76937 0.94156542 -0.91291098 -7.3889294
60861 46481.247 1396.1467 5901.3763 -3634.2924 0.33518462 -4.0060386 -6.3424828
60861 46901.247 1395.7445 3696.8207 -5854.076599999999 -0.33711342000000005 -6.317334 -4.0514273
60861 47321.247 1122.2631999999999 768.98503 -6925.484200000001 -0.9435469900000001 -7.3928275 -0.96521943
60861 47741.247 629.2198900000001 -2309.127 -6638.268099999999 -1.365562 -7.0211459000000005 2.3123085999999997
60861 48161.247 13.476077 -4934.486900000001 -5050.6782 -1.5199145 -5.271250200000001 5.137637300000001
60861 48581.247 -605.18986 -6591.6499 -2467.4796 -1.3769579 -2.4879342 6.9579335
60861 49001.247 -1105.084 -6955.402700000001 601.1451 -0.9638525 0.7841618300000001 7.4100874
60861 49421.247 -1388.3483 -5955.5329 3551.8355 -0.36289857999999997 3.8960978 6.4068051
60861 49841.247 -1400.2548000000002 -3791.2997000000005 5806.924599999999 0.30671523 6.2367321 4.1539554
60861 50261.247 -1139.4756000000002 -888.62589 6928.4494 0.9142480900000001 7.3565063 1.099697
60861 50681.247 -657.43588 2186.7692 6701.271900000001 1.3432651000000002 7.046662599999999 -2.1633074000000003
60861 51101.247 -47.845791 4837.702 5170.2248 1.5116698 5.3679127 -5.007589100000001
60861 51521.247 570.96082 6547.9518 2631.5922 1.3861914 2.6399776999999998 -6.8813997
60861 51941.247 1078.3648 6981.481900000001 -421.07075000000003 0.98995625 -0.61021168 -7.4137783
60861 52361.247 1375.1335000000001 6051.3138 -3391.231 0.3996826 -3.7458248 -6.4940442
60861 52781.247 1403.0912 3938.1905 -5696.7261 -0.26874802 -6.1493249 -4.3015875999999995
60861 53201.247 1156.8305 1055.3543 -6885.988200000001 -0.8844286100000001 -7.3502792 -1.2672011
60861 53621.247 684.4860100000001 -2033.6924 -6725.984 -1.3274599 -7.114817200000001 2.0166792
60861 54041.247 78.353482 -4725.924599999999 -5248.6246 -1.5108917 -5.4787476 4.9144874000000005
60861 54461.247 -542.77775 -6489.1003 -2739.5049 -1.3983429 -2.7719483 6.844767200000001
60861 54881.247 -1057.4437 -6978.058 309.91999 -1.0114821 0.4830226 7.4334874
60861 55301.247 -1364.4582 -6096.8918 3298.3851 -0.42625902000000004 3.6421799000000004 6.5594721
60861 55721.247 -1403.7137 -4019.8617000000004 5637.4451 0.24081495000000003 6.0812866 4.4016276
60861 56141.247 -1168.4904 -1155.796 6872.3106 0.8594138299999999 7.3271611000000005 1.3860739000000002
60861 56561.247 -705.45126 1933.6667 6763.780900000001 1.3088674 7.1408008 -1.8934433
60861 56981.247 -105.00678 4646.472400000001 5334.1556 1.5030508 5.5634292 -4.801259600000001
60861 57401.247 515.85677 6453.9546 2862.6376 1.4044608 2.900676 -6.7726467
60861 57821.247 1036.1375 7003.0595 -168.46413 1.0319413 -0.32937771 -7.4210727
60861 58241.247 1354.3563000000001 6186.523099999999 -3166.6156 0.45840641 -3.4938553000000003 -6.6189238
60861 58661.247 1408.7249 4164.6459 -5546.4128 -0.20361687 -5.9740590000000005 -4.5258763
60861 59081.247 1189.0001000000002 1332.4005 -6844.3281 -0.82535727 -7.289719900000001 -1.5523536999999998
60861 59501.247 738.0066 -1758.9429 -6807.4948 -1.2868273 -7.1873716000000005 1.7257504
60861 59921.247 143.2817 -4507.264 -5441.03 -1.4984009 -5.6824422000000006 4.6745913
60861 60341.247 -479.31225 -6373.5686 -3008.2988 -1.417693 -3.0622714 6.7159945
60861 60761.247 -1008.0731 -6991.767400000001 15.260198 -1.0581195 0.16826988 7.4412027
60861 61181.247 -1338.8597 -6236.9428 3035.8404 -0.49090443 3.3654402 6.702014
60861 61601.247 -1406.9462 -4258.456 5459.0953 0.17101569 5.896485800000001 4.6493893
60861 62021.247 -1199.6815 -1445.7483 6811.8459 0.79793386 7.2699144 1.6912985
60861 62441.247 -758.58232 1648.7162 6833.2166 1.2675898 7.2214585 -1.5902467999999998
60861 62861.247 -169.7364 4422.1041 5520.1317 1.4900234 5.7665763 -4.5586669
60861 63281.247 452.14823 6334.1411 3129.1392 1.4222725 3.1872087000000002 -6.6382278
60861 63701.247 985.88432 7011.5048 126.65279 1.0771496999999999 -0.015369588 -7.421594
60861 64121.247 1327.3745000000001 6321.7507000000005 -2900.5304 0.52217233 -3.2142808 -6.7544411
60861 64541.247 1410.2639 4400.2210000000005 -5361.312 -0.13382736 -5.7836716 -4.7695085
60861 64961.247 1218.7256000000002 1622.3632 -6776.1555 -0.7631393900000001 -7.2253527 -1.8562938
60861 65381.247 790.11167 -1471.0441 -6869.3913 -1.2442341 -7.261425 1.4205325
60861 65801.247 207.61096 -4277.5384 -5620.8764 -1.4837548999999999 -5.8808422 4.4274905
60861 66221.247 -415.35786 -6247.0037 -3270.7487 -1.4339369 -3.3464479000000003 6.5757199
60861 66641.247 -956.99899 -6993.009 -278.33149 -1.1021949 -0.14590403000000002 7.4357125
60861 67061.247 -1310.6945 -6365.5021 2768.8958 -0.5540651600000001 3.0835182 6.8321659
60861 67481.247 -1407.2663 -4488.9863 5271.6102 0.10135234 5.7016914 4.8882563
60861 67901.247 -1228.2057 -1732.5302 6739.6277 0.7352405599999999 7.199847 1.9927554
60861 68321.247 -809.7985 1361.416 6890.5244 1.2240056 7.2890867 -1.2850416
60861 68741.247 -233.67727 4190.3102 5695.9748 1.4740168000000002 5.9589625 -4.3087390999999995
60861 69161.247 387.93147999999997 6203.235900000001 3389.4956 1.4370075 3.467354 -6.4924608
60861 69581.247 933.93502 7007.3315 420.84052 1.1198658000000001 0.29785657 -7.4090397999999995
60861 70001.247 1297.8465 6445.2373 -2629.9793 0.58444472 -2.9297434 -6.8777063
60861 70421.247 1408.8922 4627.1851 -5167.1946 -0.06425745100000001 -5.5836018 -5.0040649
60861 70841.247 1245.7249 1908.4578000000001 -6696.13 -0.69983444 -7.1484433 -2.1560172
60861 71261.247 840.1929100000001 -1181.5503 -6918.8424 -1.1994331 -7.3224169 1.1138639000000001
60861 71681.247 271.01399 -4041.0599 -5790.0654 -1.4661717 -6.0681494 4.1734405
60861 72101.247 -351.04984 -6109.8876 -3526.3974 -1.4470809 -3.6236802 6.4242854
60861 72521.247 -904.3390300000001 -6981.959 -570.3295300000001 -1.1435913 -0.45887447 7.4170358
60861 72941.247 -1279.9944 -6482.5294 2498.0539 -0.6154688 2.7968467 6.9498097
60861 73361.247 -1404.5122 -4710.9235 5075.2334 0.032097774 5.4974123 5.1181965
60861 73781.247 -1253.8749 -2015.7238 6656.077 0.67150377 7.1169319 2.2900808
60861 74201.247 -858.87039 1072.1247 6935.9976 1.1781322 7.3434518 -0.97803952
60861 74621.247 -296.62897 3951.3433 5861.9481 1.4548938 6.140365300000001 -4.0514109
60861 75041.247 323.34013 6061.4361 3644.0204 1.4484809 3.7410616 -6.335218
60861 75461.247 880.3177 6990.7441 714.45582 1.1597800999999999 0.61040962 -7.3833498
60861 75881.247 1265.6721000000002 6557.2608 -2354.6204 0.6449400500000001 -2.6400836 -6.988869
60861 76301.247 1404.4059 4845.8493 -4963.808599999999 0.0048883347 -5.3738717 -5.229802800000001
60861 76721.247 1269.7265 2190.9312000000004 -6604.1015 -0.6355641500000001 -7.0592774 -2.4517061
60861 77141.247 887.9430100000001 -890.36919 -6955.7186 -1.1524722 -7.3707612000000005 0.8058506
60861 77561.247 333.181 -3797.8842000000004 -5948.353700000001 -1.4456162 -6.2446505 3.91285
60861 77981.247 -286.58756 -5962.3096 -3775.271 -1.4569571000000001 -3.894366 6.2616677
60861 78401.247 -850.21371 -6958.8436 -860.76917 -1.1821264 -0.77094141 7.3851084
60861 78821.247 -1246.8314 -6588.4043 2223.2461000000003 -0.67507821 2.5049628 7.0548872000000005
60861 79241.247 -1398.8003999999999 -4924.923900000001 4870.094599999999 -0.036812538000000006 5.2829672 5.3391882
60861 79661.247 -1276.8471000000002 -2296.3582 6561.303400000001 0.6066250599999999 7.0206504999999995 2.5835551999999997
60861 80081.247 -905.9960400000001 779.68087 6969.9421 1.1298853999999998 7.3844608 -0.66864488
60861 80501.247 -358.80774 3704.1112000000003 6018.6011 1.4326577 6.3111928 -3.7861899
60861 80921.247 258.16867 5907.8836 3893.3825 1.4567261 4.0089734 -6.1664415
60861 81341.247 824.8505600000001 6961.1533 1008.1025000000001 1.1969857 0.9228649400000001 -7.3448902
60861 81761.247 1230.7124 6657.3838 -2074.044 0.7037545300000001 -2.34516 -7.0885034
60861 82181.247 1396.6813 5055.754599999999 -4750.963900000001 0.07358203299999999 -5.1547076 -5.4471501
60861 82601.247 1290.5773000000002 2469.1966 -6499.989500000001 -0.5704277200000001 -6.9581783999999995 -2.743447
60861 83021.247 933.16788 -598.1920600000001 -6979.9188 -1.1034321 -7.4065919000000005 0.49663974000000005
60861 83441.247 393.89590999999996 -3548.7068 -6095.5741 -1.4221044999999999 -6.410212400000001 3.6458421
60861 83861.247 -221.73443 -5805.4483 -4020.7939 -1.4630256 -4.1583481 6.0843354000000005
60861 84281.247 -794.24009 -6925.4030999999995 -1154.5526000000002 -1.2176894999999999 -1.0848779 7.3368587
60861 84701.247 -1210.8858 -6686.455400000001 1938.779 -0.7332878100000001 2.2034670000000003 7.1469783
60861 85121.247 -1390.212 -5136.611900000001 4651.5935 -0.10602452 5.0543274 5.5531948
60861 85541.247 -1296.0566000000001 -2575.0956 6448.1578 0.5420402000000001 6.9186302 2.8719455
60861 85961.247 -949.20027 487.33355 6983.1533 1.0818518 7.4208077999999995 -0.36553134
60861 86381.247 -417.07462 3454.4769 6151.452200000001 1.4100189 6.4739978 -3.5289816000000003
60862 401.247 196.44673 5747.2110999999995 4115.8594 1.4630313000000001 4.2622942 -6.0033089
60862 821.247 771.5829 6917.1440999999995 1274.1647 1.2302036 1.2160795 -7.303270400000001
60862 1241.247 1195.9629 6735.349 -1817.2797 0.7571609499999999 -2.0666134 -7.1725188
60862 1661.247 1386.8734 5238.3903 -4553.3358 0.13733209 -4.9404943 -5.6400436
60862 2081.247 1307.7157 2721.3526 -6400.410900000001 -0.50778064 -6.846386000000001 -3.0106724
60862 2501.247 974.37143 -324.79556 -7000.1903 -1.0533173999999998 -7.4194213 0.20171850000000002
60862 2921.247 451.71885 -3307.7457999999997 -6236.1138 -1.3944765000000001 -6.5499807 3.3774726999999998
60862 3341.247 -158.80332 -5646.362700000001 -4254.8548 -1.4646655000000002 -4.4008212 5.9017082
60862 3761.247 -738.12883 -6880.6967 -1440.1616000000001 -1.2488642 -1.3846664000000002 7.2778421
60862 4181.247 -1173.0097 -6768.47 1657.2442 -0.7873989400000001 1.9106871 7.2251776
60862 4601.247 -1377.8268 -5328.7775 4428.8678 -0.1717372 4.8302510000000005 5.7525393000000005
60862 5021.247 -1312.1236000000001 -2843.1744 6328.553900000001 0.47671382 6.8023111 3.1548251
60862 5441.247 -989.11526 201.61658 6985.737700000001 1.0327655 7.4427945 -0.06857758800000001
60862 5861.246999999999 -472.38612 3204.6803 6269.0881 1.3864346 6.6193201 -3.2841377000000005
60862 6281.246999999999 136.98407 5578.6873 4319.1589 1.4673285 4.496097 -5.849467400000001
60862 6701.246999999999 719.43945 6856.098900000001 1517.853 1.2598608999999998 1.4844892 -7.2668254
60862 7121.246999999999 1160.3385 6784.5519 -1582.9286000000002 0.80467356 -1.818577 -7.2512286999999995
60862 7541.247 1373.3153 5380.1822 -4372.2065999999995 0.19308023 -4.755258700000001 -5.8103128
60862 7961.247 1317.6234 2922.7868 -6304.3501 -0.45336096 -6.7504064 -3.2388637
60862 8381.247 1005.3241 -104.13564 -7005.653700000001 -1.0088751999999999 -7.42495 -0.047247868
60862 8801.247 497.90409000000005 -3111.0774 -6343.736900000001 -1.367526 -6.6579101000000005 3.1465994
60862 9221.247 -106.04178999999999 -5514.7367 -4448.5605000000005 -1.4610092 -4.5988802 5.7294145
60862 9641.247 -689.36643 -6847.619000000001 -1687.6097 -1.2707436 -1.6421322 7.2006412
60862 10061.247 -1138.5358999999999 -6848.2 1402.2485 -0.8326828500000001 1.6401824 7.2690016
60862 10481.247 -1365.8565 -5514.3527 4218.0839000000005 -0.23177754 4.6064999 5.9167132
60862 10901.247 -1326.8138999999999 -3105.1566000000003 6209.1473 0.41469025 6.6758114 3.4065674
60862 11321.247 -1028.8481 -90.09284600000001 6985.3327 0.9807803 7.4435006 0.22723323
60862 11741.247 -529.85928 2942.2637999999997 6392.8270999999995 1.3560683 6.7563234 -3.0031144
60862 12161.247 72.86283800000001 5397.9344 4544.7254 1.4662959000000002 4.741607 -5.6517857000000005
60862 12581.247 661.1981 6793.0088 1801.5818000000002 1.2884446 1.7898526 -7.1923686
60862 13001.247 1119.426 6851.733200000001 -1296.9378000000002 0.85721117 -1.5141153 -7.3150804
60862 13421.247 1357.7401000000002 5564.3178 -4140.2728 0.25913358 -4.5121511000000005 -5.9992253
60862 13841.247 1330.3816000000002 3187.6326000000004 -6171.7405 -0.38681522 -6.6157876 -3.5147510000000004
60862 14261.247 1043.8461 189.59622000000002 -6997.8838 -0.95473383 -7.424112 -0.35604099000000006
60862 14681.247 554.68283 -2845.4821 -6462.1215999999995 -1.3361436000000002 -6.790503 2.8644890999999997
60862 15101.247 -42.01256 -5328.7922 -4670.0827 -1.4584388 -4.8393905 5.528505600000001
60862 15521.247 -630.50244 -6777.5036 -1969.2149 -1.2975165 -1.9440976 7.1202693
60862 15941.247 -1096.2639 -6907.5702 1115.4943 -0.8836125100000001 1.3357637 7.325250100000001
60862 16361.247 -1348.3728999999998 -5691.518 3982.1725 -0.29693719 4.359297400000001 6.098510500000001
60862 16781.247 -1337.4932 -3365.3959 6070.076400000001 0.34794981 6.533946 3.6782668
60862 17201.247 -1065.6042 -382.55066999999997 6970.2195 0.92540046 7.434482 0.53607809
60862 17621.247 -585.52694 2674.738 6504.7169 1.3228883 6.8823205 -2.7169993
60862 18041.247 9.2348391 5208.0675 4761.710400000001 1.4619642 4.9791679 -5.4442
60862 18461.247 602.08591 6718.4666 2081.61 1.313944 2.0923573 -7.1048642
60862 18881.247 1076.5231 6907.606900000001 -1008.9498000000001 0.90761369 -1.2060105 -7.3653909
60862 19301.247 1339.5571000000002 5739.9804 -3901.1205 0.32443679 -4.2594006 -6.1774112
60862 19721.247 1340.5245 3448.9193 -6028.451 -0.31949937 -6.4676965 -3.7854341
60862 20141.247 1080.3679 485.67922 -6978.6398 -0.89849568 -7.4091685 -0.6662958999999999
60862 20561.247 610.53639 -2572.0528 -6570.969900000001 -1.3018405 -6.9115764 2.5748474000000003
60862 20981.247 22.376549999999998 -5131.1536 -4886.178 -1.4527882 -5.073319000000001 5.3159747
60862 21401.247 -570.07541 -6694.1648 -2250.6585 -1.3217381000000001 -2.2453789000000004 7.0269119
60862 21821.247 -1051.5520000000001 -6954.6226 823.61342 -0.93296444 1.0265172 7.3697031
60862 22241.247 -1328.0195 -5859.3413 3736.7976000000003 -0.36162516 4.1030479 6.271719699999999
60862 22661.247 -1345.3279 -3620.6692000000003 5918.8153 0.28063066 6.3805855000000005 3.945679
60862 23081.247 -1099.9685 -675.08851 6942.1045 0.86845526 7.413215600000001 0.84540986
60862 23501.247 -639.64389 2402.1497000000004 6604.8688 1.2873215 6.9971334 -2.4254397
60862 23921.247 -54.006481 5009.0535 4970.5895 1.454725 5.2083463000000005 -5.2265767
60862 24341.247 542.1356 6632.3054 2358.4346 1.3366234 2.3917352000000003 -7.0043940000000005
60862 24761.247 1031.728 6951.8060000000005 -718.55589 0.9558962400000001 -0.89500953 -7.4024005
60862 25181.247 1318.8118000000002 5906.4197 -3654.3914 0.38874549 -3.9980528 -6.3448151
60862 25601.247 1347.9662 3705.4413 -5874.0067 -0.25182318000000004 -6.3072671 -4.0501842
60862 26021.247 1114.6093 782.50773 -6946.974400000001 -0.8406568200000001 -7.380791100000001 -0.97651255
60862 26441.247 664.98323 -2292.4771 -6668.6012 -1.2650516 -7.0207823 2.2795591
60862 26861.247 86.502751 -4923.115400000001 -5094.418 -1.4442665 -5.2991693 5.0933705
60862 27281.247 -508.71512 -6598.0938 -2529.0666 -1.3432186 -2.5437972 6.921052899999999
60862 27701.247 -1004.8739 -6988.9227 529.43091 -0.9802257200000001 0.71452792 7.4016413000000005
60862 28121.247 -1305.0358999999999 -6016.6353 3484.2525 -0.42529360000000005 3.8391246999999997 6.4345976
60862 28541.247 -1350.3621 -3869.4467000000004 5756.8330000000005 0.21310511000000001 6.2159798 4.206768100000001
60862 28961.247 -1131.8632 -966.26532 6901.6688 0.8101585 7.3791002 1.1535677
60862 29381.247 -692.0715600000001 2125.5742999999998 6693.360000000001 1.2494367 7.099768500000001 -2.1295274
60862 29801.247 -116.69779 4801.4764000000005 5170.8657 1.4445573 5.4279771000000006 -4.9998672
60862 30221.247 481.48209 6534.576400000001 2631.2384 1.3563513 2.6866028 -6.8915451999999995
60862 30641.247 985.0761200000001 6983.788500000001 -426.72362 1.0017431 -0.58253486 -7.4262406
60862 31061.247 1295.4069 6062.4711 -3400.9984 0.45173374 -3.7296504 -6.5009191
60862 31481.247 1352.4716 3955.4593 -5708.9405 -0.18412652000000002 -6.135714 -4.3076705
60862 31901.247 1146.2057 1077.9787 -6902.7278 -0.7814808900000001 -7.3394313 -1.2847881
60862 32321.247 717.57607 -2008.8381000000002 -6754.019700000001 -1.2258951 -7.1175578999999995 1.9806071
60862 32741.247 149.91498 -4706.318700000001 -5293.0643 -1.4327651000000001 -5.515456 4.8621471000000005
60862 33161.247 -446.7898 -6490.1871 -2802.2777 -1.3616949999999999 -2.8373730999999998 6.8032077
60862 33581.247 -956.46455 -7010.5396 235.09685000000002 -1.025017 0.40162873000000004 7.4205123
60862 34001.247 -1279.4732 -6162.8373 3226.3001000000004 -0.4874618 3.568668 6.585937700000001
60862 34421.247 -1352.4541000000002 -4110.8502 5585.3215 0.145767 6.0404917 4.4600949000000005
60862 34841.247 -1161.0309 -1255.1896000000002 6849.525900000001 0.75066918 7.3318844 1.4592822
60862 35261.247 -742.5267600000001 1845.7236 6770.3285000000005 1.2091931 7.1896399 -1.8301979
60862 35681.247 -178.66824 4585.152099999999 5362.2455 1.4314202 5.6369139 -4.7659945
60862 36101.247 420.25442 6424.519 2898.9142 1.3729916000000002 2.9752017 -6.768383200000001
60862 36521.247 936.62228 7001.786099999999 -135.38064000000003 1.0448914999999999 -0.27171366999999996 -7.4386054999999995
60862 36941.247 1269.1956 6204.771 -3143.285 0.51267628 -3.4585581000000003 -6.6457398
60862 37361.247 1353.5218 4193.823600000001 -5535.0662999999995 -0.117468 -5.9572618 -4.5552856
60862 37781.247 1174.169 1365.4984 -6846.0797 -0.72206863 -7.28741 -1.5861366000000001
60862 38201.247 766.9301700000001 -1728.0602 -6825.0704000000005 -1.1850945 -7.2010476 1.6837814000000002
60862 38621.247 211.05516 -4486.6482000000005 -5477.7375999999995 -1.4183584 -5.7182365 4.626750299999999
60862 39041.247 -385.7341 -6374.2728 -3064.6226 -1.3765188000000002 -3.1206053000000002 6.6749184
60862 39461.247 -907.39085 -7021.0363 -53.713716 -1.0662960000000001 0.092853636 7.424743800000001
60862 39881.247 -1251.9715 -6297.798 2967.4856 -0.54720413 3.2946197 6.7222178
60862 40301.247 -1351.9214 -4343.9844 5407.246 0.07921157300000001 5.8548203 4.7019232
60862 40721.247 -1187.6073000000001 -1541.0049 6787.2217 0.69027581 7.2708719 1.7596291000000002
60862 41141.247 -791.06011 1563.136 6836.3393 1.1667512 7.2655154 -1.5298544
60862 41561.247 -240.69924 4360.5085 5550.2102 1.4144145000000001 5.8319096 -4.5215192
60862 41981.247 356.87766 6304.778700000001 3174.5492000000004 1.3854132 3.2601296000000004 -6.624280700000001
60862 42401.247 884.64317 7011.277700000001 172.26182 1.085869 0.047720123 -7.4337402
60862 42821.247 1239.0264 6343.6462 -2863.9098 0.57367706 -3.1732954 -6.7829619
60862 43241.247 1350.0417 4430.0357 -5336.112400000001 -0.050023989 -5.7720766 -4.805424100000001
60862 43661.247 1196.3243 1646.4629 -6760.362 -0.66500157 -7.2437248 -1.8797211
60862 44081.247 808.64601 -1458.4441000000002 -6858.4435 -1.1488936 -7.2903386 1.4149345000000002
60862 44501.247 263.31097 -4281.8655 -5618.384400000001 -1.4055125000000002 -5.8966399 4.4273806
60862 44921.247 -333.36205 -6260.798400000001 -3271.3707000000004 -1.38806 -3.3587224 6.5693997
60862 45341.247 -864.79015 -7017.3513 -284.97412 -1.0990951 -0.16430533 7.4224236
60862 45761.247 -1226.7188 -6397.5757 2758.2107 -0.5960685499999999 3.0629778 6.8265716
60862 46181.247 -1349.0573000000002 -4528.4209 5261.093900000001 0.023001703 5.68921 4.8940679000000005
60862 46601.247 -1208.1623 -1775.5378 6734.839599999999 0.63667328 7.2020952 2.0077259
60862 47021.247 -831.78479 1323.4718 6892.5421 1.1259147 7.3105188 -1.2693902000000001
60862 47441.247 -293.26093 4164.305600000001 5702.9119 1.3960128 5.9926035 -4.3020158
60862 47861.247 302.24351 6191.6928 3398.362 1.3935875000000002 3.5009650000000003 -6.4962026
60862 48281.247 838.71047 7007.750400000001 426.43665999999996 1.1184898 0.31949122 -7.4203289
60862 48701.247 1210.9112 6451.3204000000005 -2629.2946 0.62445732 -2.9247354999999997 -6.8880095
60862 49121.247 1345.2799 4628.0737 -5166.9643 0.0091734119 -5.5957951999999995 -5.0098602
60862 49541.247 1216.4175 1897.5211000000002 -6692.447400000001 -0.60880795 -7.1732017 -2.1439599
60862 49961.247 850.15804 -1201.974 -6907.2011 -1.1059498 -7.3410135 1.1359371
60862 50381.247 317.83989 -4066.7163 -5769.3201 -1.3868154 -6.0739902 4.1925284000000005
60862 50801.247 -276.57553 -6136.576599999999 -3500.9508 -1.3966882 -3.6183934 6.4295111
60862 51221.247 -816.87287 -7006.2614 -546.09674 -1.1333826 -0.45420497 7.4065724
60862 51641.247 -1197.4447 -6506.034000000001 2515.9249 -0.6489884300000001 2.7952088 6.9319201999999995
60862 52061.247 -1344.3227 -4735.813700000001 5086.0382 -0.039301754 5.491973 5.1041317
60862 52481.247 -1229.5881000000002 -2043.9668000000001 6663.9498 0.57637681 7.113854099999999 2.2863238000000004
60862 52901.247 -876.0474200000001 1044.9643 6944.351000000001 1.0793492000000002 7.352545 -0.97314975
60862 53321.247 -352.41598 3930.8389 5872.6523 1.3730368000000002 6.1621729 -4.0468228
60862 53741.247 239.70926 6051.3559000000005 3655.1393 1.3999065000000002 3.7667503000000004 -6.3386906
60862 54161.247 784.8879300000001 6989.6724 722.38199 1.1532118 0.6270329 -7.3953476
60862 54581.247 1176.4069 6559.4872000000005 -2352.2259 0.68001519 -2.6419262 -7.0009677
60862 55001.247 1337.3475 4843.5787 -4964.6373 0.073651695 -5.3925733000000005 -5.2313142
60862 55421.247 1236.3873 2179.0494 -6602.3421 -0.54624023 -7.084126400000001 -2.4380257000000003
60862 55841.247 893.69389 -911.29704 -6945.6601 -1.0585893000000002 -7.3892398 0.82917944
60862 56261.247 376.35719 -3823.9878 -5928.5718 -1.3640455 -6.2503492 3.9337585
60862 56681.247 -214.53856 -5989.1501 -3749.6443 -1.4029757 -3.8882513 6.2694925999999995
60862 57101.247 -763.4501899999999 -6982.7142 -835.34795 -1.167406 -0.76437374 7.3766638
60862 57521.247 -1163.0301000000002 -6610.5705 2242.904 -0.70387571 2.5059029 7.037374
60862 57941.247 -1335.5443 -4947.6358 4882.4211 -0.10433527 5.2796303 5.3233760000000006
60862 58361.247 -1248.0615 -2321.3474 6569.1075 0.51375978 7.0189852 2.5765251
60862 58781.247 -918.1725 755.96801 6976.633400000001 1.0311740999999999 7.3929944 -0.6678466200000001
60862 59201.247 -410.04537 3686.4017000000003 6026.0252 1.3486177000000001 6.330580299999999 -3.7849467
60862 59621.247 177.77351000000002 5899.3488 3900.167 1.4042155 4.0314785 -6.1714853000000005
60862 60041.247 730.7831500000001 6959.9314 1011.0353000000001 1.1855948 0.93655806 -7.3570567
60862 60461.247 1140.7563 6658.4545 -2076.371 0.73405144 -2.3488446 -7.0992213
60862 60881.247 1327.1305 5051.8457 -4755.7593 0.13869569999999998 -5.1739052 -5.4466237
60862 61301.247 1253.5720000000001 2455.6622 -6501.3477 -0.48294732 -6.982499799999999 -2.7278255
60862 61721.247 934.90803 -620.38036 -6972.211700000001 -1.009335 -7.4241752 0.52134455
60862 62141.247 433.55601 -3575.7087 -6077.608700000001 -1.3384384 -6.4151093 3.6679326999999997
60862 62561.247 -152.53058 -5832.1562 -3992.1482 -1.4060783 -4.1510102 6.0976764
60862 62981.247 -708.78629 -6947.9098 -1123.9213 -1.1987067999999999 -1.0737661 7.3328046
60862 63401.247 -1126.4551999999999 -6704.905 1964.7963 -0.7572378599999999 2.2107765 7.130169700000001
60862 63821.247 -1324.2262 -5152.7362 4669.147 -0.16913892000000003 5.0567249 5.5340668
60862 64241.247 -1264.1608 -2596.9957000000004 6462.1407 0.4501549 6.9113804000000005 2.8636375
60862 64661.247 -958.54767 463.36555 6996.6732 0.9810793999999999 7.4211615 -0.36011351
60862 65081.247 -466.85152000000005 3433.6668 6169.1764 1.3217759000000002 6.4892029 -3.5161063
60862 65501.247 115.59700000000001 5735.7128 4138.615 1.405916 4.2901849 -5.9941474
60862 65921.247 675.3882 6917.3385 1297.9864 1.2155839000000002 1.2448856000000001 -7.306602799999999
60862 66341.247 1102.9598999999998 6745.1676 -1797.1176 0.78645536 -2.0517804 -7.1857076
60862 66761.247 1314.2886 5250.5408 -4538.9839 0.20313486 -4.9465993 -5.6526078
60862 67181.247 1268.1326999999999 2727.0857 -6389.4169 -0.41905545 -6.8688978 -3.0125778000000003
60862 67601.247 973.9343100000001 -329.47637 -6986.563700000001 -0.95845044 -7.4461844 0.2136665
60862 68021.247 489.44399 -3322.1885 -6215.552900000001 -1.3103403 -6.5681583 3.3967305000000003
60862 68441.247 -90.681728 -5665.675200000001 -4226.8395 -1.4062724000000002 -4.4056254 5.9158547
60862 68861.247 -653.06739 -6901.2648 -1409.5186 -1.2272303 -1.3802828 7.2763301
60862 69281.247 -1087.7818 -6787.3901 1684.2523 -0.8085043399999999 1.9127829 7.2102284
60862 69701.247 -1310.1538 -5348.2755 4448.496400000001 -0.23300793 4.8257783 5.734445300000001
60862 70121.247 -1277.3854 -2867.2698 6344.3257 0.38618251 6.792212900000001 3.1447813
60862 70541.247 -996.4684300000001 170.92772 7004.4672 0.92938393 7.4364821 -0.05297477
60862 70961.247 -522.08698 3175.8536000000004 6300.9855 1.2923852999999998 6.6360919 -3.2424458
60862 71381.247 53.79949 5562.6923 4368.754900000001 1.4045949 4.5404582 -5.8073912000000005
60862 71801.247 619.12399 6862.8461 1581.2474 1.2427315 1.5497579000000001 -7.243927800000001
60862 72221.247 1063.2277 6819.7141 -1516.2335 0.8367046100000001 -1.7525027 -7.2594966
60862 72641.247 1298.8303 5439.139700000001 -4315.5886 0.2665408 -4.7118038 -5.8479411
60862 73061.247 1279.9278000000002 2992.4753 -6267.2643 -0.35488842 -6.743869800000001 -3.290803
60862 73481.247 1009.5228000000001 -43.138167 -6984.9686 -0.9077546200000001 -7.4595248000000005 -0.08475533900000001
60862 73901.247 541.95088 -3068.1966 -6333.0278 -1.2823576 -6.7076384 3.1402322
60862 74321.247 -31.515247 -5492.2043 -4439.0401 -1.4048798999999998 -4.6402114 5.7437703
60862 74741.247 -599.0432800000001 -6838.079 -1669.6666 -1.2525335 -1.6613159000000002 7.2233909
60862 75161.247 -1048.997 -6841.7168 1428.2942 -0.85443355 1.6436178000000001 7.2820151
60862 75581.247 -1293.3002 -5503.825 4245.649 -0.28999383 4.6192324 5.9113929
60862 76001.247 -1284.8171000000002 -3089.531 6231.438 0.32901533 6.6833112 3.3894276
60862 76421.247 -1026.1834000000001 -73.599974 7000.7789 0.8819732400000001 7.4404902 0.2147865
60862 76841.247 -568.1920500000001 2956.7608 6406.5958 1.2629217000000001 6.7516302999999995 -2.9972375
60862 77261.247 0.13826923 5412.76 4564.9322 1.3987395 4.7497782 -5.6280978
60862 77681.247 568.40609 6815.5787 1833.0085000000001 1.2624077 1.8184328 -7.1655925
60862 78101.247 1025.7886 6889.39 -1256.9214 0.8795098 -1.4732448999999999 -7.304234800000001
60862 78521.247 1282.9269 5618.1807 -4100.8811000000005 0.32463014 -4.4795948 -6.0129522
60862 78941.247 1289.5777 3249.9367 -6142.0273 -0.29345656000000003 -6.6104357 -3.5451295000000003
60862 79361.247 1044.5175 247.28770000000003 -6981.1292 -0.8541666800000001 -7.450589600000001 -0.38384031
60862 79781.247 595.5114100000001 -2803.5244 -6453.3606 -1.2485514 -6.8356185 2.8560566
60862 80201.247 30.623355 -5307.782700000001 -4665.5609 -1.3982353 -4.8775894 5.5375075
60862 80621.247 -540.2594799999999 -6774.0680999999995 -1962.8834 -1.2746763 -1.9693589999999999 7.1313812
60862 81041.247 -1005.2191 -6911.581099999999 1126.2046 -0.90262156 1.3253483000000001 7.3333732000000005
60862 81461.247 -1273.651 -5697.6813 3994.6393 -0.35459783 4.3579509 6.0987941
60862 81881.247 -1293.4974 -3371.5297 6081.5194 0.26143437999999997 6.5345629 3.6744348000000002
60862 82301.247 -1061.3728 -388.44076 6980.7425 0.82553526 7.4353321 0.5370404999999999
60862 82721.247 -622.6904499999999 2670.2335000000003 6517.8829000000005 1.228911 6.8886331 -2.7050537
60862 83141.247 -62.74687 5208.5475 4782.1139 1.3933514 4.9974542 -5.4242044
60862 83561.247 509.76104 6734.1313 2111.5684 1.2850922 2.1246739 -7.0819239
60862 83981.247 982.2017900000001 6940.2645 -972.4708 0.92647756 -1.161758 -7.3559758
60862 84401.247 1261.8725 5784.745 -3864.7055 0.38776183 -4.222338 -6.1963607000000005
60862 84821.247 1294.3758 3495.851 -5998.1995 -0.22842828 -6.4662099 -3.8180357
60862 85241.247 1074.3485 525.04978 -6958.1961 -0.79924934 -7.4379167 -0.68926845
60862 85661.247 644.68874 -2547.7907999999998 -6556.411 -1.2126907000000002 -6.951521800000001 2.5701963
60862 86081.247 89.077688 -5122.8114000000005 -4870.2007 -1.3891286 -5.1067713 5.325658000000001
60863 101.247 -483.92316 -6696.7083 -2229.8005 -1.2941167 -2.2634933 7.038217400000001
60863 521.247 -962.3695600000001 -6962.0638 847.5473499999999 -0.9464008300000001 1.0202745 7.3715803
60863 941.247 -1253.0138000000002 -5868.7888 3759.1712 -0.41486466 4.0987913 6.2635661
60863 1361.247 -1299.7028 -3632.6286 5937.3223 0.19591677000000002 6.3723144000000005 3.9376887000000003
60863 1781.247 -1093.957 -690.8568100000001 6959.4971 0.7675726100000001 7.4048245 0.8497319400000001
60863 2201.247 -675.91661 2384.9272 6627.629900000001 1.1903492000000002 6.9999065 -2.4048249999999998
60863 2621.247 -126.55128 4996.837 5004.2651 1.3825237 5.2309189 -5.1989758
60863 3041.247 447.48558 6633.5403 2401.9148 1.3052991999999999 2.4322484 -6.9858444
60863 3461.247 933.80747 6971.2384 -671.37237 0.97178807 -0.8522898 -7.4044908
60863 3881.247 1236.8465 5940.7565 -3612.4706 0.44715647000000003 -3.9728767 -6.3663099
60863 4301.247 1297.1691 3744.4079 -5842.9101 -0.16450934 -6.3108471 -4.0779185
60863 4721.247 1102.8841000000002 813.47912 -6923.1277 -0.74390967 -7.4128813000000005 -0.98872449
60863 5141.247 692.6644699999999 -2275.3017000000004 -6642.9538 -1.1778345 -7.0603416 2.298428
60863 5561.247 146.51001000000002 -4919.5967 -5057.2558 -1.3803117999999999 -5.3217176 5.1314911
60863 5981.246999999999 -428.48697 -6597.7155 -2475.2144 -1.3120454 -2.5352165 6.9585856
60863 6401.246999999999 -919.25125 -6978.8267000000005 594.69147 -0.9859365800000001 0.7500921700000001 7.415
60863 6821.246999999999 -1229.5373 -5989.512 3547.7832000000003 -0.46729545 3.8804383 6.4128788000000005
60863 7241.247 -1299.2751 -3828.0956 5805.3623 0.14037496 6.239716400000001 4.1598065
60863 7661.247 -1115.8863999999999 -920.60314 6929.404500000001 0.71808582 7.3759108 1.1060835
60863 8081.247 -715.91423 2165.7898 6705.277900000001 1.1550483999999999 7.0790453 -2.1550079
60863 8501.247 -177.19382000000002 4832.376 5178.1224 1.3680498 5.4093162 -4.9976299
60863 8921.247 395.8552 6560.962500000001 2643.5477 1.3156398 2.6847667000000004 -6.8726982
60863 9341.247 891.79536 7012.7368 -406.49271999999996 1.0067863 -0.57007885 -7.410359400000001
60863 9761.247 1213.7705 6096.8588 -3376.889 0.50089536 -3.7194198000000003 -6.4988322
60863 10181.247 1298.7239 3990.4977000000003 -5686.0973 -0.10312182 -6.1445188 -4.314062600000001
60863 10601.247 1129.9643 1104.5354 -6881.483700000001 -0.68721674 -7.3699483 -1.2829901
60863 11021.247 740.3186999999999 -1997.1278 -6727.7749 -1.1375414000000001 -7.154879200000001 2.0032885
60863 11441.247 205.77576000000002 -4708.2276 -5253.960099999999 -1.3655233 -5.5371669 4.900145
60863 11861.247 -369.04402000000005 -6495.0381 -2746.8067 -1.3260289 -2.8289937 6.8392533
60863 12281.247 -871.38296 -7006.216200000001 301.24019 -1.0261897 0.43480878 7.4321773
60863 12701.247 -1202.8163000000002 -6142.892900000001 3290.2832000000003 -0.5260758799999999 3.6058535000000003 6.5641425
60863 13121.247 -1299.1444 -4078.4010000000003 5634.8087000000005 0.074634253 6.0603959000000005 4.4157007
60863 13541.247 -1142.5544 -1219.5805 6879.7396 0.65835688 7.3273564 1.416197
60863 13961.247 -764.29458 1876.0623 6786.6163 1.1131153999999999 7.1709213 -1.8517482
60863 14381.247 -237.92651999999998 4608.0505 5374.7722 1.3521431 5.623676499999999 -4.7610177
60863 14801.247 334.55599 6445.3347 2917.0374 1.3288917 2.9792748000000002 -6.7495787
60863 15221.247 841.80445 7027.52 -109.82073 1.0464602 -0.25396413 -7.4248326
60863 15641.247 1184.6753 6237.9351 -3115.0122 0.55904927 -3.4441765 -6.6470631000000004
60863 16061.247 1295.9686000000002 4229.0032 -5509.6557999999995 -0.03793243600000001 -5.9632868 -4.565736200000001
60863 16481.247 1153.8599 1393.0935 -6824.0878 -0.6275537900000001 -7.3165156 -1.5889043999999999
60863 16901.247 786.07914 -1715.065 -6800.022400000001 -1.0947208000000002 -7.2390347 1.7012705000000001
60863 17321.247 265.36748 -4486.2734 -5446.7221 -1.3475057 -5.7374715 4.6625111
60863 17741.247 -307.73875 -6377.4597 -3019.745 -1.3369115999999999 -3.114614 6.7098615
60863 18161.247 -820.51526 -7016.3012 2.5434912 -1.0640938000000002 0.12366734 7.4412233
60863 18581.247 -1172.1628 -6277.2836 3024.414 -0.58262311 3.3357503000000004 6.7080845
60863 19001.247 -1294.0353 -4308.0402 5451.6663 0.011312208 5.8855494 4.661660299999999
60863 19421.247 -1163.1334 -1496.4002 6811.8495 0.60112519 7.2795136000000005 1.7102929999999998
60863 19841.247 -805.74046 1606.816 6842.2248 1.0724629 7.253294 -1.5670935
60863 20261.247 -291.67995 4397.6467 5538.7633 1.3350006 5.8166722 -4.5371476
60863 20681.247 279.09096000000005 6333.026400000001 3155.2722000000003 1.337981 3.2462284 -6.6250518000000005
60863 21101.247 795.4847900000001 7034.8111 155.69955 1.0801910000000001 0.039436505 -7.4212427
60863 21521.247 1156.7602 6364.845200000001 -2874.2175 0.61164303 -3.1768186000000003 -6.7670502
60863 21941.247 1292.4899 4453.7425 -5342.2796 0.024045793 -5.7725157000000005 -4.7905399
60863 22361.247 1176.3532 1674.6491 -6766.585900000001 -0.56791029 -7.2419945 -1.8792168999999999
60863 22781.247 831.00375 -1430.7105000000001 -6868.840200000001 -1.0494634 -7.3003124 1.401202
60863 23201.247 323.55222 -4256.237400000001 -5626.9402 -1.3270650000000002 -5.9329279 4.4141988
60863 23621.247 -246.46299 -6251.7856 -3288.4461 -1.3444952000000001 -3.3988967 6.5621225999999995
60863 24041.247 -768.42801 -7019.8755 -300.23877000000005 -1.0996124 -0.19703823 7.4300614
60863 24461.247 -1139.7457 -6411.7475 2746.9652 -0.6391509700000001 3.044328 6.83807
60863 24881.247 -1287.5488 -4546.2001 5254.0196 -0.054412833 5.6856825 4.9065456
60863 25301.247 -1183.7109 -1790.9871 6732.3741 0.53995789 7.2105160999999995 2.0161398
60863 25721.247 -848.9417900000001 1313.0195 6893.3159000000005 1.0276531 7.3253467 -1.2618007
60863 26141.247 -348.71216 4161.1219 5707.2853 1.3149410000000001 6.0122652 -4.2922806
60863 26561.247 219.50089000000003 6197.779 3405.6264 1.3459788000000001 3.52482 -6.4862093000000005
60863 26981.247 744.8731600000001 7024.577 437.51175 1.1142018 0.34649964 -7.412363
60863 27401.247 1124.6532 6478.568200000001 -2616.0570000000002 0.66475402 -2.9006801 -6.8877623
60863 27821.247 1284.9913000000001 4668.0672 -5158.1107 0.086269896 -5.5769464 -5.0165150999999994
60863 28241.247 1194.8786 1947.5934 -6692.2979000000005 -0.50816134 -7.1628527 -2.168345
60863 28661.247 872.1194499999999 -1152.1293 -6920.0615 -1.0033751 -7.3533502 1.1020532
60863 29081.247 379.50521000000003 -4027.2339 -5796.2205 -1.3036358000000001 -6.1101704 4.1617752
60863 29501.247 -187.22692 -6120.3126 -3540.8785000000003 -1.3488535 -3.6670477999999997 6.4084999
60863 29921.247 -716.85465 -7012.8629 -591.78593 -1.1315663 -0.51140683 7.4037273
60863 30341.247 -1106.3255 -6534.0746 2473.4157999999998 -0.69297303 2.7489091 6.9507303
60863 30761.247 -1278.675 -4770.8994 5053.4438 -0.11906714 5.475417800000001 5.1392617000000005
60863 31181.247 -1201.2004 -2075.6666 6643.4321 0.47854021 7.1284668 2.3152435999999996
60863 31601.247 -889.5003100000001 1022.9755 6933.517400000001 0.9809626 7.3816066000000005 -0.9561573200000001
60863 32021.247 -404.18649 3921.9417000000003 5866.8297 1.2917092000000001 6.1939516 -4.0387853
60863 32441.247 160.01961 6055.2992 3652.0398 1.3504006 3.7960099 -6.3325963000000005
60863 32861.247 692.9694000000001 7005.847900000001 722.07586 1.1452907 0.6551308400000001 -7.3872462
60863 33281.247 1090.5653 6587.8667000000005 -2349.3141 0.71677922 -2.6114067 -6.9954442
60863 33701.247 1275.4359 4884.4006 -4961.5695000000005 0.14935555 -5.3632520999999995 -5.237785
60863 34121.247 1212.0754 2230.2684 -6605.6918 -0.44590145999999997 -7.0659790000000005 -2.4624140000000003
60863 34541.247 913.16597 -857.3662800000001 -6962.7741 -0.95397484 -7.3941515 0.7903044300000001
60863 34961.247 436.7906 -3778.1821 -5962.9113 -1.2770942 -6.2839961 3.8932703
60863 35381.247 -124.61819 -5962.6139 -3798.4167 -1.3519847999999999 -3.9439215 6.2439419
60863 35801.247 -661.5463100000001 -6981.7403 -890.55349 -1.1624256 -0.82484629 7.3757719
60863 36221.247 -1068.8597 -6632.403 2192.6059 -0.74477833 2.4610613 7.0605503
60863 36641.247 -1266.6411 -4982.7524 4844.8828 -0.18139981 5.2630708 5.3583586
60863 37061.247 -1216.5187 -2357.5944 6546.6336 0.41648853 7.0301362 2.6077536
60863 37481.247 -928.52678 728.5528 6964.9307 0.93200353 7.4218471 -0.6480596200000001
60863 37901.247 -459.27666999999997 3672.5345 6020.1406 1.2654569 6.3644184 -3.7762466
60863 38321.247 99.65380800000001 5899.2307 3896.6873 1.3519280000000002 4.0623883 -6.167492500000001
60863 38741.247 639.0900600000001 6972.664900000001 1009.5799000000001 1.1741055 0.9640427 -7.3515758
60863 39161.247 1053.5813 6682.6642 -2075.5985 0.7668721500000001 -2.3213922 -7.094536199999999
60863 39581.247 1262.2448000000002 5086.667 -4754.6111 0.21089728 -5.1477627 -5.4510423
60863 40001.247 1225.0528000000002 2500.0051000000003 -6505.0564 -0.38481722 -6.965057600000001 -2.747236
60863 40421.247 949.6674499999999 -572.88043 -6987.4704 -0.9048257200000001 -7.425900700000001 0.4877964
60863 40841.247 489.7403 -3534.3439 -6108.3952 -1.2491966 -6.4428917000000006 3.6298078
60863 41261.247 -65.468722 -5807.4822 -4037.1905 -1.3509174000000002 -4.201205799999999 6.0704712
60863 41681.247 -607.6036700000001 -6944.705900000001 -1176.0893 -1.1893268000000001 -1.1341762000000002 7.3297134999999995
60863 42101.247 -1031.1573 -6724.872 1916.4094 -0.79395945 2.1639231 7.1505041
60863 42521.247 -1252.6877 -5187.2315 4632.5572999999995 -0.24339301000000002 5.0358619 5.567367900000001
60863 42941.247 -1228.9043000000001 -2633.0049 6439.624400000001 0.35393672 6.9191089 2.8955569000000003
60863 43361.247 -965.15751 434.91134000000005 6985.598400000001 0.88100975 7.4473434 -0.33809145
60863 43781.247 -513.09558 3418.0047999999997 6165.0671 1.2359661000000002 6.5222034 -3.5042936
60863 44201.247 39.088955999999996 5733.9123 4138.2144 1.3498558 4.3224602999999995 -5.9872199
60863 44621.247 583.60589 6929.4158 1300.7995 1.1999792 1.2754802 -7.299333300000001
60863 45041.247 1014.0408000000001 6770.2666 -1791.7299 0.8155476 -2.0207139 -7.1808862
60863 45461.247 1246.1677 5286.3478 -4533.590700000001 0.27281211 -4.917758399999999 -5.6594534
60863 45881.247 1235.5825 2773.2828 -6389.807400000001 -0.32209822000000005 -6.8500715 -3.0341217
60863 46301.247 984.5815200000001 -279.55445000000003 -6999.5839000000005 -0.85330262 -7.446801300000001 0.17806133
60863 46721.247 542.17049 -3278.0016 -6245.017400000001 -1.2186568 -6.595257800000001 3.3562145
60863 47141.247 -5.7337342 -5638.1530999999995 -4271.7438 -1.3472366 -4.4563261 5.8854299
60863 47561.247 -552.3102 -6897.5518 -1463.6159 -1.2129957999999998 -1.4422568000000002 7.2680343999999995
60863 47981.247 -990.97547 -6808.3325 1632.0386 -0.84108845 1.8604513 7.227244300000001
60863 48401.247 -1235.6501 -5386.304400000001 4407.4089 -0.30469714 4.7981226 5.7684899
60863 48821.247 -1238.6716000000001 -2910.8541 6318.6783 0.29038752 6.793663899999999 3.1821149
60863 49241.247 -999.83319 133.1165 6993.1320000000005 0.8279736400000001 7.4608905000000005 -0.023289002
60863 49661.247 -565.93829 3151.1426 6299.7069 1.2039396 6.6721533 -3.2240967
60863 50081.247 -21.597592000000002 5553.8832 4373.2384 1.3451077 4.5786552 -5.7974079000000005
60863 50501.247 526.8961700000001 6870.5693 1589.6390000000001 1.2233209 1.5864122 -7.237144000000001
60863 50921.247 972.26332 6842.6477 -1505.8890000000001 0.86221899 -1.716873 -7.2574683
60863 51341.247 1226.5883999999999 5470.402700000001 -4304.5202 0.33312813999999996 -4.6853607 -5.8596683
60863 51761.247 1241.2212 3027.9903 -6260.612099999999 -0.26131426 -6.7358346000000004 -3.310394
60863 52181.247 1013.8593000000001 -4.1961784 -6992.474700000001 -0.8031684400000001 -7.4625624 -0.11752330999999999
60863 52601.247 588.69678 -3035.5365 -6356.5966 -1.1878094000000001 -6.733072900000001 3.0949272999999997
60863 53021.247 48.730360000000005 -5474.7901 -4477.7823 -1.3408327 -4.689561800000001 5.7033655
60863 53441.247 -500.71548 -6845.3955000000005 -1722.767 -1.2321297 -1.7284445000000002 7.1976077
60863 53861.247 -952.3461800000001 -6879.0026 1369.6695 -0.8827999999999999 1.5705599 7.282845999999999
60863 54281.247 -1218.0442 -5569.3688 4194.340200000001 -0.36180971 4.558999399999999 5.944245700000001
60863 54701.247 -1246.4428 -3174.8575 6199.7521 0.22860278 6.6539663000000004 3.4477358
60863 55121.247 -1032.4006 -162.69717000000003 6996.241900000001 0.77375398 7.4524969 0.28241688
60863 55541.247 -617.65301 2881.0346 6428.9131 1.1686717000000002 6.801527200000001 -2.9401202
60863 55961.247 -82.69657600000001 5363.313099999999 4606.3204000000005 1.3366402000000002 4.8222057000000005 -5.5959959
60863 56381.247 468.07316 6797.5781 1883.554 1.2439981 1.8983974000000001 -7.1606661
60863 56801.247 927.5025400000001 6902.5954 -1209.7907 0.90728796 -1.4069684 -7.3236151000000005
60863 57221.247 1205.2209 5655.1135 -4065.6884 0.39308296000000004 -4.434481 -6.0482877
60863 57641.247 1245.5297 3295.9119 -6116.9924 -0.1977292 -6.5988827 -3.5918793
60863 58061.247 1042.9216 291.07403999999997 -6974.322700000001 -0.74995481 -7.4652306 -0.42496765
60863 58481.247 636.20197 -2770.1652999999997 -6462.768900000001 -1.1544176 -6.8680642 2.8202903999999998
60863 58901.247 105.00426 -5288.9445000000005 -4683.1529 -1.3330076 -4.9263952 5.5128174
60863 59321.247 -446.74862 -6772.2856 -1984.3702 -1.2506511 -2.0197195 7.1239878
60863 59741.247 -911.07285 -6930.233700000001 1103.9176000000002 -0.92371849 1.2791287 7.336738599999999
60863 60161.247 -1197.4253 -5734.4004 3976.1621 -0.41754063 4.3196993 6.1142161999999995
60863 60581.247 -1250.6218999999999 -3421.5287000000003 6072.495 0.16803506999999998 6.5103474 3.7042703
60863 61001.247 -1061.071 -444.3029 6987.1416 0.7195711 7.4329524000000005 0.57994878
60863 61421.247 -665.8503499999999 2619.0618 6543.7955999999995 1.1314955 6.9139116000000005 -2.6569213
60863 61841.247 -141.45266 5173.8021 4827.112700000001 1.3245042 5.0494244 -5.3839675
60863 62261.247 410.45433 6720.671200000001 2167.9369 1.2597931000000002 2.192076 -7.0683346
60863 62681.247 882.00656 6953.4236 -915.64086 0.9482048200000001 -1.1037102 -7.3706435
60863 63101.247 1180.6786000000002 5823.3935 -3819.1949 0.45027361000000005 -4.1879894 -6.2245083
60863 63521.247 1247.845 3551.4457 -5971.9676 -0.13569338 -6.450107699999999 -3.8556801000000003
60863 63941.247 1070.5401000000002 583.6005 -6951.7632 -0.6944321200000001 -7.4467775000000005 -0.73271895
60863 64361.247 684.03982 -2500.6895 -6571.3723 -1.1173062 -6.977404900000001 2.5406007
60863 64781.247 163.44113000000002 -5091.710099999999 -4897.2029 -1.3209112 -5.1472182 5.3076907
60863 65201.247 -388.84139000000005 -6686.5206 -2264.4946 -1.2659999 -2.3094954 7.0333907
60863 65621.247 -865.00941 -6969.8261 814.47748 -0.9637113100000001 0.98320772 7.3838238
60863 66041.247 -1171.8623 -5888.375400000001 3733.8333 -0.47290794 4.0816248 6.2846323
60863 66461.247 -1249.1544 -3652.6319 5920.277400000001 0.10927718 6.378112600000001 3.957973
60863 66881.247 -1082.9186000000002 -705.1211 6949.099200000001 0.66900694 7.42438 0.86064197
60863 67301.247 -705.639 2379.9041 6620.037200000001 1.0977776 7.0228574 -2.4013458
60863 67721.247 -190.88897 5001.1183 4997.7654 1.312838 5.2520066 -5.1959146
60863 68141.247 361.06563 6646.6407 2398.1567999999997 1.2718966 2.453123 -6.9776625999999995
60863 68561.247 842.36827 6992.807 -671.0419499999999 0.9825621099999999 -0.82779371 -7.3951967000000005
60863 68981.247 1158.7305000000001 5968.7712 -3609.188 0.5016495 -3.947445 -6.3671296
60863 69401.247 1247.9323000000002 3774.9318 -5837.654500000001 -0.077882717 -6.300298300000001 -4.090838000000001
60863 69821.247 1092.5162 842.8266 -6917.5683 -0.6433512 -7.4237665 -1.0064405
60863 70241.247 723.99938 -2255.2588 -6645.7831 -1.0819371000000002 -7.0833675000000005 2.2767440999999997
60863 70661.247 213.57757 -4911.3445 -5068.0292 -1.3081804 -5.3539128 5.111105800000001
60863 71081.247 -338.7225 -6604.581700000001 -2494.0654 -1.2779976 -2.5750759 6.9408467
60863 71501.247 -824.69183 -7003.8872 569.95308 -0.9977252 0.7040366400000001 7.4059985
60863 71921.247 -1149.4994 -6034.0673 3522.5221 -0.5236801400000001 3.8355023999999998 6.4209922
60863 72341.247 -1250.509 -3888.8769 5787.816 0.050206982000000004 6.2089448 4.1888886
60863 72761.247 -1108.9698 -989.08162 6927.6638 0.61247052 7.371741 1.1505225000000001
60863 73181.247 -752.79625 2102.2269 6723.1626 1.0557519 7.1065552 -2.1086542
60863 73601.247 -250.84514000000001 4786.1117 5213.1253 1.2952251000000001 5.4621727 -4.9648242
60863 74021.247 299.80147999999997 6539.585 2687.5485 1.283397 2.7469495000000004 -6.8632693
60863 74441.247 791.83128 7016.2853 -363.46015000000006 1.0205312 -0.51673459 -7.4238503
60863 74861.247 1128.7337 6118.5860999999995 -3342.8948 0.5568883499999999 -3.6876214000000003 -6.5264631
60863 75281.247 1244.1896000000002 4020.4436 -5664.687400000001 -0.016273841 -6.136787 -4.3446989
60863 75701.247 1115.5722 1133.5931 -6872.2441 -0.58589022 -7.381078400000001 -1.3101711
60863 76121.247 769.03349 -1974.4375 -6733.5514 -1.039678 -7.1742359 1.9781556
60863 76541.247 271.45547 -4695.463900000001 -5269.4096 -1.2903199 -5.5672321 4.8777989
60863 76961.247 -279.24853 -6497.0956 -2770.9102000000003 -1.2884264 -2.8690921 6.821238999999999
60863 77381.247 -775.2846400000001 -7026.5074 271.64968 -1.0343877 0.38934823999999996 7.4251929
60863 77801.247 -1119.7367 -6181.801 3261.0911 -0.57893999 3.5645052 6.5741512
60863 78221.247 -1245.9041000000002 -4131.4436000000005 5613.4758 -0.012315334 6.0353716 4.4430082
60863 78641.247 -1129.9852 -1278.0808000000002 6872.3578 0.55498607 7.3273623 1.453644
60863 79061.247 -794.95038 1823.2036 6795.157200000001 1.0141534 7.1972456000000005 -1.8153819000000002
60863 79481.247 -305.73185 4570.6195 5396.4084 1.2771282000000002 5.6689521 -4.7365155
60863 79901.247 242.91004999999998 6428.7307 2945.3776000000003 1.2920897 3.0302636000000005 -6.7423322
60863 80321.247 744.01735 7031.3297999999995 -81.726098 1.0544387 -0.21015318 -7.433182700000001
60863 80741.247 1099.4294 6257.0519 -3092.714 0.60971466 -3.416042 -6.6651376
60863 81161.247 1239.3431 4256.241599999999 -5495.885 0.045466112 -5.9526045000000005 -4.587351399999999
60863 81581.247 1136.4653999999998 1421.471 -6819.5928 -0.5271119400000001 -7.3211264 -1.6110955
60863 82001.247 810.91628 -1690.9275 -6802.8578 -0.99705303 -7.2572597 1.6846674000000001
60863 82421.247 327.45144 -4476.2514 -5459.3217 -1.2698927000000002 -5.7611874 4.6446984
60863 82841.247 -220.22378 -6379.259099999999 -3039.132 -1.2954740999999999 -3.1487355 6.6940344
60863 83261.247 -724.87742 -7033.7353 -21.976647 -1.0676263 0.084487381 7.4338062
60863 83681.247 -1087.5842 -6310.8172 2999.5495 -0.63089931 3.3000833 6.7145462
60863 84101.247 -1237.0292 -4350.0659000000005 5431.6451 -0.071427443 5.8688312 4.682037500000001
60863 84521.247 -1145.2642 -1540.9738 6801.9404 0.50083024 7.2842157 1.7357272000000001
60863 84941.247 -830.18592 1568.5546000000002 6842.5063 0.9746131800000001 7.2776616999999995 -1.5453725999999999
60863 85361.247 -353.3358 4372.3523 5546.183400000001 1.2585142 5.8523122 -4.5254401
60863 85781.247 192.40731 6323.1297 3165.2851 1.2971538 3.2822886 -6.6241053
60863 86201.247 700.54822 7038.5498 164.48664000000002 1.08232 0.067461348 -7.4273523
60864 221.247 1071.6679 6377.5335000000005 -2868.3345 0.65603626 -3.1604142000000004 -6.7756896
60864 641.247 1233.5558 4470.9931 -5339.945900000001 0.10226867 -5.7666547 -4.7987196
60864 1061.247 1154.9270000000001 1692.5458999999998 -6767.7525000000005 -0.47034334 -7.2445349 -1.8881339000000001
60864 1481.247 851.4303000000001 -1415.5545 -6874.340099999999 -0.9509730100000001 -7.3109038 1.3891367000000001
60864 1901.247 382.13503000000003 -4247.809700000001 -5638.5156 -1.2468280999999999 -5.9520903 4.3988985000000005
60864 2321.247 -161.67107000000001 -6251.9988 -3300.4419 -1.299498 -3.4258614 6.5530399
60864 2741.247 -674.24949 -7039.438099999999 -316.63897 -1.0971576 -0.22689547 7.4181983
60864 3161.247 -1054.1508999999999 -6444.3802000000005 2727.8307000000004 -0.68185333 3.0128165 6.837452900000001
60864 3581.247 -1228.3013999999998 -4591.689 5238.5114 -0.13378413 5.6626883 4.9197284
60864 4001.247 -1162.945 -1843.6608 6725.269700000001 0.43978512000000003 7.2061498 2.0427545
60864 4421.247 -870.9686700000001 1263.6043 6898.209 0.92759427 7.3451458 -1.2334047000000001
60864 4841.247 -409.16611 4124.2522 5722.4038 1.2350927 6.050373700000001 -4.2737239
60864 5261.247 132.37988 6182.474 3429.3449 1.3007518 3.5686774 -6.4764653
60864 5681.246999999999 647.81436 7027.367200000001 462.41066 1.112799 0.38693149 -7.416221800000001
60864 6101.246999999999 1036.5173 6497.3257 -2595.3975 0.7069857700000001 -2.8708208 -6.9005452
60864 6521.246999999999 1221.3787 4689.4899000000005 -5141.5735 0.16353941 -5.569212 -5.0375813
60864 6941.246999999999 1168.0443 1964.9149 -6683.8952 -0.41217661 -7.1736073 -2.1810253
60864 7361.247 886.5974 -1141.1539 -6915.7136 -0.90571249 -7.371660299999999 1.0948900000000001
60864 7781.247 432.15109 -4024.5305000000003 -5794.3850999999995 -1.2224359 -6.1308106 4.1561206
60864 8201.247 -106.64332 -6122.036599999999 -3538.8369 -1.3006722 -3.6910609 6.4061585
60864 8621.247 -624.58922 -7023.0306 -589.92774 -1.1247375 -0.5279310500000001 7.4022934
60864 9041.247 -1020.4513000000001 -6551.1089 2474.6151 -0.72925487 2.7361185 6.948258200000001
60864 9461.247 -1217.106 -4799.683599999999 5055.2328 -0.19226737 5.4610098 5.1369992
60864 9881.247 -1176.7747 -2113.8379 6648.955599999999 0.38094475 7.1165683 2.3272591000000005
60864 10301.247 -907.6429200000001 983.09149 6946.7080000000005 0.87943989 7.3870047 -0.93283276
60864 10721.247 -462.08314 3888.7882000000004 5890.505400000001 1.2072861000000001 6.2203809 -4.0143702
60864 11141.247 73.406648 6036.585400000001 3683.9912000000004 1.3004824000000001 3.837051 -6.3192744
60864 11561.247 594.3836200000001 7004.7964 756.65047 1.139567 0.6967878399999999 -7.3912248
60864 11981.247 999.0183000000001 6601.5858 -2319.6403999999998 0.75513755 -2.5852109000000003 -7.013091500000001
60864 12401.247 1207.9268000000002 4904.9711 -4940.3975 0.22317178999999998 -5.358929 -5.2584413
60864 12821.247 1180.59 2249.0368 -6592.284900000001 -0.35133553 -7.0797312 -2.4766033000000003
60864 13241.247 922.6479 -846.5859300000001 -6953.2006 -0.8564919 -7.41675 0.78591971
60864 13661.247 484.68408000000005 -3777.0234 -5953.7282000000005 -1.1944808 -6.306092400000001 3.8945569
60864 14081.247 -47.885863 -5969.8460000000005 -3788.7490000000003 -1.2994698 -3.9619829 6.243703900000001
60864 14501.247 -571.06214 -6995.5135 -881.23424 -1.1504163 -0.84068108 7.3709225
60864 14921.247 -982.57824 -6653.0852 2199.2872 -0.77649506 2.4441032000000003 7.0528352000000005
60864 15341.247 -1201.8403 -5007.9165 4849.0123 -0.25195848000000004 5.2469206999999995 5.357481
60864 15761.247 -1187.1063000000001 -2388.2479 6551.7343 0.32068272000000003 7.0202179 2.6173943
60864 16181.247 -941.39241 696.2974300000001 6976.4177 0.82996621 7.425173 -0.62815217
60864 16601.247 -512.65932 3645.4241 6041.1928 1.1779271000000002 6.3858492 -3.7521147999999998
60864 17021.247 15.82189 5884.6898 3926.9822999999997 1.2970072000000001 4.0996012 -6.149375600000001
60864 17441.247 541.08027 6973.9272 1044.1475 1.1631669999999998 1.0063309 -7.3496203
60864 17861.247 960.58677 6700.0528 -2043.4901000000002 0.80121505 -2.2891426000000004 -7.108080200000001
60864 18281.247 1192.0458 5114.4619 -4730.1057 0.28270206999999997 -5.1352865 -5.4720912
60864 18701.247 1190.4157 2528.6396 -6489.3911 -0.29020105 -6.9735082 -2.7667772
60864 19121.247 956.36724 -551.0900300000001 -6978.3737 -0.8057489900000001 -7.4485485 0.47652242
60864 19541.247 535.7320500000001 -3523.285 -6102.1408 -1.1640815 -6.4697933999999995 3.6269533000000003
60864 19961.247 10.520515 -5807.341200000001 -4031.2383 -1.2954008 -4.225283999999999 6.0708377
60864 20381.247 -516.7096 -6955.5975 -1170.0523 -1.1734526 -1.1512134 7.326866
60864 20801.247 -942.84299 -6742.762900000001 1920.8116000000002 -0.82194183 2.1477252 7.1455841
60864 21221.247 -1183.6247 -5204.2778 4633.1965 -0.30997714000000004 5.0302031 5.567640900000001
60864 21641.247 -1193.6103 -2650.7876 6439.9073 0.26185451 6.9213103 2.8977451000000003
60864 22061.247 -970.7795500000001 419.68869 6987.0838 0.78151297 7.4571871000000005 -0.33471445
60864 22481.247 -558.64136 3408.3475 6168.193 1.1485168000000001 6.5385723 -3.4999591000000003
60864 22901.247 -37.557694000000005 5732.1255 4143.1703 1.2917049999999999 4.3431039 -5.9830985000000005
60864 23321.247 490.84784 6936.5607 1307.1369 1.1827147 1.296638 -7.2971234
60864 23741.247 923.35683 6785.4362 -1785.0601000000001 0.84269232 -2.0033492 -7.182125500000001
60864 24161.247 1175.4075 5307.1962 -4528.0796 0.33868466 -4.9093817 -5.6632565999999995
60864 24581.247 1198.4725 2795.4845 -6386.3237 -0.23045974000000002 -6.8523149000000005 -3.0395377
60864 25001.247 988.26771 -260.49721 -6998.348 -0.75389503 -7.4591918999999995 0.17313054
60864 25421.247 585.84324 -3265.7437000000004 -6245.442599999999 -1.1307934 -6.6145107 3.3533999
60864 25841.247 69.35009699999999 -5634.5847 -4272.836200000001 -1.2879953000000002 -4.477636 5.8849928
60864 26261.247 -460.82501 -6904.364500000001 -1463.4913000000001 -1.1936712 -1.4620986 7.2671279
60864 26681.247 -900.6393800000001 -6822.8586 1631.8301000000001 -0.86574861 1.8443215 7.2263288
60864 27101.247 -1164.2713 -5406.5405 4407.0773 -0.36898394 4.786928 5.769667900000001
60864 27521.247 -1200.5503 -2934.1413 6319.609 0.19885476 6.7900825000000005 3.1871072
60864 27941.247 -1002.816 110.33776 6997.1231 0.72706742 7.467160600000001 -0.013970618
60864 28361.247 -609.75535 3133.3070000000002 6308.2015 1.1137021 6.6893623 -3.2125588
60864 28781.247 -97.832477 5545.18 4386.2895 1.2836599000000002 4.6047193 -5.7880196
60864 29201.247 433.05008000000004 6873.2811 1606.1035 1.2030378000000002 1.6163884000000002 -7.2339151
60864 29621.247 879.3492600000001 6857.125900000001 -1489.6857 0.8868106400000001 -1.6922653 -7.2619880000000006
60864 30041.247 1153.5317 5498.9231 -4292.9767999999995 0.39751547 -4.666840100000001 -5.8666372
60864 30461.247 1202.3519 3065.7518999999998 -6255.7843 -0.16849463 -6.7250125 -3.3257269000000003
60864 30881.247 1016.7422 34.832309 -6995.6608 -0.7006060599999999 -7.4686259 -0.13956814
60864 31301.247 633.0917 -3002.8749 -6369.259599999999 -1.0960734 -6.7569797 3.0731747
60864 31721.247 126.07976 -5455.068 -4498.1512999999995 -1.2783019 -4.7259713 5.6894922
60864 32141.247 -405.58239000000003 -6841.7887 -1746.0005 -1.2110691 -1.7671482 7.1960446000000005
60864 32561.247 -857.8605600000001 -6890.2926 1348.1336000000001 -0.9067664400000001 1.5403021000000001 7.292068400000001
60864 32981.247 -1141.9757 -5588.4962000000005 4177.0064 -0.42549907000000003 4.5460655 5.9604568
60864 33401.247 -1203.1911 -3195.2244 6188.8333 0.13827691 6.6583911 3.462173
60864 33821.247 -1029.6972 -178.59626 6990.2349 0.67406786 7.4681234000000005 0.29129441000000006
60864 34241.247 -655.5047800000001 2872.8772000000004 6425.6602 1.078293 6.8218624000000005 -2.9352172999999997
60864 34661.247 -153.50643 5364.0397 4604.9513 1.2725735 4.843566200000001 -5.5913149
60864 35081.247 378.4622 6807.5329 1882.6172 1.2184332 1.9151105 -7.1561925
60864 35501.247 836.39773 6919.665599999999 -1208.6868000000002 0.92594005 -1.3901183000000001 -7.318872900000001
60864 35921.247 1130.2472 5675.1961 -4061.6159 0.45289398000000003 -4.4234976 -6.0503233000000005
60864 36341.247 1203.6144 3322.3736000000004 -6120.9906 -0.10832922 -6.5883653 -3.5958683000000002
60864 36761.247 1042.2226 321.74236 -6983.2107000000005 -0.6473088 -7.4631011 -0.44249534
60864 37181.247 677.70048 -2741.6419 -6480.8 -1.0597455 -6.8827237 2.7951799
60864 37601.247 181.09887 -5270.4490000000005 -4711.7660000000005 -1.2658715 -4.9591532 5.4893576
60864 38021.247 -350.83403999999996 -6770.282200000001 -2020.6036000000001 -1.2250439 -2.063477 7.1125975
60864 38441.247 -814.18124 -6946.6188 1066.4886000000001 -0.94467477 1.2378799 7.3427966
60864 38861.247 -1117.9686000000002 -5760.7456 3944.5029 -0.48058535 4.2950838000000005 6.1390286
60864 39281.247 -1202.1644 -3444.4128 6044.9444 0.078876438 6.523353 3.7291715
60864 39701.247 -1051.7668 -454.56870000000004 6963.4991 0.62283115 7.4670557 0.58301607
60864 40121.247 -696.37594 2622.1755 6520.1817 1.0438311000000002 6.9408149 -2.6756354
60864 40541.247 -204.29441 5185.127 4794.3432 1.2606708000000002 5.0605213000000004 -5.4073385
60864 40961.247 327.78887 6732.923400000001 2127.388 1.2308671 2.1868198000000003 -7.0806778999999995
60864 41381.247 795.6534 6961.6703 -957.44851 0.9599902499999999 -1.1151721 -7.3636341000000005
60864 41801.247 1107.7744 5827.7958 -3854.3668 0.50207114 -4.192536100000001 -6.2033394
60864 42221.247 1203.6813 3555.7901 -5997.5077 -0.052362783999999996 -6.4439933 -3.8343723
60864 42641.247 1065.3973999999998 591.88819 -6970.7637 -0.59505608 -7.436219100000001 -0.7244884100000001
60864 43061.247 720.18434 -2487.0494 -6586.6046 -1.0216934 -6.9833167000000005 2.5236744
60864 43481.247 235.07855 -5082.6403 -4919.4886 -1.2502345000000001 -5.171563600000001 5.284511800000001
60864 43901.247 -295.75719000000004 -6688.3975 -2292.0802000000003 -1.2355664 -2.3461402 7.0196941
60864 44321.247 -768.7617700000001 -6988.1387 783.53601 -0.97941572 0.94422861 7.3831907
60864 44741.247 -1091.4206000000001 -5920.9985 3705.5699 -0.53148838 4.0529523 6.299179100000001
60864 45161.247 -1200.6132 -3695.6507 5900.9487 0.020106845 6.367445399999999 3.9810079000000003
60864 45581.247 -1075.1601 -747.94464 6940.087500000001 0.56731794 7.4359551 0.8851013000000001
60864 46001.247 -739.68609 2345.9547000000002 6620.072400000001 1.0037047000000001 7.0515058 -2.3844852000000003
60864 46421.247 -259.69194 4980.8185 5002.7623 1.2442537 5.2872255 -5.1902859
60864 46841.247 271.13792 6640.6454 2403.4772000000003 1.241417 2.4845171 -6.9810132000000005
60864 47261.247 748.80613 6999.0353 -668.04192 0.99532871 -0.8059540100000001 -7.4008814
60864 47681.247 1079.8216000000002 5986.5470000000005 -3608.5235000000002 0.55502031 -3.9332919000000004 -6.3686909
60864 48101.247 1199.8393 3803.5601 -5842.4745 0.0077636034 -6.284584300000001 -4.0943299
60864 48521.247 1086.2676000000001 880.1178000000001 -6935.9755000000005 -0.5394063200000001 -7.4058614 -1.02778
60864 48941.247 761.6027700000001 -2214.4731 -6678.1996 -0.9810677 -7.0869492 2.2348243
60864 49361.247 288.98406 -4878.714599999999 -5119.6017 -1.2323739 -5.3896718 5.0649974
60864 49781.247 -239.829 -6593.1286 -2562.0378 -1.244057 -2.6376954 6.9123586999999995
60864 50201.247 -721.72123 -7020.401 496.47141 -1.0128135 0.63597056 7.410606700000001
60864 50621.247 -1062.5613999999998 -6075.5388 3457.8464 -0.58323404 3.7886185 6.4560519
60864 51041.247 -1195.6088 -3942.6087 5741.3417 -0.039861335 6.1990716 4.2367832
60864 51461.247 -1095.0313 -1039.2468000000001 6900.1664 0.51079147 7.3967182000000005 1.1897825
60864 51881.247 -780.59897 2067.0999 6707.8832999999995 0.9616572200000001 7.1495876 -2.0904591999999997
60864 52301.247 -313.74094 4768.8764 5201.5668 1.2249557 5.5039224 -4.96483
60864 52721.247 214.53101 6537.5013 2674.3767000000003 1.2487705 2.7771558 -6.869102700000001
60864 53141.247 700.73465 7024.7068 -378.34384000000006 1.0279293 -0.49556329 -7.424743
60864 53561.247 1049.6903 6135.5784 -3356.9987 0.6061987900000001 -3.6667072 -6.5225238
60864 53981.247 1193.4347 4046.3768 -5678.0116 0.067413816 -6.113041900000001 -4.346942
60864 54401.247 1104.6812 1168.9052 -6889.982900000001 -0.48280521 -7.361949 -1.3300203
60864 54821.247 801.2119 -1935.8986000000002 -6759.403200000001 -0.9383852500000001 -7.1786691000000005 1.9412711999999999
60864 55241.247 342.08835 -4664.5109 -5312.2256 -1.2118621 -5.599531 4.8367070000000005
60864 55661.247 -183.56673 -6485.1792000000005 -2828.7125 -1.2497982 -2.9254998000000003 6.7939842
60864 56081.247 -673.29277 -7039.6549 208.05865 -1.0437596 0.32662928 7.4263871
60864 56501.247 -1031.4241 -6218.528700000001 3204.1169 -0.63326589 3.518564 6.6026447
60864 56921.247 -1187.8331 -4181.247600000001 5571.972 -0.099227223 6.0212034999999995 4.485171
60864 57341.247 -1112.1301 -1326.8067 6848.2303 0.45366698000000005 7.345458300000001 1.4913518
60864 57761.247 -819.2509200000001 1786.7906 6783.6147 0.91785364 7.2348529 -1.794181
60864 58181.247 -366.31423 4551.0689 5389.8683 1.2030914000000001 5.7096762 -4.7316845999999995
60864 58601.247 158.23025 6424.769700000001 2939.041 1.2532089000000002 3.0634555999999997 -6.7448693
60864 59021.247 651.76262 7039.4794 -89.18672900000001 1.0577927999999999 -0.18487146000000002 -7.4343357
60864 59441.247 1017.6447 6275.2037 -3100.1289 0.6555930600000001 -3.3928393999999997 -6.6641029
60864 59861.247 1184.6241000000002 4283.9519 -5503.879 0.12662117 -5.929495 -4.5921932
60864 60281.247 1120.7928000000002 1457.9562 -6832.521900000001 -0.42529469999999997 -7.3043736 -1.6311316
60864 60701.247 839.1378199999999 -1651.5287 -6829.9536 -0.89373439 -7.2581837 1.6428858
60864 61121.247 394.47674 -4440.1181 -5497.2163 -1.1887988 -5.8009486 4.5992185
60864 61541.247 -126.91684 -6364.4891 -3092.1516 -1.2529277 -3.2097104 6.6642218
60864 61961.247 -623.46607 -7046.1421 -82.238668 -1.0725331 0.015407313 7.4301318
60864 62381.247 -998.1497800000001 -6350.5830000000005 2943.7758 -0.68197451 3.2418929 6.7390817
60864 62801.247 -1177.5581000000002 -4412.5118 5392.397 -0.15820638 5.833223299999999 4.7267909
60864 63221.247 -1126.7830000000001 -1611.7222 6784.162700000001 0.39589922 7.2820955000000005 1.7906748000000001
60864 63641.247 -855.93804 1503.9514 6847.3693 0.8724509500000001 7.307937700000001 -1.4949883
60864 64061.247 -417.89348 4325.684200000001 5569.2896 1.1788682 5.9052264 -4.4902594
60864 64481.247 101.84991000000001 6301.1116 3199.143 1.2549709 3.3443399 -6.6086939000000005
60864 64901.247 601.62811 7042.308900000001 200.76721 1.0852967000000002 0.12646189 -7.4308532
60864 65321.247 983.61266 6404.3817 -2837.2511 0.70345218 -3.1127421 -6.794247
60864 65741.247 1173.3718000000001 4514.4192 -5319.6136 0.18535547 -5.7357584 -4.8299119
60864 66161.247 1134.4923000000001 1744.6811000000002 -6762.760200000001 -0.36717937 -7.2345730999999995 -1.9295754999999999
60864 66581.247 875.11306 -1364.2986 -6888.1767 -0.84752266 -7.3255825 1.3419695
60864 67001.247 445.72952000000004 -4208.165400000001 -5671.9723 -1.1634650999999998 -5.9924378 4.354424
60864 67421.247 -70.36139200000001 -6232.8553 -3349.2327000000005 -1.2534444 -3.4880308 6.5235768
60864 67841.247 -572.63414 -7039.946 -371.07961 -1.0989039 -0.29506851 7.4217311
60864 68261.247 -962.97613 -6470.738200000001 2679.8073 -0.7288994599999999 2.9607716 6.8638174
60864 68681.247 -1164.8351 -4634.7762999999995 5204.7825 -0.21639598000000002 5.6360813 4.9594437
60864 69101.247 -1138.9007 -1892.2426 6709.201599999999 0.33775035000000003 7.2064198 2.0856288
60864 69521.247 -890.4965 1220.0377 6899.5447 0.82551538 7.367959 -1.194426
60864 69941.247 -468.16982 4093.9347000000002 5738.7092999999995 1.1522547 6.089773 -4.2420336
60864 70361.247 45.67125 6167.2572 3453.0107000000003 1.253966 3.6184069 -6.4614792
60864 70781.247 550.5655 7033.240400000001 489.63097999999997 1.1102756999999999 0.43664403 -7.4143601
60864 71201.247 947.72473 6522.4309 -2570.0559 0.7495052 -2.8278514 -6.9121598
60864 71621.247 1159.7005 4736.670400000001 -5126.4713 0.24337012 -5.5324681 -5.0588764
60864 72041.247 1145.7128 2027.8625 -6681.4243 -0.30862475 -7.1524524000000005 -2.2241245
60864 72461.247 909.02671 -1075.2688 -6934.347900000001 -0.79979531 -7.3802696 1.0394002
60864 72881.247 495.73813 -3969.4193999999998 -5836.5019 -1.1358169 -6.1732493999999996 4.1027247
60864 73301.247 -13.988370000000002 -6090.751 -3599.8804 -1.2513063 -3.7598293 6.3720668
60864 73721.247 -520.88446 -7021.599700000001 -658.50523 -1.1228133 -0.6047437999999999 7.4007218
60864 74141.247 -925.96193 -6579.6102 2412.0281 -0.7739656300000001 2.6747885 6.9767059
60864 74561.247 -1149.692 -4848.849200000001 5008.969700000001 -0.27373212999999996 5.4293336 5.1833716
60864 74981.247 -1148.5058000000001 -2169.3756000000003 6623.3945 0.27923568 7.1182176 2.3767242
60864 75401.247 -922.9313199999999 934.09112 6940.356400000001 0.77706726 7.4151744 -0.8920455100000001
60864 75821.247 -517.14154 3855.1848 5898.5743 1.1232426 6.263767700000001 -3.9866927000000003
60864 76241.247 -10.309437 6022.8036 3701.1819 1.2501703 3.8861588 -6.3032903
60864 76661.247 498.53106 7012.0455999999995 777.8484599999999 1.1325632 0.7460031500000001 -7.3852016
60864 77081.247 909.85564 6629.218900000001 -2298.2817000000005 0.79353236 -2.5381355 -7.018287000000001
60864 77501.247 1143.411 4950.6393 -4924.4028 0.30045130999999997 -5.3197745 -5.2792539
60864 77921.247 1154.1833000000001 2307.3527999999997 -6588.503 -0.24975873 -7.0582327 -2.5147836000000003
60864 78341.247 940.5745400000001 -784.67211 -6968.4221 -0.7505780200000001 -7.4224083 0.73533484
60864 78761.247 544.20939 -3724.1522999999997 -5990.6762 -1.105777 -6.3434023 3.8443378
60864 79181.247 41.964716 -5938.4267 -3843.8815 -1.2463194000000002 -4.0249785000000005 6.2098579
60864 79601.247 -468.30845 -6991.242700000001 -944.5240699999999 -1.1440139999999999 -0.91401341 7.3670278
60864 80021.247 -887.11275 -6677.5135 2140.3934 -0.81703493 2.3834747000000003 7.077676800000001
60864 80441.247 -1132.1082 -5055.2823 4804.925 -0.33021781 5.2123625 5.3987012000000005
60864 80861.247 -1155.6579 -2444.2536 6527.0423 0.22016809 7.016418 2.6647963
60864 81281.247 -953.41707 644.71154 6970.7654 0.7268002100000001 7.4488099000000005 -0.58626389
60864 81701.247 -565.1355 3607.8885 6050.7442 1.0915056 6.4273942 -3.7221168
60864 82121.247 -66.54217200000001 5866.5752 3946.3969 1.2433537 4.1491595 -6.132256099999999
60864 82541.247 445.03562 6978.4478 1068.728 1.1522322 1.0571287999999999 -7.3426807
60864 82961.247 869.62185 6725.6458 -2018.7055 0.83583721 -2.2411919 -7.1133752999999995
60864 83381.247 1123.9871 5155.174400000001 -4710.6073 0.35719049 -5.0972200999999995 -5.4953791
60864 83801.247 1159.5372 2581.7603 -6482.6298 -0.19037054 -6.9528946 -2.804238
60864 84221.247 969.44497 -494.27148 -6989.875 -0.6997646 -7.452583300000001 0.42821734
60864 84641.247 590.90113 -3474.2116 -6134.652700000001 -1.0730905 -6.5028356 3.5772962
60864 85061.247 97.400396 -5777.827700000001 -4082.5064 -1.2380578 -4.2841002 6.0335874
60864 85481.247 -415.18577000000005 -6954.4441 -1231.303 -1.1615248 -1.2219923 7.314424900000001
60864 85901.247 -846.4137900000001 -6770.6605 1860.4761 -0.85775938 2.0825110000000002 7.1625686
60864 86321.247 -1112.0656999999999 -5262.5212 4587.3507 -0.3862687 4.9793916000000005 5.6062558000000005
60865 341.247 -1160.3401999999999 -2725.6268999999998 6415.3115 0.16008955 6.9000259 2.9539823000000003
60865 761.247 -982.06857 343.4777 6987.6203 0.67469265 7.4721947 -0.27381414000000004
60865 1181.247 -612.13086 3345.5190000000002 6192.6388 1.0577227 6.5856501 -3.4493476000000003
60865 1601.247 -122.61653 5693.756 4184.6133 1.2345492 4.4098633000000005 -5.9536679
60865 2021.247 390.862 6927.5936 1355.7173 1.1698842999999999 1.3671740000000001 -7.2927739
60865 2441.247 827.79161 6804.4373 -1739.4791 0.8761208 -1.9433528 -7.2001341000000005
60865 2861.247 1102.7944 5350.679400000001 -4493.2752 0.41162503 -4.8672625 -5.696256900000001
60865 3281.247 1162.513 2851.5947 -6368.0973 -0.13163977 -6.8347548 -3.0846127
60865 3701.247 995.9788000000001 -202.70354999999998 -7000.3114000000005 -0.64816283 -7.4688722 0.12337455
60865 4121.247 635.81282 -3217.5928 -6267.8445 -1.0386246000000001 -6.650216500000001 3.3072583
60865 4541.247 151.93855 -5606.0356 -4312.3448 -1.2274498 -4.5339949 5.8510733
60865 4961.247 -361.67555 -6901.1621 -1512.8272 -1.1768602000000001 -1.5256461 7.2550917
60865 5381.247 -804.36257 -6845.8670999999995 1582.4659 -0.89607004 1.7844801000000001 7.238292400000001
60865 5801.246999999999 -1089.6682 -5451.3336 4367.313 -0.43998168 4.745427800000001 5.8019534
60865 6221.246999999999 -1161.932 -2991.0032 6296.2699 0.10144056000000001 6.7753898 3.2313266
60865 6641.246999999999 -1007.3419 53.346437 6992.971500000001 0.62241631 7.480925 0.031500032000000004
60865 7061.246999999999 -656.20989 3087.2778 6321.7438 1.0219335999999999 6.726521300000001 -3.1750248
60865 7481.247 -176.95416 5518.292 4412.8183 1.2222823 4.6562575 -5.7640822
60865 7901.247 336.84478 6869.728099999999 1638.7374 1.1836812 1.6713359 -7.2259604
60865 8321.247 784.66937 6875.9883 -1457.0796 0.91334606 -1.6416445000000002 -7.269942100000001
60865 8741.247 1078.8883 5536.5438 -4266.8348 0.46481290000000003 -4.629416 -5.8889055
60865 9161.247 1162.4839 3115.7109 -6241.7396 -0.073062034 -6.7062341 -3.360337
60865 9581.247 1019.6765 87.79635499999999 -6997.8341 -0.59560787 -7.473621100000001 -0.18103514
60865 10001.247 678.51242 -2957.2199 -6388.9178 -1.0021611000000001 -6.7864834 3.0329279000000002
60865 10421.247 205.27666000000002 -5426.2649 -4532.8633 -1.2140926 -4.7753326 5.6595886
60865 10841.247 -307.99796999999995 -6837.0927 -1790.4716 -1.1892691 -1.8273602000000002 7.1827629
60865 11261.247 -760.9213000000001 -6910.9523 1302.0386 -0.9321756400000001 1.4801715 7.300835
60865 11681.247 -1065.2008 -5633.8836 4139.9375 -0.49284627999999997 4.4987618000000005 5.9881422
60865 12101.247 -1161.4465 -3256.31 6167.2648 0.041928649 6.6342214 3.5061337
60865 12521.247 -1031.2421 -243.71247 6989.1077000000005 0.5677409400000001 7.4736463 0.34284346
60865 12941.247 -700.1323199999999 2816.3637000000003 6445.7888 0.9828909 6.856618900000001 -2.8875045
60865 13361.247 -232.54869 5327.054400000001 4642.3779 1.2068326999999999 4.9002387 -5.5581347
60865 13781.247 280.23269 6796.4563 1930.7269 1.1952592 1.9825758000000002 -7.1441582
60865 14201.247 738.28831 6936.3777 -1160.479 0.94965523 -1.3275188 -7.3302939
60865 14621.247 1051.3951000000002 5716.0355 -4022.5460000000003 0.51885632 -4.376467300000001 -6.0813008
60865 15041.247 1158.1207 3374.4888 -6092.4265000000005 -0.012751383000000002 -6.5714225 -3.6451286
60865 15461.247 1038.4706 371.92813 -6968.9400000000005 -0.54307506 -7.481748 -0.4860359
60865 15881.247 716.26576 -2703.3648 -6482.5029 -0.9658433700000001 -6.9199118 2.7640892
60865 16301.247 253.86098 -5249.8387 -4723.9238 -1.1994433 -5.004605 5.4702319
60865 16721.247 -258.19515 -6769.3694000000005 -2038.8074 -1.1983804 -2.1113841000000004 7.1026439
60865 17141.247 -719.80223 -6965.8768 1046.0009 -0.9633211199999999 1.1900005 7.3421835
60865 17561.247 -1041.053 -5803.8454 3926.5066 -0.54135433 4.2504585 6.1476289
60865 17981.247 -1159.9388999999999 -3513.2032999999997 6041.9956 -0.015710382 6.4760457 3.7606416
60865 18401.247 -1053.9757 -541.3342 6983.258 0.51191605 7.4425103 0.64799951
60865 18821.247 -743.8630400000001 2535.3313 6568.316400000001 0.94062491 6.9667153 -2.5923821
60865 19241.247 -289.42518 5119.5699 4875.3462 1.1877833 5.134499300000001 -5.3377828
60865 19661.247 221.3628 6705.638 2229.8812000000003 1.2040674 2.2907686 -7.0504932
60865 20081.247 688.7299 6978.8736 -852.7226400000001 0.98429495 -1.0130165 -7.3834843
60865 20501.247 1020.8674000000001 5881.959400000001 -3767.3427 0.57084649 -4.1234791 -6.2630631
60865 20921.247 1152.4855 3629.5655 -5940.0362000000005 0.045566819 -6.4226551 -3.9104916
60865 21341.247 1057.9356 665.48413 -6943.5569000000005 -0.48780079000000004 -7.459895700000001 -0.79350875
60865 21761.247 756.25779 -2429.4634 -6584.2481 -0.92507624 -7.0345770000000005 2.4764501
60865 22181.247 306.47970000000004 -5049.1848 -4932.2959 -1.1810789 -5.2328015 5.2586088
60865 22601.247 -203.27247 -6680.7383 -2312.4915 -1.2059332999999999 -2.4076171 7.0083565
60865 23021.247 -673.29265 -7005.7881 760.90051 -0.9951268 0.88437454 7.3827981000000005
60865 23441.247 -1011.9415 -5963.5712 3685.608 -0.59101995 3.9948341000000003 6.3139271
60865 23861.247 -1153.7740000000001 -3760.9757999999997 5891.8776 -0.073529427 6.3190035 4.0194405
60865 24281.247 -1071.883 -828.8627299999999 6952.7563 0.45694602 7.4132145000000005 0.94964059
60865 24701.247 -782.4006700000001 2263.7689 6663.5536 0.8989589200000001 7.0709517 -2.3049106000000004
60865 25121.247 -341.18372 4916.9807 5078.5424 1.1675617 5.3536007 -5.1196902
60865 25541.247 166.43757000000002 6612.4310000000005 2502.199 1.2094873 2.5835665 -6.945243400000001
60865 25961.247 641.42508 7014.3122 -564.26135 1.0145967 -0.70358679 -7.41354
60865 26381.247 990.55398 6039.9528 -3519.567 0.62009231 -3.8592927 -6.4235766000000005
60865 26801.247 1145.1644 3879.4306 -5781.9177 0.1039343 -6.2567851 -4.169543
60865 27221.247 1075.138 957.78331 -6907.1583 -0.43186631000000003 -7.4240635 -1.0990265
60865 27641.247 794.47269 -2150.8939 -6675.1838 -0.8827787899999999 -7.1360856 2.1861308
60865 28061.247 358.11353 -4838.9997 -5132.0125 -1.160552 -5.4512289 5.0397921
60865 28481.247 -148.37142000000003 -6579.3273 -2581.0937000000004 -1.2111202 -2.6981584 6.9045552
60865 28901.247 -625.82195 -7031.3342 476.67469 -1.0246653 0.58066995 7.4130895
60865 29321.247 -980.96986 -6108.8023 3441.1815 -0.63873747 3.7376536000000002 6.469728
60865 29741.247 -1145.034 -3995.6666 5733.884400000001 -0.12994301 6.156519 4.2682042000000004
60865 30161.247 -1086.7884 -1106.5033999999998 6910.5252 0.40253774 7.3741253 1.2433252000000001
60865 30581.247 -817.94466 1997.1516000000001 6744.5833 0.8566406 7.1617073 -2.0208361
60865 31001.247 -390.50859 4713.326099999999 5267.476 1.1453356000000001 5.5581204 -4.8981940999999996
60865 31421.247 112.85635 6512.4942 2763.3064 1.2118704 2.8648656000000003 -6.8293425
60865 31841.247 594.09068 7039.5455 -281.37279 1.0415842 -0.3986749 -7.428174200000001
60865 32261.247 958.9425699999999 6187.624 -3270.6632000000004 0.66675918 -3.5911279 -6.5684233999999995
60865 32681.247 1135.739 4122.2181 -5616.8640000000005 0.16111222 -6.0799444000000005 -4.4172257
60865 33101.247 1089.9034 1248.7129 -6859.1573 -0.37562855 -7.3753632 -1.4003465000000002
60865 33521.247 831.0999499999999 -1868.6798999999999 -6757.5217999999995 -0.83864532 -7.221949400000001 1.8929755000000001
60865 33941.247 409.78224 -4621.9944000000005 -5331.6425 -1.1365495 -5.6519811 4.8097667
60865 34361.247 -91.875332 -6467.1774000000005 -2856.6332 -1.2127694 -2.981427 6.7846167
60865 34781.247 -575.49543 -7045.3173 179.18518 -1.0519133999999999 0.27517964 7.431376
60865 35201.247 -946.4757099999999 -6243.9843 3180.0697000000005 -0.6851289500000001 3.4777247000000004 6.6194878
60865 35621.247 -1132.1743999999999 -4219.5244 5557.1951 -0.18508659 5.9961004 4.512542900000001
60865 36041.247 -1096.9162 -1371.8731 6846.733700000001 0.35001015 7.338602 1.5269677
60865 36461.247 -847.85587 1743.2654 6798.321 0.81631697 7.2496179000000005 -1.7534584
60865 36881.247 -433.58407 4518.6322 5421.7715 1.1237691 5.747133300000001 -4.6931676
60865 37301.247 65.261171 6412.2778 2984.7805 1.2122674 3.1196377 -6.7189953
60865 37721.247 551.34555 7052.541 -37.084604 1.0638665 -0.12139335 -7.4304505
60865 38141.247 929.09345 6311.0987000000005 -3049.4337 0.7079074500000001 -3.3389717 -6.6886875
60865 38561.247 1125.7357 4336.686 -5467.3003 0.21349621 -5.9019456 -4.634503
60865 38981.247 1102.6124 1515.7332 -6815.0073 -0.32156155000000003 -7.3074840000000005 -1.6774615
60865 39401.247 864.54261 -1600.7758000000001 -6830.7039 -0.7932759300000001 -7.2871078 1.6036806
60865 39821.247 458.01139 -4405.245 -5511.7862000000005 -1.1105607 -5.8459556 4.5730244
60865 40241.247 -37.850549 -6350.1067 -3114.7682000000004 -1.2115109 -3.2606723000000004 6.651954300000001
60865 40661.247 -526.3029300000001 -7053.8083 -107.46009 -1.0757298000000002 -0.034300870000000004 7.4295898
60865 41081.247 -911.70068 -6377.9372 2919.9921 -0.73041778 3.1936003 6.75345
60865 41501.247 -1118.9616 -4453.4713 5376.584 -0.2426925 5.7996541 4.7575062
60865 41921.247 -1108.4727 -1663.0562 6783.6955 0.29150759 7.2669898 1.8333955000000002
60865 42341.247 -882.22303 1451.2641 6867.0378 0.76797254 7.3178374999999996 -1.4425361
60865 42761.247 -484.40908 4283.3426 5611.4980000000005 1.0951069 5.9450085 -4.4375935
60865 43181.247 7.6781848 6281.4412 3260.8406 1.2093803 3.4111708 -6.570854000000001
60865 43601.247 498.29353000000003 7054.308900000001 272.25182 1.087691 0.20598549 -7.4219187
60865 44021.247 891.46573 6448.64 -2769.2787000000003 0.75346464 -3.0413965 -6.819944400000001
60865 44441.247 1110.4925 4583.3473 -5268.4216 0.27228335 -5.693068500000001 -4.882952599999999
60865 44861.247 1112.7812 1823.3944 -6736.6992 -0.26149723 -7.2313464000000005 -1.9929093
60865 45281.247 898.03665 -1292.2082 -6887.6409 -0.74417741 -7.3587436 1.2863970999999998
60865 45701.247 508.02817 -4155.2927 -5690.6767 -1.0821977 -6.0492279 4.3184595
60865 46121.247 19.270393000000002 -6209.8475 -3384.1471 -1.2079867 -3.5504874 6.5031638
60865 46541.247 -473.0251 -7044.6817 -412.78614000000005 -1.0987532000000002 -0.36077248 7.4192743000000005
60865 46961.247 -873.0761500000001 -6501.9811 2641.2534 -0.7744868300000001 2.9024767000000002 6.880885
60865 47381.247 -1102.343 -4687.276900000001 5177.326 -0.29936925000000003 5.5940393 4.9955202
60865 47801.247 -1116.4216000000001 -1957.3807 6700.2339 0.23325994 7.1892892 2.1367658
60865 48221.247 -912.8933900000001 1154.14 6913.8376 0.71983391 7.381962400000001 -1.1363409999999998
60865 48641.247 -531.48662 4040.6742999999997 5776.6338 1.0663479 6.135363900000001 -4.1895258
60865 49061.247 -46.40876600000001 6138.6962 3509.375 1.2051621000000001 3.6876831 -6.427859000000001
60865 49481.247 447.68055 7036.1778 554.27229 1.1084441999999999 0.5144746800000001 -7.4091281
60865 49901.247 854.16386 6556.8558 -2509.5883 0.79480726 -2.7601047 -6.9365708
60865 50321.247 1093.474 4793.643599999999 -5081.2295 0.32646002 -5.4910342000000005 -5.1068057
60865 50741.247 1119.4401 2095.2374 -6658.804400000001 -0.20467672 -7.1447298 -2.2815016999999997
60865 51161.247 927.27016 -1011.5594000000001 -6935.523 -0.6952138099999999 -7.4044919 0.9853334
60865 51581.247 554.51101 -3921.2845 -5858.0072 -1.0504872 -6.221633300000001 4.0610365
60865 52001.247 73.664889 -6066.2058 -3635.376 -1.2013246 -3.8221209 6.3476723
60865 52421.247 -421.46284 -7025.360900000001 -700.93585 -1.1176127 -0.6714580099999999 7.3944968
60865 52841.247 -834.22188 -6610.8862 2371.3456 -0.81508272 2.6130165 6.9908811
60865 53261.247 -1083.7566000000002 -4902.9129 4978.6004 -0.35376192 5.3826238 5.2187881
60865 53681.247 -1121.7521000000002 -2237.8921 6611.688700000001 0.17564212 7.0968579 2.4294453
60865 54101.247 -941.13851 863.3832600000001 6952.981 0.6701302600000001 7.426451699999999 -0.83099595
60865 54521.247 -577.2112500000001 3796.4001000000003 5936.2457 1.034202 6.3086557 -3.9307498
60865 54941.247 -100.76183999999999 5988.7137 3758.7055 1.197019 3.9567645000000002 -6.2668002
60865 55361.247 395.28637 7009.937400000001 844.8800699999999 1.126136 0.8266793800000001 -7.3785539
60865 55781.247 814.0424200000001 6659.6246 -2234.9854 0.8346965000000001 -2.4674466 -7.0425939
60865 56201.247 1073.4470000000001 5005.3111 -4876.4304 0.38050259000000003 -5.2752833 -5.327287999999999
60865 56621.247 1123.2423000000001 2373.5384 -6563.2618 -0.14705926 -7.047701 -2.5727204
60865 57041.247 954.06471 -721.00085 -6967.335 -0.64513347 -7.4439947 0.68007001
60865 57461.247 599.02388 -3675.0515 -6010.6041 -1.0175784 -6.3897300999999995 3.8005443000000003
60865 57881.247 127.19566 -5912.3233 -3878.8919 -1.1920041000000001 -4.0865262 6.1823679
60865 58301.247 -369.49198 -6994.3468 -987.2251 -1.1336659 -0.9803179300000001 7.3567399
60865 58721.247 -793.8639300000001 -6708.6059000000005 2097.7896 -0.85343031 2.319172 7.0884195000000005
60865 59141.247 -1062.7409 -5108.1630000000005 4771.320900000001 -0.4079047 5.1590921 5.4377915
60865 59561.247 -1124.6694 -2513.1736 6513.1596 0.11721179 6.9897486 2.7218156
60865 59981.247 -967.6093900000001 571.28425 6983.443 0.6181703199999999 7.4549826999999995 -0.5185955
60865 60401.247 -622.38707 3544.686 6092.0311 0.99858814 6.4699260999999995 -3.6560167999999997
60865 60821.247 -156.11118 5828.2896 4012.3387000000002 1.1850893 4.2236826 -6.0836939
60865 61241.247 340.56165999999996 6975.7794 1148.6956 1.1407519 1.1490173 -7.3261525
60865 61661.247 770.72921 6761.6298 -1939.6083999999998 0.8736041 -2.1528081 -7.1353356
60865 62081.247 1050.3727 5226.8734 -4648.1543 0.43599790000000005 -5.033783400000001 -5.5480987
60865 62501.247 1125.0587 2672.0762999999997 -6447.4006 -0.086169209 -6.929876500000001 -2.8776907
60865 62921.247 980.39471 -403.73662 -6986.372200000001 -0.59131382 -7.474048600000001 0.35398134
60865 63341.247 644.5275 -3400.6953 -6159.2645 -0.9816198 -6.5600662000000005 3.5199715
60865 63761.247 182.87149 -5737.348400000001 -4128.7239 -1.1799994999999999 -4.3549325 6.0001774
60865 64181.247 -314.17276000000004 -6948.179 -1289.4459 -1.1478857 -1.3020994000000001 7.3037684
60865 64601.247 -749.73193 -6797.4825 1803.5973000000001 -0.89170998 2.0080601 7.179541100000001
60865 65021.247 -1038.6551 -5317.0558 4542.9766 -0.46133294 4.923919 5.6480622
60865 65441.247 -1124.6604 -2797.5469 6392.501 0.058407714 6.8739673 3.0135109000000004
60865 65861.247 -991.27952 267.8773 6991.7204 0.56615554 7.4811599 -0.20720388
60865 66281.247 -664.62074 3281.0242000000003 6223.9937 0.9636259 6.629067500000001 -3.3882642
60865 66701.247 -208.2398 5653.7335 4238.2463 1.173472 4.4802599 -5.910704
60865 67121.247 288.79586 6920.587500000001 1421.8354 1.1540078 1.4511293 -7.2776252
60865 67541.247 729.28318 6832.5073 -1673.652 0.90867597 -1.8632393 -7.2168768000000005
60865 67961.247 1026.617 5404.6149000000005 -4439.0728 0.48661353 -4.8094396 -5.7459221
60865 68381.247 1122.6336000000001 2915.4892999999997 -6332.3928 -0.031271409 -6.8220279 -3.147144
60865 68801.247 1000.1649 -140.50282 -6989.785900000001 -0.5421490999999999 -7.4900717000000006 0.06756052200000001
60865 69221.247 682.25657 -3169.5749 -6278.032200000001 -0.9465342600000001 -6.6945836 3.2651073000000004
60865 69641.247 231.10908 -5579.5908 -4337.0138 -1.1661304000000001 -4.5909494 5.8241445999999994
60865 70061.247 -265.18966 -6899.3297999999995 -1546.3948 -1.1579344 -1.5890558000000001 7.2431790000000005
60865 70481.247 -709.69064 -6870.8773 1547.281 -0.92361376 1.7215689 7.243130900000001
60865 70901.247 -1015.7266999999999 -5501.4221 4338.3899 -0.50969863 4.6903137 5.8274232
60865 71321.247 -1124.027 -3060.6021 6282.7651 0.0023021705 6.7395684000000005 3.2790076
60865 71741.247 -1013.9614 -24.998918000000003 7003.331400000001 0.51313731 7.4769492 0.09565291499999999
60865 72161.247 -706.97685 3015.3597000000004 6360.120900000001 0.92468752 6.7614893 -3.108894
60865 72581.247 -262.44873 5468.5767000000005 4476.1059000000005 1.1571944 4.7258741 -5.715169700000001
60865 73001.247 233.30457 6852.9216 1715.4709 1.1643166 1.7587118000000002 -7.2107565000000005
60865 73421.247 683.34616 6895.216 -1381.7638000000002 0.9429475700000001 -1.5614536 -7.291396
60865 73841.247 999.31052 5584.4838 -4207.1626 0.53658496 -4.5756646000000005 -5.9379418
60865 74261.247 1119.2819 3178.3867999999998 -6205.2080000000005 0.025887626 -6.689009 -3.4214854999999997
60865 74681.247 1019.1149 149.237 -6978.5774 -0.4905304 -7.4990863 -0.23200854
60865 75101.247 719.94811 -2910.4479 -6386.295400000001 -0.9106631599999999 -6.8321579 3.0055809
60865 75521.247 279.46653000000003 -5399.9232 -4537.6433 -1.152024 -4.8245102 5.6513813
60865 75941.247 -215.88027 -6829.3083 -1795.8145 -1.167406 -1.8686506 7.1863571
60865 76361.247 -668.89441 -6918.4815 1299.5081 -0.95391718 1.4497486 7.3067795
60865 76781.247 -991.0017700000001 -5653.150900000001 4140.0135 -0.55480374 4.4734463 5.9956103
60865 77201.247 -1119.9593 -3285.2599 6171.7845 -0.049532730000000004 6.6136746 3.5208703
60865 77621.247 -1031.5144 -279.31606 7002.4295 0.46354304 7.464084300000001 0.37059132
60865 78041.247 -743.2999599999999 2780.815 6473.4215 0.8863491299999999 6.8680836 -2.8483294000000003
60865 78461.247 -311.09348 5301.978099999999 4687.0115000000005 1.1379656 4.9385106 -5.5190923000000005
60865 78881.247 181.51565 6792.7443 1987.7428 1.1689284 2.0406995 -7.1220451
60865 79301.247 638.64988 6958.654 -1099.7147 0.97170213 -1.265445 -7.3357554
60865 79721.247 970.8803399999999 5763.7178 -3971.4051000000004 0.58393163 -4.3306863 -6.1104775
60865 80141.247 1113.0129 3440.2091 -6063.368 0.081590852 -6.5494517 -3.6847588
60865 80561.247 1037.1692 442.97462 -6964.6388 -0.43674233 -7.4856436 -0.53540677
60865 80981.247 758.2347900000001 -2641.5923 -6498.7263 -0.8695799399999999 -6.954743000000001 2.7198783
60865 81401.247 330.71769 -5207.4577 -4755.3795 -1.1323983000000002 -5.0597853 5.4439134000000005
60865 81821.247 -161.67444 -6751.6639000000005 -2076.6185 -1.1732137 -2.1710184 7.0986842
60865 82241.247 -622.36888 -6971.5512 1010.6654000000001 -0.98406822 1.140219 7.3568565
60865 82661.247 -961.27233 -5826.8117999999995 3899.8365 -0.60328116 4.2183073 6.1732774
60865 83081.247 -1112.7946000000002 -3545.5713 6027.1377999999995 -0.10670026 6.4629248 3.7903596
60865 83501.247 -1048.2291 -575.5664 6981.1332999999995 0.40886914 7.4463794 0.67873251
60865 83921.247 -780.5829699999999 2506.0362999999998 6579.1852 0.84467318 6.986284700000001 -2.5613780999999998
60865 84341.247 -361.68296000000004 5101.7773 4898.9261 1.1173264 5.1696035 -5.3089106
60865 84761.247 127.46654 6705.7780999999995 2264.2836 1.1733739 2.3398183 -7.029648600000001
60865 85181.247 591.67453 7001.4836 -812.72925 1.0003906 -0.9567841499999999 -7.3793252
60865 85601.247 940.12514 5927.5138 -3730.2075 0.6311888800000001 -4.0728537000000005 -6.2812698000000005
60865 86021.247 1104.4358 3692.5793 -5915.1233 0.13820248000000002 -6.392428 -3.9492453999999997
60866 41.247 1052.4312 734.39761 -6938.4038 -0.38169675000000003 -7.4596682 -0.84231269
60866 461.247 794.70499 -2364.5725 -6600.4007 -0.82691319 -7.065718700000001 2.4306672
60866 881.247 381.24027 -5002.4215 -4966.4712 -1.1104532999999999 -5.2864155 5.2287836
60866 1301.247 -107.1944 -6658.686900000001 -2354.2583 -1.1766244 -2.4686519 7.0024147
60866 1721.247 -574.5783299999999 -7007.8556 721.33212 -1.0119144 0.8329187 7.3981478
60866 2141.247 -929.33782 -5983.1727 3655.3802 -0.6495615400000001 3.9632826 6.341235
60866 2561.247 -1102.5635 -3789.2446 5873.915 -0.16197913 6.3086124 4.0489232
60866 2981.247 -1061.2408 -857.78723 6946.727900000001 0.35522786 7.4195889 0.9767349500000001
60866 3401.247 -814.0146500000001 2240.251 6668.3885 0.80258927 7.089839700000001 -2.2800010000000004
60866 3821.247 -408.94974 4903.756 5093.569 1.0945783 5.3836788 -5.096085
60866 4241.247 75.54033199999999 6614.242700000001 2526.6403 1.1743724 2.6251254 -6.9255462
60866 4661.247 545.24355 7035.4501 -533.6266700000001 1.0252185999999999 -0.65366899 -7.4053525
60866 5081.247 908.41359 6082.2564 -3489.2914 0.6753558500000001 -3.8103593 -6.4344836
60866 5501.247 1093.9233000000002 3939.6474 -5760.778200000001 0.19333023 -6.2229037 -4.2016907
60866 5921.246999999999 1065.5088 1026.5509 -6902.7069 -0.32639818000000004 -7.4182954 -1.1452641000000001
60866 6341.246999999999 828.8219200000001 -2087.3207 -6691.7057 -0.7824035800000001 -7.1620418 2.1369274000000003
60866 6761.246999999999 430.64229 -4800.014700000001 -5175.822099999999 -1.0842989 -5.4904724 4.9989727
60866 7181.246999999999 -51.872423000000005 -6562.1525 -2638.8248 -1.175248 -2.7582627000000004 6.8822626
60866 7601.247 -524.3683199999999 -7045.6059000000005 414.28024 -1.0359375 0.51568518 7.4141048000000005
60866 8021.247 -893.9906500000001 -6147.6672 3385.4702 -0.69500646 3.6874191 6.4985427
60866 8441.247 -1089.0969 -4049.7671 5694.0781 -0.21876167000000002 6.1363306 4.3124824
60866 8861.247 -1071.8256999999999 -1162.0913 6889.6014000000005 0.29958712000000004 7.3864897 1.2861875
60866 9281.247 -845.6695400000001 1952.0447 6738.999 0.7595586200000001 7.1968642 -1.9919598
60866 9701.247 -454.56258 4685.0410999999995 5270.2433 1.0720043000000001 5.6016455 -4.886076200000001
60866 10121.247 24.848501000000002 6506.299400000001 2774.0729 1.1743179000000001 2.9060012000000004 -6.8212164
60866 10541.247 499.37263 7052.7623 -267.13394 1.0478649 -0.35534324 -7.4238225
60866 10961.247 875.4730000000001 6213.8681 -3253.5950000000003 0.7181495200000001 -3.5466168 -6.58188
60866 11381.247 1081.022 4162.168 -5605.6228 0.24731730999999998 -6.0481951 -4.446035
60866 11801.247 1075.5508 1296.9449 -6860.8741 -0.27163684 -7.363772600000001 -1.4383856000000002
60866 12221.247 860.29322 -1821.1678000000002 -6774.170700000001 -0.7363137900000001 -7.238056800000001 1.8438025
60866 12641.247 477.27845 -4584.0905999999995 -5362.8824 -1.057348 -5.7004845 4.7650537
60866 13061.247 1.1634024 -6452.5026 -2902.5489 -1.1722664 -3.0487159000000004 6.756214700000001
60866 13481.247 -475.17008000000004 -7060.8741 126.06825 -1.0582853 0.20001858 7.4254568
60866 13901.247 -858.68155 -6290.3945 3129.7862000000005 -0.73780957 3.4080999000000003 6.6410442000000005
60866 14321.247 -1074.7567 -4292.728400000001 5521.8215 -0.27424020000000005 5.9460028000000005 4.5611132
60866 14741.247 -1081.6252 -1459.281 6836.2268 0.24200469000000002 7.323219 1.5945694000000001
60866 15161.247 -878.10488 1658.0249 6817.429099999999 0.7111884900000001 7.2754995000000005 -1.6831952000000001
60866 15581.247 -503.63155 4452.233 5467.7243 1.042623 5.8090962 -4.638596300000001
60866 16001.247 -30.833721 6376.0347 3047.0993 1.1713595 3.2028852000000003 -6.6945252
60866 16421.247 447.95064 7051.8391 28.678603 1.070537 -0.039337412 -7.4389655
60866 16841.247 838.81376 6343.972900000001 -2995.3802 0.75973005 -3.2748619 -6.720606200000001
60866 17261.247 1065.1701 4391.8939 -5430.4397 0.30071412 -5.8641133000000005 -4.6839747
60866 17681.247 1082.1417 1575.7029 -6795.4448 -0.21803182000000002 -7.3102276 -1.7240836
60866 18101.247 887.7416999999999 -1548.0955000000001 -6829.3946 -0.69252077 -7.3163655 1.5672909
60866 18521.247 520.09275 -4369.5897 -5526.795400000001 -1.0313119 -5.884653500000001 4.552552899999999
60866 18941.247 50.752471 -6340.0887999999995 -3142.103 -1.1670629 -3.3005144 6.636362500000001
60866 19361.247 -428.40453 -7062.188 -138.27983 -1.0761787999999999 -0.078106229 7.4267099
60866 19781.247 -823.7209 -6403.2313 2892.2557 -0.7750841500000001 3.1607027 6.7631789
60866 20201.247 -1058.1586000000002 -4493.965099999999 5356.35 -0.32287752000000003 5.779467899999999 4.775832
60866 20621.247 -1086.1692 -1707.807 6772.8192 0.19161256000000002 7.2677304000000005 1.8576575
60866 21041.247 -902.48815 1411.2666000000002 6865.7943 0.66860018 7.338803700000001 -1.4225138
60866 21461.247 -542.83046 4254.9533 5616.4274000000005 1.0157284 5.977657000000001 -4.4285877000000005
60866 21881.247 -77.431841 6269.3946 3269.9981000000002 1.1644362000000001 3.4413455 -6.5704928
60866 22301.247 403.04546999999997 7056.0692 282.17528999999996 1.0858847 0.23594799 -7.4254496
60866 22721.247 804.68674 6461.4704 -2761.3584 0.79513714 -3.0191822000000004 -6.8272002
60866 23141.247 1049.0253 4602.6825 -5264.0931 0.34945459 -5.680489 -4.8928446
60866 23561.247 1088.696 1846.0378 -6736.9917000000005 -0.1635146 -7.2282092 -2.0052541
60866 23981.247 916.24747 -1270.4082 -6893.8035 -0.64403607 -7.3661921 1.2707643000000002
60866 24401.247 565.3386 -4139.2683 -5704.1581 -0.9993529099999999 -6.0684176 4.3007425
60866 24821.247 104.18317 -6200.4912 -3398.9537000000005 -1.1602189 -3.5827673 6.4945633
60866 25241.247 -377.30005 -7049.0765 -427.56397 -1.0944606000000001 -0.39171550000000005 7.418815700000001
60866 25661.247 -784.97523 -6518.478099999999 2627.7485 -0.8144472899999999 2.8769951000000002 6.8871299
60866 26081.247 -1039.0816 -4712.3667000000005 5167.6679 -0.37578895 5.578634 5.0075372
60866 26501.247 -1090.3965 -1986.2917 6696.4489 0.13530789999999998 7.1867551 2.1522680999999997
60866 26921.247 -929.22365 1126.9923000000001 6916.8667000000005 0.61943934 7.392799699999999 -1.1198396
60866 27341.247 -587.0293800000001 4020.6474 5786.3175 0.9831302 6.1579774 -4.1748668
60866 27761.247 -130.34231 6129.876700000001 3524.2848 1.1555350000000002 3.7183268 -6.4182746
60866 28181.247 351.84879 7040.422500000001 571.31113 1.1022868000000001 0.54667829 -7.4075647
60866 28601.247 765.1998000000001 6573.6756 -2493.5449 0.83319756 -2.732981 -6.9431023
60866 29021.247 1028.8521 4820.6027 -5069.3673 0.40174377 -5.4739951 -5.1196099
60866 29441.247 1091.7017 2126.4811 -6653.2807999999995 -0.10724335000000002 -7.1417245000000005 -2.2983711
60866 29861.247 941.81102 -982.15108 -6937.291 -0.59464901 -7.4160528 0.96812374
60866 30281.247 608.4868100000001 -3899.3871000000004 -5866.4356 -0.9663863300000001 -6.2451884 4.047056700000001
60866 30701.247 156.52367999999998 -6055.902599999999 -3648.5148 -1.1501759 -3.8526453000000003 6.3395705
60866 31121.247 -325.97078000000005 -7028.2706 -715.84452 -1.109435 -0.7023220099999999 7.3935385
60866 31541.247 -744.74531 -6625.8330000000005 2357.4706 -0.85146599 2.5873965 6.996800400000001
60866 31961.247 -1017.8038 -4926.6137 4968.400000000001 -0.42752435000000005 5.3670017 5.2301495000000005
60866 32381.247 -1092.1853 -2265.5101 6606.9811 0.07901082599999999 7.093929600000001 2.4438352
60866 32801.247 -953.7025100000001 837.26733 6954.5375 0.56946325 7.4363964 -0.81595422
60866 33221.247 -629.4346800000001 3776.8898 5943.8248 0.94915145 6.3297059 -3.917539
60866 33641.247 -182.42571 5979.7341 3770.9970000000003 1.1442099000000001 3.9851962 -6.257929900000001
60866 34061.247 300.2645 7013.3773 858.88498 1.1159172000000002 0.85649168 -7.376234900000001
60866 34481.247 724.1865799999999 6674.9992 -2221.428 0.8690991 -2.4415136000000004 -7.046954700000001
60866 34901.247 1006.3944 5029.9710000000005 -4866.053900000001 0.45277275 -5.258312 -5.3377004
60866 35321.247 1092.126 2402.8464 -6558.246099999999 -0.051090657000000005 -7.043293800000001 -2.587354
60866 35741.247 964.98827 -692.73914 -6968.821 -0.54423164 -7.4533224 0.66430659
60866 36161.247 649.89338 -3653.3298 -6018.3644 -0.93142293 -6.4110282 3.7869758000000004
60866 36581.247 208.1049 -5901.3325 -3891.3482000000004 -1.1375115 -4.1154381 6.1739907
60866 37001.247 -274.40243 -6995.6048 -1001.3862 -1.121661 -1.010238 7.3557478000000005
60866 37421.247 -703.1898100000001 -6721.4494 2084.5833000000002 -0.88614013 2.2945343 7.0939367
60866 37841.247 -994.33961 -5130.8276 4761.7619 -0.4777414 5.1476831 5.4429191
60866 38261.247 -1091.3636999999999 -2538.6211000000003 6506.7617 0.023151916 6.990001100000001 2.7294573
60866 38681.247 -975.6322 548.5707600000001 6979.9981 0.5187537200000001 7.4672649 -0.51292528
60866 39101.247 -669.8344000000001 3528.8735 6089.9228 0.91335495 6.489402600000001 -3.655545
60866 39521.247 -233.43872000000002 5820.8888 4009.3416 1.1303148 4.2432327 -6.087962900000001
60866 39941.247 248.60171 6975.2471 1142.9850000000001 1.1267103 1.1630487 -7.331853199999999
60866 40361.247 681.9693100000001 6765.3132000000005 -1947.1826 0.9025304 -2.1467217 -7.1374641
60866 40781.247 981.8815000000001 5230.8504 -4655.5871 0.50229534 -5.033621600000001 -5.5454878
60866 41201.247 1090.1241000000002 2675.4155 -6452.7887 0.0047987477 -6.9322562 -2.87125
60866 41621.247 985.8960500000001 -401.59563 -6989.0551 -0.49283035000000003 -7.477377499999999 0.35955468
60866 42041.247 689.6610300000001 -3400.3525 -6160.569 -0.8945044400000001 -6.565772 3.5205581
60866 42461.247 259.00444 -5735.982900000001 -4127.9831 -1.1223094 -4.3712099 5.9982823
60866 42881.247 -222.26376000000002 -6950.3898 -1286.435 -1.1312216000000002 -1.3172156 7.3057699000000005
60866 43301.247 -660.02503 -6805.1957 1807.181 -0.9186363000000001 1.997462 7.179842400000001
60866 43721.247 -968.67762 -5328.937900000001 4546.2008 -0.52673128 4.9172519 5.6466202999999995
60866 44141.247 -1088.1344 -2811.1831 6395.1435 -0.032866882 6.8721641 3.0124109
60866 44561.247 -995.4894300000001 254.66395000000003 6994.32 0.46665707 7.4851691 -0.20615016
60866 44981.247 -708.93722 3270.8887999999997 6227.5410999999995 0.8753318400000001 6.6397329 -3.3850054000000003
60866 45401.247 -284.17937 5649.121400000001 4243.3888 1.1138522 4.4967413 -5.9070053
60866 45821.247 195.85879 6923.1395 1429.4092 1.1350586 1.4718539000000002 -7.2755237
60866 46241.247 637.74934 6843.4415 -1665.949 0.9341513800000001 -1.8453085000000002 -7.2183118
60866 46661.247 954.8740799999999 5425.183599999999 -4434.477400000001 0.5509396000000001 -4.7972294 -5.7464101
60866 47081.247 1085.5212 2946.8457000000003 -6334.9528 0.06105843800000001 -6.807624 -3.1538742
60866 47501.247 1004.6098000000001 -105.94539 -6997.625 -0.43988984 -7.4885931 0.050169898000000004
60866 47921.247 728.0801600000001 -3138.0867000000003 -6294.170400000001 -0.85516524 -6.710976700000001 3.2444285
60866 48341.247 309.67685 -5558.4164 -4360.8688 -1.1042762 -4.622720999999999 5.809559
60866 48761.247 -169.29753 -6892.3737 -1572.5698 -1.1381389 -1.6255607 7.2425998
60866 49181.247 -615.03208 -6877.9675 1523.462 -0.94906849 1.6933467 7.2543978
60866 49601.247 -940.32384 -5517.1414 4320.2296 -0.57451494 4.6784407 5.843611
60866 50021.247 -1081.8368 -3077.4241 6270.793900000001 -0.088505737 6.7444246 3.2917161999999998
60866 50441.247 -1012.3292 -37.377315 6995.0891 0.41390749 7.4918628 0.10056087
60866 50861.247 -745.53377 3009.9763 6352.5333 0.8355181199999999 6.7787806 -3.1097785
60866 51281.247 -333.38918 5470.1678 4467.9276 1.0945836 4.7414502 -5.7159759
60866 51701.247 143.8545 6861.5483 1708.1341000000002 1.1401273 1.7734052 -7.2063433
60866 52121.247 592.91333 6910.5891 -1386.4558000000002 0.9626862300000001 -1.5438348000000002 -7.2840538
60866 52541.247 925.94959 5607.0895 -4209.0594 0.5974622 -4.5555814 -5.9354475
60866 52961.247 1078.3206 3209.2093 -6208.3736 0.11625557 -6.672597 -3.4276619
60866 53381.247 1020.5607 185.77679999999998 -6994.7992 -0.38664307000000003 -7.4861501 -0.2557387
60866 53801.247 764.16034 -2873.8296 -6416.279500000001 -0.8141458300000001 -6.8422149 2.9652111
60866 54221.247 358.94444 -5373.5384 -4584.9052 -1.0835661 -4.8632725 5.6116193
60866 54641.247 -116.26975 -6824.878900000001 -1856.832 -1.1417511 -1.9298302 7.1640451
60866 55061.247 -568.68039 -6944.2515 1233.9953 -0.9768004600000001 1.3790534 7.3122701
60866 55481.247 -909.56412 -5700.1478 4083.0196 -0.6218654100000001 4.4222193 6.0353528
60866 55901.247 -1073.1417 -3345.3679 6133.9403 -0.14519516 6.5986084 3.5731909
60866 56321.247 -1027.5306 -338.4521 6986.0413 0.35864896 7.482446299999999 0.41783962
60866 56741.247 -781.7739200000001 2734.4686 6473.7366 0.7922334600000001 6.908158 -2.8168955
60866 57161.247 -383.75164 5274.4980000000005 4696.9191 1.0717814 4.9863744 -5.5041953
60866 57581.247 89.106966 6785.2436 2001.3963 1.1425768 2.0873989 -7.1184662
60866 58001.247 544.4349599999999 6969.8695 -1085.4964 0.9901782100000001 -1.2217944 -7.3396142
60866 58421.247 893.47911 5791.8443 -3960.7591 0.64435948 -4.291589200000001 -6.123093300000001
60866 58841.247 1068.07 3483.2177 -6060.5968 0.1733985 -6.5187229 -3.7106586000000004
60866 59261.247 1034.4812 495.52912 -6976.1534 -0.33062344000000005 -7.4725647 -0.57719371
60866 59681.247 799.4151700000001 -2588.6612999999998 -6529.5393 -0.77026243 -6.9707113000000005 2.6690822
60866 60101.247 408.51981 -5167.9917000000005 -4806.7947 -1.0603684 -5.10765 5.398886000000001
60866 60521.247 -62.012563 -6740.4501 -2144.8642999999997 -1.1431777 -2.2403709 7.0727649
60866 60941.247 -520.20093 -6993.099200000001 936.77145 -1.0030925 1.0603017 7.3630848
60866 61361.247 -876.84699 -5878.929700000001 3835.8448 -0.6671286000000001 4.1561117 6.2124545
60866 61781.247 -1062.355 -3617.0434 5984.371099999999 -0.20176694 6.435414700000001 3.8493973
60866 62201.247 -1040.9158 -650.2882 6964.0698 0.30208425 7.4579434000000004 0.73891211
60866 62621.247 -816.89725 2443.0503 6584.7675 0.74707503 7.028333 -2.5155877
60866 63041.247 -433.77689000000004 5060.251 4919.4155 1.0471874 5.227244300000001 -5.2839157
60866 63461.247 33.950327 6692.1409 2292.6466 1.1428079 2.3990964 -7.0201262
60866 63881.247 494.8471 7013.121099999999 -783.2173 1.0158277 -0.89342248 -7.38429
60866 64301.247 859.0616 5962.9430999999995 -3706.0431000000003 0.69019655 -4.0167686 -6.3025678
60866 64721.247 1055.5901999999999 3748.9204 -5903.5193 0.23049178 -6.3492518 -3.9892941
60866 65141.247 1046.464 804.32087 -6947.905 -0.27310069 -7.4402445 -0.90224615
60866 65561.247 833.7128 -2296.8473 -6636.8742 -0.7232696200000001 -7.0828956 2.3589810000000004
60866 65981.247 458.67667 -4950.7642000000005 -5030.5881 -1.0331432999999999 -5.3448967000000005 5.1639365
60866 66401.247 -5.803344500000001 -6638.8962 -2440.6914 -1.1419644 -2.5591485 6.9641894
60866 66821.247 -468.92431 -7032.3004 624.76107 -1.0275934 0.72602252 7.3993725
60866 67241.247 -839.52304 -6042.7566 3564.7608999999998 -0.71398081 3.8745881 6.397575
60866 67661.247 -1047.1263000000001 -3876.0078 5812.1475 -0.25937969 6.2668818 4.132439000000001
60866 68081.247 -1049.2674 -947.01851 6916.582200000001 0.2458164 7.4342815 1.0582124
60866 68501.247 -846.84296 2165.5778999999998 6668.487099999999 0.70202021 7.1411446 -2.2194254
60866 68921.247 -478.90215 4854.8718 5113.5887999999995 1.0209647 5.4521958 -5.0615054
60866 69341.247 -17.350462 6595.0828 2556.4943 1.1403752999999999 2.6968151 -6.9122311000000005
60866 69761.247 447.60844000000003 7046.1023 -501.73399 1.0369272 -0.58424893 -7.4079363
60866 70181.247 825.19541 6121.429700000001 -3461.8277000000003 0.73145529 -3.7450412 -6.4542083
60866 70601.247 1042.1015 4004.1787999999997 -5746.258400000001 0.28458623 -6.1687987 -4.244726200000001
60866 71021.247 1056.6036000000001 1109.0174 -6911.732599999999 -0.21655902000000002 -7.389938600000001 -1.2140073
60866 71441.247 866.11573 -2001.3148999999999 -6732.7687000000005 -0.67566137 -7.1767621 2.052834
60866 71861.247 507.40581000000003 -4722.6247 -5242.5898 -1.0044298 -5.566654499999999 4.9272967
60866 72281.247 49.802809 -6523.250900000001 -2727.8711000000003 -1.1383165 -2.8627178 6.8482127
60866 72701.247 -417.44301 -7047.1952 321.34002000000004 -1.0495988 0.41092619 7.4299017
60866 73121.247 -802.80377 -6188.7907000000005 3307.2653 -0.75480405 3.6087914999999997 6.5508105
60866 73541.247 -1030.6602 -4115.9451 5642.6295 -0.31221443 6.0967261 4.384365
60866 73961.247 -1056.5777 -1236.4308999999998 6869.4677 0.19070598000000002 7.3867494 1.3611438
60866 74381.247 -875.8103600000001 1885.1558 6748.9607000000005 0.65570606 7.2307204 -1.9248706
60866 74801.247 -523.8492100000001 4638.2390000000005 5305.8023 0.9924452300000001 5.661325300000001 -4.8327973
60866 75221.247 -69.483569 6484.5697 2822.7588 1.1352459 2.9845896 -6.7942137
60866 75641.247 398.48396 7063.200400000001 -213.63694 1.0561331 -0.27452342 -7.4236963
60866 76061.247 788.6501400000001 6262.4661 -3208.2744 0.77116604 -3.4741495000000002 -6.600149500000001
60866 76481.247 1025.2226 4241.3476 -5576.6026 0.3369704 -5.989229000000001 -4.491569900000001
60866 76901.247 1062.6321 1396.0668 -6858.7611 -0.16163976 -7.335784800000001 -1.5137045
60866 77321.247 893.88674 -1720.1099 -6806.7626 -0.62873327 -7.2583443 1.7577845
60866 77741.247 551.5745300000001 -4501.996099999999 -5429.4457 -0.97457349 -5.768938 4.693801000000001
60866 78161.247 101.8283 -6406.656599999999 -2991.6402000000003 -1.1314694 -3.1472989 6.7222553
60866 78581.247 -367.72314 -7057.9105 32.174865000000004 -1.0672967000000002 0.099560001 7.4373584
60866 79001.247 -765.15911 -6325.0482 3049.5882 -0.79364483 3.3324417 6.6908167999999995
60866 79421.247 -1012.4773 -4351.0654 5467.1361 -0.36448414 5.9102118 4.6290671
60866 79841.247 -1061.3808999999999 -1524.104 6810.5018 0.13533588000000002 7.326518200000001 1.6618931000000001
60866 80261.247 -902.59572 1601.4136 6817.7853 0.6080648700000001 7.307993400000001 -1.6272572
60866 80681.247 -567.36531 4413.5955 5488.7044000000005 0.9617340600000001 5.8607692 -4.596209300000001
60866 81101.247 -121.22119 6362.8507 3083.7816000000003 1.1274527 3.267073 -6.6649933
60866 81521.247 348.63192 7067.9939 74.261602 1.0727564 0.035362023 -7.4270499
60866 81941.247 750.4000500000001 6392.3940999999995 -2949.8922000000002 0.80885662 -3.1977554 -6.7348416
60866 82361.247 1005.9725999999999 4470.686900000001 -5398.0211 0.3882557 -5.799788400000001 -4.7304534
60866 82781.247 1066.0674 1680.0388 -6794.4923 -0.10665547 -7.2692198 -1.8102652000000001
60866 83201.247 919.34436 -1436.634 -6869.2976 -0.58055681 -7.3272842 1.4603255
60866 83621.247 594.1645400000001 -4274.1792000000005 -5606.9875999999995 -0.94252465 -5.9608573 4.4526459
60866 84041.247 153.32661 -6279.286599999999 -3250.1655 -1.1219127000000002 -3.4260921 6.5848489
60866 84461.247 -317.37056 -7056.5879 -256.95807 -1.0822833 -0.21181893 7.431927
60866 84881.247 -725.8364200000001 -6450.5116 2786.7061000000003 -0.83030673 3.0502865000000003 6.8192126
60866 85301.247 -991.8972 -4578.8436 5282.2588 -0.41556499 5.7133666000000005 4.8658269
60866 85721.247 -1063.4902 -1809.4053000000001 6739.5521 0.079960516 7.2539181 1.9600271
60866 86141.247 -926.6183199999999 1313.9411000000002 6872.128900000001 0.56039574 7.3745785999999995 -1.3343511000000001
60867 161.247 -608.64741 4181.101 5658.298900000001 0.93087072 6.0423089 -4.3685021
60867 581.247 -171.33086 6226.4618 3331.3988 1.1186313 3.5291597 -6.5409909
60867 1001.247 299.83262 7048.7361 347.11815 1.0875649 0.32021709 -7.432401700000001
60867 1421.247 712.11135 6486.491400000001 -2705.5262000000002 0.84293038 -2.9522916 -6.8607781999999995
60867 1841.247 984.7066500000001 4651.467900000001 -5226.237 0.43363968999999997 -5.6391005 -4.9425227000000005
60867 2261.247 1064.2666000000002 1903.756 -6720.028200000001 -0.05925934 -7.2189032 -2.0617292000000003
60867 2681.247 936.41719 -1214.6701 -6900.4986 -0.53930079 -7.3845361 1.2155630000000002
60867 3101.247 626.11465 -4096.5195 -5732.835 -0.9138424900000001 -6.1113735 4.2522332
60867 3521.247 193.85797 -6180.2706 -3445.4731 -1.1104504 -3.646612 6.459321200000001
60867 3941.247 -276.1731 -7059.207200000001 -484.72697999999997 -1.0906602 -0.46910840000000004 7.4050436
60867 4361.247 -692.32007 -6561.5093 2570.6987999999997 -0.85822551 2.7994155000000003 6.9032525
60867 4781.247 -973.55673 -4785.0498 5124.085599999999 -0.45891971000000004 5.5189975 5.054284399999999
60867 5201.247 -1065.298 -2077.256 6677.7083 0.02923548 7.1618323 2.2214897000000002
60867 5621.247 -949.79436 1034.5838 6928.9939 0.5117739 7.4113378 -1.0454562
60867 6041.246999999999 -649.32439 3944.6321000000003 5827.2606 0.8955223600000001 6.2159119 -4.115270499999999
60867 6461.246999999999 -221.85549 6083.3066 3582.8037000000004 1.1055536 3.8004083 -6.3894763
60867 6881.246999999999 248.94146 7029.795099999999 635.34081 1.0989384 0.63032759 -7.4117037
60867 7301.247 670.80913 6595.0617 -2437.2499 0.8764255900000001 -2.6655189999999997 -6.9746986
60867 7721.247 961.00771 4865.5041 -5030.3925 0.48252049 -5.4321114 -5.1673736
60867 8141.247 1062.9965 2182.0369 -6636.0746 -0.0044618732999999995 -7.1288369000000005 -2.3528047
60867 8561.247 957.56898 -926.8964599999999 -6943.2217 -0.48907699000000004 -7.4302022 0.9132758700000001
60867 8981.247 665.66327 -3855.4453 -5894.5823 -0.8779189000000001 -6.284565300000001 3.9971251000000003
60867 9401.247 244.17891 -6033.3571 -3695.4038 -1.0959609000000001 -3.9144641000000004 6.3016415
60867 9821.247 -224.87622000000002 -7035.7493 -774.42241 -1.1006026 -0.77927853 7.3766854
60867 10241.247 -650.0848100000001 -6666.4346 2297.7995 -0.89071444 2.5084234000000003 7.0102325
60867 10661.247 -948.6364000000001 -4997.8815 4921.2266 -0.50748578 5.3047658 5.275142300000001
60867 11081.247 -1062.5075 -2356.2664 6584.1445 -0.025819075 7.0660814 2.5123512
60867 11501.247 -969.6041700000001 743.8709 6962.4348 0.46098853000000006 7.4522010000000005 -0.7415453599999999
60867 11921.247 -687.80816 3698.7942000000003 5980.6747000000005 0.8588400900000001 6.3852317 -3.8572898
60867 12341.247 -271.48656 5930.2698 3825.9431 1.0900485000000002 4.0657627000000005 -6.2273974
60867 12761.247 197.87292000000002 6999.497200000001 920.3533199999999 1.1077185999999999 0.9397382000000001 -7.377753
60867 13181.247 628.31149 6693.379 -2166.5322 0.90778992 -2.3726544 -7.0755676
60867 13601.247 935.41539 5073.0855 -4827.2254 0.53037682 -5.213085200000001 -5.3831146
60867 14021.247 1059.4316000000001 2458.8584 -6540.8258 0.050586104 -7.025386900000001 -2.6413564000000003
60867 14441.247 976.77178 -634.95673 -6974.876200000001 -0.43748556000000005 -7.4629212 0.6074244
60867 14861.247 704.02519 -3605.3386 -6047.8940999999995 -0.83979719 -6.4479255 3.7333023
60867 15281.247 294.33888 -5874.280900000001 -3941.3044 -1.078856 -4.1774531 6.1320839
60867 15701.247 -172.63475 -6999.2886 -1065.316 -1.107979 -1.0903436 7.3357507
60867 16121.247 -605.91685 -6759.858700000001 2018.7092 -0.92114332 2.2113445 7.1064102
60867 16541.247 -921.09757 -5202.6158 4708.317 -0.5549044599999999 5.0806843 5.4886529
60867 16961.247 -1056.8545 -2631.8114 6478.3595000000005 -0.08088170700000001 6.9584225 2.8003435
60867 17381.247 -986.80494 451.51663 6983.4867 0.40902179 7.4809806 -0.43553341
60867 17801.247 -724.39129 3446.5492000000004 6123.608200000001 0.82002077 6.5442984 -3.5923835
60867 18221.247 -320.82663 5767.2169 4066.4376 1.0713766 4.3259878 -6.050495
60867 18641.247 145.79137 6958.6965 1209.3084 1.1135906 1.2521192 -7.3279518
60867 19061.247 583.77443 6784.1033 -1885.8055 0.9372698500000001 -2.0692914 -7.1641265999999995
60867 19481.247 907.29993 5278.6664 -4610.406900000001 0.57764297 -4.979187700000001 -5.5930317
60867 19901.247 1053.0267 2737.611 -6429.4498 0.10623417 -6.9097458 -2.9316852
60867 20321.247 993.54272 -336.46154 -6991.987400000001 -0.38459215999999996 -7.4859416 0.29609134000000004
60867 20741.247 740.6133100000001 -3345.1677999999997 -6189.4955 -0.7998651 -6.6042604 3.4615822
60867 21161.247 343.56718 -5702.7631 -4179.2481 -1.0595852000000001 -4.4362755 5.9525615
60867 21581.247 -120.38426 -6949.3962 -1352.8296 -1.1130915000000001 -1.4010360000000002 7.2831004
60867 22001.247 -560.83326 -6840.764400000001 1737.9433000000001 -0.94955804 1.9094706000000001 7.190446700000001
60867 22421.247 -891.92974 -5398.0593 4489.059700000001 -0.60102182 4.8459368000000005 5.6925841
60867 22841.247 -1049.252 -2903.5417 6363.305 -0.13578496999999998 6.8357969999999995 3.0845005000000003
60867 23261.247 -1002.277 156.38683 6995.2633 0.35584053 7.494078000000001 -0.12554111
60867 23681.247 -760.0089499999999 3185.6429 6260.5738 0.77886696 6.691494800000001 -3.3161241
60867 24101.247 -369.19894 5592.6831 4299.2709 1.0508477 4.577026200000001 -5.866272
60867 24521.247 93.810123 6903.4047 1494.2944 1.1173278 1.5588802000000002 -7.268824800000001
60867 24941.247 538.41935 6858.612700000001 -1604.8589 0.96451706 -1.7685061000000002 -7.2420606
60867 25361.247 877.3876600000001 5467.530400000001 -4388.4196 0.62278873 -4.7441659000000005 -5.7916505
60867 25781.247 1044.7427 3005.0026000000003 -6311.9713 0.15972663 -6.7841301000000005 -3.2064168
60867 26201.247 1007.8235999999999 -44.055554 -6997.7923 -0.3324497 -7.4943711 -0.0061948966
60867 26621.247 774.67237 -3084.6162000000004 -6317.416200000001 -0.75940748 -6.7448619 3.1922308
60867 27041.247 390.70527000000004 -5524.4317 -4403.741400000001 -1.0387961000000001 -4.6804689 5.7697633999999995
60867 27461.247 -69.41696300000001 -6886.993 -1629.2875000000001 -1.1159251 -1.6994449999999999 7.2224801
60867 27881.247 -515.9411 -6902.987 1464.3524 -0.9753787600000001 1.6175738 7.2638134
60867 28301.247 -861.77904 -5571.4945 4271.4671 -0.6441853599999999 4.6169779 5.881114800000001
60867 28721.247 -1039.4151 -3152.2682999999997 6242.6898 -0.18778106 6.7115726 3.3501776
60867 29141.247 -1014.4278 -118.38395 6993.7645 0.3047761 7.4960214 0.16710501
60867 29561.247 -791.72765 2938.5127 6378.1878 0.73821241 6.8191144999999995 -3.0503613
60867 29981.247 -414.50861 5421.5 4514.5337 1.0283616 4.8081599 -5.6773076
60867 30401.247 43.419411000000004 6849.405400000001 1769.8199 1.1167375 1.8546874 -7.1872105
60867 30821.247 492.77831000000003 6932.4238 -1322.9145 0.98779112 -1.4628885 -7.2957479
60867 31241.247 845.5101 5657.6291 -4155.0191 0.66721191 -4.4872438 -5.982396
60867 31661.247 1033.9018 3280.9771 -6178.0393 0.21577610000000003 -6.6359356 -3.4941724
60867 32081.247 1020.9251 265.48288 -6994.5768 -0.27633400999999996 -7.4855871 -0.33092898000000004
60867 32501.247 809.44659 -2801.7597 -6447.5306 -0.71403842 -6.8790239 2.892563
60867 32921.247 440.64272 -5324.2643 -4643.8873 -1.0132192 -4.9337719 5.5545311
60867 33341.247 -13.925702 -6810.0408 -1933.8844 -1.1155522000000002 -2.0230553000000002 7.1363312
60867 33761.247 -465.72801000000004 -6966.9254 1154.0844 -1.0003342 1.2875028 7.324403500000001
60867 34181.247 -826.62121 -5763.4749 4016.2685 -0.68968756 4.3478084 6.0781816
60867 34601.247 -1026.1283 -3434.6546000000003 6092.2799 -0.24462634 6.5575342 3.6433473
60867 35021.247 -1025.4186 -435.58188 6976.4565999999995 0.24796437000000002 7.4868144 0.49689817000000003
60867 35441.247 -824.59481 2648.4172000000003 6495.592900000001 0.69257034 6.954858199999999 -2.7493927
60867 35861.247 -462.82677 5216.7966 4744.0635 1.0023748000000001 5.0559908 -5.463087300000001
60867 36281.247 -11.217665 6763.696400000001 2066.6696 1.1155046 2.1716405 -7.1001925
60867 36701.247 442.99224 6984.2451 -1019.7759000000001 1.011457 -1.1403257000000002 -7.3527303
60867 37121.247 810.51386 5837.732400000001 -3906.2162000000003 0.70960122 -4.2281302 -6.163365799999999
60867 37541.247 1019.5894000000001 3549.7175 -6027.1316 0.26968715 -6.4850991 -3.7692736
60867 37961.247 1029.73 568.91387 -6969.0343 -0.22209407 -7.4736226 -0.64206302
60867 38381.247 839.15283 -2522.8105 -6548.9134 -0.67039666 -7.0048128 2.6095755
60867 38801.247 484.94148 -5122.37 -4848.2746 -0.98842912 -5.1681173 5.3547397000000005
60867 39221.247 35.980547 -6721.0076 -2197.8397000000004 -1.1138286000000002 -2.3172337 7.0553961
60867 39641.247 -419.98774 -7004.463900000001 883.4987900000001 -1.0213274 0.98996174 7.3729054
60867 40061.247 -793.62917 -5915.212 3791.0151 -0.7294539200000001 4.1013345 6.2466423
60867 40481.247 -1012.3683000000001 -3669.7751000000003 5957.0317000000005 -0.29519132000000003 6.4074728 3.896486
60867 40901.247 -1033.6242 -708.91462 6957.781400000001 0.19551204000000003 7.4578686 0.79070193
60867 41321.247 -853.55837 2390.1096000000002 6599.847 0.6477462 7.055040699999999 -2.4668366
60867 41741.247 -507.23649 5023.4583 4953.0476 0.97416069 5.2765493 -5.2454767
60867 42161.247 -61.987116 6676.6409 2337.6072000000004 1.1109295 2.4642054 -7.002335100000001
60867 42581.247 395.33506 7025.688700000001 -735.4258199999999 1.0306828000000001 -0.8312558400000001 -7.3883124
60867 43001.247 775.1230300000001 5997.4164 -3663.734 0.74973807 -3.9649059 -6.3318458
60867 43421.247 1003.4336999999999 3793.7499 -5875.1923 0.32155846000000005 -6.3281039 -4.0309766
60867 43841.247 1036.0303000000001 851.9217199999999 -6937.2164 -0.16863575 -7.445158900000001 -0.94320442
60867 44261.247 866.5016899999999 -2255.8326 -6642.1855000000005 -0.62520208 -7.1083025 2.3243689
60867 44681.247 528.01948 -4923.6582 -5048.6026 -0.95992889 -5.384813 5.1382999
60867 45101.247 86.523011 -6630.5545999999995 -2467.2915000000003 -1.1075722000000001 -2.6078917 6.9494332000000005
60867 45521.247 -371.87232 -7042.2662 597.27122 -1.0389461 0.68023848 7.400306700000001
60867 45941.247 -757.58842 -6078.178 3544.5852000000004 -0.76753589 3.8338027 6.402331500000001
60867 46361.247 -995.57176 -3928.1606 5799.0127 -0.34706578000000005 6.2339804999999995 4.1553912
60867 46781.247 -1039.6911 -1013.0819 6921.3341 0.14039365 7.4175013 1.1006613
60867 47201.247 -881.47885 2099.1353 6693.1968 0.6006223300000001 7.157197600000001 -2.1697036
60867 47621.247 -551.5371600000001 4802.0782 5157.5339 0.94463528 5.4998229 -5.0227311
60867 48041.247 -114.25634 6571.6311 2615.6913 1.103753 2.7636195 -6.8908624000000005
60867 48461.247 345.30062 7053.1137 -439.50234000000006 1.0480066 -0.51315694 -7.4147176
60867 48881.247 737.30975 6153.9744 -3408.7797 0.7880313 -3.6884458 -6.4890133
60867 49301.247 985.37981 4053.5103 -5710.7515 0.37430025 -6.141767300000001 -4.2932362
60867 49721.247 1041.4741 1163.4195 -6897.1683 -0.11146903000000001 -7.392287400000001 -1.2634447
60867 50141.247 894.8609 -1953.1887 -6737.6999000000005 -0.5751432700000001 -7.203141700000001 2.0102587
60867 50561.247 574.06198 -4689.4524 -5263.286400000001 -0.92727262 -5.6104294 4.8950579
60867 50981.247 141.35285000000002 -6510.9664 -2759.8972000000003 -1.0991151 -2.9185399000000003 6.828235800000001
60867 51401.247 -318.85136 -7062.7572 282.80208000000005 -1.0559716000000001 0.34632833 7.4229358
60867 51821.247 -716.64747 -6231.7661 3270.2486000000004 -0.80685411 3.5443422 6.5660665
60867 52241.247 -974.4614 -4183.5615 5617.3952 -0.40058124 6.0464362000000005 4.425496600000001
60867 52661.247 -1042.2285 -1319.3389 6866.276 0.08314193400000001 7.3664739 1.4232161
60867 53081.247 -906.92436 1801.9939 6773.7968 0.5505289800000001 7.2506797 -1.8566409000000001
60867 53501.247 -594.81823 4571.7536 5357.0751 0.91112819 5.7195329 -4.778202500000001
60867 53921.247 -166.73697 6453.8628 2893.8874 1.0933594 3.0634105 -6.763133300000001
60867 54341.247 293.72225000000003 7067.7136 -136.82129999999998 1.0628206 -0.18932077000000003 -7.4281049
60867 54761.247 696.75724 6299.9227 -3140.6349 0.8245136599999999 -3.4057291000000003 -6.6374829
60867 55181.247 963.67448 4301.205900000001 -5529.366 0.42554681 -5.9531871 -4.5487579
60867 55601.247 1042.6153000000002 1463.3301999999999 -6836.7802 -0.055779759 -7.336240399999999 -1.5741123000000001
60867 56021.247 918.3749300000001 -1659.7422 -6808.4501 -0.5260743800000001 -7.2890743 1.7070275
60867 56441.247 615.07464 -4459.0233 -5449.1975999999995 -0.89434851 -5.8194223 4.6586992
60867 56861.247 191.57706 -6389.2265 -3022.9254 -1.0881834 -3.2080808000000003 6.701258300000001
60867 57281.247 -269.18224 -7067.206700000001 -4.5190198 -1.0693977000000001 0.033784559000000006 7.432495200000001
60867 57701.247 -677.21299 -6361.8875 3014.7454 -0.8414527500000001 3.267809 6.7059177000000005
60867 58121.247 -952.12586 -4404.905400000001 5440.263400000001 -0.44979587 5.865768500000001 4.6706098
60867 58541.247 -1040.7745 -1585.2378 6798.9232 0.031130054 7.3173709 1.710488
60867 58961.247 -926.2996700000001 1543.4992 6826.9897 0.50614151 7.3250219 -1.5898126
60867 59381.247 -630.23871 4367.615400000001 5512.5168 0.88135349 5.8973471 -4.573543399999999
60867 59801.247 -210.81868 6335.5765 3115.8058 1.0839676999999999 3.313584 -6.6591882
60867 60221.247 250.13923000000003 7059.5223 104.69104 1.0744356 0.075871268 -7.4396450000000005
60867 60641.247 661.99152 6397.468400000001 -2927.1162000000004 0.85411352 -3.1749555999999997 -6.7562184
60867 61061.247 944.07676 4481.9268 -5383.4947 0.46741763 -5.7951158 -4.750035
60867 61481.247 1041.8254 1690.0835 -6786.2788 -0.0092349997 -7.277182 -1.8213906
60867 61901.247 936.7118100000001 -1431.0288 -6864.2903 -0.48289816 -7.3394184 1.4551588
60867 62321.247 649.44508 -4273.9269 -5604.0887999999995 -0.86245381 -5.9743298000000005 4.4465457
60867 62741.247 235.83953 -6285.2892 -3250.9346 -1.0745565 -3.4443351 6.573588399999999
60867 63161.247 -223.71114000000003 -7072.013 -262.84813 -1.0774526000000002 -0.2389419 7.4188026
60867 63581.247 -639.61329 -6479.1998 2776.5259 -0.87017502 3.0149896 6.8136259
60867 64001.247 -930.7617700000001 -4622.4662 5272.9086 -0.49331252999999997 5.679649400000001 4.8765324
60867 64421.247 -1040.4931 -1864.5483000000002 6738.7597000000005 -0.020571613 7.2356081 1.987813
60867 64841.247 -947.4511600000001 1256.7493000000002 6887.7604 0.45638602 7.3812919 -1.2907875
60867 65261.247 -669.51686 4132.2132 5688.8674 0.8451843699999999 6.0856101 -4.3230732
60867 65681.247 -261.43657 6210.1148 3382.6396 1.0674236000000001 3.5878506000000003 -6.5019073
60867 66101.247 197.80871 7061.5031 409.80203000000006 1.0826502 0.39667050000000004 -7.415918700000001
60867 66521.247 618.2855500000001 6532.3056 -2642.7373 0.88632732 -2.8739428 -6.87743
60867 66941.247 917.93922 4726.6332999999995 -5177.4778 0.51696597 -5.5812167 -4.9921126000000005
60867 67361.247 1038.3935000000001 1998.0516000000002 -6698.8504 0.047187132 -7.1961753 -2.1324976
60867 67781.247 956.30697 -1120.3095 -6910.202200000001 -0.43161765 -7.4068587 1.1429693
60867 68201.247 687.61428 -4019.9238 -5769.628 -0.82670392 -6.1714098 4.198495299999999
60867 68621.247 284.64772 -6133.1935 -3499.1416000000004 -1.0608242 -3.7260757 6.436476300000001
60867 69041.247 -174.13769 -7045.6897 -541.21536 -1.0874871000000002 -0.54638445 7.4137791
60867 69461.247 -598.81097 -6577.1651 2523.1099 -0.90112037 2.7395892 6.934616
60867 69881.247 -906.0848100000001 -4817.332 5091.776400000001 -0.53891883 5.4868209 5.0976712
60867 70301.247 -1036.3368 -2116.4712999999997 6662.8559000000005 -0.072006834 7.1555059000000005 2.2645619000000003
60867 70721.247 -964.59653 996.8839 6931.7145 0.40786469000000003 7.4241825 -1.0048293
60867 71141.247 -704.9346 3916.0215000000003 5846.5734 0.8081658300000001 6.246176900000001 -4.07685
60867 71561.247 -307.88217 6071.7471 3618.9644 1.0512719 3.8485036 -6.3550103
60867 71981.247 149.2524 7042.3850999999995 683.27964 1.0894108000000002 0.69623469 -7.3918093
60867 72401.247 577.19802 6633.1083 -2386.9455000000003 0.9152731000000001 -2.5939509 -6.985059000000001
60867 72821.247 892.00319 4924.5590999999995 -4987.7608 0.56226258 -5.3807169 -5.2104758
60867 73241.247 1032.2924 2251.5013 -6610.372200000001 0.098612134 -7.1167228 -2.4099434
60867 73661.247 970.4771 -860.60799 -6934.9283 -0.38562791 -7.4568931 0.87312069
60867 74081.247 718.8577 -3804.1363 -5899.4965999999995 -0.79363171 -6.328810300000001 3.9817389
60867 74501.247 326.0 -6001.2807 -3702.1218 -1.0461213 -3.9584635 6.3085382
60867 74921.247 -130.92116000000001 -7019.2387 -775.38702 -1.0933472 -0.80807732 7.3948107
60867 75341.247 -562.1611700000001 -6658.3329 2304.2334 -0.9259705800000001 2.4965414 7.024778400000001
60867 75761.247 -883.30262 -4992.8679 4931.451 -0.57819265 5.300823 5.2792278
60867 76181.247 -1032.1889 -2352.8227 6594.5746 -0.11942726000000001 7.060987900000001 2.5111309
60867 76601.247 -980.56974 744.57936 6973.299599999999 0.36100217 7.4451326 -0.7362431800000001
60867 77021.247 -738.8559 3697.7071 5996.66 0.77108484 6.3855862 -3.8378417000000002
60867 77441.247 -353.85281 5933.496099999999 3854.0129 1.0321139000000001 4.0842972 -6.1973997
60867 77861.247 99.919925 7015.532400000001 960.2840500000001 1.0929145 0.98128753 -7.3537855
60867 78281.247 534.16696 6729.804 -2120.8097000000002 0.94059572 -2.3203765 -7.0740512
60867 78701.247 864.0977800000001 5129.7896 -4786.5522 0.6043609 -5.1724753 -5.408306
60867 79121.247 1025.1748 2527.301 -6514.4042 0.14988909 -7.0144701 -2.68223
60867 79541.247 985.8380500000001 -569.18588 -6965.285900000001 -0.33417458 -7.4857607 0.5714897
60867 79961.247 753.5413000000001 -3554.1159 -6049.1181 -0.75353122 -6.491688900000001 3.7179881999999997
60867 80381.247 373.59969 -5842.049599999999 -3944.3662999999997 -1.0258148 -4.2208099 6.1390925
60867 80801.247 -79.740037 -6982.3279 -1062.6315 -1.0968900000000001 -1.1184064 7.3536264000000005
60867 81221.247 -517.43797 -6751.089 2028.5317 -0.95265559 2.1998153000000005 7.1199391
60867 81641.247 -853.7752700000001 -5196.9185 4721.371700000001 -0.62266422 5.0761398 5.4913001
60867 82061.247 -1023.5761 -2628.1447000000003 6491.0256 -0.17289008 6.9516422 2.797835
60867 82481.247 -994.49138 451.56902 6996.201599999999 0.30890755000000003 7.471538300000001 -0.43067712999999996
60867 82901.247 -772.59952 3443.8268 6141.495400000001 0.73033049 6.5424818 -3.5722884
60867 83321.247 -400.89283 5768.0567 4092.7197 1.0106088 4.3416882999999995 -6.0233886000000005
60867 83741.247 48.714353 6970.862400000001 1246.4457 1.0949356000000001 1.2893773000000002 -7.3057132000000005
60867 84161.247 488.7773 6814.662700000001 -1843.0917 0.96581713 -2.0220106 -7.1617736999999995
60867 84581.247 833.3716 5327.4872000000005 -4571.6281 0.64780027 -4.9424481 -5.6145972
60867 85001.247 1015.081 2799.0627000000004 -6404.2633 0.20307622 -6.8976404 -2.9666068
60867 85421.247 998.33849 -276.55231 -6981.4463 -0.28154533 -7.5047981 0.2643981
60867 85841.247 786.29591 -3297.7389 -6189.0739 -0.7117706500000001 -6.6424066999999996 3.448529
60867 86261.247 420.23275 -5672.1691 -4180.9309 -1.0030372 -4.4751577 5.9593075
60868 281.247 -28.428328 -6932.562 -1348.9807 -1.0977715000000001 -1.426251 7.3004603
60868 701.247 -471.50708000000003 -6831.034000000001 1748.7701000000002 -0.97693947 1.9005454 7.2038312
60868 1121.247 -822.14611 -5390.045400000001 4502.9211 -0.66532038 4.8450579 5.6942287
60868 1541.247 -1012.2563000000001 -2895.8242000000005 6375.848900000001 -0.2253233 6.8330213 3.0782891
60868 1961.247 -1005.4763 161.84058 7005.595200000001 0.25684668 7.4866071000000005 -0.12766029
60868 2381.247 -803.6229000000001 3188.2383 6272.711 0.68850328 6.6872457999999995 -3.3045358
60868 2801.247 -445.88771 5596.0258 4319.854200000001 0.98699519 4.5884034 -5.8418067
60868 3221.247 -1.4998478 6915.9047 1525.2664 1.0941318000000002 1.5911054999999998 -7.245415100000001
60868 3641.247 443.13277000000005 6887.8855 -1567.0039 0.9880594 -1.7233729000000002 -7.2351377
60868 4061.247 801.2425400000001 5515.1814 -4352.5035 0.68887626 -4.7050202 -5.808143100000001
60868 4481.247 1002.8281 3065.136 -6285.528200000001 0.25509653 -6.7681425 -3.2432795999999997
60868 4901.247 1008.4875000000001 16.232614 -6987.1917 -0.22866354000000003 -7.5092929999999996 -0.041820017
60868 5321.247 817.0065000000001 -3035.5607000000005 -6319.1682 -0.66826197 -6.7817232999999995 3.1716259
60868 5741.246999999999 466.07013 -5492.8911 -4414.0590999999995 -0.9773406099999999 -4.7218345 5.765501400000001
60868 6161.246999999999 23.381864 -6871.8883 -1638.3332 -1.0955588 -1.7347829 7.2314168
60868 6581.246999999999 -423.89671999999996 -6902.0715 1459.7996 -0.9988178799999999 1.5927883 7.2747947
60868 7001.246999999999 -788.07185 -5578.914400000001 4271.1032000000005 -0.70675895 4.6009905 5.8904508
60868 7421.247 -998.22894 -3164.6148 6245.8355 -0.27780884 6.7013113 3.3587849000000003
60868 7841.247 -1013.9907 -134.04007000000001 7001.2542 0.20377541 7.4910405 0.18019256
60868 8261.247 -832.73436 2922.7177 6392.8521 0.6450713100000001 6.824650800000001 -3.0292414
60868 8681.247 -489.73897 5411.6269 4539.4129 0.96134128 4.8308493 -5.6512135
60868 9101.247 -51.496829 6847.3921 1800.5225 1.0909967999999999 1.8916507 -7.1750425
60868 9521.247 396.71284 6947.7537 -1290.0705 1.008006 -1.4220834 -7.2978888
60868 9941.247 767.45851 5691.6116 -4128.1916 0.72814667 -4.4601682 -5.9919851
60868 10361.247 988.3538000000001 3324.0842000000002 -6158.16 0.30630421 -6.6265125 -3.5137539
60868 10781.247 1016.3494000000001 307.66577 -6982.9358 -0.17523952 -7.4989761 -0.34813518
60868 11201.247 845.90261 -2768.7026 -6440.5061 -0.62306086 -6.9068695 2.8890252000000003
60868 11621.247 510.77585 -5309.0648 -4641.4618 -0.9485776499999999 -4.9561177 5.557954700000001
60868 12041.247 75.471436 -6803.33 -1928.6970000000001 -1.0896846 -2.0406485 7.143676
60868 12461.247 -374.55113 -6966.4573 1162.0808000000002 -1.0176357 1.276856 7.3288275
60868 12881.247 -751.21452 -5766.5007000000005 4024.2977 -0.74680102 4.341438500000001 6.0777427
60868 13301.247 -981.27315 -3439.6964 6099.3189 -0.33070609 6.5530696 3.6397719000000004
60868 13721.247 -1020.0458000000001 -442.25933000000003 6982.2654 0.14903665000000002 7.4838103 0.49554229
60868 14141.247 -860.19359 2641.3281 6502.0683 0.59959168 6.956750100000001 -2.7445137
60868 14561.247 -532.76935 5210.0829 4751.7434 0.933827 5.0721363 -5.4526707
60868 14981.247 -101.34821000000001 6761.9592999999995 2071.3070000000002 1.0862268 2.1923949 -7.0978381
60868 15401.247 349.79321999999996 6991.1320000000005 -1014.8591 1.0262859000000002 -1.1196966 -7.352856300000001
60868 15821.247 732.47187 5852.8414 -3901.8692 0.76581656 -4.210874 -6.1664025
60868 16241.247 972.08306 3570.6945 -6024.827700000001 0.35642889000000005 -6.4748818 -3.7756501
60868 16661.247 1022.1861 592.2026500000001 -6970.0633 -0.12170657 -7.4732136 -0.65127566
60868 17081.247 873.20435 -2501.6609 -6554.0695000000005 -0.5760244400000001 -7.0153785 2.5996179
60868 17501.247 554.0489100000001 -5107.6928 -4857.246700000001 -0.91866629 -5.1880602 5.3469511
60868 17921.247 126.57145 -6715.4202000000005 -2208.2602 -1.0825978 -2.341879 7.0532317
60868 18341.247 -325.56347999999997 -7009.082200000001 873.26609 -1.0345936 0.96700473 7.3758979
60868 18761.247 -713.99273 -5930.447 3783.6755000000003 -0.78437437 4.0820865 6.2521698
60868 19181.247 -961.99365 -3684.9035 5948.0795 -0.38119618000000005 6.4051344 3.9065888
60868 19601.247 -1021.8307 -717.95186 6946.044400000001 0.09764386 7.4734363 0.7867641599999999
60868 20021.247 -881.68998 2388.5514 6580.8415 0.55755818 7.0713131 -2.4900506
60868 20441.247 -568.9892600000001 5026.425200000001 4924.0635 0.9075386 5.2808513 -5.2734633
60868 20861.247 -144.54032999999998 6678.0893 2297.884 1.0799365 2.4527699 -7.023068
60868 21281.247 308.29010999999997 7019.0746 -780.51616 1.0404431 -0.85523952 -7.3907126
60868 21701.247 700.75019 5984.5025000000005 -3705.7996000000003 0.79752523 -3.9872498999999997 -6.3078617999999995
60868 22121.247 956.44334 3780.9483999999998 -5906.0472 0.40015884 -6.3297357000000005 -3.9968989
60868 22541.247 1026.159 841.8469699999999 -6954.883 -0.073415595 -7.434391 -0.91646321
60868 22961.247 896.89399 -2260.6621 -6651.5019 -0.53196363 -7.0960505000000005 2.3371038
60868 23381.247 593.77317 -4924.7615000000005 -5055.2311 -0.88780298 -5.3802197 5.1395507
60868 23801.247 175.32714 -6631.795400000001 -2474.3723 -1.0719168 -2.6122602 6.9473142
60868 24221.247 -277.22417 -7045.9866 589.62678 -1.0473911 0.6738822800000001 7.4010354
60868 24641.247 -675.59666 -6083.385200000001 3538.0125000000003 -0.81803736 3.8342577 6.4046455
60868 25061.247 -941.81435 -3930.7677000000003 5792.464400000001 -0.42856328000000005 6.2458256 4.1516696
60868 25481.247 -1023.7918000000001 -1009.1222 6910.7436 0.04470687 7.4353167000000004 1.0845406
60868 25901.247 -905.7768199999999 2110.2659 6675.5831 0.50936855 7.1675532 -2.1964618000000002
60868 26321.247 -610.69521 4817.4533 5132.1588 0.8747608400000001 5.4906149 -5.0503899
60868 26741.247 -196.28837 6582.9171 2583.3628 1.067791 2.7422296000000004 -6.9046119
60868 27161.247 256.6737 7053.3515 -474.40911 1.0533692000000001 -0.5375517 -7.4135925
60868 27581.247 659.48818 6145.058400000001 -3439.2798 0.83294975 -3.7141341000000003 -6.469523100000001
60868 28001.247 933.47109 4036.0189 -5730.5425000000005 0.45023434 -6.1607463 -4.2605266
60868 28421.247 1025.416 1139.7499 -6901.3774 -0.019550006 -7.402184 -1.2229022
60868 28841.247 917.6245 -1978.5806000000002 -6724.3397 -0.48526279 -7.2010292 2.0521339
60868 29261.247 631.03133 -4711.1377999999995 -5233.434700000001 -0.8569528000000001 -5.5950171 4.9301993
60868 29681.247 221.11274 -6523.546200000001 -2717.1158 -1.0620677 -2.8916766 6.8489594
60868 30101.247 -231.94309 -7059.5025000000005 331.33933 -1.0594584 0.38245105 7.4254801
60868 30521.247 -639.6966 -6213.9888 3315.3061000000002 -0.8494249300000001 3.5796318 6.5439073
60868 30941.247 -921.83023 -4146.3599 5646.7712 -0.47404418 6.0779184 4.3848583
60868 31361.247 -1024.3271 -1271.4044 6874.7833 -0.0062461027 7.3809352 1.3669133999999998
60868 31781.247 -926.99 1851.1722 6758.0131 0.46201528000000003 7.2419161 -1.9132757
60868 32201.247 -648.9079200000001 4612.7807999999995 5320.2043 0.84027175 5.6904352 -4.8199366
60868 32621.247 -244.21492 6474.239500000001 2841.7031 1.054898 3.0260442 -6.7864591
60868 33041.247 208.18573 7071.0286 -193.29957000000002 1.0635747 -0.23172688 -7.4250552
60868 33461.247 619.9136 6282.0587000000005 -3191.1273 0.86473584 -3.4467025 -6.611599
60868 33881.247 910.6718000000001 4268.197 -5564.4128 0.49699473 -5.982102 -4.5023917
60868 34301.247 1023.8462 1421.9091 -6849.7959 0.033116472 -7.3467416000000005 -1.5175164
60868 34721.247 937.6297 -1701.365 -6797.6716 -0.43688488000000003 -7.279705 1.7617209
60868 35141.247 668.77611 -4493.036099999999 -5417.8469000000005 -0.82226824 -5.7932401 4.7005367
60868 35561.247 269.43671 -6408.180200000001 -2978.1491 -1.0478047 -3.1711284 6.7245024
60868 35981.247 -182.45939 -7070.7235 44.371597 -1.0685319 0.075834504 7.4313632
60868 36401.247 -598.66657 -6348.2393 3058.4715 -0.88044133 3.3073156 6.682131099999999
60868 36821.247 -897.8285500000001 -4384.2986 5473.0576 -0.5206259599999999 5.8883809000000005 4.625257899999999
60868 37241.247 -1021.7631 -1564.4253999999999 6816.6843 -0.059870901000000004 7.3165028 1.6673516
60868 37661.247 -946.51648 1560.5021000000002 6828.0115000000005 0.41225856 7.3174562 -1.6143345999999998
60868 38081.247 -686.72051 4381.049599999999 5504.6 0.80443263 5.8906606 -4.5834915
60868 38501.247 -292.76787 6345.9758 3103.1004 1.0401299 3.3093849 -6.6603214
60868 38921.247 158.38834 7069.138 93.418014 1.0725006000000001 0.076418385 -7.4325950999999995
60868 39341.247 578.5691999999999 6408.5826 -2934.7839 0.8949168200000001 -3.1705422 -6.7459673
60868 39761.247 884.55157 4487.6503 -5381.4686 0.5443597099999999 -5.7957243 -4.750507400000001
60868 40181.247 1019.1143000000001 1693.5306 -6783.1003 0.086303657 -7.2841453000000005 -1.815702
60868 40601.247 954.82002 -1430.865 -6857.6375 -0.38721582 -7.3473914 1.46543
60868 41021.247 704.55724 -4276.6954000000005 -5593.0026 -0.7847523700000001 -5.9800503 4.4564373999999995
60868 41441.247 317.14107 -6289.9218 -3236.685 -1.0295743 -3.4478064 6.5781008000000005
60868 41861.247 -132.04413 -7077.9674 -248.28828000000001 -1.0739636000000001 -0.24245234 7.4159388
60868 42281.247 -555.50735 -6487.0216 2788.5535 -0.90918963 3.0094623 6.8054031
60868 42701.247 -870.85126 -4632.9851 5281.1967 -0.5676648599999999 5.672603100000001 4.8677626
60868 43121.247 -1016.8251 -1877.7474 6743.9704 -0.11595343 7.2306315 1.9823773000000002
60868 43541.247 -965.02284 1242.6371000000001 6891.5825 0.35870043 7.382535 -1.2921649
60868 43961.247 -725.19167 4120.5302 5692.8591 0.76465699 6.0939455 -4.3229134
60868 44381.247 -343.51121 6192.0718 3377.6218 1.0224133 3.6071817999999998 -6.516518100000001
60868 44801.247 105.47626 7048.7897 398.52547 1.0799365 0.40322439000000004 -7.432436
60868 45221.247 533.70548 6519.4096 -2659.1142000000004 0.92519394 -2.8814287 -6.8838209
60868 45641.247 857.11383 4709.1642 -5193.2373 0.5893205400000001 -5.5935971 -4.9825108
60868 46061.247 1012.6972 1975.9015 -6708.0008 0.13936352 -7.2027534 -2.1108527
60868 46481.247 970.60511 -1142.9401 -6909.9378 -0.33628935000000004 -7.4027845 1.163876
60868 46901.247 739.52899 -4039.3952999999997 -5762.9776 -0.7458203800000001 -6.1618362 4.2069201000000005
60868 47321.247 364.55836 -6149.793900000001 -3491.667 -1.010236 -3.7211399000000003 6.429665699999999
60868 47741.247 -81.373557 -7062.728700000001 -538.73692 -1.0780790999999998 -0.55381872 7.3984051
60868 48161.247 -511.43371 -6599.7372000000005 2519.3367000000003 -0.93596106 2.7217323 6.9223391
60868 48581.247 -841.91126 -4851.4502999999995 5085.6455000000005 -0.6117406 5.4651031 5.0956479
60868 49001.247 -1008.5596 -2159.1172 6659.830900000001 -0.16870421 7.1434577 2.2761772000000002
60868 49421.247 -978.95907 953.2654200000001 6934.764 0.3074604 7.432181300000001 -0.98966725
60868 49841.247 -758.57573 3879.5038 5854.5558 0.7248063499999999 6.270795000000001 -4.0703386
60868 50261.247 -389.80342 6046.469599999999 3625.8673 1.0017336000000001 3.8773164 -6.3631922
60868 50681.247 55.327319 7027.1972000000005 684.58726 1.0825807 0.71378016 -7.408764000000001
60868 51101.247 489.57192 6626.0583 -2391.6497000000004 0.95071439 -2.591518 -6.994538400000001
60868 51521.247 827.68451 4923.0895 -4997.0504 0.63265273 -5.381050500000001 -5.2055669
60868 51941.247 1003.7729 2255.4414 -6621.789400000001 0.19202114 -7.1085101 -2.4026794000000002
60868 52361.247 983.97951 -852.3209300000001 -6950.9627 -0.28450635999999996 -7.4451717 0.8597614600000001
60868 52781.247 772.6875 -3794.3809 -5923.9136 -0.70495544 -6.333139600000001 3.9495050000000003
60868 53201.247 411.12621 -5998.4692000000005 -3741.7761 -0.98832303 -3.9886506 6.2696389
60868 53621.247 -30.422616 -7035.0560000000005 -829.54614 -1.0794779 -0.8652261600000001 7.3680103
60868 54041.247 -466.00004 -6701.2613 2244.5762000000004 -0.96039098 2.4282448 7.0278528
60868 54461.247 -810.7986 -5062.1342 4880.460599999999 -0.6543626100000001 5.2474469 5.315792
60868 54881.247 -997.7495500000001 -2437.5298 6563.8249000000005 -0.2211544 7.043842400000001 2.5672213000000004
60868 55301.247 -990.46887 661.54264 6966.0543 0.25537160000000003 7.4693743 -0.6845278100000001
60868 55721.247 -790.105 3631.2933 6006.5543 0.6831262100000001 6.4374617 -3.8100823999999998
60868 56141.247 -435.15592 5890.268099999999 3868.5168 0.97860338 4.1418512000000005 -6.198282900000001
60868 56561.247 5.049102700000001 6993.8099 970.31183 1.0826508 1.0243675 -7.3720406
60868 56981.247 444.26288 6722.1776 -2119.183 0.97389928 -2.2956455 -7.0933476
60868 57401.247 796.23748 5130.0703 -4791.5776 0.67440269 -5.157694 -5.4205708
60868 57821.247 992.3789 2533.0701000000004 -6523.9164 0.24424475 -7.0011069 -2.6920076
60868 58241.247 994.9605300000001 -558.0441999999999 -6980.5172999999995 -0.23193239000000002 -7.4746511 0.55226177
60868 58661.247 804.01643 -3540.8017999999997 -6075.9277 -0.6622481800000001 -6.4943811 3.6835597
60868 59081.247 456.791 -5835.3106 -3987.3277000000003 -0.96392419 -4.2508948 6.0977214
60868 59501.247 20.711429 -6994.5291 -1121.0976 -1.0782748 -1.1771411 7.3246818000000005
60868 59921.247 -419.35603000000003 -6791.3824 1963.8925 -0.98261522 2.1285368 7.1220398
60868 60341.247 -777.7115200000001 -5264.9682999999995 4665.319 -0.6956014300000001 5.0194033000000005 5.5283262
60868 60761.247 -984.5951200000001 -2712.993 6455.678 -0.27324419 6.9316367 2.8556223
60868 61181.247 -999.70444 367.41268 6985.2312 0.20259915 7.4940348000000006 -0.37661806000000003
60868 61601.247 -819.8392600000001 3375.8169 6148.6732 0.63988994 6.5939116 -3.5420913
60868 62021.247 -479.58309 5723.3845 4105.9116 0.95319714 4.4007708 -6.0212506
60868 62441.247 -45.341157 6948.5883 1256.2633 1.0801287 1.335302 -7.3217083
60868 62861.247 397.80492 6807.9526 -1840.9762 0.99485821 -1.9931439 -7.180014900000001
60868 63281.247 762.87807 5330.5758 -4576.049599999999 0.7148064500000001 -4.9228551 -5.6276029
60868 63701.247 978.7306800000001 2809.5736 -6413.809 0.29623125 -6.8799445 -2.9792321999999998
60868 64121.247 1003.825 -259.14209 -6998.2545 -0.17848257 -7.4909816000000005 0.2407421
60868 64541.247 833.7991 -3277.6739 -6218.9406 -0.61774849 -6.6457089 3.4084895000000004
60868 64961.247 501.79661 -5659.4547999999995 -4228.446 -0.93716374 -4.508272799999999 5.9135715
60868 65381.247 72.209366 -6940.4563 -1413.5709 -1.0746634 -1.48987 7.2684823
60868 65801.247 -371.42698 -6869.4241 1677.1429 -1.002928 1.8227939 7.2050067
60868 66221.247 -742.67942 -5459.1595 4440.0838 -0.73563709 4.7812988 5.733169
60868 66641.247 -969.1679 -2984.5733999999998 6335.1638 -0.32499816 6.8071396 3.1410141
60868 67061.247 -1006.7249 71.87789599999999 6991.8594 0.14921739 7.5061488 -0.066533597
60868 67481.247 -847.79785 3113.9665 6280.2108 0.5951805600000001 6.7397081 -3.2669185000000005
60868 67901.247 -523.5682899999999 5546.7766 4340.5694 0.92504156 4.6531916 -5.8289145
60868 68321.247 -96.48911700000001 6892.6817 1546.3647 1.0747823 1.6484157000000002 -7.2545917
60868 68741.247 349.52732000000003 6885.7278 -1552.1338 1.0136828 -1.6804005 -7.2533451
60868 69161.247 727.03224 5528.4707 -4345.6444 0.75425562 -4.673099199999999 -5.8283278
60868 69581.247 962.41966 3089.378 -6287.5688 0.34851202000000003 -6.7442007 -3.2677956
60868 70001.247 1010.3582 48.605816 -7001.6458 -0.12380908 -7.4958328000000005 -0.077539789
60868 70421.247 861.89437 -3001.7655 -6351.152700000001 -0.57146114 -6.7898267 3.1236658000000004
60868 70841.247 545.93159 -5468.6761 -4463.160900000001 -0.90834108 -4.7626214000000004 5.7184447
60868 71261.247 123.72782000000001 -6871.0178 -1704.3287 -1.0688921 -1.8035105000000002 7.201067
60868 71681.247 -322.56845000000004 -6933.2526 1387.4398 -1.0211618 1.5121149 7.2773728
60868 72101.247 -705.92848 -5642.1237 4207.781 -0.77407178 4.5338715 5.9293484
60868 72521.247 -951.5276 -3249.7095 6204.7406 -0.37607286 6.6694012 3.4219575
60868 72941.247 -1011.5077 -223.24375 6988.0043 0.095235383 7.5032667 0.24555470000000001
60868 73361.247 -874.0664499999999 2846.6488 6403.7178 0.54852637 6.872321100000001 -2.9825364
60868 73781.247 -566.5171 5364.7683 4570.1903 0.8947734500000001 4.8861817 -5.6286641
60868 74201.247 -148.05963 6828.5403 1839.1791 1.0660014000000002 1.953732 -7.1697560000000005
60868 74621.247 299.43356 6954.2532 -1253.2582 1.029539 -1.365807 -7.3110876
60868 75041.247 688.36523 5719.2198 -4099.9523 0.7917656500000001 -4.4171428 -6.0188436
60868 75461.247 942.77571 3366.1409 -6143.2708 0.39974359 -6.6011744 -3.5502023
60868 75881.247 1013.2392 356.06652 -6984.7757 -0.069692368 -7.4946804 -0.39084463
60868 76301.247 886.14521 -2723.4553 -6460.7865 -0.52552436 -6.9264700999999995 2.8448623
60868 76721.247 586.15798 -5271.4848 -4672.859 -0.87936821 -5.0044586 5.5281472
60868 77141.247 171.61831 -6788.8011 -1969.2307 -1.0618356000000002 -2.0998685 7.131886000000001
60868 77561.247 -276.50637 -6977.1153 1120.7775 -1.0365867000000002 1.2179422 7.3369480000000005
60868 77981.247 -670.39049 -5797.3435 3990.2114 -0.80892387 4.2956208 6.1053254
60868 78401.247 -932.79938 -3478.9566 6075.1651 -0.42321651000000005 6.536435900000001 3.677953
60868 78821.247 -1012.5299 -478.90504 6967.182400000001 0.046206462000000004 7.4977730000000005 0.52271214
60868 79241.247 -895.0579100000001 2614.886 6498.7068 0.50644342 6.977515500000001 -2.735456
60868 79661.247 -601.88302 5193.2479 4750.9588 0.8669104200000001 5.0964434 -5.4518274
60868 80081.247 -190.79088000000002 6754.6039 2070.0383 1.0581036 2.2141914000000003 -7.101587
60868 80501.247 257.70158 6991.8805999999995 -1017.7213 1.0419915000000002 -1.1026632 -7.3563084
60868 80921.247 655.7353 5859.4703 -3905.6793 0.8221393100000001 -4.197691300000001 -6.1680598
60868 81341.247 925.70861 3581.3771 -6028.9542 0.44259136000000004 -6.465187299999999 -3.7772894999999997
60868 81761.247 1015.4827 606.1703000000001 -6975.4622 -0.021978205 -7.4677716 -0.6563979000000001
60868 82181.247 907.92416 -2486.9737999999998 -6562.8184 -0.48174041 -7.018193800000001 2.5887817
60868 82601.247 623.94316 -5096.688700000001 -4871.4731 -0.8483152 -5.2029572 5.3326279
60868 83021.247 218.51289000000003 -6713.871 -2229.3196000000003 -1.0503849 -2.3690482999999998 7.0406443
60868 83441.247 -229.49396 -7020.483 848.64157 -1.0477273 0.93332919 7.3734795
60868 83861.247 -632.6704599999999 -5955.0531 3760.486 -0.84025249 4.055778 6.2613778
60868 84281.247 -912.19332 -3725.6072999999997 5935.459900000001 -0.46873833000000004 6.3839645 3.9233875
60868 84701.247 -1013.5561 -768.4304000000001 6948.1893 -0.0059444528 7.4639264999999995 0.81898442
60868 85121.247 -916.9963700000001 2338.7521 6600.6086 0.45814499999999997 7.086358199999999 -2.4468324
60868 85541.247 -641.2780200000001 4990.7362 4960.2128 0.83325543 5.319149 -5.237644
60868 85961.247 -240.0627 6662.8805 2346.2601 1.0456698 2.5098129 -7.003346400000001
60868 86381.247 208.20679 7029.4015 -728.69231 1.0533887 -0.79338392 -7.3946991
60869 401.247 615.77837 6019.26 -3661.0521000000003 0.85482076 -3.9373123000000003 -6.3338742
60869 821.247 902.6066 3827.2212999999997 -5873.8459 0.49006142 -6.3087159 -4.0377381
60869 1241.247 1013.7022 891.03114 -6939.8727 0.030390644 -7.4409521000000005 -0.95547055
60869 1661.247 927.3934200000001 -2218.8636 -6650.7758 -0.43453967 -7.122970400000001 2.308946
60869 2081.247 660.56949 -4896.7453 -5063.6112 -0.81508642 -5.4174473 5.1240382
60869 2501.247 265.0359 -6620.1578 -2487.1275 -1.0372387 -2.6523919 6.9414701999999995
60869 2921.247 -182.25223000000003 -7051.441 576.3197 -1.057068 0.63418631 7.401792400000001
60869 3341.247 -593.8914100000001 -6104.5801 3526.7547000000004 -0.87054039 3.7967162 6.413499
60869 3761.247 -889.60292 -3966.599 5787.0924 -0.514343 6.2147158000000005 4.1716011
60869 4181.247 -1011.885 -1055.2830000000001 6916.494000000001 -0.058357847 7.4188848 1.1174779000000001
60869 4601.247 -937.02035 2061.6018 6694.9365 0.40902026999999996 7.177412400000001 -2.1555698000000003
60869 5021.247 -679.42301 4776.1723 5164.2888 0.7974059 5.5341291 -5.0128602
60869 5441.247 -289.53339 6561.2044000000005 2625.475 1.0298907 2.8018850000000004 -6.8880879
60869 5861.246999999999 157.12328 7060.1435 -429.43384000000003 1.0615078 -0.47145832000000004 -7.4159491
60869 6281.246999999999 573.02584 6176.2993 -3400.2200000000003 0.8860258400000001 -3.657517 -6.4937312
60869 6701.246999999999 877.0211 4087.2321 -5705.2147 0.53784691 -6.1228713 -4.3015753000000005
60869 7121.246999999999 1010.1494 1201.6093 -6895.717000000001 0.085731579 -7.390343700000001 -1.2741969
60869 7541.247 946.7335 -1917.9279 -6740.8358 -0.38274032 -7.2188152 1.9996216
60869 7961.247 699.05594 -4663.9822 -5270.4219 -0.77727908 -5.640536600000001 4.8870356
60869 8381.247 315.0647 -6500.2057 -2769.549 -1.0209904 -2.957046 6.824380100000001
60869 8801.247 -130.33359 -7072.5982 272.18161 -1.0644885 0.3055388 7.4197609
60869 9221.247 -550.0925699999999 -6258.1151 3259.7397 -0.9011394 3.5070661000000003 6.5695378
60869 9641.247 -862.57214 -4223.287200000001 5609.9220000000005 -0.5622828200000001 6.0213791 4.436414
60869 10061.247 -1007.0445 -1365.771 6864.694 -0.11433262000000001 7.3604774 1.4397776
60869 10481.247 -955.46334 1757.6036000000001 6779.6107 0.35598069 7.266414200000001 -1.8389111
60869 10901.247 -717.66763 4538.103700000001 5369.661700000001 0.7577723700000001 5.753952 -4.7647863
60869 11321.247 -340.15162 6436.3925 2911.4772000000003 1.0112624 3.1131027 -6.756147200000001
60869 11741.247 103.92006 7071.2928 -118.45466 1.0680830000000001 -0.13980171000000002 -7.4306966
60869 12161.247 527.5491400000001 6322.3596 -3124.6198 0.91604037 -3.3652646 -6.648140000000001
60869 12581.247 848.1243900000001 4336.9788 -5518.9631 0.58536852 -5.928771800000001 -4.5647733
60869 13001.247 1003.2481 1505.4092 -6833.720700000001 0.1411968 -7.330908900000001 -1.5927381
60869 13421.247 962.90998 -1619.5952 -6813.407700000001 -0.33009682 -7.3035385 1.6878116
60869 13841.247 734.9615699999999 -4428.8776 -5461.9615 -0.7374781400000001 -5.8519506 4.6413708
60869 14261.247 363.60027 -6373.8330000000005 -3041.8462999999997 -1.0015714 -3.2539935 6.6914753000000005
60869 14681.247 -78.82111599999999 -7072.1433 -25.523854 -1.070113 -0.015507077000000001 7.4321504
60869 15101.247 -505.81062000000003 -6386.7002 2995.784 -0.92929732 3.2257914999999997 6.7147236
60869 15521.247 -833.90746 -4451.0921 5429.914900000001 -0.6072953 5.8325461 4.6840998
60869 15941.247 -999.32321 -1647.5039 6801.8913 -0.16746735000000001 7.296077500000001 1.7413961999999998
60869 16361.247 -970.04526 1477.1848 6845.2033 0.30456008 7.3369284 -1.538464
60869 16781.247 -751.80158 4313.9861 5551.5243 0.71756154 5.947514600000001 -4.5202179
60869 17201.247 -386.91944 6309.0104 3172.0766000000003 0.9912274700000001 3.3936393 -6.6226641
60869 17621.247 53.595049 7070.146900000001 170.80425 1.0714852000000001 0.17147668 -7.430141400000001
60869 18041.247 483.60398 6448.1512 -2863.9434 0.9420644300000001 -3.0846534 -6.7796087
60869 18461.247 819.0375799999999 4564.4303 -5337.1478 0.62890988 -5.7335331 -4.8025893
60869 18881.247 994.66762 1789.9313000000002 -6766.187 0.19369157 -7.2587592999999995 -1.8901176000000002
60869 19301.247 976.4906 -1333.473 -6873.2813 -0.27879124 -7.3681957 1.388468
60869 19721.247 768.0823 -4196.959900000001 -5637.7092 -0.6972746 -6.041214 4.3980783
60869 20141.247 409.8453 -6241.4797 -3299.3853 -0.9803857 -3.5314841 6.5521563
60869 20561.247 -28.518887 -7065.3578 -314.25590000000005 -1.07223 -0.32658883 7.4248899
60869 20981.247 -461.29559000000006 -6506.9671 2732.4826000000003 -0.9541912 2.9425347000000004 6.8405373
60869 21401.247 -803.8362 -4674.6058 5243.4276 -0.65004562 5.6324508 4.9180504
60869 21821.247 -989.53314 -1930.4137 6728.532700000001 -0.2197038 7.2178623 2.037227
60869 22241.247 -982.428 1190.0569 6899.1515 0.25295224 7.3953727 -1.2380281
60869 22661.247 -783.95015 4078.6183 5722.3499 0.67660721 6.131544600000001 -4.2732958
60869 23081.247 -432.57216999999997 6171.442 3426.5982000000004 0.96895859 3.6679767 -6.477744700000001
60869 23501.247 3.3649696 7057.4664 459.33142 1.0724005 0.48259641 -7.4162866
60869 23921.247 438.67268 6563.0491 -2598.0897000000004 0.96593302 -2.7984449000000002 -6.8995815
60869 24341.247 788.18127 4784.453 -5146.0123 0.67093534 -5.5281004000000005 -5.0324559
60869 24761.247 983.87567 2071.8945 -6687.0414 0.24562998 -7.1740095 -2.1846941
60869 25181.247 987.84774 -1044.542 -6921.536599999999 -0.22698833 -7.4203068000000005 1.0863677
60869 25601.247 799.39458 -3957.3945 -5804.0834 -0.6556276000000001 -6.2203553000000005 4.1470306
60869 26021.247 455.03240000000005 -6098.1093 -3551.565 -0.95708475 -3.8032314 6.4015649
60869 26441.247 21.708671 -7046.2605 -602.82565 -1.0719356 -0.63752055 7.4050563
60869 26861.247 -415.85806 -6615.751700000001 2464.0859 -0.97698348 2.654126 6.9552212
60869 27281.247 -772.0823399999999 -4890.2878 5047.7025 -0.6913278500000001 5.422554600000001 5.1438895
60869 27701.247 -977.62022 -2210.1867 6643.517900000001 -0.27133772 7.127388600000001 2.3298301
60869 28121.247 -992.63976 900.79163 6941.2145 0.20096275 7.4413507 -0.9354471999999999
60869 28541.247 -814.28997 3836.2341 5883.262 0.63432937 6.3051722 -4.0192696
60869 28961.247 -477.13244000000003 6023.3151 3675.0324 0.94465021 3.9359101 -6.3219620999999995
60869 29381.247 -46.649288999999996 7032.6456 746.24627 1.0708831 0.7920609 -7.3899537
60869 29801.247 392.93099 6666.284000000001 -2328.6039 0.98747333 -2.5082129 -7.0075836
60869 30221.247 755.65348 4995.38 -4946.750900000001 0.71125209 -5.3139258 -5.2531883
60869 30641.247 970.88124 2349.16 -6596.8303 0.29679104 -7.0773398 -2.4746354999999998
60869 31061.247 996.89989 -755.01373 -6957.9076 -0.17488979000000002 -7.4595262 0.78344448
60869 31481.247 828.7475000000001 -3712.0474 -5960.086200000001 -0.61264863 -6.3881255 3.8896967
60869 31901.247 498.99907 -5944.9455 -3796.9688 -0.93164693 -4.067522 6.240317
60869 32321.247 71.72799499999999 -7015.4536 -889.8346 -1.0691344999999999 -0.9469518000000001 7.372211
60869 32741.247 -369.58790000000005 -6713.5718 2191.8748 -0.99736314 2.3610594000000003 7.0575157
60869 33161.247 -738.60234 -5097.392900000001 4843.6665 -0.7308167600000001 5.203569900000001 5.360653800000001
60869 33581.247 -963.42138 -2485.879 6547.3315999999995 -0.32214651 7.024851 2.6181223
60869 34001.247 -1000.4503000000001 610.3185400000001 6971.434200000001 0.14868689000000002 7.4746154 -0.63172101
60869 34421.247 -842.57989 3587.5855 6033.9283 0.59068876 6.4678159 -3.7589021
60869 34841.247 -520.40444 5865.0599 3916.7885 0.91813293 4.196677800000001 -6.1558001
60869 35261.247 -96.460735 6995.9351 1031.7672 1.0667404 1.1002372 -7.350923300000001
60869 35681.247 346.30645000000004 6758.3205 -2055.2278 1.0065489 -2.213441 -7.1035648
60869 36101.247 721.32975 5197.0345 -4739.1989 0.74976329 -5.091391300000001 -5.4651065
60869 36521.247 955.51496 2621.2384 -6495.4163 0.34706935 -6.969439500000001 -2.7597943000000003
60869 36941.247 1003.4335 -465.64075 -6982.085599999999 -0.12259489999999999 -7.4863487 0.48034581
60869 37361.247 855.89202 -3461.774 -6105.0689 -0.5684022200000001 -6.5444826 3.6269685
60869 37781.247 541.48872 -5782.7302 -4034.6268 -0.90403697 -4.3237043 6.069081000000001
60869 38201.247 121.22627 -6973.4939 -1173.4161000000001 -1.0636436 -1.2531135 7.326488
60869 38621.247 -322.70906 -6800.2851 1917.5519 -1.0151172 2.0647748999999997 7.1465961
60869 39041.247 -703.53764 -5295.2304 4632.5770999999995 -0.7683471500000001 4.97626 5.5672573000000005
60869 39461.247 -947.0201500000001 -2756.6781 6440.7667 -0.37200913 6.9102851 2.9009557
60869 39881.247 -1005.9038 319.35711 6990.1748 0.096191648 7.4947403999999995 -0.32770741
60869 40301.247 -868.84514 3333.1702000000005 6174.4321 0.54571881 6.6188902 -3.492692
60869 40721.247 -562.39235 5696.913500000001 4151.7916000000005 0.8894813100000001 4.4497241 -5.9795397999999995
60869 41141.247 -145.95859 6946.977400000001 1315.1312 1.0601066000000001 1.4057125000000001 -7.299932300000001
60869 41561.247 298.94614 6838.066900000001 -1778.9308 1.0232184 -1.9160209 -7.1877854
60869 41981.247 685.35187 5391.4586 -4523.9943 0.78635218 -4.8587684 -5.6670184
60869 42401.247 937.92943 2891.3653 -6383.4175000000005 0.39659363000000003 -6.8479052000000005 -3.0410591
60869 42821.247 1007.7023 -172.41155 -6995.4407 -0.069774923 -7.4997332 0.1745771
60869 43241.247 881.22612 -3202.5812 -6241.5257 -0.52257827 -6.6905547 3.3563176
60869 43661.247 582.98482 -5608.2348 -4267.794 -0.87417774 -4.574396 5.8869471
60869 44081.247 170.87279 -6917.835400000001 -1458.1706000000001 -1.0556465000000002 -1.5596420000000002 7.2691647999999995
60869 44501.247 -274.6651 -6874.3014 1637.4283 -1.0306488 1.7638592000000002 7.2257504
60869 44921.247 -666.4548199999999 -5486.0612 4411.644 -0.80414748 4.738647200000001 5.7656943
60869 45341.247 -928.0916 -3025.4164 6322.015 -0.42121699 6.7831472999999995 3.1810001000000003
60869 45761.247 -1008.7981 25.168584 6996.7115 0.043198405 7.5026549000000005 -0.021068644
60869 46181.247 -892.98295 3070.8452 6304.8287 0.49922483 6.7601712 -3.2193178
60869 46601.247 -603.0615300000001 5517.5214000000005 4380.4115 0.85856134 4.6968336 -5.7929601
60869 47021.247 -195.33564 6885.5655 1597.9384 1.0507609 1.7108678 -7.2363542
60869 47441.247 250.59769 6906.4358 -1498.0474 1.0374021 -1.6133121000000001 -7.2604554
60869 47861.247 647.40372 5574.4055 -4299.5695000000005 0.82136362 -4.619314 -5.8619038
60869 48281.247 917.63237 3150.2068 -6258.2898 0.44559266000000003 -6.7189676 -3.3201421
60869 48701.247 1009.147 113.27938 -6994.9416 -0.016865513 -7.502504500000001 -0.13059047000000001
60869 49121.247 904.0046800000001 -2945.8482000000004 -6364.9314 -0.47547753000000004 -6.8235651 3.0805452
60869 49541.247 622.7683000000001 -5431.0538 -4491.8162999999995 -0.84160879 -4.8144334 5.691312600000001
60869 49961.247 220.13096 -6857.2018 -1740.6431000000002 -1.0439455 -1.8634989000000002 7.1919133
60869 50381.247 -225.4568 -6944.956 1351.2003 -1.0426237 1.4528219999999998 7.2856943
60869 50801.247 -627.03932 -5676.8201 4178.7325 -0.8379564500000001 4.4834642 5.9547953
60869 51221.247 -906.38437 -3302.2727000000004 6189.657200000001 -0.47031842 6.6361428 3.4626134000000004
60869 51641.247 -1009.2660000000001 -284.72518 6992.4573 -0.011493819 7.4953201 0.29679973000000004
60869 52061.247 -915.66783 2788.1644 6430.3698 0.44995510000000005 6.894896 -2.9299898
60869 52481.247 -643.44894 5316.156599999999 4610.385200000001 0.8246344800000001 4.947843300000001 -5.5910391
60869 52901.247 -246.08013 6808.2375999999995 1891.0675 1.0381872 2.0279223 -7.1566741
60869 53321.247 199.7295 6965.2299 -1201.3576 1.0493893 -1.2928509 -7.3234351
60869 53741.247 606.3177 5756.6358 -4057.1401 0.85561158 -4.357589600000001 -6.0559523
60869 54161.247 894.36878 3418.2507 -6117.7701 0.49465217 -6.5707519 -3.6021415
60869 54581.247 1007.9978000000001 415.22315000000003 -6982.143599999999 0.037674319 -7.4919105 -0.44694491000000003
60869 55001.247 925.0677900000001 -2668.9845 -6481.5131 -0.42597099 -6.9514813 2.7908496
60869 55421.247 661.86524 -5233.0478 -4714.5481 -0.8066421800000001 -5.0558745 5.4837557
60869 55841.247 269.61586 -6776.607599999999 -2025.9304 -1.0302584 -2.1720631 7.1065423
60869 56261.247 -175.22441 -6997.6356 1059.0973999999999 -1.0528534 1.1367566999999998 7.3394967
60869 56681.247 -585.87226 -5853.0652 3937.148 -0.87018593 4.2211668 6.137510000000001
60869 57101.247 -882.36321 -3568.1269 6046.1098 -0.51840566 6.4787431 3.7391460000000003
60869 57521.247 -1007.1855 -588.81836 6975.670099999999 -0.066173155 7.4737774 0.61401447
60869 57941.247 -936.08756 2504.9624 6544.638900000001 0.39926768 7.0145233 -2.6334851
60869 58361.247 -682.5938100000001 5110.1011 4834.848599999999 0.78801122 5.1850368 -5.3742054
60869 58781.247 -295.7081 6715.3222000000005 2177.6735 1.0238148 2.3363274 -7.0689709
60869 59201.247 149.14442000000003 7005.3185 -907.48922 1.0591967 -0.97885241 -7.3766197
60869 59621.247 564.72959 5920.4631 -3814.1635 0.8868337000000001 -4.1001285 -6.233601
60869 60041.247 869.5750600000001 3674.4734 -5970.9759 0.54108718 -6.414283900000001 -3.8685241
60869 60461.247 1004.45 709.35752 -6957.6633 0.090650591 -7.4683364 -0.75272123
60869 60881.247 943.32682 -2393.9213 -6583.2126 -0.37683611 -7.0641539 2.5058109
60869 61301.247 698.2368299999999 -5030.3167 -4921.6458 -0.7709508700000001 -5.2817528000000005 5.2751708
60869 61721.247 316.88191 -6684.9349 -2297.1827000000003 -1.0149181 -2.4662033 7.0145668
60869 62141.247 -126.37160000000002 -7033.8808 777.1404200000001 -1.0607082 0.83219399 7.380972
60869 62561.247 -544.9475500000001 -6009.2625 3699.3272 -0.8995089900000001 3.9650778 6.303145000000001
60869 62981.247 -857.31722 -3812.9005 5898.599099999999 -0.5634549200000001 6.3197103 3.9964918
60869 63401.247 -1002.8806999999999 -874.38187 6947.0612 -0.11828824 7.4416988 0.91372512
60869 63821.247 -953.41698 2234.1637 6640.871099999999 0.3500446 7.1159245 -2.3483409
60869 64241.247 -718.2960899999999 4907.3014 5038.0486 0.7512283599999999 5.401590000000001 -5.1587196
60869 64661.247 -343.44005 6625.715099999999 2452.5463 1.0057352 2.6281125000000003 -6.9593677
60869 65081.247 98.616364 7046.7135 -614.1750400000001 1.0645154000000001 -0.65755321 -7.402122
60869 65501.247 521.4671500000001 6087.4268 -3561.0787000000005 0.91568849 -3.8199922 -6.3974088
60869 65921.247 841.8611 3932.0677 -5806.4761 0.5879768000000001 -6.241266800000001 -4.1396222
60869 66341.247 998.01896 1011.0625 -6916.0998 0.14509048000000002 -7.434267200000001 -1.0688601000000002
60869 66761.247 959.43146 -2107.8309 -6672.6665 -0.32572201 -7.1706228 2.2082902
60869 67181.247 733.37714 -4814.844700000001 -5122.0786 -0.73285635 -5.5057187999999995 5.0525590000000005
60869 67601.247 363.99143 -6580.8019 -2567.8678999999997 -0.99690332 -2.7637862 6.9077584
60869 68021.247 -76.56155199999999 -7060.421700000001 489.64142 -1.0660869 0.5173911000000001 7.409050100000001
60869 68441.247 -502.1915 -6161.4062 3451.3337 -0.92722095 3.6919665 6.4605056
60869 68861.247 -830.0522900000001 -4061.6155 5739.1861 -0.60834186 6.1400522 4.2543447
60869 69281.247 -996.6510000000001 -1172.3993 6908.9515 -0.17197669 7.3907293 1.2243837000000002
60869 69701.247 -969.80834 1944.3944 6734.1106 0.29779387 7.2061002 -2.043837
60869 70121.247 -754.50122 4683.0303 5247.1981 0.71075168 5.6184354 -4.9208939
60869 70541.247 -392.06457 6508.450400000001 2734.4230000000002 0.98642149 2.9268152 -6.8450846
60869 70961.247 47.005161 7059.835900000001 -314.18051 1.0696415 -0.34647523 -7.430177
60869 71381.247 476.85752 6226.4573 -3300.9362 0.9431141000000001 -3.5559715 -6.5544846
60869 71801.247 813.19201 4171.5595 -5638.5702 0.6318182600000001 -6.0654966 -4.3913237
60869 72221.247 989.7577900000001 1298.935 -6865.4415 0.19716965 -7.387666500000001 -1.3686449
60869 72641.247 972.7087700000001 -1830.3621 -6745.7545 -0.27651327 -7.2601807 1.9256629
60869 73061.247 765.12757 -4600.0988 -5301.2289 -0.69559903 -5.7092396 4.8388127
60869 73481.247 407.58179 -6468.1422 -2814.9227 -0.9786328 -3.0378583 6.8029146
60869 73901.247 -29.883048 -7068.1505 224.71987 -1.0697996 0.2274903 7.4295919999999995
60869 74321.247 -461.53965999999997 -6284.4332 3220.4657 -0.95164821 3.4404889 6.5988703
60869 74741.247 -803.21471 -4274.1756 5586.6336 -0.64861568 5.9715094 4.4827716
60869 75161.247 -988.8064499999999 -1432.8631 6864.2275 -0.22077469 7.3346292 1.5017759000000002
60869 75581.247 -982.72247 1686.3687 6807.6515 0.24926768000000002 7.2741623 -1.7666623
60869 76001.247 -786.1400500000001 4478.5437 5428.0106 0.6715835600000001 5.8019519 -4.6956919
60869 76421.247 -436.80952 6400.153700000001 2990.9937999999997 0.9645447699999999 3.1951795 -6.7178229
60869 76841.247 -2.3407822 7073.1581 -30.473853 1.0701154 -0.045071826 -7.431372400000001
60869 77261.247 432.57529 6362.3872 -3045.8403 0.96640932 -3.2839366 -6.6876014
60869 77681.247 782.75752 4405.1533 -5462.8913 0.6733298099999999 -5.8809109 -4.6298274
60869 78101.247 979.62327 1584.9395 -6807.0288 0.24854459 -7.3248676999999995 -1.6641614
60869 78521.247 985.0938600000001 -1546.0546000000002 -6817.6341 -0.22536634000000003 -7.3304314999999995 1.6313614
60869 78941.247 797.4698900000001 -4373.0131 -5488.2813 -0.6549346 -5.9004715 4.6051337000000006
60869 79361.247 453.33469 -6341.3116 -3078.9064 -0.9566642200000001 -3.3151064999999997 6.677514
60869 79781.247 20.280985 -7065.4575 -64.022473 -1.0711033 -0.07550793 7.438969
60869 80201.247 -416.77569 -6403.0368 2963.5812 -0.9754319400000001 3.1762593000000003 6.7372801
60869 80621.247 -772.25308 -4487.4926 5409.532 -0.6892835900000001 5.7966655000000005 4.7166606
60869 81041.247 -977.02458 -1695.0306 6796.965700000001 -0.26992300999999996 7.2794552 1.7822636
60869 81461.247 -991.71415 1427.422 6858.5635 0.20103168 7.3435907 -1.4931189999999999
60869 81881.247 -813.66029 4272.4281 5583.7039 0.63290011 5.97995 -4.477528599999999
60869 82301.247 -477.33196000000004 6286.110000000001 3219.848 0.94226264 3.4492753 -6.5928617
60869 82721.247 -47.93914 7074.2127 226.58146 1.068413 0.23998777999999998 -7.4227362999999995
60869 83141.247 390.78431 6480.7015 -2810.7744 0.98601481 -3.01908 -6.799786699999999
60869 83561.247 753.18259 4621.3712000000005 -5297.6655 0.71106868 -5.687581000000001 -4.8456238
60869 83981.247 968.57054 1859.8555000000001 -6747.7707 0.29760316000000003 -7.2441726 -1.9449498
60869 84401.247 994.98497 -1264.5713 -6877.77 -0.17397624 -7.3870912 1.3366838
60869 84821.247 827.1543399999999 -4142.0887 -5661.4133 -0.61245566 -6.0848557 4.3625020999999995
60869 85241.247 498.08886 -6215.8973 -3338.4502 -0.93132642 -3.5752557 6.5336766
60869 85661.247 71.100624 -7060.3168 -357.53020000000004 -1.0683458000000001 -0.37719705 7.425909
60869 86081.247 -369.80831 -6521.4338 2693.6172 -0.99620653 2.9010694 6.8604124
60870 101.247 -738.19826 -4703.7119 5215.236400000001 -0.72879998 5.610111600000001 4.946693100000001
60870 521.247 -961.95815 -1964.1907 6712.482599999999 -0.31909982000000003 7.2170784 2.0648863
60870 941.247 -997.0474 1161.7217 6889.8488 0.15386798 7.4123892 -1.2278919000000001
60870 1361.247 -837.05284 4059.4536000000003 5715.6195 0.59592746 6.152621 -4.2744038
60870 1781.247 -512.96126 6160.7408 3417.9768 0.9217014299999999 3.6863142 -6.484278199999999
60870 2201.247 -88.27258400000001 7053.8374 448.34239 1.0668932 0.49588285000000004 -7.4203541
60870 2621.247 353.75512 6564.2792 -2609.6159 1.0029425 -2.7869161 -6.8982449
60870 3041.247 726.66197 4791.3935 -5156.3543 0.7434219200000001 -5.514709 -5.0278961
60870 3461.247 958.0407 2084.6852 -6696.1702000000005 0.34040924 -7.1602589 -2.1846622000000004
60870 3881.247 1003.4302 -1027.0123 -6932.4714 -0.12775693 -7.4128936 1.0774846
60870 4301.247 854.1831 -3939.4337 -5820.4181 -0.57134317 -6.2266271 4.131234999999999
60870 4721.247 539.00085 -6086.1933 -3574.6628 -0.90487853 -3.8256381000000004 6.386684000000001
60870 5141.247 118.79236999999999 -7046.388900000001 -630.5261800000001 -1.0628974 -0.6702184200000001 7.3996523
60870 5561.247 -324.58497 -6629.5145999999995 2436.8817000000004 -1.0132878 2.6229720000000003 6.9633558
60870 5981.246999999999 -704.41535 -4915.236900000001 5026.1092 -0.76531772 5.4043965 5.1605225
60870 6401.246999999999 -946.38328 -2239.0592 6629.3045999999995 -0.36776666999999996 7.1270884 2.3465678
60870 6821.246999999999 -1003.2129 875.1046 6932.3994 0.10153875 7.4555656 -0.92664198
60870 7241.247 -863.7964499999999 3818.5027000000005 5875.8167 0.5523815 6.319805000000001 -4.028044400000001
60870 7661.247 -555.5726500000001 6012.8376 3667.9321 0.89416846 3.9447967 -6.3324481
60870 8081.247 -137.91636 7025.4546 735.48086 1.0615796 0.7957782800000001 -7.3986042
60870 8501.247 306.78947 6659.059700000001 -2341.6836000000003 1.02074 -2.5110243999999997 -7.0094741
60870 8921.247 691.4535500000001 4987.215099999999 -4959.377 0.7798674 -5.319316 -5.2431537
60870 9341.247 940.1892 2333.7203 -6599.504400000001 0.38695311 -7.0885682 -2.4515732
60870 9761.247 1005.5628 -773.96887 -6949.0136 -0.080691425 -7.4637301 0.8140331599999999
60870 10181.247 874.64017 -3730.523 -5938.2881 -0.53241756 -6.3813949 3.918911
60870 10601.247 572.9310600000001 -5958.487400000001 -3764.9373 -0.88048897 -4.051469 6.2583918999999995
60870 11021.247 159.25144 -7021.8795 -853.89097 -1.0566813 -0.92804 7.372764
60870 11441.247 -285.57625 -6712.6963 2224.5544 -1.0263833 2.3745762 7.0425427
60870 11861.247 -674.72857 -5092.7898 4867.9965 -0.79606087 5.2078786 5.336621
60870 12281.247 -932.52011 -2481.3577 6561.2095 -0.41135172999999997 7.0211674 2.5935962
60870 12701.247 -1009.0717 612.47967 6975.9219 0.052827416 7.4679979 -0.6514094800000001
60870 13121.247 -889.52881 3587.1737000000003 6031.432900000001 0.5071647300000001 6.4626386 -3.7727068
60870 13541.247 -596.80556 5862.968400000001 3909.4902 0.86384244 4.1938856 -6.165160200000001
60870 13961.247 -187.55806 6992.5802 1022.0808000000001 1.0527098000000001 1.0979372 -7.3564083
60870 14381.247 258.39858 6753.131 -2066.1419 1.0355097 -2.2196296 -7.1036354
60870 14801.247 653.69604 5189.697099999999 -4748.3379 0.81550798 -5.100814000000001 -5.4553638
60870 15221.247 921.0753000000001 2610.2127 -6498.7841 0.43631338000000003 -6.9788033 -2.7394021
60870 15641.247 1008.3758 -479.7579 -6975.1489 -0.027344992000000002 -7.491066 0.50768992
60870 16061.247 898.85633 -3476.1288 -6086.331700000001 -0.48554724 -6.5405346 3.6544982
60870 16481.247 613.81819 -5793.5298 -4005.819 -0.84930192 -4.3110212 6.0881752
60870 16901.247 208.80424 -6978.2403 -1140.2027 -1.04729 -1.2364509000000001 7.3302569
60870 17321.247 -237.05409 -6798.2773 1949.128 -1.0404808 2.0787345999999998 7.1351599
60870 17741.247 -636.63771 -5289.7441 4656.9505 -0.830763 4.9820075 5.5450984
60870 18161.247 -912.19118 -2750.6095 6455.0857000000005 -0.45984059000000005 6.9081623 2.8764978
60870 18581.247 -1010.3931 323.53437 6994.838400000001 -9.69352e-05 7.488658900000001 -0.34853266000000005
60870 19001.247 -912.22808 3334.7267 6171.6028 0.45994796000000004 6.6130391 -3.5075412000000004
60870 19421.247 -636.49857 5696.45 4143.9265000000005 0.8314871100000001 4.4459094 -5.9889289
60870 19841.247 -236.50482000000002 6943.9124 1305.2124 1.0417703 1.4051303000000002 -7.3052257
60870 20261.247 209.82515 6834.1586 -1790.0372 1.0482108 -1.919489 -7.1878604
60870 20681.247 615.06228 5384.9143 -4533.6867999999995 0.8493235 -4.866356799999999 -5.658792099999999
60870 21101.247 899.91164 2881.5507000000002 -6387.5351 0.48481968000000003 -6.8559668 -3.0237755
60870 21521.247 1009.0358000000001 -184.98426 -6990.7047999999995 0.026321923000000004 -7.5038867 0.19846352
60870 21941.247 921.33072 -3215.4437000000003 -6226.4974 -0.43704234000000003 -6.687524000000001 3.3801179
60870 22361.247 653.87404 -5618.378 -4244.1990000000005 -0.8154994799999999 -4.5647528 5.9027982
60870 22781.247 258.70846 -6923.7155 -1430.7494 -1.0350111 -1.5474852000000001 7.2715958
60870 23201.247 -187.04475 -6875.656900000001 1663.2352 -1.0522515000000001 1.7725171 7.2154896
60870 23621.247 -596.31991 -5482.1928 4431.7514 -0.8643789900000001 4.7421236 5.749437
60870 24041.247 -889.38751 -3021.3245 6334.3874000000005 -0.50823277 6.7812161 3.1614438000000002
60870 24461.247 -1009.3998 27.700758 7001.1696 -0.053865595 7.4977407000000005 -0.038442518
60870 24881.247 -933.1381600000001 3071.3109 6303.054 0.41110863000000003 6.7557971 -3.2314389
60870 25301.247 -675.21088 5516.7633 4374.741900000001 0.79694561 4.6952804 -5.7996424
60870 25721.247 -285.63966 6884.9586 1591.4825 1.0280169000000001 1.7129264000000002 -7.2379761
60870 26141.247 159.91168 6906.8336 -1504.5168999999999 1.0583466000000001 -1.6109307 -7.2588973
60870 26561.247 574.17163 5576.3907 -4305.226900000001 0.8815017 -4.618804 -5.8553766
60870 26981.247 876.13871 3155.1491 -6261.7042 0.53267127 -6.719227 -3.3068703999999998
60870 27401.247 1007.0371 117.56281 -6992.323 0.080416583 -7.5053615 -0.11506973000000001
60870 27821.247 941.4864100000001 -2942.9782000000005 -6355.2123 -0.38741475000000003 -6.826834600000001 3.0986761
60870 28241.247 692.17724 -5428.934200000001 -4474.3398 -0.7801613599999999 -4.813779800000001 5.709368400000001
60870 28661.247 307.5754 -6853.4333 -1716.6194 -1.0208783 -1.8561398999999998 7.204020300000001
60870 29081.247 -137.22126 -6936.795700000001 1377.9042 -1.0619478 1.4655495 7.2858731
60870 29501.247 -554.84172 -5657.7578 4199.4187999999995 -0.8964581500000001 4.4985062 5.9469449999999995
60870 29921.247 -864.7923900000001 -3275.7137000000002 6203.4571 -0.55508728 6.6486956 3.4383741
60870 30341.247 -1006.0265 -255.27264000000002 6994.051 -0.10649259999999999 7.4957341 0.26512299
60870 30761.247 -951.4019300000001 2815.0127 6419.461700000001 0.36227169 6.882823999999999 -2.9556009
60870 31181.247 -711.61097 5337.384599999999 4592.3347 0.7607684299999999 4.9293206000000005 -5.601139900000001
60870 31601.247 -333.17094000000003 6819.726900000001 1868.2109 1.0115068 2.0115716 -7.1556025000000005
60870 32021.247 110.28153 6970.92 -1221.3123 1.0651303 -1.3026387 -7.311680900000001
60870 32441.247 532.23045 5761.1849 -4071.8854 0.91080594 -4.3616874 -6.036699
60870 32861.247 850.35104 3427.3675000000003 -6126.0053 0.57898964 -6.5671145 -3.582599
60870 33281.247 1002.7173 425.37021000000004 -6982.872200000001 0.13453536 -7.4911839 -0.42985919
60870 33701.247 959.61284 -2659.4483 -6474.8516 -0.33652062 -6.9545952 2.809689
60870 34121.247 729.2206 -5224.9564 -4699.7256 -0.74281281 -5.0566680999999996 5.5054149
60870 34541.247 356.05740000000003 -6767.023099999999 -2002.0818000000002 -1.0046417 -2.1633988 7.126475900000001
60870 34961.247 -86.934416 -6981.8341 1089.1525 -1.0696643 1.1575512000000001 7.3475735
60870 35381.247 -512.91308 -5827.3252 3966.4291000000003 -0.92499582 4.2476742000000005 6.1248251
60870 35801.247 -838.6337900000001 -3531.2601 6066.151 -0.599708 6.5002258 3.7035712
60870 36221.247 -1000.5465 -546.2345 6977.9123 -0.15868548000000002 7.4782997 0.56715587
60870 36641.247 -967.6429499999999 2545.2724 6527.4717 0.31275528 6.999549200000001 -2.6763486
60870 37061.247 -746.3582 5141.1905 4803.0255 0.72362225 5.1569103 -5.3995832
60870 37481.247 -379.59135 6734.777900000001 2139.9746 0.9939951499999999 2.3048296 -7.0711810999999996
60870 37901.247 61.476093999999996 7011.941 -943.13434 1.0707058 -1.0016312 -7.3610975
60870 38321.247 490.42307 5919.8472 -3840.7785 0.9379921900000001 -4.111793 -6.2076131
60870 38741.247 823.6297 3671.7563 -5986.6543 0.6224779 -6.4151664 -3.8415654
60870 39161.247 996.27688 707.69015 -6962.4004 0.1860796 -7.4654271 -0.72800177
60870 39581.247 974.81821 -2394.2327 -6578.061900000001 -0.28664443 -7.0607676 2.5282994
60870 40001.247 763.2275 -5028.8282 -4907.3167 -0.70428969 -5.276869700000001 5.2958027
60870 40421.247 403.17796000000004 -6684.3184 -2279.555 -0.9842691200000001 -2.4556437 7.0248432
60870 40841.247 -35.919121 -7031.0567 796.39974 -1.0722679000000002 0.8417283200000001 7.3801183
60870 41261.247 -467.85761 -5995.4225 3714.5962999999997 -0.95210338 3.9785221 6.2986101
60870 41681.247 -808.62497 -3790.8740000000003 5906.8673 -0.64510203 6.3371284999999995 3.9776668
60870 42101.247 -991.68083 -845.5135200000001 6943.887900000001 -0.21235383 7.4523292 0.88022825
60870 42521.247 -981.22585 2264.5329 6622.4113 0.26127208 7.111778800000001 -2.3853112000000003
60870 42941.247 -779.36113 4932.7826 5005.747200000001 0.68409414 5.3831980999999995 -5.185405
60870 43361.247 -425.35121000000004 6637.884900000001 2409.3288 0.97372144 2.6010742000000002 -6.9729572
60870 43781.247 11.769961 7045.8802000000005 -659.14174 1.0731792 -0.69071889 -7.3950667999999995
60870 44201.247 446.57403999999997 6076.2848 -3598.3574 0.9630275 -3.8468029 -6.3690434
60870 44621.247 794.2738 3921.0097 -5833.880099999999 0.6653417899999999 -6.2455617000000005 -4.1001247
60870 45041.247 987.27874 1001.8503000000001 -6930.1983 0.23857182000000002 -7.4249402 -1.0341944
60870 45461.247 988.1237900000001 -2112.2845 -6674.1268 -0.23470019 -7.1587311 2.233937
60870 45881.247 796.4436400000001 -4814.6221 -5114.2805 -0.6631154699999999 -5.4953769 5.0716958000000005
60870 46301.247 449.57602 -6579.754400000001 -2555.1199 -0.96226084 -2.7531448999999997 6.9177077
60870 46721.247 15.071824000000001 -7057.7507000000005 503.11692 -1.0735787 0.52477833 7.409787000000001
60870 47141.247 -422.59482 -6150.414 3463.7396000000003 -0.97619247 3.7038421 6.4571908
60870 47561.247 -777.07964 -4038.1337000000003 5741.2832 -0.6889555 6.1603224 4.245852200000001
60870 47981.247 -980.84196 -1139.7288999999998 6902.1111 -0.26598267 7.4078925 1.1954598
60870 48401.247 -993.23147 1980.9643 6712.747 0.20781536 7.2062442 -2.0812151
60870 48821.247 -812.04426 4715.6523 5211.5784 0.6406557 5.6004911 -4.9482936
60870 49241.247 -472.65962 6531.4847 2692.324 0.94870381 2.9029375 -6.8489882
60870 49661.247 -41.176745000000004 7074.3291 -353.02726 1.0719239 -0.36064258 -7.4116515000000005
60870 50081.247 398.33505 6238.788500000001 -3329.4591 0.9863773200000001 -3.5515762 -6.5268408
60870 50501.247 760.3628199999999 4188.9676 -5656.3975 0.70911469 -6.0473967 -4.370604
60870 50921.247 974.60679 1324.8563000000001 -6881.0567 0.29423340000000003 -7.3658831000000005 -1.3644832
60870 51341.247 999.39477 -1796.665 -6764.651400000001 -0.17831966 -7.2526517 1.910792
60870 51761.247 829.51439 -4567.8398 -5327.2131 -0.61749961 -5.7238089 4.8222666
60870 52181.247 497.43388 -6445.292 -2845.3652 -0.9374601800000001 -3.0680424 6.7985369
60870 52601.247 67.83511100000001 -7058.2312 195.84389000000002 -1.0741307 0.1990862 7.4411157999999995
60870 53021.247 -375.07459000000006 -6283.4286 3198.4283 -0.99972567 3.428252 6.6174507
60870 53441.247 -744.33136 -4274.4005 5571.4213 -0.72940141 5.9778922 4.4942443
60870 53861.247 -967.7381600000001 -1426.7359 6849.842000000001 -0.31728881999999997 7.351786000000001 1.4961433
60870 54281.247 -1002.2280000000001 1699.1627 6787.5553 0.15561178 7.2866576 -1.7867460000000002
60870 54701.247 -841.37596 4493.9551 5398.6615 0.59761686 5.8015728 -4.7169002
60870 55121.247 -516.62288 6413.1152 2955.1616000000004 0.9232383700000001 3.1858001 -6.725652
60870 55541.247 -91.189079 7082.4576 -65.768506 1.0690518 -0.051211937 -7.4206142
60870 55961.247 352.0168 6371.8341 -3073.8697 1.006543 -3.2760695 -6.6662191
60870 56381.247 726.73236 4420.9875999999995 -5482.3487000000005 0.7483710800000001 -5.859305 -4.6130595
60870 56801.247 960.19697 1610.7763 -6822.5041 0.34500552 -7.3015364 -1.6629842000000001
60870 57221.247 1007.0355000000001 -1512.3946 -6833.2316 -0.12581347 -7.324828000000001 1.613856
60870 57641.247 857.76913 -4340.6965 -5509.9304 -0.57347768 -5.9193273 4.584743400000001
60870 58061.247 540.78488 -6319.9875 -3106.5546 -0.9106802900000001 -3.3492655 6.667826600000001
60870 58481.247 117.81029 -7059.5553 -92.760682 -1.0699011 -0.11249644 7.4436136
60870 58901.247 -328.28918 -6411.0968 2939.2792000000004 -1.0188955 3.1483866 6.7527862999999995
60870 59321.247 -709.91998 -4503.019 5392.6059000000005 -0.76816058 5.7849699 4.7349591
60870 59741.247 -952.59475 -1712.1521 6787.428400000001 -0.36793372 7.2812796 1.7946043
60870 60161.247 -1009.1793 1412.9266000000002 6852.7612 0.10277883 7.3533643 -1.4875061
60870 60581.247 -869.15925 4262.8297999999995 5579.3985999999995 0.55290746 5.9930636 -4.4751742000000005
60870 61001.247 -559.88556 6282.522900000001 3216.6492000000003 0.89547024 3.4650774 -6.5894005
60870 61421.247 -141.53239000000002 7078.1567000000005 225.56454000000002 1.0636674000000002 0.26075629 -7.4171654
60870 61841.247 304.38721999999996 6494.5639 -2809.556 1.0246370999999999 -2.993277 -6.7961221
60870 62261.247 691.06978 4646.3946 -5296.406 0.7862906900000001 -5.6612181 -4.8499811
60870 62681.247 943.36468 1894.5562 -6750.5968 0.39526287000000004 -7.226112199999999 -1.9600537999999998
60870 63101.247 1012.2169 -1225.5999 -6888.715400000001 -0.072963019 -7.3860651 1.3142531
60870 63521.247 883.8919300000001 -4106.6788 -5681.5402 -0.5282423700000001 -6.105386800000001 4.3404258
60870 63941.247 582.68183 -6184.3675 -3360.291 -0.88189681 -3.6246018 6.5265431
60870 64361.247 167.26698000000002 -7049.0853 -378.90594 -1.0633087 -0.42323750000000004 7.433207400000001
60870 64781.247 -281.04299 -6527.920700000001 2677.1229 -1.0358276000000002 2.8630689000000005 6.8755402000000005
60870 65201.247 -674.2021800000001 -4724.3293 5206.150900000001 -0.80521012 5.5809291000000005 4.9667053999999995
60870 65621.247 -935.41636 -1994.7172 6713.3150000000005 -0.4178794 7.1983456 2.0902088
60870 66041.247 -1014.0031 1124.1937 6906.2186 0.049679857 7.407448400000001 -1.1856147000000001
60870 66461.247 -895.12576 4024.2976000000003 5750.6088 0.50699591 6.1741836 -4.2256742
60870 66881.247 -602.01374 6141.0246 3472.7364 0.86570742 3.7383862 -6.4415719000000005
60870 67301.247 -191.66034 7061.6465 516.76187 1.0559946 0.57260082 -7.4007005
60870 67721.247 256.02738 6606.2654 -2540.096 1.040579 -2.7048253 -6.9143242
60870 68141.247 653.87698 4864.1684000000005 -5101.1088 0.82262101 -5.4529379 -5.0788943
60870 68561.247 924.50933 2175.5683 -6667.0198 0.44479955000000004 -7.1381116 -2.2542624
60870 68981.247 1015.2803 -936.2199499999999 -6932.4936 -0.019840159 -7.4347977 1.0119851
60870 69401.247 908.2139000000001 -3865.2524 -5843.6332 -0.48179146 -6.2813172 4.0885288
60870 69821.247 623.46245 -6037.9653 -3608.5564 -0.8511401200000001 -3.8941731 6.374060000000001
60870 70241.247 216.53647 -7026.5206 -664.63647 -1.0543268000000001 -0.7335758600000001 7.4103140000000005
60870 70661.247 -232.96944000000002 -6633.625400000001 2410.2642 -1.0504092 2.5727608 6.986785
60870 71081.247 -636.77165 -4937.6123 5010.7451 -0.84047447 5.367358599999999 5.1901375
60870 71501.247 -915.97892 -2274.0441 6627.8957 -0.46694642 7.102886300000001 2.3822899000000004
60870 71921.247 -1016.4327 833.26831 6948.0773 -0.0036687388 7.4486304 -0.88156236
60870 72341.247 -919.04358 3778.5280000000002 5912.2711 0.4597118 6.3445871 -3.9687264
60870 72761.247 -642.85473 5988.6462 3723.2845 0.83376697 4.0053769 -6.2824384
60870 73181.247 -241.50536 7032.7598 807.56754 1.0457885000000002 0.88374047 -7.371443500000001
60870 73601.247 206.89572 6706.5071 -2265.7945 1.0541221 -2.4113805000000004 -7.020826200000001
60870 74021.247 615.0195600000001 5073.589900000001 -4896.692599999999 0.8571622 -5.2351324 -5.299456500000001
60870 74441.247 903.42217 2452.8502000000003 -6571.791200000001 0.49346403 -7.0379909 -2.5449207
60870 74861.247 1015.9665 -645.32399 -6964.241599999999 0.033471415000000004 -7.4710461 0.70795278
60870 75281.247 930.4582700000001 -3617.3808 -5995.515200000001 -0.43412166 -6.4466322 3.8298413
60870 75701.247 662.89708 -5881.4412 -3850.6031000000003 -0.81828551 -4.157375200000001 6.2104418
60870 76121.247 265.44066 -6992.2794 -949.28824 -1.0428422000000002 -1.0430781999999998 7.3744475000000005
60870 76541.247 -184.20578 -6728.580599999999 2139.1099 -1.062551 2.2772292000000003 7.085884600000001
60870 76961.247 -597.72696 -5143.455 4806.5863 -0.87387294 5.143489300000001 5.404987500000001
60870 77381.247 -894.32618 -2550.8187000000003 6531.1032000000005 -0.51513874 6.9944193 2.6712480000000003
60870 77801.247 -1016.5165000000001 539.3187700000001 6978.4985 -0.057285358 7.4767252 -0.5746903600000001
60870 78221.247 -940.9702 3524.6967000000004 6064.8427 0.41103514 6.5045064 -3.7036283
60870 78641.247 -682.47762 5824.7385 3968.9923 0.79959738 4.2666038 -6.1115854
60870 79061.247 -291.17451 6991.1219 1098.7874 1.0329369 1.1949207 -7.3293269
60870 79481.247 156.84464000000003 6795.2313 -1985.9066 1.0651884 -2.1122608 -7.1159703
60870 79901.247 574.3219 5274.8303 -4682.606400000001 0.88986389 -5.0074029 -5.5122147
60870 80321.247 879.9182900000001 2726.679 -6464.6008 0.54126202 -6.9256363 -2.8326051000000003
60870 80741.247 1014.1046 -352.63527000000005 -6983.8796 0.08703288399999999 -7.4949098 0.40164655
60870 81161.247 950.48759 -3362.8549 -6137.2938 -0.38513498 -6.6015804 3.5639556
60870 81581.247 701.19177 -5714.8004 -4088.7237999999998 -0.78287783 -4.4149878 6.0332667
60870 82001.247 314.39502000000005 -6947.0307999999995 -1236.0886 -1.0283377 -1.3541366000000001 7.3237513
60870 82421.247 -134.15260999999998 -6814.6927000000005 1859.9771 -1.0719368999999999 1.9731769 7.172655
60870 82841.247 -556.4091500000001 -5345.1096 4590.3405 -0.90544417 4.9064042 5.6130742
60870 83261.247 -869.88519 -2829.0845 6420.7082 -0.5627665 6.871723200000001 2.9601788
60870 83681.247 -1013.8425 238.22124 6996.590200000001 -0.11159671 7.492540699999999 -0.26197149000000003
60870 84101.247 -960.66194 3259.3427 6208.4686 0.36061649 6.6561115 -3.4285962
60870 84521.247 -720.75299 5646.8302 4210.425700000001 0.76301469 4.5244308 -5.9287535
60870 84941.247 -340.57171999999997 6935.133 1390.8557 1.0174522 1.5078 -7.2751038
60870 85361.247 105.98114 6871.3037 -1700.3400000000001 1.0737987 -1.8067311 -7.2006259
60870 85781.247 531.87947 5466.9898 -4459.0621 0.92065036 -4.7692594 -5.7177483
60870 86201.247 854.04826 2996.4037000000003 -6345.8706 0.58807507 -6.8002896 -3.1178216
60871 221.247 1009.7109 -58.416369 -6992.135700000001 0.1408213 -7.5053406 0.092012973
60871 641.247 968.35182 -3101.599 -6270.350200000001 -0.33465976000000003 -6.745445 3.288924
60871 1061.247 737.76809 -5538.7312 -4319.9735 -0.7458008300000001 -4.6613845000000005 5.8478033
60871 1481.247 362.48722 -6888.716 -1520.1527 -1.0115473 -1.6589363000000001 7.2622871
60871 1901.247 -83.95172900000001 -6886.043900000001 1578.9004 -1.078859 1.6710954999999998 7.2481381
60871 2321.247 -513.9438700000001 -5532.1170999999995 4367.6234 -0.93459176 4.6675123 5.8097374
60871 2741.247 -843.40827 -3094.8161 6299.7703 -0.60817985 6.7424752 3.2379286
60871 3161.247 -1008.3401 -54.045139000000006 6999.9665 -0.16440821 7.4973478 0.042373016
60871 3581.247 -977.1037600000001 2997.387 6334.8251 0.31064943 6.7931257 -3.1569549
60871 4001.247 -755.8585400000001 5465.8455 4434.5725999999995 0.7255702300000001 4.7665993 -5.7423713
60871 4421.247 -387.44543 6869.923400000001 1668.6976000000002 0.9997764100000001 1.8077791 -7.21
60871 4841.247 56.508259 6933.837 -1423.261 1.0792797 -1.507761 -7.269273
60871 5261.247 489.44499 5644.6179 -4236.8776 0.94812165 -4.5290884 -5.9061005
60871 5681.246999999999 826.8991 3254.1756 -6221.8201 0.6321985200000001 -6.6650219 -3.3890978
60871 6101.246999999999 1003.1469000000001 229.19657 -6990.4848 0.19312779000000002 -7.500855400000001 -0.21009168
60871 6521.246999999999 983.7344 -2840.3531000000003 -6391.9484 -0.28420069000000003 -6.8732413 3.0139145
60871 6941.246999999999 772.77188 -5360.1314 -4544.921 -0.70622748 -4.8954869 5.647799
60871 7361.247 410.24397 -6824.3528 -1804.801 -0.99114756 -1.9615070000000001 7.181195600000001
60871 7781.247 -32.528549 -6952.9628 1289.0854 -1.0822065 1.3592913000000002 7.305799
60871 8201.247 -468.87815 -5718.9580000000005 4129.3372 -0.9617791200000001 4.4111451 5.9997373
60871 8621.247 -813.24223 -3358.5992 6156.808 -0.6536611299999999 6.6069867 3.5192371
60871 9041.247 -998.61468 -344.64739000000003 6978.0587000000005 -0.21599737 7.5043627 0.33772861
60871 9461.247 -988.67986 2737.9985 6430.813099999999 0.26297882 6.9267395 -2.9028305999999997
60871 9881.247 -785.0437 5283.4773 4620.348 0.69062811 4.9923191 -5.574867
60871 10301.247 -427.58065999999997 6793.3424 1902.0166000000002 0.98320978 2.0776446 -7.1532696
60871 10721.247 13.680561 6971.6085 -1190.2274 1.0829912 -1.2419671 -7.3256062
60871 11141.247 452.2594 5785.727900000001 -4049.0752 0.97098915 -4.309708400000001 -6.0627939
60871 11561.247 802.72808 3471.1571000000004 -6116.7535 0.67048407 -6.5275606 -3.6215343
60871 11981.247 997.2671899999999 481.90835 -6992.92 0.24075997000000002 -7.471754600000001 -0.48277202
60871 12401.247 998.42959 -2600.8703 -6509.376700000001 -0.23536992 -6.9660801 2.7476304000000003
60871 12821.247 805.86197 -5178.7393 -4759.4255 -0.66669042 -5.105824800000001 5.4488074
60871 13241.247 456.50304 -6748.7039 -2081.0479 -0.9694774 -2.2439315 7.0939417
60871 13661.247 18.087915000000002 -7000.813099999999 1004.2111 -1.0836258 1.0648426 7.3534195
60871 14081.247 -423.86063 -5882.9911 3892.373 -0.9858468800000001 4.1698526000000005 6.1700332
60871 14501.247 -782.83514 -3613.2798 6016.4563 -0.69510329 6.4581933000000005 3.7758953
60871 14921.247 -988.6157800000001 -636.33296 6960.0204 -0.26850484 7.4816798 0.64239466
60871 15341.247 -1001.0703000000001 2465.6513 6538.8580999999995 0.21138711000000002 7.0385871 -2.6219838
60871 15761.247 -818.1350100000001 5086.5384 4837.9669 0.64935205 5.2120272000000005 -5.3672753
60871 16181.247 -475.06596 6710.876 2187.6918 0.9596717200000001 2.3714131000000003 -7.0564433
60871 16601.247 -38.79428300000001 7017.5641 -892.90633 1.0833435 -0.93212086 -7.3695412
60871 17021.247 405.17801000000003 5951.7825 -3799.3349 0.99538213 -4.0526233000000005 -6.2388366
60871 17441.247 770.0200699999999 3724.4074 -5961.8683 0.71322239 -6.3767991 -3.8884112
60871 17861.247 984.8010400000001 770.8973000000001 -6959.3240000000005 0.29269723 -7.4543648000000005 -0.78317817
60871 18281.247 1007.8811999999999 -2332.7272000000003 -6598.3691 -0.1846524 -7.0801023 2.4737614
60871 18701.247 834.65134 -4981.7555 -4948.7468 -0.6267269 -5.3247038 5.2519544
60871 19121.247 498.59126000000003 -6658.8726 -2331.0672999999997 -0.9472444900000001 -2.5245916000000004 7.0066713
60871 19541.247 65.344153 -7035.0338 741.7135000000001 -1.0826434 0.76825186 7.388531100000001
60871 19961.247 -380.76009000000005 -6033.883400000001 3669.3947000000003 -1.0070589 3.9122856 6.326650400000001
60871 20381.247 -752.71704 -3855.2327999999998 5880.2391 -0.73481306 6.2883156 4.0265429
60871 20801.247 -977.9468 -924.89741 6941.7386 -0.32004541999999997 7.4342601 0.94505068
60871 21221.247 -1012.8078 2185.5552000000002 6648.363200000001 0.15681372 7.132235 -2.3190453000000004
60871 21641.247 -850.4325699999999 4870.2223 5056.942 0.60372937 5.4395963 -5.1341293
60871 22061.247 -522.1918 6604.9663 2476.705 0.93369616 2.6797381999999996 -6.9496924
60871 22481.247 -92.065833 7051.6033 -588.0460300000001 1.0809297999999998 -0.6044079 -7.4014541000000005
60871 22901.247 356.13419 6115.9029 -3537.304 1.0176593 -3.7709418 -6.4081647
60871 23321.247 734.811 3987.1097000000004 -5794.3113 0.75573019 -6.197271300000001 -4.1614082
60871 23741.247 970.2582900000001 1080.8663999999999 -6918.8352 0.34693704000000003 -7.4125106 -1.1049775
60871 24161.247 1016.7258 -2035.9198000000001 -6692.122200000001 -0.12938779 -7.18341 2.1670648000000003
60871 24581.247 864.9980400000001 -4755.566900000001 -5157.3647 -0.58128406 -5.5520448 5.0206263
60871 25001.247 544.93893 -6550.0305 -2616.2145 -0.91983665 -2.8292607 6.8909466
60871 25421.247 118.08571 -7059.9367 438.84479 -1.0792316000000002 0.4450687 7.4153472
60871 25841.247 -331.87459 -6188.9118 3407.8433 -1.0278295000000002 3.6333563 6.487235
60871 26261.247 -717.02053 -4108.5048 5709.3493 -0.77583209 6.1080924 4.2905949
60871 26681.247 -962.3146899999999 -1226.4357 6894.2219000000005 -0.37293888 7.3882904 1.2584002
60871 27101.247 -1020.0545000000001 1894.7087 6731.8622000000005 0.10259457000000001 7.2279171 -2.0189763000000003
60871 27521.247 -878.8406600000001 4646.1277 5253.1912 0.55880651 5.6564062 -4.9058871
60871 27941.247 -566.13961 6489.3478 2747.2071 0.90648714 2.9764603000000003 -6.8356490999999995
60871 28361.247 -142.48419 7062.9139000000005 -298.85067 1.0773633 -0.29097384 -7.427434900000001
60871 28781.247 309.10985 6253.4216 -3286.3963 1.0372294 -3.4999106 -6.5610814
60871 29201.247 699.99156 4212.8262 -5626.2045 0.79503145 -6.0269789000000005 -4.4133298000000005
60871 29621.247 953.82713 1348.4428 -6861.7927 0.39642683 -7.3740883 -1.3940366
60871 30041.247 1021.0156 -1779.6132 -6751.093 -0.080953734 -7.2712314 1.9060923
60871 30461.247 888.68385 -4558.5403 -5317.7836 -0.54239413 -5.7337158 4.8293496
60871 30881.247 581.31614 -6440.3051 -2834.166 -0.8974787599999999 -3.0756872 6.8035977
60871 31301.247 159.66166 -7056.3150000000005 208.15584 -1.0768656 0.19172529 7.440964
60871 31721.247 -293.40785999999997 -6284.927 3209.5412 -1.0445778000000001 3.4190457000000003 6.6122255999999995
60871 32141.247 -688.9111700000001 -4280.389700000001 5579.479200000001 -0.8078823300000001 5.9664695000000005 4.4882571
60871 32561.247 -949.85408 -1438.4112 6856.4541 -0.41441715 7.340474 1.4940471
60871 32981.247 -1025.8053 1683.9369 6794.5379 0.058569778 7.2819625 -1.7828537
60871 33401.247 -902.31197 4478.987400000001 5408.1975999999995 0.51977275 5.8079055 -4.7093863
60871 33821.247 -603.3865000000001 6403.1733 2967.7102000000004 0.88021477 3.2027787 -6.7196963
60871 34241.247 -187.0216 7080.9939 -51.822422 1.0696617000000002 -0.029109549999999998 -7.4203
60871 34661.247 265.77601000000004 6379.3173 -3061.1507 1.0507958000000002 -3.2568298 -6.6718387
60871 35081.247 666.80316 4434.7919 -5472.587500000001 0.8272455700000001 -5.849262800000001 -4.620649
60871 35501.247 937.9699 1626.5401000000002 -6815.429400000001 0.44261024 -7.3020171000000005 -1.6674135
60871 35921.247 1026.3754000000001 -1498.4948000000002 -6826.8051 -0.028767096 -7.3324442 1.6152676
60871 36341.247 914.43338 -4330.706099999999 -5502.0648 -0.49580217 -5.929000200000001 4.5902388
60871 36761.247 623.5691700000001 -6314.497200000001 -3098.1002000000003 -0.8670678500000001 -3.3578104 6.671547899999999
60871 37181.247 210.12966 -7057.720700000001 -83.489549 -1.0688431 -0.12154776 7.4434449
60871 37601.247 -244.63917 -6413.3476 2947.6126 -1.0605422000000002 3.1378488000000004 6.7487677999999995
60871 38021.247 -651.39328 -4509.8359 5398.5427 -0.84448957 5.7736073 4.7303486999999995
60871 38441.247 -930.7864000000001 -1723.1356 6790.8459 -0.46424407 7.2728931 1.7925772
60871 38861.247 -1028.7424 1399.5268 6855.9338 0.0053391478 7.350743400000001 -1.4865575
60871 39281.247 -926.51589 4249.986900000001 5583.4822 0.47337619999999997 5.9985166 -4.4721102
60871 39701.247 -644.04965 6273.643400000001 3222.0674 0.8495050599999999 3.4781136000000004 -6.5865269
60871 40121.247 -236.19582000000003 7075.7851 231.75656 1.0605027 0.2779385 -7.416604
60871 40541.247 217.66168 6499.3792 -2803.7424 1.064946 -2.9770958000000003 -6.7982793
60871 40961.247 629.13324 4656.9641 -5291.7931 0.86202568 -5.650671900000001 -4.8531406
60871 41381.247 918.14043 1907.9768000000001 -6747.0778 0.49141434 -7.223142200000001 -1.9617043
60871 41801.247 1028.3874 -1212.3792 -6885.2838 0.024730399 -7.3896366 1.3155318
60871 42221.247 938.05092 -4095.8577999999998 -5677.0706 -0.44800525 -6.1131173 4.343769900000001
60871 42641.247 664.16508 -6177.415 -3355.1407999999997 -0.83457092 -3.6343255 6.529026200000001
60871 43061.247 259.94865 -7046.4777 -373.11099 -1.0581833 -0.43411702 7.4335193
60871 43481.247 -195.39142 -6530.0391 2682.4829 -1.0738684 2.8515001000000004 6.8732644
60871 43901.247 -612.40559 -4731.1946 5210.0881 -0.8790189 5.5698498 4.9636084
60871 44321.247 -909.62419 -2005.4316000000001 6715.4913 -0.51309835 7.1907211 2.088458
60871 44741.247 -1029.4723000000001 1111.3621 6908.006200000001 -0.048345332 7.4053459 -1.1856279
60871 45161.247 -948.99097 4012.0357000000004 5752.722 0.42521213 6.1790907 -4.224268
60871 45581.247 -683.9213100000001 6132.2529 3475.5397000000003 0.81619899 3.7498094 -6.4399346
60871 46001.247 -285.73002 7058.6068 520.06089 1.0485681 0.5878921800000001 -7.400141400000001
60871 46421.247 168.09776000000002 6609.7767 -2536.8915 1.0767594 -2.6896378 -6.9152686999999995
60871 46841.247 589.19605 4873.3302 -5098.485 0.8952873600000001 -5.4418304 -5.0804977
60871 47261.247 895.5986300000001 2188.1012 -6664.9487 0.53961873 -7.1333569 -2.2550347000000004
60871 47681.247 1027.6286 -923.05299 -6930.383400000001 0.078549786 -7.4363775 1.0129743
60871 48101.247 959.2464100000001 -3853.8136 -5840.7932 -0.39899864 -6.2879078 4.0907901
60871 48521.247 703.13954 -6030.0838 -3605.1648999999998 -0.7999497400000001 -3.9044153 6.3756348
60871 48941.247 309.16976 -7023.3785 -660.81774 -1.0448356 -0.7457137800000001 7.4105591
60871 49361.247 -145.57707000000002 -6635.7758 2413.815 -1.0844310000000001 2.5598687 6.9853266000000005
60871 49781.247 -571.75606 -4945.0155 5013.3898 -0.91132744 5.355325 5.188265500000001
60871 50201.247 -886.0852600000001 -2285.637 6629.509400000001 -0.56084848 7.0946294 2.3816713
60871 50621.247 -1027.6549 819.3844200000001 6949.7306 -0.10233709 7.4463115 -0.88072225
60871 51041.247 -969.33985 3765.1758 5914.5301 0.37538568 6.3495128 -3.9668269
60871 51461.247 -722.58659 5978.8387 3726.3808 0.7802707600000001 4.0170529 -6.2805696
60871 51881.247 -335.24478000000005 7028.8698 811.23074 1.0337265 0.8996955900000001 -7.3707896
60871 52301.247 117.38891000000001 6709.5473 -2262.2287 1.0860079 -2.3950936 -7.0219113
60871 52721.247 547.17528 5082.817900000001 -4893.8366 0.9266988700000001 -5.2225733000000005 -5.3015668
60871 53141.247 870.39622 2466.0813 -6569.8121 0.5869562100000001 -7.0317572 -2.5467447
60871 53561.247 1024.0734 -630.92456 -6962.7717 0.13259590000000002 -7.4716512 0.70742696
60871 53981.247 977.96745 -3604.4873 -5993.9768 -0.34870378 -6.4531749000000005 3.8305368
60871 54401.247 740.4756600000001 -5872.3843 -3849.1745 -0.76309473 -4.1684244 6.2107929
60871 54821.247 357.81743 -6988.513 -947.78608 -1.0287191 -1.0569663 7.3743172
60871 55241.247 -95.14838 -6730.929700000001 2140.4222000000004 -1.0922109 2.2622933 7.0851562
60871 55661.247 -529.43665 -5151.8918 4807.508400000001 -0.9415525699999999 5.1296607000000005 5.404724900000001
60871 56081.247 -860.21815 -2564.2313 6532.0001 -0.60765841 6.9847953 2.6725801000000002
60871 56501.247 -1023.3795 523.2217800000001 6980.2908 -0.15665543 7.4739228 -0.5718181499999999
60871 56921.247 -987.61961 3509.1168 6068.0433 0.32407866 6.5098482 -3.6999844
60871 57341.247 -759.98311 5813.0683 3973.6506000000004 0.7420912 4.2795861 -6.108562200000001
60871 57761.247 -384.51738 6986.064 1104.3201999999999 1.0163060000000002 1.2127876000000002 -7.3283769
60871 58181.247 65.831969 6797.9875 -1980.5198 1.0927267 -2.0937511 -7.1175933
60871 58601.247 503.34966 5284.7299 -4678.3485 0.9561641200000001 -4.992604099999999 -5.515776700000001
60871 59021.247 842.76163 2741.4377000000004 -6461.990400000001 0.63329623 -6.9176395 -2.8366042000000005
60871 59441.247 1017.8973000000001 -336.14778 -6982.789400000001 0.18675389 -7.4946786 0.39855459000000004
60871 59861.247 994.34659 -3347.7637999999997 -6137.1917 -0.29719369 -6.608535600000001 3.5622161
60871 60281.247 776.31971 -5704.1398 -4088.3285 -0.7239701000000001 -4.426787 6.0332764
60871 60701.247 406.04663 -6942.0135 -1235.6227 -1.0098431 -1.3689052 7.3239113
60871 61121.247 -43.983564 -6816.1732 1860.4682 -1.0973604000000001 1.9573357000000002 7.1726153
60871 61541.247 -485.40124 -5353.0666 4590.771900000001 -0.96982407 4.891725 5.6135469
60871 61961.247 -832.02012 -2842.7459 6421.6637 -0.6535706400000001 6.860744700000001 2.9621339
60871 62381.247 -1016.6432 221.29958 6998.790400000001 -0.21124879000000002 7.488430800000001 -0.25804358000000005
60871 62801.247 -1003.7755 3242.4898 6212.6212000000005 0.27148799 6.6607330000000005 -3.4234527
60871 63221.247 -795.95899 5633.7995 4216.683400000001 0.7018852900000001 4.537745 -5.9242574999999995
60871 63641.247 -433.32979 6929.0871 1398.4985 0.99641647 1.5270527 -7.2732639
60871 64061.247 13.706833000000001 6873.8748 -1692.6894 1.0971126999999998 -1.7860917 -7.2023677
60871 64481.247 458.07475 5477.6142 -4452.8293 0.98381738 -4.7523919999999995 -5.7225207000000005
60871 64901.247 813.07619 3012.627 -6341.951599999999 0.67862235 -6.7909125999999995 -3.1236824000000003
60871 65321.247 1009.4481999999999 -40.086748 -6990.5466 0.24089131 -7.5047106999999995 0.08704299
60871 65741.247 1008.658 -3084.6001 -6270.337500000001 -0.24462737 -6.7529892 3.2858433000000002
60871 66161.247 810.7711899999999 -5526.1406 -4321.7858 -0.68291299 -4.6773314 5.8438151
60871 66581.247 453.84515000000005 -6883.7728 -1523.3183999999999 -0.9884231 -1.6793547000000002 7.2595096
60871 67001.247 7.830169 -6890.4103 1574.9017 -1.1000073 1.6475164 7.2471677
60871 67421.247 -439.75675 -5546.3938 4363.6978 -0.99611016 4.643899 5.81327
60871 67841.247 -801.54513 -3118.1105000000002 6298.2079 -0.69833071 6.7243237 3.2477448
60871 68261.247 -1007.3509 -82.783718 7003.6353 -0.26567230000000003 7.4903816 0.057067858
60871 68681.247 -1017.5065000000001 2968.7354 6345.113 0.21811348000000003 6.8008003 -3.1409324
60871 69101.247 -830.02403 5443.4845000000005 4450.963400000001 0.66004852 4.788306899999999 -5.7302354
60871 69521.247 -481.03877000000006 6858.802900000001 1688.5668 0.9743789 1.838298 -7.2060427
60871 69941.247 -38.273947 6936.3183 -1403.6798999999999 1.0991463000000001 -1.4760237 -7.2745229
60871 70361.247 411.98190000000005 5659.2423 -4221.1422999999995 1.0093195 -4.5042719 -5.9185517
60871 70781.247 781.7891 3276.8559 -6212.072400000001 0.7224389 -6.6519330000000005 -3.4043521
60871 71201.247 998.96815 254.6759 -6987.0043 0.294541 -7.500494 -0.22412379000000002
60871 71621.247 1021.0259000000001 -2817.1376 -6393.6586 -0.19138979 -6.8838977 3.0034305
60871 72041.247 843.71071 -5338.1404 -4548.7248 -0.64051066 -4.9171282000000005 5.6454527
60871 72461.247 500.84436 -6812.127 -1808.8251 -0.96504278 -1.9842918999999999 7.1839604
60871 72881.247 59.732811000000005 -6949.8917 1286.7573 -1.1004472 1.3387721 7.3104601
60871 73301.247 -393.13392 -5725.3147 4129.6876 -1.0201878 4.3937666 6.0019326
60871 73721.247 -769.19389 -3379.7465 6162.9899000000005 -0.74116703 6.5828750000000005 3.5232973000000003
60871 74141.247 -995.4383100000001 -376.1441 6992.7001 -0.31852697999999996 7.4828902 0.36345303
60871 74561.247 -1028.1021 2700.7418 6458.902 0.16553409 6.9268236 -2.8630291000000003
60871 74981.247 -860.86365 5252.409900000001 4666.0335000000005 0.61778425 5.0225366000000005 -5.5335571
60871 75401.247 -525.99926 6781.1538 1962.3287 0.95049001 2.1355099 -7.1277878
60871 75821.247 -88.518997 6986.3043 -1124.9845 1.0982434 -1.1733763 -7.3298943
60871 76241.247 366.28224 5827.229 -3992.2200000000003 1.0315137 -4.2541009 -6.0963212
60871 76661.247 749.58591 3530.2174 -6077.9051 0.76347822 -6.502222 -3.6705399
60871 77081.247 986.64368 544.2990699999999 -6974.5476 0.34663502999999996 -7.4805373 -0.5281281800000001
60871 77501.247 1031.1767 -2547.7749 -6506.6080999999995 -0.13820413 -6.998990200000001 2.7200512
60871 77921.247 874.7585799999999 -5142.6483 -4767.4457 -0.59663676 -5.1452872 5.438355
60871 78341.247 547.7426899999999 -6733.929099999999 -2096.1958 -0.93820589 -2.2844689 7.088669
60871 78761.247 113.31311000000001 -7004.6813 987.17376 -1.0971025 1.0202481 7.355215100000001
60871 79181.247 -343.48256 -5905.249400000001 3878.2651 -1.0418259 4.1259353 6.1820851
60871 79601.247 -733.21326 -3652.7785 6010.0685 -0.78333414 6.4213907 3.8012878000000003
60871 80021.247 -980.0348 -688.05925 6967.235900000001 -0.3725843 7.4622656 0.6813804699999999
60871 80441.247 -1035.9503 2410.6799 6563.6642 0.11079988 7.0491003 -2.5716935
60871 80861.247 -889.8714200000001 5039.13 4877.000900000001 0.57340235 5.2593346 -5.3272471
60871 81281.247 -570.22217 6684.3466 2236.6566000000003 0.9249485700000001 2.4321444000000003 -7.0435121
60871 81701.247 -138.68755 7017.955400000001 -843.6757600000001 1.0958232 -0.8708065500000001 -7.380028500000001
60871 82121.247 320.02377 5976.8132000000005 -3758.2986 1.0521265000000002 -4.0043659 -6.2673204
60871 82541.247 716.09608 3765.5639 -5935.2469 0.80268697 -6.3501873 -3.9270977
60871 82961.247 972.24097 818.13409 -6949.2102 0.39697579000000005 -7.4521072 -0.8221340500000001
60871 83381.247 1038.6541 -2289.1135 -6603.3118 -0.085967013 -7.098835200000001 2.4418389
60871 83801.247 902.32937 -4949.4325 -4965.0395 -0.5525182200000001 -5.3586463 5.2301487
60871 84221.247 589.67583 -6642.3281 -2353.9845 -0.9116326299999999 -2.5682172000000003 6.996580700000001
60871 84641.247 161.67107000000001 -7035.7458 718.77464 -1.0925667000000001 0.72584729 7.3914843
60871 85061.247 -297.90891 -6053.6157 3650.4594 -1.0597766 3.8740563000000003 6.3377302
60871 85481.247 -699.41011 -3889.2687 5868.1189 -0.8205594 6.2598287 4.0483104
60871 85901.247 -964.74752 -967.55194 6940.3875 -0.42213757 7.4226938 0.97373097
60871 86321.247 -1042.4621 2142.3487999999998 6659.4462 0.058239690000000004 7.141432 -2.2897785
60872 341.247 -917.2977500000001 4835.1105 5079.1273 0.52811878 5.4681205 -5.1118031
60872 761.247 -613.25834 6585.6241 2505.6432999999997 0.89604565 2.7207144 -6.9393494
60872 1181.247 -189.341 7047.0661 -558.3939200000001 1.0892701999999999 -0.56223816 -7.4090138
60872 1601.247 271.65956 6128.8784000000005 -3512.8897 1.0694314999999999 -3.7373076000000003 -6.4252572
60872 2021.247 679.51464 4011.4718 -5778.3165 0.84055579 -6.177600900000001 -4.1834806
60872 2441.247 954.65836 1110.2413000000001 -6912.112099999999 0.44802945 -7.4082509000000005 -1.1265560000000001
60872 2861.247 1043.5652 -2007.6983 -6693.7435000000005 -0.031696635 -7.192777200000001 2.1491449
60872 3281.247 928.82782 -4733.7399000000005 -5165.6298 -0.505721 -5.572303 5.0071303
60872 3701.247 632.5903900000001 -6534.4841 -2625.4704 -0.8815798499999999 -2.8593566999999998 6.8877089
60872 4121.247 212.57831000000002 -7056.4042 429.73855 -1.0851962000000002 0.41538112 7.418192
60872 4541.247 -249.0207 -6195.8688 3400.2285 -1.0766876 3.6058915000000002 6.49584
60872 4961.247 -661.98519 -4118.3825 5703.2299 -0.85787157 6.0961825 4.3003692000000004
60872 5381.247 -945.78433 -1238.8621 6891.1454 -0.47136676 7.384857200000001 1.264804
60872 5801.246999999999 -1045.0284000000001 1882.1322 6731.0357 0.006554753 7.2305042 -2.0142169
60872 6221.246999999999 -940.42998 4635.9298 5254.514 0.4833324 5.6651137 -4.9002669999999995
60872 6641.246999999999 -652.24472 6484.533200000001 2749.5402999999997 0.86626298 2.9910811 -6.829956600000001
60872 7061.246999999999 -236.5961 7065.7592 -294.18951000000004 1.0801116 -0.26949737 -7.4223641
60872 7481.247 225.50698000000003 6263.2393 -3281.0795000000003 1.0830622 -3.4778426000000002 -6.5616629
60872 7901.247 643.49363 4239.1178 -5625.490400000001 0.87444251 -5.9998957 -4.4174885
60872 8321.247 936.11629 1388.6752 -6870.8706 0.49602679 -7.348583700000001 -1.4151766000000001
60872 8741.247 1046.5895 -1732.0934 -6775.595700000001 0.021295625999999998 -7.2663024 1.8615478
60872 9161.247 953.3121 -4515.4678 -5357.7182999999995 -0.45829099 -5.7677444 4.7791306
60872 9581.247 674.07912 -6417.8258 -2892.0567 -0.84954544 -3.1386133 6.7676511
60872 10001.247 263.02613 -7064.7349 140.45792000000003 -1.0753565 0.11023506000000001 7.4322405
60872 10421.247 -199.54567000000003 -6328.2658 3145.3821000000003 -1.0906878 3.3384882 6.638020900000001
60872 10841.247 -623.07432 -4353.5197 5533.1963 -0.8927287300000001 5.9091632 4.543900300000001
60872 11261.247 -924.92488 -1527.9581 6837.5008 -0.5209379000000001 7.3220607 1.5648332
60872 11681.247 -1046.3958 1595.6927 6804.885200000001 -0.047932947 7.3058436 -1.7174205
60872 12101.247 -963.82213 4408.0792 5441.822700000001 0.43470044 5.864078800000001 -4.6659629
60872 12521.247 -693.0951200000001 6359.6750999999995 3013.5246 0.83314829 3.2738819 -6.7051074
60872 12941.247 -286.88018 7067.4665 -5.4821203 1.0690569 0.040184493 -7.431448500000001
60872 13361.247 175.45041 6391.834 -3023.3758 1.0959543 -3.2002703 -6.7011343
60872 13781.247 603.556 4467.5019 -5449.463400000001 0.90883491 -5.8099739 -4.6598549
60872 14201.247 914.00784 1671.8058999999998 -6810.2001 0.54513179 -7.2819115000000005 -1.7131165000000002
60872 14621.247 1046.5728000000001 -1449.4301 -6841.8166 0.075686263 -7.335159399999999 1.5650275
60872 15041.247 975.42887 -4288.3915 -5538.1277 -0.40900167 -5.959424100000001 4.5407994
60872 15461.247 714.09027 -6290.821599999999 -3151.7646 -0.81496507 -3.4168778000000004 6.6345613000000005
60872 15881.247 313.73887 -7067.3175 -150.50257000000002 -1.0615487000000001 -0.20465322 7.42704
60872 16301.247 -148.36581 -6458.1522 2882.078 -1.1015891 3.0478647000000003 6.7703509
60872 16721.247 -581.4109100000001 -4589.1332999999995 5350.129599999999 -0.92629346 5.7027725 4.7870935
60872 17141.247 -901.1011800000001 -1825.1115 6772.2113 -0.57092184 7.2407816 1.8730727999999999
60872 17561.247 -1045.3718000000001 1294.3487 6872.4001 -0.10470834999999999 7.3679147 -1.4039028
60872 17981.247 -986.11037 4161.6676 5631.0583 0.38236905000000004 6.0594425 -4.4099411
60872 18401.247 -734.49459 6216.6912999999995 3288.525 0.79602488 3.5641293999999997 -6.5601465
60872 18821.247 -339.71442 7058.7363 303.64472 1.0540665 0.37059226 -7.4242149
60872 19241.247 121.67957000000001 6518.7656 -2741.5917999999997 1.1065991 -2.8986153 -6.835821
60872 19661.247 559.35679 4703.9182 -5249.7439 0.9429657499999999 -5.5974675 -4.909617900000001
60872 20081.247 887.91001 1971.1538 -6730.8829000000005 0.59573354 -7.1994559 -2.0270038
60872 20501.247 1043.4734 -1145.8024 -6897.0545 0.13278836000000002 -7.397304600000001 1.2487688000000001
60872 20921.247 995.7409200000001 -4039.3878 -5715.8642 -0.35643413 -6.1530238 4.2831681
60872 21341.247 753.7364200000001 -6144.7501 -3416.4986000000004 -0.7770403 -3.7038511 6.4846657
60872 21761.247 364.38364 -7048.305200000001 -447.62089000000003 -1.0463164 -0.52593159 7.4176141
60872 22181.247 -96.300875 -6572.3162 2609.1917000000003 -1.1108665000000002 2.7557229000000003 6.8951777000000005
60872 22601.247 -538.16943 -4809.907 5154.2118 -0.95837106 5.493989 5.023443400000001
60872 23021.247 -875.03115 -2108.714 6690.7841 -0.61924126 7.1548641 2.1728476000000003
60872 23441.247 -1041.3997 1003.5306 6920.1693 -0.15989856 7.419836800000001 -1.0983957
60872 23861.247 -1004.9127 3920.2244 5798.097 0.33086126000000005 6.2388715 -4.1566186
60872 24281.247 -772.43572 6072.1542 3542.3956000000003 0.7579506500000001 3.8376084 -6.4069041
60872 24701.247 -388.95783 7036.8238 592.58051 1.0376732 0.68153455 -7.4055046
60872 25121.247 70.625614 6625.2261 -2473.5299 1.1143701000000001 -2.6095507 -6.9510587
60872 25541.247 516.42115 4917.2785 -5054.5525 0.97326168 -5.3862766 -5.1358763
60872 25961.247 861.44178 2249.3441000000003 -6646.4896 0.6425526300000001 -7.1068052 -2.3196591
60872 26381.247 1038.5945 -857.07851 -6939.7434 0.1870997 -7.4405962 0.9461516400000001
60872 26801.247 1013.4286999999999 -3796.4429 -5877.4815 -0.30504951 -6.3242419000000005 4.0287857
60872 27221.247 790.59708 -5995.0672 -3665.8248 -0.73860989 -3.9706392999999998 6.328496
60872 27641.247 413.197 -7021.2608 -735.67995 -1.0285692 -0.83579974 7.391666900000001
60872 28061.247 -45.063949 -6673.6085 2338.8037000000004 -1.1172992 2.4642421 7.0041827
60872 28481.247 -494.58954 -5018.9444 4954.541200000001 -0.9876298600000001 5.2788457 5.245147
60872 28901.247 -847.55423 -2384.4331 6600.3726 -0.66537166 7.0571464 2.4628416000000004
60872 29321.247 -1035.3056 715.01814 6956.137 -0.21391636 7.4575318 -0.7964601800000001
60872 29741.247 -1021.3418 3675.1199 5953.12 0.27938293 6.4044916999999995 -3.9009136
60872 30161.247 -808.17922 5918.299900000001 3786.1556 0.71897418 4.0993609 -6.247048700000001
60872 30581.247 -437.03237 7004.7278 877.18545 1.0187801 0.98849153 -7.3728292
60872 31001.247 19.570793000000002 6721.1946 -2203.5849 1.119321 -2.3171174999999997 -7.0523236
60872 31421.247 472.51311 5121.63 -4852.8763 1.0012128 -5.1655548 -5.3521486000000005
60872 31841.247 833.18373 2523.5347 -6552.5158 0.6879030500000001 -7.0004932 -2.6078182
60872 32261.247 1031.5645 -566.32276 -6972.4025 0.24119552 -7.469452599999999 0.6410966600000001
60872 32681.247 1029.1557 -3545.8903999999998 -6031.4971 -0.25256155 -6.483913800000001 3.7655699
60872 33101.247 826.20584 -5834.2353 -3912.2139 -0.6980060499999999 -4.231561 6.1593344
60872 33521.247 462.04034 -6983.0518 -1027.9245 -1.0077818 -1.1497138 7.350392200000001
60872 33941.247 7.4517087 -6766.9893 2058.5489 -1.1208527 2.1613569000000004 7.1015554000000005
60872 34361.247 -448.62989000000005 -5227.124400000001 4741.4629 -1.0148372 5.0467452 5.461964200000001
60872 34781.247 -817.15065 -2666.8678 6496.4465 -0.71101714 6.9420408 2.7570322000000003
60872 35201.247 -1026.4268 413.29591999999997 6982.0193 -0.26906122 7.4823691 -0.48288713
60872 35621.247 -1035.7368000000001 3412.8938 6103.8858 0.22555407 6.5645808 -3.6298084
60872 36041.247 -843.01946 5746.576 4032.1787000000004 0.67707202 4.3631115000000005 -6.0721906
60872 36461.247 -485.76445 6956.282 1172.2235 0.9969165000000001 1.3057644000000002 -7.328256400000001
60872 36881.247 -33.253032 6805.584900000001 -1919.3110000000001 1.1220351000000002 -2.0115616 -7.147648500000001
60872 37301.247 425.77617 5322.772599999999 -4634.2357 1.0275968 -4.9311138 -5.5661811
60872 37721.247 801.6873 2799.6959 -6441.7458 0.73282037 -6.8824553 -2.8988080000000003
60872 38141.247 1021.3174 -269.22471 -6990.1626 0.2957862 -7.4892203 0.33012568
60872 38561.247 1042.0302 -3285.6857999999997 -6173.52 -0.19884212 -6.6368796 3.4944305
60872 38981.247 859.6285799999999 -5661.4698 -4150.378 -0.6554775700000001 -4.488186 5.9801688
60872 39401.247 509.27726 -6931.330599999999 -1314.1898 -0.98490917 -1.4580237 7.2987616
60872 39821.247 59.362413000000004 -6845.5463 1779.3293 -1.1218791000000001 1.8597750000000002 7.1864015
60872 40241.247 -402.2161 -5420.361 4524.0392999999995 -1.0395353 4.8108963000000005 5.6665081
60872 40661.247 -785.29696 -2936.9951 6383.3145 -0.7544904 6.8176592000000005 3.0408616000000004
60872 41081.247 -1015.3418 118.94075000000001 6995.2748 -0.32286669 7.4932814 -0.17475548000000002
60872 41501.247 -1047.6222 3151.6872000000003 6241.2006 0.17177887000000003 6.709001000000001 -3.356951
60872 41921.247 -875.6274599999999 5569.6692 4267.094099999999 0.63379597 4.6136859 -5.888027
60872 42341.247 -532.96477 6902.1726 1459.0710000000001 0.97223739 1.6121761 -7.2660755
60872 42761.247 -85.998075 6882.4658 -1634.8336000000002 1.1211126 -1.7020523 -7.2242316
60872 43181.247 377.85489 5512.0891 -4407.1837000000005 1.0518018 -4.689453 -5.7713129
60872 43601.247 767.87023 3062.8298 -6315.529 0.77639853 -6.7610097 -3.1835256
60872 44021.247 1007.9204000000001 13.951149 -6986.7333 0.34761097 -7.5052411 0.037630336
60872 44441.247 1050.3908000000001 -3036.7962 -6285.0352 -0.14960205 -6.7738559 3.2519234000000004
60872 44861.247 886.86672 -5490.4273 -4348.0025000000005 -0.6171574500000001 -4.7142847 5.8248679
60872 45281.247 549.10473 -6865.8289 -1554.2545 -0.9644897200000001 -1.7250288 7.2564241
60872 45701.247 103.39905 -6891.5052000000005 1545.8397 -1.1224287 1.6041977 7.2585876
60872 46121.247 -362.66047 -5563.773 4341.81 -1.0599364 4.6110953 5.8338542
60872 46541.247 -757.83693 -3146.752 6286.3000999999995 -0.7906051599999999 6.7054651000000005 3.2721193
60872 46961.247 -1005.2900000000001 -116.095 7002.1646 -0.36847439000000004 7.4871142 0.08187696300000001
60872 47381.247 -1057.3826999999999 2937.329 6353.6475 0.12444267 6.8130173 -3.1185180999999997
60872 47801.247 -904.1311999999999 5420.2408 4467.9767999999995 0.5933694 4.814656299999999 -5.7127118
60872 48221.247 -575.10758 6849.085 1711.3908000000001 0.9475894100000001 1.875781 -7.1965157
60872 48641.247 -134.10275000000001 6943.6381 -1379.1991 1.1177038 -1.4333186 -7.2763569
60872 49061.247 333.05853 5684.1282 -4200.1542 1.0699757 -4.4648354 -5.933350900000001
60872 49481.247 735.27102 3315.9465 -6199.7595 0.8135508300000001 -6.6252199 -3.4302247
60872 49901.247 994.0656600000001 301.00855 -6986.917 0.39828765 -7.4935713 -0.25526996
60872 50321.247 1058.7541 -2772.3940000000002 -6406.349200000001 -0.095483829 -6.8989371 2.9748063000000005
60872 50741.247 917.53348 -5305.2304 -4577.040599999999 -0.57072951 -4.9491841 5.6208982
60872 51161.247 596.21308 -6796.8765 -1846.7938000000001 -0.93528744 -2.0319943 7.1717162
60872 51581.247 157.88824 -6956.0437 1247.4588 -1.1172151 1.2867972 7.3167265
60872 52001.247 -311.39464000000004 -5752.2968 4096.9412 -1.0801286 4.3502675 6.0247174999999995
60872 52421.247 -718.9507900000001 -3415.5311 6134.8006 -0.83339118 6.5667637999999995 3.5610902
60872 52841.247 -987.05003 -412.51388000000003 6978.3423 -0.42231951 7.4904819 0.39236632
60872 53261.247 -1062.1713 2670.6548 6454.0649 0.070429355 6.9475904 -2.846703
60872 53681.247 -929.8775400000001 5232.3056 4665.9526 0.54904621 5.0484385000000005 -5.5261815
60872 54101.247 -616.07848 6772.5033 1964.5591000000002 0.9204247000000001 2.1643555 -7.1234508
60872 54521.247 -182.04992000000001 6991.2226 -1121.2837 1.1120497 -1.1392729 -7.3266292
60872 54941.247 287.48217999999997 5847.705599999999 -3988.2719 1.086832 -4.214754 -6.099698
60872 55361.247 701.16151 3567.1892000000003 -6078.1134 0.8506205099999999 -6.4646763 -3.6880126
60872 55781.247 978.79754 594.42134 -6985.5641 0.4496534 -7.4579018 -0.5617503500000001
60872 56201.247 1066.4936 -2493.5449 -6534.0215 -0.039158454 -7.0037443999999995 2.6777663
60872 56621.247 946.7297 -5096.1098 -4808.313 -0.5220600799999999 -5.1827421000000005 5.4054573
60872 57041.247 642.0330799999999 -6702.6720000000005 -2141.0937000000004 -0.9048770500000001 -2.3392698000000003 7.0844269
60872 57461.247 211.49326000000002 -6994.6912 946.7961700000001 -1.1111515 0.97314441 7.373754
60872 57881.247 -260.57421 -5911.875 3848.0395 -1.0992346 4.09672 6.2102572
60872 58301.247 -681.4733100000001 -3667.5939 5991.5104 -0.87169876 6.4112392 3.8268834000000003
60872 58721.247 -969.23858 -704.2483199999999 6960.4447 -0.47352712 7.4623175 0.69523594
60872 59141.247 -1067.0098 2396.0511 6561.6497 0.015591345000000001 7.0559859 -2.5620974999999997
60872 59561.247 -956.5733299999999 5028.7253 4878.9671 0.5015929800000001 5.2725471 -5.3174487
60872 59981.247 -659.4241400000001 6679.742200000001 2241.4656 0.8899407 2.4587982999999998 -7.0331826
60872 60401.247 -233.51268 7026.4996 -834.9058000000001 1.1044912 -0.83462314 -7.372165600000001
60872 60821.247 237.96319 6002.3199 -3748.0256000000004 1.1034527 -3.9608102 -6.2697831
60872 61241.247 663.13778 3809.0018 -5929.5435 0.8877697 -6.3098393999999995 -3.9469455
60872 61661.247 959.43423 875.2306800000001 -6955.6212000000005 0.49988898000000004 -7.4296502 -0.85847317
60872 62081.247 1069.317 -2228.516 -6626.8145 0.01456223 -7.1057319 2.3992871
60872 62501.247 971.06303 -4898.1996 -5004.9619 -0.47497197999999996 -5.3955728 5.1972047
60872 62921.247 683.0029499999999 -6610.269200000001 -2402.4519 -0.87351468 -2.6236095 6.9869068
60872 63341.247 261.19686 -7027.3348 671.4506700000001 -1.1016441 0.6716543 7.4060303
60872 63761.247 -211.90221 -6064.535400000001 3613.1437 -1.1136031 3.8362226 6.3676923
60872 64181.247 -643.6162800000001 -3912.6787999999997 5845.584900000001 -0.90703057 6.242468700000001 4.078272
60872 64601.247 -948.5351999999999 -989.31641 6923.021 -0.5232123900000001 7.4317049 0.9887716799999999
60872 65021.247 -1068.2507 2126.2374 6645.362400000001 -0.037361996 7.1577194 -2.2890631
60872 65441.247 -978.84901 4825.5648 5063.3558 0.45604120000000004 5.4820619 -5.118779900000001
60872 65861.247 -697.72525 6579.640200000001 2487.0331 0.86034025 2.7315816 -6.9445388
60872 66281.247 -279.93397 7044.9682 -577.79184 1.0959599 -0.55179588 -7.4060956
60872 66701.247 192.62306 6132.527400000001 -3529.4789 1.1170172 -3.71923 -6.4166735
60872 67121.247 627.71574 4024.2673 -5791.791200000001 0.9206608900000001 -6.1518777 -4.1788923
60872 67541.247 940.9036800000001 1134.0762 -6926.2158 0.54624755 -7.383464200000001 -1.1349312
60872 67961.247 1071.6888999999999 -1976.0586 -6714.4196 0.066228599 -7.182624700000001 2.1271368
60872 68381.247 994.58646 -4702.6997 -5196.8606 -0.42757659000000003 -5.5861939000000005 4.9811923
60872 68801.247 724.00523 -6514.2671 -2665.839 -0.83981592 -2.8949487 6.8719815
60872 69221.247 312.10034 -7053.497200000001 386.56636 -1.0892305 0.37158629000000004 7.4217547
60872 69641.247 -160.924 -6211.4992999999995 3362.9743 -1.1257392 3.5716899 6.5146452
60872 70061.247 -602.4324 -4151.9492 5678.4912 -0.94164031 6.0720458 4.327420699999999
60872 70481.247 -925.9500899999999 -1278.8582 6878.62 -0.5732955500000001 7.381245799999999 1.2923642
60872 70901.247 -1068.2151999999999 1844.8636999999999 6728.4976 -0.09283941799999999 7.244861299999999 -1.9950885
60872 71321.247 -1001.3452 4607.1324 5257.7178 0.4060091 5.6896360999999995 -4.8919464
60872 71741.247 -738.3304499999999 6466.8876 2754.4137 0.82558826 3.0188056000000003 -6.8294934000000005
60872 72161.247 -330.65715000000006 7059.7789 -289.96453 1.083325 -0.24178534 -7.4253426000000005
60872 72581.247 141.73985000000002 6271.5375 -3277.6346000000003 1.1288503 -3.4474953 -6.5656251
60872 73001.247 586.58748 4259.916200000001 -5624.8818 0.9544722600000001 -5.9708974 -4.4275060999999996
60872 73421.247 917.48934 1420.3031 -6876.3915 0.59540348 -7.327405 -1.4347371
60872 73841.247 1070.5243 -1694.7958999999998 -6791.258400000001 0.12130404 -7.2619622 1.8335861
60872 74261.247 1015.951 -4481.052900000001 -5385.6721 -0.37712758 -5.7862396 4.750327400000001
60872 74681.247 763.83348 -6395.683900000001 -2930.2336 -0.80383885 -3.1778377 6.7492277000000005
60872 75101.247 362.67181 -7061.635200000001 98.142398 -1.0749271 0.060967219999999996 7.4322291
60872 75521.247 -109.48797 -6345.1277 3107.1518 -1.1360034 3.2947941999999997 6.6568628
60872 75941.247 -560.19922 -4384.9493 5505.5601 -0.9744669 5.8836851 4.5732787
60872 76361.247 -901.17852 -1565.525 6822.47 -0.62222942 7.318276 1.5932989
60872 76781.247 -1066.0104 1560.6548 6801.961200000001 -0.14775049 7.3167656 -1.7008194
60872 77201.247 -1022.4984000000001 4381.8692 5448.5701 0.3555952 5.8787401 -4.6590205
60872 77621.247 -778.78847 6344.7244 3025.7846 0.78891919 3.2919415 -6.7007136
60872 78041.247 -382.75115999999997 7064.4057 10.455755 1.0677423 0.06865603299999999 -7.429812200000001
60872 78461.247 88.38733400000001 6400.3205 -3007.7666000000004 1.1389135000000001 -3.1688121000000002 -6.7096735
60872 78881.247 541.6113399999999 4480.0649 -5430.0738 0.98859593 -5.7988686 -4.6778872
60872 79301.247 890.09013 1685.4352 -6796.3631 0.64355187 -7.2859359 -1.7226048
60872 79721.247 1063.2309 -1437.1808 -6821.7636 0.17187253000000002 -7.3519975 1.5773066
60872 80141.247 1028.7074 -4281.9924 -5510.0658 -0.33380181 -5.9690595 4.566402200000001
60872 80561.247 792.0359300000001 -6285.422500000001 -3112.6556 -0.77443764 -3.4113984 6.6588956
60872 80981.247 399.64887 -7053.1511 -101.63875999999999 -1.0627796 -0.18423374 7.4388735
60872 81401.247 -71.233741 -6436.3725 2929.6910000000003 -1.142097 3.0701229 6.7552978
60872 81821.247 -528.26679 -4560.9367999999995 5387.1439 -0.99828464 5.710456199999999 4.7538853
60872 82241.247 -882.59501 -1797.6523000000002 6794.0337 -0.6613776800000001 7.2296831 1.8368287
60872 82661.247 -1065.9249 1314.2277 6881.075400000001 -0.19737657 7.3449561999999995 -1.4283572999999998
60872 83081.247 -1042.9972 4171.7774 5633.174400000001 0.30489658 6.0381526 -4.4168078
60872 83501.247 -817.94902 6220.599099999999 3290.8844 0.7493459299999999 3.555625 -6.5536957000000005
60872 83921.247 -433.8713 7059.4912 307.29281000000003 1.0494707 0.37123422 -7.418424
60872 84341.247 34.838155 6520.7727 -2736.1178 1.145432 -2.8952033000000004 -6.8323659
60872 84761.247 496.71406 4706.6753 -5242.8099 1.0173438 -5.60008 -4.9046871
60872 85181.247 861.32442 1971.0556000000001 -6720.1878 0.68995627 -7.2099347 -2.0126711
60872 85601.247 1057.1839 -1150.5772 -6877.4128 0.22709582 -7.4077829 1.2771732999999998
60872 86021.247 1045.709 -4046.4697 -5682.197400000001 -0.28104794 -6.151577100000001 4.320415
60873 41.247 828.81649 -6147.2811 -3367.8496 -0.73460261 -3.6848309 6.5161403
60873 461.247 448.99791 -7039.6461 -389.66603000000003 -1.0437695000000002 -0.49423698000000005 7.427906
60873 881.247 -19.00171 -6549.925200000001 2665.5103 -1.147578 2.785304 6.877695
60873 1301.247 -483.33696000000003 -4778.857599999999 5198.344099999999 -1.0269818 5.5065309 4.984397
60873 1721.247 -853.6459000000001 -2077.0674 6716.9979 -0.70750577 7.1453379 2.1296949
60873 2141.247 -1058.4913000000001 1027.6218000000001 6930.3191 -0.25204014 7.3955117 -1.1296823
60873 2561.247 -1058.4961 3933.4472 5798.9856 0.25213532 6.2137921 -4.169441300000001
60873 2981.247 -853.39738 6076.8386 3541.1651 0.70868313 3.8230338 -6.4055412
60873 3401.247 -482.40103000000005 7038.5341 593.36572 1.0288716999999998 0.67887554 -7.3989811
60873 3821.247 -17.332722 6626.97 -2470.1589 1.1489985999999999 -2.6074694 -6.9461035
60873 4241.247 451.09262 4919.437 -5049.179099999999 1.0444601 -5.3888641 -5.129669
60873 4661.247 831.1922800000001 2248.8151000000003 -6637.0143 0.73537595 -7.1168007 -2.3049049
60873 5081.247 1048.4664 -862.17966 -6921.1857 0.2820012 -7.4512274 0.97470252
60873 5501.247 1060.1994 -3804.4157000000005 -5844.7047 -0.22728831 -6.3237608000000005 4.066427200000001
60873 5921.246999999999 863.7554 -5999.1161 -3617.6928 -0.69262596 -3.9523683000000003 6.3612913
60873 6341.246999999999 497.57083 -7014.9209 -677.86799 -1.0219202 -0.80463311 7.403217400000001
60873 6761.246999999999 33.683872 -6653.8283 2395.6207999999997 -1.1501574 2.4934982 6.9880595
60873 7181.246999999999 -436.83882 -4991.1626 4999.692599999999 -1.0533662 5.2906856 5.2075823
60873 7601.247 -822.3807800000001 -2356.4069 6628.3415 -0.75244809 7.047114400000001 2.42157
60873 8021.247 -1048.5152 735.42497 6968.852400000001 -0.30680915 7.4334604 -0.82584123
60873 8441.247 -1071.7523999999999 3684.9602999999997 5957.298400000001 0.19808078 6.380629700000001 -3.9122924
60873 8861.247 -887.35726 5920.291200000001 3788.6258 0.66578067 4.0868425 -6.245298200000001
60873 9281.247 -530.50354 7004.4322 881.7714599999999 1.0055621 0.98835962 -7.3675204
60873 9701.247 -70.21359299999999 6721.8258 -2197.1975 1.1499516 -2.3131734 -7.0499158
60873 10121.247 403.77106000000003 5124.3847000000005 -4845.076 1.0695417 -5.1676524 -5.3482351
60873 10541.247 798.6829399999999 2523.4252 -6541.5713 0.77964735 -7.0117192 -2.5951381000000002
60873 10961.247 1037.1145000000001 -571.81042 -6952.9148 0.33682947 -7.4824905 0.66926076
60873 11381.247 1072.2836000000002 -3555.433 -5997.6343 -0.17247487 -6.4854968 3.8047104
60873 11801.247 896.95507 -5840.4658 -3862.0643 -0.64856678 -4.2137335 6.1948988
60873 12221.247 545.43952 -6978.2876 -965.86566 -0.99730587 -1.1145756 7.3654313
60873 12641.247 86.86281 -6746.8832999999995 2120.5913 -1.1499156000000001 2.1962849 7.0865131
60873 13061.247 -388.76833000000005 -5195.942599999999 4791.589 -1.077525 5.064722700000001 5.4224824
60873 13481.247 -788.81295 -2633.0860000000002 6527.808900000001 -0.79618451 6.9362566 2.7103458000000002
60873 13901.247 -1035.9732 440.49795 6995.385200000001 -0.36153431999999996 7.4587924 -0.5195246
60873 14321.247 -1082.6604 3428.8588 6105.7181 0.14297015 6.5371655 -3.6477578
60873 14741.247 -919.6038199999999 5752.621099999999 4030.1042 0.62096954 4.344516400000001 -6.074108900000001
60873 15161.247 -577.80938 6957.7218 1169.1964 0.9798541000000001 1.297018 -7.3235723
60873 15581.247 -123.34253 6804.9044 -1920.0644 1.148414 -2.0141612 -7.1420963
60873 16001.247 355.22339 5320.554700000001 -4632.4812 1.0925224 -4.9370775 -5.5581803
60873 16421.247 764.2109399999999 2793.8981000000003 -6434.9635 0.82257028 -6.8942461999999995 -2.8814977
60873 16841.247 1023.4451 -280.13822 -6973.0325 0.39135248 -7.5006715 0.36200316
60873 17261.247 1082.2078999999999 -3300.0249 -6141.174900000001 -0.11679856 -6.6358324 3.5354625
60873 17681.247 928.59211 -5671.4793 -4101.1771 -0.60256151 -4.4682482 6.016655
60873 18101.247 592.7195600000001 -6929.7226 -1254.0566000000001 -0.97008804 -1.4239351 7.3140423000000006
60873 18521.247 140.59601 -6829.1237 1839.8467 -1.1469223 1.8933141 7.172801300000001
60873 18941.247 -339.05506 -5393.39 4573.438700000001 -1.0993435 4.8282761 5.629231300000001
60873 19361.247 -752.79843 -2907.4151 6414.9095 -0.83850394 6.8125887 2.9963468
60873 19781.247 -1020.638 142.49981 7009.5693 -0.41604681 7.4715343999999995 -0.21040445
60873 20201.247 -1090.9378000000002 3164.8478999999998 6244.0087 0.086904529 6.6835765 -3.3756627
60873 20621.247 -949.8214399999999 5573.6006 4265.369900000001 0.57429448 4.5961324 -5.8921216
60873 21041.247 -624.00175 6898.1309 1455.3022 0.95173014 1.6045842000000001 -7.2674319
60873 21461.247 -176.39987 6875.7389 -1639.1892 1.1443843999999999 -1.7110592 -7.222710200000001
60873 21881.247 305.72846000000004 5507.2020999999995 -4411.7727 1.1132023 -4.697791100000001 -5.7591973
60873 22301.247 727.94104 3059.2536 -6317.366400000001 0.8638136 -6.7648101 -3.1633412
60873 22721.247 1007.4694000000001 11.773378000000001 -6981.4078 0.44518215 -7.505724900000001 0.053716257
60873 23141.247 1089.7508 -3038.9977000000003 -6274.4443 -0.060759111 -6.774274999999999 3.260245
60873 23561.247 958.2331300000001 -5492.6009 -4333.5261 -0.55511902 -4.7146539 5.8279554
60873 23981.247 638.78638 -6868.9511 -1540.4466000000002 -0.94064278 -1.7305504 7.2498894
60873 24401.247 194.13253 -6899.2373 1555.5002 -1.1414102000000002 1.5872311 7.2465666
60873 24821.247 -288.50946999999996 -5581.1428 4346.9262 -1.1188482 4.5835951999999995 5.826188699999999
60873 25241.247 -715.0852600000001 -3176.2857999999997 6290.4340999999995 -0.87906348 6.6773319 3.2770435000000004
60873 25661.247 -1003.0367 -155.23952 7011.049 -0.46966523000000004 7.4714812 0.098718389
60873 26081.247 -1096.7902 2895.8722000000002 6370.7231 0.030687666000000002 6.818287000000001 -3.0982806000000003
60873 26501.247 -977.90161 5385.3077 4492.2451 0.52641718 4.8392678 -5.7004614
60873 26921.247 -668.7484499999999 6826.6994 1737.6986000000002 0.9215546600000001 1.9085592 -7.1989954
60873 27341.247 -229.00072 6934.3912 -1356.6933999999999 1.1377714 -1.4059177999999999 -7.290631500000001
60873 27761.247 255.59604000000002 5683.7043 -4184.4793 1.1313597 -4.451008300000001 -5.9496882
60873 28181.247 690.07965 3318.5133 -6189.6006 0.9031116 -6.6239093 -3.4389332
60873 28601.247 989.28049 302.85751 -6978.1562 0.4980312 -7.4975499 -0.2539211
60873 29021.247 1094.4686000000002 -2771.7125 -6394.6938 -0.0052409341 -6.9014168 2.9851363
60873 29441.247 985.00016 -5302.9220000000005 -4553.5268 -0.5075274200000001 -4.9507004 5.636836000000001
60873 29861.247 682.15521 -6793.0768 -1816.0301000000002 -0.91050293 -2.0269917 7.1806245
60873 30281.247 245.40758 -6950.0818 1278.9594 -1.1344751000000002 1.2904854000000001 7.3109166
60873 30701.247 -239.43805 -5746.3198 4123.1323 -1.1360387 4.3443569 6.0086472
60873 31121.247 -677.7106600000001 -3421.7766 6161.816900000001 -0.91658335 6.5397158 3.540194
60873 31541.247 -984.45478 -432.63269 7001.2441 -0.52019876 7.4593224000000005 0.39239927
60873 31961.247 -1100.5374 2640.408 6481.1703 -0.023437088 6.933290100000001 -2.8282896
60873 32381.247 -1003.3665 5201.6657000000005 4702.1213 0.47877791000000003 5.0611016 -5.504660100000001
60873 32801.247 -711.2357800000001 6751.964400000001 2007.228 0.88953977 2.1969305 -7.1159713
60873 33221.247 -280.44493 6985.2937 -1079.6675 1.1279443000000002 -1.10595 -7.339196
60873 33641.247 205.18137 5852.5104 -3954.7162000000003 1.1460698 -4.1991543 -6.122760100000001
60873 34061.247 650.62423 3573.6969 -6053.2843 0.9397426400000001 -6.471696700000001 -3.703382
60873 34481.247 968.6250600000001 594.95276 -6963.0595 0.54934956 -7.4767526 -0.55658317
60873 34901.247 1096.9785 -2501.0227000000004 -6505.553 0.051233559 -7.016603 2.7002295
60873 35321.247 1010.2511999999999 -5105.7581 -4769.4462 -0.45748089 -5.1799568 5.429637800000001
60873 35741.247 725.30396 -6708.7216 -2095.0685 -0.87676186 -2.3259895000000004 7.0924057000000005
60873 36161.247 298.05518 -6995.7636 991.47756 -1.1237464 0.98070037 7.3596641
60873 36581.247 -187.57319 -5913.502 3883.6766000000002 -1.1504142 4.0852152 6.1846574
60873 37001.247 -636.7338000000001 -3677.9649 6017.2318 -0.95317306 6.3819875 3.8083013
60873 37421.247 -962.3086500000001 -728.04059 6979.57 -0.5717895 7.4332824 0.69986763
60873 37841.247 -1101.4877 2363.0157999999997 6586.4411 -0.080018742 7.0436813 -2.5412348000000002
60873 38261.247 -1027.2033000000001 4995.9752 4913.7075 0.42817721999999997 5.2865359 -5.2938586
60873 38681.247 -753.29705 6657.768099999999 2283.7376 0.8548159000000001 2.4935238 -7.022824300000001
60873 39101.247 -332.49109000000004 7020.5389000000005 -792.4124300000001 1.1159204999999999 -0.79646352 -7.3820719
60873 39521.247 153.34628 6009.7188 -3712.9718 1.1590748000000002 -3.9375165 -6.292909300000001
60873 39941.247 609.13412 3821.5633 -5904.1991 0.97517035 -6.3086967000000005 -3.9670865
60873 40361.247 945.57641 884.68825 -6935.6053 0.6002859700000001 -7.443568900000001 -0.86254288
60873 40781.247 1096.9004 -2222.2290000000003 -6607.0042 0.10785931 -7.1193002 2.4106492
60873 41201.247 1033.4356 -4895.951099999999 -4980.345200000001 -0.40607571000000003 -5.4007194 5.2131918
60873 41621.247 767.11325 -6609.2373 -2373.1864 -0.84101391 -2.621412 6.994352
60873 42041.247 350.24359999999996 -7025.5166 700.95042 -1.1109074 0.6714181 7.3994524
60873 42461.247 -135.31183 -6064.914 3637.5539 -1.1627988 3.8246969 6.3520611
60873 42881.247 -594.5482900000001 -3919.4015 5862.312 -0.98783638 6.2203365999999995 4.0673436
60873 43301.247 -938.16545 -1011.1963000000001 6943.7986 -0.62159558 7.3989877 0.9988626
60873 43721.247 -1099.7898 2093.3496 6674.692900000001 -0.13538056 7.1408794 -2.2589805000000003
60873 44141.247 -1048.1014 4791.7754 5107.6645 0.37764484 5.4961055 -5.0806578
60873 44561.247 -792.71587 6558.643900000001 2545.4865 0.81858911 2.7766213 -6.9186624000000005
60873 44981.247 -382.83287 7046.5641 -513.8612800000001 1.1010092999999999 -0.49285861000000003 -7.4079046
60873 45401.247 101.84769 6157.331 -3472.4441 1.1686238 -3.6716525000000004 -6.4455126
60873 45821.247 566.5987 4063.5107000000003 -5749.9092 1.0076517 -6.1330428 -4.2186037
60873 46241.247 920.51423 1174.7248 -6899.616 0.64961412 -7.3941951 -1.1648261
60873 46661.247 1094.3804 -1943.7568999999999 -6696.285 0.16428900999999999 -7.208544 2.1186418
60873 47081.247 1055.002 -4682.451599999999 -5185.185 -0.35334823 -5.606587900000001 4.985151
60873 47501.247 808.29118 -6501.7343 -2651.9566 -0.8022625900000001 -2.9112662 6.8784284
60873 47921.247 403.22956 -7047.2182 402.26221999999996 -1.0944818 0.35697527 7.422585600000001
60873 48341.247 -80.859833 -6212.6720000000005 3377.9753 -1.1720953 3.5521514 6.508774000000001
60873 48761.247 -549.16173 -4154.9602 5687.857 -1.021296 6.0555405 4.3232116
60873 49181.247 -910.0465300000001 -1286.371 6883.1928 -0.67094138 7.3686258 1.2938562
60873 49601.247 -1093.7233 1832.7 6734.6848 -0.18929309 7.2374901000000005 -1.9885778
60873 50021.247 -1063.8785 4594.0066 5267.8308 0.32903215999999996 5.693399 -4.88012
60873 50441.247 -826.3633000000001 6458.379 2769.8837000000003 0.78323438 3.0371458 -6.816965100000001
60873 50861.247 -427.50847999999996 7061.7002 -270.36396 1.0845152 -0.2116076 -7.4192673000000005
60873 51281.247 54.768697 6287.1822 -3257.7576000000004 1.1740214000000002 -3.4148532 -6.570558699999999
60873 51701.247 526.44889 4287.8948 -5609.2828 1.0349485999999999 -5.9468141 -4.442274500000001
60873 52121.247 895.8377800000001 1455.1647 -6867.9102 0.69504511 -7.3194222 -1.4523861
60873 52541.247 1091.2503000000002 -1660.1176 -6789.3421 0.22000228000000002 -7.2702287 1.8211407
60873 52961.247 1074.4239 -4452.2465 -5387.030400000001 -0.29909754 -5.8047388 4.7474338
60873 53381.247 847.85159 -6375.1954000000005 -2930.2943 -0.7617930900000001 -3.1982014 6.7549577
60873 53801.247 455.31546000000003 -7049.1028 101.18683 -1.0764230000000001 0.044078362 7.439796500000001
60873 54221.247 -26.584375 -6338.917 3112.6825 -1.1800199 3.2812916 6.660550199999999
60873 54641.247 -503.26251 -4384.1991 5511.5963 -1.0520824 5.8707549 4.5726449
60873 55061.247 -880.78707 -1567.8618000000001 6822.843 -0.71821427 7.3128266 1.5863185000000002
60873 55481.247 -1087.0528000000002 1556.6618999999998 6802.365 -0.24234045 7.3081627 -1.7143906
60873 55901.247 -1079.7276000000002 4374.843400000001 5441.8521 0.27944266 5.87581 -4.669673700000001
60873 56321.247 -861.65309 6336.793900000001 3017.2611 0.74602392 3.2950606 -6.7054447
60873 56741.247 -474.85587 7057.7366 0.39378407 1.0671702 0.073514529 -7.4310197
60873 57161.247 5.095987500000001 6396.4075 -3017.6285000000003 1.1804186 -3.1636015000000004 -6.7048136000000005
60873 57581.247 484.23012 4480.9662 -5443.778200000001 1.0633633 -5.7856594999999995 -4.6659733
60873 58001.247 868.95559 1692.6939 -6806.2036 0.73829143 -7.2693491 -1.7150429
60873 58421.247 1084.2049 -1425.5987 -6837.8246 0.26977157999999996 -7.3335174 1.5665573
60873 58841.247 1088.1259 -4265.9913 -5533.2625 -0.25147645 -5.9678171 4.5427960999999994
60873 59261.247 879.76818 -6274.0342 -3146.5474 -0.72435015 -3.4349960999999998 6.6339316
60873 59681.247 499.55193 -7056.3126 -143.61848999999998 -1.0561336 -0.22791348 7.427532599999999
60873 60101.247 21.551103 -6455.8971 2886.9829 -1.1820282 3.0219269 6.7702087
60873 60521.247 -460.85812 -4595.1176 5353.9274000000005 -1.0764797000000002 5.6839816 4.7814865
60873 60941.247 -853.26019 -1837.8011000000001 6772.8315999999995 -0.76121234 7.2279118 1.8637385
60873 61361.247 -1079.4325000000001 1277.7366000000002 6868.604700000001 -0.29797572000000005 7.362202000000001 -1.4151401000000001
60873 61781.247 -1095.3147 4144.2166 5622.682 0.22371941 6.0612317000000004 -4.4198924
60873 62201.247 -897.50639 6201.9875 3276.9753 0.7027966400000001 3.5736083 -6.5650026
60873 62621.247 -524.1854099999999 7046.7198 288.81837 1.0452301 0.3823954 -7.4263465
60873 63041.247 -48.308631999999996 6512.5978 -2755.9602000000004 1.1831254 -2.8842343 -6.8302054
60873 63461.247 437.0504 4704.0258 -5260.2068 1.0897319 -5.5824107000000005 -4.897482699999999
60873 63881.247 837.1372600000001 1977.2672 -6735.260200000001 0.78394021 -7.1862354 -2.0107258999999997
60873 64301.247 1074.0944 -1134.9294 -6894.374 0.32575987 -7.388234000000001 1.2654349999999999
60873 64721.247 1101.7744 -4025.9324 -5706.776 -0.19624138 -6.150068500000001 4.2964483
60873 65141.247 914.50151 -6131.3622000000005 -3403.0413 -0.68092118 -3.7082344 6.491904900000001
60873 65561.247 548.3715400000001 -7037.6504 -432.09832 -1.0333214000000002 -0.53651443 7.4182851
60873 65981.247 74.95608100000001 -6567.064 2623.4633 -1.183511 2.7408824 6.8887834
60873 66401.247 -413.18382 -4811.2973 5164.5047 -1.1023286 5.4781137 5.0110953
60873 66821.247 -820.727 -2116.4224 6695.0485 -0.80625865 7.1411932 2.1569455
60873 67241.247 -1068.3638 991.02738 6917.4802 -0.35345571000000003 7.411020300000001 -1.1151115999999999
60873 67661.247 -1107.8709 3905.3159 5788.755400000001 0.16855093 6.236381000000001 -4.171060300000001
60873 68081.247 -931.26788 6057.606400000001 3527.9837 0.6586382 3.8415437000000003 -6.4161801
60873 68501.247 -572.5878100000001 7025.2375999999995 575.75837 1.0208459 0.69087602 -7.4074364
60873 68921.247 -101.87332 6618.4537 -2489.4728 1.1833398 -2.5964069 -6.9449492
60873 69341.247 388.80751000000004 4916.4079 -5066.3964000000005 1.1144256000000001 -5.3715504 -5.1229077
60873 69761.247 803.6250699999999 2254.5123 -6651.8735 0.82822229 -7.0931864 -2.3024101999999997
60873 70181.247 1061.8397 -846.89212 -6937.6125 0.38103971999999997 -7.430727200000001 0.96406664
60873 70601.247 1113.1951999999999 -3783.2621000000004 -5868.3205 -0.14063738 -6.3201004 4.0437795
60873 71021.247 947.42308 -5981.5166 -3651.5257 -0.6358299500000001 -3.9732278 6.337542900000001
60873 71441.247 596.40657 -7010.090400000001 -719.0095 -1.0076660000000002 -0.8447377800000001 7.3931789
60873 71861.247 128.71121000000002 -6667.2597000000005 2354.4712999999997 -1.1823915999999999 2.4506718999999997 6.9979536
60873 72281.247 -364.21314 -5019.6112 4966.1393 -1.1258687 5.262663300000001 5.2324667
60873 72701.247 -786.0821 -2391.8158 6605.8603 -0.8497955500000001 7.0422954 2.4468438000000003
60873 73121.247 -1054.7703999999999 702.29124 6954.698200000001 -0.40851008 7.4473967000000005 -0.81297642
60873 73541.247 -1117.9741000000001 3659.5131 5945.1252 0.11261981 6.401116 -3.9151803000000003
60873 73961.247 -963.1197500000001 5902.7756 3773.0793 0.61271875 4.1030337 -6.256617500000001
60873 74381.247 -619.9430600000001 6991.782099999999 861.43453 0.99402597 0.99785835 -7.3760991
60873 74801.247 -155.48379 6712.857599999999 -2219.0692000000004 1.1808811000000001 -2.3044721 -7.0479557
60873 75221.247 339.48194 5119.5736 -4864.2935 1.136789 -5.1524167 -5.3395035
60873 75641.247 768.18526 2526.6481000000003 -6557.3048 0.87085955 -6.9888855 -2.5894136
60873 76061.247 1047.1629 -558.9215899999999 -6968.7408 0.4356486 -7.4608036 0.66233798
60873 76481.247 1122.1466 -3535.58 -6019.0154 -0.084576415 -6.478760599999999 3.7855031
60873 76901.247 978.30382 -5822.5542000000005 -3892.5036 -0.58918984 -4.2302204 6.173064800000001
60873 77321.247 643.1891400000001 -6971.2567 -1002.8982 -0.97965454 -1.1499997000000002 7.3552876
60873 77741.247 182.30097 -6756.3207999999995 2083.0495 -1.1785324000000001 2.1571036 7.0942269
60873 78161.247 -314.33957000000004 -5218.7203 4760.5064 -1.1469407 5.038886000000001 5.4439766
60873 78581.247 -749.62871 -2662.3399 6506.2029 -0.89155511 6.9314844 2.7315702
60873 79001.247 -1038.8301 413.09578000000005 6980.4551 -0.46282582000000005 7.470758300000001 -0.51032505
60873 79421.247 -1125.6748 3408.0168 6091.4359 0.05621136 6.554366 -3.6532777000000003
60873 79841.247 -993.01116 5738.1607 4011.5849 0.5652010000000001 4.3568539 -6.086846400000001
60873 80261.247 -666.35518 6946.5468 1146.3655 0.96462947 1.3037592 -7.3319272
60873 80681.247 -209.29512 6796.3064 -1944.1502 1.1756398 -2.0077034 -7.139099900000001
60873 81101.247 288.76725 5315.8104 -4653.298400000001 1.1566353 -4.9227882 -5.5475759
60873 81521.247 730.48103 2797.0009 -6451.4591 0.91193306 -6.8713682 -2.8736919
60873 81941.247 1029.8251 -267.15826000000004 -6988.7348 0.48995827000000003 -7.4780397999999995 0.35728949
60873 82361.247 1128.5801999999999 -3279.2612999999997 -6161.0677000000005 -0.027562717 -6.6275599000000005 3.5189616999999997
60873 82781.247 1007.2867 -5651.7462000000005 -4129.0119 -0.5406049500000001 -4.481978600000001 5.997349000000001
60873 83201.247 689.0299 -6919.2675 -1287.3282 -0.9491213000000001 -1.4551623 7.3056874
60873 83621.247 236.05005 -6833.0828 1806.348 -1.1720401999999999 1.8590324 7.1802189
60873 84041.247 -263.0708 -5410.3829000000005 4545.6113 -1.1654872 4.8051088 5.6473455999999995
60873 84461.247 -710.88771 -2930.2587000000003 6394.9277 -0.93166169 6.8081235 3.0133906
60873 84881.247 -1020.1501999999999 121.15137 6994.559 -0.51668069 7.4815967 -0.20497114
60873 85301.247 -1130.7114 3148.9335 6228.304099999999 -0.0010072604 6.6974647 -3.3837385
60873 85721.247 -1020.8190000000001 5562.549900000001 4244.6435 0.51578701 4.6047588 -5.9059889000000005
60873 86141.247 -711.6640600000001 6889.2218 1430.8768 0.93244311 1.6103432 -7.274612
60874 161.247 -263.25105 6869.1903 -1664.2518 1.1673356000000001 -1.7042059 -7.2182436
60874 581.247 236.77542000000003 5501.3583 -4431.6851 1.1744186 -4.6840406 -5.750780300000001
60874 1001.247 690.53509 3053.4526 -6328.3035 0.95209725 -6.7524482 -3.1551514000000003
60874 1421.247 1009.3468 8.461506799999999 -6984.6720000000005 0.54167666 -7.4954587 0.07016744300000001
60874 1841.247 1130.5901999999999 -3037.3163 -6270.558599999999 0.025966822 -6.7654194 3.2735211
60874 2261.247 1030.3765 -5487.796 -4325.0509 -0.49528598 -4.7088359 5.836329
60874 2681.247 728.19226 -6862.4455 -1529.5273 -0.9196788 -1.7281827 7.2531419
60874 3101.247 283.29551000000004 -6892.268900000001 1566.6785 -1.1634948999999999 1.5873614 7.244434
60874 3521.247 -217.00359 -5574.3957 4355.9317 -1.1794341 4.5828017 5.8180067
60874 3941.247 -675.08708 -3169.9654 6294.6737 -0.96595634 6.6758544 3.2626834
60874 4361.247 -1002.1035 -149.86066 7008.2107000000005 -0.5657115199999999 7.4682452 0.079838788
60874 4781.247 -1134.8534 2899.3136 6359.6499 -0.05592031200000001 6.8121792 -3.1177998
60874 5201.247 -1047.3649 5385.578 4473.7513 0.46594774 4.830470999999999 -5.715380199999999
60874 5621.247 -755.96328 6823.094599999999 1714.6869 0.89884638 1.899202 -7.2047301
60874 6041.246999999999 -316.92356 6927.354 -1379.7892 1.157168 -1.4123491 -7.2852925
60874 6461.246999999999 184.14709 5675.1271 -4203.2617 1.1891368 -4.451607500000001 -5.935087800000001
60874 6881.246999999999 649.1418000000001 3311.025 -6201.120900000001 0.9882531 -6.6182989 -3.4197473
60874 7301.247 987.0541800000001 298.50225 -6981.5515000000005 0.59407739 -7.4880945 -0.23468493
60874 7721.247 1131.7907 -2772.8403 -6391.6473 0.083479491 -6.8916573 2.9969906
60874 8141.247 1054.8416000000002 -5300.5819 -4546.6738 -0.44386826 -4.9444288 5.642153400000001
60874 8561.247 771.148 -6789.362099999999 -1808.2833 -0.8845306500000001 -2.0269479 7.1798551
60874 8981.247 336.30559000000005 -6947.678400000001 1285.5194 -1.151564 1.2845432 7.3064182
60874 9401.247 -164.33946 -5747.2445 4127.4078 -1.192963 4.3354706 6.0024974
60874 9821.247 -633.04549 -3426.3357 6163.268 -1.0021441 6.5318299 3.532917
60874 10241.247 -978.83852 -439.84012 6999.2801 -0.61746131 7.4547654 0.3832602
60874 10661.247 -1134.8781999999999 2631.9695 6474.911400000001 -0.11326999000000001 6.9317342 -2.8394846
60874 11081.247 -1070.7281 5192.8662 4691.0175 0.41398082 5.0605915999999995 -5.5160339
60874 11501.247 -798.2219699999999 6742.8996 1991.8771000000002 0.86239212 2.1958045000000004 -7.1237893
60874 11921.247 -369.89429 6975.674599999999 -1096.8448 1.1435138999999999 -1.1072925 -7.339531699999999
60874 12341.247 130.81634 5842.6818 -3970.1537000000003 1.2011259 -4.1984263 -6.1142142999999995
60874 12761.247 605.91016 3564.9843 -6063.6404 1.023544 -6.4668911 -3.6883401
60874 13181.247 962.3876600000001 589.0947199999999 -6966.6342 0.64571745 -7.4679193999999995 -0.54000982
60874 13601.247 1130.5412 -2502.6272000000004 -6502.3109 0.14136327 -7.0065094 2.7147941
60874 14021.247 1077.2439 -5103.5401 -4761.1641 -0.39100563 -5.172211900000001 5.438244399999999
60874 14441.247 812.83824 -6704.1678 -2084.5201 -0.84708128 -2.3228071 7.0946883
60874 14861.247 389.12521000000004 -6990.8698 1001.8367 -1.136906 0.97935856 7.3566582
60874 15281.247 -110.73564 -5909.8509 3891.8113 -1.2039266 4.0811387 6.1773644
60874 15701.247 -589.11383 -3676.1575000000003 6021.4701 -1.0364348 6.377379100000001 3.797182
60874 16121.247 -953.08857 -728.08618 6978.4164 -0.6683147 7.4290988 0.68545274
60874 16541.247 -1132.2802 2361.2327 6578.8095 -0.17086937000000002 7.0394321 -2.5572188000000002
60874 16961.247 -1091.8066999999999 4992.2487 4899.6205 0.36068466 5.2814662 -5.307925
60874 17381.247 -838.93782 6651.8057 2264.8651 0.82377625 2.4878885 -7.030761900000001
60874 17801.247 -422.34646000000004 7012.4365 -812.73582 1.1272228 -0.8006946 -7.3808187
60874 18221.247 76.887204 6000.571900000001 -3730.7780000000002 1.2105146 -3.9379228 -6.2824448
60874 18641.247 561.08137 3813.3199 -5916.1816 1.0567654 -6.303926400000001 -3.9504981
60874 19061.247 935.44944 879.3602900000001 -6940.236 0.69627059 -7.4345305 -0.84470841
60874 19481.247 1127.0681000000002 -2226.5904 -6604.6226 0.19887747 -7.1066327000000005 2.4294087
60874 19901.247 1098.3403 -4897.121099999999 -4974.2968 -0.33747206999999996 -5.3845109 5.2251278
60874 20321.247 854.8691600000001 -6611.1453 -2368.2608 -0.80769663 -2.6047773000000003 6.9927942000000005
60874 20741.247 443.23872 -7023.0832 703.99344 -1.1201545000000002 0.67785429 7.394056
60874 21161.247 -55.154109 -6060.3333 3638.1439 -1.2136514 3.8304228 6.3449402
60874 21581.247 -542.76887 -3911.5691 5858.5686 -1.0697432 6.231198 4.0526172
60874 22001.247 -924.3229200000001 -998.14039 6930.939200000001 -0.71705476 7.4117793 0.9692935
60874 22421.247 -1125.3738999999998 2110.2817000000005 6646.200900000001 -0.22437234 7.144364800000001 -2.3029683
60874 22841.247 -1106.5516 4806.2685 5059.6562 0.31266859 5.4799599 -5.1269925999999995
60874 23261.247 -871.2567 6561.905900000001 2480.8362 0.78925979 2.7405163 -6.9487197
60874 23681.247 -465.32873 7032.510700000001 -585.05598 1.1115188 -0.5365803600000001 -7.4070033
60874 24101.247 31.711840000000002 6126.411 -3536.1406 1.2160160000000002 -3.7038854000000003 -6.4131186
60874 24521.247 522.69823 4022.8874 -5795.2296 1.0831389 -6.1412883 -4.1678435
60874 24941.247 911.91684 1136.2858999999999 -6923.1066 0.73975689 -7.376592 -1.1150687000000001
60874 25361.247 1123.9005 -1971.291 -6701.7616 0.25301782 -7.1769024 2.1516187
60874 25781.247 1117.4255 -4695.533 -5174.2995 -0.2835358 -5.5805712000000005 5.0023874
60874 26201.247 893.3106 -6504.9224 -2636.5179 -0.7661854600000001 -2.8916639 6.8822146
60874 26621.247 494.82507000000004 -7043.8795 416.87699 -1.100166 0.36828776 7.4175251
60874 27041.247 -0.49306925 -6205.157099999999 3388.7962 -1.2192633000000002 3.5592361 6.4984504
60874 27461.247 -495.74552000000006 -4152.5895 5696.175700000001 -1.0998955000000001 6.0520069 4.3062979
60874 27881.247 -894.1580600000001 -1288.4732 6887.6567000000005 -0.76584887 7.359988599999999 1.2733849000000002
60874 28301.247 -1117.9936 1827.2647 6730.8015000000005 -0.28228951 7.2304536 -2.0081197
60874 28721.247 -1123.4228 4586.0485 5255.6895 0.25700709 5.6873108000000006 -4.8996089000000005
60874 29141.247 -909.0846 6447.4401 2750.0201 0.74684691 3.0281824000000004 -6.8338992
60874 29561.247 -516.65701 7045.8577000000005 -295.71497999999997 1.0907172 -0.22588402 -7.4273885
60874 29981.247 -23.004301 6264.5055999999995 -3283.6397 1.2207707 -3.4319062 -6.5631657
60874 30401.247 475.29874 4256.717900000001 -5627.9951 1.1124556 -5.960938100000001 -4.418015400000001
60874 30821.247 880.98933 1420.3663999999999 -6873.3326 0.7875735 -7.321312700000001 -1.4150735
60874 31241.247 1115.3658 -1692.3723 -6778.447 0.31010545 -7.2562741 1.8591402000000001
60874 31661.247 1132.9241000000002 -4476.012 -5362.3758 -0.22802772 -5.7795703000000005 4.7730395
60874 32081.247 929.89881 -6387.9229000000005 -2899.589 -0.72295075 -3.1727467000000003 6.7604567
60874 32501.247 545.1964200000001 -7050.9778 130.68022 -1.0780563 0.060081899 7.4300258
60874 32921.247 53.93019400000001 -6336.633400000001 3135.7255 -1.2223972 3.285054 6.641017700000001
60874 33341.247 -447.91109000000006 -4382.4875999999995 5525.7423 -1.1276091 5.8652444 4.5506789
60874 33761.247 -862.2460100000001 -1571.7745 6833.142 -0.8127142199999999 7.2966388 1.5719325
60874 34181.247 -1108.2502 1545.8718000000001 6803.005099999999 -0.33926764 7.3028548 -1.7131418
60874 34601.247 -1137.8291000000002 4361.652099999999 5440.9349 0.2009351 5.8819073 -4.6655961
60874 35021.247 -944.90872 6324.255099999999 3012.3372000000004 0.70264803 3.3075725000000005 -6.7071943
60874 35441.247 -566.94955 7048.3937000000005 -7.6412278 1.0671941999999999 0.083286063 -7.4335907
60874 35861.247 -77.933177 6392.5135 -3026.431 1.2225443 -3.1544201 -6.7007491
60874 36281.247 426.52187 4483.4299 -5451.4733 1.1393274 -5.770450100000001 -4.6603786000000005
60874 36701.247 847.83727 1702.1073999999999 -6812.0387 0.83386061 -7.2537831 -1.7124099000000002
60874 37121.247 1104.196 -1410.6149 -6843.6008 0.3667823 -7.3236008 1.5641192000000002
60874 37541.247 1145.8555000000001 -4248.9883 -5540.9713 -0.17179537 -5.9686935000000005 4.5366362
60874 37961.247 964.44075 -6259.9803 -3156.8761 -0.67797967 -3.4477399 6.6284001
60874 38381.247 594.6966 -7048.735900000001 -154.68865 -1.0530409 -0.24697553 7.4273551
60874 38801.247 108.77441 -6459.880099999999 2877.3754 -1.2223802000000001 3.0042351 6.7703174
60874 39221.247 -398.42877000000004 -4608.1635 5345.5003 -1.1527578 5.6665621 4.7871798
60874 39641.247 -827.84329 -1856.2958 6766.9174 -0.85816654 7.2198194 1.8692302
60874 40061.247 -1095.6996000000001 1257.8985 6864.2363 -0.39613466 7.3635305 -1.4137232
60874 40481.247 -1149.6506000000002 4126.6759 5617.9622 0.14387448 6.0681587 -4.423463300000001
60874 40901.247 -978.80349 6187.9001 3270.7004 0.6566329500000001 3.5827336 -6.5702430000000005
60874 41321.247 -616.1829200000001 7036.846500000001 280.88052000000005 1.041396 0.39231227 -7.4292859
60874 41741.247 -132.80755 6506.9278 -2764.2506000000003 1.2219843000000001 -2.8730655 -6.8290679
60874 42161.247 376.65540000000004 4694.8526 -5262.7627999999995 1.1645853 -5.581176800000001 -4.8940963
60874 42581.247 812.82722 1966.2616 -6732.8644 0.8776159 -7.1898792 -1.9912799
60874 43001.247 1089.8679 -1146.2061 -6881.9766 0.41995482 -7.3871965 1.2924936
60874 43421.247 1153.9541000000002 -4035.0095 -5682.6695 -0.11992863 -6.1404215 4.3238802
60874 43841.247 992.36307 -6134.608200000001 -3369.0772 -0.63682975 -3.6910284000000004 6.5098341
60874 44261.247 636.54973 -7033.4852 -394.34832 -1.0293071 -0.51828486 7.4191096
60874 44681.247 156.16360999999998 -6556.2080000000005 2657.8726 -1.2201370999999999 2.7517766999999997 6.873283499999999
60874 45101.247 -354.80732 -4798.5070000000005 5190.1449 -1.1726058000000001 5.4767372 4.9855224
60874 45521.247 -796.73995 -2106.6634 6709.585400000001 -0.89715892 7.1289533 2.1311974
60874 45941.247 -1083.9371 994.49579 6922.467900000001 -0.44788799 7.3947007000000005 -1.1341506
60874 46361.247 -1160.6272 3902.4112999999998 5787.502 0.088930751 6.223268 -4.1820595
60874 46781.247 -1011.4476 6050.5621 3523.4063 0.60997843 3.8351077 -6.421522
60874 47201.247 -664.80456 7016.7887 569.9175 1.0134147 0.68959375 -7.409413300000001
60874 47621.247 -188.0439 6609.5317000000005 -2495.4343 1.2190945 -2.5971026999999998 -6.9436149
60874 48041.247 325.57802000000004 4907.0588 -5070.5527999999995 1.185963 -5.374553 -5.1140961
60874 48461.247 775.47461 2243.6732 -6650.3107 0.9208234599999999 -7.096856600000001 -2.2837541999999997
60874 48881.247 1073.7253 -858.13017 -6926.3818 0.47604412 -7.4301418 0.99057002
60874 49301.247 1162.1843999999999 -3792.5521000000003 -5845.4523 -0.061870124 -6.3111979 4.0714721
60874 49721.247 1023.3941 -5985.3173 -3618.5168 -0.58812307 -3.9565499 6.3565494
60874 50141.247 684.3452 -7006.7058 -681.58899 -0.9995226300000001 -0.8263511499999999 7.395455200000001
60874 50561.247 211.38675 -6657.1232 2389.2187999999996 -1.2151086 2.4621843 6.983608500000001
60874 50981.247 -302.90126000000004 -5007.2002 4992.5022 -1.193168 5.2621624 5.2074178
60874 51401.247 -758.21664 -2382.1353 6621.2268 -0.93926834 7.030654900000001 2.4210643
60874 51821.247 -1066.2552 705.84595 6960.3928 -0.5033991 7.4312356 -0.8325299
60874 52241.247 -1167.2341000000001 3656.6549 5944.3139 0.030667952000000002 6.3877074 -3.9268578000000005
60874 52661.247 -1041.113 5895.616599999999 3768.6751000000004 0.56026098 4.0961490000000005 -6.2625746
60874 53081.247 -711.7118800000001 6982.835099999999 855.47269 0.98217342 0.9964191 -7.378856600000001
60874 53501.247 -243.02912 6703.4571 -2225.5147 1.2125018 -2.3051913 -7.0473663
60874 53921.247 273.29901 5110.2328 -4869.2186 1.2052157 -5.1548862 -5.3314222000000004
60874 54341.247 736.1224100000001 2516.1294 -6556.916 0.9621022 -6.9919875000000005 -2.5719099
60874 54761.247 1054.9752 -569.68565 -6959.126200000001 0.53131162 -7.460251 0.68765507
60874 55181.247 1167.7345 -3544.5705000000003 -5998.1444 -0.0033228928 -6.470617900000001 3.8125812000000003
60874 55601.247 1052.2108 -5826.4761 -3861.5579 -0.5377214300000001 -4.2146286 6.1924282
60874 56021.247 730.83828 -6968.4061 -967.53097 -0.9671556000000001 -1.1326789000000002 7.3587966
60874 56441.247 266.49928000000006 -6747.0768 2116.4316000000003 -1.2071169 2.1681366 7.0817604
60874 56861.247 -249.90918 -5207.9106 4786.229200000001 -1.2111310000000002 5.0381486 5.4205883
60874 57281.247 -717.68214 -2654.2707 6521.5985 -0.97962711 6.9200786 2.7072623
60874 57701.247 -1046.0518 415.21835 6986.679 -0.5582592100000001 7.4551649 -0.52900482
60874 58121.247 -1171.2903999999999 3403.9814 6091.3848 -0.028093962 6.5416051 -3.6646885000000005
60874 58541.247 -1068.6528999999998 5730.1248 4007.9564 0.50906115 4.3506447 -6.0930342
60874 58961.247 -757.29944 6936.7201 1139.9273 0.94864801 1.3017899 -7.336037999999999
60874 59381.247 -297.76787 6785.7627 -1951.6028999999999 1.2031797 -2.0092768000000003 -7.1395228
60874 59801.247 220.13768 5304.496400000001 -4659.5662 1.2219152 -4.9265354 -5.540078
60874 60221.247 694.94214 2783.9986000000004 -6452.4647 1.001489 -6.875393900000001 -2.8558927
60874 60641.247 1033.7931 -280.68128 -6980.0524000000005 0.58568687 -7.4778156000000005 0.38373693
60874 61061.247 1170.7259 -3290.9826000000003 -6140.5575 0.055523252999999995 -6.6189091 3.547448
60874 61481.247 1078.8421 -5658.05 -4097.8679 -0.48586806000000005 -4.4652237999999995 6.0179
60874 61901.247 775.94464 -6918.4397 -1251.6629 -0.9325113199999999 -1.4367872 7.3094767
60874 62321.247 321.26657 -6825.6814 1840.105 -1.1965378 1.8703333 7.1676781
60874 62741.247 -196.18492 -5399.9227 4571.8004 -1.2266327000000001 4.8054041 5.6245082
60874 63161.247 -675.48841 -2922.1131 6410.8707 -1.0181062 6.7976069 2.9889159
60874 63581.247 -1023.5871 123.6334 7001.1053 -0.61217336 7.466405 -0.22451898
60874 64001.247 -1172.9094 3145.2844 6228.1181 -0.086967534 6.6844482 -3.3963796000000004
60874 64421.247 -1094.0282 5554.669 4240.3567 0.45667759 4.5976801 -5.9134321000000005
60874 64841.247 -801.4537700000001 6878.7169 1422.3545 0.91301055 1.6047841 -7.2808361999999995
60874 65261.247 -352.05617 6856.369900000001 -1674.5076000000001 1.191375 -1.7101372 -7.2196731000000005
60874 65681.247 166.38268 5489.4699 -4442.1593 1.2362036 -4.6901282 -5.73933
60874 66101.247 652.26072 3046.7105 -6337.241 1.0389831 -6.7473447 -3.1348845
60874 66521.247 1010.3484000000001 7.3603133 -6987.6759 0.63899803 -7.4843565 0.08076709200000001
60874 66941.247 1171.1786000000002 -3033.7203 -6270.1467 0.11412814 -6.756283900000001 3.2791046
60874 67361.247 1103.0309 -5481.650000000001 -4323.6015 -0.43329416 -4.7065541 5.835878800000001
60874 67781.247 819.1183199999999 -6857.2923 -1529.1683 -0.8961798400000001 -1.7352275 7.249025400000001
60874 68201.247 374.97153000000003 -6891.7873 1565.2364 -1.1835581 1.5728596000000001 7.2404981
60874 68621.247 -142.43963 -5580.599 4353.388400000001 -1.2394711 4.5666378000000005 5.816267
60874 69041.247 -632.20033 -3182.3267 6291.794900000001 -1.0542379000000002 6.6637733 3.2624181
60874 69461.247 -999.2163800000001 -165.7854 7005.0162 -0.66465629 7.46354 0.078045701
60874 69881.247 -1172.2835 2882.8626 6354.9541 -0.14569725 6.8139347 -3.1233053
60874 70301.247 -1117.3838 5370.6151 4466.0563 0.4031216 4.835253 -5.7237332
60874 70721.247 -844.35627 6809.7308 1703.2068000000002 0.87526015 1.9039614999999999 -7.212555900000001
60874 71141.247 -406.08522 6915.7206 -1393.5061 1.1770479 -1.4086071 -7.2872999
60874 71561.247 111.84325 5665.2365 -4216.1440999999995 1.2481309 -4.446645800000001 -5.9290447
60874 71981.247 607.89176 3303.9165000000003 -6210.1981 1.0746083000000002 -6.6096496 -3.4080091
60874 72401.247 984.5358000000001 293.76229 -6981.273 0.69078816 -7.4811712 -0.21713024
60874 72821.247 1169.0138000000002 -2774.5179 -6385.6230000000005 0.17070055 -6.8793498 3.0181526
60874 73241.247 1124.0588 -5297.3021 -4533.996 -0.38213052 -4.9322327999999995 5.657278000000001
60874 73661.247 858.62533 -6781.242700000001 -1790.6064 -0.86082404 -2.0159983 7.1882603000000005
60874 74081.247 424.76129 -6935.0614000000005 1304.9373 -1.1706807 1.2950463 7.3059696
60874 74501.247 -92.344697 -5730.1372 4144.2175 -1.2508602000000002 4.3450984 5.9908559
60874 74921.247 -591.55466 -3405.4791 6172.4971 -1.0869308000000002 6.5379255 3.509116
60874 75341.247 -975.68097 -417.99214 6996.4845000000005 -0.71215335 7.4527213 0.35086533
60874 75761.247 -1170.3306 2650.7767000000003 6458.0916 -0.19943964 6.9192471 -2.8722374
60874 76181.247 -1137.6456 5204.5193 4662.0641 0.35271275 5.0397571 -5.53953
60874 76601.247 -883.53429 6745.106 1956.4132 0.83751771 2.1732012 -7.131055900000001
60874 77021.247 -457.0611 6969.3988 -1131.59 1.1597862 -1.1238918000000002 -7.3296492
60874 77441.247 58.757906000000006 5831.61 -3997.9122 1.2556727 -4.2041520000000006 -6.092004
60874 77861.247 563.1180400000001 3553.9051 -6080.7668 1.1061375 -6.4616365 -3.6612723000000003
60874 78281.247 957.4850799999999 581.8352199999999 -6972.5524000000005 0.74059521 -7.4559457 -0.5145447900000001
60874 78701.247 1164.7162 -2503.7482000000005 -6498.0463 0.23007502 -6.9939055 2.7351776
60874 79121.247 1144.6278 -5100.3135 -4752.0965 -0.32676791 -5.157233199999999 5.4535046000000005
60874 79541.247 899.74355 -6695.2993 -2070.3221000000003 -0.82007102 -2.3106718 7.1040997
60874 79961.247 478.37741 -6976.936 1018.5495999999999 -1.1529636 0.9917755 7.3588646
60874 80381.247 -36.849000000000004 -5890.3977 3907.4643 -1.2594976 4.0953552 6.167644500000001
60874 80801.247 -545.0131700000001 -3650.7839 6030.464 -1.119575 6.390066 3.7710068999999997
60874 81221.247 -946.79006 -699.0196800000001 6973.4716 -0.7621004299999999 7.4327886 0.64618099
60874 81641.247 -1164.3526000000002 2388.8805 6556.0521 -0.25680770999999997 7.0283508 -2.6007671
60874 82061.247 -1155.3969 5011.9406 4859.9178 0.29888896 5.255279499999999 -5.3427552
60874 82481.247 -921.33601 6658.3463 2214.5553999999997 0.7973808400000001 2.4536917 -7.045329700000001
60874 82901.247 -507.20174000000003 7002.4613 -864.17231 1.1413482 -0.8323757 -7.3732352
60874 83321.247 6.0401717 5979.5182 -3774.2991 1.262023 -3.9576174 -6.2536078
60874 83741.247 518.12796 3787.5986000000003 -5944.7793 1.1360254 -6.3061854 -3.910469
60874 84161.247 929.09525 856.12431 -6951.714 0.78854175 -7.421461100000001 -0.80509312
60874 84581.247 1158.8187 -2242.3940000000002 -6598.8207 0.28717207 -7.088496600000001 2.4579077000000003
60874 85001.247 1162.3192 -4903.263900000001 -4954.165 -0.27107220000000004 -5.369514100000001 5.2438916
60874 85421.247 938.5082 -6604.642 -2338.3999 -0.77722923 -2.5964127 7.0055107
60874 85841.247 530.87247 -7012.3056 736.59911 -1.1315595 0.68737096 7.3928669000000005
60874 86261.247 19.217269 -6044.5209 3666.0443999999998 -1.2645399 3.8368689 6.330198
60875 281.247 -496.09938 -3887.3687000000004 5871.4975 -1.1510231000000002 6.2391746999999995 4.0299045
60875 701.247 -914.61878 -970.65397 6927.7502 -0.81055935 7.4159901 0.93013732
60875 1121.247 -1153.8804 2134.8921 6623.638599999999 -0.31014477 7.133909399999999 -2.3568044
60875 1541.247 -1166.6671999999999 4822.733200000001 5015.2306 0.25072716 5.4517157 -5.1772143999999996
60875 1961.247 -950.13377 6562.7322 2418.408 0.7632594699999999 2.6949928 -6.9818023
60875 2381.247 -546.69074 7011.8273 -655.41709 1.1256872 -0.59138771 -7.4099889999999995
60875 2801.247 -35.818002 6083.6221 -3600.463 1.2663753999999998 -3.7527305 -6.3803144000000005
60875 3221.247 482.14557 3964.9586000000004 -5839.7212 1.1592421 -6.1668915 -4.1068959000000005
60875 3641.247 906.31091 1073.8828 -6939.1998 0.8274601699999999 -7.371901200000001 -1.0440789
60875 4061.247 1154.7474 -2025.7431000000001 -6689.3098 0.33618635999999996 -7.145156200000001 2.2136666000000003
60875 4481.247 1179.5025 -4732.9195 -5140.201900000001 -0.22038487 -5.533392399999999 5.0418842999999995
60875 4901.247 975.46527 -6521.7892 -2591.5236 -0.73543192 -2.8429948 6.8946084
60875 5321.247 581.70849 -7041.8244 462.27427 -1.1087039 0.40884161 7.406162999999999
60875 5741.246999999999 74.545673 -6188.580599999999 3425.5046 -1.266305 3.5875504 6.4694111
60875 6161.246999999999 -447.13844 -4126.6339 5717.8509 -1.1766104 6.0684431000000005 4.2643413
60875 6581.246999999999 -881.37846 -1258.0915 6889.551 -0.8567707400000001 7.3643877 1.2216534
60875 7001.246999999999 -1143.1194 1856.3544 6709.6458 -0.36879984000000005 7.2199913 -2.0649525
60875 7421.247 -1180.816 4606.9228 5211.2114 0.19253564 5.658441799999999 -4.9521837
60875 7841.247 -986.57338 6452.2569 2686.5965 0.71709531 2.9814894 -6.8688871
60875 8261.247 -598.32283 7028.6767 -367.78749 1.1007317 -0.28182471 -7.4318987
60875 8681.247 -92.525628 6224.5182 -3350.0206000000003 1.2675504000000002 -3.4815392000000003 -6.5323374
60875 9101.247 431.44837 4202.1813 -5675.4515 1.1862150999999999 -5.9871192 -4.3583072000000005
60875 9521.247 871.49023 1361.0012 -6892.9265000000005 0.8748183900000001 -7.3177997999999995 -1.3452497
60875 9941.247 1142.5345 -1744.4637 -6769.8243 0.39472098 -7.226556700000001 1.9209625000000001
60875 10361.247 1192.2636000000002 -4511.9772 -5331.8508 -0.16194866 -5.7346511 4.814087000000001
60875 10781.247 1010.7366999999999 -6404.1187 -2857.1123 -0.68845846 -3.1254267000000002 6.7762391
60875 11201.247 632.62158 -7050.3515 174.54160000000002 -1.0824341 0.10032093 7.4208016
60875 11621.247 131.14224 -6321.533 3171.8413 -1.2659679000000001 3.3134458 6.6142997999999995
60875 12041.247 -395.94961 -4357.8553 5547.811 -1.2022666 5.8823558 4.511024900000001
60875 12461.247 -845.62477 -1542.2623999999998 6836.3213 -0.9033908900000001 7.302490700000001 1.5219979000000001
60875 12881.247 -1129.8077 1574.8567 6783.6535 -0.42730859 7.2944934 -1.7692576
60875 13301.247 -1192.6377 4383.677 5398.2032 0.13334685999999998 5.8556514 -4.7181416
60875 13721.247 -1021.3338000000001 6331.2915 2950.4267999999997 0.66887341 3.2633464 -6.7432161
60875 14141.247 -649.30772 7034.4311 -78.82858999999999 1.072994 0.029652712 -7.4400207
60875 14561.247 -149.7995 6356.5138 -3092.8458 1.2658604 -3.2019976000000003 -6.6730114
60875 14981.247 379.0878 4434.9937 -5500.6941 1.2109140999999999 -5.794596899999999 -4.603582500000001
60875 15401.247 834.26466 1649.4576000000002 -6834.9499000000005 0.92098353 -7.2496548 -1.6468285
60875 15821.247 1127.6884 -1456.257 -6840.1232 0.45337212 -7.2958724 1.6218042000000001
60875 16241.247 1202.7051000000001 -4279.8815 -5516.951099999999 -0.1021724 -5.9281573 4.5756782000000005
60875 16661.247 1044.4586 -6273.1598 -3121.0535 -0.6392273900000001 -3.4055222 6.6455525
60875 17081.247 683.04497 -7045.763400000001 -116.65707 -1.053457 -0.21124415 7.4238062000000005
60875 17501.247 188.4023 -6443.6011 2910.3076 -1.2629284 3.0319921 6.750091
60875 17921.247 -343.04740000000004 -4581.9520999999995 5366.8098 -1.2256996 5.6859348 4.7522252
60875 18341.247 -807.39712 -1824.0435 6770.724099999999 -0.94867109 7.2286266 1.8212545
60875 18761.247 -1113.6957 1290.6624 6845.8874000000005 -0.48563089000000004 7.3571121 -1.4696353999999998
60875 19181.247 -1201.8512 4152.9673 5576.323 0.073266313 6.0427149 -4.4758499
60875 19601.247 -1054.0906000000002 6199.4891 3209.6508 0.6187053 3.5395666 -6.6057893000000005
60875 20021.247 -699.2616899999999 7028.1692 210.80985 1.0426600000000001 0.34127782 -7.4351668
60875 20441.247 -207.18175 6477.7852 -2829.7715 1.2614052 -2.9165966 -6.8022255
60875 20861.247 325.49535 4660.5392 -5315.955599999999 1.2331127 -5.5917708 -4.841181400000001
60875 21281.247 794.90272 1935.5446000000002 -6764.8347 0.96541356 -7.1688935 -1.9459493
60875 21701.247 1110.1994 -1165.0608 -6898.4208 0.5113833 -7.3526879 1.319563
60875 22121.247 1210.489 -4039.9809 -5692.4176 -0.041829188 -6.111597799999999 4.3292546000000005
60875 22541.247 1075.9918 -6131.027900000001 -3379.5155 -0.5883726100000001 -3.6799090000000003 6.503422400000001
60875 22961.247 732.12745 -7028.714900000001 -407.52456 -1.0221315 -0.52251786 7.4141178000000005
60875 23381.247 245.38159 -6554.2778 2643.9365000000003 -1.2572652 2.7452269 6.874382
60875 23801.247 -289.34353000000004 -4797.9001 5176.805 -1.2466734 5.4796505 4.9854135
60875 24221.247 -767.44316 -2102.447 6693.7675 -0.9920791000000001 7.1422602 2.1174779
60875 24641.247 -1095.2681 1004.4411 6896.666200000001 -0.5430817 7.4069408 -1.1673515
60875 25061.247 -1208.5278 3914.5934 5744.969599999999 0.013134828000000001 6.2189025 -4.2272816
60875 25481.247 -1084.5607 6056.2092 3462.7966 0.56745074 3.8086419 -6.4588803
60875 25901.247 -747.55084 7008.286400000001 498.70706 1.0104976 0.6498360599999999 -7.4193916
60875 26321.247 -263.78523 6585.0253 -2563.7453 1.2546079 -2.6300358999999998 -6.9202117
60875 26741.247 271.64852 4873.4893 -5123.7039 1.2528195000000002 -5.3833858 -5.0686244
60875 27161.247 754.26997 2212.2482000000005 -6683.4306 1.007557 -7.0784271 -2.2375673000000003
60875 27581.247 1090.5941 -878.44902 -6943.1697 0.56772939 -7.396620700000001 1.0202528
60875 28001.247 1215.6668 -3798.9636 -5854.365400000001 0.017918768 -6.2812734 4.0795724
60875 28421.247 1104.9523000000002 -5982.3922999999995 -3627.1901000000003 -0.5367337400000001 -3.9430179 6.3516729
60875 28841.247 779.25786 -7001.5865 -692.66404 -0.9886867 -0.82831972 7.3903695
60875 29261.247 301.497 -6654.1238 2377.0804 -1.2486584 2.4564969000000003 6.9838341
60875 29681.247 -235.22757000000001 -5005.3194 4980.6044 -1.264645 5.264670199999999 5.2068442
60875 30101.247 -725.92658 -2376.9386 6606.8265 -1.0331089 7.0431688 2.4076832
60875 30521.247 -1074.5017 716.58968 6936.2575 -0.59920618 7.4433258 -0.86506345
60875 30941.247 -1213.8342 3669.4055000000003 5912.2487 -0.047378790000000004 6.3784727000000006 -3.9667406
60875 31361.247 -1115.4228 5904.5879 3726.6242 0.51345194 4.0675073 -6.2896925
60875 31781.247 -798.60559 6983.1827 809.77936 0.9733539600000001 0.96633358 -7.379445
60875 32201.247 -325.07989000000003 6692.5225 -2267.0005 1.2438455 -2.3237415 -7.0287856
60875 32621.247 211.99753 5094.411099999999 -4899.986400000001 1.2711114000000001 -5.1584215 -5.3009523
60875 33041.247 707.72099 2501.8375 -6574.16 1.0503949000000001 -6.9819006 -2.5395447
60875 33461.247 1065.5309 -578.4469799999999 -6963.7225 0.6252535100000001 -7.443062200000001 0.71516564
60875 33881.247 1215.7126 -3545.9124 -5992.7536 0.07792378800000001 -6.4532827 3.8323283000000004
60875 34301.247 1128.6891 -5821.4046 -3849.4273 -0.48580969 -4.2003682 6.2051264
60875 34721.247 821.06636 -6958.5397 -952.20513 -0.9554092900000001 -1.121618 7.3640685
60875 35141.247 352.59108000000003 -6732.8961 2132.2887 -1.2383038 2.178439 7.0788045
60875 35561.247 -185.11057000000002 -5187.4295999999995 4798.420700000001 -1.2789701 5.049929000000001 5.4068667999999995
60875 35981.247 -686.66248 -2628.4867000000004 6524.6921 -1.0695834 6.929257 2.6783706
60875 36401.247 -1054.2666000000002 442.87525 6975.0505 -0.651959 7.4537165000000005 -0.5688823
60875 36821.247 -1216.3968 3427.9224 6062.491 -0.10724554000000001 6.5251459999999994 -3.7047195000000004
60875 37241.247 -1141.2833 5744.2839 3964.5692000000004 0.45914530000000003 4.3215641 -6.1198617
60875 37661.247 -843.22349 6938.4456 1090.2464 0.9366659700000001 1.2697184 -7.339299100000001
60875 38081.247 -380.2479 6775.3598 -1997.6588000000002 1.2311452 -2.0296088 -7.121263
60875 38501.247 157.58356 5281.2167 -4693.1601 1.2860264 -4.9364489 -5.5120509
60875 38921.247 663.78571 2753.9978 -6462.6671 1.0902435000000001 -6.8805168000000005 -2.8259723
60875 39341.247 1041.618 -310.92179 -6975.524200000001 0.67935864 -7.4700391 0.42121758
60875 39761.247 1215.819 -3315.0950000000003 -6121.0418 0.13652297 -6.598203499999999 3.5792627
60875 40181.247 1152.5995 -5671.9707 -4068.0308 -0.43250420000000006 -4.4390555 6.0340134
60875 40601.247 864.44848 -6922.0311 -1218.9997 -0.91681204 -1.4153239000000002 7.3069489
60875 41021.247 407.74381 -6822.6197 1868.4146 -1.2218664000000001 1.8797021 7.1510785
60875 41441.247 -128.36104 -5395.6001 4591.5972 -1.2887819999999999 4.8019847 5.6022117
60875 41861.247 -639.5989599999999 -2921.0336 6421.2743 -1.1055777 6.786824800000001 2.967154
60875 42281.247 -1026.8565 119.83071000000001 7002.9209 -0.70804846 7.4549271 -0.24367799
60875 42701.247 -1214.8423 3137.2028999999998 6222.228099999999 -0.17201846 6.6757609 -3.4142441
60875 43121.247 -1166.2861 5543.4486 4227.0652 0.3999284 4.590076600000001 -5.9305159000000005
60875 43541.247 -889.60011 6864.728 1403.3333 0.89608352 1.5948617999999999 -7.2926579
60875 43961.247 -438.21004 6837.5504 -1696.5558999999998 1.2175509 -1.7231254 -7.2212179
60875 44381.247 99.392041 5464.9842 -4461.7192000000005 1.2996282000000001 -4.7031 -5.7256446
60875 44801.247 617.4832700000001 3018.0262000000002 -6347.6574 1.1264048 -6.7538534 -3.1059737000000003
60875 45221.247 1014.5642 -21.531852999999998 -6985.5576 0.73298917 -7.4767765 0.11723810000000001
60875 45641.247 1213.1579 -3056.6817 -6253.3742 0.19711899 -6.7364674 3.310542
60875 46061.247 1174.7897 -5494.8643 -4296.442400000001 -0.37670887 -4.6815023 5.852758700000001
60875 46481.247 907.1278100000001 -6860.5701 -1498.6278 -0.87665684 -1.7144032 7.2483390000000005
60875 46901.247 462.56182 -6888.4610999999995 1592.3227 -1.2051516999999998 1.5826284000000002 7.226060400000001
60875 47321.247 -72.08061599999999 -5575.5765 4372.799900000001 -1.2986294 4.5645144 5.7954743
60875 47741.247 -592.7650699999999 -3179.9707000000003 6302.2025 -1.1399698 6.654341500000001 3.2409925
60875 48161.247 -998.54363 -167.8617 7006.7570000000005 -0.76043171 7.4527548 0.058251703999999994
60875 48581.247 -1210.6115 2876.6018 6348.6236 -0.23245444 6.804995700000001 -3.1421390000000002
60875 49001.247 -1187.1008000000002 5360.9301 4451.9906 0.3430705 4.8269451 -5.7414692
60875 49421.247 -931.52873 6796.5740000000005 1683.095 0.85406904 1.8937389 -7.225013700000001
60875 49841.247 -493.10352 6897.6873 -1416.8794 1.1989074000000002 -1.421473 -7.289382400000001
60875 50261.247 42.339311 5641.7013 -4237.3062 1.3081561 -4.4590206 -5.9161044
60875 50681.247 569.5010699999999 3276.4143 -6222.605500000001 1.1602947 -6.6154273 -3.3804998
60875 51101.247 985.13089 267.96459000000004 -6985.0061 0.78542634 -7.4696619 -0.18747742
60875 51521.247 1207.9184 -2792.6071 -6376.7728 0.25798545 -6.8626566 3.0348092
60875 51941.247 1194.8145 -5307.9220000000005 -4519.909 -0.31926535 -4.916537 5.6599322
60875 52361.247 948.55775 -6787.4453 -1778.6311 -0.83386839 -2.0123061 7.176499
60875 52781.247 517.34367 -6943.4537 1310.5118 -1.1854069 1.2807103 7.289311
60875 53201.247 -14.595628000000001 -5747.728700000001 4144.090200000001 -1.3057056 4.3178044 5.9807834
60875 53621.247 -543.72078 -3435.4982000000005 6170.8707 -1.1724121 6.510464600000001 3.5116568000000004
60875 54041.247 -967.42118 -457.02377 6998.0014 -0.81193255 7.4390335 0.36172369
60875 54461.247 -1203.4388999999999 2609.9301 6463.9979 -0.29314762 6.9241273 -2.8641788000000004
60875 54881.247 -1205.3156999999999 5168.6810000000005 4669.1412 0.28485971 5.0567003999999995 -5.542917800000001
60875 55301.247 -971.6165 6716.598599999999 1959.6127 0.80983437 2.1899895000000003 -7.145521800000001
60875 55721.247 -547.22229 6946.0098 -1135.3124 1.1774489000000001 -1.1170642 -7.345332099999999
60875 56141.247 -15.184332000000001 5808.9367999999995 -4006.2453 1.3136719000000001 -4.206695 -6.0966057000000005
60875 56561.247 519.86322 3529.7039 -6087.6155 1.1916948 -6.4647413 -3.649774
60875 56981.247 953.16788 557.8741 -6973.2092 0.8364967799999999 -7.4492701 -0.4927463
60875 57401.247 1199.8645000000001 -2522.7724 -6490.3943 0.31888641 -6.9771089 2.7527492000000002
60875 57821.247 1212.3306000000002 -5111.0641 -4737.2352 -0.26043735 -5.143864300000001 5.4564509
60875 58241.247 988.2845 -6702.294 -2057.4797 -0.78870154 -2.3080112 7.0919914
60875 58661.247 571.5541400000001 -6986.7402 1024.5744 -1.1627496000000002 0.9751385800000001 7.3405689
60875 59081.247 43.534957000000006 -5910.7534000000005 3906.7933 -1.3100102 4.0627504 6.1571574
60875 59501.247 -492.98726 -3686.0704 6028.0837 -1.2027162 6.35538 3.777756
60875 59921.247 -933.89621 -746.1948000000001 6976.906900000001 -0.86221177 7.4132162 0.6655865599999999
60875 60341.247 -1193.5723 2338.3287 6568.2300000000005 -0.35368337000000005 7.032247900000001 -2.5809787
60875 60761.247 -1220.9922 4967.443700000001 4878.2402 0.22575442 5.278403 -5.3350581
60875 61181.247 -1009.7586 6625.1403 2232.5837 0.7636649 2.4826776 -7.0541216
60875 61601.247 -600.39069 6982.5070000000005 -852.09261 1.1532828 -0.81060835 -7.3888485
60875 62021.247 -72.93718799999999 5966.3888 -3768.6577 1.3163788 -3.9468277 -6.266758
60875 62441.247 468.88999 3777.3075 -5942.6067 1.2207204999999999 -6.3024308 -3.9130566
60875 62861.247 919.0218600000001 847.31295 -6949.782099999999 0.8861018800000001 -7.4158772 -0.79751032
60875 63281.247 1189.2554 -2248.0639 -6593.380400000001 0.37951211 -7.0795409000000005 2.4655213
60875 63701.247 1227.4422 -4904.9272 -4947.1142 -0.2006267 -5.3625940000000005 5.2432317
60875 64121.247 1026.2481 -6605.277400000001 -2333.5778999999998 -0.7415379000000001 -2.6001777 6.9952443
60875 64541.247 624.95401 -7017.8568 736.14246 -1.1376477999999999 0.66748583 7.3795177
60875 64961.247 101.90298 -6063.5638 3662.2367000000004 -1.3118195000000001 3.8006398 6.3235042
60875 65381.247 -441.02282 -3930.1806 5874.6161 -1.2308556000000002 6.1897807 4.0377997
60875 65801.247 -898.36905 -1033.7215 6943.589400000001 -0.91103545 7.3753034 0.96824652
60875 66221.247 -1181.2836000000002 2063.3134 6660.7948 -0.41370009 7.1287196999999995 -2.2939664
60875 66641.247 -1234.248 4758.3414 5078.231900000001 0.16610181000000002 5.490847 -5.1189353
60875 67061.247 -1045.9329 6522.7558 2500.6358999999998 0.7159019 2.7703946999999998 -6.9511884
60875 67481.247 -652.41765 7007.1228 -568.62301 1.1268335 -0.5036279 -7.4197058
60875 67901.247 -130.59568 6113.3738 -3525.705 1.316462 -3.6808171000000005 -6.4256509
60875 68321.247 416.93518 4018.0414 -5788.245900000001 1.2473303 -6.1294441 -4.168891400000001
60875 68741.247 882.98059 1134.7584 -6914.6008 0.93404923 -7.3699141 -1.1001656
60875 69161.247 1176.2618 -1970.0199 -6684.9015 0.4395073 -7.1695813 2.1748246
60875 69581.247 1240.1516000000001 -4690.7186 -5148.067400000001 -0.14026207 -5.571547300000001 5.021581100000001
60875 70001.247 1062.2836000000002 -6497.0 -2605.0591 -0.69270002 -2.8872036 6.8867775
60875 70421.247 677.31621 -7036.7087 447.13984999999997 -1.1100509 0.35943187 7.4058836
60875 70841.247 160.35995000000003 -6205.4316 3412.0633 -1.3108656 3.5327312 6.478815
60875 71261.247 -387.85546999999997 -4166.7218 5711.6053 -1.2565377000000002 6.014195 4.2904713
60875 71681.247 -860.75567 -1318.4184 6898.6410000000005 -0.95817784 7.3251713 1.2684727
60875 72101.247 -1166.4228 1785.9189 6741.8252999999995 -0.47312446999999996 7.2129871 -2.0040766000000003
60875 72521.247 -1244.9398999999999 4542.1255 5268.9351 0.10581841 5.6933083 -4.895114400000001
60875 72941.247 -1080.0236000000002 6409.8594 2763.3497 0.66645889 3.0523699000000004 -6.8371483
60875 73361.247 -703.24083 7019.8954 -285.45604 1.0979320000000001 -0.19711764 -7.4380668
60875 73781.247 -188.16301 6249.4937 -3277.9382 1.3137908 -3.4097345 -6.5730951
60875 74201.247 363.94375 4251.0655 -5624.8988 1.271405 -5.9467682 -4.416601399999999
60875 74621.247 844.92361 1418.9465 -6867.4825 0.9802744800000001 -7.312158900000001 -1.3998474
60875 75041.247 1160.7296999999999 -1690.0991000000001 -6764.3158 0.49877839 -7.2473453 1.8819215
60875 75461.247 1250.2637 -4469.7741 -5338.9351 -0.079440384 -5.7700353 4.7926076
60875 75881.247 1096.1584 -6378.3793 -2870.4216 -0.64226738 -3.1678619 6.7670313
60875 76301.247 728.3818100000001 -7043.7036 159.05748000000003 -1.0799973 0.052029576 7.4192317999999995
60875 76721.247 218.654 -6336.460400000001 3157.4817000000003 -1.3070658000000002 3.2593942000000005 6.6222668
60875 77141.247 -333.68187 -4395.7931 5539.9285 -1.2796045 5.8283095000000005 4.535103100000001
60875 77561.247 -821.1877 -1600.5972 6842.762 -1.0034971000000001 7.262203400000001 1.5661296
60875 77981.247 -1149.0772 1505.6021 6812.084400000001 -0.5318956100000001 7.284647700000001 -1.7109118
60875 78401.247 -1253.1467 4318.2035000000005 5451.3303 0.044894083 5.8859352 -4.6630702
60875 78821.247 -1112.1418 6286.0575 3021.885 0.61523372 3.3290754000000002 -6.7118202
60875 79241.247 -753.01931 7020.6628 -1.4732280000000002 1.0664801 0.10947548 -7.4443281
60875 79661.247 -245.82054000000002 6374.7267 -3024.5047000000004 1.3083519 -3.1335428000000003 -6.7098632
60875 80081.247 309.73841999999996 4476.2141 -5451.9789 1.2929939 -5.7550301 -4.656785299999999
60875 80501.247 804.79088 1700.0161 -6809.1045 1.0246700000000002 -7.242150700000001 -1.6965246999999999
60875 80921.247 1142.5819 -1407.9951 -6832.3723 0.5573534 -7.31254 1.5864489000000002
60875 81341.247 1257.7354 -4241.7489000000005 -5520.6503 -0.018035647999999998 -5.9581839 4.555865300000001
60875 81761.247 1127.8984 -6249.2023 -3130.7394 -0.5900389300000001 -3.4426140000000003 6.6358312999999995
60875 82181.247 778.27072 -7038.8395 -129.1509 -1.0472626 -0.25518328 7.4198758
60875 82601.247 276.97912 -6456.7515 2897.6488 -1.3002983 2.980618 6.7544408
60875 83021.247 -278.27953 -4617.3922999999995 5358.9682 -1.3000309 5.6326178 4.7721166
60875 83441.247 -779.43573 -1879.9855 6775.4169 -1.0469773 7.1871263 1.8611506
60875 83861.247 -1129.0092 1222.9097 6870.8899 -0.58998373 7.3441964 -1.4150789
60875 84281.247 -1258.6125 4087.21 5624.4277 -0.016622415 6.0686408 -4.4235866
60875 84701.247 -1142.0196 6151.8323 3275.0244 0.56224822 3.5999956 -6.5755683000000005
60875 85121.247 -801.48049 7009.657700000001 282.07124 1.0324623 0.41554225000000006 -7.438294
60875 85541.247 -303.33532 6489.125400000001 -2766.4666 1.2999644000000001 -2.8523927 -6.8353212
60875 85961.247 254.45289000000002 4693.6184 -5270.3139 1.3118198 -5.5537472 -4.8889987
60875 86381.247 762.54633 1977.9442 -6739.5097000000005 1.0670806 -7.1599794 -1.9902575
60876 401.247 1121.7206 -1123.7642 -6889.1283 0.61509892 -7.365227600000001 1.2883983
60876 821.247 1262.4243000000001 -4006.7144 -5693.2645999999995 0.043879724 -6.1359976 4.3113862
60876 1241.247 1157.3451000000002 -6109.5272 -3386.0511 -0.5360279299999999 -3.7113971 6.4931938
60876 1661.247 826.8230400000001 -7022.1467999999995 -417.53215000000006 -1.0118315 -0.56216657 7.4077604
60876 2081.247 335.19991999999996 -6566.349 2632.5002999999997 -1.2904554000000001 2.6963022999999997 6.8753055000000005
60876 2501.247 -221.7202 -4831.6224 5168.6639000000005 -1.3176272 5.4269446 5.0015754
60876 2921.247 -735.49053 -2156.766 6696.6116 -1.0884409000000002 7.0997593 2.1537886
60876 3341.247 -1106.1461000000002 937.60337 6918.3827 -0.64726273 7.391567200000001 -1.1161975
60876 3761.247 -1261.223 3848.9177999999997 5788.536400000001 -0.07866324000000001 6.2415573 -4.1762716
60876 4181.247 -1169.5338000000002 6007.0476 3523.246 0.5074934 3.8654292 -6.428146300000001
60876 4601.247 -848.52733 6986.8727 565.70733 0.99575384 0.72139874 -7.4199431
60876 5021.247 -360.67325 6592.8057 -2503.3382 1.2884795 -2.5660471 -6.9496865
60876 5441.247 198.07071 4903.4532 -5079.532700000001 1.3277919 -5.3428768 -5.1135505000000006
60876 5861.246999999999 718.16202 2253.0615000000003 -6658.7124 1.107397 -7.0654591 -2.281212
60876 6281.246999999999 1098.0789 -837.02708 -6934.6893 0.67194087 -7.4053677 0.98751716
60876 6701.246999999999 1264.2447 -3764.3074 -5856.9856 0.10629089000000001 -6.3035884 4.0589521
60876 7121.246999999999 1184.4129 -5959.0651 -3636.6345 -0.48022834000000003 -3.9744407 6.339023600000001
60876 7541.247 873.9519399999999 -6993.4281 -706.3684499999999 -0.97372424 -0.8690969199999999 7.3829317
60876 7961.247 393.20822 -6665.1151 2361.7772999999997 -1.2776187 2.406349 6.9849185
60876 8381.247 -164.15287 -5038.3855 4968.782200000001 -1.3325082 5.211198400000001 5.2235465
60876 8801.247 -689.5548299999999 -2430.8754 6606.1350999999995 -1.1280122 7.0000255 2.4440785000000003
60876 9221.247 -1080.7237 649.7119 6954.3665 -0.70375504 7.426673 -0.81422139
60876 9641.247 -1261.2002 3603.317 5943.4897 -0.1411522 6.4045837 -3.9210167
60876 10061.247 -1194.8878 5851.686 3766.523 0.45100394 4.125377 -6.2691889000000005
60876 10481.247 -894.35239 6952.3566 849.58069 0.9563933600000001 1.0273722 -7.3888620000000005
60876 10901.247 -417.99531 6686.0175 -2234.8332 1.274012 -2.2739011999999996 -7.0527376
60876 11321.247 140.49754000000001 5106.2603 -4879.34 1.3410986 -5.121705100000001 -5.3305342
60876 11741.247 671.62642 2526.0555 -6566.393400000001 1.1458633 -6.958209300000001 -2.5698155000000003
60876 12161.247 1071.7441999999999 -547.00291 -6968.9435 0.7280973000000001 -7.432901300000001 0.68328078
60876 12581.247 1263.3604 -3513.7866000000004 -6011.9079 0.16933325999999999 -6.461191 3.7981361000000002
60876 13001.247 1209.3009 -5797.2041 -3882.7069 -0.42259521 -4.232075 6.1731745
60876 13421.247 919.8754100000001 -6952.1949 -995.88384 -0.93288673 -1.1761943000000001 7.3454985
60876 13841.247 451.24369 -6752.5748 2085.3247 -1.2617608 2.110927 7.0834868
60876 14261.247 -105.34828 -5237.0533 4759.202700000001 -1.3447474 4.9858917 5.4379304
60876 14681.247 -641.43987 -2701.4542 6503.7217 -1.1658001 6.888444499999999 2.7314228
60876 15101.247 -1052.6009 360.25093 6978.2394 -0.75957416 7.4496882 -0.51012289
60876 15521.247 -1258.4417 3351.3696 6088.241900000001 -0.20414931000000003 6.5573137 -3.6588729
60876 15941.247 -1218.0632 5686.4218 4004.0954 0.39274054999999997 4.3793069 -6.0984944
60876 16361.247 -938.93124 6906.588400000001 1133.1341000000002 0.91440407 1.3331887 -7.344261
60876 16781.247 -475.28269 6769.2796 -1961.1287 1.2565092 -1.9754707 -7.143565300000001
60876 17201.247 81.71336500000001 5302.8916 -4669.5945 1.3516172 -4.8891263 -5.5395116
60876 17621.247 622.86897 2798.1417 -6462.2976 1.1824067 -6.837182 -2.8565618
60876 18041.247 1042.6352 -252.13151000000002 -6991.981 0.78359113 -7.447306800000001 0.37460849
60876 18461.247 1259.7153 -3253.5357000000004 -6158.6112 0.23309708 -6.6090628 3.5277822999999997
60876 18881.247 1231.9963 -5622.5801 -4125.2689 -0.36303726000000003 -4.4852039999999995 5.9948539
60876 19301.247 964.58358 -6897.545 -1287.2901000000002 -0.8894118200000001 -1.4846837000000002 7.2952557
60876 19721.247 509.23938000000004 -6828.3796 1801.9692 -1.2430201 1.8087259 7.171388100000001
60876 20141.247 -45.402345000000004 -5427.782099999999 4539.027099999999 -1.3543314 4.7499912 5.6456295
60876 20561.247 -591.20269 -2969.012 6388.920400000001 -1.201649 6.7643642 3.0170171999999997
60876 20981.247 -1021.7636 68.513037 6990.0981 -0.81456 7.4603286 -0.20248948
60876 21401.247 -1252.881 3092.3505 6223.5072 -0.26758485000000004 6.700018 -3.3882971
60876 21821.247 -1240.0289 5512.5701 4243.015 0.33199701 4.626291 -5.9091475
60876 22241.247 -983.7095400000001 6851.683400000001 1426.3655 0.86844476 1.6434657 -7.280248800000001
60876 22661.247 -534.50148 6847.4118 -1670.6856 1.2349588000000002 -1.6631572000000001 -7.2212134
60876 23081.247 19.533733 5501.295 -4439.9868 1.3591045 -4.6410427 -5.7432532
60876 23501.247 569.92205 3076.8385 -6337.9168 1.2175945 -6.7048683 -3.1451677
60876 23921.247 1009.047 52.946559 -6996.1965 0.83890537 -7.4557393 0.061863821
60876 24341.247 1251.5993999999998 -2981.2804 -6287.8255 0.29694532 -6.7535793 3.2554612
60876 24761.247 1250.2025 -5434.249400000001 -4350.703 -0.30364251000000003 -4.7330833000000005 5.8162538999999995
60876 25181.247 1004.7437 -6826.205900000001 -1562.0917 -0.8459388 -1.7842662 7.2419554
60876 25601.247 562.89446 -6883.554 1532.3811 -1.223179 1.5143579 7.2494014
60876 26021.247 10.474219 -5590.2317 4326.1454 -1.3621844 4.5178323 5.841269100000001
60876 26441.247 -543.91288 -3208.4438 6274.7813 -1.2341091 6.6337822 3.2862626
60876 26861.247 -992.2891500000001 -200.60754 6996.597900000001 -0.8657234600000001 7.4516147 0.09473883300000001
60876 27281.247 -1247.3942 2846.3658 6352.0666 -0.32893743000000003 6.8175171 -3.1130016
60876 27701.247 -1259.4665 5338.695900000001 4466.8867 0.27254500000000004 4.853631 -5.7155342000000005
60876 28121.247 -1025.7992 6789.3063 1708.0641 0.8218287900000001 1.938622 -7.2034587000000005
60876 28541.247 -591.5807 6912.9439 -1385.7494 1.2108897 -1.3561737 -7.2819593000000005
60876 28961.247 -41.204896999999995 5681.0243 -4208.1052 1.3641135 -4.3888054 -5.9370161
60876 29381.247 517.25264 3339.8160000000003 -6206.841200000001 1.2499833 -6.561654300000001 -3.4252725
60876 29801.247 974.62563 348.32097999999996 -6991.3135 0.8919501900000001 -7.4470255 -0.24897634
60876 30221.247 1242.0294 -2711.1072000000004 -6409.371 0.36029115 -6.8802208 2.9741311
60876 30641.247 1267.2658999999999 -5241.778200000001 -4574.4793 -0.24225427 -4.970320399999999 5.6187629
60876 31061.247 1045.0542 -6748.8113 -1844.1155 -0.79844601 -2.0860629 7.1666748
60876 31481.247 618.52176 -6936.32 1247.657 -1.1988975000000002 1.20805 7.3106214000000005
60876 31901.247 71.06996099999999 -5767.9947999999995 4094.9644 -1.3647493 4.2625694 6.022752400000001
60876 32321.247 -490.31169 -3473.7961 6141.2002 -1.2642202 6.4803617000000004 3.560128
60876 32741.247 -956.2221800000001 -502.7623 6988.1385 -0.9177167500000001 7.4330905000000005 0.4063934
60876 33161.247 -1236.0015 2566.1142999999997 6471.3063 -0.39240467 6.9385677 -2.8272531
60876 33581.247 -1274.8944 5134.719599999999 4690.196 0.21052789000000002 5.0892283 -5.5143314000000005
60876 34001.247 -1065.3605 6703.8180999999995 1991.9848000000002 0.77264224 2.2430477 -7.121456500000001
60876 34421.247 -647.33618 6959.603 -1095.9056 1.1848529 -1.0452333 -7.3376906
60876 34841.247 -102.33693 5849.8082 -3967.8596000000002 1.3662067 -4.1285061999999995 -6.1217305
60876 35261.247 461.92286 3594.6783 -6055.5641 1.2821709000000001 -6.4092693 -3.7139118
60876 35681.247 937.5555600000001 638.7859100000001 -6969.4413 0.9450710299999999 -7.4298453 -0.5672257700000001
60876 36101.247 1229.955 -2441.8968999999997 -6517.6321 0.42438757 -6.9968615000000005 2.6818171000000004
60876 36521.247 1282.4701000000002 -5046.412200000001 -4791.1589 -0.17837633 -5.2003428000000005 5.4024776
60876 36941.247 1085.0395 -6667.463900000001 -2128.4382 -0.74615923 -2.3912626 7.0664024
60876 37361.247 676.2261 -6989.7334 950.0435 -1.1682567 0.88137805 7.349667900000001
60876 37781.247 135.80082000000002 -5951.934200000001 3843.331 -1.3625997 3.9778743 6.1999203
60876 38201.247 -431.04722 -3757.8397999999997 5988.2433 -1.2921376 6.297212000000001 3.8454428
60876 38621.247 -914.27524 -834.58401 6968.2703 -0.97094884 7.3935474999999995 0.7438144600000001
60876 39041.247 -1219.959 2250.5132000000003 6591.794 -0.46036465 7.0544818 -2.5085765
60876 39461.247 -1288.026 4896.974099999999 4928.3565 0.14214867 5.3369169 -5.283120200000001
60876 39881.247 -1104.0868 6584.8318 2298.5804 0.71957051 2.5649446 -7.0319537
60876 40301.247 -703.26088 6978.921 -783.7131400000001 1.157356 -0.72087974 -7.3996345
60876 40721.247 -163.99454 5999.0805 -3711.2651 1.3675694 -3.8664609999999997 -6.307326
60876 41141.247 407.56284000000005 3839.1709 -5907.1162 1.3087339999999998 -6.2459255 -3.9752937000000004
60876 41561.247 899.32916 925.78672 -6941.9543 0.9937855600000001 -7.3944405 -0.870158
60876 41981.247 1215.2349 -2168.5295 -6615.8159000000005 0.48575271 -7.0960701 2.3962141999999997
60876 42401.247 1294.1126000000002 -4840.0010999999995 -4995.762900000001 -0.11627185000000001 -5.4146874 5.1897047
60876 42821.247 1120.7875000000001 -6568.2444000000005 -2399.4879 -0.69537985 -2.6788725 6.9680415
60876 43241.247 729.11603 -7016.954 665.5206400000001 -1.1387665999999999 0.57695972 7.3848419000000005
60876 43661.247 195.51536 -6100.0487 3600.7855 -1.3601259 3.7161688 6.3612639
60876 44081.247 -376.12807000000004 -3997.7707000000005 5834.7402 -1.3170438 6.128795500000001 4.1010584
60876 44501.247 -874.7939 -1119.6344 6933.4732 -1.0183552 7.3506079 1.0442199
60876 44921.247 -1203.5879 1975.7141000000001 6682.4965999999995 -0.52121954 7.1455268 -2.2211606
60876 45341.247 -1298.0108 4686.0106 5127.1175 0.079546605 5.5451741000000005 -5.064572
60876 45761.247 -1138.5503999999999 6479.2633 2566.6304 0.66749151 2.8504544000000003 -6.9258757
60876 46181.247 -755.51469 6999.8146 -498.97977000000003 1.1261694 -0.41434848 -7.427725499999999
60876 46601.247 -223.77043 6142.398 -3466.0404 1.3635448 -3.5998667 -6.4641518
60876 47021.247 352.03313 4076.5998 -5749.6915 1.3326046 -6.0717919 -4.2293946
60876 47441.247 858.9414300000001 1210.8818999999999 -6903.4012 1.0407088000000002 -7.3460085 -1.1714187
60876 47861.247 1197.8595 -1891.5975 -6703.4858 0.54660232 -7.1827258 2.1063418
60876 48281.247 1303.1763 -4625.3321 -5192.7528 -0.053295945000000004 -5.6196402 4.9676478
60876 48701.247 1154.584 -6457.8605 -2667.5351 -0.64253873 -2.9622764000000004 6.8574323999999995
60876 49121.247 781.10256 -7032.4804 378.71782 -1.1064359 0.27088437 7.4075847
60876 49541.247 255.58274 -6238.2842 3351.1496 -1.3546058 3.4476646 6.512492900000001
60876 49961.247 -319.63553 -4231.4937 5670.7097 -1.3392865999999999 5.9500158 4.3506385000000005
60876 50381.247 -832.8006899999999 -1403.2263 6886.6252 -1.0640249 7.295755600000001 1.3434622999999999
60876 50801.247 -1184.2231000000002 1697.3918 6761.7029 -0.58155009 7.2250895 -1.9299749
60876 51221.247 -1305.064 4467.1413 5316.9219 0.0161209 5.7443252000000005 -4.837824800000001
60876 51641.247 -1170.6951000000001 6362.804400000001 2829.882 0.61336556 3.1310822 -6.8084225
60876 52061.247 -806.49477 7008.8949 -213.95013 1.0921411 -0.10721196999999999 -7.4433493
60876 52481.247 -283.54368 6275.3435 -3215.4968 1.3563949 -3.3270989 -6.6099563
60876 52901.247 295.23288 4307.2492 -5583.0427 1.3536498 -5.887002900000001 -4.4763155
60876 53321.247 816.25407 1494.1832 -6853.580400000001 1.0857225000000001 -7.2847934 -1.4709197999999999
60876 53741.247 1177.6465 -1611.0834 -6780.362400000001 0.606844 -7.2570022 1.8124882
60876 54161.247 1309.4432 -4402.418 -5381.696599999999 0.010469237 -5.8151508000000005 4.7367267
60876 54581.247 1186.1771 -6336.229200000001 -2931.974 -0.58770993 -3.2410636 6.7349175
60876 55001.247 831.90986 -7036.017900000001 90.309344 -1.071296 -0.036319321 7.4178715
60876 55421.247 315.72585 -6366.1586 3095.0185 -1.3460329 3.1726792 6.6532752
60876 55841.247 -261.85832 -4458.4633 5496.5752 -1.3589225 5.7608595 4.5937289
60876 56261.247 -788.59918 -1684.8895 6827.973599999999 -1.1079566 7.228662000000001 1.6412093
60876 56681.247 -1162.1506000000002 1415.8479 6829.5857000000005 -0.64127311 7.292741100000001 -1.6350292
60876 57101.247 -1309.4108 4240.5104 5498.0072 -0.047915157 5.9341216999999995 -4.6025841000000005
60876 57521.247 -1200.6192 6235.5423 3088.6784 0.55754201 3.4068460000000003 -6.679316300000001
60876 57941.247 -856.16213 7006.253900000001 71.80579300000001 1.0555254 0.20051347000000003 -7.4463589
60876 58361.247 -343.21271 6398.0172 -2959.1732 1.3461875 -3.0480970000000003 -6.7447697
60876 58781.247 237.27686 4531.2253 -5406.7656 1.3718671999999998 -5.6916279 -4.7162243
60876 59201.247 771.37454 1775.7551 -6792.2046 1.1287472 -7.2109157999999995 -1.768723
60876 59621.247 1154.6526999999999 -1326.9704 -6846.1595 0.6663189899999999 -7.3189907000000005 1.5147088000000002
60876 60041.247 1312.8932 -4171.2584 -5562.268599999999 0.07482823000000001 -6.0011968 4.4970635
60876 60461.247 1215.4656000000002 -6203.3062 -3192.4231 -0.53108895 -3.5150343 6.6006262
60876 60881.247 881.3508 -7027.4018 -199.31001 -1.0335586 -0.34434840000000005 7.4156097
60876 61301.247 375.66625 -6483.3943 2832.7162000000003 -1.3346059000000001 2.8914760999999998 6.7833703
60876 61721.247 -203.11869000000002 -4678.2885 5312.5145 -1.3759435000000002 5.5615568 4.8298784999999995
60876 62141.247 -742.46876 -1964.1724 6757.4881 -1.1499674 7.1493803 1.9369436000000002
60876 62561.247 -1137.5472 1131.5207 6885.898 -0.7000867 7.348366200000001 -1.3368364
60876 62981.247 -1311.0806000000002 4006.4705 5669.9051 -0.11217289 6.1142199 -4.3594135
60876 63401.247 -1228.2098999999998 6097.6133 3342.3602 0.5002971 3.6770239 -6.5389691
60876 63821.247 -904.3165600000001 6991.7069 357.52904 1.0165062 0.50808045 -7.4368106
60876 64241.247 -402.47876 6509.897 -2697.7808 1.3331886 -2.7637370999999997 -6.8682482
60876 64661.247 178.55816000000002 4747.6588 -5221.3153 1.3874148 -5.4863821 -4.9482703
60876 65081.247 724.72111 2054.5168 -6719.3150000000005 1.1697328 -7.124652 -2.0637041
60876 65501.247 1129.2313000000001 -1040.3443 -6900.431500000001 0.72477323 -7.3684305000000005 1.2141523
60876 65921.247 1313.7436 -3932.7174 -5733.586700000001 0.13940956000000002 -6.1770009 4.2495403
60876 66341.247 1242.5131999999999 -6059.558599999999 -3447.7293 -0.47301073000000005 -3.7831291 6.4549635
60876 66761.247 929.3608 -7006.6140000000005 -488.89353000000006 -0.9935109599999999 -0.65190261 7.400799
60876 67181.247 435.236 -6589.3946 2565.3436 -1.3205124000000001 2.6053993 6.9020942
60876 67601.247 -143.63472000000002 -4889.8914 5119.246400000001 -1.3904011 5.3530473 5.057994300000001
60876 68021.247 -694.61875 -2239.6978 6675.363200000001 -1.1899691000000001 7.0583745 2.2292788999999997
60876 68441.247 -1110.5619 845.8576899999999 6930.2182 -0.75779962 7.3918194 -1.0369082
60876 68861.247 -1310.136 3766.2625000000003 5831.577200000001 -0.17644672 6.2837836 -4.1096786000000005
60876 69281.247 -1253.4413000000002 5949.795 3589.4373 0.44187557 3.9403102 -6.3881421000000005
60876 69701.247 -950.80241 6965.419400000001 641.54912 0.97542607 0.8138863900000001 -7.4147899
60876 70121.247 -461.07808 6610.4878 -2432.8497 1.3175477000000002 -2.4754521 -6.9796738
60876 70541.247 119.3647 4955.5554 -5027.8027 1.4002611 -5.2721724000000005 -5.1712126
60876 70961.247 676.5409599999999 2329.1748 -6635.4267 1.2085166999999999 -7.026289 -2.3544234000000004
60876 71381.247 1101.5435 -752.4799399999999 -6943.0985 0.78196822 -7.404957500000001 0.91216239
60876 71801.247 1312.0493999999999 -3687.804 -5895.0770999999995 0.20395189 -6.3416958999999995 3.9951278
60876 72221.247 1267.2640000000001 -5905.5701 -3697.0226000000002 -0.41373292 -4.0442414 6.2983475
60876 72641.247 975.80462 -6973.7910999999995 -777.51798 -0.95123493 -0.9580260700000001 7.3733214
60876 73061.247 494.32022 -6683.960400000001 2293.7131 -1.3035937 2.3150918000000003 7.0090596
60876 73481.247 -83.43387600000001 -5092.8662 4917.3792 -1.4020615 5.135657699999999 5.2775226
60876 73901.247 -644.98428 -2510.9900000000002 6581.979700000001 -1.2277684 6.955671300000001 2.5177069000000003
60876 74321.247 -1081.0651 559.30234 6962.7379 -0.8143073900000001 7.422939 -0.7356291300000001
60876 74741.247 -1306.4316000000001 3520.239 5983.0857000000005 -0.24076223 6.4425818 -3.8536080000000004
60876 75161.247 -1276.185 5792.3305 3829.8562 0.38219115 4.1965034999999995 -6.2270675
60876 75581.247 -995.55453 6927.5088 923.71034 0.9320584900000001 1.1175503000000002 -7.380504200000001
60876 76001.247 -519.05137 6699.7223 -2164.6064 1.2990151 -2.1837488 -7.0791558000000006
60876 76421.247 59.560763 5154.6147 -4826.4479 1.4102091 -5.0495664 -5.384897700000001
60876 76841.247 626.63229 2599.244 -6540.6664 1.2449799000000001 -6.9162308999999995 -2.6405030000000003
60876 77261.247 1071.3522 -463.98039 -6974.0825 0.83785609 -7.428709700000001 0.6093146
60876 77681.247 1307.5677 -3437.1059 -6046.4124 0.268474 -6.4950698000000004 3.7344019
60876 78101.247 1289.4986000000001 -5741.7728 -3939.7673 -0.3531594 -4.2978564 6.1311675
60876 78521.247 1020.5141 -6929.1049 -1064.5486 -0.90659841 -1.2620361 7.3332303
60876 78941.247 552.79651 -6767.0021 2018.4082 -1.2837684999999999 2.0210805 7.1039925
60876 79361.247 -22.609507 -5286.9579 4707.3461 -1.4108635999999999 4.909654000000001 5.4880531
60876 79781.247 -593.6334 -2777.7282000000005 6477.5918 -1.2632994000000002 6.8413267 2.8018046
60876 80201.247 -1049.0952 272.16669 6983.5481 -0.86953937 7.4416403 -0.43334721000000004
60876 80621.247 -1299.9759 3268.6563 6124.3961 -0.30505186 6.590452900000001 -3.59145
60876 81041.247 -1296.4391 5625.4082 4063.529 0.32123068 4.4454208 -6.0558363
60876 81461.247 -1038.5862 6878.1027 1203.9080000000001 0.88636508 1.4189958 -7.3339417000000005
60876 81881.247 -576.41797 6777.7123 -1893.1465 1.2775854 -1.8886406 -7.1666623000000005
60876 82301.247 -0.88703751 5344.9513 -4617.3334 1.4171987 -4.8185362 -5.5893208
60876 82721.247 574.9354300000001 2864.8577 -6435.142900000001 1.2790532000000001 -6.7944169 -2.9219903
60876 83141.247 1038.5756 -174.69251000000003 -6993.5253 0.89240443 -7.4396632 0.30550525
60876 83561.247 1300.2106 -3180.4755 -6187.7786 0.33297737 -6.6371747999999995 3.4672701000000004
60876 83981.247 1309.1341000000002 -5568.049599999999 -4176.1759 -0.29127014 -4.5440572 5.9533866
60876 84401.247 1063.4226 -6872.4873 -1350.2102 -0.8595375199999999 -1.5640930000000002 7.2805265
60876 84821.247 610.64128 -6838.5172999999995 1739.2298 -1.2608931 1.7232443000000002 7.1870035
60876 85241.247 38.884542 -5472.1962 4489.0041 -1.4166314 4.6750025 5.689731300000001
60876 85661.247 -540.4457 -3039.945 6362.1201 -1.2963919000000002 6.7153549 3.0817311
60876 86081.247 -1014.4747 -15.564196 6992.6353 -0.9234002000000001 7.447988400000001 -0.12991752
60877 101.247 -1290.5658 3011.5295 6255.547500000001 -0.36928782000000004 6.7274833 -3.3230929000000002
60877 521.247 -1314.0205 5449.1054 4290.6666 0.25894364000000003 4.687246600000001 -5.874134
60877 941.247 -1079.7383 6817.379 1482.4693 0.8382633899999999 1.7185103 -7.2748631
60877 1361.247 -633.07978 6844.7780999999995 -1618.0641 1.2530539 -1.5897166 -7.24207
60877 1781.247 -61.97204 5527.0885 -4400.0557 1.421021 -4.5785447999999995 -5.784690899999999
60877 2201.247 521.37893 3126.7543 -6318.6418 1.3105587 -6.6604147000000005 -3.1994267
60877 2621.247 1003.0799000000001 116.24214 -7001.4898 0.94549748 -7.4377033 -6.211900000000001e-06
60877 3041.247 1289.8136000000002 -2917.0877 -6319.549400000001 0.39743556 -6.7682813 3.1930357
60877 3461.247 1326.0167 -5383.7547 -4406.8657 -0.22799138 -4.7834025 5.7645726
60877 3881.247 1104.414 -6803.5500999999995 -1635.2215 -0.80996226 -1.8648181 7.2151475000000005
60877 4301.247 667.77202 -6898.3743 1455.4885 -1.2349035 1.4210133 7.2583022
60877 4721.247 100.99256 -5648.657700000001 4261.7995 -1.4192939 4.4312937 5.8829798
60877 5141.247 -485.44809000000004 -3297.8544 6235.2195 -1.3269924000000002 6.5775154 3.358042
60877 5561.247 -977.21455 -304.16793 6989.896 -0.9758582400000001 7.4419141 0.17524763
60877 5981.246999999999 -1278.1972 2748.5848 6376.683599999999 -0.43344213000000004 6.8537826 -3.0479344000000004
60877 6401.246999999999 -1329.0532 5263.2275 4512.523099999999 0.19510357 4.9224346 -5.6804166
60877 6821.246999999999 -1119.276 6745.5085 1761.2513999999999 0.7873186200000001 2.0174155000000003 -7.2019926
60877 7241.247 -689.49371 6901.822099999999 -1337.1375 1.2249855 -1.2849036 -7.3050286
60877 7661.247 -124.29388 5702.8249000000005 -4172.5117 1.4214585 -4.3275369 -5.971916
60877 8081.247 465.3411 3387.4863 -6189.7132 1.3395887 -6.5129219 -3.4746768
60877 8501.247 964.3390300000001 411.66644 -6997.4088 0.99747836 -7.422791 -0.30941375
60877 8921.247 1276.0242 -2644.3394 -6441.9980000000005 0.46230678000000003 -6.8894955 2.9100076
60877 9341.247 1339.9772 -5186.8918 -4632.6218 -0.16294441 -5.0175597 5.5640234
60877 9761.247 1143.4384 -6720.9795 -1920.4466000000002 -0.7576878400000001 -2.1656637 7.137357
60877 10181.247 724.17083 -6945.7195 1166.5358 -1.2058362999999999 1.1136215 7.3186015
60877 10601.247 163.64011 -5815.6855000000005 4025.3674 -1.4190664 4.1782828 6.0683669
60877 11021.247 -428.82315000000006 -3550.8568999999998 6096.6925 -1.3553721 6.4277127 3.6309606
60877 11441.247 -937.5947199999999 -593.1171800000001 6975.1901 -1.0270894000000002 7.423134600000001 0.48226113
60877 11861.247 -1263.1986000000002 2480.193 6487.7424 -0.49758571 6.9689301 -2.7656017000000004
60877 12281.247 -1343.5564 5071.6832 4737.5388 0.12974305000000003 5.1435994 -5.467765000000001
60877 12701.247 -1160.5658999999998 6670.0503 2055.2307 0.7320750100000001 2.3137480999999998 -7.1017401
60877 13121.247 -750.0581500000001 6959.585599999999 -1030.1909 1.191227 -0.96373826 -7.3475491
60877 13541.247 -192.85495 5887.9501 -3913.7701 1.4180294 -4.0541011 -6.1552239
60877 13961.247 402.05122 3666.1922999999997 -6031.0249 1.3678588999999999 -6.3496116 -3.7596918
60877 14381.247 918.5715200000001 729.10329 -6968.7012 1.0509956999999999 -7.404501100000001 -0.6314240099999999
60877 14801.247 1255.9833 -2350.1316 -6543.8573 0.5289807200000001 -7.0151968 2.6213846
60877 15221.247 1348.3020000000001 -4970.872200000001 -4838.469 -0.097396911 -5.253650400000001 5.3660554000000005
60877 15641.247 1177.0112 -6618.787200000001 -2185.3864 -0.7057739000000001 -2.4605155 7.0620745
60877 16061.247 775.02023 -6969.7238 897.56432 -1.176603 0.8172563199999999 7.3735425
60877 16481.247 221.19343 -5955.2817000000005 3804.3209 -1.4167172000000001 3.9320488 6.2376147
60877 16901.247 -376.53813 -3769.3547000000003 5963.4322999999995 -1.3804117000000002 6.2784657 3.8823492
60877 17321.247 -900.57748 -850.6187900000001 6956.6873 -1.0736257 7.3888097 0.7696698900000001
60877 17741.247 -1248.9649 2234.1268 6589.4166 -0.5579264500000001 7.0569592000000005 -2.489082
60877 18161.247 -1353.8839 4883.298900000001 4934.2842 0.066656088 5.348896300000001 -5.2618071
60877 18581.247 -1194.6988999999999 6579.7579000000005 2314.1639 0.6788919 2.5949962 -7.0076965
60877 19001.247 -802.24478 6991.445 -758.99355 1.1588698 -0.6670893600000001 -7.3825237
60877 19421.247 -253.10984 6037.9218 -3683.7549 1.412424 -3.7963078 -6.313131500000001
60877 19841.247 345.39415 3907.2627 -5888.541 1.3903911 -6.1808145 -4.0122406
60877 20261.247 876.7118100000001 1015.9448000000001 -6944.2321 1.0978702 -7.3594894 -0.9317867599999999
60877 20681.247 1237.4892 -2072.9646000000002 -6645.4711 0.5915676 -7.106136900000001 2.3316448999999997
60877 21101.247 1357.1797 -4757.7272 -5048.768099999999 -0.031352158 -5.465849599999999 5.1466988
60877 21521.247 1213.4427 -6522.1283 -2466.6311 -0.6494019200000001 -2.745667 6.951237600000001
60877 21941.247 831.14464 -7000.479700000001 598.28634 -1.1410034 0.50583536 7.4015852
60877 22361.247 286.37713 -6110.4796 3546.0309 -1.4100028 3.6618979 6.4012438000000005
60877 22781.247 -314.40063000000004 -4025.5736 5798.6012 -1.4032916 6.100954600000001 4.1466945
60877 23201.247 -853.76748 -1153.8926999999999 6915.076400000001 -1.1224539 7.3464184 1.0814366
60877 23621.247 -1226.3356 1943.2096999999999 6676.9986 -0.6221686999999999 7.156548 -2.1963598
60877 24041.247 -1359.3203 4661.0381 5130.7778 0.0007573638 5.5644405 -5.0476026
60877 24461.247 -1225.8865 6464.7798 2576.915 0.6242679000000001 2.8810133 -6.9113131999999995
60877 24881.247 -852.13048 7001.2398 -483.3747 1.1258228 -0.36877473 -7.417955500000001
60877 25301.247 -311.35418 6165.8637 -3448.958 1.4062663 -3.5418296000000002 -6.4680823
60877 25721.247 290.46268 4124.0048 -5738.6899 1.4115197000000002 -6.014792000000001 -4.2555686999999995
60877 26141.247 835.6744 1278.7979 -6907.424 1.1418894 -7.3090177999999995 -1.2188704000000001
60877 26561.247 1218.4504 -1815.1766000000002 -6729.738200000001 0.6507824000000001 -7.1807868 2.0507202
60877 26981.247 1364.4361999999999 -4556.2799 -5240.760200000001 0.032713215 -5.6558714000000005 4.9229408999999995
60877 27401.247 1244.8134 -6410.2244 -2729.0556 -0.59317563 -3.0250054 6.8396439
60877 27821.247 882.14757 -7012.2223 316.51862 -1.104809 0.20303714 7.4220463
60877 28241.247 347.07221000000004 -6243.9483 3300.1699 -1.4008014000000002 3.3946068 6.5489077
60877 28661.247 -255.9073 -4254.5585 5636.800200000001 -1.4227953 5.9208829 4.392742
60877 29081.247 -808.91705 -1433.7366000000002 6869.1966 -1.1668710000000002 7.2883477999999995 1.3784011
60877 29501.247 -1203.9674 1667.0918000000001 6756.6591 -0.68302491 7.2322036 -1.9056186000000002
60877 29921.247 -1363.6926 4442.1331 5320.059 -0.06500159700000001 5.7619545 -4.8202022
60877 30341.247 -1256.5647 6347.6401 2840.0553 0.56684667 3.1600761000000004 -6.7929504
60877 30761.247 -903.14927 7009.0386 -197.99485 1.0880106 -0.062851132 -7.4322099
60877 31181.247 -372.7405 6297.2147 -3197.3851 1.3955347999999999 -3.2692888 -6.612074400000001
60877 31601.247 230.66968 4353.7089000000005 -5570.3764 1.4298047999999999 -5.8285909 -4.5004671
60877 32021.247 789.13615 1561.8351000000002 -6855.1125 1.185672 -7.2454157 -1.5172012
60877 32441.247 1194.2367 -1533.788 -6803.848599999999 0.71155712 -7.2521394 1.7569997000000002
60877 32861.247 1367.2937 -4331.2833 -5427.1004 0.098716941 -5.8486699 4.6911641
60877 33281.247 1274.2164 -6285.5093 -2991.3924 -0.53489504 -3.301815 6.715681200000001
60877 33701.247 932.31663 -7011.9806 29.608946 -1.0657733 -0.10324782 7.4307210999999995
60877 34121.247 408.16565 -6367.8507 3044.8677000000002 -1.3886748 3.119662 6.688097300000001
60877 34541.247 -195.86751999999998 -4477.7195 5462.8415 -1.4398252 5.730933200000001 4.6343061
60877 34961.247 -761.63773 -1712.1096000000002 6810.1195 -1.2095904000000002 7.2196348 1.6748423000000001
60877 35381.247 -1178.646 1387.9966000000002 6823.683 -0.74312791 7.297512 -1.6115808999999999
60877 35801.247 -1365.3288 4216.8285000000005 5500.4182 -0.13093489 5.948705100000001 -4.5850901
60877 36221.247 -1284.8865 6220.4629 3098.4121 0.50783163 3.4329207999999998 -6.6629913
60877 36641.247 -952.7137 7005.4073 87.839194 1.04758 0.24274092 -7.4336156
60877 37061.247 -433.89714000000004 6418.223 -2940.2059 1.3816884 -2.9914074999999998 -6.744738900000001
60877 37481.247 169.84905 4575.893400000001 -5392.2972 1.445241 -5.6330512 -4.7379619
60877 37901.247 740.50653 1841.8183000000001 -6790.8642 1.2273101 -7.1702088999999996 -1.8127246000000001
60877 38321.247 1167.2425 -1250.4506000000001 -6865.8925 0.77123852 -7.3116106 1.461078
60877 38741.247 1367.1676000000002 -4099.6439 -5603.3162999999995 0.16486862 -6.031342700000001 4.4524395000000005
60877 39161.247 1300.9694 -6150.611900000001 -3247.3432000000003 -0.47518346000000006 -3.5721961 6.5811143
60877 39581.247 980.6193000000001 -6999.6054 -255.75686 -1.0243164 -0.40825628 7.4273035
60877 40001.247 468.53902000000005 -6480.2375 2786.0574 -1.3735993000000002 2.8405247 6.8157387
60877 40421.247 -135.29421 -4692.1902 5281.0666 -1.4539334 5.531929 4.8672625
60877 40841.247 -712.6996800000001 -1986.3690000000001 6740.5745 -1.2499779000000002 7.1386686 1.9675156999999999
60877 41261.247 -1150.8912 1107.5982 6879.8377 -0.80199636 7.3499264 -1.3154591
60877 41681.247 -1364.2533 3985.1548 5671.670099999999 -0.19698919 6.124790600000001 -4.3426245
60877 42101.247 -1310.8219 6083.2502 3351.5946000000004 0.44737869 3.6993436 -6.5218417
60877 42521.247 -1000.7361999999999 6990.196400000001 373.60940999999997 1.004639 0.5475270600000001 -7.4223279
60877 42941.247 -494.69321 6528.5347 -2677.9271000000003 1.3648364 -2.7086392999999997 -6.865941100000001
60877 43361.247 108.15842 4790.1774000000005 -5204.930200000001 1.457829 -5.428246000000001 -4.9676966
60877 43781.247 689.92896 2118.3916 -6715.0247 1.2667456 -7.0832252 -2.105195
60877 44201.247 1137.5859 -965.42233 -6916.1588 0.8297723300000001 -7.3589440999999995 1.1629738
60877 44621.247 1364.1584 -3861.5298 -5769.727400000001 0.23113915000000002 -6.2037329 4.2066253
60877 45041.247 1325.1693 -6005.6795 -3497.3126 -0.41403099 -3.8362081 6.435702900000001
60877 45461.247 1027.1875 -6975.3793 -540.1529300000001 -0.9803091100000001 -0.71268561 7.4116553000000005
60877 45881.247 528.38163 -6581.6766 2523.1847000000002 -1.3554418000000001 2.556562 6.9320574
60877 46301.247 -73.94657000000001 -4898.7643 5091.0787 -1.4650024000000001 5.3234571 5.0920967
60877 46721.247 -661.81892 -2257.4917 6660.4501 -1.2879791 7.0452892 2.2570988
60877 47141.247 -1120.4243000000001 824.9844 6925.2661 -0.85968845 7.389677300000001 -1.0166686
60877 47561.247 -1360.2645 3746.3893 5834.3238 -0.26335928999999997 6.2906398 -4.0922836
60877 47981.247 -1334.2803000000001 5935.5156 3600.2898 0.38519247 3.9599528 -6.369254
60877 48401.247 -1047.2471 6963.194 660.0416899999999 0.9589216 0.85218854 -7.398417800000001
60877 48821.247 -555.25662 6628.214599999999 -2409.9201000000003 1.3447909 -2.4204132 -6.9760251
60877 49241.247 45.449939 4996.6684000000005 -5007.8692 1.4675489 -5.2137893 -5.1902999
60877 49661.247 637.26847 2391.7780000000002 -6627.451599999999 1.3040481 -6.9842789000000005 -2.3952538
60877 50081.247 1105.1748 -678.4369200000001 -6954.778700000001 0.8872962400000001 -7.3941198 0.86201982
60877 50501.247 1358.2486000000001 -3616.7092000000002 -5926.7537999999995 0.29774027999999997 -6.3660426 3.953014
60877 50921.247 1346.8889 -5850.6395999999995 -3742.0155 -0.35124177 -4.0943624 6.2787765
60877 51341.247 1072.3703 -6940.3372 -825.14034 -0.9333233400000001 -1.0180054 7.3822045
60877 51761.247 588.23709 -6674.0731 2254.2144 -1.33373 2.2651637 7.0365527000000005
60877 52181.247 -11.110657999999999 -5100.542 4890.9798 -1.472768 5.102646200000001 5.310150800000001
60877 52601.247 -608.27109 -2529.3758 6568.6445 -1.3237975 6.9378825 2.5466099
60877 53021.247 -1086.7027 535.98292 6960.3841 -0.91672433 7.416837800000001 -0.7117119300000001
60877 53441.247 -1353.0955000000001 3496.7542000000003 5990.326400000001 -0.33071036 6.4480078999999995 -3.8310764
60877 53861.247 -1355.2782 5774.532200000001 3847.4685 0.32065751000000003 4.2177904 -6.2036006
60877 54281.247 -1092.4649 6923.0307 950.4100999999999 0.91010755 1.1599492 -7.3620571
60877 54701.247 -615.89607 6717.2223 -2133.3179 1.3214447 -2.1243939999999997 -7.076315800000001
60877 55121.247 -18.187727 5190.3822 -4796.52 1.4755895 -4.9976259 -5.407619700000001
60877 55541.247 582.9951500000001 2653.0072000000005 -6522.9878 1.3398458 -6.883967800000001 -2.678621
60877 55961.247 1070.4393 -402.45688 -6973.0976 0.94288208 -7.4244079 0.57029998
60877 56381.247 1349.0978 -3379.428 -6059.6411 0.36201375 -6.5164747 3.7074083
60877 56801.247 1364.453 -5696.751700000001 -3960.5666 -0.29026393 -4.334639500000001 6.122371
60877 57221.247 1113.157 -6900.639 -1085.5575000000001 -0.88656698 -1.3024118 7.340150899999999
60877 57641.247 644.0427900000001 -6753.7137999999995 2002.1511 -1.3098798999999999 1.9867375 7.1196057
60877 58061.247 48.513655 -5281.2098 4696.0784 -1.4776726000000002 4.8849265 5.509315
60877 58481.247 -555.85077 -2776.7006 6465.4928 -1.3565264 6.837026300000001 2.8100305
60877 58901.247 -1052.506 272.29639000000003 6972.541 -0.96906077 7.4403304 -0.43633369
60877 59321.247 -1343.6725000000001 3267.6216 6115.0324 -0.39027480000000003 6.580622000000001 -3.6021641
60877 59741.247 -1371.901 5623.099 4058.0208 0.26388223 4.4339743 -6.0548035
60877 60161.247 -1130.5585 6873.881 1201.3393999999998 0.8669451699999999 1.4218745 -7.3252472
60877 60581.247 -667.62294 6777.7417000000005 -1891.8348999999998 1.3008159000000001 -1.8722279000000002 -7.1581441
60877 61001.247 -73.836267 5353.8172 -4613.8686 1.4794626000000002 -4.7958531 -5.5857961
60877 61421.247 534.6334499999999 2876.1144 -6426.4356 1.3695071 -6.785594199999999 -2.9193796
60877 61841.247 1039.2552 -165.11101000000002 -6982.8004 0.99000833 -7.4381232 0.32139458000000004
60877 62261.247 1339.8828 -3170.4887000000003 -6168.308900000001 0.41773842000000005 -6.6357782 3.4930511
60877 62681.247 1378.5528000000002 -5556.0201 -4144.7991 -0.23679461000000002 -4.5346341 5.9826423
60877 63101.247 1147.4303 -6854.1943 -1308.1117 -0.84549387 -1.5441658 7.3000626
60877 63521.247 691.7001700000001 -6810.8284 1785.3881000000001 -1.2884213 1.7465652 7.1849530999999995
60877 63941.247 100.78633 -5436.6223 4529.2209 -1.4788486 4.689082099999999 5.6637268
60877 64361.247 -509.88277000000005 -3002.2327999999998 6388.0879 -1.3810164 6.7103525 3.0424305
60877 64781.247 -1021.4972 15.912924000000002 7002.052000000001 -1.0150508999999999 7.424286 -0.16678277
60877 65201.247 -1334.7046 3030.9101 6252.371400000001 -0.45161538 6.6954464 -3.3448149
60877 65621.247 -1388.2374 5455.9845000000005 4283.2862000000005 0.20126464000000002 4.660237100000001 -5.8774759
60877 66041.247 -1170.6243000000002 6815.2908 1475.5026 0.81712996 1.7071764 -7.2677837
60877 66461.247 -724.0315400000001 6841.0435 -1621.2652 1.2741693 -1.5872682 -7.2323897
60877 66881.247 -135.51237 5525.8157 -4399.4184000000005 1.4815699 -4.5711360999999995 -5.7758474
60877 67301.247 479.58299 3128.0443 -6313.6111 1.3987332 -6.6561864 -3.1880201
60877 67721.247 1000.859 118.76780000000001 -6989.8578 1.04272 -7.4372726 0.020080687
60877 68141.247 1326.6957 -2914.1041 -6297.2516 0.48311309999999996 -6.765237 3.2232415999999997
60877 68561.247 1393.2979 -5377.534000000001 -4371.0212 -0.17133095 -4.770167900000001 5.796878899999999
60877 68981.247 1187.4207 -6789.2611 -1587.8276 -0.7927712400000001 -1.8403889 7.235533800000001
60877 69401.247 749.24486 -6872.9353 1506.8739 -1.2589809 1.4480767 7.2551746999999995
60877 69821.247 164.67413000000002 -5613.982599999999 4306.5034000000005 -1.4785813 4.4476937 5.8549292
60877 70241.247 -452.10472 -3260.3703 6264.740400000001 -1.4098731 6.573464700000001 3.3164152
60877 70661.247 -981.04168 -272.72389000000004 7001.878900000001 -1.0672985000000001 7.4182755 0.13599709999999998
60877 71081.247 -1319.3713 2767.8493 6375.0341 -0.51701009 6.8211942 -3.072375
60877 71501.247 -1400.9159 5269.491400000001 4504.46 0.1354782 4.8930848 -5.6886164
60877 71921.247 -1208.6548 6741.0673 1751.3942 0.76386441 2.0018599999999998 -7.1998592
60877 72341.247 -779.89685 6893.3517 -1344.9204 1.2439107 -1.2895034 -7.2980913
60877 72761.247 -198.1534 5693.5688 -4176.7767 1.4800688 -4.3281903 -5.9615216
60877 73181.247 422.49611 3377.7769 -6188.1603 1.4261088 -6.5142581 -3.4574949000000004
60877 73601.247 960.5760799999999 398.54085 -6983.7225 1.092575 -7.4267328 -0.27058339000000003
60877 74021.247 1310.6662 -2658.2737 -6409.3206 0.5459700000000001 -6.882563500000001 2.9611456
60877 74441.247 1404.234 -5193.8946 -4578.0521 -0.10809181 -4.990554 5.6151746000000005
60877 74861.247 1222.7605 -6712.189 -1847.768 -0.7417366200000001 -2.1187347 7.169182200000001
60877 75281.247 801.67165 -6915.2468 1245.5738999999999 -1.229942 1.1672494999999998 7.314923100000001
60877 75701.247 223.6964 -5765.0627 4094.5084 -1.4766967 4.2175876 6.0273472
60877 76121.247 -398.09115 -3489.4003 6142.8983 -1.4350585 6.436965600000001 3.5666075999999998
60877 76541.247 -942.4980400000001 -534.90016 6993.429700000001 -1.1146187 7.3993448 0.41743454
60877 76961.247 -1303.8946 2523.5208 6482.3631 -0.57784976 6.9240868 -2.8111215
60877 77381.247 -1411.9097 5091.4067000000005 4708.4905 0.07229104 5.100898900000001 -5.4970395
60877 77801.247 -1244.8959 6667.4619 2015.1384 0.7102456600000001 2.2769614000000002 -7.1154482
60877 78221.247 -834.71911 6940.7518 -1072.419 1.2107846 -0.99860781 -7.3426573
60877 78641.247 -261.19199 5855.871 -3949.5751 1.4748587 -4.08161 -6.129445800000001
60877 79061.247 363.47950000000003 3625.0516000000002 -6051.9051 1.4502809 -6.364317 -3.7149694
60877 79481.247 917.11575 685.4079300000001 -6967.9358 1.1422883 -7.401253700000001 -0.5746208500000001
60877 79901.247 1291.6349 -2388.5251000000003 -6519.0002 0.61092611 -6.9911044 2.6785967
60877 80321.247 1413.5072 -4994.702200000001 -4792.0347 -0.04052075 -5.212724100000001 5.4097338
60877 80741.247 1258.6131 -6622.8910000000005 -2124.2792999999997 -0.68488986 -2.4110196 7.082024400000001
60877 81161.247 857.1002900000001 -6953.3509 960.82001 -1.1951493 0.8631239900000001 7.363485300000001
60877 81581.247 287.78107 -5922.4588 3857.2962 -1.4708093 3.9620894 6.201405800000001
60877 82001.247 -337.89592 -3734.6134 5999.2084 -1.458985 6.279927 3.8305943000000005
60877 82421.247 -897.82978 -819.89989 6970.5556 -1.163386 7.369815200000001 0.71931369
60877 82841.247 -1283.3383999999999 2254.1910000000003 6584.1023 -0.64203702 7.0269505 -2.5292220000000003
60877 83261.247 -1419.4307 4890.0493 4914.8153 0.004950518 5.3165145 -5.289045600000001
60877 83681.247 -1279.0685 6573.3284 2285.959 0.65271704 2.5644427000000003 -7.0219278
60877 84101.247 -888.9907900000001 6972.9107 -789.96422 1.1743423 -0.6949384300000001 -7.3824672
60877 84521.247 -324.98613 6008.4727 -3711.0641 1.466719 -3.8212787 -6.2955173
60877 84941.247 302.60571999999996 3868.684 -5904.406 1.4721260999999999 -6.198441600000001 -3.9751671
60877 85361.247 871.08676 972.73724 -6940.8467 1.1899838999999999 -7.3625873 -0.87831346
60877 85781.247 1269.4461000000001 -2113.2765 -6617.955 0.67529852 -7.0881967999999995 2.3909238999999998
60877 86201.247 1419.623 -4785.7843 -4998.0717 0.027843847 -5.4268956 5.1953076000000005
60878 221.247 1291.8925 -6521.3856 -2397.1631 -0.62610458 -2.6996406000000004 6.9836043000000005
60878 641.247 910.95491 -6978.740900000001 674.81085 -1.1575966000000002 0.5576941799999999 7.4003860999999995
60878 1061.247 351.55041 -6068.962 3614.4081 -1.4617464 3.700597 6.3649322
60878 1481.247 -276.71719 -3972.2628 5846.1418 -1.4799249 6.1127873 4.0877847
60878 1901.247 -851.0629399999999 -1102.1281999999999 6936.4645 -1.2099283 7.3279166 1.0194126000000001
60878 2321.247 -1259.9947 1982.3598000000002 6675.0463 -0.70522889 7.1174982 -2.2435176
60878 2741.247 -1424.0517 4681.4841 5113.0495 -0.062866549 5.5224648 -5.072168800000001
60878 3161.247 -1310.8348999999998 6468.9182 2553.107 0.59334376 2.8468907 -6.9162584
60878 3581.247 -941.71822 6993.1252 -506.13076 1.1351738 -0.39102187 -7.4101531000000005
60878 4001.247 -388.48986 6150.3132000000005 -3466.3441000000003 1.4554334 -3.5556599 -6.4510337
60878 4421.247 240.72032000000002 4104.6433 -5746.9147 1.4910021 -6.0233702000000005 -4.2281137
60878 4841.247 822.92297 1256.8101000000001 -6901.6188 1.2353705 -7.3123591 -1.1791714
60878 5261.247 1244.4324 -1836.5063 -6704.8567 0.73841037 -7.1729322 2.1008329
60878 5681.246999999999 1422.6766000000002 -4570.4816 -5194.1907 0.096373921 -5.6305875 4.9731369999999995
60878 6101.246999999999 1322.4888 -6409.9273 -2664.2947000000004 -0.5657043700000001 -2.9821296000000004 6.8734267000000004
60878 6521.246999999999 963.0600300000001 -6992.8385 389.19903000000005 -1.1172888 0.25236283 7.423994800000001
60878 6941.246999999999 414.90205 -6205.581700000001 3366.4501 -1.4493503 3.4327337000000004 6.516887
60878 7361.247 -214.49343 -4204.5052000000005 5684.1961 -1.4976161 5.9340181 4.3375734
60878 7781.247 -802.07698 -1384.3483999999999 6891.7177 -1.254226 7.2725127 1.3185258
60878 8201.247 -1233.7735 1705.0485 6756.224 -0.76756328 7.1959052 -1.9528045
60878 8621.247 -1425.7455 4463.0590999999995 5304.5883 -0.13129378 5.7199661 -4.8460564
60878 9041.247 -1340.2269 6352.1840999999995 2817.9396 0.5320743800000001 3.1256426999999998 -6.7992901
60878 9461.247 -993.09923 7000.9039 -219.89621 1.0932453 -0.08576426399999999 -7.4262578999999995
60878 9881.247 -451.87757 6281.272900000001 -3214.7077999999997 1.4411483 -3.2841584 -6.5968828
60878 10301.247 177.73751000000001 4332.9518 -5579.094599999999 1.5071708000000001 -5.8390056 -4.4746348
60878 10721.247 772.65417 1537.6292 -6850.217900000001 1.2787244 -7.2507402 -1.4778096
60878 11141.247 1216.6773 -1558.0819 -6779.739500000001 0.8004879600000001 -7.2457534 1.8081026999999998
60878 11561.247 1422.8690000000001 -4348.9711 -5380.6328 0.16515034 -5.8239082 4.7432153
60878 11981.247 1350.6201 -6288.7192000000005 -2925.8886 -0.5036643199999999 -3.2584984 6.7515651
60878 12401.247 1013.6458000000001 -6995.8206 103.80648 -1.074204 -0.052727005 7.4344425
60878 12821.247 478.02305 -6332.191400000001 3113.3215 -1.4337393 3.1590947000000003 6.6572949
60878 13241.247 -151.17320999999998 -4430.2455 5512.946 -1.5123884 5.744978199999999 4.579708
60878 13661.247 -750.9369399999999 -1664.9278000000002 6835.5576 -1.2964775 7.2046660000000005 1.6153590999999998
60878 14081.247 -1204.7792 1424.1545 6826.1915 -0.8290258300000001 7.262285100000001 -1.6589380000000002
60878 14501.247 -1424.5626000000002 4236.4677 5487.2338 -0.20008916 5.9079719 -4.6122692
60878 14921.247 -1367.1304 6224.1117 3077.7997 0.46936148 3.3990223 -6.6716259
60878 15341.247 -1042.8254 6996.3273 66.244086 1.0489782 0.21928979 -7.4303492
60878 15761.247 -514.70354 6400.8954 -2958.2780000000002 1.4240895 -3.0077094000000004 -6.731835200000001
60878 16181.247 114.14455000000001 4552.9537 -5402.4839 1.5206070999999999 -5.6453518 -4.7133221999999995
60878 16601.247 720.72032 1814.6996000000001 -6787.6777 1.3198764 -7.1770581 -1.7733254999999999
60878 17021.247 1186.5286 -1278.136 -6843.3475 0.8613540900000001 -7.3059784 1.5129389000000002
60878 17441.247 1420.4618 -4121.0564 -5558.147900000001 0.23401222000000002 -6.006540200000001 4.505448500000001
60878 17861.247 1376.4891000000002 -6157.51 -3182.768 -0.44013714 -3.5287842 6.6179054
60878 18281.247 1062.8352 -6987.5068 -182.19861 -1.0285533 -0.35783864 7.4318324
60878 18701.247 540.96756 -6448.7693 2854.3624 -1.4149915000000002 2.879567 6.786456
60878 19121.247 -86.72838300000001 -4649.1849 5331.831 -1.5241892000000001 5.5459803 4.81472
60878 19541.247 -697.56388 -1943.3953999999999 6767.563700000001 -1.3365131 7.1248141 1.9100437
60878 19961.247 -1172.8568 1140.2928000000002 6884.5193 -0.88943793 7.3168524 -1.3620438
60878 20381.247 -1420.2785000000001 4002.3552999999997 5660.492700000001 -0.26910669000000004 6.086420100000001 -4.3709566
60878 20801.247 -1391.2807 6085.262900000001 3332.1455 0.40523301 3.6667028 -6.5333093
60878 21221.247 -1090.5803999999998 6979.4884 351.70627 1.0024155 0.5236681 -7.4225695
60878 21641.247 -576.64075 6509.0506 -2697.6288 1.4042197 -2.7268661 -6.855700700000001
60878 22061.247 50.211657 4764.3168 -5217.5386 1.5310926 -5.4428068000000005 -4.9438136
60878 22481.247 667.2761700000001 2087.5751 -6714.2798 1.3585137999999999 -7.0915064 -2.0652597
60878 22901.247 1153.9933999999998 -997.1238000000001 -6895.734200000001 0.9206729 -7.353597300000001 1.2157866
60878 23321.247 1415.2605 -3886.9112000000005 -5726.425 0.30263944 -6.1784867000000006 4.260377900000001
60878 23741.247 1399.7464 -6016.380400000001 -3434.3339 -0.3754907 -3.7925595 6.4730626
60878 24161.247 1110.1378 -6967.671700000001 -468.00656 -0.9806402399999999 -0.66196284 7.4164816
60878 24581.247 603.1237199999999 -6554.6283 2590.3913 -1.3933723 2.595301 6.9040099
60878 25001.247 -21.858916 -4860.2171 5141.453 -1.5331016 5.3377846 5.0417794
60878 25421.247 -642.62514 -2218.4255 6687.9345 -1.3740861 7.0332276 2.2015298
60878 25841.247 -1138.5096 854.78126 6930.969099999999 -0.9482890300000001 7.3593041999999995 -1.0630937
60878 26261.247 -1413.1586000000002 3761.8152999999998 5823.786700000001 -0.33776324 6.2545820999999995 -4.1227299
60878 26681.247 -1412.7168000000001 5936.3910000000005 3580.2539 0.34016626000000005 3.9278559 -6.3844224999999994
60878 27101.247 -1136.2188999999998 6950.6443 635.7411 0.95376972 0.8266987100000001 -7.402866200000001
60878 27521.247 -637.5185200000001 6605.7309000000005 -2433.4269 1.3814936 -2.442168 -6.968151
60878 27941.247 -13.916138000000002 4966.8527 -5024.7642000000005 1.5385582 -5.2317073 -5.1656666
60878 28361.247 612.42754 2356.0267000000003 -6630.353 1.3945370000000001 -6.9941856 -2.353091
60878 28781.247 1119.1198000000002 -715.29726 -6936.9187 0.9783279 -7.3886408 0.9172006699999999
60878 29201.247 1407.2613000000001 -3646.9284 -5885.104 0.37090211 -6.3396249 4.0085493
60878 29621.247 1420.3402 -5865.608200000001 -3680.0202000000004 -0.30982468999999996 -4.0493753 6.3174206
60878 30041.247 1155.4696999999999 -6936.3827 -752.95975 -0.93050265 -0.96458771 7.3884542
60878 30461.247 664.4224200000001 -6649.615900000001 2322.038 -1.3687697 2.3068393 7.0097204
60878 30881.247 43.427274 -5063.004400000001 4942.3149 -1.5389425 5.1206518 5.2604161000000005
60878 31301.247 -586.06125 -2489.6365 6596.9758 -1.409068 6.9298708 2.4893921
60878 31721.247 -1101.6394 567.94898 6965.6973 -1.0055285 7.3894478 -0.7623715
60878 32141.247 -1403.1067 3515.0829 5977.188400000001 -0.40611881 6.4122252 -3.8677059
60878 32561.247 -1431.3873999999998 5777.644 3822.1674 0.27401073000000004 4.1822949 -6.2250021
60878 32981.247 -1179.8444 6910.1862 918.62652 0.90271798 1.1287675 -7.3707605
60878 33401.247 -697.5554599999999 6691.5644 -2165.2617999999998 1.355691 -2.1528953000000004 -7.0690871
60878 33821.247 -78.533915 5161.5121 -4823.8024000000005 1.5428684000000001 -5.0112973 -5.3792156
60878 34241.247 555.84946 2621.5207 -6535.973400000001 1.4279445000000002 -6.8842726 -2.6376618
60878 34661.247 1081.6651000000002 -431.09824 -6967.5495 1.0344993999999998 -7.4107604 0.61597624
60878 35081.247 1396.3607 -3399.5942999999997 -6035.5148 0.43913974 -6.490289300000001 3.7486618
60878 35501.247 1438.3393 -5704.0135 -3921.6624 -0.2427185 -4.3003794 6.1501636
60878 35921.247 1199.0603 -6893.0038 -1039.0447 -0.87781607 -1.2670634 7.3478363
60878 36341.247 725.19451 -6733.6515 2047.5357 -1.3410407 2.0131152 7.1044295
60878 36761.247 109.37189000000001 -5257.1104000000005 4733.1815 -1.5418355 4.8943568 5.47236
60878 37181.247 -527.70568 -2756.5291 6494.0465 -1.4416750999999999 6.8151087 2.7747222000000002
60878 37601.247 -1062.169 280.44585 6988.402099999999 -1.0613582 7.407546900000001 -0.4592682
60878 38021.247 -1390.1298000000002 3262.8545 6120.651900000001 -0.47438718 6.559342 -3.6051578
60878 38441.247 -1447.414 5609.7712 4058.2645 0.20645363 4.4302246 -6.0537541
60878 38861.247 -1222.0213999999999 6860.1658 1202.2588 0.84850637 1.431775 -7.3232298
60878 39281.247 -757.6888 6769.9106 -1890.1615 1.3258549000000002 -1.8548155 -7.1568024
60878 39701.247 -144.94156 5353.6963 -4611.5085 1.5433864000000002 -4.776408900000001 -5.5859029
60878 40121.247 496.16549 2890.2688 -6428.5299 1.4589618 -6.7593346 -2.9236210000000002
60878 40541.247 1040.4585 -137.74517 -6987.2266 1.0899826000000001 -7.4204452000000005 0.30679549
60878 40961.247 1381.7831 -3138.8876 -6179.274200000001 0.50837049 -6.633595000000001 3.4768451000000002
60878 41381.247 1453.378 -5527.197700000001 -4162.0 -0.17329137 -4.549818 5.9698934
60878 41801.247 1240.855 -6834.8775000000005 -1329.0755 -0.8220120500000001 -1.5731666 7.295531
60878 42221.247 785.54536 -6805.3586 1764.6499 -1.3100225 1.7115874 7.1902794000000005
60878 42641.247 175.82352 -5435.581 4507.7988 -1.5437585999999999 4.6654995 5.6841993
60878 43061.247 -467.88834 -3006.7784 6368.4375 -1.4746983 6.7044952 3.0602437
60878 43481.247 -1020.9029 12.34698 6983.446900000001 -1.1161147 7.429546 -0.16834986000000002
60878 43901.247 -1374.4198000000001 3029.11 6230.1828 -0.53937594 6.6973211 -3.3585563
60878 44321.247 -1459.1342 5453.5081 4255.2105 0.14263620000000002 4.6556274 -5.88916
60878 44741.247 -1258.5644 6811.652400000001 1446.0611999999999 0.7964921100000001 1.7046502000000001 -7.2646505
60878 45161.247 -812.12087 6839.116900000001 -1646.47 1.2939579 -1.5747825 -7.216647
60878 45581.247 -207.32146 5533.3025 -4417.4737000000005 1.5382524000000002 -4.538997999999999 -5.760345500000001
60878 46001.247 437.84299 3151.7318 -6327.8288 1.4832654 -6.6137004 -3.1871128
60878 46421.247 998.12525 158.83819 -7007.9085000000005 1.1407837 -7.4032733 0.0020538979
60878 46841.247 1364.8452 -2864.7098 -6325.603099999999 0.57644826 -6.756767 3.1946817000000003
60878 47261.247 1466.2269 -5331.0427 -4410.6083 -0.10219057 -4.7916726 5.7749276
60878 47681.247 1281.3506000000002 -6756.1502 -1632.5833 -0.7638484200000001 -1.8804648 7.2340304
60878 48101.247 845.3740200000001 -6856.9888 1465.9762 -1.2777768 1.4095088 7.274121600000001
60878 48521.247 243.34470000000002 -5610.8245 4275.7143 -1.5411207999999998 4.425398100000001 5.8814711
60878 48941.247 -406.48513 -3262.6506 6243.576099999999 -1.5017285 6.5692249 3.3335178
60878 49361.247 -975.83797 -273.8658 6977.8318 -1.1680291999999999 7.4295584 0.12618833
60878 49781.247 -1354.561 2770.9410000000003 6342.6602 -0.60497875 6.826013700000001 -3.1009415
60878 50201.247 -1467.3136000000002 5271.3438 4459.0127999999995 0.07706541900000001 4.8819208 -5.7189843
60878 50621.247 -1291.9808 6736.7222 1697.4859 0.7437900700000001 1.9802236 -7.210819000000001
60878 51041.247 -863.24827 6880.930200000001 -1398.0627 1.26352 -1.3032289000000001 -7.283629100000001
60878 51461.247 -265.67609999999996 5679.820900000001 -4219.9108 1.5347231 -4.3192692 -5.9316683999999995
60878 51881.247 383.73837000000003 3372.9465 -6218.826099999999 1.50665 -6.4826313 -3.4312825
60878 52301.247 958.8520500000001 412.17475 -7009.635 1.1870477000000001 -7.3840110999999995 -0.27351906000000004
60878 52721.247 1348.5327 -2628.348 -6441.3330000000005 0.6379639600000001 -6.8565325 2.9357301000000002
60878 53141.247 1477.1033 -5159.7541 -4622.8183 -0.036245017 -4.997885 5.5824641
60878 53561.247 1318.6504 -6688.2294 -1903.9223000000002 -0.70629646 -2.1576666 7.1506344
60878 53981.247 902.88516 -6911.058599999999 1187.0593999999999 -1.2409721 1.1162073000000001 7.3232356
60878 54401.247 310.34175 -5780.3035 4044.7179 -1.5337034 4.1794218 6.056816700000001
60878 54821.247 -343.04881 -3515.6333 6106.7565 -1.5257717 6.4248961 3.598026
60878 55241.247 -929.10779 -561.16775 6967.3275 -1.2185285 7.4096687 0.43160484000000005
60878 55661.247 -1333.0182 2503.9107999999997 6457.6409 -0.67217453 6.9400075 -2.8196029
60878 56081.247 -1475.2399 5076.9636 4677.1882000000005 0.0062719122 5.108242000000001 -5.5172027
60878 56501.247 -1327.9298999999999 6653.5808 1976.2875000000001 0.68339364 2.2747339 -7.1288423000000005
60878 56921.247 -920.2273700000001 6925.6946 -1113.3391000000001 1.2254357 -0.9989512300000001 -7.3378323000000005
60878 57341.247 -332.57496000000003 5843.7946 -3985.0565 1.5263367 -4.0653014 -6.1108659
60878 57761.247 319.92885 3624.0761 -6079.5607 1.5294715 -6.328316200000001 -3.6995942
60878 58181.247 910.48089 701.6495699999999 -6992.7738 1.2365176 -7.3586257 -0.57848235
60878 58601.247 1324.9298999999999 -2356.5464 -6549.9506 0.70450694 -6.964699700000001 2.6529617
60878 59021.247 1482.8193999999999 -4958.24 -4835.773700000001 0.034527967 -5.218995700000001 5.37662
60878 59441.247 1352.5565 -6596.1754 -2179.7476 -0.64507362 -2.4491406000000002 7.0621768000000005
60878 59861.247 958.34496 -6946.3843 902.3137700000001 -1.2012849 0.81123217 7.3700571
60878 60281.247 376.46862 -5935.9468 3806.9526 -1.5234584 3.9210514 6.2299618
60878 60701.247 -279.26474 -3760.8633 5962.6302000000005 -1.5469764000000001 6.2637172 3.8633238000000003
60878 61121.247 -880.2017099999999 -847.79396 6945.1141 -1.2669971 7.3769466 0.73729607
60878 61541.247 -1308.6923000000002 2232.2189 6562.2968 -0.73850532 7.0419754 -2.5324717999999997
60878 61961.247 -1480.3126000000002 4873.5421 4888.5153 -0.065075196 5.3261108 -5.3049052
60878 62381.247 -1361.5679 6558.9394 2253.2821000000004 0.6209865 2.5662221 -7.0337903
60878 62801.247 -975.97938 6959.0038 -824.88658 1.1843320000000002 -0.69144522 -7.3792841
60878 63221.247 -399.58339 5998.830599999999 -3741.6877999999997 1.5147166 -3.8028456999999998 -6.280391400000001
60878 63641.247 254.71747000000002 3870.5954 -5928.6996 1.5494705 -6.1622807 -3.9631049
60878 64061.247 859.69821 991.69236 -6963.446 1.2840694000000001 -7.3207027 -0.88410725
60878 64481.247 1298.3566 -2079.1408 -6647.4681 0.7703386900000001 -7.0617697 2.3644897
60878 64901.247 1485.5411000000001 -4747.0931 -5040.8903 0.10590044000000001 -5.432282 5.1611911
60878 65321.247 1383.9771 -6492.1215999999995 -2452.2778 -0.58207907 -2.7373060000000002 6.961957099999999
60878 65741.247 1012.2313 -6969.3774 615.8001800000001 -1.1591038 0.50449893 7.4048658
60878 66161.247 442.15995000000004 -6081.0531 3562.6796000000004 -1.5103431 3.6559816 6.3929023
60878 66581.247 -214.70591000000002 -3999.2380000000003 5808.4427000000005 -1.5653768000000001 6.0919597 4.1221890000000005
60878 67001.247 -829.4519300000001 -1132.5213 6911.1863 -1.3132651000000002 7.3315672 1.0416889
60878 67421.247 -1281.8215 1957.077 6655.9865 -0.8036358400000001 7.1314242000000005 -2.2411812
60878 67841.247 -1482.6173000000001 4661.9313 5091.7114 -0.13660086000000002 5.5343109 -5.0834122
60878 68261.247 -1392.8101000000001 6453.0416 2526.7804 0.55703273 2.8530675999999997 -6.926269100000001
60878 68681.247 -1030.2033000000001 6980.3566 -534.48503 1.1407112 -0.38260768 -7.4077487
60878 69101.247 -466.24753000000004 6143.6719 -3491.2894 1.5000791 -3.5335288 -6.439123899999999
60878 69521.247 188.59112 4110.6928 -5767.1143 1.5665921 -5.9854845 -4.2200737
60878 69941.247 806.92002 1280.2702 -6921.733700000001 1.3294332 -7.270322500000001 -1.1884473
60878 70361.247 1269.0828000000001 -1798.0129 -6733.1843 0.83504918 -7.146962 2.0720243999999997
60878 70781.247 1485.3533 -4527.722900000001 -5236.868 0.1774144 -5.6363335 4.937265099999999
60878 71201.247 1412.8164 -6376.8308 -2719.9362 -0.51767896 -3.0205709 6.8502285
60878 71621.247 1064.3663000000001 -6980.165599999999 329.05215999999996 -1.1144319 0.19739994 7.4272608
60878 72041.247 507.29515000000004 -6215.2407 3313.1625 -1.4941297 3.3852181999999997 6.5447848
60878 72461.247 -149.38432999999998 -4230.063700000001 5645.0442 -1.5807008 5.9100919 4.373558200000001
60878 72881.247 -776.7637500000001 -1414.5627 6865.9505 -1.3571062 7.273522 1.3437511
60878 73301.247 -1252.2349 1679.2091 6738.6732 -0.86743141 7.2079849000000005 -1.9467756
60878 73721.247 -1481.9533000000001 4442.6322 5286.3545 -0.20827239 5.7321702 -4.8535415
60878 74141.247 -1421.4436 6336.039900000001 2796.0488 0.49154556000000005 3.1342552 -6.8069351
60878 74561.247 -1082.7066000000002 6989.4001 -243.0645 1.0944673 -0.07378631000000001 -7.4234604
60878 74981.247 -532.4218900000001 6277.3678 -3234.7726000000002 1.4823156 -3.2588048 -6.586717800000001
60878 75401.247 121.64647000000001 4342.836200000001 -5595.427900000001 1.5807028 -5.799142700000001 -4.4694811
60878 75821.247 752.17791 1565.4543 -6867.709900000001 1.3724294 -7.2081004 -1.4899426
60878 76241.247 1237.0561 -1515.1719 -6806.4666 0.89842333 -7.2200186 1.7772834
60878 76661.247 1482.1125 -4301.8449 -5422.411 0.24886036 -5.8300389 4.7062006
60878 77081.247 1438.8542 -6251.4265000000005 -2981.0035000000003 -0.45203402 -3.2972631999999997 6.7275944
60878 77501.247 1114.4716 -6979.152400000001 43.8378 -1.0673853 -0.10841611000000001 7.436891
60878 77921.247 571.56565 -6338.326599999999 3059.8761 -1.4748333 3.1098613999999998 6.6846435
60878 78341.247 -83.588045 -4452.832 5473.4488 -1.5928423 5.7185707 4.6162602
60878 78761.247 -722.3621800000001 -1693.3386 6809.9584 -1.3983206000000001 7.2027167 1.6424346
60878 79181.247 -1219.948 1399.1861000000001 6809.6026 -0.92970832 7.272119300000001 -1.6506729
60878 79601.247 -1478.2212 4216.2616 5471.0266 -0.27972991 5.9193968 -4.6170451
60878 80021.247 -1447.2035 6208.205900000001 3058.9571 0.42492694000000003 3.4084342000000003 -6.6772824
60878 80441.247 -1133.0621 6985.6776 46.802147 1.0459636 0.23300531000000002 -7.4269715
60878 80861.247 -597.55659 6398.572 -2974.6862 1.4616027999999999 -2.9807244 -6.722472600000001
60878 81281.247 54.446627 4564.9537 -5415.664 1.5916911 -5.6045459 -4.7096098
60878 81701.247 695.93926 1844.8766 -6802.5887 1.4127351000000001 -7.1341326 -1.7866018
60878 82121.247 1202.5914 -1232.797 -6867.7747 0.96008417 -7.280021 1.4817645
60878 82541.247 1475.9878 -4071.1428 -5597.5246 0.31993993 -6.012060000000001 4.4686475
60878 82961.247 1462.1697 -6117.0380000000005 -3235.3967000000002 -0.38525752 -3.5662395 6.593948999999999
60878 83381.247 1162.6226000000001 -6967.0823 -239.87603000000001 -1.017881 -0.41227465 7.4334151
60878 83801.247 635.1004399999999 -6450.8162 2802.6602000000003 -1.4523038 2.8304258 6.8122277
60878 84221.247 -17.133049 -4667.814 5293.4042 -1.6016955000000002 5.5180367 4.8500636
60878 84641.247 -666.02471 -1968.7971000000002 6742.7978 -1.4368292 7.1200006 1.9371883
60878 85061.247 -1183.9551000000001 1116.2151999999999 6864.2008 -0.9899796900000001 7.327904800000001 -1.3604295
60878 85481.247 -1470.1095 3982.6322999999998 5638.4036 -0.34935001 6.096260900000001 -4.3855323
60878 85901.247 -1467.7998 6068.1084 3302.7527000000005 0.36022595 3.6687451 -6.550800000000001
60878 86321.247 -1177.4793 6962.943700000001 317.33915 0.99907381 0.52191381 -7.4275502
60879 341.247 -656.33352 6493.0818 -2730.687 1.4410077000000001 -2.7203045 -6.8449009
60879 761.247 -6.8832593 4754.5429 -5244.206 1.6002341 -5.4195567 -4.9263799
60879 1181.247 643.99904 2090.5589 -6734.9202000000005 1.4481188999999999 -7.0555931 -2.0564435
60879 1601.247 1170.0582 -979.04056 -6916.2299 1.0157203 -7.3207192999999995 1.2068539
60879 2021.247 1469.4059 -3858.8642000000004 -5753.8983 0.38603336000000005 -6.166306400000001 4.2376083
60879 2441.247 1483.4731000000002 -5989.2558 -3471.7489 -0.32059921 -3.809184 6.4509985
60879 2861.247 1208.5191000000002 -6952.4332 -511.74608 -0.9672582599999999 -0.7000058800000001 7.4102514
60879 3281.247 697.38884 -6556.6223 2548.2917 -1.4263288 2.5544314 6.9180969999999995
60879 3701.247 49.721455000000006 -4876.8154 5107.9101 -1.6064295 5.3115879999999995 5.066816
60879 4121.247 -607.6666700000001 -2241.6119 6664.3035 -1.471843 7.027880199999999 2.2208824
60879 4541.247 -1146.3552 832.6326600000001 6914.353 -1.0485336 7.3650081 -1.0615491
60879 4961.247 -1460.5681000000002 3743.614 5807.147900000001 -0.41873359 6.256053 -4.1395662
60879 5381.247 -1489.9228 5924.5025000000005 3564.3133 0.29130901 3.9223181 -6.393004299999999
60879 5801.246999999999 -1226.3685 6940.2965 619.34852 0.9444884600000001 0.82742358 -7.4003426
60879 6221.246999999999 -722.6896700000001 6597.3602 -2447.4642000000003 1.4132403999999998 -2.4271945 -6.961029000000001
60879 6641.246999999999 -77.023138 4959.6951 -5033.8926 1.6071605 -5.2144522 -5.1592004
60879 7061.246999999999 583.58941 2354.5899 -6635.2715 1.4859174000000002 -6.975507899999999 -2.3466749
60879 7481.247 1130.3296 -709.00173 -6939.4448 1.074488 -7.3708081000000005 0.92159303
60879 7901.247 1456.6481 -3634.3340000000003 -5886.6801 0.45362684000000003 -6.3283531 4.0082882
60879 8321.247 1498.8020000000001 -5850.573200000001 -3682.5924 -0.25634904000000003 -4.0497181 6.3131815
60879 8741.247 1248.2643 -6924.2587 -757.55863 -0.91693976 -0.97781486 7.3836548
60879 9161.247 753.85425 -6645.2123 2315.8237000000004 -1.398284 2.2842644 7.0080713
60879 9581.247 112.19277000000001 -5068.6637 4936.2206 -1.6062641000000002 5.0961948 5.2631726
60879 10001.247 -551.32537 -2504.6994 6592.5787 -1.5010772 6.910628 2.4940588
60879 10421.247 -1107.586 546.65986 6963.0013 -1.1039569 7.379323500000001 -0.75954885
60879 10841.247 -1448.2813999999998 3491.489 5974.8333 -0.49130926 6.4110775 -3.8690734000000004
60879 11261.247 -1506.4097 5754.6028 3818.308 0.21886454 4.188617000000001 -6.2296721
60879 11681.247 -1270.6381999999999 6894.3615 915.3618 0.8874318600000001 1.141509 -7.3708205
60879 12101.247 -785.7096300000001 6682.6179 -2168.2286 1.3833304000000002 -2.1331832 -7.0677581
60879 12521.247 -146.89793 5161.862099999999 -4825.9261 1.6081081 -4.9870159 -5.3784865
60879 12941.247 520.78571 2631.1303 -6537.6954000000005 1.5184458 -6.8613197 -2.6393909
60879 13361.247 1086.8937 -412.96221 -6970.6032000000005 1.1326599000000002 -7.393839700000001 0.611644
60879 13781.247 1441.0903 -3376.5198 -6040.7522 0.52597003 -6.4842788 3.7428665999999997
60879 14201.247 1514.1033 -5681.1187 -3929.2154 -0.18424517 -4.3072594 6.1453324
60879 14621.247 1291.2523999999999 -6875.4533 -1047.962 -0.85941166 -1.2850079 7.3463832
60879 15041.247 815.77744 -6724.459400000001 2038.7031000000002 -1.366761 1.9891401000000002 7.1078776
60879 15461.247 179.89587 -5250.774200000001 4722.9085000000005 -1.6084420000000001 4.8772698000000005 5.4831927
60879 15881.247 -491.0058 -2753.538 6483.6421 -1.5340074 6.8112306 2.7730537
60879 16301.247 -1066.1046000000001 282.29282 6974.433 -1.1594187999999999 7.4060622 -0.47369438
60879 16721.247 -1432.9149 3263.2099 6098.74 -0.55825486 6.553049 -3.6271135
60879 17141.247 -1519.5812 5606.075 4027.5807000000004 0.15252225000000003 4.4176808 -6.071499
60879 17561.247 -1308.9374 6852.0074 1166.3717 0.83384627 1.4166352 -7.3260249
60879 17981.247 -842.2042700000001 6757.3739000000005 -1923.7694 1.3515816999999999 -1.8589073 -7.1434638999999995
60879 18401.247 -210.93789 5342.8903 -4637.4158 1.604518 -4.7641628 -5.5642017
60879 18821.247 461.50959000000006 2887.3889 -6445.592000000001 1.5446701 -6.7343319 -2.9046063
60879 19241.247 1044.3439 -129.24365 -6998.2614 1.1849500000000002 -7.3933599999999995 0.31607921
60879 19661.247 1424.3936 -3120.6938999999998 -6188.442 0.59472687 -6.6160889 3.4773380000000005
60879 20081.247 1527.3337 -5504.749900000001 -4171.7256 -0.11305733 -4.547418899999999 5.9680624
60879 20501.247 1331.9835 -6813.4531 -1338.3818 -0.80133042 -1.5825126 7.2983273
60879 20921.247 875.9666100000001 -6788.5500999999995 1757.3232 -1.3341015 1.6998309999999999 7.196776799999999
60879 21341.247 248.1935 -5432.5386 4507.554099999999 -1.6054268 4.6495002 5.680670600000001
60879 21761.247 -428.26411 -3011.8599 6372.365 -1.5621129 6.6847705 3.0516855
60879 22181.247 -1021.2526 0.067445379 6986.9980000000005 -1.2131098999999999 7.4103678 -0.17424279
60879 22601.247 -1414.2689 3010.3431 6231.7934000000005 -0.62729779 6.686243800000001 -3.3622229000000003
60879 23021.247 -1530.8317 5432.1457 4255.330400000001 0.081557407 4.654206100000001 -5.8930047000000005
60879 23441.247 -1347.936 6791.3118 1444.3606000000002 0.7749065 1.7103098 -7.269361
60879 23861.247 -901.31996 6821.9603 -1650.0161 1.3163230000000001 -1.5660984000000002 -7.2199091
60879 24281.247 -278.62216 5520.1246 -4421.42 1.5997156000000001 -4.5298991 -5.7581997000000005
60879 24701.247 398.45569 3142.445 -6329.361900000001 1.571124 -6.6040220000000005 -3.1777387
60879 25121.247 998.1438 153.95365 -7004.1883 1.2374255 -7.3918052 0.017100670999999998
60879 25541.247 1403.9941000000001 -2864.3621000000003 -6315.2145 0.66309911 -6.743504 3.210328
60879 25961.247 1536.7003 -5325.1535 -4394.609 -0.042028422 -4.7794439 5.785042499999999
60879 26381.247 1369.2495000000001 -6745.6221 -1613.5503 -0.74156779 -1.8739962000000001 7.2357041
60879 26801.247 933.83386 -6845.6721 1483.7592 -1.2974196 1.4062824 7.2669159
60879 27221.247 315.25984000000005 -5603.150900000001 4289.3043 -1.59902 4.4116198 5.8694809999999995
60879 27641.247 -365.17346999999995 -3262.3015 6252.1903 -1.5870692 6.5486981 3.3218639
60879 28061.247 -974.3520100000001 -281.6468 6988.0973 -1.2647239 7.4026183 0.12566992000000002
60879 28481.247 -1392.9333000000001 2753.0578 6354.6748 -0.69542068 6.808316700000001 -3.0916295000000003
60879 28901.247 -1539.3028000000002 5249.738200000001 4476.278 0.010076541000000001 4.8829046 -5.7043712
60879 29321.247 -1384.6757 6719.8959 1720.4065 0.71402108 2.0013672 -7.2001151000000005
60879 29741.247 -959.24216 6875.966200000001 -1372.8773999999999 1.2780437 -1.2699311 -7.284085699999999
60879 30161.247 -346.4519 5689.238 -4197.456700000001 1.5916138000000002 -4.2870557 -5.9431245
60879 30581.247 333.93334000000004 3393.7371000000003 -6202.3487000000005 1.5946925 -6.4619595 -3.4467456000000003
60879 31001.247 949.45634 438.54218000000003 -6998.7755 1.2880088 -7.3778918 -0.28335333
60879 31421.247 1380.5807 -2601.7567999999997 -6432.3675 0.7308915899999999 -6.8604037 2.9367815
60879 31841.247 1543.1069 -5135.602400000001 -4611.4394 0.02982454 -5.0047204 5.5918794
60879 32261.247 1404.1903 -6666.096500000001 -1887.4557 -0.67978152 -2.1636963000000002 7.1611994999999995
60879 32681.247 990.4169300000001 -6891.443 1206.5261 -1.257875 1.1093794000000001 7.3258286
60879 33101.247 382.33087 -5764.773 4063.1632000000004 -1.5894414 4.1660214 6.049716800000001
60879 33521.247 -300.78891999999996 -3507.7383 6121.3967 -1.6091468 6.4018449 3.5875274
60879 33941.247 -924.96519 -560.47457 6973.5916 -1.3142213 7.3878648 0.41982778000000004
60879 34361.247 -1368.3268 2496.6337000000003 6458.6896 -0.7593778099999999 6.9179691000000005 -2.8368827999999997
60879 34781.247 -1544.4315000000001 5063.8771 4681.6647 -0.056707354 5.0875695 -5.5238918
60879 35201.247 -1418.2408 6641.7526 1983.8596000000002 0.655316 2.2689162 -7.123736
60879 35621.247 -1013.3313 6914.2429 -1104.6325 1.2400386 -0.9902506 -7.3363261
60879 36041.247 -409.92407000000003 5831.6863 -3975.3947000000003 1.5835201 -4.0595168 -6.1149064
60879 36461.247 273.85947999999996 3606.3152999999998 -6065.3875 1.6177865 -6.3400599 -3.6916315
60879 36881.247 904.24759 678.18952 -6970.0982 1.3342864 -7.3714827 -0.545702
60879 37301.247 1357.9256 -2382.5235000000002 -6509.0010999999995 0.7902497100000001 -6.9615464000000005 2.704863
60879 37721.247 1546.2295000000001 -4977.6008 -4772.4868 0.091428372 -5.190373800000001 5.426882
60879 38141.247 1432.1051000000002 -6599.054700000001 -2100.1309 -0.6258995700000001 -2.4022068 7.0865393
60879 38561.247 1037.7494000000002 -6929.330599999999 984.29158 -1.2206394 0.85517332 7.356017700000001
60879 38981.247 440.59578999999997 -5905.518 3875.8355 -1.5759096 3.9393382000000003 6.185020400000001
60879 39401.247 -242.60275000000001 -3729.8119 6010.0526 -1.6234768 6.2481162 3.8104714
60879 39821.247 -878.6779200000001 -828.7587 6972.7608 -1.3554713 7.338006900000001 0.69857432
60879 40241.247 -1344.0956 2233.2627 6577.6946 -0.8240871200000001 7.0021467 -2.5493434
60879 40661.247 -1548.1186 4860.7928 4900.3508 -0.13100827 5.3019263 -5.3069294000000005
60879 41081.247 -1450.0981000000002 6540.0515000000005 2264.3548 0.59018606 2.5593498 -7.0347682
60879 41501.247 -1068.3683 6939.179700000001 -815.15848 1.1975274999999999 -0.6915206899999999 -7.3849361
60879 41921.247 -477.20917 5977.9597 -3734.3983 1.5705840000000002 -3.8094475 -6.2837942
60879 42341.247 207.5178 3844.946 -5919.9261 1.635634 -6.1779227 -3.9498959
60879 42761.247 851.6078100000001 959.5511300000001 -6943.8032 1.3807656 -7.3344123 -0.84552788
60879 43181.247 1329.3156000000001 -2113.6141000000002 -6607.1157 0.85631178 -7.0568881 2.4219727
60879 43601.247 1547.2818 -4773.777 -4976.03 0.16429335 -5.399898 5.2160886
60879 44021.247 1462.6993 -6500.4076 -2369.4265 -0.56044125 -2.6851866 6.9895417
60879 44441.247 1091.9573 -6955.3341 701.9943000000001 -1.1755536 0.55455569 7.3921695000000005
60879 44861.247 507.80576 -6050.959400000001 3635.8114 -1.5600744 3.6803348000000002 6.346943400000001
60879 45281.247 -175.52001 -3966.1199 5859.1179 -1.6398359 6.0812736 4.065669
60879 45701.247 -824.74716 -1109.8321 6940.0739 -1.4007019 7.2951062 0.99718886
60879 46121.247 -1313.7801000000002 1962.059 6669.4803 -0.88947629 7.0912933 -2.2649512
60879 46541.247 -1547.3446000000001 4652.2348 5098.7884 -0.20398108 5.5062572 -5.091880199999999
60879 46961.247 -1479.1561000000002 6435.2015 2531.0377000000003 0.52377874 2.8395964 -6.9311512
60879 47381.247 -1121.6121 6958.639400000001 -532.48351 1.1507756999999998 -0.38991466 -7.413987100000001
60879 47801.247 -544.22849 6118.0733 -3491.3181 1.5528557 -3.5461713 -6.4401422
60879 48221.247 139.86893 4078.2608 -5764.1983 1.6504077 -6.0048142 -4.2025225
60879 48641.247 796.5653199999999 1240.9731000000002 -6906.606 1.4250247999999999 -7.2840936 -1.1457675
60879 49061.247 1297.6705 -1839.2782 -6695.785900000001 0.92162921 -7.1403267 2.1326713
60879 49481.247 1545.3333 -4560.291200000001 -5173.8509 0.23806394 -5.6015436 4.9942988999999995
60879 49901.247 1490.9886000000001 -6389.968900000001 -2638.1614 -0.492634 -2.9660876 6.8794541
60879 50321.247 1145.0707 -6969.965200000001 414.85556 -1.1271601 0.24997318000000002 7.4161762
60879 50741.247 575.3943800000001 -6187.8004 3386.5057 -1.5406767000000001 3.4126491999999997 6.500062
60879 51161.247 -106.63786999999999 -4198.1338 5696.205900000001 -1.6531193000000002 5.903018 4.316977700000001
60879 51581.247 -767.9380500000001 -1391.5751 6894.8588 -1.4439388 7.2403336000000005 1.2970163000000001
60879 52001.247 -1280.0272 1685.4386000000002 6750.2351 -0.95422532 7.169988099999999 -1.9747601
60879 52421.247 -1543.1711 4434.4534 5289.4478 -0.27777908 5.7031748 -4.8673215
60879 52841.247 -1505.4456 6318.886 2794.4633 0.45522647 3.1168416000000003 -6.815753
60879 53261.247 -1173.221 6966.546200000001 -247.91019 1.1009224 -0.085895808 -7.4308738000000005
60879 53681.247 -611.03719 6248.7869 -3241.5894 1.5315362000000001 -3.2751865 -6.5864501
60879 54101.247 70.93381600000001 4306.3307 -5598.4758 1.6617779000000001 -5.8199363 -4.449593300000001
60879 54521.247 738.9749499999999 1521.7878 -6857.3460000000005 1.466898 -7.2216901 -1.4451699000000002
60879 54941.247 1262.7329 -1560.5309 -6773.1138 0.98585195 -7.2124603 1.8392469000000002
60879 55361.247 1539.9284 -4338.1366 -5362.9631 0.31213847 -5.794484000000001 4.764317200000001
60879 55781.247 1516.2243999999998 -6267.9986 -2902.2543 -0.42324291 -3.2422510000000004 6.7584381
60879 56201.247 1196.029 -6972.086700000001 127.48735 -1.0761154 -0.054837781 7.4282796
60879 56621.247 642.0618499999999 -6313.1783 3132.1844 -1.5180205000000002 3.1394131 6.6426887
60879 57041.247 -37.320472 -4421.8565 5524.4811 -1.6632194 5.7148956 4.5610732
60879 57461.247 -709.4619 -1669.8308000000002 6838.793900000001 -1.4845859000000001 7.172894100000001 1.5946289
60879 57881.247 -1243.7418 1406.8256999999999 6820.464599999999 -1.0175291 7.235744800000001 -1.6807330999999999
60879 58301.247 -1536.1693 4209.7294 5472.4314 -0.35164992 5.8899691999999995 -4.6332288
60879 58721.247 -1529.201 6191.9936 3055.1358 0.38494869 3.3899996999999997 -6.6873972
60879 59141.247 -1223.4047 6963.7767 39.833538999999995 1.0479549 0.22055667 -7.4341231
60879 59561.247 -677.89072 6371.1812 -2983.4933 1.5064944 -2.9956396 -6.7221941
60879 59981.247 0.42653743 4530.5672 -5421.0023 1.6697718 -5.6227617 -4.6915667999999995
60879 60401.247 678.6615300000001 1803.8544 -6795.509599999999 1.5064221 -7.1464471000000005 -1.7450980999999999
60879 60821.247 1224.3693 -1275.4133000000002 -6839.2232 1.0491249 -7.2735164999999995 1.5401040000000001
60879 61241.247 1531.0037 -4105.6457 -5544.0808 0.38668728 -5.9798092 4.5250581
60879 61661.247 1538.4046 -6133.376700000001 -3162.6902000000005 -0.35218657000000003 -3.5150401000000002 6.6263672
60879 62081.247 1244.8127 -6961.0824 -160.97604 -1.0226042 -0.36083844 7.4290738
60879 62501.247 707.6549200000001 -6426.7883 2872.38 -1.4925223 2.8608742000000005 6.775320300000001
60879 62921.247 32.038696 -4636.1728 5343.5865 -1.6704776 5.5181211999999995 4.7982991
60879 63341.247 -649.7907 -1942.9259 6771.416200000001 -1.5226583 7.0940379 1.889195
60879 63761.247 -1205.3217 1128.255 6879.1636 -1.0790206 7.288908999999999 -1.3844949999999998
60879 64181.247 -1526.519 3979.964 5646.0312 -0.42497519 6.0656695 -4.391149500000001
60879 64601.247 -1550.3489 6056.1432 3310.4308 0.31368224 3.6560817 -6.5468836
60879 65021.247 -1271.0898 6947.6625 326.74659 0.99300189 0.5260711 -7.4262773
60879 65441.247 -743.225 6480.7535 -2721.5709 1.4788143 -2.712653 -6.8470845
60879 65861.247 -69.756333 4744.383 -5235.519 1.6747535 -5.417613 -4.9246283
60879 66281.247 617.36086 2080.1296 -6722.867700000001 1.5430888 -7.0589984999999995 -2.0409414
60879 66701.247 1183.9798 -990.58352 -6894.0611 1.1103872 -7.3208506 1.2389066
60879 67121.247 1519.5033 -3867.9518 -5716.1638 0.46073625 -6.1533214 4.2771929
60879 67541.247 1558.1766000000002 -5989.6018 -3418.7845 -0.2798089 -3.7813419 6.4809425
60879 67961.247 1292.0806000000002 -6939.6838 -451.08047999999997 -0.9662801 -0.6674505799999999 7.415368900000001
60879 68381.247 773.1543399999999 -6532.0703 2605.2836 -1.4634802 2.5752547 6.8956571
60879 68801.247 102.67035000000001 -4845.4667 5151.211200000001 -1.6745790999999999 5.310653100000001 5.0290071
60879 69221.247 -587.68849 -2215.7461000000003 6690.9668 -1.5584406 7.0037249 2.1825598
60879 69641.247 -1163.7326 845.34996 6925.2046 -1.1392876 7.3317849 -1.0853278
60879 70061.247 -1513.4011 3741.9254 5808.844599999999 -0.49808870000000005 6.2329505 -4.143233
60879 70481.247 -1568.2231000000002 5909.3294000000005 3558.0513 0.24169048 3.9158272000000003 -6.3976315999999995
60879 70901.247 -1316.8027 6923.1711 610.15854 0.9358598 0.82788339 -7.4027358
60879 71321.247 -807.8234 6582.191 -2456.4745000000003 1.4475762 -2.4247343999999997 -6.9568412
60879 71741.247 -140.79620000000003 4953.6408 -5041.4359 1.6759132 -5.2007902 -5.147818
60879 72161.247 553.7849699999999 2357.2332 -6639.0573 1.5767513 -6.9573836 -2.3340899
60879 72581.247 1140.354 -699.1579 -6938.085099999999 1.1701175000000001 -7.3554501000000005 0.9337328500000001
60879 73001.247 1504.4498999999998 -3619.0876000000003 -5880.062400000001 0.53477421 -6.3179999 4.0212296
60879 73421.247 1574.6091999999999 -5831.9218 -3670.1754 -0.20633727999999998 -4.0431166 6.3260635
60879 73841.247 1336.6308000000001 -6903.2438 -740.53397 -0.9081694800000001 -0.9729659 7.3920571
60879 74261.247 836.83136 -6622.4528 2334.5821 -1.4321072 2.2872575000000004 7.006933
60879 74681.247 172.53272 -5039.878 4949.536099999999 -1.6766674000000001 5.1003910999999995 5.2523665
60879 75101.247 -525.76438 -2469.3564 6592.8175 -1.5929392 6.9173259 2.4635704
60879 75521.247 -1121.4823000000001 585.39497 6943.317599999999 -1.1955448 7.3744311 -0.8142113200000001
60879 75941.247 -1497.6239 3524.0847000000003 5932.5625 -0.56208798 6.3776299 -3.9331705
60879 76361.247 -1580.5129 5770.683900000001 3759.6205 0.17993342 4.132922499999999 -6.2708164
60879 76781.247 -1352.5689 6883.9401 843.5082 0.8878548100000001 1.0784081 -7.3844648
60879 77201.247 -859.22208 6646.4490000000005 -2238.5486 1.4222165 -2.1903240999999998 -7.0465674
60879 77621.247 -197.31629999999998 5105.6141 -4880.8435 1.6770619 -5.0245858 -5.324839
60879 78041.247 503.69275 2558.8209 -6560.3898 1.6045148 -6.8800579 -2.5584227999999998
60879 78461.247 1105.7796 -486.60657000000003 -6952.8173 1.2171569 -7.382535700000001 0.70748818
60879 78881.247 1491.9498 -3437.7632000000003 -5983.0476 0.59109104 -6.4366455 3.8336906
60879 79301.247 1585.9056 -5715.5325 -3838.3497 -0.15118474 -4.2290561 6.2087279
60879 79721.247 1369.1109 -6873.338900000001 -939.57433 -0.86388532 -1.1928645 7.3642661
60879 80141.247 884.21387 -6685.355500000001 2143.848 -1.4064946 2.0717212 7.0738566
60879 80561.247 226.56817 -5191.6671 4807.789 -1.6731305 4.9218565 5.4016096
60879 80981.247 -475.27868 -2687.2704 6533.8871 -1.6138017 6.805712000000001 2.6832458000000003
60879 81401.247 -1084.9578999999999 338.68764000000004 6989.0318 -1.2416253 7.3660247000000005 -0.5512580100000001
60879 81821.247 -1484.2717 3298.9015 6085.6303 -0.6283047800000001 6.4974662 -3.6805818
60879 82241.247 -1595.232 5617.9995 3997.1462 0.10913754 4.361812 -6.101203000000001
60879 82661.247 -1395.1281000000001 6841.3525 1127.5039 0.82814737 1.3658951 -7.3365217000000005
60879 83081.247 -922.1093900000001 6726.1983 -1962.9877 1.386986 -1.9061674000000002 -7.134265999999999
60879 83501.247 -268.32678999999996 5292.4699 -4667.5783 1.6743495000000002 -4.807349100000001 -5.5293146
60879 83921.247 438.08441 2821.1113 -6454.7586 1.6334410000000001 -6.7645577999999995 -2.8391619
60879 84341.247 1058.7211000000002 -202.90175 -6974.3411 1.2727925 -7.3956398 0.40595828
60879 84761.247 1472.1205 -3187.2198 -6124.9924 0.66296789 -6.5786945999999995 3.5711104000000002
60879 85181.247 1597.2506 -5547.3296 -4073.1349 -0.077082391 -4.4726167 6.0366401
60879 85601.247 1409.4747 -6820.6548 -1221.2488999999998 -0.80211997 -1.4901688 7.3168592
60879 86021.247 945.72583 -6758.5964 1870.553 -1.3692365 1.7795029 7.160398000000001
60880 41.247 297.22105 -5376.396 4596.2987 -1.667601 4.6921149 5.6044628
60880 461.247 -409.23688 -2947.2662 6425.289 -1.6408833999999999 6.6827924 2.9621921
60880 881.247 -1036.3053 53.985555999999995 7004.2303 -1.2959941 7.3731671 -0.25036689
60880 1301.247 -1462.4331000000002 3044.7125 6221.6153 -0.69954104 6.6332993 -3.4157357000000004
60880 1721.247 -1604.4792 5443.767900000001 4227.5498 0.034788789 4.6005626 -5.9239599
60880 2141.247 -1433.6843000000001 6781.2175 1407.3303 0.7652452500000001 1.6612842 -7.2821547
60880 2561.247 -982.4441899999999 6791.942 -1688.5448999999999 1.3479281 -1.6122075 -7.2138949000000006
60880 2981.247 -338.60892 5471.094 -4452.415599999999 1.6668309 -4.5727736000000005 -5.7272274
60880 3401.247 371.6353 3077.4395 -6341.0458 1.6589005 -6.6352323 -3.1162524
60880 3821.247 1009.1295 80.79228 -6984.299900000001 1.3262222 -7.3965009 0.103909
60880 4241.247 1449.106 -2931.686 -6256.7315 0.73399329 -6.7096263 3.3027998
60880 4661.247 1605.3788000000002 -5370.098599999999 -4301.0558 -0.0022720393 -4.7084068 5.8546183
60880 5081.247 1447.2272 -6756.6893 -1500.791 -0.73823082 -1.7847115 7.2572334000000005
60880 5501.247 1005.7456999999999 -6820.582 1594.205 -1.3288620000000002 1.4843699 7.2349338
60880 5921.246999999999 367.79040000000003 -5552.1725 4377.2065999999995 -1.6585733 4.4543949000000005 5.7980557
60880 6341.246999999999 -341.85577 -3202.4496000000004 6306.119900000001 -1.6648112000000002 6.5484887 3.2364945
60880 6761.246999999999 -985.17511 -230.99996 7008.0452000000005 -1.3481793 7.3678365 0.051355089
60880 7181.246999999999 -1437.4763 2785.2032000000004 6347.7078 -0.76996454 6.758026200000001 -3.1447342
60880 7601.247 -1610.6005 5260.2405 4451.5680999999995 -0.040349354 4.8317987 -5.7364559
60880 8021.247 -1469.782 6709.7055 1685.6303 0.70006084 1.9542891 -7.2154416
60880 8441.247 -1041.5085 6846.5018 -1410.4542 1.3056105 -1.3149849 -7.2816846
60880 8861.247 -409.06743 5640.9667 -4229.1703 1.6558104 -4.330102200000001 -5.916212499999999
60880 9281.247 303.61435 3329.1371000000004 -6216.403 1.681322 -6.4947167 -3.388913
60880 9701.247 956.8525400000001 365.00802000000004 -6982.567400000001 1.37761 -7.3851965 -0.19899295
60880 10121.247 1422.8212 -2670.641 -6378.269200000001 0.80435821 -6.8297277 3.028589
60880 10541.247 1610.2713 -5183.4541 -4522.1248 0.073353149 -4.9367361 5.6628048
60880 10961.247 1482.3704 -6681.1315 -1778.0959 -0.67221938 -2.0765008 7.1857690000000005
60880 11381.247 1064.2496 -6870.91 1315.0723 -1.2855016000000001 1.1867909 7.297763700000001
60880 11801.247 438.17283000000003 -5718.3589 4150.814200000001 -1.646308 4.209408499999999 5.9822189
60880 12221.247 -273.35662 -3451.8789 6176.4898 -1.6858492 6.4034502 3.5054105
60880 12641.247 -931.86996 -515.13363 7000.182 -1.3982878 7.350259 0.35277706000000003
60880 13061.247 -1409.7061 2521.4808 6463.1129 -0.83947489 6.8712644 -2.8687602
60880 13481.247 -1613.8131 5068.237700000001 4667.991 -0.11596429000000001 5.0545971 -5.5393984000000005
60880 13901.247 -1503.472 6627.2141 1961.0524 0.63305457 2.2438706 -7.136347
60880 14321.247 -1099.1684 6889.8899 -1129.9044 1.2604302 -1.0152463 -7.3369686000000005
60880 14741.247 -479.42715999999996 5801.8877999999995 -3998.6797 1.6415513000000002 -4.079581 -6.0953154000000005
60880 15161.247 234.36688 3576.0126 -6081.286700000001 1.7007724000000002 -6.342745 -3.6563255
60880 15581.247 902.2974399999999 649.3461800000001 -6969.2966 1.4268900000000002 -7.3613129 -0.5021955300000001
60880 16001.247 1393.6807 -2404.7419 -6489.447 0.87379977 -6.9383476 2.7490315
60880 16421.247 1612.2203000000002 -4987.7644 -4736.0363 0.14949763 -5.1569107 5.4613501
60880 16841.247 1515.086 -6594.1005000000005 -2052.8748 -0.60431048 -2.3650857999999997 7.1022661
60880 17261.247 1121.3538 -6909.5838 1033.337 -1.2392212999999999 0.8868736800000001 7.3486593000000004
60880 17681.247 508.49176 -5874.9041 3917.2408 -1.6306934000000002 3.9572262 6.156866
60880 18101.247 -203.54798000000002 -3695.4629 6036.4849 -1.7038057 6.2477801 3.7688524
60880 18521.247 -876.12771 -798.28525 6980.68 -1.4461953 7.3205075 0.6537633100000001
60880 18941.247 -1378.8342 2253.6953 6567.7997000000005 -0.90806555 6.9730322 -2.5880201
60880 19361.247 -1613.8322 4867.8938 4876.6702000000005 -0.19206193 5.2688317 -5.3331551
60880 19781.247 -1534.4586000000002 6533.693200000001 2233.2664 0.56423593 2.5295497 -7.0453225
60880 20201.247 -1155.1037 6921.7805 -847.36878 1.2124842000000002 -0.71378328 -7.3799177
60880 20621.247 -549.3492 5953.1678 -3761.3915 1.6240059000000002 -3.8220984 -6.264228500000001
60880 21041.247 164.16928000000001 3817.0436 -5935.920700000001 1.7170186 -6.1799769 -3.9177776
60880 21461.247 845.5565799999999 932.8337 -6944.253 1.4737111999999999 -7.3251571 -0.8046482300000001
60880 21881.247 1361.6524 -2133.2561 -6592.0015 0.94010222 -7.0311433 2.472293
60880 22301.247 1611.2121000000002 -4782.6137 -4944.807 0.22278863999999998 -5.3586068 5.2589447
60880 22721.247 1545.7276000000002 -6495.5805 -2329.6953 -0.53581013 -2.6446014 7.0068888
60880 23141.247 1176.8265000000001 -6934.2348 744.85886 -1.1916779 0.59071989 7.3896435
60880 23561.247 577.49318 -6014.6425 3672.5804 -1.6141948 3.7066487 6.326264500000001
60880 23981.247 -135.51057 -3912.7452000000003 5877.5133 -1.7228122000000001 6.1060547 4.0239412
60880 24401.247 -822.05056 -1045.6903 6930.215700000001 -1.4929143 7.307757700000001 0.9261279600000001
60880 24821.247 -1347.751 2024.862 6624.777599999999 -0.96841025 7.0705745 -2.3586574999999996
60880 25241.247 -1610.4176000000002 4699.945 5023.4551 -0.25404825 5.4411892 -5.1720334
60880 25661.247 -1556.1294 6450.4083 2430.4691000000003 0.50936334 2.7524633 -6.9729669
60880 26081.247 -1196.6209 6935.809700000001 -640.48896 1.1740811000000002 -0.47974043 -7.4062773
60880 26501.247 -602.41654 6061.055200000001 -3585.6289 1.6081876 -3.6154537 -6.3841747
60880 26921.247 110.14699 3994.9142 -5823.718400000001 1.7281556 -6.042441 -4.1149592
60880 27341.247 801.49629 1146.9449 -6921.402 1.5089147 -7.2848211 -1.0341104
60880 27761.247 1336.1783 -1924.4261000000001 -6663.5378 0.99495561 -7.0978933 2.2413224
60880 28181.247 1609.8309 -4619.7964 -5100.4351 0.28642939 -5.523851 5.0783323000000005
60880 28601.247 1568.79 -6412.0005 -2537.7305 -0.47868456 -2.8683615000000002 6.921805900000001
60880 29021.247 1220.9214 -6950.1683 522.63615 -1.1502155 0.34799219 7.4082254999999995
60880 29441.247 634.4726700000001 -6130.256200000001 3480.5741000000003 -1.5961314 3.4912267000000003 6.4437711
60880 29861.247 -75.844167 -4114.5394 5758.398099999999 -1.7301495 5.94671 4.2240501
60880 30281.247 -771.45829 -1298.4912 6913.4924 -1.5276154 7.241183200000001 1.1859885
60880 30701.247 -1317.2299 1769.806 6722.196400000001 -1.0282808 7.1284046 -2.0823652000000004
60880 31121.247 -1606.8483999999999 4493.7778 5220.572700000001 -0.32767571 5.6274827 -4.9510589000000005
60880 31541.247 -1583.1134 6341.5305 2698.1739 0.43945486 3.0214767 -6.8599184
60880 31961.247 -1249.6303 6948.005700000001 -352.79594000000003 1.122498 -0.18310596 -7.4265946000000005
60880 32381.247 -671.15812 6192.370900000001 -3334.3877 1.5862206 -3.3553205 -6.5340535
60880 32801.247 38.932612999999996 4222.6838 -5660.7373 1.7387323 -5.8672686999999994 -4.35888
60880 33221.247 741.3505600000001 1427.229 -6876.7865 1.5508886 -7.2261198 -1.3340467
60880 33641.247 1298.9935 -1647.6774 -6745.3787 1.060526 -7.173176300000001 1.9489918000000002
60880 34061.247 1602.9846000000002 -4400.7965 -5293.3066 0.36294873 -5.71912 4.850789799999999
60880 34481.247 1593.7623 -6293.9484 -2804.3096 -0.40623757 -3.145787 6.8043678000000005
60880 34901.247 1272.9049 -6956.4622 234.44949 -1.0962100000000001 0.043300075 7.4245678
60880 35321.247 703.30175 -6259.5623 3227.2087 -1.5712308000000001 3.2198144 6.5904246
60880 35741.247 -3.6315319 -4341.205 5589.1687 -1.7391225 5.7618547 4.4712422
60880 36161.247 -709.8949200000001 -1578.0647 6860.870900000001 -1.568483 7.178105400000001 1.4848481999999998
60880 36581.247 -1278.2178999999999 1491.7807 6795.8615 -1.0930322000000001 7.1986666999999995 -1.7897113
60880 37001.247 -1597.919 4271.3147 5405.8326 -0.40382954000000004 5.8174815 -4.7210387
60880 37421.247 -1606.0653 6218.1551 2958.962 0.36659315 3.2946918999999997 -6.7370980000000005
60880 37841.247 -1300.0012 6947.924400000001 -67.558034 1.0671355 0.12056417999999999 -7.435506999999999
60880 38261.247 -739.10574 6315.769700000001 -3080.8217999999997 1.5592978000000002 -3.0808292 -6.6735004
60880 38681.247 -33.304266000000005 4445.590200000001 -5488.784000000001 1.7455829 -5.675849 -4.6015914
60880 39101.247 678.94872 1706.0379 -6820.1269 1.5901979 -7.1554831000000005 -1.6322611
60880 39521.247 1258.6651000000002 -1367.381 -6815.5235 1.1246021000000002 -7.2369207 1.6533723
60880 39941.247 1592.6506000000002 -4173.8164 -5476.8037 0.43933911000000003 -5.9050997 4.6156689
60880 40361.247 1615.4912 -6164.7569 -3065.3812000000003 -0.33250948 -3.4176616 6.676347
60880 40781.247 1322.442 -6950.250900000001 -53.018127 -1.0397539 -0.26060004 7.4290276
60880 41201.247 770.8483299999999 -6376.9658 2969.6863 -1.5431625 2.9438831 6.7261412
60880 41621.247 68.64975 -4558.671200000001 5411.7098 -1.7447846999999999 5.5680262 4.7103776
60880 42041.247 -646.93371 -1852.9445 6797.549 -1.6064363000000002 7.1028471 1.7803001999999999
60880 42461.247 -1236.7808 1213.0527 6858.6105 -1.1559114 7.2558742 -1.4945597000000002
60880 42881.247 -1586.0906000000002 4043.0019 5582.4789 -0.4796568 5.9965302000000005 -4.4826915
60880 43301.247 -1626.2417 6084.7534000000005 3215.5722 0.29225159 3.5624677 -6.6020446
60880 43721.247 -1348.6471999999999 6937.1408 219.32584 1.008789 0.42517097000000004 -7.4307297
60880 44141.247 -806.7644399999999 6430.2114 -2820.2399 1.5286634 -2.7991503 -6.801611100000001
60880 44561.247 -106.81652000000001 4663.5455 -5305.9836 1.7488707 -5.4729734 -4.8379148999999995
60880 44981.247 614.02479 1984.6713000000002 -6751.1494 1.6268552 -7.0723186 -1.9294993
60880 45401.247 1214.9671 -1082.1308000000001 -6874.077200000001 1.1873614000000001 -7.2892492 1.3534706
60880 45821.247 1578.6953 -3937.6448 -5651.3863 0.5158336299999999 -6.0825315 4.3723892
60880 46241.247 1633.9291 -6023.5876 -3321.5301 -0.25735607 -3.6849173 6.5377771000000005
60880 46661.247 1369.5195 -6931.0476 -340.20562 -0.98081873 -0.5643466100000001 7.4222212
60880 47081.247 837.11722 -6482.3288 2708.0153999999998 -1.5120012 2.6641854 6.851049
60880 47501.247 140.81646 -4765.4666 5225.959900000001 -1.7473185000000002 5.366886900000001 4.941743300000001
60880 47921.247 -582.79945 -2120.9189 6723.2963 -1.641475 7.017053700000001 2.0712626
60880 48341.247 -1193.0872 936.31958 6909.5207 -1.2166467 7.30054 -1.198973
60880 48761.247 -1571.3776 3811.4111000000003 5748.7108 -0.55474735 6.1635567 -4.237908900000001
60880 49181.247 -1643.5767 5943.8256 3465.3491000000004 0.21697586000000002 3.8214663 -6.4555069000000005
60880 49601.247 -1394.7026 6914.4648 503.93692 0.94740607 0.73088451 -7.4135687
60880 50021.247 -873.34548 6534.5699 -2556.689 1.4939874 -2.5101786 -6.9174762
60880 50441.247 -181.08448 4876.045700000001 -5115.7463 1.7477915000000002 -5.2560177 -5.0664147
60880 50861.247 546.6401999999999 2264.8722000000002 -6673.2372000000005 1.6600736 -6.9711093 -2.227846
60880 51281.247 1167.8073000000002 -787.9900200000001 -6926.2739 1.2488704 -7.3253614 1.0426750999999999
60880 51701.247 1561.3410000000001 -3687.1925 -5825.8143 0.59392555 -6.2513213 4.1110551
60880 52121.247 1650.1874 -5866.7657 -3585.5923 -0.17820097999999998 -3.9540216999999998 6.3797426
60880 52541.247 1416.3602 -6898.9958 -642.4848900000001 -0.91673914 -0.8792683 7.4008732
60880 52961.247 905.44822 -6581.53 2426.7675 -1.4759137 2.3681275999999998 6.9693156
60880 53381.247 216.44115 -4969.4773 5017.5467 -1.747614 5.1538577 5.1772756
60880 53801.247 -514.9273 -2384.3603 6623.268099999999 -1.6772057 6.9332058 2.3655763000000003
60880 54221.247 -1145.388 666.28317 6929.9136 -1.2768803 7.351202000000001 -0.91622261
60880 54641.247 -1552.115 3586.0268 5880.1792000000005 -0.62607777 6.3230566 -4.0128321
60880 55061.247 -1654.363 5803.0253 3672.7212000000004 0.14742711 4.057809600000001 -6.3235969
60880 55481.247 -1432.2727 6882.2592 743.37337 0.89247291 0.99595075 -7.3924711
60880 55901.247 -929.45631 6612.730500000001 -2332.2407000000003 1.4617685 -2.2567916 -7.0087712
60880 56321.247 -244.90385999999998 5050.4404 -4950.9797 1.7439009 -5.0586019 -5.2546756
60880 56741.247 487.47265000000004 2503.7925 -6602.8899 1.6859518 -6.866602100000001 -2.4827756
60880 57161.247 1125.2301000000002 -529.24462 -6969.3527 1.3009614 -7.3381071 0.76598086
60880 57581.247 1544.6832 -3459.5757000000003 -5980.2933 0.66330903 -6.3853643 3.8667452
60880 58001.247 1663.9786000000001 -5717.4932 -3826.4131 -0.10505563 -4.1875495 6.2210255
60880 58421.247 1458.8918 -6860.6485 -924.86735 -0.8554657 -1.1648016 7.3657181000000005
60880 58841.247 968.6875500000001 -6662.617700000001 2157.6065 -1.4401441 2.0928831 7.0677774
60880 59261.247 288.85213 -5160.124900000001 4816.4934 -1.743272 4.942738 5.3821502
60880 59681.247 -447.56592 -2647.3181 6530.014400000001 -1.705098 6.8235983 2.6415104
60880 60101.247 -1096.4246 383.55190000000005 6962.3826 -1.3334533 7.3689298 -0.6158560599999999
60880 60521.247 -1531.4637 3341.2514 6031.102 -0.69834878 6.4651891 -3.7603685000000002
60880 60941.247 -1667.2746000000002 5646.5214000000005 3917.6843 0.07144589600000001 4.2970509 -6.154325
60880 61361.247 -1475.2533 6840.116900000001 1033.7847 0.82779164 1.2916416 -7.3492177000000005
60880 61781.247 -994.7771 6696.2597000000005 -2052.8205000000003 1.4223823 -1.9673177000000002 -7.102745700000001
60880 62201.247 -319.47362 5241.4346 -4736.991900000001 1.7387673 -4.839216 -5.4662887
60880 62621.247 418.08045000000004 2764.2318999999998 -6494.312400000001 1.7151617000000001 -6.7607608 -2.7636468
60880 63041.247 1074.2004 -251.72114000000002 -6982.9446 1.3574988000000001 -7.363013700000001 0.47520347
60880 63461.247 1521.0765000000001 -3218.5933 -6107.9492 0.73509258 -6.5306994000000005 3.6228933000000003
60880 63881.247 1671.2236 -5557.4169 -4038.6339 -0.032153773000000004 -4.4214123 6.0678466
60880 64301.247 1495.709 -6813.0598 -1180.6946 -0.7938177500000001 -1.4439344 7.3231801
60880 64721.247 1026.9604 -6733.1419000000005 1909.3966 -1.4006155000000002 1.8133556000000002 7.1485809
60880 65141.247 356.76716999999996 -5333.981 4625.848900000001 -1.7345967 4.7193477999999995 5.5753579
60880 65561.247 -382.76072 -2895.9941000000003 6437.8673 -1.7284953 6.6965542 2.9107233000000003
60880 65981.247 -1047.744 106.76302000000001 6991.6248 -1.3857149 7.365282100000001 -0.31684846
60880 66401.247 -1508.7526 3088.7451 6180.5655 -0.77316801 6.5995105999999994 -3.4814674
60880 66821.247 -1675.8206000000002 5468.839400000001 4162.4043 -0.0089930753 4.5458691 -5.9698855
60880 67241.247 -1515.8428000000001 6781.5261 1329.9464 0.75836726 1.6003407 -7.2937951000000005
60880 67661.247 -1059.3583 6768.0122 -1763.755 1.3778975 -1.6583998 -7.190386800000001
60880 68081.247 -395.06048 5426.7435000000005 -4510.441 1.729335 -4.5963147 -5.6818157000000005
60880 68501.247 346.522 3023.356 -6371.7563 1.7426727000000002 -6.637874200000001 -3.0564379
60880 68921.247 1020.5201 31.528439 -6988.6946 1.4138652999999999 -7.3730384 0.16627922
60880 69341.247 1495.2733 -2966.8271 -6237.1233 0.80938378 -6.6678594 3.3527721
60880 69761.247 1678.0968 -5385.9333 -4264.714400000001 0.046705348 -4.6603569 5.8834939
60880 70181.247 1533.1581 -6753.0483 -1457.2142 -0.72544813 -1.7415209 7.2629624
60880 70601.247 1088.7246 -6801.0688 1635.722 -1.3556103000000002 1.5158396 7.2201314000000005
60880 71021.247 431.79862 -5522.0479000000005 4408.9335 -1.7204926 4.4721096 5.766583300000001
60880 71441.247 -309.25096 -3167.8887000000004 6321.7034 -1.7499453 6.5520437000000005 3.1917136999999998
60880 71861.247 -990.2556500000001 -198.00839000000002 7002.8233 -1.4393691 7.3566323 -0.0019539323
60880 72281.247 -1478.8238000000001 2810.2206 6319.631200000001 -0.8484526 6.7312104 -3.1986139
60880 72701.247 -1679.3586 5270.8503 4402.7129 -0.090193679 4.7907337 -5.7794713
60880 73121.247 -1551.5952 6700.7524 1623.3481000000002 0.6884423399999999 1.9058055999999999 -7.2356419
60880 73541.247 -1119.7301000000002 6817.3778 -1474.965 1.3338849000000002 -1.360412 -7.2714325
60880 73961.247 -468.04168 5595.7278 -4283.0067 1.7175476 -4.3594496 -5.8766346
60880 74381.247 275.49558 3276.6412000000005 -6249.1516 1.7640665 -6.4988969 -3.3304876
60880 74801.247 965.29434 315.76074 -6989.525900000001 1.4656278 -7.3634608 -0.13682939
60880 75221.247 1466.4823999999999 -2706.4605 -6361.0503 0.88142775 -6.7892108 3.0793927
60880 75641.247 1681.4198000000001 -5200.3522 -4487.6669 0.12505188 -4.8892732 5.6931881
60880 76061.247 1568.0098 -6678.674 -1735.6896000000002 -0.65617307 -2.0333342 7.1933515
60880 76481.247 1148.3143 -6852.5064 1356.246 -1.3090542 1.2186844000000001 7.2849268
60880 76901.247 504.49428000000006 -5689.1328 4183.0316 -1.7057178 4.227977399999999 5.952606
60880 77321.247 -237.62695000000002 -3417.7774 6193.2797 -1.7697109 6.408282900000001 3.4621162
60880 77741.247 -933.6066400000001 -481.99269000000004 6996.6388 -1.4897297 7.3406525 0.30016433000000003
60880 78161.247 -1448.1385 2547.3509 6436.7707 -0.91971269 6.8461289 -2.9231393
60880 78581.247 -1680.6273999999999 5080.3094 4620.3565 -0.16860740999999999 5.0147227999999995 -5.5843214
60880 79001.247 -1584.516 6619.652 1898.6147 0.61822533 2.1955429 -7.1598663
60880 79421.247 -1177.9256 6861.8261 -1196.0095000000001 1.285774 -1.0623228999999998 -7.329950200000001
60880 79841.247 -540.0425799999999 5756.7338 -4055.2104 1.7010013 -4.1117353 -6.0576075000000005
60880 80261.247 203.80932 3522.3969 -6116.973 1.782207 -6.349936800000001 -3.5978195
60880 80681.247 908.12825 595.51084 -6976.484200000001 1.5139137 -7.3451815 -0.42751379
60880 81101.247 1434.3989 -2446.7218 -6466.3773 0.95028238 -6.899743900000001 2.8159882
60880 81521.247 1680.0828000000001 -5010.0248 -4688.3755 0.19994900999999998 -5.1030434 5.5105218
60880 81941.247 1596.727 -6592.0677000000005 -1989.7831 -0.59033519 -2.3047959000000002 7.125450700000001
60880 82361.247 1200.5238000000002 -6882.5396 1099.7407 -1.2647840000000001 0.94399743 7.3407781000000005
60880 82781.247 569.4088800000001 -5826.2766 3973.5172000000002 -1.6905867 4.0009247000000006 6.117657400000001
60880 83201.247 -172.97625 -3632.7453 6070.483 -1.7857941000000002 6.2690818 3.7036733
60880 83621.247 -881.75999 -732.5629200000001 6983.8355 -1.5336884 7.3128452 0.5745915300000001
60880 84041.247 -1419.3446000000001 2309.9083 6537.659000000001 -0.9839329 6.935930099999999 -2.6644109
60880 84461.247 -1681.1479 4903.4119 4818.076599999999 -0.24178975 5.2090788 -5.3895799
60880 84881.247 -1615.4944 6541.7468 2157.6754 0.549829 2.4604424 -7.0687034
60880 85301.247 -1234.2350000000001 6901.746700000001 -924.8681700000001 1.2358906 -0.77614001 -7.365977
60880 85721.247 -611.38404 5910.827700000001 -3825.9034 1.6807059 -3.8641172999999998 -6.2178258
60880 86141.247 131.16809 3762.7657999999997 -5976.0755 1.7963930000000001 -6.1942073 -3.8505065
60881 161.247 848.0960200000001 878.66022 -6954.35 1.5608170000000001 -7.3111841 -0.73057244
60881 581.247 1399.3531 -2177.5076 -6569.8373 1.0200943 -6.9984229 2.5321031
60881 1001.247 1676.8722 -4807.3043 -4897.233700000001 0.27921357 -5.315945 5.3011628
60881 1421.247 1626.0721 -6495.8165 -2263.2701 -0.51718769 -2.5903762 7.0323314
60881 1841.247 1256.7125 -6911.7145 815.28023 -1.2122568000000002 0.64239063 7.3825283
60881 2261.247 641.39353 -5974.7985 3733.8565 -1.6690129999999999 3.7431062 6.285554
60881 2681.247 -99.27386100000001 -3871.1530000000002 5922.2267 -1.7991730000000001 6.105288300000001 3.9637448
60881 3101.247 -820.62973 -1014.2233000000001 6955.415599999999 -1.5791723 7.273905 0.8757776199999999
60881 3521.247 -1382.6103 2039.7715 6634.2384 -1.0527263 7.0288179 -2.3800559
60881 3941.247 -1675.9482 4697.3026 5020.8082 -0.32070849 5.4161771 -5.1767733
60881 4361.247 -1642.8962 6439.9243 2427.2007000000003 0.47603287 2.7422527 -6.9691656
60881 4781.247 -1289.0013000000001 6924.5615 -641.1939100000001 1.1816563000000002 -0.47447932 -7.399797899999999
60881 5201.247 -682.8484100000001 6054.0692 -3583.8317 1.6567654 -3.6018901999999997 -6.3788659
60881 5621.247 56.9634 3998.5872000000004 -5823.2278 1.8075179000000001 -6.0229509 -4.1072809
60881 6041.246999999999 785.67204 1161.0473000000002 -6920.887900000001 1.6048691 -7.2644083 -1.0328646000000001
60881 6461.246999999999 1360.9391 -1903.6016000000002 -6662.6816 1.0884888000000001 -7.085408900000001 2.2435159
60881 6881.246999999999 1670.0346000000002 -4595.535900000001 -5098.4196 0.35869095 -5.5202674 5.082820300000001
60881 7301.247 1652.2016 -6387.8365 -2533.4458 -0.44235673000000003 -2.8719076 6.9278203000000005
60881 7721.247 1310.6326999999999 -6928.510700000001 529.2064799999999 -1.1569812 0.33979270000000006 7.4125706000000005
60881 8141.247 712.3961700000001 -6112.4295999999995 3488.0345 -1.6441311 3.4796073 6.443285299999999
60881 8561.247 -25.168648 -4101.794 5764.2076 -1.8092774999999999 5.932026 4.2171482
60881 8981.247 -757.82161 -1292.63 6915.3571 -1.6219376 7.2232316 1.1748669999999999
60881 9401.247 -1343.25 1767.8205 6719.388 -1.1197971 7.1096743 -2.0925522
60881 9821.247 -1667.6870000000001 4484.6708 5214.5272 -0.39934911 5.6133063000000005 -4.955710600000001
60881 10241.247 -1667.4501 6328.1805 2691.975 0.40085796 3.0184759 -6.8577288
60881 10661.247 -1341.718 6935.9523 -357.04298 1.1247381 -0.17271498 -7.4208845000000005
60881 11081.247 -753.56827 6187.139 -3336.1751000000004 1.6294087 -3.3338836 -6.5287575
60881 11501.247 -17.956898000000002 4227.6494 -5660.858200000001 1.8152245 -5.841519000000001 -4.3567844
60881 11921.247 721.21433 1441.5043 -6875.9306 1.6461628000000001 -7.205197600000001 -1.3331886
60881 12341.247 1319.5223 -1626.3488 -6744.0993 1.1554257 -7.1605886000000005 1.951126
60881 12761.247 1659.8527 -4375.945 -5290.5533 0.43817859 -5.7154325 4.8561335
60881 13181.247 1675.3047 -6269.0081 -2798.7912 -0.36602721000000005 -3.1484441000000003 6.8118717
60881 13601.247 1362.4401 -6933.4536 242.87957 -1.0989276000000001 0.036894436 7.4302404
60881 14021.247 782.6490699999999 -6239.664400000001 3237.0422000000003 -1.6157752 3.2104661 6.5899134
60881 14441.247 49.69434 -4325.644 5597.1721 -1.8159277 5.7485726 4.4630966
60881 14861.247 -692.94812 -1569.08 6864.2457 -1.6620302999999998 7.1601446 1.4718585000000002
60881 15281.247 -1300.952 1492.6007 6793.7789 -1.1854413 7.1784768 -1.8016322
60881 15701.247 -1656.1869 4264.1821 5399.937599999999 -0.47798363 5.800972799999999 -4.7266125
60881 16121.247 -1689.066 6205.5745 2952.5011 0.32438757 3.2894041 -6.7351796
60881 16541.247 -1392.1919 6935.100200000001 -72.502544 1.0655133 0.12862948 -7.430159
60881 16961.247 -823.1667 6308.8315 -3083.3402 1.5990984000000001 -3.0614244 -6.667959700000001
60881 17381.247 -93.053946 4448.1057 -5489.3566 1.8197750000000001 -5.6514976 -4.5984021
60881 17801.247 655.3012600000001 1717.6208000000001 -6819.3893 1.6846208 -7.1345534 -1.6299378
60881 18221.247 1275.6702 -1348.4692 -6813.6953 1.2203733 -7.2232153 1.6569200000000002
60881 18641.247 1646.7102 -4150.8455 -5472.836200000001 0.51704967 -5.8995489 4.622033900000001
60881 19061.247 1695.5341 -6140.8523 -3058.3995 -0.28867072000000005 -3.4182695 6.6841194999999995
60881 19481.247 1412.1224 -6927.523 -43.131949 -1.0383898999999999 -0.26551029 7.4344056
60881 19901.247 852.05852 -6357.1309 2980.818 -1.5839507000000002 2.935378 6.7248998
60881 20321.247 125.31015 -4543.6465 5420.8838 -1.8188727 5.554413899999999 4.7015106
60881 20741.247 -625.89065 -1844.7027 6801.933 -1.6991451 7.0843494 1.7671816
60881 21161.247 -1255.486 1212.9583 6857.485000000001 -1.2494395 7.235425 -1.5067515
60881 21581.247 -1641.1397 4034.8645 5577.268900000001 -0.55644894 5.9797681 -4.489380000000001
60881 22001.247 -1707.3593 6071.2561 3208.9155 0.24672798 3.5555164 -6.602172400000001
60881 22421.247 -1440.1558 6921.790599999999 212.65771 1.0040215 0.42986842000000003 -7.4280341
60881 22841.247 -891.36208 6418.9851 -2825.2637000000004 1.5658323 -2.7845955 -6.7968219
60881 23261.247 -168.07076999999998 4659.712 -5308.7918 1.8210667 -5.4531890999999995 -4.8323860000000005
60881 23681.247 588.12829 1989.0101000000002 -6751.3916 1.7200571 -7.0528455999999995 -1.9231270999999999
60881 24101.247 1229.4474 -1070.3766 -6871.454900000001 1.2830706 -7.2736215 1.3612038
60881 24521.247 1630.5331 -3920.4929 -5645.3313 0.5949533699999999 -6.0725773 4.3809586
60881 24941.247 1712.6557 -6003.537200000001 -3312.1007000000004 -0.21064638 -3.6810076 6.5450990000000004
60881 25361.247 1459.3201999999999 -6910.6213 -328.45916 -0.97561696 -0.56653935 7.4254469
60881 25781.247 920.14913 -6464.2961 2719.8759 -1.5489182000000001 2.6556496000000003 6.847935400000001
60881 26201.247 201.00001 -4754.1057 5235.470200000001 -1.8183903000000001 5.3510559 4.9318482999999995
60881 26621.247 -557.36955 -2117.2526000000003 6728.1175 -1.7331741999999999 6.996847600000001 2.0593874999999997
60881 27041.247 -1207.4384 931.34225 6909.4958 -1.3112832 7.2804297 -1.2096942
60881 27461.247 -1622.8723 3798.8886 5744.8411 -0.63407183 6.148518500000001 -4.2452703000000005
60881 27881.247 -1722.381 5926.765200000001 3459.2347999999997 0.16846344 3.8152209 -6.4588616000000005
60881 28301.247 -1485.3601 6896.4002 496.44044 0.94053299 0.7295797199999999 -7.4142526
60881 28721.247 -957.86623 6517.471500000001 -2563.6866 1.5295798 -2.5042970999999996 -6.914465600000001
60881 29141.247 -242.75474 4862.1073 -5120.4854000000005 1.8189699000000001 -5.2468133 -5.057693
60881 29561.247 519.87873 2255.3723 -6672.870900000001 1.7523114000000002 -6.9597565999999995 -2.2119727
60881 29981.247 1180.9498 -792.15734 -6917.9373 1.3434346000000001 -7.311515099999999 1.0643343
60881 30401.247 1611.3411 -3684.9055000000003 -5808.0852 0.67189024 -6.2345901999999995 4.1332971
60881 30821.247 1726.6822 -5857.067 -3559.736 -0.13199109 -3.9364980000000003 6.3952669
60881 31241.247 1504.0133 -6882.6373 -612.77908 -0.9107063200000001 -0.86581344 7.4036805999999995
60881 31661.247 986.8835300000001 -6560.8681 2454.6443 -1.5106510000000002 2.3718846 6.9590241
60881 32081.247 276.75499 -4956.4881 5041.3324 -1.8143517999999998 5.1389454 5.153789
60881 32501.247 -487.34406 -2386.0691 6643.027 -1.7640198 6.897787 2.3480179
60881 32921.247 -1156.7368000000001 648.41207 6949.8517 -1.3709254000000002 7.3133448 -0.9108662000000001
60881 33341.247 -1601.3115 3556.8075 5902.567900000001 -0.7109020100000001 6.306901300000001 -3.9944583
60881 33761.247 -1734.1055000000001 5772.5208 3703.3489 0.0894152 4.0682178 -6.3051858
60881 34181.247 -1527.9155 6859.4412 778.8961899999999 0.87474658 1.0280044000000002 -7.3883534
60881 34601.247 -1022.9037 6604.9725 -2298.4171 1.4900839000000001 -2.2199724 -7.0207272000000005
60881 35021.247 -317.4316 5056.2372000000005 -4924.2699 1.8132845 -5.0317289 -5.2746006
60881 35441.247 450.1652 2518.0147 -6583.9616 1.7813342 -6.8547645 -2.4971298
60881 35861.247 1129.8368 -512.50446 -6953.604 1.4016115 -7.3369134 0.7655589300000001
60881 36281.247 1588.9170000000001 -3442.9873 -5961.927900000001 0.74813164 -6.3860454 3.8784389000000004
60881 36701.247 1737.5324 -5700.6319 -3802.3434 -0.052386550999999996 -4.185511000000001 6.2344864
60881 37121.247 1546.2413000000001 -6843.0593 -897.0636 -0.8434210900000001 -1.1639377 7.3695012
60881 37541.247 1052.3658 -6646.5414 2184.3779 -1.4690857000000002 2.083761 7.0588006
60881 37961.247 352.65722 -5150.494900000001 4838.067099999999 -1.8068106000000002 4.9180618 5.3680147
60881 38381.247 -415.77039 -2650.8145 6546.4789 -1.7917975 6.7873057 2.6334495
60881 38801.247 -1103.3855 364.54689 6978.487400000001 -1.4284764 7.3342030000000005 -0.61003937
60881 39221.247 -1576.5074 3308.9864 6050.4979 -0.7870496100000001 6.4548454 -3.7365831
60881 39641.247 -1742.6361000000002 5608.8967 3941.5201 0.0094514278 4.3146106 -6.1405022
60881 40061.247 -1568.06 6811.461 1060.9847 0.8062822700000001 1.3263671 -7.3493699
60881 40481.247 -1086.8948 6682.701099999999 -2028.1927 1.4468835 -1.9296768 -7.115255400000001
60881 40901.247 -392.69440000000003 5244.213900000001 -4718.9701 1.8036800000000002 -4.8057626 -5.4839364999999995
60881 41321.247 378.28088 2779.8997000000004 -6483.9952 1.8071067 -6.7360622999999995 -2.781355
60881 41741.247 1075.4992 -227.94469 -6979.3196 1.4579569 -7.3491567 0.46119076000000003
60881 42161.247 1562.8901 -3191.3251 -6109.3885 0.8244272600000001 -6.5280678 3.6125816
60881 42581.247 1745.2150000000001 -5531.6857 -4043.9007 0.029201086 -4.4310257 6.0598759
60881 43001.247 1586.4683 -6790.8802000000005 -1186.1118000000001 -0.77268345 -1.4650908999999999 7.322008
60881 43421.247 1117.4545 -6722.1422999999995 1904.4457 -1.4235628999999999 1.7876829 7.1484285000000005
60881 43841.247 429.04733000000004 -5334.5464 4621.3024000000005 -1.7965494000000002 4.6889072 5.5793213
60881 44261.247 -342.68007 -2909.1202000000003 6435.6108 -1.81739 6.668268 2.9179025000000003
60881 44681.247 -1047.6984 83.32454700000001 6992.8342 -1.4843271 7.345426499999999 -0.30786164000000005
60881 45101.247 -1548.8057 3059.5649 6185.4931 -0.86232616 6.5924835 -3.4732271000000003
60881 45521.247 -1748.1947 5439.646900000001 4170.1973 -0.071138172 4.5526952000000005 -5.9648145999999995
60881 45941.247 -1606.3812 6757.9408 1338.943 0.7355055 1.6193240000000002 -7.2929111
60881 46361.247 -1150.534 6754.8566 -1754.4888999999998 1.399259 -1.6342588 -7.192465100000001
60881 46781.247 -469.63489000000004 5430.571400000001 -4504.0014 1.7891547 -4.5664363 -5.6826166
60881 47201.247 303.05486 3045.3105 -6371.4981 1.8292404 -6.6028372 -3.0630136
60881 47621.247 1016.6627 65.91812900000001 -6992.9714 1.5125681 -7.3494319 0.15255971
60881 48041.247 1532.0162 -2926.2696 -6247.322700000001 0.9006982299999999 -6.6626481 3.3396206000000004
60881 48461.247 1748.345 -5347.376200000001 -4278.9632 0.11170993 -4.672312700000001 5.8779515
60881 48881.247 1622.6896000000002 -6722.1 -1471.8757 -0.70053471 -1.7637967 7.2671731
60881 49301.247 1179.2047 -6780.136 1624.2839 -1.3760999999999999 1.4917966 7.230376100000001
60881 49721.247 504.55245 -5508.973 4401.189 -1.782023 4.4520802999999995 5.777434100000001
60881 50141.247 -268.81963 -3160.808 6316.0736 -1.8390864 6.5383036 3.1941591
60881 50561.247 -989.7776600000001 -196.35861 6996.3146 -1.5372119 7.3438837 -0.0079652309
60881 50981.247 -1517.9067 2806.4036 6309.8223 -0.93601624 6.718088 -3.2068481
60881 51401.247 -1750.1962 5262.0431 4390.3644 -0.15160435000000003 4.7811444000000005 -5.782123400000001
60881 51821.247 -1640.8777 6690.4228 1611.8256000000001 0.66373654 1.9069995 -7.2290715
60881 52241.247 -1210.8963 6811.3685000000005 -1482.5891000000001 1.3494535 -1.3391876 -7.260592
60881 52661.247 -542.82947 5594.27 -4286.3735 1.7730798 -4.3271699 -5.875525400000001
60881 53081.247 231.56726 3281.8303 -6248.9735 1.8499507000000002 -6.4731452 -3.3324858
60881 53501.247 960.42514 331.59082 -6990.3166 1.5633531 -7.342328999999999 -0.14022316
60881 53921.247 1501.8219 -2683.6082 -6363.4043 0.97201708 -6.7775656 3.0754737
60881 54341.247 1750.1635 -5175.1274 -4491.5932999999995 0.1908963 -4.889862 5.6898288
60881 54761.247 1656.8461000000002 -6656.3118 -1740.6904 -0.62793768 -2.0461110000000002 7.1917884
60881 55181.247 1239.9822 -6837.5779 1351.098 -1.3240271000000001 1.1966690000000002 7.2858143
60881 55601.247 581.1370400000001 -5684.518900000001 4178.7660000000005 -1.7610134000000002 4.201378200000001 5.9557264
60881 56021.247 -190.9002 -3424.3556000000003 6190.6291 -1.8545047 6.382506 3.4664979
60881 56441.247 -925.85996 -498.34018 6995.8895999999995 -1.5874863000000001 7.3206382 0.3046316
60881 56861.247 -1480.8468 2524.4502 6437.7219000000005 -1.0114079 6.8353699 -2.919617
60881 57281.247 -1747.3773999999999 5055.1738 4622.5193 -0.23633966 5.015126 -5.5820834999999995
60881 57701.247 -1672.205 6596.991900000001 1901.4453999999998 0.58776072 2.2073624 -7.159029800000001
60881 58121.247 -1269.3798000000002 6846.1624 -1193.1231 1.2985901 -1.0413092 -7.330522
60881 58541.247 -617.3398900000001 5751.2233 -4052.8704 1.7544689000000002 -4.0851410999999995 -6.0596865
60881 58961.247 155.7864 3528.1055 -6115.4637999999995 1.8659499000000002 -6.3235238 -3.601259
60881 59381.247 898.51999 614.54966 -6978.8225 1.6123941 -7.3203192 -0.44301099
60881 59801.247 1465.8571000000002 -2419.3176000000003 -6475.8803 1.044442 -6.8869217 2.7976868
60881 60221.247 1747.1038 -4981.0112 -4705.8275 0.27256155000000004 -5.109116 5.4910656
60881 60641.247 1687.2287 -6570.153 -2014.6628 -0.5529942800000001 -2.3324096 7.1107977
60881 61061.247 1297.8218000000002 -6876.082 1071.0513999999998 -1.2704137 0.8993605 7.3382792
60881 61481.247 655.12417 -5840.063700000001 3947.3162 -1.7391604 3.9512318 6.130942
60881 61901.247 -115.25355 -3666.3146 6052.880099999999 -1.8685539000000002 6.2278137 3.730082
60881 62321.247 -863.2795699999999 -779.6456800000001 6978.6598 -1.6346344 7.2910337 0.6055546399999999
60881 62741.247 -1443.5321999999999 2258.4717 6544.5924 -1.0826129000000002 6.9368746 -2.639284
60881 63161.247 -1742.6805 4856.5036 4833.0583 -0.31789172000000004 5.2289143000000005 -5.3770512
60881 63581.247 -1701.0420000000001 6504.584400000001 2174.27 0.51181068 2.4921518000000003 -7.0707192999999995
60881 64001.247 -1326.2472 6878.521900000001 -911.26385 1.2433318 -0.74198559 -7.3765865999999995
60881 64421.247 -691.04472 5901.8608 -3817.4174 1.7308833 -3.8306905 -6.230816300000001
60881 64841.247 79.74520299999999 3767.2489 -5972.638900000001 1.8785003999999998 -6.1637134 -3.8629584
60881 65261.247 835.21793 890.96113 -6951.523 1.6583887 -7.292385599999999 -0.7338060000000001
60881 65681.247 1426.7115000000001 -2158.0083 -6565.3183 1.112398 -6.987339 2.5387546000000003
60881 66101.247 1739.4737 -4784.6033 -4894.2881 0.3480628 -5.3083805 5.3081802
60881 66521.247 1710.265 -6471.5418 -2257.2327999999998 -0.48502012000000005 -2.5900825 7.0396348
60881 66941.247 1345.3904 -6888.3442000000005 823.8979300000001 -1.2234181000000002 0.6380931900000001 7.3869394
60881 67361.247 716.5535600000001 -5953.9783 3743.2451 -1.7208938 3.735801 6.2826661999999995
60881 67781.247 -52.624528 -3854.5285 5928.869 -1.8806281 6.0937035 3.9516996
60881 68201.247 -811.59484 -1003.4831 6955.5876 -1.6738086 7.2574967 0.85779039
60881 68621.247 -1412.8419 2042.8064 6626.5765 -1.1420175 7.009034300000001 -2.398237
60881 69041.247 -1739.5395 4692.0605000000005 5006.5971 -0.38777659000000003 5.3975351 -5.1888533
60881 69461.247 -1727.6903 6428.0262 2409.8915 0.44360356 2.7309341 -6.9717229
60881 69881.247 -1378.779 6909.736 -657.90122 1.1902096 -0.47445885 -7.3940644
60881 70301.247 -760.54776 6041.8150000000005 -3596.8789 1.704816 -3.5897689 -6.3678861
60881 70721.247 6.3066234 3993.3439 -5831.2465 1.8861983 -6.0026124 -4.0949596999999995
60881 71141.247 771.9531800000001 1164.9763 -6923.919900000001 1.6991968 -7.2421426 -1.0216565
60881 71561.247 1386.8533 -1890.8457 -6661.0041 1.1801477 -7.0675473 2.2533649000000002
60881 71981.247 1730.7205000000001 -4576.8993 -5093.254599999999 0.4286684 -5.5076054999999995 5.0930661
60881 72401.247 1735.2024 -6365.3796 -2524.2304 -0.40795175 -2.866176 6.9365214
60881 72821.247 1399.1796000000002 -6904.7098 541.29303 -1.1654589000000002 0.34077884 7.417006300000001
60881 73241.247 788.55387 -6089.1192 3500.5098 -1.6935953 3.4771871 6.4390471
60881 73661.247 23.447126 -4081.7753 5773.7209 -1.8888112000000001 5.9245268 4.1999924
60881 74081.247 -746.2328000000001 -1277.1101 6915.9783 -1.71571 7.2092779 1.1503642
60881 74501.247 -1370.7661 1776.1961000000001 6709.0787 -1.2091215 7.0898745 -2.1189517
60881 74921.247 -1728.6851000000001 4483.970200000001 5193.974 -0.46688378999999997 5.590637200000001 -4.9768592
60881 75341.247 -1749.8939 6318.261 2664.7580000000003 0.36789312 2.9982427 -6.8675559
60881 75761.247 -1429.1633000000002 6917.6035 -385.99961 1.132839 -0.18568335 -7.4185462
60881 76181.247 -829.20184 6165.6061 -3361.4115 1.6766087 -3.3356403 -6.5138843
60881 76601.247 -67.06060799999999 4207.9441 -5677.8873 1.8922865 -5.8312065 -4.3335594
60881 77021.247 708.2247600000001 1428.2436 -6882.462500000001 1.7382832000000001 -7.185547 -1.3074448
60881 77441.247 1345.2888 -1630.2717 -6740.1152 1.2449498 -7.1370009 1.9742695000000001
60881 77861.247 1719.6715 -4370.6586 -5277.8651 0.50758617 -5.6930062 4.8731599
60881 78281.247 1757.5883999999999 -6255.441 -2780.8555 -0.33043941 -3.1318344000000002 6.820285
60881 78701.247 1451.1481 -6914.6183 262.41206 -1.1044876 0.045136286 7.4294335
60881 79121.247 860.4196400000001 -6219.4807 3254.5076000000004 -1.6615256999999999 3.2100892 6.5795823
60881 79541.247 100.56921000000001 -4303.1414 5607.0516 -1.8938676 5.7434679 4.4468106
60881 79961.247 -678.65741 -1550.048 6865.1212000000005 -1.7552992 7.1483277 1.4462099000000002
60881 80381.247 -1325.7841 1505.0807 6782.910400000001 -1.2753595 7.1592023000000005 -1.8305866000000002
60881 80801.247 -1714.9766000000002 4267.3702 5377.668900000001 -0.5471772 5.7767682 -4.7504723
60881 81221.247 -1770.211 6198.570900000001 2922.6387999999997 0.28878258 3.2662376 -6.7465627
60881 81641.247 -1480.1543000000001 6920.729 -104.0039 1.0697209 0.11403637999999999 -7.4253413
60881 82061.247 -900.9906800000001 6291.0680999999995 -3110.1474 1.6421332 -3.0616483 -6.6508949
60881 82481.247 -145.9445 4433.330900000001 -5507.508400000001 1.8936291 -5.6375009 -4.5755721000000005
60881 82901.247 637.60365 1710.8210000000001 -6827.9152 1.775708 -7.1117958 -1.6077756
60881 83321.247 1296.8593 -1345.2226 -6813.6508 1.3114488 -7.199442200000001 1.6751886
60881 83741.247 1702.9668000000001 -4138.4829 -5466.0382 0.5900898 -5.880593200000001 4.6359767000000005
60881 84161.247 1778.1052 -6127.0318 -3053.8375 -0.24792660000000002 -3.4042958 6.685301000000001
60881 84581.247 1504.3009 -6913.8478 -39.758 -1.0370968 -0.26710421 7.4284842
60881 85001.247 935.5090799999999 -6344.8178 2982.0840000000003 -1.6244659 2.9234292 6.7204062
60881 85421.247 184.17958 -4537.2733 5419.8333 -1.8937202 5.5397626 4.6953607
60881 85841.247 -603.1236 -1844.2196000000001 6797.316 -1.7931992 7.0713061 1.7557260000000001
60881 86261.247 -1272.8846 1208.3318000000002 6846.586200000001 -1.3432794 7.223765800000001 -1.5251075
60882 281.247 -1694.469 4025.1711 5557.651 -0.63079445 5.9670068 -4.5113691
60882 701.247 -1784.9764 6055.8239 3179.5845 0.20669358 3.5407949 -6.6203064000000005
60882 1121.247 -1526.2261 6901.0612 178.55615 1.0051155 0.41655175000000005 -7.4321003
60882 1541.247 -968.46664 6394.3602 -2857.6022000000003 1.6065828 -2.7888373000000004 -6.784544100000001
60882 1961.247 -220.52382 4630.9713 -5329.685 1.8945364 -5.448227 -4.812315300000001
60882 2381.247 571.51142 1958.136 -6757.669400000001 1.8113234 -7.0433808 -1.8898537
60882 2801.247 1251.3767 -1094.2218 -6862.777400000001 1.3725999 -7.2513499 1.3976574000000002
60882 3221.247 1686.68 -3932.9941000000003 -5622.6215 0.6658352200000001 -6.0419784000000005 4.4093664
60882 3641.247 1792.2889 -6002.924599999999 -3280.5495 -0.17131321 -3.6509694 6.5575705
60882 4061.247 1547.5033 -6899.2563 -295.40949 -0.97486579 -0.54665783 7.4203485
60882 4481.247 1000.4054000000001 -6447.77 2747.6628 -1.5869367 2.659624 6.830001
60882 4901.247 258.21044 -4739.152400000001 5254.1043 -1.8885296 5.340073500000001 4.908189800000001
60882 5321.247 -534.19987 -2109.0702 6736.5746 -1.8225652 6.9768106 2.0351978
60882 5741.246999999999 -1222.9227 930.43203 6908.1591 -1.4029211000000001 7.2582078 -1.2319811
60882 6161.246999999999 -1674.1069 3789.0319 5734.6584 -0.7097129999999999 6.1286176999999995 -4.2650645
60882 6581.246999999999 -1799.2227 5909.4827000000005 3441.4621 0.12458645 3.7985886 -6.4746186
60882 7001.246999999999 -1572.5616000000002 6874.1028 474.22434999999996 0.9374098900000001 0.7164918800000001 -7.4207041
60882 7421.247 -1037.5301 6490.669900000001 -2586.2147000000004 1.5679485 -2.5124348 -6.908898000000001
60882 7841.247 -298.87135 4833.3278 -5137.775900000001 1.8907374000000001 -5.2475701 -5.038354999999999
60882 8261.247 498.44635 2228.16 -6679.4541 1.8427514 -6.9505074 -2.1814186
60882 8681.247 1198.1957 -815.7326700000001 -6906.227 1.433238 -7.293961599999999 1.1108696
60882 9101.247 1664.2517 -3700.8005000000003 -5781.9148 0.7414638 -6.197611 4.1786096
60882 9521.247 1804.0881000000002 -5859.6406 -3522.4522 -0.094488079 -3.8893377 6.4213078999999995
60882 9941.247 1590.4982 -6870.406 -571.41134 -0.91016461 -0.8282645599999999 7.4041806
60882 10361.247 1064.9005 -6533.8332 2492.5389 -1.5491608000000001 2.3956713 6.9428073
60882 10781.247 330.0496 -4913.7595 5065.9478 -1.8871242 5.1568315 5.1249149
60882 11201.247 -468.92868 -2333.0759 6643.7555 -1.8555753 6.9128252 2.2942957
60882 11621.247 -1176.3426000000002 702.7195899999999 6921.6128 -1.4583477 7.307083800000001 -0.99059511
60882 12041.247 -1654.1064 3601.1316 5844.91 -0.77490958 6.2639541 -4.0759666
60882 12461.247 -1807.1094 5792.942599999999 3616.8233999999998 0.059673011000000005 3.9978721 -6.362751500000001
60882 12881.247 -1605.6562 6848.6328 677.01209 0.8836955400000001 0.9451582700000001 -7.4023931
60882 13301.247 -1089.2816 6560.9796 -2396.0308999999997 1.5340661 -2.2912444 -6.9865665
60882 13721.247 -359.77338000000003 4989.3243 -4998.7363 1.8827283000000001 -5.0705153 -5.2021852
60882 14141.247 440.22539 2442.8468 -6623.4462 1.8636366 -6.8532497999999995 -2.4078445000000004
60882 14561.247 1154.6423 -579.15403 -6956.0474 1.4821972 -7.2992455000000005 0.84953718
60882 14981.247 1644.673 -3488.5891 -5933.1856 0.81261238 -6.3261006 3.9410010000000004
60882 15401.247 1814.747 -5719.1954000000005 -3753.1888 -0.016490287 -4.1190413 6.2685632
60882 15821.247 1630.9827 -6834.674599999999 -839.3938 -0.84440604 -1.1023002 7.3746935
60882 16241.247 1128.5533 -6614.4523 2238.4253 -1.5083419 2.1336274 7.0371353
60882 16661.247 405.51469000000003 -5101.1997 4877.4765 -1.8774551 4.95234 5.3205449
60882 17081.247 -396.79378 -2591.1831 6561.1435 -1.8796137000000002 6.8013942 2.5637607
60882 17501.247 -1121.657 424.78942 6960.4902 -1.5147765 7.321911500000001 -0.69391758
60882 17921.247 -1627.4529 3357.7506000000003 5996.8953 -0.8535084399999999 6.411861 -3.8189212
60882 18341.247 -1815.0771000000002 5633.4875 3858.9254 -0.023955182000000002 4.2444337999999995 -6.1992536000000005
60882 18761.247 -1646.9143000000001 6805.357 961.92713 0.81150374 1.242491 -7.365681400000001
60882 19181.247 -1155.8412 6642.8826 -2124.1983999999998 1.4878453 -2.0026526 -7.0846446
60882 19601.247 -438.45734000000004 5179.4856 -4792.8838 1.8718449000000001 -4.8490331 -5.4155752
60882 20021.247 364.83671000000004 2703.7746 -6523.7261 1.8897605000000002 -6.7421391999999996 -2.6919684000000004
60882 20441.247 1097.1333 -298.61876 -6980.819 1.5397561000000002 -7.318244 0.5506173
60882 20861.247 1616.0458999999998 -3242.9413 -6076.4783 0.8903267899999999 -6.4703893 3.6846554
60882 21281.247 1820.4075 -5555.902400000001 -3986.4037000000003 0.066419337 -4.3605792 6.103649900000001
60882 21701.247 1669.7564 -6785.2391 -1117.0103000000001 -0.77216384 -1.3951942 7.3329442
60882 22121.247 1192.9174 -6689.084 1971.1849 -1.4606246 1.8453461 7.1269613000000005
60882 22541.247 483.02143 -5285.956099999999 4673.067 -1.8636253 4.724735 5.525220099999999
60882 22961.247 -321.2183 -2850.7693 6460.3831 -1.9025560000000001 6.678637 2.8447822
60882 23381.247 -1062.8548999999998 140.42718 6984.6116 -1.5704757999999999 7.3289761 -0.38998465
60882 23801.247 -1597.1821000000002 3104.1336 6143.0931 -0.9315715400000001 6.549553700000001 -3.5512881000000003
60882 24221.247 -1819.199 5461.2492 4096.72 -0.10877259 4.487281100000001 -6.0248059000000005
60882 24641.247 -1685.0699 6748.626700000001 1247.2156000000002 0.73701813 1.540365 -7.3178699
60882 25061.247 -1220.4357 6712.4173 -1847.517 1.4385382 -1.7094602 -7.1726736
60882 25481.247 -516.5047000000001 5360.1979 -4579.1777 1.8573377 -4.619078900000001 -5.6207183999999994
60882 25901.247 288.90957000000003 2957.1501000000003 -6412.2829 1.9129129 -6.6221612 -2.9715798
60882 26321.247 1037.9034000000001 -21.504943 -6992.6783 1.594718 -7.32657 0.25266013000000004
60882 26741.247 1584.7601000000002 -2996.0467000000003 -6207.4046 0.96626343 -6.603418700000001 3.4245650999999997
60882 27161.247 1822.9338 -5386.9103 -4209.923 0.14894348 -4.5926641 5.929778000000001
60882 27581.247 1705.5991000000001 -6727.1388 -1389.3711 -0.6986081799999999 -1.6827599 7.2782023
60882 28001.247 1255.1123 -6753.1535 1702.9097 -1.4106795 1.5588774 7.2030534
60882 28421.247 559.4747 -5460.509599999999 4462.1563 -1.8467801 4.4936963 5.717835600000001
60882 28841.247 -245.36359 -3102.4262000000003 6348.6437000000005 -1.9222301 6.5487488 3.1165677
60882 29261.247 -1002.4096 -139.57628 6994.5239 -1.6229897000000002 7.3262594 -0.09215241
60882 29681.247 -1564.0121000000001 2850.3757 6273.292 -1.0067498000000001 6.6752096000000005 -3.2861352000000004
60882 30101.247 -1820.1297 5283.4534 4323.8681 -0.19208837 4.7170014 -5.8435421
60882 30521.247 -1719.787 6681.6768 1525.7295000000001 0.6621909 1.8294639 -7.258766
60882 30941.247 -1282.0883999999999 6769.2041 -1572.38 1.3873094000000001 -1.4195018 -7.2474853
60882 31361.247 -592.9446800000001 5529.534000000001 -4361.8114000000005 1.8395112999999998 -4.385610300000001 -5.8122977
60882 31781.247 212.50489000000002 3199.6347 -6284.920400000001 1.9343961 -6.5027645000000005 -3.2408084
60882 32201.247 977.2948000000001 245.93278 -6984.687 1.6475066 -7.332542900000001 -0.033936295000000005
60882 32621.247 1550.906 -2756.6061 -6313.317599999999 1.0386295 -6.727826200000001 3.1776097
60882 33041.247 1821.113 -5219.9056 -4403.4687 0.22669407000000003 -4.8071611999999995 5.7651511
60882 33461.247 1735.0898000000002 -6662.1511 -1629.9771 -0.62941383 -1.9468355 7.2215907
60882 33881.247 1309.8918 -6802.2083 1463.1132 -1.3614380000000001 1.2898083999999999 7.2620704
60882 34301.247 629.14791 -5615.4485 4270.3135999999995 -1.8263264 4.2664964 5.884348200000001
60882 34721.247 -174.04507999999998 -3336.4308 6245.1907 -1.9351800000000001 6.405696600000001 3.3653150999999997
60882 35141.247 -943.52798 -410.12697 7005.6541 -1.6686542 7.2993544 0.19637232000000002
60882 35561.247 -1530.0566000000001 2595.5975 6404.3460000000005 -1.0780389000000001 6.7773424 -3.0136445
60882 35981.247 -1819.2126 5096.6377999999995 4555.5007000000005 -0.27552807 4.9339516 -5.6462275
60882 36401.247 -1753.3306000000002 6602.786400000001 1815.6831000000002 0.58440278 2.1176994000000002 -7.1836185
60882 36821.247 -1343.9999 6815.3597 -1280.3653000000002 1.3325787 -1.1236404 -7.3129636
60882 37241.247 -670.7495600000001 5689.548900000001 -4124.2203 1.8198316 -4.1478855 -6.0023477000000005
60882 37661.247 134.24727 3446.3476 -6156.089400000001 1.9495114000000002 -6.3552158 -3.5121172
60882 38081.247 912.1355100000001 529.9979000000001 -6976.345700000001 1.6974362 -7.314958400000001 -0.3370145
60882 38501.247 1512.2879 -2492.5605 -6429.1038 1.1129597000000002 -6.841239400000001 2.9028116
60882 38921.247 1816.3374 -5027.4928 -4619.0525 0.31076414999999996 -5.0288702999999995 5.5726969
60882 39341.247 1764.719 -6577.9551 -1902.1515 -0.55240915 -2.2315997000000003 7.1488505
60882 39761.247 1367.6768000000002 -6840.9866 1188.1713 -1.3065621 0.99884926 7.3214109
60882 40181.247 703.46025 -5767.834900000001 4045.9879 -1.8037941000000002 4.025421 6.0619778
60882 40601.247 -97.854181 -3571.4168 6114.3963 -1.9487895000000002 6.2593674 3.6257508
60882 41021.247 -880.24098 -681.68774 6993.152400000001 -1.7154927 7.274186800000001 0.49032523
60882 41441.247 -1491.9901000000002 2340.1756 6512.774 -1.1494238 6.8783104 -2.74088
60882 41861.247 -1814.028 4907.4383 4764.8055 -0.35824522000000003 5.1435931 -5.446560000000001
60882 42281.247 -1782.5467 6518.1808 2086.0888999999997 0.5061496 2.3972925000000003 -7.097163800000001
60882 42701.247 -1402.401 6853.6324 -1001.2489 1.2742868 -0.82799172 -7.3591619
60882 43121.247 -747.2322700000001 5844.9034 -3891.5773 1.7935584 -3.8956505000000003 -6.1739001
60882 43541.247 54.572224000000006 3689.2285 -6016.3467 1.9608343 -6.1978634 -3.7751391
60882 43961.247 845.71088 810.4855500000001 -6959.0566 1.7434988 -7.2827668 -0.63632731
60882 44381.247 1471.5344 -2228.5304 -6535.0387 1.1830651 -6.937425 2.6324504
60882 44801.247 1809.1580000000001 -4829.1663 -4830.698200000001 0.39163913000000006 -5.2308213 5.3757005
60882 45221.247 1791.1375 -6480.9623 -2173.4356000000002 -0.47651130999999997 -2.503247 7.0689562
60882 45641.247 1421.8969 -6861.9834 911.2647 -1.2525243000000001 0.71933833 7.3745588
60882 46061.247 773.7207900000001 -5896.9925 3816.8386 -1.7824369 3.7983639 6.230681400000001
60882 46481.247 -26.169396000000003 -3772.5815000000002 5967.2006 -1.9645902000000002 6.1365078 3.8678746000000004
60882 46901.247 -820.95334 -909.48289 6946.2479 -1.7617505000000002 7.2718807 0.74553828
60882 47321.247 -1455.9005 2132.9466 6565.8501 -1.2121388 6.9768552 -2.5255603
60882 47741.247 -1805.5408 4757.727900000001 4894.8085 -0.42503617000000005 5.313769000000001 -5.299002000000001
60882 48161.247 -1801.1793 6449.6416 2261.5006000000003 0.44535348 2.6090036 -7.0308019999999996
60882 48581.247 -1443.8975 6877.8339000000005 -816.2430899999999 1.2273679 -0.60270681 -7.380307200000001
60882 49001.247 -804.31396 5961.4764000000005 -3734.2471 1.7674694 -3.6865722 -6.2849187
60882 49421.247 -7.9407076 3883.8179 -5923.576400000001 1.9619016 -6.041640800000001 -3.9692426000000003
60882 49841.247 790.0499000000001 1052.4411 -6960.8431 1.7755219 -7.2185853 -0.88964927
60882 50261.247 1435.0751 -1982.7628000000002 -6646.8246 1.2453886 -6.996834 2.3608004
60882 50681.247 1801.9370000000001 -4633.4671 -5041.3746 0.47229238 -5.4163768 5.1594429
60882 51101.247 1818.3654 -6382.8521 -2453.1820000000002 -0.39605017 -2.7735770000000004 6.9615213
60882 51521.247 1479.6981 -6885.3607 614.8565500000001 -1.1903484000000002 0.42238540999999996 7.4050876
60882 51941.247 851.1246 -6038.664 3561.9222999999997 -1.7530640000000002 3.5429961 6.3936247
60882 52361.247 55.577896 -4007.1021 5808.2217 -1.9720336 5.9696085000000005 4.1241224
60882 52781.247 -750.8515500000001 -1189.484 6912.125599999999 -1.8042465 7.224131000000001 1.0454124999999999
60882 53201.247 -1410.6216000000002 1860.2392 6662.6801 -1.2822023999999999 7.057574300000001 -2.2353406000000002
60882 53621.247 -1793.4601000000002 4545.0662 5101.1392000000005 -0.51040842 5.5143888 -5.0768671
60882 54041.247 -1825.1836 6339.9412999999995 2538.3058 0.36190622 2.8902407 -6.923459200000001
60882 54461.247 -1499.4687 6893.2398 -522.97491 1.1631442 -0.29875194 -7.4106117000000005
60882 54881.247 -880.43659 6098.214900000001 -3481.7929 1.7354555 -3.4225379 -6.445535700000001
60882 55301.247 -89.538972 4113.4385 -5760.206400000001 1.9680404 -5.8700157 -4.2252604
60882 55721.247 718.81088 1328.8555000000001 -6916.017900000001 1.8177459 -7.170525400000001 -1.1885747
60882 56141.247 1387.6965 -1713.6493 -6726.394 1.3148443 -7.078617599999999 2.0768874999999998
60882 56561.247 1787.1371000000001 -4423.2915 -5227.5916 0.55545907 -5.6105369000000005 4.9434312
60882 56981.247 1838.666 -6271.7042 -2708.6669 -0.31482212 -3.0431231 6.852973
60882 57401.247 1531.051 -6894.6776 340.22853000000003 -1.1261534 0.12753243 7.4244566999999995
60882 57821.247 923.6366 -6167.4035 3322.2911000000004 -1.7181921 3.278374 6.5384968
60882 58241.247 135.22075 -4231.5213 5651.656 -1.9735770000000001 5.7862426 4.368542000000001
60882 58661.247 -679.72174 -1466.8808999999999 6871.4673 -1.8424903 7.1591521 1.3436682000000002
60882 59081.247 -1362.0723 1587.1249 6742.2321 -1.3487163 7.1284844000000005 -1.9553994000000001
60882 59501.247 -1778.2051000000001 4330.5455 5292.170700000001 -0.59001204 5.6932509 -4.8626803
60882 59921.247 -1843.6202 6218.436 2797.7355000000002 0.28275424 3.1516282 -6.8180442999999995
60882 60341.247 -1547.7744 6887.970700000001 -246.61828 1.1026427 -0.017058421 -7.436381000000001
60882 60761.247 -947.9629 6204.794 -3242.4777000000004 1.7057775 -3.1810012000000003 -6.5911599
60882 61181.247 -162.38432999999998 4305.0194 -5600.2124 1.9736021000000001 -5.7139813 -4.4556922000000005
60882 61601.247 655.2745500000001 1562.9098999999999 -6861.416 1.8553873 -7.1248117 -1.4534613
60882 62021.247 1345.2455 -1483.9909 -6781.772900000001 1.375897 -7.143948000000001 1.8255724
60882 62441.247 1773.301 -4242.0095 -5378.3065 0.62869865 -5.7720636999999995 4.7468119
60882 62861.247 1855.973 -6173.7947 -2924.7224 -0.24171644 -3.2740264000000003 6.7432486
60882 63281.247 1576.78 -6901.849400000001 100.48949 -1.0657847 -0.13509412 7.422922300000001
60882 63701.247 989.99999 -6283.5658 3106.0317000000005 -1.6819737000000001 3.0300176000000003 6.651276200000001
60882 64121.247 210.17897 -4440.2338 5504.557900000001 -1.9698777 5.601777 4.5809676
60882 64541.247 -610.62472 -1732.0791000000002 6828.3278 -1.8740094 7.0806644 1.6181678
60882 64961.247 -1312.5419 1313.2812 6819.054700000001 -1.4129619 7.1808537 -1.662447
60882 65381.247 -1758.4222 4102.1287999999995 5476.5448 -0.6748859300000001 5.8791178 -4.625304600000001
60882 65801.247 -1861.0393000000001 6089.1567000000005 3063.7667 0.1959528 3.4261562 -6.6842733
60882 66221.247 -1598.9578000000001 6883.6688 47.802073 1.031345 0.29383802 -7.4375222999999995
60882 66641.247 -1023.2547 6328.0344000000005 -2977.6277000000005 1.6642484 -2.8948227 -6.728697100000001
60882 67061.247 -247.00026000000003 4530.697 -5415.661400000001 1.971157 -5.5116395 -4.7058529
60882 67481.247 578.0374 1847.6157 -6795.4915 1.8920247 -7.0473196 -1.7617008
60882 67901.247 1290.3538999999998 -1195.6073999999999 -6846.9433 1.4438549 -7.203976 1.5198788
60882 68321.247 1751.2662 -4005.9412 -5560.848900000001 0.71461198 -5.956919200000001 4.5026953999999995
60882 68741.247 1870.8993 -6035.5751 -3188.3543 -0.15450926999999998 -3.5474558000000003 6.6075124
60882 69161.247 1625.614 -6887.9613 -192.41832000000002 -0.99419974 -0.44389074 7.4214647000000005
60882 69581.247 1063.1227 -6396.2958 2841.0417 -1.6398785 2.7458439 6.7839294
60882 70001.247 293.26338 -4657.371 5319.3255 -1.9652759000000002 5.3968001999999995 4.8218555
60882 70421.247 -533.75891 -2011.428 6759.143099999999 -1.9077528 6.9942651 1.9208962
60882 70841.247 -1256.9083 1025.9851 6879.9472000000005 -1.478702 7.230191 -1.3558897
60882 71261.247 -1735.051 3863.1542000000004 5656.5244 -0.7601109 6.0557359 -4.3745129
60882 71681.247 -1874.6953999999998 5945.5357 3328.4406000000004 0.10822653 3.6950697 -6.539853
60882 72101.247 -1646.9837 6863.6489 345.24224 0.95827751 0.60323975 -7.4287947999999995
60882 72521.247 -1096.2049 6435.451900000001 -2705.8347000000003 1.6206853 -2.6079489 -6.8573389
60882 72941.247 -330.51292 4745.8157 -5225.338400000001 1.9646433 -5.302860300000001 -4.940991
60882 73361.247 499.89417 2128.0456 -6720.7076 1.9240401 -6.955025 -2.0625381000000003
60882 73781.247 1232.8669 -904.98464 -6901.9136 1.5085458 -7.2485466 1.2133062000000001
60882 74201.247 1725.6622 -3761.7223 -5734.9728 0.79917962 -6.1295576 4.2514819
60882 74621.247 1882.0669 -5885.071599999999 -3447.2839 -0.066946028 -3.8134769000000004 6.461699800000001
60882 75041.247 1671.0973000000001 -6859.640200000001 -485.02912 -0.92113914 -0.74961641 7.4093939
60882 75461.247 1132.6152 -6489.936900000001 2572.6384 -1.5967114999999998 2.4641991 6.9093179000000005
60882 75881.247 373.25347 -4854.4897 5127.064200000001 -1.9590214000000001 5.1929563 5.0526763
60882 76301.247 -459.03819 -2271.2091 6678.0650000000005 -1.9385378000000002 6.9038408 2.2110145
60882 76721.247 -1201.8831 754.9298100000001 6923.8145 -1.5401903 7.267495200000001 -1.0601382000000001
60882 77141.247 -1710.41 3633.7932 5816.3305 -0.8410652900000001 6.2138425 -4.1265701
60882 77561.247 -1885.0618000000002 5803.4418 3570.3801000000003 0.023861550999999998 3.9433730000000002 -6.3902827
60882 77981.247 -1690.9349 6837.4232 624.6625 0.8855353 0.89728132 -7.403588399999999
60882 78401.247 -1165.6845 6532.5410999999995 -2443.7549 1.5740582 -2.3251383000000003 -6.9639263
60882 78821.247 -412.0065 4947.2536 -5031.4695 1.9541853000000002 -5.0857739 -5.166020400000001
60882 79241.247 422.21193 2397.4519 -6637.0265 1.9520657000000001 -6.8510546 -2.3559584
60882 79661.247 1174.2064 -619.46825 -6946.212500000001 1.569685 -7.2772807 0.90717327
60882 80081.247 1697.7314 -3515.8957 -5900.1482000000005 0.8820154800000001 -6.2870135000000005 3.9916117
60882 80501.247 1890.7508 -5727.7571 -3702.5598 0.021665055 -4.0706296 6.2999707
60882 80921.247 1715.1147 -6822.731 -781.28008 -0.84433541 -1.0563175 7.3795843
60882 81341.247 1204.683 -6585.8153 2292.7882000000004 -1.5460207000000001 2.1660086 7.0153169
60882 81761.247 459.03384000000005 -5063.1007 4918.1451 -1.9456978 4.9641682000000005 5.2787167
60882 82181.247 -376.19006 -2552.7396000000003 6581.7977 -1.9656222 6.7915418 2.5121017
60882 82601.247 -1138.0979 455.20273 6959.2362 -1.602325 7.2946067999999995 -0.74500446
60882 83021.247 -1677.9935 3374.1916 5975.83 -0.92567784 6.3742716 -3.8611364
60882 83441.247 -1891.0632 5636.3959 3824.7725 -0.066149666 4.201538800000001 -6.2234628
60882 83861.247 -1734.6746 6796.0881 926.61464 0.8055969700000001 1.2092612999999999 -7.3639799
60882 84281.247 -1238.109 6623.545400000001 -2154.4829 1.5197936 -2.0140764 -7.0690702000000005
60882 84701.247 -497.98281000000003 5150.013599999999 -4813.7704 1.9396361 -4.8523388999999995 -5.3935738
60882 85121.247 339.32597 2668.3768999999998 -6526.2768 1.9802438 -6.7451205000000005 -2.6555016
60882 85541.247 1111.0043 -333.78003 -6966.0262 1.6286132 -7.3055764 0.6160607
60882 85961.247 1664.1232 -3269.0087000000003 -6033.6957 0.9606321000000001 -6.4377311 3.7528652000000005
60882 86381.247 1893.8976000000002 -5568.9457 -3926.0062000000003 0.10287229 -4.300982299999999 6.1508492
60883 401.247 1751.6042 -6775.3535999999995 -1044.1191999999999 -0.77323472 -1.3322725 7.3454193
60883 821.247 1266.5751 -6655.460900000001 2041.7717 -1.4983786000000001 1.8949106999999998 7.1047924
60883 1241.247 533.89003 -5234.536599999999 4727.9995 -1.9313383 4.7528094 5.4747848
60883 1661.247 -302.78084 -2793.434 6490.0384 -1.9867774 6.6783127 2.7773014
60883 2081.247 -1080.5062 191.75205 6985.0383 -1.6553993 7.301534 -0.45913469
60883 2501.247 -1647.8517 3139.5204 6116.6266 -1.0013196 6.502741 -3.6083602000000004
60883 2921.247 -1893.8056000000001 5474.7812 4052.4128 -0.15009181000000002 4.4321669 -6.058735700000001
60883 3341.247 -1770.6480000000001 6741.7306 1198.3499 0.73105652 1.4929504999999998 -7.321967400000001
60883 3761.247 -1300.4258 6688.4902 -1893.1885 1.4709619 -1.7428432 -7.153965
60883 4181.247 -575.71727 5326.3422 -4613.2997000000005 1.9225996 -4.635133700000001 -5.5835988
60883 4601.247 261.55218 2923.2147999999997 -6429.7385 1.9981893 -6.6175737 -2.9231747
60883 5021.247 1047.8587 -50.278255 -6988.6878 1.6840767 -7.3070580000000005 0.30542
60883 5441.247 1629.8718000000001 -3013.9329 -6181.4262 1.0413554999999999 -6.5714424000000005 3.475214
60883 5861.246999999999 1893.7808 -5389.2826 -4164.6025 0.19405234999999998 -4.5505314 5.9694999
60883 6281.246999999999 1787.335 -6710.514099999999 -1331.4513000000002 -0.69272466 -1.6356051 7.2968814
60883 6701.246999999999 1330.9551999999999 -6717.8773 1762.9677 -1.4442921 1.6008912 7.1926294
60883 7121.246999999999 613.6031700000001 -5406.0167 4507.6922 -1.9141097 4.524242 5.6832145
60883 7541.247 -224.15920000000003 -3035.7681000000002 6369.651400000001 -2.0094666 6.5627414 3.0588402
60883 7961.247 -1017.6906 -71.41002800000001 6979.5143 -1.7108219999999998 7.3196661999999995 -0.17536366
60883 8381.247 -1612.6136999999999 2908.0152000000003 6221.9097 -1.0753435999999998 6.6341887 -3.3733713
60883 8801.247 -1891.135 5317.1657000000005 4239.763 -0.22862148 4.6462351 -5.9083808
60883 9221.247 -1798.2648000000002 6682.0396 1422.7385 0.66340366 1.7448851 -7.2813376
60883 9641.247 -1352.3968 6735.2524 -1674.4912 1.4240203 -1.4942678 -7.220712499999999
60883 10061.247 -641.73897 5469.8554 -4443.290900000001 1.9036471 -4.4294285 -5.746082400000001
60883 10481.247 194.18972 3137.7947000000004 -6344.178900000001 2.0109817 -6.4900802 -3.1576117
60883 10901.247 992.53224 196.38616000000002 -7010.5055 1.7281138 -7.2855039 0.035803919000000003
60883 11321.247 1598.6747 -2783.1317000000004 -6315.4306 1.1106805 -6.669014000000001 3.2198061
60883 11741.247 1894.939 -5223.0222 -4393.193 0.27638369 -4.7568303 5.7836466
60883 12161.247 1822.8131 -6647.354700000001 -1614.9103 -0.61471922 -1.9113620000000002 7.2271807
60883 12581.247 1395.0977 -6774.6819000000005 1478.799 -1.3885832 1.3166094000000002 7.2596195
60883 13001.247 694.51653 -5576.9091 4282.348900000001 -1.8920838000000002 4.292710100000001 5.8675448
60883 13421.247 -142.0625 -3287.1142999999997 6245.1239000000005 -2.025275 6.4295725 3.3227735
60883 13841.247 -950.79612 -353.55227 6981.4511 -1.7617738 7.3074224999999995 0.12501072000000002
60883 14261.247 -1573.3074 2647.2176 6350.0834 -1.1528006 6.7516383 -3.0963730999999997
60883 14681.247 -1887.3566 5130.102400000001 4468.522400000001 -0.31751080000000004 4.8741481 -5.7146486
60883 15101.247 -1831.1073999999999 6606.3562 1707.9425 0.58090781 2.0382773 -7.2110718
60883 15521.247 -1415.5527 6786.2218 -1388.7788 1.3646703 -1.1950148999999999 -7.2885800000000005
60883 15941.247 -722.7412400000001 5636.932 -4212.9565999999995 1.8794007 -4.1849424 -5.9373776
60883 16361.247 111.29185000000001 3387.2754 -6213.4243 2.0261686 -6.3481404 -3.4322997
60883 16781.247 923.78594 479.02571 -7003.1698 1.7791050000000002 -7.2717574 -0.26746061
60883 17201.247 1557.1712 -2522.2122000000004 -6431.2118 1.1872642 -6.7842532 2.9462408
60883 17621.247 1888.4469 -5033.960400000001 -4608.3783 0.36381954000000005 -4.9781598 5.5914249
60883 18041.247 1852.4242 -6566.4478 -1887.0666 -0.5330736500000001 -2.1965593 7.1525657
60883 18461.247 1455.0108 -6817.5962 1202.9482 -1.3283186 1.0217967000000001 7.3171896
60883 18881.247 773.1110100000001 -5735.6666 4057.0544 -1.8648752 4.0449188 6.0469351
60883 19301.247 -60.072403 -3531.3928 6115.2176 -2.0366415 6.2769321 3.5902963
60883 19721.247 -881.52139 -636.1495500000001 6973.7582 -1.8099145 7.2805648000000005 0.42965959
60883 20141.247 -1530.8124 2383.9212 6465.7902 -1.2275491 6.8562989 -2.8198033000000002
60883 20561.247 -1880.6674 4936.883900000001 4691.0560000000005 -0.40442928 5.0864505 -5.5133232
60883 20981.247 -1860.722 6519.260200000001 1991.2572 0.49820992000000003 2.3224101999999998 -7.129517300000001
60883 21401.247 -1475.8197 6823.0117 -1100.1412 1.3040935 -0.9000604600000001 -7.3453336
60883 21821.247 -801.4565500000001 5788.7712 -3975.5117999999998 1.853472 -3.9422822 -6.1178436000000005
60883 22241.247 30.982057 3614.0055 -6066.651900000001 2.0413022 -6.2173084 -3.6909218000000004
60883 22661.247 857.3795600000001 731.6071 -6966.9065 1.8278987 -7.2694059 -0.5379683599999999
60883 23081.247 1516.401 -2294.3693 -6502.1579 1.2542958000000002 -6.889787999999999 2.7227113
60883 23501.247 1878.5457 -4869.7688 -4763.2109 0.43426786 -5.1553224 5.4448615
60883 23921.247 1873.0913 -6491.4875 -2090.9032 -0.46825606 -2.4184278 7.0922401
60883 24341.247 1499.6087 -6838.7063 994.87472 -1.2807774 0.79303028 7.3568552
60883 24761.247 832.58673 -5847.3106 3885.3934 -1.8426399 3.8491263 6.1780689
60883 25181.247 2.6783571999999998 -3712.201 6014.1398 -2.0436324 6.1484271 3.7910013
60883 25601.247 -827.82699 -852.1858000000001 6965.808599999999 -1.8455865 7.24453 0.66605295
60883 26021.247 -1496.8933000000002 2174.0707 6555.3841 -1.2875684 6.927199300000001 -2.5881255999999997
60883 26441.247 -1873.847 4776.000900000001 4862.5568 -0.47739751 5.2566691 -5.3395198
60883 26861.247 -1884.5237 6444.335099999999 2216.9652 0.42760007 2.5549166 -7.0485836
60883 27281.247 -1526.3446999999999 6851.3075 -863.50798 1.2496239 -0.64917188 -7.3756176
60883 27701.247 -868.85225 5914.2129 -3773.2402 1.8273984 -3.7253045000000005 -6.2591732
60883 28121.247 -40.596977 3816.3161 -5941.9698 2.0484643 -6.0753873 -3.9159798
60883 28541.247 795.94262 969.23148 -6943.279500000001 1.8676657 -7.2376407 -0.79592588
60883 28961.247 1476.9180000000001 -2066.0691 -6585.8678 1.3177291 -6.969507 2.482304
60883 29381.247 1870.1103 -4700.3150000000005 -4939.1679 0.50921128 -5.3281465 5.2628823
60883 29801.247 1895.2223999999999 -6408.6534 -2319.034 -0.39697005 -2.6523134 7.0106273
60883 30221.247 1549.3507 -6861.7438 754.93074 -1.2250321 0.5389023 7.385762700000001
60883 30641.247 900.25606 -5972.101000000001 3680.9621 -1.8144425000000002 3.6266121 6.315745700000001
60883 31061.247 75.24795900000001 -3915.7475 5886.169900000001 -2.0489005000000002 6.002398400000001 4.011119900000001
60883 31481.247 -764.48924 -1095.4279 6940.2491 -1.8835677000000002 7.204882700000001 0.9252363100000001
60883 31901.247 -1455.1939 1938.4367 6637.8397 -1.3508779 7.0024977 -2.3418081
60883 32321.247 -1861.8486 4593.7407 5036.7527 -0.5533882099999999 5.4320431 -5.1560148
60883 32741.247 -1904.6283 6350.9305 2449.3382 0.35414945000000003 2.7944801000000004 -6.963805000000001
60883 33161.247 -1574.1263999999999 6863.6322 -619.64377 1.193515 -0.39390582 -7.4063936
60883 33581.247 -935.1178000000001 6031.269700000001 -3566.9746 1.798594 -3.5031658 -6.3943353
60883 34001.247 -112.32018 4013.8711000000003 -5811.987400000001 2.0522746 -5.9259960000000005 -4.1331038
60883 34421.247 732.3860500000001 1214.3238999999999 -6921.6258 1.9033030000000002 -7.183027 -1.0639164
60883 34841.247 1434.2177 -1822.2773000000002 -6677.1206 1.3834208000000001 -7.0372082 2.2083204999999997
60883 35261.247 1856.4359 -4503.5635999999995 -5127.4102 0.5937502600000001 -5.519076200000001 5.048831600000001
60883 35681.247 1916.4978 -6306.2226 -2574.9078 -0.31263907 -2.9221885000000003 6.904058200000001
60883 36101.247 1602.3352 -6877.5414 481.6847 -1.1585243 0.24694121000000002 7.4085461
60883 36521.247 975.28446 -6105.91 3443.958 -1.7777316 3.3656413 6.4632505
60883 36941.247 157.99436 -4143.5228 5733.089599999999 -2.0495579 5.8234345 4.257022
60883 37361.247 -690.10097 -1374.3627 6903.2788 -1.9221849 7.1447382 1.2231844
60883 37781.247 -1403.9181 1662.1787 6726.8082 -1.4205661 7.075658300000001 -2.0503408
60883 38201.247 -1844.1384 4374.5966 5236.3850999999995 -0.64062143 5.6259053 -4.9303453
60883 38621.247 -1925.5898000000002 6235.8273 2724.8313 0.26546836 3.0728749 -6.8445431
60883 39041.247 -1630.4296000000002 6877.2857 -320.76482 1.1205066 -0.081883328 -7.4212514
60883 39461.247 -1015.844 6171.668900000001 -3303.8225 1.7572027000000001 -3.2213233 -6.5470994000000005
60883 39881.247 -202.80976 4260.4666 -5639.9181 2.0500503 -5.727860300000001 -4.3926878
60883 40301.247 649.82978 1518.1332 -6873.178 1.9428571 -7.1141866 -1.3828672
60883 40721.247 1375.845 -1520.0575000000001 -6763.5492 1.4570093 -7.113606 1.8965808
60883 41141.247 1833.5145 -4261.61 -5331.522400000001 0.68602574 -5.724529 4.8099459
60883 41561.247 1934.0529 -6173.246700000001 -2857.982 -0.22107289 -3.2096592 6.7829731
60883 41981.247 1655.9598999999998 -6876.5599 176.89007999999998 -1.0837826 -0.072350808 7.426671000000001
60883 42401.247 1053.7346000000002 -6233.3018 3176.0035000000003 -1.7357554 3.081162 6.6188156000000005
60883 42821.247 245.73775 -4373.280900000001 5553.9312 -2.0479043999999997 5.6281575 4.5171839
60883 43241.247 -610.22005 -1660.7739 6846.728400000001 -1.9606085000000002 7.0743484 1.5374458
60883 43661.247 -1347.4107 1375.0667 6803.3148 -1.4916747000000001 7.1427582 -1.7410492
60883 44081.247 -1822.1390000000001 4142.9379 5431.436900000001 -0.7311751400000001 5.8186057 -4.6842689
60883 44501.247 -1941.7696 6103.5713 2998.078 0.17388668000000002 3.3534555 -6.7146539
60883 44921.247 -1682.0697 6870.5834 -20.468185000000002 1.0450632 0.23335619 -7.4308349
60883 45341.247 -1092.9688 6293.1872 -3036.8340000000003 1.7132033 -2.9359720000000005 -6.6930229
60883 45761.247 -290.17692 4485.4789 -5458.0915 2.0458363999999998 -5.527521200000001 -4.645595
60883 46181.247 569.2688 1802.4788 -6811.6720000000005 1.9789254 -7.036468300000001 -1.6936155000000002
60883 46601.247 1317.8020000000001 -1231.8358 -6834.4266 1.5264508 -7.1732473 1.5871148000000002
60883 47021.247 1809.4556000000002 -4025.9183 -5521.650900000001 0.7757604300000001 -5.9110075 4.5610366
60883 47441.247 1947.8955 -6034.2751 -3127.8692 -0.1281304 -3.4905161 6.647191
60883 47861.247 1705.2593000000002 -6861.673 -121.18065 -1.0083886 -0.3828911 7.4320094
60883 48281.247 1128.821 -6346.081400000001 2909.6114 -1.6911369 2.7993448 6.757778500000001
60883 48701.247 330.28871999999996 -4581.9428 5366.540400000001 -2.0444823 5.4367788 4.7631916
60883 49121.247 -533.17736 -1922.7016 6775.193 -1.9957979000000001 7.0044097 1.8307061000000002
60883 49541.247 -1291.8863999999999 1110.5174 6855.505 -1.5572126000000002 7.199757300000001 -1.4541638000000001
60883 49961.247 -1798.3583999999998 3926.9037000000003 5593.7119 -0.8144524300000001 5.988829300000001 -4.4546465
60883 50381.247 -1953.4681 5975.9169 3236.2011 0.08825553 3.6058657 -6.5849166
60883 50801.247 -1726.5736000000002 6856.2201 244.20526999999998 0.97424007 0.51633767 -7.425118400000001
60883 51221.247 -1162.0188 6395.685 -2795.6892000000003 1.6691224 -2.6710802 -6.8102453
60883 51641.247 -370.37931000000003 4685.9220000000005 -5288.7738 2.0371953 -5.3313877000000005 -4.8653501
60883 52061.247 493.36099 2063.8433999999997 -6749.3895999999995 2.007819 -6.9475917 -1.9755902
60883 52481.247 1261.2115000000001 -959.5621600000001 -6894.4766 1.5881835000000002 -7.211665 1.2961706
60883 52901.247 1783.814 -3796.2713 -5695.6345 0.85895979 -6.0725699 4.3190554
60883 53321.247 1958.7868 -5892.9400000000005 -3384.272 -0.039919834 -3.7452107999999997 6.505509600000001
60883 53741.247 1751.2613999999999 -6838.4288 -410.92144 -0.9332123800000001 -0.67904941 7.4210096000000005
60883 54161.247 1200.6753999999999 -6444.4305 2643.5242000000003 -1.6450257 2.52427 6.8810436
60883 54581.247 414.90758000000005 -4788.080900000001 5178.893 -2.0343623 5.2313493 4.9908557
60883 55001.247 -452.02891 -2195.0452 6698.5607 -2.0254529 6.911517 2.1255878
60883 55421.247 -1230.7118 826.99658 6906.2071 -1.6211008 7.2404119 -1.1529120000000002
60883 55841.247 -1769.0965 3687.5409 5761.745 -0.89996276 6.1548914 -4.2066452
60883 56261.247 -1961.7363 5827.2465 3488.3422 -0.0018975546 3.8643027 -6.4392096
60883 56681.247 -1770.5144 6826.652599999999 530.6435 0.89736802 0.81546044 -7.4101566000000005
60883 57101.247 -1232.7713 6490.0917 -2531.3989 1.6204942000000002 -2.3909351 -6.927233
60883 57521.247 -453.70484000000005 4883.5955 -5097.5839000000005 2.0260546 -5.1241348 -5.0910127
60883 57941.247 413.63314 2326.1164 -6668.0312 2.0357396000000003 -6.851916500000001 -2.2644526999999997
60883 58361.247 1200.5585 -683.9536700000001 -6938.2062000000005 1.6496259 -7.2447984 0.99888469
60883 58781.247 1754.0728000000001 -3561.0023 -5856.107900000001 0.9423809400000001 -6.228611 4.069357800000001
60883 59201.247 1966.0112 -5744.4777 -3630.9547000000002 0.049705502000000006 -3.9955187999999997 6.3516113
60883 59621.247 1793.606 -6804.3207999999995 -695.17087 -0.85497983 -0.97675181 7.3971122
60883 60041.247 1270.6653999999999 -6534.6458 2377.482 -1.5938304 2.2398381 6.990276
60883 60461.247 498.84229 -4985.0697 4983.3662 -2.0202763 5.0158119 5.2118675
60883 60881.247 -370.58096 -2460.4127000000003 6612.0487 -2.0512243 6.8067684 2.4154966
60883 61301.247 -1167.7249 544.95793 6946.2108 -1.6817755 7.2670197 -0.8502732
60883 61721.247 -1736.9844 3443.9516000000003 5921.1449 -0.98390747 6.3084886 -3.9501190000000004
60883 62141.247 -1966.9585 5670.125900000001 3736.5941000000003 -0.092779712 4.115623800000001 -6.2797711000000005
60883 62561.247 -1812.2187 6787.2084 819.40768 0.81747114 1.1150322000000001 -7.3800533999999995
60883 62981.247 -1302.8841000000002 6576.3636 -2258.7867 1.5675628 -2.1029332 -7.0323709
60883 63401.247 -537.5564 5073.7246 -4892.5876 2.0116308 -4.9063519 -5.3148557
60883 63821.247 332.27168 2584.4863 -6572.3022 2.0612607 -6.7467052999999995 -2.5542491000000003
60883 64241.247 1137.3879 -408.21426 -6968.4979 1.7092765 -7.2682306 0.69792951
60883 64661.247 1721.2392 -3321.5671 -6005.4767 1.0249572 -6.3754084 3.8119816
60883 65081.247 1970.0883999999999 -5588.3959 -3870.7457999999997 0.14016433 -4.2396818000000005 6.185339
60883 65501.247 1834.8876 -6765.773700000001 -979.6601700000001 -0.77352926 -1.2730549000000002 7.3529251
60883 65921.247 1341.5251 -6622.4619 2102.9459 -1.5369576 1.9445378000000002 7.0821464
60883 66341.247 586.1717199999999 -5186.0198 4773.9641 -2.000192 4.7816795 5.4255929
60883 66761.247 -283.60413 -2737.68 6511.211 -2.0729096 6.683529000000001 2.7097991
60883 67181.247 -1098.123 244.46162 6975.6688 -1.7413994000000002 7.2817194 -0.53518082
60883 67601.247 -1698.401 3178.7595 6075.7862000000005 -1.0693696 6.4588605 -3.6797162
60883 68021.247 -1966.647 5491.4248 3985.3375 -0.18630441 4.3696224 -6.1100564
60883 68441.247 -1849.4664 6727.7447 1111.984 0.73522279 1.4187827 -7.3441528
60883 68861.247 -1369.336 6643.763599999999 -1980.1294 1.5128725 -1.8115936 -7.133965900000001
60883 69281.247 -620.63883 5257.120599999999 -4683.461200000001 1.9927003 -4.681130100000001 -5.5228428
60883 69701.247 250.05866 2838.5072999999998 -6466.1313 2.0828795 -6.6318619 -2.8348216
60883 70121.247 1071.8728 -132.59192000000002 -6985.4901 1.7657389000000001 -7.2814433 0.40174344
60883 70541.247 1684.8491000000001 -3077.9594 -6140.1133 1.1048742999999999 -6.5118376 3.5568909
60883 70961.247 1969.5325 -5423.5347 -4095.3039 0.22814832999999998 -4.4721582 6.0189591
60883 71381.247 1870.0565000000001 -6711.1967 -1249.7235 -0.69415657 -1.5572387 7.3061452000000005
60883 71801.247 1405.4567 -6688.460900000001 1840.3324 -1.4814846 1.6634262000000002 7.1638801999999995
60883 72221.247 666.42822 -5359.9821 4570.4198 -1.9790964 4.556641 5.620611200000001
60883 72641.247 -202.57004 -2986.48 6407.2214 -2.0904208 6.558159 2.9812475
60883 73061.247 -1032.1544000000001 -31.247471 6992.857 -1.7945288000000001 7.2813556 -0.23902510000000002
60883 73481.247 -1660.603 2929.9230000000002 6212.4375 -1.1482253 6.5854194 -3.4166412
60883 73901.247 -1965.4423000000002 5320.443700000001 4217.7113 -0.27535391 4.5977416 -5.9313329999999995
60883 74321.247 -1886.807 6671.8229 1399.7993999999999 0.6509239 1.7113082 -7.2806687000000005
60883 74741.247 -1437.9514 6714.8196 -1694.6621000000002 1.451514 -1.5123991 -7.2089068
60883 75161.247 -707.70488 5443.892400000001 -4456.6981 1.9679232 -4.4383067 -5.724822100000001
60883 75581.247 160.85412 3109.3896 -6345.9669 2.0993835 -6.4932019 -3.1228424
60883 76001.247 998.08875 168.30804999999998 -6994.3256 1.8213761 -7.2796946 0.086458641
60883 76421.247 1640.739 -2805.5568 -6275.5070000000005 1.1880097 -6.646613400000001 3.2800986
60883 76841.247 1963.1824 -5231.8559000000005 -4328.7330999999995 0.32132313 -4.7134328 5.8367939
60883 77261.247 1901.6569 -6634.634599999999 -1533.5075 -0.60988788 -1.8540949 7.2527247
60883 77681.247 1467.6616000000001 -6737.9295999999995 1562.8269 -1.4223275000000002 1.370279 7.2456592
60883 78101.247 745.90813 -5519.840099999999 4351.3435 -1.9562085 4.3240311 5.819706
60883 78521.247 -122.17403 -3216.1431000000002 6279.2548 -2.1100398 6.438547400000001 3.2586241
60883 78941.247 -967.60794 -285.47139000000004 6987.5821 -1.8470405 7.2814250000000005 0.051769009
60883 79361.247 -1623.3888000000002 2700.3631 6324.081099999999 -1.2239892 6.7008302 -3.1580614000000002
60883 79781.247 -1962.1171000000002 5158.8488 4422.1807 -0.36229165 4.8120565 -5.7476876
60883 80201.247 -1917.7641 6610.139 1654.6204 0.5699201 1.9843647000000002 -7.2117485
60883 80621.247 -1499.1684 6771.5559 -1436.7668999999999 1.3901125 -1.2275306000000001 -7.2644083
60883 81041.247 -788.42259 5613.5826 -4247.7126 1.9381372 -4.1941034 -5.8994773
60883 81461.247 75.660662 3364.2257000000004 -6230.947400000001 2.1085396000000003 -6.3395165 -3.3889719
60883 81881.247 925.09968 461.95921999999996 -7001.9318 1.8696819 -7.2528882 -0.22152481000000002
60883 82301.247 1594.9496000000001 -2529.8219 -6410.2435000000005 1.2671044 -6.7581356 2.993957
60883 82721.247 1954.3182 -5028.875099999999 -4567.7884 0.41509758 -4.9432578000000005 5.6358578
60883 83141.247 1931.6153000000002 -6544.438400000001 -1830.5143 -0.52190524 -2.1523539 7.1824958
60883 83561.247 1529.9156 -6775.8024000000005 1266.6698000000001 -1.3592714000000001 1.0700713000000002 7.3190323
60883 83981.247 827.4413900000001 -5675.0351 4114.1367 -1.9298676000000001 4.083732 6.0132221
60883 84401.247 -37.634485 -3459.3129 6151.4531 -2.120738 6.2906018999999995 3.5266786000000003
60883 84821.247 -895.72586 -564.81136 6981.309700000001 -1.8955081 7.2593282 0.35319427000000003
60883 85241.247 -1578.2746000000002 2439.3726 6441.1755 -1.300891 6.8088988 -2.8817904
60883 85661.247 -1952.7206 4967.3787999999995 4640.2794 -0.45263389000000004 5.0295638 -5.5511118
60883 86081.247 -1946.0183000000002 6525.8171 1931.3007 0.48400129 2.2684879000000002 -7.1341307
60884 101.247 -1559.5328000000002 6810.7561 -1155.6404 1.3256932 -0.9334558500000001 -7.3210413
60884 521.247 -869.02045 5768.096500000001 -4016.8994 1.9077875 -3.9482388999999998 -6.078254299999999
60884 941.247 -9.403662899999999 3603.2612999999997 -6094.901400000001 2.1179131000000004 -6.189384 -3.6538421
60884 1361.247 852.07859 738.6342 -6986.3062 1.9166788 -7.2265595000000005 -0.5206647900000001
60884 1781.247 1548.0753 -2269.3096 -6517.4002 1.3425788 -6.8601474 2.7179214000000003
60884 2201.247 1942.6517 -4835.135700000001 -4776.5578 0.5046014200000001 -5.1542935 5.4359953
60884 2621.247 1957.4329 -6455.3636 -2099.8958 -0.43565216 -2.432104 7.098133600000001
60884 3041.247 1588.2738000000002 -6809.24 989.52872 -1.2931589 0.77612649 7.367178
60884 3461.247 906.9598199999999 -5824.747200000001 3883.9219 -1.8969075 3.8332412 6.18486
60884 3881.247 47.499232000000006 -3696.3025000000002 6013.872200000001 -2.1273705 6.1325487 3.7883421
60884 4301.247 -821.50368 -840.8349000000001 6959.4209 -1.9415652 7.229955200000001 0.65188258
60884 4721.247 -1529.8594 2178.2837000000004 6541.8859 -1.3756483000000002 6.9081508000000005 -2.606554
60884 5141.247 -1939.2033000000001 4771.7328 4842.212 -0.54128888 5.2365805000000005 -5.3520922
60884 5561.247 -1969.6515 6432.8559000000005 2193.934 0.39862277 2.5423898 -7.0486186
60884 5981.246999999999 -1615.445 6837.7582999999995 -884.04072 1.2598474000000002 -0.64547683 -7.3643291
60884 6401.246999999999 -946.24587 5909.4314 -3789.3507000000004 1.8738538000000002 -3.7008092 -6.241410200000001
60884 6821.246999999999 -92.926792 3831.5594 -5955.9951 2.1223357999999997 -6.0293201 -3.9060458
60884 7241.247 778.48209 1010.0581999999999 -6963.9473 1.9588246 -7.1847652 -0.8146058500000001
60884 7661.247 1498.8908000000001 -2007.2767 -6617.555 1.4148751 -6.946311 2.4380167000000004
60884 8081.247 1927.8737 -4634.0667 -4981.5332 0.5935021100000001 -5.3540607 5.2252729
60884 8501.247 1980.4435 -6355.861 -2370.6817 -0.34770276 -2.7073513 7.0003291
60884 8921.247 1644.8687 -6831.7677 705.56121 -1.2239898 0.48033370000000003 7.403534
60884 9341.247 986.06862 -5965.179400000001 3642.6774 -1.8607172 3.5773339 6.3483415999999995
60884 9761.247 133.48456 -3926.3917 5862.2315 -2.1313696 5.968348600000001 4.0449798999999995
60884 10181.247 -744.9640300000001 -1118.7966999999999 6929.1989 -1.9836363 7.1850041000000004 0.95038296
60884 10601.247 -1477.8871000000001 1909.2463 6635.8150000000005 -1.4485664 6.9947856 -2.3238890000000003
60884 11021.247 -1921.8504 4564.021900000001 5041.4308 -0.63040956 5.4368456 -5.1418495
60884 11441.247 -1990.0221000000001 6326.2706 2458.6367999999998 0.31115562999999996 2.815377 -6.9521264
60884 11861.247 -1669.1252 6851.6138 -606.2386600000001 1.1913418 -0.35470936000000003 -7.3991058
60884 12281.247 -1022.3442 6039.1723 -3552.5299 1.8373871 -3.4489581 -6.3984062
60884 12701.247 -176.33448 4050.3027 -5805.4975 2.1244058 -5.8637701 -4.1532209
60884 13121.247 704.00033 1274.6281000000001 -6928.0757 1.9985241 -7.135384200000001 -1.1045756
60884 13541.247 1447.7768999999998 -1748.3210000000001 -6703.039 1.4847081000000002 -7.0220831 2.1592246
60884 13961.247 1910.2427 -4431.3287 -5172.4404 0.6806020700000001 -5.5419777 5.0102244
60884 14381.247 2000.2308 -6250.165 -2630.7482000000005 -0.25980177 -2.9729443 6.8914862999999995
60884 14801.247 1698.7398 -6845.3493 426.58896000000004 -1.152414 0.18749590000000002 7.4244764
60884 15221.247 1063.9153000000001 -6097.232 3399.8869 -1.8201538000000002 3.3157529 6.49701
60884 15641.247 220.21367 -4152.193 5704.121099999999 -2.1303642 5.7912482 4.292419700000001
60884 16061.247 -666.65542 -1392.5638000000001 6886.068200000001 -2.0229366 7.1302266 1.2462769
60884 16481.247 -1423.0362 1640.5496 6715.0339 -1.5175481 7.0694447 -2.050654
60884 16901.247 -1900.8898000000002 4352.6416 5226.0441 -0.71613485 5.6223026 -4.9340064
60884 17321.247 -2005.4883 6209.7695 2708.6056000000003 0.22651220000000002 3.0733363 -6.8538122999999995
60884 17741.247 -1716.8332 6849.1605 -341.33509000000004 1.1250026 -0.078973043 -7.4268716999999995
60884 18161.247 -1091.7284 6146.3781 -3324.4188 1.8018059000000002 -3.2103044 -6.5416576
60884 18581.247 -253.10014 4242.0357 -5656.5157 2.1249327 -5.705180599999999 -4.3797359
60884 19001.247 634.89172 1511.4087 -6884.237 2.0337279 -7.082142300000001 -1.3710847000000002
60884 19421.247 1399.6271000000002 -1512.9361999999999 -6771.317599999999 1.5478019 -7.0818017 1.8996604
60884 19841.247 1892.599 -4243.4115 -5340.2175 0.76064268 -5.7052335 4.8031963
60884 20261.247 2017.3763999999999 -6148.173400000001 -2867.7131 -0.17679654 -3.2135204 6.7760985
60884 20681.247 1748.5197 -6853.053 165.41729 -1.0823123000000001 -0.087312058 7.427570800000001
60884 21101.247 1137.8325 -6218.154500000001 3166.1027999999997 -1.7774072 3.0606317 6.622993
60884 21521.247 304.5115 -4366.5821 5545.702 -2.1247539000000004 5.6095296 4.519539399999999
60884 21941.247 -588.40151 -1660.9678999999999 6837.959400000001 -2.0565069 7.0599829000000005 1.5316818
60884 22361.247 -1366.304 1369.3654 6789.9838 -1.5861613 7.1301397 -1.7563623
60884 22781.247 -1876.8816000000002 4131.1275000000005 5411.1933 -0.80487059 5.8048124 -4.7030486
60884 23201.247 -2019.9063 6084.192900000001 2969.4714 0.13535912 3.3399928 -6.7304079
60884 23621.247 -1766.8335 6844.179700000001 -55.995144 1.0495844 0.21891852 -7.4356930000000006
60884 24041.247 -1167.4116000000001 6262.7079 -3070.6754 1.7569510000000002 -2.9404472 -6.6803385
60884 24461.247 -339.64205 4456.6512999999995 -5483.8287 2.119108 -5.5159196 -4.6197992999999995
60884 24881.247 554.39695 1781.8938 -6825.674 2.0678240000000003 -7.009570399999999 -1.6654577
60884 25301.247 1340.7755 -1239.242 -6837.8688 1.615067 -7.1392655000000005 1.6080059000000002
60884 25721.247 1866.7831 -4019.6328 -5518.7327000000005 0.84811779 -5.8816072 4.5704437
60884 26141.247 2029.6186000000002 -6017.8557 -3123.3824 -0.086019992 -3.4749468 6.6476138
60884 26561.247 1796.3776 -6841.500900000001 -117.25343 -1.0060499 -0.38276963999999997 7.4291058
60884 26981.247 1211.9609 -6327.685 2911.768 -1.7306536000000001 2.789098 6.7541185
60884 27401.247 390.36213000000004 -4575.6353 5369.527099999999 -2.1165974000000003 5.4150036 4.7543902
60884 27821.247 -507.62741 -1928.5983999999999 6774.4295999999995 -2.0884397 6.9801711 1.8243816
60884 28241.247 -1306.4196000000002 1095.4477 6851.769 -1.6520218 7.1805487999999995 -1.4624975999999998
60884 28661.247 -1849.6418 3904.6556 5586.235 -0.8920340099999999 5.976448400000001 -4.4653168999999995
60884 29081.247 -2030.8106 5949.7988 3224.0792 0.043945262 3.599527 -6.595842800000001
60884 29501.247 -1813.846 6828.5245 228.28584 0.97195035 0.51528602 -7.4313801999999995
60884 29921.247 -1241.3599 6368.995400000001 -2812.5603 1.7084843 -2.6659848999999998 -6.807031
60884 30341.247 -426.0944 4664.1672 -5302.3982000000005 2.1091954 -5.317285 -4.8517638
60884 30761.247 472.33033 2049.8369 -6756.058 2.0982382 -6.925101300000001 -1.9570648000000002
60884 31181.247 1279.0188 -963.0139 -6893.3786 1.6797586 -7.1848677 1.3136023000000001
60884 31601.247 1837.2946000000002 -3788.7445000000002 -5688.3803 0.93455936 -6.0483714 4.3303129
60884 32021.247 2038.1032 -5877.1594000000005 -3373.9839 0.0053623041000000005 -3.7305948 6.5087072
60884 32441.247 1841.0488 -6818.1223 -399.53344 -0.92770822 -0.6771711699999999 7.4191046
60884 32861.247 1284.0315 -6425.9455 2653.0906 -1.6806904999999999 2.5139412 6.8745563
60884 33281.247 475.64234000000005 -4775.8359 5185.0088 -2.1046731 5.2127271 4.9811297
60884 33701.247 -425.83934000000005 -2191.3127000000004 6699.9648 -2.1167114000000002 6.8896310000000005 2.113073
60884 34121.247 -1244.1212 821.60083 6901.9965999999995 -1.7149878 7.219000200000001 -1.1675773
60884 34541.247 -1819.1323 3673.6596 5751.3342999999995 -0.9776376299999999 6.136920600000001 -4.2212847
60884 34961.247 -2038.1751000000002 5806.8541 3472.3824 -0.047801738 3.8514919 -6.450496500000001
60884 35381.247 -1857.8655 6802.2701 511.35034 0.89209905 0.80967337 -7.4141121000000005
60884 35801.247 -1313.5620000000001 6465.1167000000005 -2550.3005 1.6564007 -2.3875202 -6.921647200000001
60884 36221.247 -512.42727 4864.1012 -5112.3765 2.0951687000000003 -5.1098595 -5.0753535
60884 36641.247 388.70438 2314.5503 -6675.3596 2.1249116 -6.8291065 -2.2453284
60884 37061.247 1214.3389 -685.02475 -6937.5432 1.7417926000000001 -7.218629600000001 1.0171445000000001
60884 37481.247 1804.0759 -3551.4482000000003 -5848.5776 1.0198663000000001 -6.2051771 4.0833934
60884 37901.247 2042.7350000000001 -5726.576 -3618.7402 0.097301653 -3.9798809000000004 6.359711900000001
60884 38321.247 1882.4002 -6783.004900000001 -680.5772 -0.84726277 -0.9699569100000001 7.3976755
60884 38741.247 1353.915 -6512.8151 2390.8876 -1.6275252 2.235563 6.9840932
60884 39161.247 560.22097 -4966.9518 4992.8506 -2.0889807 5.0028405000000005 5.1994467
60884 39581.247 -343.15894000000003 -2448.8913 6615.1285 -2.1413032 6.788263700000001 2.3974453
60884 40001.247 -1179.4913999999999 547.9114000000001 6941.040599999999 -1.7750909 7.2454039 -0.87161414
60884 40421.247 -1785.3193999999999 3437.5961 5907.0576 -1.0617971 6.2864928 -3.9708068
60884 40841.247 -2041.9895000000001 5654.9502 3714.9091000000003 -0.13989255 4.0962324 -6.2945595
60884 41261.247 -1898.8613 6765.092000000001 793.5845400000001 0.81012487 1.1020958 -7.3843267
60884 41681.247 -1383.9325000000001 6550.6907 -2283.6907 1.6008810000000002 -2.1053516 -7.0245742
60884 42101.247 -598.48011 5055.9399 -4913.688099999999 2.0771953 -4.8941144 -5.290633700000001
60884 42521.247 303.72574 2575.3212000000003 -6583.451099999999 2.1478904 -6.7220126 -2.5299467
60884 42941.247 1146.934 -406.10664 -6970.054400000001 1.8010865 -7.2406632 0.71914338
60884 43361.247 1767.2682 -3308.5425 -5998.8069000000005 1.1038585 -6.351759299999999 3.8301227
60884 43781.247 2043.5764 -5566.7343 -3857.0202000000004 0.18963586000000002 -4.222324400000001 6.2006844
60884 44201.247 1920.4358000000002 -6736.5148 -959.8178 -0.7646602400000001 -1.2610586000000001 7.3646087
60884 44621.247 1421.6582 -6588.653700000001 2125.6157000000003 -1.5710169 1.953888 7.0824381999999995
60884 45041.247 644.21097 -5149.4223 4793.402 -2.0693475 4.7850673 5.4091459
60884 45461.247 -259.37466 -2702.0362000000005 6520.3144 -2.1620219 6.6756831000000005 2.6774834000000003
60884 45881.247 -1112.2903999999999 273.73083 6969.202700000001 -1.8322705000000001 7.2597437000000005 -0.57469992
60884 46301.247 -1747.993 3196.146 6053.357400000001 -1.1445734 6.4254357 -3.7141739
60884 46721.247 -2042.0781000000002 5493.8496 3951.4639 -0.23237601000000002 4.3337491 -6.1285546
60884 47141.247 -1936.6639 6716.676 1074.5689 0.72604702 1.3922103 -7.3425125
60884 47561.247 -1452.2807 6625.192400000001 -2013.2978 1.541995 -1.8201098 -7.1159963
60884 47981.247 -684.04564 5238.9555 -4706.9052 2.0553116 -4.6705026 -5.4973405
60884 48401.247 217.60701 2831.2983 -6480.7306 2.1671492 -6.6039126 -2.8104226
60884 48821.247 1076.9912 -127.06213000000001 -6991.1144 1.8575579 -7.2506595 0.41997816
60884 49241.247 1727.0298 -3060.6511 -6139.184200000001 1.1864957999999999 -6.4876295 3.5705069
60884 49661.247 2040.7842 -5398.0860999999995 -4089.0249 0.28237605000000005 -4.4576066 6.031237
60884 50081.247 1955.4733 -6679.3877 -1238.0468 -0.6796196800000001 -1.5509972 7.3187849
60884 50501.247 1487.736 -6654.5877 1856.1157 -1.5106981000000002 1.6675764 7.1690777
60884 50921.247 728.29647 -5325.0217 4585.5068 -2.0453026 4.5577933999999996 5.6108256
60884 51341.247 -173.62043 -2953.5816 6415.3865000000005 -2.178545 6.5497566 2.9554974
60884 51761.247 -1041.7104 -4.4166979 6988.0796 -1.8866676 7.2605571 -0.27299084
60884 52181.247 -1706.5703 2945.6434 6193.7330999999995 -1.2268026 6.5542809 -3.4467744
60884 52601.247 -2038.3601 5320.6685 4187.418 -0.32674511 4.5672411 -5.9485749
60884 53021.247 -1971.8681000000001 6655.9275 1360.8452 0.63825178 1.6851033 -7.2872140000000005
60884 53441.247 -1519.8011000000001 6689.798 -1732.6824 1.4786483000000001 -1.5269641 -7.1974055
60884 53861.247 -769.68247 5412.3719 -4486.6418 2.0298619 -4.437077100000001 -5.7023645
60884 54281.247 130.07067999999998 3081.7093 -6364.253900000001 2.1834949999999997 -6.4758307 -3.0916923
60884 54701.247 1004.5488 150.76303000000001 -6999.3873 1.9118437 -7.2499589 0.11671824
60884 55121.247 1683.6198000000002 -2809.5196 -6269.4817 1.2682577000000002 -6.6133767 3.3018084
60884 55541.247 2034.8838 -5222.6715 -4315.9318 0.37636804 -4.6866810999999995 5.8472847
60884 55961.247 1989.2698 -6617.2020999999995 -1518.3768 -0.59099119 -1.8399765000000001 7.2529302
60884 56381.247 1554.5714 -6717.275000000001 1576.8075000000001 -1.4437728 1.3688261 7.2394254
60884 56801.247 816.0671 -5504.3357000000005 4362.7515 -2.0143284 4.3103255 5.8062383
60884 57221.247 -81.92796700000001 -3215.8436 6294.2276 -2.1908008 6.405630100000001 3.2390987
60884 57641.247 -963.99633 -299.94117 6994.8339000000005 -1.9399161999999999 7.2493116 0.042006209
60884 58061.247 -1658.1453000000001 2674.409 6328.215 -1.3106569 6.6793074 -3.1640596000000003
60884 58481.247 -2028.7254 5126.7485 4423.526900000001 -0.42424775 4.8034178 -5.7557817
60884 58901.247 -2002.5634 6576.3378 1651.7372 0.5469723400000001 1.9838457 -7.223242
60884 59321.247 -1584.2555 6738.0641 -1444.2338 1.4117869 -1.2264464000000002 -7.273433
60884 59741.247 -855.32733 5578.0701 -4255.260700000001 1.9999786 -4.1929734 -5.9008793
60884 60161.247 41.613417999999996 3322.5397000000003 -6228.566 2.1987769 -6.3469147999999995 -3.3696051000000002
60884 60581.247 930.66846 419.39628999999996 -6986.1772 1.9647014999999999 -7.248147200000001 -0.17902351
60884 61001.247 1637.8469 -2566.031 -6374.4274000000005 1.3469093 -6.731943 3.0432244
60884 61421.247 2024.9595 -5050.0160000000005 -4513.8198 0.46583164 -4.8999851 5.6692962
60884 61841.247 2016.2668999999999 -6546.9231 -1768.6929 -0.50651106 -2.109748 7.184903500000001
60884 62261.247 1613.5336000000002 -6764.4115 1323.0715 -1.3791856 1.0905136 7.2924793
60884 62681.247 895.90353 -5661.8642 4156.1505 -1.9812821 4.0716768000000005 5.9747623999999995
60884 63101.247 3.7624684000000004 -3456.9205 6178.300200000001 -2.1966681 6.2534735 3.4959609
60884 63521.247 -889.17777 -580.44394 6997.454 -1.9852665999999999 7.2178872 0.34046974
60884 63941.247 -1609.4947 2408.6312000000003 6454.6048 -1.3879566 6.7805769 -2.8837466
60884 64361.247 -2016.6756 4928.8476 4653.0796 -0.5183485600000001 5.0206675 -5.5542413
60884 64781.247 -2029.9428 6486.1385 1940.6063000000001 0.45611305 2.2718005 -7.1464433000000005
60884 65201.247 -1645.5866 6772.705900000001 -1152.6478 1.3439119000000002 -0.93096236 -7.3370698
60884 65621.247 -938.1779 5729.6596 -4018.9846000000002 1.9684284 -3.9528468 -6.0837231
60884 66041.247 -46.629586 3562.2235 -6094.7617 2.206179 -6.1954703 -3.6364764000000003
60884 66461.247 854.25433 696.17026 -6973.3821 2.0112531 -7.2224761 -0.47531894999999996
60884 66881.247 1587.6894 -2305.5672999999997 -6482.962 1.4235262 -6.8351595 2.7720515
60884 67301.247 2010.6449 -4856.5745 -4721.2699 0.5569002000000001 -5.1101875 5.477588300000001
60884 67721.247 2040.0063 -6456.8594 -2033.0463000000002 -0.41946223 -2.3832328000000005 7.1099113
60884 68141.247 1669.9189 -6792.914900000001 1054.3433 -1.3133458 0.8089904400000001 7.3464553
60884 68561.247 973.30175 -5800.8167 3935.0712000000003 -1.9488074 3.8361774 6.1441822
60884 68981.247 86.685314 -3677.1159 6046.861400000001 -2.202997 6.1074291999999994 3.7464543
60884 69401.247 -816.8651800000001 -838.39723 6980.117 -2.0286139000000003 7.1867678 0.6248414800000001
60884 69821.247 -1561.8523 2163.1058 6554.7185 -1.4602811999999998 6.8701132 -2.6175294
60884 70241.247 -2003.2806 4744.0341 4852.3341 -0.6065527100000001 5.2158898 -5.3560411000000006
60884 70661.247 -2054.268 6400.3305 2201.8104 0.36854263 2.5374549 -7.0553174
60884 71081.247 -1703.5738000000001 6804.8377 -879.76976 1.2740601999999999 -0.64461701 -7.3744396
60884 71501.247 -1019.1381 5876.2542 -3788.5076000000004 1.9308815 -3.7036845 -6.2452158
60884 71921.247 -134.99264000000002 3796.3319 -5953.1445 2.2091364 -6.035322600000001 -3.8907139
60884 72341.247 775.60534 973.4600600000001 -6949.870400000001 2.0548939 -7.1835131 -0.7759609900000001
60884 72761.247 1534.4886999999999 -2039.5442 -6584.076099999999 1.4990773 -6.9270062 2.4892172
60884 73181.247 1993.3679 -4653.900000000001 -4927.4676 0.6495465500000001 -5.3150521 5.268631
60884 73601.247 2062.0519 -6357.2285 -2303.8691000000003 -0.32802345000000005 -2.6607664 7.0163459
60884 74021.247 1726.8924 -6815.5703 772.12239 -1.2412517 0.5140287600000001 7.3866114
60884 74441.247 1053.8836999999999 -5940.563400000001 3696.6725 -1.9101545000000002 3.5820279999999998 6.3093756999999995
60884 74861.247 175.04121 -3906.0113 5898.5376 -2.2050361 5.943340600000001 4.0030191
60884 75281.247 -737.9126200000001 -1111.5745 6950.148 -2.0705747000000003 7.143264100000001 0.92267281
60884 75701.247 -1507.597 1898.7779 6648.5751 -1.5340258 6.955077500000001 -2.3352527
60884 76121.247 -1984.3048000000001 4540.004400000001 5051.8595000000005 -0.6980862200000001 5.413494200000001 -5.14339
60884 76541.247 -2074.4607 6296.7573 2468.6016 0.27671402 2.810555 -6.953891700000001
60884 76961.247 -1759.2511000000002 6822.794900000001 -597.75422 1.1999071 -0.34893377 -7.4052283
60884 77381.247 -1099.556 6012.8838 -3546.7772000000004 1.8892325 -3.4437596 -6.4031789
60884 77801.247 -224.48269000000002 4025.3649 -5799.4456 2.2083429000000003 -5.8626814000000005 -4.1450018
60884 78221.247 694.5481500000001 1250.2266000000002 -6914.528 2.0952652 -7.132480800000001 -1.076737
60884 78641.247 1477.8443 -1769.3212 -6674.5334 1.5726704 -7.007505500000001 2.2011845
60884 79061.247 1972.184 -4442.8072 -5126.1863 0.74200119 -5.5116019 5.0500326
60884 79481.247 2080.5063 -6246.648700000001 -2571.879 -0.23491032 -2.9347725000000002 6.910602600000001
60884 79901.247 1781.3182 -6826.9499000000005 487.50334000000004 -1.1659557 0.21706364 7.4145522
60884 80321.247 1133.4532 -6070.9901 3451.2632000000003 -1.8674922999999999 3.3209293 6.4646866
60884 80741.247 264.08751 -4129.2751 5739.934 -2.203052 5.7687647 4.254115
60884 81161.247 -656.70646 -1383.8941000000002 6908.6755 -2.1092280999999997 7.087879 1.2202131999999999
60884 81581.247 -1449.9604 1630.4066 6731.8922 -1.6057907 7.028933 -2.0481827
60884 82001.247 -1961.4625 4327.7799 5243.7858 -0.78933111 5.6027575 -4.9217398999999995
60884 82421.247 -2090.9727 6182.1821 2732.0409 0.18345366999999999 3.0796006000000005 -6.8410897
60884 82841.247 -1812.128 6828.9682 -314.14887 1.1229248 -0.052314877 -7.4242759
60884 83261.247 -1178.58 6139.1594000000005 -3298.7987000000003 1.8437940000000002 -3.1780302000000002 -6.5510363
60884 83681.247 -314.25991 4247.3598 -5635.9536 2.2034586 -5.6802656 -4.392787
60884 84101.247 611.5686 1524.6647 -6867.822 2.1319863 -7.069276 -1.3758821
60884 84521.247 1417.9488999999999 -1496.125 -6754.0917 1.6438198 -7.0759279 1.9095039999999999
60884 84941.247 1947.0720000000001 -4224.125099999999 -5316.5776 0.83375745 -5.6986842 4.8229749
60884 85361.247 2095.1341 -6125.3838 -2835.841 -0.14064061 -3.2037248 6.7933569
60884 85781.247 1832.7554 -6826.628 201.87946 -1.0878949 -0.08016189400000001 7.4303482999999995
60884 86201.247 1211.4695 -6191.071 3200.122 -1.8210123 3.0546237 6.6093291
60885 221.247 353.26685 -4345.2582999999995 5571.8546 -2.1969563 5.585018600000001 4.4982113
60885 641.247 -573.7124 -1653.3001000000002 6855.7598 -2.1442373 7.0211831 1.5155059000000002
60885 1061.247 -1389.2216 1360.0903 6803.8785 -1.6750304 7.0912918000000005 -1.7583392
60885 1481.247 -1934.7725 4109.0943 5426.5458 -0.87960802 5.7823543 -4.6926844
60885 1901.247 -2103.6009 6057.8625 2990.1385 0.089460127 3.3425212 -6.7174635
60885 2321.247 -1861.5997 6823.298900000001 -31.250643 1.0436711 0.24288158 -7.431589
60885 2741.247 -1255.4307 6254.049400000001 -3046.6475 1.7948477 -2.9086966000000003 -6.6877405
60885 3161.247 -403.48939 4460.4788 -5464.1134 2.1944549 -5.489654300000001 -4.6321707
60885 3581.247 527.40398 1794.4281 -6810.1457 2.1647211000000004 -6.9946388 -1.6711328
60885 4001.247 1355.2977 -1222.3343 -6822.040900000001 1.7120193 -7.1321102000000005 1.6159438000000002
60885 4421.247 1918.2895 -4000.024 -5497.1888 0.9241796900000001 -5.8750908 4.5886708
60885 4841.247 2105.9432 -5994.969599999999 -3094.0127 -0.045717371 -3.4659795 6.6647104
60885 5261.247 1881.0606 -6815.5119 -83.19370500000001 -1.0072737 -0.37641247 7.4330534
60885 5681.246999999999 1287.7703000000001 -6301.300200000001 2944.1556 -1.7705773999999999 2.7831478 6.7423214
60885 6101.246999999999 442.61202000000003 -4554.9610999999995 5394.8967 -2.186357 5.391204 4.734598200000001
60885 6521.246999999999 -488.75381 -1921.2264 6791.9275 -2.1753470000000004 6.942182300000001 1.8088949
60885 6941.246999999999 -1325.1459 1086.1086 6865.3625999999995 -1.7417255 7.141885 -1.464757
60885 7361.247 -1904.0364 3882.3139 5601.3532000000005 -0.96909091 5.952913 -4.4555163
60885 7781.247 -2112.2592999999997 5922.549599999999 3244.2974 -0.0055565108 3.6003903 -6.5831252000000005
60885 8201.247 -1907.8706000000002 6805.5581 252.29051 0.96185918 0.53766054 -7.4274949
60885 8621.247 -1330.3855 6357.671200000001 -2789.2512 1.7423549 -2.6352188 -6.8142163
60885 9041.247 -492.40641999999997 4664.914900000001 -5283.2666 2.1815558 -5.291024 -4.8640657
60885 9461.247 441.94225 2059.5214 -6741.1245 2.1938008 -6.9092085 -1.9629201
60885 9881.247 1289.9886999999999 -948.38876 -6878.318200000001 1.7774143 -7.1763165 1.3207376
60885 10301.247 1885.9746000000002 -3770.8881 -5668.0183 1.0133022 -6.0407250999999995 4.3473801000000005
60885 10721.247 2113.0602999999996 -5855.7077 -3346.2614 0.049807889 -3.7212723000000003 6.5248742
60885 11141.247 1926.3323 -6793.755700000001 -367.52898 -0.92417779 -0.6712650200000001 7.4227335000000005
60885 11561.247 1362.3672 -6401.5198 2683.5475 -1.7164003 2.5071067 6.8635085
60885 11981.247 531.93372 -4757.5976 5209.0166 -2.1716501 5.1881354 4.9629442
60885 12401.247 -402.1683 -2186.5831000000003 6716.8585 -2.2028307 6.8514412 2.0994251
60885 12821.247 -1258.1341000000002 809.6786400000001 6915.5511 -1.8058947 7.1807193 -1.1686655000000001
60885 13241.247 -1869.6042 3648.5182999999997 5766.918900000001 -1.0575215 6.1137839000000005 -4.2112628
60885 13661.247 -2117.1182000000003 5776.8871 3492.9296000000004 -0.10112524 3.8522953 -6.4384651999999996
60885 14081.247 -1950.934 6776.0685 535.0426 0.87794449 0.83138963 -7.411582900000001
60885 14501.247 -1403.2731 6450.1702000000005 -2527.7778 1.6866356 -2.3577711 -6.9297070000000005
60885 14921.247 -580.74431 4860.8533 -5094.2588 2.164892 -5.0840392 -5.0877797000000005
60885 15341.247 355.46334 2320.3666000000003 -6661.4134 2.219207 -6.8123906 -2.2510182
60885 15761.247 1222.2642 -673.64326 -6923.451400000001 1.8399766 -7.208298399999999 1.0237636
60885 16181.247 1850.3379 -3536.0571 -5829.5715 1.1010627 -6.1957681000000004 4.0990147
60885 16601.247 2116.6616000000004 -5707.0466 -3593.0846 0.14582481000000003 -3.9698739 6.3739906
60885 17021.247 1968.6892 -6760.916 -651.52487 -0.8387563 -0.96494408 7.399714
60885 17441.247 1435.3352 -6491.3602 2418.0942000000005 -1.6585398 2.2265838 6.973245100000001
60885 17861.247 621.29934 -4952.6713 5014.125900000001 -2.1527772 4.9761410999999995 5.183430400000001
60885 18281.247 -313.84596000000005 -2448.7363 6630.4695 -2.2265616 6.7492225 2.3869659000000003
60885 18701.247 -1188.0289 531.48653 6954.279500000001 -1.8674546 7.2077701 -0.87027062
60885 19121.247 -1831.3007 3408.3341 5923.0165 -1.144894 6.2647429 -3.9599956
60885 19541.247 -2118.0056 5621.3795 3735.7971000000002 -0.19728295 4.097914 -6.283458400000001
60885 19961.247 -1990.6234 6735.0563 816.93049 0.79178979 1.1240667000000002 -7.3837518
60885 20381.247 -1473.9762 6531.787700000001 -2262.2554 1.6275607 -2.0762742 -7.0341116
60885 20801.247 -668.4687 5048.590099999999 -4897.1057 2.1442052 -4.8685485 -5.3033339999999995
60885 21221.247 267.86129 2577.4671000000003 -6571.1756 2.2406338 -6.7039026 -2.5356799999999997
60885 21641.247 1151.9341000000002 -397.57709000000006 -6957.7987 1.8994875 -7.2279124 0.7245923400000001
60885 22061.247 1811.1335000000001 -3295.022 -5982.4242 1.18738 -6.3403398 3.8430513
60885 22481.247 2116.4869 -5548.603400000001 -3835.2678 0.24230764 -4.2122118 6.2116907
60885 22901.247 2007.8491000000001 -6716.790900000001 -936.04301 -0.75110358 -1.2578359000000001 7.3639834
60885 23321.247 1506.3297 -6570.7735 2146.9877 -1.5971961 1.9413163 7.0716773
60885 23741.247 710.12728 -5139.671200000001 4809.5527 -2.1299875999999998 4.7552361 5.3968326
60885 24161.247 -224.4232 -2707.0991000000004 6532.335599999999 -2.2465178999999997 6.6357942 2.6719199
60885 24581.247 -1115.3869 252.20356 6981.233700000001 -1.9260617 7.2231211 -0.56937806
60885 25001.247 -1789.4992 3162.4157000000005 6069.4452 -1.2307291 6.405657000000001 -3.7013040999999998
60885 25421.247 -2115.1284 5456.6505 3972.9698 -0.2937338 4.3372291999999995 -6.1172239
60885 25841.247 -2027.309 6683.6243 1099.1814 0.70294721 1.4171812 -7.3422576
60885 26261.247 -1543.1596000000002 6604.4875 -1990.8591000000001 1.5642280000000002 -1.7881267 -7.126513200000001
60885 26681.247 -756.63032 5231.3385 -4689.9506 2.1186807 -4.641409899999999 -5.511756800000001
60885 27101.247 177.90752 2834.8085 -6469.0936 2.2579225000000003 -6.5818467 -2.8201178000000002
60885 27521.247 1077.8276 -115.72568 -6981.6523 1.9563753 -7.23505 0.41930502000000003
60885 27941.247 1767.473 -3043.6827000000003 -6128.4536 1.2731232000000001 -6.4762526 3.576169
60885 28361.247 2112.0658 -5377.3376 -4075.795 0.34031361 -4.4513419999999995 6.0362104
60885 28781.247 2043.7788 -6659.7208 -1224.4201 -0.66023164 -1.5533024 7.315609800000001
60885 29201.247 1575.7053999999998 -6639.5215 1867.2884 -1.5317205 1.6488494 7.1601624
60885 29621.247 797.7582900000001 -5314.6718 4592.682400000001 -2.1044709 4.5283323 5.6065423
60885 30041.247 -135.13239000000002 -2955.7469 6420.196599999999 -2.2639443000000004 6.516138 2.9536840000000004
60885 30461.247 -1041.7617 -20.43817 6993.0215 -1.9818775000000002 7.2297878 -0.27046664
60885 30881.247 -1745.5424 2918.8832 6200.6118 -1.3139302 6.5352141 -3.4404775
60885 31301.247 -2109.2158 5289.4131 4197.137 -0.38889281 4.5654198 -5.9420772
60885 31721.247 -2061.2469 6627.5897 1372.5838999999999 0.61381416 1.7001617000000002 -7.2845616
60885 32141.247 -1610.0555 6669.5522 -1721.6205 1.4970752 -1.4981095 -7.2016779
60885 32561.247 -843.4433100000001 5403.7656 -4475.464900000001 2.0885615 -4.4024339 -5.7153516
60885 32981.247 87.917699 3085.0334 -6357.6213 2.2710166 -6.4463596 -3.1035149000000004
60885 33401.247 1001.9909 165.34882000000002 -6996.9885 2.0097131 -7.2262194 0.10812000000000001
60885 33821.247 1721.0203000000001 -2786.6693 -6270.415400000001 1.3576546 -6.598497500000001 3.2940334
60885 34241.247 2105.1113 -5196.2931 -4320.347400000001 0.44091799 -4.6856896 5.8383539
60885 34661.247 2079.0855 -6593.5344000000005 -1526.4972 -0.5630357 -1.8568379 7.244830100000001
60885 35081.247 1647.4803000000002 -6704.478 1565.7347 -1.4580667 1.3369194 7.235452100000001
60885 35501.247 894.4045600000001 -5507.2924 4351.804400000001 -2.0683683999999998 4.2687531 5.8110728
60885 35921.247 -33.078599000000004 -3236.3061000000002 6287.2345000000005 -2.2750105 6.3660418000000005 3.2524149
60885 36341.247 -954.1334300000001 -334.68811 6994.4076 -2.0382589 7.222320300000001 0.058800407
60885 36761.247 -1689.1135 2632.0207 6334.3461 -1.4033513 6.6703337000000005 -3.1508981
60885 37181.247 -2094.0088 5084.4493 4433.1484 -0.4921465 4.811662800000001 -5.7511047
60885 37601.247 -2088.5659 6540.2028 1661.6378 0.51810726 2.0037224 -7.2268529
60885 38021.247 -1673.0294 6711.7727 -1436.9425 1.4275577000000002 -1.2001887999999998 -7.2813476
60885 38441.247 -929.09 5566.0387 -4253.030900000001 2.0556794 -4.1637658 -5.9044426
60885 38861.247 -3.0865335000000003 3330.7239 -6235.6629 2.2796732000000004 -6.3039950000000005 -3.372721
60885 39281.247 923.3980600000001 445.08169000000004 -6996.760200000001 2.059175 -7.209247400000001 -0.19255408000000002
60885 39701.247 1670.2088 -2527.2786 -6392.612099999999 1.4382685 -6.710749600000001 3.0216197000000005
60885 40121.247 2091.9873000000002 -5007.7357999999995 -4541.2626 0.53672831 -4.9050022 5.6486943
60885 40541.247 2106.0465 -6512.1248 -1802.6636 -0.47122066 -2.1389894 7.1757761
60885 40961.247 1708.5871000000002 -6743.7592 1288.4793 -1.38893 1.0493751 7.3008598000000005
60885 41381.247 977.37961 -5658.4173 4127.7744 -2.0350951 4.0327399999999995 5.994507700000001
60885 41801.247 55.197279 -3467.6673 6158.7095 -2.2833022 6.225846300000001 3.5160662000000005
60885 42221.247 -877.7938 -600.1110500000001 6984.661 -2.0857989 7.2025916 0.35169071
60885 42641.247 -1639.4825 2384.4954 6444.1219 -1.4809585 6.7737774 -2.8834314
60885 43061.247 -2080.5795 4903.1141 4639.669400000001 -0.58509393 5.0192493 -5.5606935
60885 43481.247 -2114.2992999999997 6461.2301 1925.272 0.42742486 2.2760892 -7.149402
60885 43901.247 -1733.2805 6751.862400000001 -1167.731 1.35659 -0.9148421200000001 -7.3329040999999995
60885 44321.247 -1012.4248000000001 5718.813700000001 -4031.4841 2.0185440000000003 -3.9212198 -6.0764325
60885 44741.247 -93.06044500000002 3565.3293 -6104.3818 2.284913 -6.154391899999999 -3.6349138
60885 45161.247 844.3190000000001 717.62882 -6984.8628 2.1049647 -7.1811077 -0.4896031
60885 45581.247 1617.4668000000001 -2269.8285 -6502.8274 1.5158685 -6.8097041 2.7467059
60885 46001.247 2076.0149 -4815.741900000001 -4752.7677 0.63136794 -5.1127443 5.4493462
60885 46421.247 2130.2189 -6423.5783 -2074.7141 -0.37788826000000003 -2.4157242 7.0918413000000005
60885 46841.247 1768.5462 -6777.142900000001 1009.0956 -1.3152549 0.75783095 7.3492065
60885 47261.247 1061.4537 -5807.1522 3895.4733 -1.9958472999999999 3.7841627 6.1665896
60885 47681.247 147.02333 -3702.893 6019.0678 -2.2862547 6.0694794000000005 3.7777658
60885 48101.247 -796.11874 -875.8826 6964.909900000001 -2.1303755 7.1690773 0.65131147
60885 48521.247 -1583.8733 2122.0198 6547.886 -1.5584121 6.8694816 -2.6047984000000004
60885 48941.247 -2062.4642 4705.0519 4850.5524000000005 -0.6795589 5.2221699 -5.3564229
60885 49361.247 -2139.0909 6371.177 2205.0602999999996 0.33113195 2.5539145 -7.0513902
60885 49781.247 -1795.3504 6784.5383 -873.6603700000001 1.2782094 -0.6123989400000001 -7.373782599999999
60885 50201.247 -1100.5207 5872.0893 -3782.8369 1.9756128000000002 -3.6602069999999998 -6.2495628
60885 50621.247 -190.39438 3811.3934 -5950.93 2.2860555 -5.988071 -3.9038997
60885 51041.247 756.91285 1007.0606 -6955.1181 2.1501701 -7.1442607 -0.79910946
60885 51461.247 1556.714 -1993.563 -6600.3371 1.5952537 -6.9076147 2.4606958
60885 51881.247 2052.9313 -4605.2992 -4955.2572 0.7282740400000001 -5.3225426 5.2434968
60885 52301.247 2147.9424 -6317.0998 -2338.9859 -0.28299292000000004 -2.6932219 7.0045701000000005
60885 52721.247 1822.6988000000001 -6792.5704000000005 735.6089900000001 -1.2400953 0.46701881 7.3920921
60885 53141.247 1140.2238 -5936.3752 3665.0762999999997 -1.9540335 3.5327083 6.3319851
60885 53561.247 233.99697 -3917.1841000000004 5877.2694 -2.2857726 5.9069941 4.0308768
60885 53981.247 -717.44266 -1135.2278999999999 6939.7501 -2.1698298 7.1202353 0.94578704
60885 54401.247 -1529.1394 1868.1414 6646.3535999999995 -1.631454 6.944674200000001 -2.319296
60885 54821.247 -2043.048 4507.621700000001 5055.1952 -0.77508513 5.4159312 -5.1322363
60885 55241.247 -2158.7075 6268.2901 2476.1511 0.23372237 2.8285353 -6.9451836
60885 55661.247 -1853.0051 6805.4487 -587.4880400000001 1.1979312 -0.31369655999999996 -7.4002548
60885 56081.247 -1185.1964 6012.8787 -3536.3327000000004 1.9281828 -3.3942618 -6.4072944
60885 56501.247 -286.26684000000006 4047.5066 -5793.3391 2.2813767 -5.8088553 -4.1623098
60885 56921.247 668.4848000000001 1293.3143 -6918.5776 2.1897718 -7.089011800000001 -1.1072997
60885 57341.247 1493.0331 -1712.7308 -6692.9007 1.6714964 -6.9883316 2.1647685
60885 57761.247 2026.3996000000002 -4384.6021 -5158.8727 0.8258148 -5.523062100000001 5.019870200000001
60885 58181.247 2165.3764 -6203.581099999999 -2617.3237999999997 -0.18236296999999999 -2.9739539 6.8904011
60885 58601.247 1879.3177 -6804.404500000001 438.51007000000004 -1.1565379 0.15912711999999998 7.416983
60885 59021.247 1225.7129 -6074.1493 3407.9824 -1.9041705 3.2601916 6.4883977999999995
60885 59441.247 332.37248999999997 -4156.1754 5709.790900000001 -2.2788586 5.7196678 4.2910617
60885 59861.247 -625.86482 -1427.2512 6894.8151 -2.2085470999999997 7.0594746 1.2587966
60885 60281.247 -1462.1796000000002 1579.8657 6732.7515 -1.7078913 7.022831500000001 -2.0178539
60885 60701.247 -2013.4370000000001 4278.8325 5254.805 -0.8734006200000001 5.615944900000001 -4.903713
60885 61121.247 -2171.4354 6142.202700000001 2747.5209 0.13367554 3.1081514 -6.8346387
60885 61541.247 -1904.598 6803.5196 -298.08391 1.1160176 -0.011972254 -7.426451699999999
60885 61961.247 -1264.9727 6133.3944 -3285.6432999999997 1.8792286 -3.1273364999999997 -6.5607154
60885 62381.247 -377.99307 4263.838900000001 -5628.8477 2.2741851000000004 -5.6262374 -4.4129135999999995
60885 62801.247 582.78071 1562.6082 -6871.6957999999995 2.225152 -7.0232643 -1.4080285
60885 63221.247 1430.1242 -1442.9313 -6773.2934000000005 1.7430361 -7.0519653 1.8688399
60885 63641.247 1998.991 -4167.4303 -5352.7572 0.9207438499999999 -5.706557300000001 4.7841344
60885 64061.247 2177.9182 -6078.8964000000005 -2885.6362000000004 -0.08324151 -3.2436278 6.7693167999999995
60885 64481.247 1931.1153000000002 -6801.9105 146.58279000000002 -1.0728479 -0.14144639 7.4304722000000005
60885 64901.247 1306.326 -6193.7155999999995 3150.2318999999998 -1.8528617 2.989478 6.6340744
60885 65321.247 425.92707 -4373.7799 5536.098599999999 -2.2697756 5.532219199999999 4.5386369
60885 65741.247 -537.7556 -1699.4128 6837.9971 -2.2430495 6.991150800000001 1.5585449000000002
60885 66161.247 -1396.5901000000001 1306.5254 6802.5793 -1.7788009 7.0854245 -1.7243929
60885 66581.247 -1982.9402 4057.4547000000002 5436.5801 -0.96680954 5.7965176000000005 -4.6727777999999995
60885 67001.247 -2181.8219 6015.505700000001 3005.5794 0.035738186 3.3716174000000003 -6.710344699999999
60885 67421.247 -1953.7183 6796.1664 -14.913693 1.0324982 0.28364958 -7.4330548
60885 67841.247 -1342.9683 6245.7172 -3032.3951 1.8269517000000002 -2.8588776 -6.6974072
60885 68261.247 -467.90306 4466.4896 -5452.3832 2.2655073000000003 -5.444604 -4.6533594
60885 68681.247 498.8149 1814.7901000000002 -6806.1825 2.2588225000000004 -6.9605823000000004 -1.6919042
60885 69101.247 1367.7142 -1190.1761000000001 -6826.818 1.8100913 -7.1109231 1.5947628999999999
60885 69521.247 1969.4751 -3962.6756 -5510.602 1.0078124 -5.8721540999999995 4.5687199000000005
60885 69941.247 2186.4139 -5960.8547 -3114.9393 0.0079626797 -3.4846549 6.649378800000001
60885 70361.247 1975.8997 -6793.670700000001 -108.72981 -0.99370663 -0.41531905 7.4272175
60885 70781.247 1379.243 -6298.87 2918.7711 -1.8001921 2.7314363 6.750285600000001
60885 71201.247 513.36375 -4575.0151 5375.804099999999 -2.2542240000000002 5.339160700000001 4.756429600000001
60885 71621.247 -452.46256 -1960.8805 6784.164400000001 -2.2689215 6.9028998 1.8397031
60885 72041.247 -1330.4132 1034.3121 6870.9186 -1.8426795 7.1243188 -1.4337355
60885 72461.247 -1949.6628 3828.2227000000003 5618.4227 -1.0569721 5.9593593 -4.432996
60885 72881.247 -2188.8948 5875.9092 3268.0982000000004 -0.06222835 3.6265376000000002 -6.573974000000001
60885 73301.247 -2000.0456000000001 6774.1088 277.68124 0.9475123599999999 0.57704684 -7.4303687
60885 73721.247 -1419.0748 6344.2896 -2767.4089 1.7729694 -2.5899822 -6.8275945
60885 74141.247 -559.81249 4670.4613 -5268.573 2.2504313000000002 -5.2472927 -4.8837788
60885 74561.247 409.10008000000005 2082.4962 -6736.2807999999995 2.2864909 -6.8724182 -1.9853798
60885 74981.247 1298.0076000000001 -912.714 -6883.1443 1.8762302 -7.1537651 1.2971191
60885 75401.247 1933.4678999999999 -3729.7263 -5682.4052 1.0994621 -6.0377648 4.3257794
60885 75821.247 2191.1353 -5817.8854 -3368.533 0.10696596 -3.740243 6.5094536
60885 76241.247 2020.2707 -6768.1927000000005 -394.20297 -0.90708622 -0.7097467900000001 7.417852
60885 76661.247 1454.2587 -6394.763400000001 2657.4647999999997 -1.7430097 2.4567203 6.8723611
60885 77081.247 604.0372600000001 -4772.0745 5189.2858 -2.2374026 5.137825 4.984490300000001
60885 77501.247 -363.79679 -2220.2039 6707.938099999999 -2.2950601 6.812290600000001 2.1282481
60885 77921.247 -1260.9501 763.42362 6919.058400000001 -1.9064945 7.1606629 -1.1395302999999999
60885 78341.247 -1912.9173 3598.4990000000003 5781.5072 -1.1464770000000002 6.11599 -4.1886541
60885 78761.247 -2192.1201 5732.152599999999 3514.7837999999997 -0.16061553 3.8749953 -6.426936899999999
60885 79181.247 -2043.0579 6745.6027 560.2594399999999 0.85934348 0.86978136 -7.4105914
60885 79601.247 -1493.8251 6437.9908 -2504.6121000000003 1.7125774 -2.3105311000000004 -6.9402149
60885 80021.247 -651.85096 4868.8824 -5077.5357 2.2299392 -5.0365369 -5.1073421
60885 80441.247 317.68048 2347.1057 -6654.35 2.310371 -6.7730182999999995 -2.2763593
60885 80861.247 1225.2192 -633.52914 -6927.4853 1.9396233999999999 -7.1850229 0.99686334
60885 81281.247 1893.5356000000002 -3490.4838 -5844.3493 1.1899035 -6.193535600000001 4.075457
60885 81701.247 2191.8062000000004 -5665.2126 -3616.1884 0.20660637 -3.9897161999999997 6.3585373
60885 82121.247 2061.2576 -6731.5005 -678.75553 -0.81797425 -1.003235 7.3959676000000005
60885 82541.247 1527.3376 -6480.5793 2392.0434 -1.6819888 2.1777298000000003 6.9824778
60885 82961.247 694.52954 -4961.9002 4994.3696 -2.2161484999999996 4.9272551 5.2045405
60885 83381.247 -273.5005 -2476.7775 6621.0097000000005 -2.3171453 6.709928700000001 2.4140166
60885 83801.247 -1188.3791 490.24845000000005 6956.4942 -1.9674439000000001 7.1851779 -0.84262024
60885 84221.247 -1872.2027 3361.8902000000003 5936.052 -1.2348057 6.262908 -3.9369173
60885 84641.247 -2191.408 5578.6327 3756.8204 -0.25956652 4.1170615 -6.2690551999999995
60885 85061.247 -2082.2202 6704.161 842.56339 0.76858338 1.1629554 -7.3802064000000005
60885 85481.247 -1566.0463 6519.7929 -2237.6892000000003 1.6485433 -2.026598 -7.0427355
60885 85901.247 -743.0708199999999 5058.231900000001 -4878.5542000000005 2.2050489 -4.8168734 -5.3231973
60885 86321.247 225.26549 2607.2335000000003 -6562.6781 2.3296822 -6.6606277 -2.5642471000000002
60886 341.247 1149.7335 -353.07855 -6962.237099999999 1.9995626 -7.2021322 0.6927231
60886 761.247 1849.8941000000002 -3244.4987 -5999.8096 1.2791416 -6.338004700000001 3.8143228
60886 1181.247 2188.8403 -5502.2934000000005 -3862.8901 0.30782588 -4.2342344999999995 6.192572600000001
60886 1601.247 2099.8064 -6684.1318 -968.8152 -0.72488187 -1.2995999999999999 7.3591182
60886 2021.247 1600.0007 -6558.4945 2115.5618 -1.6157813 1.8895193 7.081835900000001
60886 2441.247 785.3805100000001 -5142.1191 4782.1499 -2.1921280000000003 4.7092663 5.4253186
60886 2861.247 -182.76486 -2720.2952 6511.1115 -2.3397457 6.6127552 2.695797
60886 3281.247 -1115.6518 234.52043 6964.841200000001 -2.0264209 7.214215 -0.5677675900000001
60886 3701.247 -1830.2901000000002 3143.4512999999997 6052.5383 -1.3143404 6.3950732 -3.7177709
60886 4121.247 -2187.1364 5437.358 3954.971 -0.34425557 4.3185037 -6.1318245
60886 4541.247 -2113.8725 6661.3225 1078.9451999999999 0.6912123800000001 1.4045273999999999 -7.3445813
60886 4961.247 -1626.092 6579.478700000001 -2010.0561000000002 1.5929814 -1.7881541 -7.119355400000001
60886 5381.247 -819.80529 5208.8958 -4704.3731 2.1824774000000002 -4.6294084 -5.4967134
60886 5801.246999999999 146.88750000000002 2819.1811000000002 -6475.9338 2.3444579 -6.561122900000001 -2.7994594000000004
60886 6221.246999999999 1084.9766000000002 -121.45228 -6979.1866 2.0485723 -7.2094727999999995 0.44234854
60886 6641.246999999999 1811.2993999999999 -3038.3941 -6116.4765 1.3526155000000002 -6.450078 3.5977556
60886 7061.246999999999 2183.7726000000002 -5361.6668 -4055.8603 0.39133441 -4.4287372 6.051828
60886 7481.247 2129.0551 -6636.021 -1199.9018 -0.6476982 -1.5382974999999999 7.3213144
60886 7901.247 1657.6123 -6611.5824 1891.6448 -1.5598024000000001 1.6526283000000002 7.1542369
60886 8321.247 861.73153 -5293.358700000001 4612.5298 -2.1661405 4.5175931 5.5852886
60886 8741.247 -102.29106 -2942.0382999999997 6430.6988 -2.3483202999999997 6.492983100000001 2.9297364
60886 9161.247 -1046.4308 -17.701349999999998 6993.508900000001 -2.0732091 7.2019081 -0.29389135
60886 9581.247 -1786.8905 2910.0238 6191.6504 -1.3942541000000002 6.5086493 -3.4618721999999997
60886 10001.247 -2179.031 5270.3178 4179.9177 -0.44165971000000004 4.5434502000000005 -5.9596160000000005
60886 10421.247 -2146.8582 6604.5154 1351.5748999999998 0.5982481199999999 1.686663 -7.289206600000001
60886 10841.247 -1693.6100000000001 6643.1722 -1742.4359 1.5221895 -1.5000202999999999 -7.1962304
60886 11261.247 -908.2949100000001 5379.0380000000005 -4493.5216 2.1497896 -4.3952456 -5.6971698
60886 11681.247 55.061116000000005 3061.1313999999998 -6362.6343 2.357791 -6.4357245 -3.0766439
60886 12101.247 1007.6456 146.97906 -6988.6763 2.1022205 -7.2078851 0.14468029000000002
60886 12521.247 1763.2868999999998 -2795.5285 -6245.7642000000005 1.4363796 -6.5714482 3.3337927
60886 12941.247 2174.6342000000004 -5192.140200000001 -4280.138900000001 0.48984145 -4.6514242999999995 5.8706817000000004
60886 13361.247 2161.1901000000003 -6574.483700000001 -1476.2791000000002 -0.5528217200000001 -1.8217551 7.2586998000000005
60886 13781.247 1725.5381000000002 -6672.4547999999995 1616.8 -1.4870261 1.3621555 7.2249981
60886 14201.247 953.12305 -5468.3832999999995 4393.8149 -2.129746 4.2748178 5.779527900000001
60886 14621.247 -4.9106243 -3199.6007000000004 6313.3162 -2.3567878 6.3494918 3.2103156
60886 15041.247 -962.03683 -308.94046000000003 7002.8379 -2.1256790999999997 7.188186300000001 0.018806398999999998
60886 15461.247 -1732.2033000000001 2641.6403 6328.1146 -1.4809157 6.6297041 -3.17971
60886 15881.247 -2165.0042000000003 5077.4839 4418.088900000001 -0.54533441 4.7762633 -5.7661055
60886 16301.247 -2174.5611000000004 6520.4073 1642.5742 0.5003499 1.9815022 -7.2306529
60886 16721.247 -1757.9950000000001 6685.478 -1455.6017 1.4504175000000001 -1.2092555 -7.2757932
60886 17141.247 -996.3306200000001 5538.145 -4267.3224 2.1159458 -4.1626548 -5.8894804999999995
60886 17561.247 -39.190008999999996 3304.5893 -6240.1808 2.3657974 -6.295195700000001 -3.3490742
60886 17981.247 926.00094 423.1565 -6988.722 2.1524845 -7.1927802000000005 -0.15619071
60886 18401.247 1710.0384 -2540.1828 -6368.0421 1.5190958 -6.6840942 3.062267
60886 18821.247 2160.2014 -5007.5041 -4500.7696 0.5888892600000001 -4.869899500000001 5.6816804
60886 19241.247 2188.3967000000002 -6496.6137 -1752.067 -0.45690727 -2.1031958 7.189464
60886 19661.247 1789.0151 -6716.4102 1339.9241000000002 -1.4131235 1.0733548000000002 7.2889361
60886 20081.247 1040.4199 -5625.2412 4169.8664 -2.0922098 4.0352984 5.963374300000001
60886 20501.247 89.118795 -3438.3322000000003 6185.726000000001 -2.3627501000000004 6.205420500000001 3.4776704
60886 20921.247 -879.56394 -582.97308 6996.1592 -2.1738282 7.1668571000000005 0.31780126999999997
60886 21341.247 -1677.313 2385.5829 6443.5893 -1.561973 6.7352919 -2.9065402
60886 21761.247 -2148.4247 4889.356900000001 4633.3871 -0.64374456 4.9890020999999996 -5.5718321
60886 22181.247 -2199.4644 6436.948200000001 1915.2952 0.40378982 2.2605083 -7.1544032
60886 22601.247 -1819.6584 6723.5613 -1178.7304 1.3748681999999999 -0.9191983300000001 -7.3326725
60886 23021.247 -1082.612 5690.2525000000005 -4040.7772000000004 2.0762071 -3.9188188 -6.0682068000000005
60886 23441.247 -133.16818 3540.8297000000002 -6108.4433 2.3695128 -6.145159 -3.6142378
60886 23861.247 842.46197 698.22475 -6977.8521 2.1989786 -7.1651295 -0.45765737
60886 24281.247 1653.5818000000002 -2280.7497000000003 -6480.9275 1.5994702 -6.7850511 2.7841221000000003
60886 24701.247 2142.003 -4814.5815 -4715.8967 0.68770308 -5.0805375999999995 5.4811066
60886 25121.247 2212.2266 -6408.3774 -2027.7911000000001 -0.35893178000000003 -2.3827802 7.106442
60886 25541.247 1850.3777 -6750.5643 1057.4443 -1.3354037 0.77996928 7.340368000000001
60886 25961.247 1127.3688 -5775.2695 3935.8796 -2.0501479 3.7862088 6.1389926
60886 26381.247 184.67532 -3674.847 6045.804400000001 -2.3644675000000004 6.0494655 3.7424149000000004
60886 26801.247 -793.9821 -859.7953100000001 6977.223599999999 -2.2188006999999996 7.1339618 0.6196262100000001
60886 27221.247 -1618.2925 2122.2988 6548.9466 -1.6413900000000001 6.8315794 -2.6262613000000004
60886 27641.247 -2127.3786 4690.7875 4842.193700000001 -0.74218869 5.1958637 -5.3676709
60886 28061.247 -2220.3666000000003 6341.6355 2186.3259 0.30547591 2.5379419 -7.0666079
60886 28481.247 -1878.3783 6750.084900000001 -898.73089 1.296099 -0.62614973 -7.3784402
60886 28901.247 -1167.5148000000002 5833.0123 -3806.8552000000004 2.0323478 -3.6675046000000004 -6.2381799
60886 29321.247 -227.54382999999999 3771.348 -5966.0432 2.3691339 -5.9853950000000005 -3.8739104
60886 29741.247 757.77467 966.22834 -6949.3235 2.2425997000000004 -7.1340826 -0.7473548600000001
60886 30161.247 1594.4002 -2026.1193 -6570.0222 1.6743479000000001 -6.8773467 2.526566
60886 30581.247 2121.5715 -4627.0351 -4908.4532 0.77682029 -5.2635935 5.2931897
60886 31001.247 2229.9788 -6313.5261 -2277.7257999999997 -0.26991991000000004 -2.6316840000000004 7.025970999999999
60886 31421.247 1902.2745 -6765.1962 799.37887 -1.2649916 0.51782925 7.382649300000001
60886 31841.247 1202.3393 -5893.098400000001 3719.6328 -2.0124831 3.5653049 6.291924
60886 32261.247 267.32057000000003 -3869.0635 5911.2203 -2.3658137000000004 5.911628800000001 3.9714358
60886 32681.247 -719.8956999999999 -1090.2019 6946.812 -2.2573092000000003 7.101462499999999 0.8785983
60886 33101.247 -1566.8396 1901.1375 6625.182400000001 -1.7088702 6.9069423 -2.3849949
60886 33521.247 -2108.2138999999997 4521.6080999999995 5008.415900000001 -0.8261200000000001 5.3641489 -5.1866288
60886 33941.247 -2237.3762 6258.1305999999995 2409.593 0.22039822 2.7685033 -6.9784701
60886 34361.247 -1928.6912 6769.6686 -661.3725400000001 1.2251422 -0.37339940000000005 -7.4011473
60886 34781.247 -1242.3372 5955.9011 -3603.039 1.9889434000000001 -3.4388649 -6.370589600000001
60886 35201.247 -311.32123 3969.994 -5834.8689 2.3653191000000002 -5.834992199999999 -4.094867000000001
60886 35621.247 680.17923 1209.1771 -6922.8952 2.2781122000000003 -7.0850808 -1.0192523
60886 36041.247 1539.1767 -1787.1558 -6658.7706 1.7445141000000002 -6.9461959 2.2554085
60886 36461.247 2097.5831000000003 -4434.4701 -5090.7226 0.87042628 -5.4507989 5.0871464
60886 36881.247 2246.3107000000005 -6215.6688 -2525.8282999999997 -0.17398617 -2.8902134 6.923325
60886 37301.247 1956.2573 -6782.8053 533.78589 -1.1841376000000001 0.2340274 7.4034866
60886 37721.247 1284.4397 -6026.3371 3489.0098 -1.9618525 3.3078327 6.4357012000000005
60886 38141.247 362.35513000000003 -4095.9879 5763.231400000001 -2.3561852 5.731111100000001 4.215203900000001
60886 38561.247 -630.19901 -1369.5663000000002 6914.6678 -2.2922228000000002 7.037308200000001 1.1774283
60886 38981.247 -1500.3564 1622.7856000000002 6719.7823 -1.7827902999999998 6.976599 -2.0910154000000003
60886 39401.247 -2078.5822 4299.1821 5214.4573 -0.9245742 5.5563287 -4.9599582
60886 39821.247 -2250.8365 6135.8498 2688.1651 0.11800538 3.0434502 -6.8681376
60886 40241.247 -1982.1139 6770.1022 -365.55903000000006 1.1406996999999999 -0.07482727 -7.4304963
60886 40661.247 -1324.1053000000002 6074.6643 -3347.2187000000004 1.9403258 -3.1814241 -6.5301149
60886 41081.247 -406.06223 4186.3382 -5670.0124000000005 2.3582581 -5.6597408 -4.3466938
60886 41501.247 591.20639 1477.3518000000001 -6875.8926 2.314038 -7.0290643 -1.3087919
60886 41921.247 1473.099 -1521.9463 -6732.3649000000005 1.8157416000000002 -7.017651600000001 1.9837280000000002
60886 42341.247 2067.8161 -4225.6309 -5270.7216 0.9586688900000001 -5.6219569 4.8880268
60886 42761.247 2254.8698 -6095.3842 -2768.9267000000004 -0.083738868 -3.1326304 6.831326
60886 43181.247 1999.5128000000002 -6769.3910000000005 277.94446999999997 -1.1121762000000002 -0.022724064 7.4349493
60886 43601.247 1351.4473 -6113.9319000000005 3270.1031000000003 -1.9221707 3.0911801999999997 6.5751948
60886 44021.247 438.14517 -4258.4255 5618.4202000000005 -2.3542598 5.5935067 4.427091000000001
60886 44441.247 -561.40225 -1567.5187 6863.5463 -2.3255233 6.9992178 1.4139214
60886 44861.247 -1451.3383000000001 1428.9307 6766.1156 -1.8420297 7.0327176 -1.8694123
60886 45281.247 -2058.0833000000002 4146.5912 5344.938400000001 -0.99931442 5.693866600000001 -4.7855208000000005
60886 45701.247 -2263.1946000000003 6054.9988 2878.0317999999997 0.038878195 3.2428098 -6.766381000000001
60886 46121.247 -2026.4588999999999 6781.2436 -152.24972 1.069685 0.15811576 -7.4231685
60886 46541.247 -1394.2372 6183.9893 -3152.697 1.8909460999999999 -2.9546331 -6.6276875
60886 46961.247 -490.18775 4381.3228 -5537.3755 2.3425637000000004 -5.4863089 -4.5401444
60886 47381.247 509.25926000000004 1726.2882 -6842.1774000000005 2.3380342 -6.9475359 -1.5705873
60886 47801.247 1409.6991 -1264.2926000000002 -6813.4418 1.8787733000000002 -7.057897700000001 1.7059186
60886 48221.247 2035.6531000000002 -4008.4867000000004 -5455.023700000001 1.0521606 -5.7926077 4.6569206
60886 48641.247 2263.7331 -5969.263 -3027.429 0.016509015999999998 -3.3892995000000004 6.7064181
60886 49061.247 2048.3442 -6760.1992 -5.9681946 -1.0254694 -0.31308279 7.441191300000001
60886 49481.247 1430.6379 -6223.302 3016.6243 -1.8668068000000002 2.8268208 6.7111540000000005
60886 49901.247 532.0615600000001 -4464.726900000001 5445.7334 -2.3405964 5.4069219 4.6630419000000005
60886 50321.247 -471.77636 -1826.036 6801.1723 -2.3569157 6.9300288000000005 1.7014626000000002
60886 50741.247 -1382.9653 1167.3682 6825.3147 -1.91037 7.0886655 -1.5883806
60886 51161.247 -2023.8678 3932.8969 5511.3449 -1.0908906999999999 5.861748700000001 -4.5641586
60886 51581.247 -2269.2492 5929.7437 3117.4299 -0.058204171000000006 3.4891377 -6.6454835
60886 52001.247 -2071.204 6767.8478 112.67896 0.9854668400000001 0.43597594 -7.4243763000000005
60886 52421.247 -1468.8074 6284.7623 -2914.2197 1.8352741000000001 -2.6971135 -6.750404400000001
60886 52841.247 -580.1846899999999 4577.299400000001 -5372.345 2.3259096 -5.2975688000000005 -4.7617003
60886 53261.247 421.21044 1980.4459 -6784.1354 2.3639284 -6.863933200000001 -1.8505824
60886 53681.247 1340.8816000000002 -1000.6773000000001 -6876.231900000001 1.9431325 -7.097739300000001 1.4198662
60886 54101.247 2000.0421000000001 -3787.1956 -5629.3539 1.1433805 -5.9513813 4.4209785
60886 54521.247 2269.4175 -5835.536099999999 -3282.7019 0.11707418 -3.6378748 6.568496100000001
60886 54941.247 2094.7038000000002 -6741.5717 -292.63683000000003 -0.93589683 -0.6028596199999999 7.4331244
60886 55361.247 1508.9077 -6324.434200000001 2754.9263 -1.8071554 2.5565188 6.8359928000000005
60886 55781.247 626.7584300000001 -4665.1021 5260.0294 -2.3233276999999997 5.2126052000000005 4.8937886
60886 56201.247 -378.43516 -2090.8484 6731.6944 -2.3828422999999996 6.8424044 1.9904755
60886 56621.247 -1308.3346000000001 892.67651 6874.0841 -1.9764137000000002 7.1357195 -1.3063353
60886 57041.247 -1982.9884 3703.9387 5667.8575 -1.1817333 6.0254517 -4.342491
60886 57461.247 -2268.2261000000003 5787.4515 3346.2505 -0.15368521999999998 3.7300611 -6.5281383
60886 57881.247 -2107.8021000000003 6733.851000000001 365.4326 0.90465227 0.70189479 -7.4283791
60886 58301.247 -1533.6524 6358.625900000001 -2687.5639 1.7833044 -2.4570642 -6.8670195000000005
60886 58721.247 -659.44641 4739.5711 -5213.8821 2.3102253999999998 -5.123171800000001 -4.9643304
60886 59141.247 343.33645 2197.2228 -6722.6422 2.3859595 -6.7819864 -2.1032416
60886 59561.247 1279.6073000000001 -771.52933 -6924.207200000001 1.9991420000000002 -7.1220178 1.1584266
60886 59981.247 1968.0327 -3590.8511000000003 -5781.2147 1.2248901 -6.0819516 4.195268100000001
60886 60401.247 2274.694 -5713.4992 -3514.1693 0.2107062 -3.8576919 6.4227061
60886 60821.247 2138.7031 -6724.157400000001 -561.83898 -0.8480469500000001 -0.87373252 7.4027939
60886 61241.247 1585.2593000000002 -6422.1305 2500.1342000000004 -1.7439249000000001 2.2891486 6.934953
60886 61661.247 721.73551 -4863.836200000001 5071.6483 -2.299737 5.0081757 5.1057305
60886 62081.247 -283.09391 -2353.3517 6647.6631 -2.4055014999999997 6.747569400000001 2.2736342
60886 62501.247 -1232.4439 617.83957 6918.3456 -2.040137 7.1660214 -1.0062041000000002
60886 62921.247 -1940.6109 3468.7039 5830.2643 -1.2742507 6.1790348999999996 -4.0907361
60886 63341.247 -2267.7253 5638.0088 3595.2499 -0.25731688 3.9783608 -6.3744622
60886 63761.247 -2149.619 6700.3927 652.51986 0.81015868 0.99668906 -7.403879600000001
60886 64181.247 -1609.8638 6448.580599999999 -2418.7755 1.7168015 -2.1741415 -6.9772109
60886 64601.247 -755.27121 4935.8588 -5016.255400000001 2.2849047000000002 -4.9082703 -5.187293800000001
60886 65021.247 246.5395 2461.7697000000003 -6634.889 2.4066938 -6.6771765 -2.3946953
60886 65441.247 1200.6116000000002 -490.03762 -6963.3418 2.0617532 -7.1474153 0.85570093
60886 65861.247 1922.104 -3346.9148999999998 -5939.425200000001 1.3171274000000002 -6.232407599999999 3.9403826
60886 66281.247 2270.6372 -5554.2399000000005 -3760.3740000000003 0.31453347000000004 -4.1037415 6.2655780000000005
60886 66701.247 2177.0962000000004 -6680.0614000000005 -847.67146 -0.75310303 -1.1669213 7.3742384
60886 67121.247 1658.3162 -6501.0007000000005 2230.6807000000003 -1.6765413000000002 2.0065667 7.0400886
60886 67541.247 814.90812 -5049.3493 4871.1105 -2.2728699000000003 4.7912786 5.3231819
60886 67961.247 -188.15944000000002 -2608.5827999999997 6554.8454 -2.4240661 6.6378005 2.560651
60886 68381.247 -1154.3408000000002 343.0281 6951.1385 -2.1004485 7.184114800000001 -0.7046405099999999
60886 68801.247 -1894.7176000000002 3227.0131 5985.1137 -1.3637791 6.3193109000000005 -3.833946
60886 69221.247 -2262.9084 5477.4340999999995 3839.692 -0.36005492 4.2178103 -6.2120582
60886 69641.247 -2187.0553 6652.9821 938.95119 0.71521752 1.286691 -7.3698794
60886 70061.247 -1682.0533 6523.1633 -2146.6606 1.6491035 -1.8934098 -7.0778858
60886 70481.247 -847.76436 5116.4532 -4811.11 2.2576813000000002 -4.6930984 -5.4001882
60886 70901.247 152.08918 2711.3586 -6535.1763 2.4245108 -6.568560300000001 -2.6753187
60886 71321.247 1122.4713000000002 -220.81962 -6986.104700000001 2.1201927 -7.1636144 0.56262383
60886 71741.247 1875.0958 -3110.2007000000003 -6078.116900000001 1.4045019 -6.368254100000001 3.6901108
60886 72161.247 2263.5537999999997 -5395.4263 -3986.8364 0.41424113 -4.332911500000001 6.1044798
60886 72581.247 2211.2222 -6629.9007 -1117.3595 -0.6598199100000001 -1.4464037 7.3325119999999995
60886 73001.247 1727.1337 -6569.691900000001 1970.4761 -1.6073393 1.7292528 7.126505900000001
60886 73421.247 905.26305 -5224.6365000000005 4671.876200000001 -2.2412642000000003 4.5693822 5.5226577
60886 73841.247 -93.730786 -2857.4866 6456.988200000001 -2.4367034 6.515176 2.8361449
60886 74261.247 -1074.4179 68.539332 6975.937400000001 -2.1555081 7.1865028 -0.40641422
60886 74681.247 -1845.4997 2981.8194 6129.0803 -1.4508276 6.4479484000000005 -3.5726909
60886 75101.247 -2255.5 5311.2863 4080.7733 -0.45969732 4.440347200000001 -6.0399563
60886 75521.247 -2221.7147000000004 6595.4134 1228.1378 0.62001365 1.5683886 -7.3223727
60886 75941.247 -1751.9249 6585.4205 -1866.5236000000002 1.5798771999999999 -1.6155236 -7.1676662
60886 76361.247 -938.39385 5283.4427000000005 -4594.1624 2.2293377 -4.4804401 -5.6040846
60886 76781.247 59.312046 2943.9351 -6416.4841 2.4425451 -6.4671031 -2.9441297
60886 77201.247 1045.9261 26.010409 -6978.4543 2.1768422000000003 -7.187632 0.2984054
60886 77621.247 1827.9527 -2895.1029 -6175.630700000001 1.483375 -6.4929749 3.4764952
60886 78041.247 2251.585 -5249.1529 -4157.5949 0.500056 -4.5297292 5.973739
60886 78461.247 2234.0504 -6574.6613 -1322.8577 -0.582202 -1.6769574 7.2995410000000005
60886 78881.247 1778.7033999999999 -6611.7856 1771.8976000000002 -1.5497400000000001 1.5023233 7.1911704
60886 79301.247 975.45014 -5355.7278 4519.2116 -2.2119852 4.3797834 5.6745554
60886 79721.247 -18.285252 -3054.5569 6383.1573 -2.4415189 6.3952406 3.0556365999999997
60886 80141.247 -1008.541 -159.36315 7002.9536 -2.1961548 7.1635282 -0.1523578
60886 80561.247 -1802.9560000000001 2766.7685 6259.3760999999995 -1.5241812000000001 6.5402321 -3.3304831
60886 80981.247 -2246.8227 5154.82 4295.9018 -0.554006 4.642312700000001 -5.865546800000001
60886 81401.247 -2252.5729 6537.7053 1492.5729 0.5275295999999999 1.8315948000000002 -7.2604296
60886 81821.247 -1817.8963999999999 6642.0825 -1602.8174 1.5081697 -1.3436246 -7.233628800000001
60886 82241.247 -1027.262 5445.9076 -4383.500400000001 2.1940546 -4.2575867 -5.7866211000000005
60886 82661.247 -35.482220000000005 3183.5257 -6303.8432999999995 2.4500653000000003 -6.3360341 -3.2056585
60886 83081.247 963.27774 298.47497 -6988.1463 2.2268676999999997 -7.1739166 0.0014245352
60886 83501.247 1773.6967 -2644.7727000000004 -6302.7339 1.5682743000000001 -6.6092636 3.208426
60886 83921.247 2237.1931 -5070.679400000001 -4381.3161 0.60185928 -4.7500725 5.7894988000000005
60886 84341.247 2262.5013 -6503.3693 -1599.5489 -0.48341676 -1.9584621 7.2358799000000005
60886 84761.247 1844.5343 -6661.9217 1496.5113999999999 -1.4735260000000001 1.2153474000000002 7.260957
60886 85181.247 1065.794 -5517.434 4299.0821 -2.173362 4.1440242 5.8637502999999995
60886 85601.247 78.93154799999999 -3296.1447000000003 6261.2624000000005 -2.4478628 6.256663400000001 3.3264024
60886 86021.247 -923.33012 -433.73874 7002.8101 -2.2460265 7.1484643 0.14708815000000003
60887 41.247 -1746.2766000000001 2512.9116000000004 6380.8623 -1.6079517 6.6514095 -3.0602567
60887 461.247 -2229.7028 4970.848 4515.3495 -0.6555101200000001 4.8584959 -5.6770565
60887 881.247 -2278.4264 6459.7006 1767.2061 0.42805853000000005 2.1109189 -7.190754
60887 1301.247 -1881.6437 6685.2187 -1326.7966999999999 1.4302621 -1.0558539 -7.2969267
60887 1721.247 -1116.4086000000002 5601.665400000001 -4160.2624 2.1530302000000003 -4.0180213 -5.9704525
60887 2141.247 -132.56649 3421.3062999999997 -6177.1295 2.4539128 -6.1914791 -3.4737883000000003
60887 2561.247 877.24451 571.74778 -6982.7657 2.2747968000000003 -7.1523139 -0.29866293000000005
60887 2981.247 1715.5961000000002 -2389.5207 -6419.938400000001 1.6509898 -6.7148544 2.9347003
60887 3401.247 2218.4348 -4883.383400000001 -4598.3984 0.70339881 -4.962841 5.5956779
60887 3821.247 2286.8869 -6420.988 -1874.1354 -0.38296742 -2.2369124 7.1605643
60887 4241.247 1907.3491999999999 -6700.7473 1218.2813999999998 -1.3940565999999999 0.9263407600000001 7.319227700000001
60887 4661.247 1154.6998999999998 -5669.6295 4071.6998 -2.1305032 3.9015639 6.0438156
60887 5081.247 176.55158 -3531.7783 6129.072099999999 -2.4497820999999997 6.1079739 3.5920838
60887 5501.247 -835.96695 -706.81731 6991.2762 -2.2921255 7.1216761 0.44651386000000004
60887 5921.246999999999 -1686.1242 2255.4671000000003 6492.0729 -1.6893184 6.7514452 -2.7847350000000004
60887 6341.246999999999 -2208.4964 4779.1465 4727.7402 -0.7565706 5.0664612 -5.4787687
60887 6761.246999999999 -2300.4706 6371.4363 2039.6313 0.32680971 2.3869593 -7.1086474
60887 7181.246999999999 -1942.7567 6717.951900000001 -1047.6538 1.3487044000000001 -0.7655869300000001 -7.3478998
60887 7601.247 -1204.702 5749.2032 -3929.2562000000003 2.1073440999999997 -3.7707609000000004 -6.1449169
60887 8021.247 -230.78094000000002 3654.8797999999997 -6039.6876 2.4531506 -6.0358911 -3.7374146
60887 8441.247 788.3244599999999 845.69787 -6965.8918 2.3190966 -7.118785600000001 -0.59979584
60887 8861.247 1653.4226 -2128.8397000000004 -6527.1895 1.7317094 -6.8099146 2.6548727
60887 9281.247 2195.1702999999998 -4686.8607 -4808.9551 0.80488803 -5.1683707000000005 5.391991
60887 9701.247 2307.1458 -6327.2657 -2146.8006 -0.28070296 -2.5126649000000003 7.0735482
60887 10121.247 1967.1248 -6728.1332 937.04296 -1.3113160000000001 0.63509107 7.366089
60887 10541.247 1242.1088 -5812.2289 3836.9486 -2.083566 3.6523254 6.2148374
60887 10961.247 274.40619 -3761.3284 5986.4795 -2.4475558 5.9492387 3.8526550000000004
60887 11381.247 -746.7260600000001 -978.4354000000001 6968.1896 -2.3346489000000004 7.083235800000001 0.745694
60887 11801.247 -1622.8192 1994.6106000000002 6592.7218 -1.7682932 6.8402991 -2.5042616
60887 12221.247 -2183.4857 4579.8291 4932.6628 -0.85700747 5.265981399999999 -5.2708721
60887 12641.247 -2318.8067 6272.7392 2309.3113 0.22410919 2.6595509 -7.014189000000001
60887 13061.247 -2001.1892 6740.04 -765.84832 1.2638842 -0.47297263 -7.3863194000000005
60887 13481.247 -1291.9388999999999 5888.2442 -3690.7935 2.0573325000000002 -3.5157829 -6.3095533999999995
60887 13901.247 -329.81834000000003 3884.0412 -5891.6188 2.4479265 -5.8689422 -3.9960629
60887 14321.247 696.8492 1120.3316000000002 -6937.529 2.3597326 -7.0727588 -0.90178302
60887 14741.247 1587.4314 -1862.3861000000002 -6624.4348 1.8103150000000001 -6.8940291 2.3688868000000003
60887 15161.247 2167.5877 -4480.6377 -5012.9574 0.90617777 -5.3665264 5.1783178
60887 15581.247 2323.4131 -6221.7078 -2417.5647000000004 -0.17672875999999998 -2.7857238000000004 6.9747735
60887 16001.247 2023.9673 -6743.591200000001 652.78938 -1.2253332000000001 0.34162034 7.401676800000001
60887 16421.247 1328.1261000000002 -5944.742700000001 3595.0178 -2.032585 3.3968852000000003 6.3766644
60887 16841.247 372.52715 -3983.8157 5833.517400000001 -2.4412601 5.7813099 4.107692699999999
60887 17261.247 -655.60109 -1247.2856000000002 6933.272 -2.3736351 7.0337653 1.0435922
60887 17681.247 -1556.3545000000001 1731.7848000000001 6682.0019 -1.8448172999999999 6.9179348 -2.2202534999999997
60887 18101.247 -2154.5957000000003 4374.1459 5128.714400000001 -0.9565403 5.4561764 -5.0546987
60887 18521.247 -2333.219 6164.4725 2574.242 0.12055006 2.9266788999999998 -6.9080943
60887 18941.247 -2056.2642 6750.888900000001 -483.70944000000003 1.1765506000000001 -0.1805489 -7.4123294
60887 19361.247 -1377.1647 6017.1021 -3446.9853 2.0034934 -3.2556249 -6.463142
60887 19781.247 -428.61866 4106.1774 -5734.263400000001 2.4382240000000004 -5.6923756999999995 -4.2473526
60887 20201.247 603.75606 1392.5928000000001 -6897.8811 2.3961766 -7.0146302 -1.2017082000000001
60887 20621.247 1518.2245 -1593.0316 -6710.5848 1.8860091 -6.9663306 2.0790834
60887 21041.247 2135.8882000000003 -4267.0612 -5208.1583 1.0063705 -5.5555665 4.9561339
60887 21461.247 2335.5036 -6105.8019 -2683.8416 -0.07194909199999999 -3.0539019 6.8643449
60887 21881.247 2077.3518 -6747.7582 367.86539000000005 -1.1367753 0.047666611000000005 7.4247347
60887 22301.247 1412.1771 -6067.6945000000005 3347.5117000000005 -1.9775917 3.1354473 6.5274483000000005
60887 22721.247 470.64896000000005 -4200.6912 5671.3482 -2.4302237 5.6027592 4.3559421
60887 23141.247 -562.55061 -1515.4608 6887.5138 -2.4083743 6.9718679 1.3405934
60887 23561.247 -1486.4497 1464.5230000000001 6761.2868 -1.918489 6.9840936000000005 -1.9314925
60887 23981.247 -2121.4449 4159.8014 5317.7052 -1.0550503000000002 5.6379907000000005 -4.8296324
60887 24401.247 -2343.3948 6045.0655 2836.3656 0.016146425000000002 3.1895746 -6.7908152
60887 24821.247 -2107.7111 6749.653200000001 -199.86287 1.0869431 0.11192482 -7.4271419
60887 25241.247 -1459.9739 6134.7887 -3196.9934 1.946236 -2.991263 -6.6068277
60887 25661.247 -526.5798000000001 4319.676 -5567.093 2.4245188 -5.5080776 -4.491416
60887 26081.247 509.79362000000003 1660.0562 -6846.1455000000005 2.4285944 -6.946170100000001 -1.498195
60887 26501.247 1446.6023 -1323.8754 -6784.334400000001 1.9582332 -7.026900800000001 1.7878974
60887 26921.247 2100.6449 -4048.9367 -5392.9708 1.1044266 -5.7336227 4.7270114
60887 27341.247 2343.5732000000003 -5981.432 -2943.6509 0.032792461 -3.3148649 6.742451600000001
60887 27761.247 2127.1826 -6741.604 84.073429 -1.0460034 -0.24484095 7.4343519
60887 28181.247 1493.9778000000001 -6180.9295 3095.4997000000003 -1.9187036000000002 2.8691958 6.6662972
60887 28601.247 568.4674699999999 -4411.3495 5500.4723 -2.4144551 5.4144417 4.5960058
60887 29021.247 -467.84564 -1782.1073000000001 6830.8135 -2.4386986999999998 6.8978963 1.6352189000000001
60887 29441.247 -1413.2709 1193.7253 6829.8427 -1.9889824 7.0386311 -1.6394951000000002
60887 29861.247 -2084.0386000000003 3937.5151 5498.2831 -1.1521016 5.8106988 -4.5970591999999995
60887 30281.247 -2349.0767 5914.6363 3093.8254 -0.088573527 3.4470477 -6.6634826
60887 30701.247 -2155.3029 6736.365400000001 83.976307 0.99518881 0.40351975 -7.4306113
60887 31121.247 -1540.1132 6241.0221 -2942.3621000000003 1.8855941 -2.7232572 -6.740020800000001
60887 31541.247 -623.4606200000001 4524.1323 -5391.3572 2.4067226 -5.316070300000001 -4.7275299
60887 31961.247 415.15607 1922.4053000000001 -6783.314200000001 2.4568751000000004 -6.8669903 -1.7908187
60887 32381.247 1372.6869 -1054.9845 -6846.4726 2.0269866 -7.075455 1.4953759
60887 32801.247 2061.9461 -3826.0912000000003 -5568.1717 1.2004422 -5.9006555 4.4909993
60887 33221.247 2347.7521 -5848.439200000001 -3197.7101000000002 0.13756063000000002 -3.5686768000000004 6.6093534
60887 33641.247 2173.5865 -6724.9627 -199.15755 -0.9530781700000001 -0.5357825900000001 7.4309568
60887 34061.247 1573.6275 -6284.225200000001 2838.7207000000003 -1.8559960000000002 2.5987222 6.7934303
60887 34481.247 665.8601 -4614.5823 5320.5014 -2.3942274 5.2175821 4.8281669
60887 34901.247 -371.71439000000004 -2045.5148000000002 6762.6861 -2.4648064 6.812888 1.9267604
60887 35321.247 -1337.0822 921.3764 6886.7529 -2.0562647000000003 7.0817388 -1.3454771
60887 35741.247 -2042.5862 3709.1445 5669.0647 -1.2475005000000001 5.973564400000001 -4.3578354
60887 36161.247 -2350.4031 5774.629400000001 3345.0654 -0.19350206 3.6980135 -6.5260118
60887 36581.247 -2198.9632 6711.5691 366.25426000000004 0.9014106399999999 0.6933551200000001 -7.4224108
60887 37001.247 -1617.4994 6336.0531 -2684.4067000000005 1.8214456 -2.4520474 -6.86199
60887 37421.247 -719.26707 4719.7353 -5208.0701 2.3845704999999997 -5.116235700000001 -4.9550722
60887 37841.247 319.71806 2179.9715 -6710.2206 2.4807704 -6.7766850000000005 -2.0793521
60887 38261.247 1296.2608 -785.84695 -6897.7366 2.0922379 -7.1118283 1.2013287000000001
60887 38681.247 2019.5445 -3598.0703 -5734.117 1.2946004 -6.057107200000001 4.2481368
60887 39101.247 2347.8631 -5706.5293 -3446.2583 0.24252825000000003 -3.8156212000000003 6.4654359999999995
60887 39521.247 2216.4457 -6697.5833 -481.87572 -0.85791846 -0.82508098 7.4150198000000005
60887 39941.247 1651.0108 -6377.268400000001 2577.2992000000004 -1.7895404000000001 2.3243063000000004 6.9090464
60887 40361.247 762.6655000000001 -4809.9788 5131.647599999999 -2.3696291 5.0123285 5.0524532
60887 40781.247 -274.34472999999997 -2305.2397 6683.3146 -2.4867259 6.7168248 2.2151019
60887 41201.247 -1258.0713 647.87275 6932.1693 -2.1203136 7.1132292 -1.0494353
60887 41621.247 -1997.2643 3475.0023 5830.2515 -1.341223 6.1264157 -4.1117279
60887 42041.247 -2347.544 5625.3301 3590.4193999999998 -0.29863806 3.9425198 -6.3780391000000005
60887 42461.247 -2238.908 6675.6778 647.4865400000001 0.80544768 0.98184381 -7.4021763
60887 42881.247 -1692.4153000000001 6420.522599999999 -2422.5355 1.7536588 -2.1769833 -6.972777600000001
60887 43301.247 -814.31858 4907.3853 -5016.7558 2.3580148 -4.9080493 -5.1745097
60887 43721.247 223.14564000000001 2433.8768 -6626.6989 2.5003226 -6.6750528000000005 -2.3645014
60887 44141.247 1217.0528000000002 -515.42533 -6938.231400000001 2.1541392999999998 -7.136300100000001 0.90520021
60887 44561.247 1973.2806 -3364.0897999999997 -5891.1912 1.3870662 -6.2034519 3.9981245
60887 44981.247 2343.8185 -5555.1440999999995 -3689.7697000000003 0.34783245 -4.0562233 6.3106842
60887 45401.247 2255.722 -6659.113 -764.49588 -0.76042222 -1.1131541 7.3868403
60887 45821.247 1726.1248 -6459.826099999999 2310.9877 -1.7192919 2.0458988 7.0135058
60887 46241.247 858.90529 -4997.335 4933.8494 -2.3405853000000003 4.798792300000001 5.2689943999999995
60887 46661.247 -175.67798000000002 -2561.02 6592.6677 -2.5043682 6.6098423 2.5002652
60887 47081.247 -1176.1491 373.51723 6966.0517 -2.1810754 7.133148500000001 -0.7514201500000001
60887 47501.247 -1947.9751 3235.3845 5981.7844000000005 -1.4332942000000002 6.269176900000001 -3.8587596
60887 47921.247 -2340.4401000000003 5466.9913 3829.8377 -0.4041272 4.18043 -6.2194856000000005
60887 48341.247 -2275.2084 6628.9582 927.92612 0.70689559 1.2694703999999999 -7.3695295
60887 48761.247 -1765.1131 6494.9648 -2156.3738 1.6817845 -1.8972655999999999 -7.0722335
60887 49181.247 -909.04234 5088.013599999999 -4817.072099999999 2.3267065 -4.6904945 -5.3861476
60887 49601.247 124.84719000000001 2685.6918 -6532.760200000001 2.515331 -6.560811800000001 -2.6476672
60887 50021.247 1134.499 -241.78142000000003 -6968.875599999999 2.2128105999999996 -7.148077100000001 0.60479252
60887 50441.247 1922.7461 -3122.0852999999997 -6041.4225 1.4784239000000001 -6.3400215 3.7383752
60887 50861.247 2335.5398 -5392.6691 -3931.3029 0.45439969 -4.2922618 6.1430049
60887 51281.247 2291.7492 -6608.9141 -1050.695 -0.65958603 -1.4027692 7.345657500000001
60887 51701.247 1799.7035 -6532.5273 2036.1966000000002 -1.6444898000000001 1.7608588 7.1076607
60887 52121.247 954.71959 -5175.5326 4723.8869 -2.3075305 4.576634299999999 5.4818612
60887 52541.247 -75.852945 -2811.4506 6488.8822 -2.5184964 6.4932240000000006 2.7846661
60887 52961.247 -1091.7268000000001 100.25906 6987.1832 -2.2390183 7.1425364 -0.45058605
60887 53381.247 -1895.2428 2992.4573 6122.7268 -1.5238398 6.4018654 -3.598109
60887 53801.247 -2329.6886 5301.740900000001 4062.9912000000004 -0.51024764 4.4116776 -6.0481674000000005
60887 54221.247 -2309.6661 6576.977 1208.0236000000002 0.60552963 1.5543402000000002 -7.3183477
60887 54641.247 -1837.6984 6564.9528 -1883.2497 1.6039934 -1.6093092 -7.1557025
60887 55061.247 -1006.424 5269.2569 -4605.145 2.2885419000000002 -4.4576136 -5.589985700000001
60887 55481.247 21.556087 2943.8365 -6424.964 2.525274 -6.4314531 -2.9323105000000003
60887 55901.247 1045.3641 43.888778 -6987.8640000000005 2.2691477 -7.1487108 0.29619545
60887 56321.247 1865.2202 -2864.5676000000003 -6184.0486 1.5700371 -6.4711547000000005 3.4683186999999998
60887 56741.247 2320.7786 -5213.6508 -4169.0884 0.5627080999999999 -4.5271178 5.9662212
60887 57161.247 2322.1844 -6542.198 -1336.7155 -0.55646788 -1.6931841 7.2967986
60887 57581.247 1868.695 -6589.1038 1758.2285 -1.5669126000000002 1.4731189999999998 7.1949804
60887 58001.247 1049.521 -5346.273 4507.7169 -2.2695623 4.3468449 5.6825309
60887 58421.247 25.090882 -3058.7038 6375.117700000001 -2.527674 6.3648788000000005 3.0630356
60887 58841.247 -1004.3166 -174.93592 6997.143099999999 -2.2931473 7.1398321 -0.14960537
60887 59261.247 -1838.2483 2742.879 6253.5705 -1.6121301000000001 6.524432300000001 -3.3328629999999997
60887 59681.247 -2314.012 5126.1061 4288.5445 -0.61550318 4.6355157 -5.8697846
60887 60101.247 -2338.0181000000002 6508.4454000000005 1484.3617 0.5036519 1.8363915 -7.2620015
60887 60521.247 -1904.7123000000001 6617.6729000000005 -1610.8020000000001 1.5256151 -1.3254839999999999 -7.2313222999999995
60887 60941.247 -1098.6786000000002 5431.9457999999995 -4390.043 2.2487117 -4.226455700000001 -5.7828626000000005
60887 61361.247 -77.84992 3184.4367 -6309.1619 2.5315719 -6.2975557 -3.2045789
60887 61781.247 958.2164399999999 315.43175 -6994.0383 2.3202773000000003 -7.1376941 -0.0028952591000000003
60887 62201.247 1807.3971000000001 -2615.0742999999998 -6311.3803 1.6562791000000001 -6.5855574 3.2000017
60887 62621.247 2303.7598 -5035.1044 -4393.5553 0.66751465 -4.7455335 5.7811089
60887 63041.247 2349.5137999999997 -6470.1551 -1614.4996 -0.45361205000000004 -1.9734996000000002 7.2322328
60887 63461.247 1935.178 -6638.1933 1481.4565 -1.4865002 1.1863909000000001 7.2644166
60887 63881.247 1141.5767 -5505.2207 4286.1999000000005 -2.2280472000000002 4.1117503 5.8733778
60887 64301.247 124.72541000000001 -3296.532 6252.3467 -2.5326814 6.227816600000001 3.3338273
60887 64721.247 -916.4047400000001 -445.09944 6995.831 -2.342968 7.1252111000000005 0.14849573000000002
60887 65141.247 -1779.0791000000002 2493.0532000000003 6373.1912999999995 -1.6969323 6.6342662 -3.0643849000000003
60887 65561.247 -2295.0502 4945.2532 4505.519 -0.71908611 4.8488651 -5.6822344000000005
60887 65981.247 -2363.0332000000003 6432.054400000001 1756.2634 0.40116198000000003 2.1124810000000003 -7.1919818
60887 66401.247 -1969.5562 6663.0885 -1337.5626000000002 1.442972 -1.0370526 -7.2915092
60887 66821.247 -1189.1054 5584.7426 -4167.4108 2.2046837999999997 -3.9865770000000005 -5.969088800000001
60887 67241.247 -175.52933 3411.9619 -6179.0673 2.5362451000000004 -6.160667 -3.4737966
60887 67661.247 871.47756 572.95555 -6975.4463 2.3705679 -7.130384100000001 -0.28837887
60887 68081.247 1748.9875 -2379.7236000000003 -6406.781 1.7378074 -6.6940276 2.9515043999999997
60887 68501.247 2283.2754 -4865.2161 -4578.0002 0.7639122300000001 -4.9441746 5.6116785
60887 68921.247 2369.5297 -6396.0537 -1848.5558999999998 -0.35987678 -2.2243084 7.1680928999999995
60887 69341.247 1991.1674 -6672.8629 1244.4551999999999 -1.4113747 0.9267395 7.3144502000000005
60887 69761.247 1223.3605 -5644.7645999999995 4093.7482000000005 -2.1837482 3.8858081 6.029171900000001
60887 70181.247 217.09529 -3516.9959 6144.1593 -2.5284738000000004 6.0771709000000005 3.5746388000000002
60887 70601.247 -831.40575 -706.76874 6999.7706 -2.3822056 7.0841148 0.43351264
60887 71021.247 -1718.9728 2240.327 6496.686 -1.7746286 6.7186375 -2.7901609
60887 71441.247 -2273.3406 4753.0121 4731.393400000001 -0.8210897300000001 5.0481158 -5.4785788
60887 71861.247 -2385.5676000000003 6341.1454 2043.8415 0.29638123 2.3869091 -7.107495
60887 72281.247 -2031.9545 6690.8158 -1043.3519000000001 1.3601105 -0.7512462000000001 -7.3486509
60887 72701.247 -1280.3364 5729.8914 -3925.4645 2.1595328 -3.7489745 -6.1459961000000005
60887 73121.247 -277.60318 3645.1761 -6035.6218 2.5357287000000004 -6.0126324 -3.7343001
60887 73541.247 779.55461 845.64262 -6958.947099999999 2.4146381999999997 -7.0965929 -0.58958344
60887 73961.247 1684.4731000000002 -2119.4175 -6518.8199 1.8194619 -6.7857083000000005 2.6679008
60887 74381.247 2258.6009 -4668.241 -4795.2278 0.8688665600000001 -5.1492716000000005 5.4028529
60887 74801.247 2390.2454 -6302.4725 -2129.8057000000003 -0.25240192 -2.5032385 7.0775962
60887 75221.247 2053.6758999999997 -6702.2186 953.9903 -1.3233171 0.63049466 7.3618936
60887 75641.247 1315.5257 -5791.5065 3850.9115 -2.1330497 3.6328106 6.2045826
60887 76061.247 320.79365 -3751.7095 5995.7852 -2.5250268 5.917979000000001 3.8411338
60887 76481.247 -736.3441 -983.01012 6973.1287 -2.4259459000000003 7.048469 0.73685426
60887 76901.247 -1650.7125 1976.3396000000002 6594.7561 -1.8563104000000001 6.8113079 -2.5093556
60887 77321.247 -2244.6141000000002 4551.856900000001 4933.1055 -0.92454981 5.249564 -5.2737311
60887 77741.247 -2401.4201000000003 6240.897400000001 2308.547 0.19110738000000002 2.6576746 -7.0168408
60887 78161.247 -2088.8827 6709.9495 -767.83619 1.2729849 -0.46279418 -7.3886912
60887 78581.247 -1367.0497 5864.2436 -3693.2762000000002 2.1071238 -3.4976434 -6.3089537
60887 79001.247 -377.14618 3868.7066 -5892.7053 2.5280485 -5.8462264 -3.9895981000000003
60887 79421.247 686.71258 1115.0555 -6934.594 2.4534967 -7.047651300000001 -0.88919875
60887 79841.247 1616.559 -1858.3205 -6614.9307 1.8966045999999999 -6.866447600000001 2.3927386000000004
60887 80261.247 2228.9911 -4464.7211 -4997.4448 0.96783822 -5.3371789 5.2004814999999995
60887 80681.247 2403.7642 -6195.063400000001 -2394.8231 -0.15063938999999998 -2.763189 6.9892283
60887 81101.247 2106.544 -6709.0306 679.4249100000001 -1.2410985 0.35664437 7.4050614
60887 81521.247 1395.7359 -5905.8728 3620.1045 -2.0869305 3.4030629 6.3642247
60887 81941.247 411.48837000000003 -3946.3169 5851.0348 -2.5217752 5.7747473000000005 4.0766542
60887 82361.247 -653.1465400000001 -1215.5593999999999 6935.3313 -2.4639447 7.012855 1.0023203
60887 82781.247 -1590.6953 1751.9703000000002 6666.1274 -1.9267893999999999 6.8845074 -2.2626143
60887 83201.247 -2218.7569 4378.5874 5096.670700000001 -1.0143077 5.415946600000001 -5.0875903
60887 83621.247 -2414.5941000000003 6152.148400000001 2531.9459 0.09760693399999999 2.8886532000000003 -6.9230009
60887 84041.247 -2138.8896 6724.2137999999995 -528.3905400000001 1.1927656 -0.20797722 -7.4066153
60887 84461.247 -1445.2966999999999 5982.518 -3485.138 2.0550437 -3.2648344000000002 -6.438552800000001
60887 84881.247 -469.30638 4071.9457 -5759.2316 2.5152865 -5.6816606 -4.210557700000001
60887 85301.247 598.33415 1366.4715 -6906.2698 2.484366 -6.987687200000001 -1.1608691
60887 85721.247 1549.2462 -1605.6154 -6702.2316 1.9685305000000002 -6.930149800000001 2.1168289000000002
60887 86141.247 2197.9658 -4264.8688 -5186.5583 1.0666342 -5.5163598 4.9843478999999995
60888 161.247 2416.4039 -6088.3985999999995 -2654.6051 -0.045405713 -3.0206459 6.8779406
60888 581.247 2161.1519 -6718.6557999999995 399.68942 -1.1498981000000001 0.069591453 7.4234552
60888 1001.247 1482.3497 -6032.175700000001 3375.5486 -2.0284392 3.1441473 6.5109067
60888 1421.247 511.96046 -4159.0336 5685.5802 -2.5113401 5.605393100000001 4.3252666
60888 1841.247 -558.6337 -1471.2473 6878.7002999999995 -2.5021686 6.969753300000001 1.2869005
60888 2261.247 -1520.9379 1505.624 6726.5176 -2.0000607 6.9602892 -2.004336
60888 2681.247 -2184.5134 4185.568700000001 5252.3267000000005 -1.107105 5.5887337 -4.8987836
60888 3101.247 -2420.2284 6045.6902 2746.8211 0.0033976753 3.1213542000000003 -6.8330482
60888 3521.247 -2181.791 6721.4309 -298.26846 1.1128914 0.043454544 -7.4251091
60888 3941.247 -1516.3995 6081.9155 -3284.9647999999997 2.0025276 -3.0363367 -6.561284
60888 4361.247 -554.99179 4255.487 -5629.518 2.4992156 -5.5145908 -4.4191197
60888 4781.247 514.40369 1601.4875 -6876.7633 2.5090717000000002 -6.9142825000000006 -1.4230188000000001
60888 5201.247 1484.0585 -1363.3342 -6786.3218 2.0321619 -6.9710955000000006 1.8467055
60888 5621.247 2165.6693 -4063.406 -5375.4498 1.1595915 -5.6734409 4.7618302
60888 6041.246999999999 2425.8548 -5972.6156 -2916.0917999999997 0.058014249999999996 -3.2653707 6.7559391
60888 6461.246999999999 2212.3256 -6715.2653 113.66181 -1.0585387000000002 -0.21085120000000002 7.431997000000001
60888 6881.246999999999 1565.6308999999999 -6143.0565 3121.0434 -1.9697949000000001 2.8907701 6.649504200000001
60888 7301.247 612.1062099999999 -4366.8885 5515.1788 -2.4950747 5.4260337 4.5607164000000004
60888 7721.247 -461.34169 -1735.2192 6826.268 -2.531391 6.8966703 1.5786502
60888 8141.247 -1444.1813 1235.4471 6797.223599999999 -2.0722509000000002 7.0173907 -1.7134474
60888 8561.247 -2144.6127 3964.9747 5434.463900000001 -1.2069811 5.763164300000001 -4.669954300000001
60888 8981.247 -2424.6769 5917.2545 3003.717 -0.10430226999999999 3.3781697 -6.711826
60888 9401.247 -2229.311 6709.2131 -17.564434000000002 1.0189447 0.33064118000000003 -7.434643200000001
60888 9821.247 -1597.1604 6186.672500000001 -3035.5908 1.9407094 -2.7758327 -6.6975479
60888 10241.247 -652.8539499999999 4455.2465999999995 -5459.4165 2.4809185000000005 -5.3303692 -4.6534881
60888 10661.247 418.64802000000003 1856.3523 -6817.8972 2.5371263 -6.8400357000000005 -1.7097626000000001
60888 11081.247 1408.9692 -1103.0492 -6849.4806 2.1009364 -7.0198988 1.5615928
60888 11501.247 2125.8835 -3848.3127000000004 -5548.541700000001 1.2562792999999999 -5.8365635000000005 4.5318754
60888 11921.247 2429.4079 -5845.0972 -3166.1398 0.16449329000000001 -3.5131006000000005 6.625766400000001
60888 12341.247 2258.9649 -6701.331700000001 -164.85254999999998 -0.9629334700000001 -0.49594603000000004 7.4287585
60888 12761.247 1646.7261 -6246.9309 2868.6477999999997 -1.9041225 2.6242728000000004 6.775273400000001
60888 13181.247 712.02262 -4569.2880000000005 5338.9312 -2.4727040000000002 5.2314021 4.7915993
60888 13601.247 -362.10737 -1997.0788 6761.38 -2.557027 6.8131456 1.8691246000000001
60888 14021.247 -1365.2916 965.9076200000001 6856.7492 -2.1412015 7.0621435 -1.4196529
60888 14441.247 -2101.3562 3739.4581000000003 5608.0233 -1.3050403 5.9264882 -4.4330553
60888 14861.247 -2425.4926 5780.179099999999 3256.4473 -0.21253119 3.6288083 -6.5781583
60888 15281.247 -2273.9069 6687.1089 264.52608000000004 0.92222754 0.6181303 -7.430782000000001
60888 15701.247 -1676.5168 6283.0032 -2779.5992 1.8746984 -2.5090703 -6.823068
60888 16121.247 -751.23414 4650.2678 -5279.1181 2.4581239 -5.136133300000001 -4.8817645
60888 16541.247 320.60823 2110.9867000000004 -6747.4033 2.5613975 -6.7547337 -1.9957424000000001
60888 16961.247 1330.2657 -838.51888 -6901.6697 2.1672156 -7.0587099 1.2727962
60888 17381.247 2081.7389 -3625.215 -5712.9214 1.3519236000000001 -5.9919117 4.2950583
60888 17801.247 2428.4857 -5706.9425 -3410.8302000000003 0.27135292 -3.7558311 6.4865167
60888 18221.247 2301.6117999999997 -6675.5015 -442.07802000000004 -0.86555782 -0.77954632 7.4150349
60888 18641.247 1724.8739 -6339.1715 2613.0919 -1.8352754 2.3549728 6.8906129
60888 19061.247 810.56272 -4762.174599999999 5155.4795 -2.4461155 5.029496 5.0139906000000005
60888 19481.247 -262.39076 -2253.3 6686.5172999999995 -2.5781605 6.7185977 2.1552544
60888 19901.247 -1284.0437 696.3060600000001 6906.3608 -2.2059732 7.0934699000000005 -1.1254297999999998
60888 20321.247 -2054.6715 3510.2019 5771.5823 -1.3988819000000001 6.0752314 -4.1954243
60888 20741.247 -2423.0376 5635.7261 3506.4300000000003 -0.31777156 3.8642117 -6.4353517
60888 21161.247 -2314.558 6652.732900000001 548.1922 0.82624584 0.89672907 -7.4167271
60888 21581.247 -1751.7529 6363.894700000001 -2517.9064 1.8090106000000001 -2.2490425000000003 -6.9395016
60888 22001.247 -845.2470500000001 4826.6859 -5089.1666 2.4355603 -4.9487356 -5.0993938
60888 22421.247 227.70507999999998 2338.4834 -6654.4398 2.5873933000000005 -6.6854168000000005 -2.2593099000000003
60888 22841.247 1255.7684 -605.5464499999999 -6915.7815 2.2293066 -7.1054691000000005 1.0293749
60888 23261.247 2038.737 -3433.3094 -5819.384599999999 1.4343222 -6.1298794 4.1089918
60888 23681.247 2421.3607 -5586.3571 -3578.2893 0.35718116 -3.9514825 6.3846885
60888 24101.247 2328.8538 -6643.2015 -633.21191 -0.79017112 -0.99760857 7.4047687
60888 24521.247 1779.7302 -6397.6187 2436.5536 -1.7806531 2.1460008 6.9692297
60888 24941.247 882.63533 -4901.401900000001 5029.124 -2.4200715 4.8592857 5.1721151
60888 25361.247 -186.48579 -2450.523 6640.2758 -2.5867309 6.6175431 2.3746815999999997
60888 25781.247 -1219.5189 476.01321 6959.8138 -2.2514673 7.0885983 -0.87756534
60888 26201.247 -2016.1832 3310.2566 5926.993 -1.4794203000000001 6.185084600000001 -3.9602218
60888 26621.247 -2421.3844 5501.659000000001 3740.7657999999997 -0.41757364 4.0764038000000005 -6.2792472
60888 27041.247 -2354.8466000000003 6621.1125 824.22851 0.7296435400000001 1.1646010000000002 -7.3783080000000005
60888 27461.247 -1828.1162 6446.557400000001 -2253.4799 1.7371902000000001 -1.9830021 -7.0328861
60888 27881.247 -943.41732 5009.6715 -4888.6833 2.4055334 -4.7455651 -5.3059378
60888 28301.247 126.11166 2591.3748 -6563.725200000001 2.6025994 -6.5782041 -2.5372955999999998
60888 28721.247 1170.9575 -334.31986 -6950.2308 2.2900537 -7.1219478 0.72784949
60888 29141.247 1987.3054 -3194.8327999999997 -5976.655900000001 1.526789 -6.2655715 3.8530279999999997
60888 29561.247 2413.0892999999996 -5427.149200000001 -3826.0403 0.4661103 -4.186899599999999 6.2214436
60888 29981.247 2365.8727000000003 -6595.802000000001 -923.2032700000001 -0.6873150000000001 -1.2851008 7.3707189
60888 30401.247 1854.7894 -6471.302000000001 2161.1855 -1.7056147000000002 1.8673653 7.071397
60888 30821.247 980.86345 -5080.813700000001 4821.4893 -2.3877905 4.6466319 5.386406
60888 31241.247 -84.861091 -2697.7111 6538.4409000000005 -2.6028289 6.512194900000001 2.6553744999999997
60888 31661.247 -1134.1518 210.50831 6979.8633 -2.3112403 7.1074034 -0.5875520900000001
60888 32081.247 -1962.9753 3077.8027 6061.0008 -1.5701644 6.3205441 -3.7160222
60888 32501.247 -2409.7608999999998 5346.005400000001 3959.75 -0.52167881 4.3006122 -6.124839
60888 32921.247 -2386.3469 6571.2126 1083.6227 0.6317034499999999 1.4346577 -7.3406598999999995
60888 33341.247 -1896.3043 6511.2175 -2004.2937 1.6630506 -1.7157705 -7.1183094
60888 33761.247 -1035.2312 5177.2527 -4699.0031 2.3690333999999997 -4.530551099999999 -5.4997732
60888 34181.247 28.316795 2830.8291 -6472.542200000001 2.6112862 -6.4568889 -2.8054297000000004
60888 34601.247 1086.3683999999998 -68.632556 -6978.4816 2.343399 -7.120760100000001 0.43619475
60888 35021.247 1932.2893000000001 -2954.7359 -6118.000400000001 1.6174566 -6.3934512 3.5940113
60888 35441.247 2400.3359 -5262.7874 -4058.3878 0.57387971 -4.4139758 6.0514942000000005
60888 35861.247 2398.2958 -6540.1562 -1201.9495 -0.5835876799999999 -1.5670555 7.3236312
60888 36281.247 1926.2764 -6535.9515 1890.6968000000002 -1.6264722999999999 1.5861688999999999 7.1572114000000004
60888 36701.247 1077.5147 -5253.402099999999 4612.457 -2.3490413 4.4224201999999995 5.587868800000001
60888 37121.247 18.119158 -2944.5902 6431.6831 -2.6119394000000002 6.3885951 2.9326464999999997
60888 37541.247 -1044.8785 -62.554158 6996.0463 -2.3662938 7.108327500000001 -0.28917212000000003
60888 37961.247 -1904.7162 2831.6362999999997 6196.657200000001 -1.6603329000000002 6.4455214 -3.4549404
60888 38381.247 -2393.7412000000004 5174.4584 4188.0439 -0.62929989 4.5250388 -5.9521437
60888 38801.247 -2415.2359 6506.8468 1358.8835000000001 0.528098 1.7138147 -7.2910524
60888 39221.247 -1964.2762 6566.0015 -1735.8691000000001 1.5836936000000001 -1.4371789000000001 -7.1998358
60888 39641.247 -1128.6528999999998 5339.3379 -4489.807 2.3291538999999997 -4.3065912 -5.695358199999999
60888 40061.247 -72.148278 3067.83 -6362.974 2.6182061 -6.3300372 -3.0765016999999997
60888 40481.247 998.5078900000001 196.75643 -6989.6446 2.3955915 -7.1147697 0.14153718
60888 40901.247 1874.2078000000001 -2712.7495 -6247.9532 1.7050993 -6.509928700000001 3.3318966999999997
60888 41321.247 2383.6796 -5092.084900000001 -4282.3275 0.6803424800000001 -4.6313983 5.8729727
60888 41741.247 2426.7332 -6474.976900000001 -1476.6941000000002 -0.47891714 -1.8438089 7.2645029999999995
60888 42161.247 1994.6203 -6590.0864 1618.9024 -1.5443602 1.3044305 7.230196100000001
60888 42581.247 1171.8633 -5414.9632 4397.446900000001 -2.3068069 4.194497 5.778616100000001
60888 43001.247 120.41279 -3182.8797000000004 6314.9858 -2.616972 6.2573974 3.2019242
60888 43421.247 -954.55994 -330.83831 6999.712 -2.4172767 7.0989018 0.005088759500000001
60888 43841.247 -1843.8105 2585.5627000000004 6319.036599999999 -1.747051 6.5588131999999995 -3.1932309
60888 44261.247 -2373.8656 4998.1482000000005 4404.4045 -0.73472371 4.7383999999999995 -5.7736559
60888 44681.247 -2441.2242 6436.771900000001 1628.4772 0.42297913 1.9880387000000002 -7.2259266
60888 45101.247 -2031.0252 6615.5098 -1465.345 1.4985599 -1.1511913999999999 -7.265159
60888 45521.247 -1223.5881000000002 5500.8056 -4272.8885 2.2817204 -4.066489300000001 -5.8812865
60888 45941.247 -177.21516 3311.9302000000002 -6243.8705 2.6182177 -6.1830583 -3.3490531000000003
60888 46361.247 903.76312 477.2264 -6994.4233 2.444019 -7.0917415 -0.1660094
60888 46781.247 1808.6414 -2450.4264 -6378.6398 1.7934128 -6.6183509 3.0501204
60888 47201.247 2360.6622 -4899.8557 -4515.4846 0.7914295100000001 -4.8517662 5.6752181
60888 47621.247 2454.0122 -6397.9213 -1771.0603999999998 -0.3664217 -2.1315729 7.1841403
60888 48041.247 2065.2639 -6638.298 1320.4947 -1.4533776 1.0036395 7.293314400000001
60888 48461.247 1273.1175 -5582.1737 4153.7421 -2.2559307 3.9414168 5.9738959000000005
60888 48881.247 232.43162 -3436.3305 6174.1230000000005 -2.6174486000000003 6.1069981 3.487407
60888 49301.247 -853.6041600000001 -620.29528 6987.401900000001 -2.4684133000000004 7.0803633 0.32096671
60888 49721.247 -1773.1616000000001 2316.6374 6434.510200000001 -1.8376069 6.672840600000001 -2.9108345
60888 50141.247 -2347.0782999999997 4802.1506 4623.5521 -0.84548596 4.9571381 -5.577716400000001
60888 50561.247 -2463.8782 6352.5461 1909.2143 0.31220989 2.2691371 -7.1459834
60888 50981.247 -2095.0929 6649.7136 -1179.6453999999999 1.407913 -0.85342086 -7.3272027
60888 51401.247 -1317.5136000000002 5649.9533 -4038.9216 2.2309696 -3.8180997000000003 -6.068899900000001
60888 51821.247 -281.16707 3539.5227999999997 -6100.5736 2.6196639 -6.0384436 -3.6282248
60888 52241.247 810.7092700000001 738.7742900000001 -6973.845700000001 2.4927433999999997 -7.0715076 -0.46894204
60888 52661.247 1744.1092 -2206.0703 -6481.0789 1.8783530000000002 -6.718795500000001 2.7756695000000002
60888 53081.247 2336.8989 -4720.1499 -4719.1855000000005 0.89769639 -5.054454300000001 5.4744336
60888 53501.247 2473.5045 -6312.7973 -2033.6049 -0.25790151 -2.4039137 7.1011645
60888 53921.247 2127.4751 -6673.6536 1049.9379 -1.3622556 0.7132852900000001 7.3381167
60888 54341.247 1366.8826000000001 -5734.0689 3928.5317000000005 -2.1993626 3.6857459 6.142515500000001
60888 54761.247 340.46429 -3679.4571 6041.514400000001 -2.607473 5.9357277 3.7535043999999997
60888 55181.247 -752.06578 -910.65725 6978.9901 -2.5092407 7.0315558000000005 0.63680395
60888 55601.247 -1698.5972 2034.7678 6558.3725 -1.9233662 6.7625188 -2.6079996999999997
60888 56021.247 -2314.5469 4583.902700000001 4858.4475999999995 -0.9603921900000001 5.1738753 -5.3544599
60888 56441.247 -2478.1056000000003 6236.8193 2206.9017999999996 0.19495934 2.5652044000000003 -7.0620116
60888 56861.247 -2155.5241 6666.1077000000005 -878.40649 1.3159032 -0.5562992400000001 -7.384010900000001
60888 57281.247 -1409.1155 5784.6348 -3790.4801 2.1789306 -3.5707812 -6.25062
60888 57701.247 -385.74271999999996 3766.2741 -5955.839900000001 2.6127907 -5.87922 -3.8889521
60888 58121.247 713.75652 1009.3251 -6953.348900000001 2.5327319000000004 -7.0279244 -0.76790811
60888 58541.247 1672.9938000000002 -1944.2834 -6584.7475 1.9593733 -6.8034916 2.4932526
60888 58961.247 2305.7785 -4518.542 -4927.8983 1.0039221 -5.251581900000001 5.265253700000001
60888 59381.247 2488.6175 -6211.0608 -2306.983 -0.14773826 -2.6742202 7.0077486
60888 59801.247 2185.7694 -6691.3904 765.38682 -1.2703053 0.42449889 7.3790587
60888 60221.247 1456.6521 -5866.733200000001 3688.1967999999997 -2.1439296 3.4364959 6.3082807
60888 60641.247 443.86385 -3899.7629 5891.294900000001 -2.5989421000000004 5.7742908 4.0094433
60888 61061.247 -655.24931 -1174.7734 6946.497200000001 -2.5484794 6.9874637 0.93222112
60888 61481.247 -1627.0294 1778.4048 6648.3732 -2.0023553 6.8427522 -2.3294517999999997
60888 61901.247 -2281.9384 4384.9655999999995 5052.5363 -1.0640299 5.362972200000001 -5.1452834
60888 62321.247 -2490.6378 6133.9241 2466.5013 0.086292699 2.8277419 -6.9627733
60888 62741.247 -2211.0657 6680.201099999999 -604.00909 1.2231341 -0.27080265000000003 -7.414120700000001
60888 63161.247 -1497.0213 5913.8005 -3555.4946 2.1201671 -3.3173812 -6.405287
60888 63581.247 -489.03021 3986.5015000000003 -5807.6821 2.599528 -5.707069300000001 -4.1389298
60888 64001.247 615.65207 1273.5251 -6914.3175 2.5707013 -6.981578000000001 -1.0602651
60888 64421.247 1599.6061000000002 -1686.8045 -6666.955900000001 2.0372005 -6.8820015 2.219101
60888 64841.247 2270.7212999999997 -4317.4524 -5111.9132 1.1054456000000001 -5.4365783 5.0623755
60888 65261.247 2497.6631 -6103.5788 -2554.3881 -0.042704372 -2.9274319 6.9131944
60888 65681.247 2236.1302 -6696.086200000001 504.06343 -1.1817356 0.15220881 7.407942
60888 66101.247 1537.8791 -5980.9569 3463.9300000000003 -2.0878651 3.195575 6.4531203
60888 66521.247 539.92393 -4100.6494 5747.7352 -2.5853466 5.608634100000001 4.242935800000001
60888 66941.247 -562.98848 -1423.7762 6912.4337000000005 -2.5799713000000004 6.9277802 1.2122037
60888 67361.247 -1556.7191 1529.2757 6732.8024000000005 -2.0739066 6.9024035999999995 -2.0541287
60888 67781.247 -2248.0337999999997 4185.0454 5242.2295 -1.1631045999999998 5.5342497999999996 -4.9279168
60888 68201.247 -2501.1818 6025.018 2727.4179 -0.021422166 3.0795455 -6.8484191
60888 68621.247 -2264.915 6685.772900000001 -321.84567 1.1284137 0.012879314000000001 -7.429959
60888 69041.247 -1584.2835 6034.7836 -3307.6986 2.0586916 -3.0614377 -6.5503053
60888 69461.247 -592.62714 4199.1242999999995 -5642.6122000000005 2.5845729 -5.5334556 -4.3826609
60888 69881.247 515.20879 1540.1892 -6868.2388 2.6032754000000002 -6.9178649 -1.3568168
60888 70301.247 1522.4044 -1421.0134 -6745.511 2.1125175 -6.9466798 1.9311624
60888 70721.247 2231.6173 -4103.8569 -5299.5288 1.2084873 -5.6162033000000005 4.839655800000001
60888 71141.247 2504.1427000000003 -5983.6281 -2813.8696 0.067670086 -3.1861889000000003 6.7993525
60888 71561.247 2286.6686 -6692.5919 223.87886 -1.0858084 -0.13426932 7.424712700000001
60888 71981.247 1622.2958 -6093.6665 3217.8696 -2.0250087000000003 2.9375441 6.5960253
60888 72401.247 641.56964 -4306.8333 5583.4797 -2.5673641 5.428525 4.483007
60888 72821.247 -463.90982 -1683.0135 6861.4915 -2.6099369 6.8592212 1.5029857
60888 73241.247 -1479.4351000000001 1267.3214 6805.047500000001 -2.1460749 6.9583085 -1.7677421
60888 73661.247 -2207.6824 3971.4029 5424.1376 -1.2639908 5.7048322 -4.700684
60888 74081.247 -2505.9779 5901.9520999999995 2984.3695000000002 -0.13186139 3.3332142 -6.7250317
60888 74501.247 -2314.3196000000003 6678.340200000001 -39.777785 1.0300764 0.30060353 -7.4363066
60888 74921.247 -1668.9071999999999 6145.3423 -3056.0241 1.9922013 -2.7968458999999997 -6.6863855
60888 75341.247 -695.98842 4406.4687 -5471.0743 2.5633586 -5.3450161 -4.6216707
60888 75761.247 413.43971999999997 1803.5451 -6810.6485 2.6316524 -6.8427352 -1.6523515
60888 76181.247 1442.0586 -1153.4949 -6811.8282 2.1833708 -6.9996653 1.6475779
60888 76601.247 2188.4286 -3884.5773 -5476.6115 1.3044803 -5.7770665 4.623949
60888 77021.247 2504.189 -5850.660900000001 -3062.3755 0.17163413 -3.4260352 6.6890705
60888 77441.247 2327.9354 -6667.4996 -44.286620000000006 -0.99719811 -0.39802761 7.4423608
60888 77861.247 1694.1695 -6174.0085 2982.5439 -1.9701167000000002 2.7080538 6.7299164000000005
60888 78281.247 727.79085 -4468.493 5422.451099999999 -2.5547210000000002 5.2761873999999995 4.6971001
60888 78701.247 -381.46288 -1887.0682 6797.9762 -2.6387188000000004 6.8066758 1.7499537
60888 79121.247 -1416.2871 1062.2277 6844.3175 -2.2074814000000003 7.0047666 -1.5318783
60888 79541.247 -2175.2116 3804.6587999999997 5553.742 -1.3466468 5.8382566 -4.5115663999999995
60888 79961.247 -2510.4115 5805.924599999999 3178.5629 -0.22296117000000001 3.5334376 -6.6112476
60888 80381.247 -2356.2454 6675.3982000000005 182.19298 0.94498941 0.53803444 -7.4199259
60888 80801.247 -1742.6065 6243.1508 -2849.7327999999998 1.9285771 -2.5618136 -6.7782396
60888 81221.247 -789.32323 4594.2355 -5325.0467 2.5355229 -5.159470000000001 -4.8136734
60888 81641.247 317.63838 2051.0033000000003 -6761.1785 2.6485127000000004 -6.7507308 -1.9117319
60888 82061.247 1362.7838000000002 -891.3141899999999 -6878.0971 2.2458697 -7.0284383 1.3651276
60888 82481.247 2142.2117000000003 -3659.5736 -5650.903 1.4037915 -5.934827 4.3830358
60888 82901.247 2502.3740000000003 -5711.383400000001 -3315.2536 0.28428135 -3.6764682 6.5510418
60888 83321.247 2372.0519 -6643.5985 -328.31502 -0.89481299 -0.68775027 7.4346003000000005
60888 83741.247 1775.5002 -6269.9974 2723.3299 -1.8982551 2.4364597 6.8537673
60888 84161.247 830.30817 -4665.327 5239.1066 -2.5272952 5.0758513999999995 4.9273464
60888 84581.247 -277.84635 -2146.0355 6726.3026 -2.6607809000000002 6.7158687 2.0416902
60888 85001.247 -1331.7415 791.60451 6898.2733 -2.2747601 7.0409935 -1.2351975
60888 85421.247 -2126.2981 3575.1766000000002 5723.1999000000005 -1.4462749 5.9947975 -4.267334300000001
60888 85841.247 -2506.8403 5662.5911 3430.9117 -0.33567568999999997 3.7804018000000004 -6.4674253
60888 86261.247 -2398.8944 6646.5742 468.38471999999996 0.84131426 0.82720115 -7.405397
60889 281.247 -1823.2295000000001 6334.6412 -2585.6016 1.8544452000000002 -2.287638 -6.8960875999999995
60889 701.247 -892.19316 4788.1014000000005 -5134.5193 2.5054664 -4.9542511000000005 -5.0403801
60889 1121.247 212.5793 2309.2632000000003 -6681.166 2.6682946000000003 -6.654325200000001 -2.2025049
60889 1541.247 1275.9743999999998 -619.05402 -6923.838400000001 2.3115493000000003 -7.0592453 1.0669538
60889 1961.247 2090.5307 -3426.3658 -5813.1984 1.5026400000000002 -6.0869543 4.1353709
60889 2381.247 2495.9365000000003 -5562.8629 -3562.2708 0.39720081 -3.92068 6.4021401
60889 2801.247 2412.1099 -6608.8462 -611.4793000000001 -0.7900314100000001 -0.9762383200000001 7.414303100000001
60889 3221.247 1854.1725000000001 -6355.7901 2459.821 -1.8222239 2.1605234 6.9660513
60889 3641.247 932.14565 -4854.7451 5047.1039 -2.4948096 4.8664924 5.1497789
60889 4061.247 -172.69715 -2402.3307999999997 6643.8927 -2.6778502 6.6130179 2.3308388
60889 4481.247 -1243.8001000000002 518.45879 6941.6720000000005 -2.3383132 7.0649712000000005 -0.93509761
60889 4901.247 -2072.8328 3338.4534 5884.6774000000005 -1.544223 6.1415277 -4.0145046
60889 5321.247 -2498.5080000000003 5508.773700000001 3679.6366000000003 -0.44907574 4.0219628 -6.3118587
60889 5741.246999999999 -2437.5384 6606.0925 756.10583 0.73479293 1.1162485 -7.378505199999999
60889 6161.246999999999 -1901.3858 6415.513 -2315.0635 1.7759757999999999 -2.0085249 -7.003419200000001
60889 6581.246999999999 -994.56465 4974.278200000001 -4933.885700000001 2.4705464000000004 -4.7403085 -5.2602189
60889 7001.246999999999 106.02249 2564.002 -6589.106 2.6835632 -6.5470851 -2.4909926000000002
60889 7421.247 1185.9701000000002 -345.62905 -6957.5924 2.3737686 -7.0788697 0.7662070599999999
60889 7841.247 2034.5256000000002 -3187.5316000000003 -5965.5621 1.5996876 -6.229398600000001 3.880547
60889 8261.247 2485.0709 -5405.2965 -3804.6922000000004 0.5109111 -4.159397299999999 6.2406772
60889 8681.247 2448.5775 -6563.937400000001 -895.69944 -0.68207184 -1.2651741 7.3801159
60889 9101.247 1931.0015 -6432.973599999999 2189.7247 -1.7411985 1.8777496000000002 7.066459200000001
60889 9521.247 1034.4175 -5039.469 4844.4145 -2.4566950000000003 4.6454464 5.3656157
60889 9941.247 -64.909136 -2659.0285 6549.0261 -2.6901816 6.4971482 2.6199731
60889 10361.247 -1151.5543 239.62213 6973.8784000000005 -2.3987806999999997 7.0772085 -0.62915034
60889 10781.247 -2014.2037 3091.7765 6038.3798 -1.6412114 6.2799795000000005 -3.751576
60889 11201.247 -2485.082 5342.4865 3925.3572000000004 -0.56375056 4.2599632000000005 -6.144049
60889 11621.247 -2472.0376 6552.7212 1046.0173 0.6251220200000001 1.406839 -7.3394849
60889 12041.247 -1977.0036000000002 6485.1494 -2037.6181000000001 1.6931405 -1.7232022999999999 -7.100780800000001
60889 12461.247 -1096.3462 5152.6272 -4722.895 2.4308433000000003 -4.516571 -5.473825700000001
60889 12881.247 -1.9126187000000001 2815.5246 -6485.0567 2.6943666 -6.4279652 -2.77809
60889 13301.247 1092.9143000000001 -70.33098600000001 -6979.9067000000005 2.4326122999999997 -7.0864934 0.46142248
60889 13721.247 1974.4181 -2942.176 -6109.285900000001 1.6951857000000001 -6.3620253 3.616572
60889 14141.247 2473.5084 -5246.2970000000005 -4047.25 0.62059091 -4.3781732 6.064273
60889 14561.247 2483.5474 -6511.2916 -1187.1402 -0.57315725 -1.5467469 7.3284746
60889 14981.247 2007.262 -6501.187400000001 1905.9562 -1.6572764 1.5946789000000001 7.1543015
60889 15401.247 1137.2543 -5215.9075 4624.2543 -2.4164412000000004 4.4233514 5.5736072000000005
60889 15821.247 44.268386 -2908.2268 6434.0575 -2.7013355999999997 6.381561800000001 2.9014324
60889 16241.247 -1057.4017 -30.163007 6978.6332999999995 -2.4573123999999997 7.0924062999999995 -0.3451114
60889 16661.247 -1953.4851 2856.102 6157.375 -1.7301622 6.4065455 -3.5184467
60889 17081.247 -2465.083 5178.5847 4124.7811 -0.66561364 4.4705684 -6.0021358000000005
60889 17501.247 -2493.8059 6486.8031 1281.661 0.5312956400000001 1.6547850000000002 -7.310499200000001
60889 17921.247 -2033.4737 6522.858200000001 -1813.4804 1.6240271 -1.4853687 -7.1819451
60889 18341.247 -1174.7298 5280.7905 -4552.116400000001 2.396888 -4.3281205 -5.6458788
60889 18761.247 -86.10227800000001 3006.3137 -6399.8098 2.7001115 -6.3190379000000005 -3.0094231000000002
60889 19181.247 1019.3177 146.36357999999998 -6997.9216 2.476769 -7.0741821 0.20747105
60889 19601.247 1926.5507 -2742.1072999999997 -6231.5615 1.7719419 -6.4530372 3.381495
60889 20021.247 2458.9895 -5097.0156 -4249.8566 0.72117491 -4.574609499999999 5.8994124
60889 20441.247 2512.176 -6458.423 -1437.8763000000001 -0.47251818 -1.7997470000000002 7.268609499999999
60889 20861.247 2074.9436 -6558.915 1655.265 -1.5753872 1.3301158 7.2159458999999995
60889 21281.247 1232.2666000000002 -5377.8286 4424.2418 -2.3706291000000004 4.2003748 5.7502529000000004
60889 21701.247 148.92370000000003 -3146.5387 6327.1228 -2.7024928 6.2481932 3.1606638
60889 22121.247 -963.5169599999999 -301.25491999999997 6992.3025 -2.5069341 7.0759948 -0.045938207
60889 22541.247 -1887.8903 2602.725 6289.3341 -1.8215887 6.5227069 -3.2464980000000003
60889 22961.247 -2444.3799 4999.8414 4356.8972 -0.7770279000000001 4.6875483000000004 -5.815335500000001
60889 23381.247 -2523.2201 6418.827 1573.5569 0.41765847 1.9389595 -7.2395061
60889 23801.247 -2106.8417999999997 6578.2597000000005 -1519.8356 1.5309536000000001 -1.1853658 -7.2540296
60889 24221.247 -1278.5458999999998 5452.3257 -4317.028200000001 2.3456864 -4.0793684 -5.8484395000000005
60889 24641.247 -200.65273000000002 3262.3182 -6269.9710000000005 2.7013145 -6.1732253 -3.2992025
60889 25061.247 916.3879900000001 436.56640000000004 -6998.107900000001 2.5298973 -7.0596946 -0.11136703
60889 25481.247 1855.1025 -2474.1787000000004 -6360.6574 1.8661541 -6.5715982 3.0967158
60889 25901.247 2432.5441 -4902.9655999999995 -4481.424599999999 0.8376738800000001 -4.8018759 5.7042206
60889 26321.247 2535.0532000000003 -6374.247 -1725.4776000000002 -0.35657482 -2.0909675 7.2010261
60889 26741.247 2143.0782999999997 -6601.9056 1367.2733 -1.4810701 1.0284829 7.2863959000000005
60889 27161.247 1329.935 -5531.6618 4189.4345 -2.3196755 3.9532982000000003 5.9523773
60889 27581.247 256.78641 -3380.8572999999997 6192.387900000001 -2.7040336000000003 6.105282 3.4467185000000002
60889 28001.247 -866.8886 -569.12245 6983.662700000001 -2.5565883 7.0588631 0.25606343
60889 28421.247 -1820.6161000000002 2353.8125 6403.142900000001 -1.90982 6.6294341999999995 -2.9742566999999998
60889 28841.247 -2418.2251 4816.3525 4566.938099999999 -0.8883017599999999 4.9014633000000005 -5.624698500000001
60889 29261.247 -2542.1079 6335.392400000001 1833.8312 0.30828932 2.2113798 -7.1728143
60889 29681.247 -2167.8392000000003 6613.0165 -1259.6200000000001 1.4439994999999999 -0.91070888 -7.311785
60889 30101.247 -1369.3896000000002 5596.7174 -4105.9754 2.2948673 -3.8474065 -6.0181789
60889 30521.247 -303.53113 3488.0433 -6149.6446 2.6960885 -6.025498499999999 -3.5536128
60889 30941.247 821.42021 700.91723 -6994.379400000001 2.572382 -7.0270058 -0.40326173
60889 31361.247 1786.9107 -2222.33 -6477.5466 1.9492263 -6.6633944000000005 2.8240291
60889 31781.247 2405.1573 -4713.5755 -4698.8907 0.9456298399999999 -5.0026991 5.5066063000000005
60889 32201.247 2554.822 -6286.463900000001 -2002.4728 -0.24572063 -2.3603762 7.1200233
60889 32621.247 2205.2197 -6630.6328 1085.7563 -1.391878 0.7499840000000001 7.3410392
60889 33041.247 1423.9336 -5676.8294000000005 3960.8559 -2.2666288 3.7164423 6.1213168
60889 33461.247 363.84553999999997 -3611.6164 6058.5699 -2.6973282 5.9539401 3.7013662
60889 33881.247 -767.45442 -839.85927 6968.1112 -2.6002326 7.025318599999999 0.55783464
60889 34301.247 -1748.7948000000001 2096.3154 6511.8245 -1.9946773000000002 6.722895800000001 -2.6946885000000003
60889 34721.247 -2387.9502 4622.0742 4778.6753 -0.99802105 5.1041758 -5.421882800000001
60889 35141.247 -2559.422 6242.5918 2107.2282 0.19520127 2.4838042999999996 -7.0870142
60889 35561.247 -2229.3975 6639.9676 -978.21721 1.3499496 -0.62249663 -7.3601038
60889 35981.247 -1463.0583000000001 5737.8559000000005 -3871.7180000000003 2.2383643 -3.6003725 -6.1906463
60889 36401.247 -410.95772999999997 3715.5237 -6008.165400000001 2.6879863999999998 -5.867725 -3.8155409000000002
60889 36821.247 721.1416899999999 970.31319 -6972.903700000001 2.6139187 -6.9883451 -0.7033834000000001
60889 37241.247 1713.2316 -1963.3786000000002 -6580.0398 2.0322879 -6.7509812 2.5434586
60889 37661.247 2372.417 -4515.4303 -4905.4610999999995 1.0543393 -5.2000051 5.2997774
60889 38081.247 2569.5027000000005 -6187.905900000001 -2273.0379 -0.13236358 -2.6296409 7.027657100000001
60889 38501.247 2264.5856000000003 -6651.2623 804.09484 -1.2961206 0.46132616000000004 7.3818434
60889 38921.247 1516.4042 -5812.7547 3723.428 -2.207387 3.4652565 6.2876552000000006
60889 39341.247 471.33365000000003 -3836.2921 5912.0088 -2.6862516000000003 5.7895478 3.9605027
60889 39761.247 -665.9741700000001 -1109.3685 6941.2141 -2.6394497 6.9797758000000005 0.8590667
60889 40181.247 -1673.2523999999999 1834.7278000000001 6610.2927 -2.0764628 6.8048716 -2.4103311
60889 40601.247 -2353.0742999999998 4419.4083 4983.2524 -1.1066918000000001 5.298392799999999 -5.2098577
60889 41021.247 -2572.148 6138.7471 2377.9091000000003 0.08103578 2.7522093 -6.9896793
60889 41441.247 -2287.2176 6655.210599999999 -694.59504 1.2530085999999998 -0.33340891 -7.3968317
60889 41861.247 -1554.4492 5868.5797999999995 -3630.7685 2.1778380000000004 -3.3480886 -6.3534275
60889 42281.247 -517.8688 3935.4045 -5856.5652 2.6754359 -5.7013969 -4.0711545000000005
60889 42701.247 619.5314000000001 1236.1974 -6939.5066 2.6512201 -6.938995299999999 -1.0013925000000001
60889 43121.247 1636.6057 -1703.2701000000002 -6670.7278 2.1120066000000004 -6.8273249 2.2601499
60889 43541.247 2335.6317999999997 -4311.636 -5102.4173 1.1612828 -5.3875384 5.0853074
60889 43961.247 2579.7919 -6080.1807 -2538.0342 -0.018587054999999998 -2.8929169000000003 6.9239027
60889 44381.247 2320.1956 -6661.2278 522.76088 -1.197722 0.17329338000000002 7.4098031
60889 44801.247 1606.6087 -5938.9635 3481.112 -2.1438114 3.2089691 6.4424982
60889 45221.247 578.57887 -4054.4311000000002 5756.4862 -2.6700557 5.615410799999999 4.212144100000001
60889 45641.247 -562.62384 -1377.0277 6903.3622000000005 -2.6739179 6.9220853 1.1584672
60889 46061.247 -1593.9276000000002 1569.56 6697.7818 -2.1551257 6.8756123 -2.1220124
60889 46481.247 -2313.4606000000003 4208.865400000001 5179.3186 -1.2141709 5.4839241 -4.989679
60889 46901.247 -2580.0584 6024.1358 2644.1338 -0.033938318 3.0157242 -6.8815112
60889 47321.247 -2340.9568 6658.594099999999 -410.64338000000004 1.1534332 -0.044546751 -7.4219422999999995
60889 47741.247 -1643.2208 5988.5675 -3384.9421 2.1133314 -3.0913871 -6.5054777
60889 48161.247 -624.0133199999999 4147.3958 -5696.2635 2.6582059 -5.5263484 -4.3193032
60889 48581.247 516.72652 1498.4708 -6895.2403 2.6840108000000003 -6.8783085 -1.2967460000000002
60889 49001.247 1557.0822 -1441.8328000000001 -6750.5703 2.1882645000000003 -6.891873400000001 1.9740537999999999
60889 49421.247 2294.8444 -4101.8733 -5290.7914 1.2665256999999999 -5.5651686 4.8629942
60889 49841.247 2585.8265 -5963.1833 -2798.5108 0.095600638 -3.1502029000000005 6.8087157
60889 50261.247 2371.8917 -6659.8487000000005 241.19943 -1.0970386 -0.11357590000000001 7.4258929
60889 50681.247 1694.1957 -6054.361400000001 3233.7376000000004 -2.0764328 2.9490160000000003 6.5865263999999994
60889 51101.247 685.00388 -4264.2064 5591.9271 -2.6492408000000003 5.4334488 4.4559177
60889 51521.247 -458.13779 -1640.2608 6854.0352 -2.7038308000000004 6.853725000000001 1.4543066
60889 51941.247 -1511.7917 1304.219 6773.4948 -2.2300985 6.934488 -1.8318254
60889 52361.247 -2269.823 3993.4323 5365.3592 -1.3197196 5.6589793 -4.7622167
60889 52781.247 -2583.6029 5900.9517000000005 2904.3556000000003 -0.14927579 3.2726053000000004 -6.761785700000001
60889 53201.247 -2390.9782 6651.7910999999995 -127.38054 1.0511879 0.2434262 -7.43379
60889 53621.247 -1729.8292 6099.3025 -3134.3258 2.0443051 -2.8293999 -6.6459247
60889 54041.247 -730.28381 4353.9581 -5527.2397 2.6355263 -5.3410682 -4.5598705
60889 54461.247 411.5868 1760.1566 -6840.356400000001 2.7119497999999997 -6.8053248 -1.5907216000000002
60889 54881.247 1473.5071 -1175.9187 -6820.4655 2.2613256 -6.9450457 1.6836086000000001
60889 55301.247 2249.096 -3883.4373 -5471.959 1.3706428000000002 -5.734430000000001 4.6323337
60889 55721.247 2586.87 -5834.875 -3055.7815 0.21061263 -3.4030572 6.6831073
60889 56141.247 2419.4766 -6646.6501 -41.707982 -0.99373502 -0.40044867 7.4307846
60889 56561.247 1779.0624 -6158.8732 2980.555 -2.0051794 2.6847337000000002 6.7207645000000005
60889 56981.247 790.4689000000001 -4465.7092 5418.0053 -2.6240215 5.2435183 4.6927411
60889 57401.247 -352.75004 -1899.1598999999999 6793.2352 -2.7293947 6.7748246 1.7472394999999998
60889 57821.247 -1427.0885 1038.5454 6837.6729000000005 -2.3014139 6.9817143999999995 -1.5395329
60889 58241.247 -2222.4728 3773.0955 5542.2127 -1.4230544999999999 5.823448000000001 -4.5271268000000005
60889 58661.247 -2582.9615 5769.205900000001 3159.5582000000004 -0.26464362999999996 3.5230323 -6.6302475
60889 59081.247 -2437.3448 6634.8842 156.23762 0.94646179 0.53065574 -7.4323578
60889 59501.247 -1814.2444 6200.8378 -2877.985 1.970918 -2.5621795 -6.7749899
60889 59921.247 -836.31737 4554.2705000000005 -5348.442099999999 2.6078663 -5.146409800000001 -4.7935342
60889 60341.247 304.64043 2020.0273000000002 -6773.8827 2.7353019 -6.7209934 -1.8830199
60889 60761.247 1386.4343999999999 -907.03772 -6879.170700000001 2.3310374 -6.987150300000001 1.3896744
60889 61181.247 2198.8014 -3657.7907000000005 -5644.3374 1.4731733999999999 -5.894826699999999 4.3939434
60889 61601.247 2583.1046 -5696.341 -3308.1435 0.32596708 -3.650628 6.5470152
60889 62021.247 2462.8147000000004 -6621.9862 -324.49113 -0.88822787 -0.68672135 7.4240303999999995
60889 62441.247 1860.9253999999999 -6252.6922 2722.7492 -1.9302996000000001 2.4162675 6.8444069
60889 62861.247 894.6654000000001 -4659.1666 5235.5691 -2.5942767 5.0453356000000005 4.921905300000001
60889 63281.247 -246.66912 -2154.1365 6721.6053 -2.7503143 6.6848974 2.0370315
60889 63701.247 -1339.8613 771.9034300000001 6890.8042000000005 -2.3688714 7.017206900000001 -1.244945
60889 64121.247 -2171.2375 3547.018 5710.075900000001 -1.5241064 5.9779172 -4.2846689
60889 64541.247 -2577.9044 5628.2264000000005 3409.674 -0.37987437999999996 3.7671723000000004 -6.487653900000001
60889 64961.247 -2479.7185 6607.1711 439.82120000000003 0.8396452900000001 0.8168373000000001 -7.418388200000001
60889 65381.247 -1895.9177 6292.2690999999995 -2616.5927 1.8937788 -2.2906953 -6.8927549
60889 65801.247 -941.36001 4747.0876 -5160.4745 2.5756053000000003 -4.943266400000001 -5.0194743
60889 66221.247 196.72555 2276.5565 -6695.963400000001 2.7540739 -6.625699 -2.1723536
60889 66641.247 1296.6242 -636.7336300000001 -6926.2762999999995 2.3970348 -7.0178814 1.0935157
60889 67061.247 2144.5142 -3426.2212999999997 -5807.0744 1.573538 -6.0454974 4.1485983
60889 67481.247 2574.8431 -5548.463900000001 -3554.5692000000004 0.44114247 -3.8919234 6.4005138
60889 67901.247 2501.9081 -6586.0312 -606.0539200000001 -0.78089671 -0.9714788 7.4056733
60889 68321.247 1939.6497 -6335.5675 2461.3314 -1.8520558 2.1446453 6.9569734
60889 68741.247 997.3726300000001 -4843.957 5045.3578 -2.5601515 4.8396268000000005 5.1426086
60889 69161.247 -140.13224 -2404.3857000000003 6639.5227 -2.7665848 6.5842984 2.3226436
60889 69581.247 -1250.3179 505.17894 6932.7518 -2.4323613 7.0409493 -0.94923486
60889 70001.247 -2116.2864 3316.0692000000004 5868.2526 -1.6227083 6.121885000000001 -4.0358998999999995
60889 70421.247 -2568.5083 5478.590099999999 3653.6474 -0.49466651 4.0041547 -6.3346308
60889 70841.247 -2518.0129 6568.7997000000005 722.15023 0.73116972 1.1008157 -7.3919932
60889 71261.247 -1974.6076 6373.2525000000005 -2351.2631 1.8131521000000002 -2.0159504999999998 -6.9987259
60889 71681.247 -1045.0789 4931.6807 -4964.1736 2.5388102 -4.7321634999999995 -5.2369501000000005
60889 72101.247 88.164197 2528.8935 -6607.0942000000005 2.7681585 -6.5194886 -2.4578960000000003
60889 72521.247 1204.3308000000002 -365.78423 -6961.9658 2.4591195 -7.0368767 0.79574814
60889 72941.247 2086.4042 -3189.3084 -5960.1743 1.6715453 -6.1859082 3.8965261
60889 73361.247 2562.1864 -5391.6189 -3795.0472000000004 0.5559967400000001 -4.1265182000000005 6.2434652
60889 73781.247 2536.9444 -6539.326 -886.6251 -0.67160809 -1.2548376 7.3750122000000005
60889 74201.247 2015.5383000000002 -6408.2198 2195.8465 -1.7700472999999999 1.8691439 7.0581858
60889 74621.247 1099.0726000000002 -5021.1472 4846.9322999999995 -2.5212438 4.6255495 5.3552173000000005
60889 75041.247 -32.497841 -2651.4271000000003 6546.965099999999 -2.7779734 6.4722959 2.6050684
60889 75461.247 -1157.8387 236.77476000000001 6964.0846 -2.4919556 7.0527842000000005 -0.6511091
60889 75881.247 -2057.1313999999998 3078.7798 6017.9442 -1.7192421 6.2558674000000005 -3.7795949
60889 76301.247 -2554.4991 5319.1955 3893.1072000000004 -0.60958331 4.2350779 -6.1706256999999995
60889 76721.247 -2552.2051 6519.143599999999 1004.8993 0.6204278900000001 1.3836835 -7.3534918
60889 77141.247 -2050.5206000000003 6443.5796 -2080.6293 1.7286569 -1.7373623 -7.0938239
60889 77561.247 -1147.6797 5107.719099999999 -4758.6652 2.497453 -4.5132456 -5.4470494
60889 77981.247 -21.211955999999997 2776.5381 -6506.7486 2.7777231000000002 -6.402930500000001 -2.7401834
60889 78401.247 1109.4603 -94.920298 -6985.8102 2.5174545 -7.0445763 0.49639718
60889 78821.247 2024.4295 -2947.8784 -6103.149 1.7672856 -6.316061700000001 3.6378836000000003
