CIC_OEM_VERS = 2.0
CREATION_DATE = 2025-07-01T12:54:42.587682
ORIGINATOR = ISAE-SUPAERO


META_START
OBJECT_NAME = Sat
OBJECT_ID = Sat
CENTER_NAME = Earth
REF_FRAME = EME2000
TIME_SYSTEM = UTC
START_TIME = 2025-06-30T22:00:00.000
USEABLE_START_TIME = 2025-06-30T22:00:00.000
USEABLE_STOP_TIME = 2025-08-02T21:56:00.000
STOP_TIME = 2025-08-02T21:56:00.000
INTERPOLATION = lagrange
INTERPOLATION_DEGREE = 5
META_STOP



60856 79200.0 -419.76216 6705.974200000001 1347.594 1.1194843 -1.4240730000000001 7.4147385
60856 79620.0 78.539091 5409.6061 4204.2027 1.2099734000000002 -4.6354087 5.9391739
60856 80040.0 559.80319 2951.1636000000003 6153.9498 1.0414779 -6.8522553 3.1906697
60856 80460.0 921.32824 -139.44302 6783.2076 0.6494911600000001 -7.5977411 -0.24365957000000002
60856 80880.0 1085.7541 -3202.5226000000002 5955.9643 0.11729632 -6.709846499999999 -3.6294472
60856 81300.0 1018.3939 -5577.8426 3856.6845000000003 -0.43847819 -4.3834604 -6.223451
60856 81720.0 731.83666 -6755.4169 923.2636 -0.90145179 -1.1209834 -7.491155300000001
60856 82140.0 288.39919000000003 -6485.106 -2208.6798 -1.1715999 2.3846534999999998 -7.1498604
60856 82560.0 -216.85905 -4823.9654 -4865.4118 -1.1908226 5.3749096000000005 -5.276496600000001
60856 82980.0 -675.5084300000001 -2126.1474 -6473.7238 -0.9558294700000001 7.2208476 -2.27151
60856 83400.0 -990.61553 1026.8134 -6700.3805 -0.5141202500000001 7.5082811000000005 1.2282895
60856 83820.0 -1092.791 3958.1087 -5483.4778 0.036019164000000006 6.1927217 4.4553235
60856 84240.0 -961.1522199999999 6041.5209 -3090.7888 0.5795590700000001 3.5465094 6.730608
60856 84660.0 -623.42694 6829.6050000000005 -33.655765 0.99924352 0.13800287 7.5604532
60856 85080.0 -152.05191000000002 6154.0825 3030.9683 1.2043164 -3.2945018 6.7661389
60856 85500.0 351.90742 4163.0609 5446.5123 1.1517481 -6.012095400000001 4.5273376
60856 85920.0 780.97612 1285.4866000000002 6699.4068 0.85459696 -7.4417908 1.3322054
60856 86340.0 1044.2763 -1865.14 6526.3793 0.37657604 -7.2900806000000005 -2.1410252
60857 360.0 1085.9359 -4619.8369 4964.612700000001 -0.18200308 -5.5895417 -5.1622491
60857 780.0 896.6210400000001 -6391.733700000001 2344.2436000000002 -0.70343719 -2.6930688000000003 -7.0896348
60857 1200.0 516.06808 -6799.7998 -777.07986 -1.0760227 0.78651726 -7.5038406
60857 1620.0 25.181863000000003 -5754.1538 -3731.8816 -1.2189442 4.1022198 -6.3094907000000005
60857 2040.0 -471.08785 -3477.8698 -5886.4318 -1.101201 6.5395069 -3.7630595
60857 2460.0 -866.6763100000001 -458.21828999999997 -6779.4984 -0.74826055 7.577871 -0.4121059
60857 2880.0 -1077.2388 2660.0978999999998 -6220.7268 -0.23510686000000003 6.995515900000001 3.0285596999999997
60857 3300.0 -1057.2986 5208.001 -4328.084400000001 0.32887055 4.9160772 5.823271
60857 3720.0 -810.87083 6640.511 -1505.5856 0.8232618700000001 1.780416 7.371468300000001
60857 4140.0 -390.63933000000003 6649.822099999999 1640.5502 1.141233 -1.7361102000000002 7.3358101
60857 4560.0 113.15648 5236.4335 4434.5215 1.2145063 -4.872195 5.7285446
60857 4980.0 592.97324 2705.1828 6280.4799 1.028965 -6.9605563 2.9039856
60857 5400.0 946.74197 -401.3804 6787.6335 0.62526766 -7.5647882 -0.53192989
60857 5820.0 1099.4729 -3422.7256 5849.6084 0.088755653 -6.562080600000001 -3.8545103
60857 6240.0 1018.4483 -5716.1904 3664.7110000000002 -0.46787084 -4.1599024 -6.361864300000001
60857 6660.0 720.13934 -6790.081 695.79951 -0.9264246500000001 -0.861467 -7.5155342
60857 7080.0 267.99101 -6412.571400000001 -2421.675 -1.1874409000000001 2.6266634 -7.058177700000001
60857 7500.0 -241.48887 -4663.0337 -5019.6056 -1.1944344000000002 5.5523334 -5.0870124
60857 7920.0 -699.35068 -1916.4684 -6541.5047 -0.94621641 7.2882005 -2.0283704
60857 8340.0 -1007.8492 1239.4625 -6662.535400000001 -0.49605852 7.46659 1.4627841000000001
60857 8760.0 -1101.0483000000002 4130.5625 -5356.5554 0.060476549 6.0493705 4.6434077
60857 9180.0 -958.76225 6138.0135 -2901.9396 0.6049182399999999 3.3348609000000002 6.8325126
60857 9600.0 -611.14113 6830.7985 175.93571 1.0201999 -0.095903483 7.5558113
60857 10020.0 -132.63981 6060.9705 3216.2701 1.2167034 -3.5012851 6.6576029
60857 10440.0 374.33945 3994.9334 5567.8504 1.1532652 -6.1505356 4.3391164
60857 10860.0 801.5971800000001 1079.0005 6731.2445 0.84458776 -7.4827341 1.1016763
60857 11280.0 1058.5729 -2066.3087 6460.7826 0.35698241000000003 -7.2239827 -2.3662003
60857 11700.0 1090.6694 -4772.5018 4814.0692 -0.20712447 -5.4285543 -5.3340402000000005
60857 12120.0 890.58227 -6462.3325 2139.7805 -0.72862772 -2.470578 -7.16958
60857 12540.0 500.48406 -6772.7527 -991.9485999999999 -1.0956012000000002 1.0215272 -7.4727727999999995
60857 12960.0 3.3327777000000003 -5634.9793 -3911.1778 -1.2286614 4.2976719 -6.1744737999999995
60857 13380.0 -494.5538 -3292.6899 -5992.210400000001 -1.0990909 6.6526686 -3.5548107
60857 13800.0 -886.84568 -247.27007 -6790.3436 -0.73501 7.5855256 -0.17672533
60857 14220.0 -1089.8122 2850.9146 -6135.088 -0.21378951000000002 6.8989241 3.2407433
60857 14640.0 -1059.8462 5339.411599999999 -4165.3108 0.35403854 4.7353727 5.9691443
60857 15060.0 -802.97371 6684.7322 -1301.2864 0.84692432 1.5534617000000002 7.4198002
60857 15480.0 -374.03135 6597.4166 1842.4716 1.1582908 -1.9609099 7.2763735
60857 15900.0 134.83487 5099.0744 4590.8011 1.221264 -5.0467433 5.573858
60857 16320.0 615.06199 2511.902 6357.4881 1.0241659 -7.0480522 2.687851
60857 16740.0 964.5296500000001 -609.60756 6768.7535 0.6099372399999999 -7.5471366 -0.76430067
60857 17160.0 1109.13 -3601.5966000000003 5738.307900000001 0.066058041 -6.4423026000000005 -4.0542608
60857 17580.0 1017.8363 -5827.2709 3484.1121000000003 -0.49320156 -3.9626216 -6.4859535
60857 18000.0 709.16921 -6808.1563 484.03535999999997 -0.9491165300000001 -0.62866311 -7.537464
60857 18420.0 248.97642000000002 -6334.0945 -2619.5559 -1.2023377000000002 2.8452385 -6.9712965
60857 18840.0 -264.49744 -4504.3665 -5161.0375 -1.1982108 5.708489800000001 -4.910119399999999
60857 19260.0 -721.43037 -1711.6518999999998 -6596.289 -0.93814706 7.3480296 -1.8004158000000001
60857 19680.0 -1024.3292 1446.5979 -6619.415400000001 -0.47801069 7.4178945999999994 1.6922822000000002
60857 20100.0 -1108.5063 4295.956099999999 -5225.463 0.08462284099999999 5.9030601 4.8253138
60857 20520.0 -955.68439 6226.7406 -2711.4984 0.6300035500000001 3.1228827000000003 6.9279717000000005
60857 20940.0 -598.29404 6824.625400000001 384.44457 1.0407814000000002 -0.32756559 7.5449745
60857 21360.0 -112.87783 5961.7905 3397.8642000000004 1.2285921000000002 -3.7029155 6.5446482999999995
60857 21780.0 396.81201000000004 3824.8506 5684.3018 1.1541242999999999 -6.2808403 4.147826200000001
60857 22200.0 822.04583 874.2423299999999 6757.832200000001 0.83423789 -7.5146715 0.8726014400000001
60857 22620.0 1072.6347 -2262.2389 6391.5386 0.33743211 -7.1506465 -2.5853134
60857 23040.0 1095.247 -4917.7244 4663.1477 -0.23194884 -5.264628 -5.496773600000001
60857 23460.0 884.5406800000001 -6525.3876 1938.8489 -0.75342852 -2.2501693 -7.2404366
60857 23880.0 485.02724 -6739.794900000001 -1200.2025 -1.1147432 1.2504538 -7.4352866
60857 24300.0 -18.210103 -5512.9259 -4081.9509 -1.2379813 4.4851386 -6.0368944
60857 24720.0 -517.5757600000001 -3107.9900000000002 -6089.2135 -1.0967302 6.758095099999999 -3.3478059
60857 25140.0 -906.49891 -39.726296000000005 -6793.5825 -0.72165047 7.5870898 0.054535896
60857 25560.0 -1102.0123999999998 3036.9635 -6044.7289 -0.1923475 6.797266400000001 3.4469737
60857 25980.0 -1062.0425 5464.7002 -4000.8619 0.37913879 4.552474500000001 6.107171
60857 26400.0 -794.78376 6722.7155999999995 -1098.7484 0.8704072900000001 1.3281883 7.4599336
60857 26820.0 -357.20419 6540.3352 2039.4805000000001 1.1752092 -2.1801141 7.2105391
60857 27240.0 157.07804000000002 4956.7498 4740.728400000001 1.2282735 -5.2172155 5.4155375999999995
60857 27660.0 637.76439 2315.4807 6426.8945 1.0192775 -7.1308392000000005 2.4693760000000005
60857 28080.0 982.76676 -818.8185 6741.580900000001 0.5938928600000001 -7.5238819999999995 -0.99748852
60857 28500.0 1118.7936000000002 -3778.9524 5618.8478 0.041998730000000005 -6.3163755 -4.2523869
60857 28920.0 1016.6048000000001 -5934.303 3296.6767999999997 -0.5200152100000001 -3.7597191 -6.6052661
60857 29340.0 697.45609 -6823.3442000000005 268.90486 -0.97188936 -0.39661135000000003 -7.5479956
60857 29760.0 229.27911 -6252.9710000000005 -2815.4112999999998 -1.2166660999999999 3.0512958 -6.8777323
60857 30180.0 -287.69205 -4341.344599999999 -5291.302 -1.2029084 5.8600018 -4.7353772
60857 30600.0 -743.92767 -1502.604 -6639.3858 -0.93027499 7.4068449 -1.5718166000000002
60857 31020.0 -1040.8603 1658.8618000000001 -6561.2293 -0.45740998000000005 7.3658606 1.9355367
60857 31440.0 -1115.3532 4463.4849 -5078.8328 0.11259152 5.7431484 5.0180732
60857 31860.0 -950.3966300000001 6310.937400000001 -2502.4054 0.6590785100000001 2.8924007 7.028875
60857 32280.0 -581.63201 6805.2622 612.19457 1.0648605 -0.58132259 7.5309311
60857 32700.0 -88.14438700000001 5841.0885 3595.6381 1.2420242000000001 -3.9256862000000003 6.415049600000001
60857 33120.0 424.43451000000005 3624.3634 5807.2487 1.1539381000000002 -6.4240593 3.9309169
60857 33540.0 846.566 636.6487099999999 6778.8159000000005 0.81991926 -7.5445323 0.61313611
60857 33960.0 1088.6626 -2486.6661000000004 6304.6421 0.31208975 -7.0591439000000005 -2.8297304
60857 34380.0 1099.2985 -5081.2516 4486.5392999999995 -0.26249815000000004 -5.0717214 -5.671335600000001
60857 34800.0 875.88069 -6593.9073 1710.7725 -0.7822599100000001 -1.9994897 -7.3064606
60857 35220.0 465.58321 -6699.2755 -1430.601 -1.1359729 1.5046831999999999 -7.3810393
60857 35640.0 -44.138143 -5374.7232 -4266.067 -1.24711 4.6875826 -5.8751048
60857 36060.0 -544.46232 -2903.1565 -6188.7336 -1.092109 6.867604999999999 -3.1140016999999998
60857 36480.0 -928.6959 187.49215 -6788.1786 -0.70430392 7.5824334 0.31175663
60857 36900.0 -1114.7996 3238.0043 -5935.562400000001 -0.16563144 6.6793097 3.6752271999999997
60857 37320.0 -1063.204 5598.911099999999 -3813.2653999999998 0.4103605 4.3380504 6.257606300000001
60857 37740.0 -783.6000799999999 6757.38 -872.27813 0.89827249 1.0720304 7.4976035
60857 38160.0 -335.93236 6467.3822 2256.806 1.1945771 -2.4277601 7.130166900000001
60857 38580.0 183.68151 4789.3813 4899.036599999999 1.2355217 -5.4055172 5.2367557
60857 39000.0 664.3197700000001 2084.9502 6491.3104 1.0118415 -7.2264922 2.2178201
60857 39420.0 1003.0396999999999 -1064.4102 6693.3598 0.57193984 -7.496291599999999 -1.2708770999999999
60857 39840.0 1127.5129 -3986.2837000000004 5461.9986 0.00998278 -6.1641906 -4.485915299999999
60857 40260.0 1011.0553000000001 -6056.3235 3060.4038 -0.5545042099999999 -3.5134385000000004 -6.7417409
60857 40680.0 678.42722 -6831.5368 2.6753916 -1.0005503 -0.11104954 -7.5527940000000005
60857 41100.0 200.82877 -6147.0713 -3055.6530000000002 -1.2323819 3.3096916000000003 -6.7462416
60857 41520.0 -319.69936 -4151.7547 -5461.267 -1.2012595 6.0166964 -4.502025300000001
60857 41940.0 -772.30127 -1273.9324 -6703.03 -0.91509124 7.4389357 -1.3048212000000001
60857 42360.0 -1061.0131000000001 1874.2973000000002 -6518.3472 -0.43478526 7.2815543 2.1689295000000004
60857 42780.0 -1124.3083000000001 4624.0755 -4945.1627 0.13917526000000002 5.5744148 5.1880761
60857 43200.0 -947.89958 6388.0985 -2314.688 0.68574588 2.6693838999999997 7.1081026000000005
60857 43620.0 -568.7540200000001 6784.8905 811.5230600000001 1.0869591 -0.8158159100000001 7.5065975
60857 44040.0 -67.684674 5727.0918 3763.2315 1.25549 -4.129341 6.2916017
60857 44460.0 447.92749 3441.6369 5906.3336 1.1549390000000002 -6.5543296 3.7270707000000005
60857 44880.0 867.61947 416.35848 6779.1363 0.80748737 -7.5775246 0.36429906
60857 45300.0 1101.8031 -2696.613 6199.6131 0.28727815 -6.9752187 -3.0735126
60857 45720.0 1100.2578999999998 -5232.5116 4290.2142 -0.29454259000000005 -4.8802669 -5.8528664
60857 46140.0 863.2423299999999 -6648.6083 1460.1837 -0.81349811 -1.7403234 -7.3770381
60857 46560.0 441.52241 -6642.4515 -1683.2876 -1.1579657 1.7678821 -7.3183027
60857 46980.0 -74.47879300000001 -5218.461200000001 -4466.7401 -1.2545634 4.8887546 -5.6957794
60857 47400.0 -574.70236 -2684.0069 -6297.6863 -1.0844512 6.960498800000001 -2.8663899
60857 47820.0 -953.0735999999999 419.85402000000005 -6789.406 -0.6848226700000001 7.552902100000001 0.56698157
60857 48240.0 -1129.3976 3434.5829 -5837.8689 -0.13939694 6.5430748 3.8834836
60857 48660.0 -1065.6931000000002 5719.0383 -3642.4585 0.43768688 4.1360837 6.3825807999999995
60857 49080.0 -774.58406 6782.5262 -668.07077 0.9235696900000001 0.83486624 7.523742100000001
60857 49500.0 -317.63225 6393.544 2449.6384 1.212712 -2.6541958 7.0504361
60857 49920.0 207.4221 4633.2516 5040.5122 1.2418362 -5.574707500000001 5.0610536
60857 50340.0 688.02363 1879.7294 6548.2635 1.0049334 -7.2972243 1.987614
60857 50760.0 1020.7405 -1278.3428000000001 6644.5691 0.5522817 -7.4608704 -1.51994
60857 51180.0 1135.1183 -4160.9833 5317.2496 -0.018854087 -6.0180717 -4.6964974
60857 51600.0 1005.6562 -6150.9153 2843.8036 -0.5864665 -3.2840637999999998 -6.8663007
60857 52020.0 660.2318 -6820.045400000001 -242.00420000000003 -1.0282310000000001 0.15529737000000002 -7.5583859
60857 52440.0 173.16311 -6026.3892000000005 -3276.0713 -1.2486659 3.5527381 -6.6258369
60857 52860.0 -350.98859000000004 -3944.7352 -5608.7176 -1.2019218 6.1775764 -4.2810658
60857 53280.0 -800.55135 -1023.721 -6745.3729 -0.9003369800000001 7.479713 -1.0354158
60857 53700.0 -1080.4733 2114.5018 -6448.3938 -0.40860988 7.1946285 2.4237272
60857 54120.0 -1131.4743999999998 4804.6046 -4781.499400000001 0.17037802 5.3832657 5.3713367
60857 54540.0 -942.1921600000001 6474.1658 -2096.6271 0.7149802100000001 2.420864 7.182406100000001
60857 54960.0 -552.17333 6763.9675 1035.7304000000001 1.1087279 -1.0674517000000001 7.462351300000001
60857 55380.0 -44.209148 5608.786 3946.1159 1.266105 -4.3337553 6.1432853
60857 55800.0 473.17536 3254.201 6010.3083 1.1527183 -6.6742870000000005 3.5064607999999997
60857 56220.0 889.31502 203.65764000000001 6785.5212 0.79277073 -7.587492 0.11728772999999999
60857 56640.0 1115.6277 -2890.5125000000003 6108.3850999999995 0.26247811000000004 -6.8730991999999995 -3.2998634000000004
60857 57060.0 1103.4274 -5363.9603 4123.7676 -0.32438331 -4.6844652 -6.0096723
60857 57480.0 854.2019 -6687.0015 1249.3199 -0.84201696 -1.4961147000000001 -7.433607100000001
60857 57900.0 421.68746999999996 -6575.493 -1894.3818 -1.1799572 2.0174042 -7.2622022
60857 58320.0 -101.2428 -5054.2080000000005 -4631.023700000001 -1.264723 5.0937393 -5.531371600000001
60857 58740.0 -602.75043 -2444.9376 -6370.7983 -1.0793494000000001 7.082624300000001 -2.6149043
60857 59160.0 -974.9087800000001 684.78939 -6742.750599999999 -0.66343139 7.5518229 0.85645801
60857 59580.0 -1139.2723 3669.4228 -5672.7942 -0.10498918 6.401701200000001 4.1454003
60857 60000.0 -1059.8894 5868.9547999999995 -3385.8361 0.47612022000000004 3.8813372 6.545871600000001
60857 60420.0 -753.71349 6812.7128 -372.35028000000005 0.95520156 0.53143193 7.541606300000001
60857 60840.0 -286.41465999999997 6300.3229 2721.1077 1.2294515 -2.9250054 6.9211859
60857 61260.0 242.02529 4444.9610999999995 5233.5373 1.2412242000000002 -5.747479 4.826529000000001
60857 61680.0 719.11093 1645.4574 6631.6981 0.98966377 -7.3420139 1.7120160000000002
60857 62100.0 1043.8123 -1502.8227 6620.7527 0.52858068 -7.379226200000001 -1.7635854
60857 62520.0 1147.1517 -4332.1633 5202.1065 -0.045721592000000005 -5.8492758 -4.8712339
60857 62940.0 1006.4276 -6239.5452000000005 2673.7571000000003 -0.6126931600000001 -3.0652869999999997 -6.950262700000001
60857 63360.0 650.71338 -6813.1951 -426.84346999999997 -1.0506292000000002 0.38551325000000003 -7.545461100000001
60857 63780.0 155.56825 -5926.4710000000005 -3435.6029 -1.2641701 3.7603336 -6.5192444
60857 64200.0 -372.96437000000003 -3768.4754 -5705.473599999999 -1.2066554 6.3276343 -4.0918668
60857 64620.0 -821.62058 -802.80044 -6749.4872000000005 -0.89086272 7.5364374 -0.78937698
60857 65040.0 -1094.4794 2334.9438999999998 -6345.0268 -0.3847222 7.1317477 2.6797507
60857 65460.0 -1133.1786000000002 4972.9065 -4579.4217 0.20382422 5.2009396 5.5743334
60857 65880.0 -929.3839200000001 6546.6427 -1831.1406000000002 0.7489065500000001 2.1566265 7.2733915
60857 66300.0 -526.7562800000001 6719.9406 1310.1236000000001 1.1332929 -1.3452840000000001 7.4115881
60857 66720.0 -11.666843000000002 5458.7561 4171.1741 1.2749949 -4.5501376 5.9654296
60857 67140.0 505.98909000000003 3035.8462999999997 6142.7660000000005 1.1454972 -6.777303799999999 3.2543388
60857 67560.0 916.37485 -31.066221000000002 6808.1902 0.77348668 -7.563317100000001 -0.14253845
60857 67980.0 1132.5452 -3091.2954 6026.9183 0.23709439000000002 -6.7456704 -3.5117363999999998
60857 68400.0 1108.144 -5494.5847 3962.2754 -0.35162342 -4.4894916 -6.1432016
60857 68820.0 847.3585600000001 -6725.398700000001 1050.5195 -0.86778416 -1.2639577 -7.4698236
60857 69240.0 405.18314000000004 -6516.3464 -2086.4610000000002 -1.1994582 2.2423627 -7.194518100000001
60857 69660.0 -123.91753 -4909.428900000001 -4774.612400000001 -1.2739955 5.2696063 -5.3715648
60857 70080.0 -626.47856 -2249.6961 -6436.293000000001 -1.0754702 7.1639589 -2.3968773999999997
60857 70500.0 -995.01094 892.81272 -6716.0258 -0.6468764499999999 7.5225743000000005 1.0896055
60857 70920.0 -1150.5396 3843.3807 -5554.6317 -0.08022322 6.2716502 4.3398095
60857 71340.0 -1059.9211 5971.6215 -3201.6239 0.50389405 3.678031 6.6602725000000005
60857 71760.0 -742.48408 6822.01 -161.55718 0.98007361 0.29821952 7.551446299999999
60857 72180.0 -266.31343 6214.1563 2913.2867 1.2460715 -3.1381143000000002 6.824505
60857 72600.0 266.71779 4281.5962 5366.0362000000005 1.2460723 -5.895249799999999 4.6442504
60857 73020.0 743.14838 1439.5291000000002 6676.2044000000005 0.9817519200000001 -7.393290200000001 1.4828270000000001
60857 73440.0 1062.0801000000001 -1707.7137 6567.5571 0.50948499 -7.3230339 -1.9912729999999998
60857 73860.0 1155.6953999999998 -4492.4761 5062.173 -0.072111622 -5.6969038 -5.0490386
60857 74280.0 1003.3145000000001 -6320.9362 2476.6007000000004 -0.64076628 -2.8485816 -7.0395718
60857 74700.0 636.5246500000001 -6798.085 -639.04253 -1.0743000999999999 0.6198248599999999 -7.526267799999999
60857 75120.0 133.31062 -5818.2328 -3617.2502000000004 -1.2781949 3.9613092 -6.3956781000000005
60857 75540.0 -398.50748 -3590.6471 -5817.7223 -1.2079914 6.452015 -3.8910725000000004
60857 75960.0 -844.95011 -593.4441899999999 -6768.1775 -0.87921777 7.5587653 -0.5536003100000001
60857 76380.0 -1110.603 2531.9801 -6265.478099999999 -0.36083595 7.0431261 2.9100673
60857 76800.0 -1138.406 5113.1848 -4418.7481 0.23356611000000002 5.0195373 5.7395285000000005
60857 77220.0 -921.8460600000001 6597.594700000001 -1620.3457 0.77896552 1.9194055 7.3426304
60857 77640.0 -507.61119 6667.3424 1526.4612 1.1574851000000002 -1.5926745000000002 7.3677149
60857 78060.0 15.353479 5308.744900000001 4345.1369 1.2876914 -4.7557959 5.8136803
60857 78480.0 535.23907 2815.7515 6234.2478 1.1429529 -6.8955039 3.0215652
60857 78900.0 941.24244 -276.40154 6793.2632 0.75550954 -7.5621432 -0.40673311
60857 79320.0 1147.2645 -3309.9024 5905.1015 0.20774966 -6.6216433 -3.7461444000000004
60857 79740.0 1109.3797 -5639.6591 3758.3496 -0.38512241 -4.2703874 -6.2917244000000005
60857 80160.0 835.14723 -6767.9803 808.79013 -0.89722899 -1.0024674 -7.4974777
60857 80580.0 382.62372999999997 -6451.1835 -2313.5995000000003 -1.2184048 2.4836650000000002 -7.0994829
60857 81000.0 -151.61708 -4756.5467 -4940.452 -1.2793117999999999 5.4388973 -5.1813998
60857 81420.0 -653.50682 -2046.5774 -6509.991900000001 -1.0672182000000001 7.2309435 -2.1566817
60857 81840.0 -1015.9916 1099.9473 -6687.0785000000005 -0.6274698200000001 7.4801192 1.3292094
60857 82260.0 -1161.5551 4011.3707999999997 -5432.6692 -0.052371175 6.129391 4.5386955
60857 82680.0 -1060.0876 6068.1105 -3020.9622999999997 0.53370863 3.4630764 6.7690595
60857 83100.0 -731.33581 6824.588 40.685092 1.0057262 0.063414022 7.5541580999999995
60857 83520.0 -245.89545 6118.052 3092.8406 1.2642599 -3.3540724 6.7280637
60857 83940.0 292.3198 4105.9176 5485.4153 1.2521014000000001 -6.0514693 4.4591465
60857 84360.0 768.21352 1217.4316000000001 6704.5536 0.9729768000000001 -7.4528619 1.2415764
60857 84780.0 1080.4347 -1930.5295 6491.3634 0.48680649 -7.2653881 -2.2382655000000002
60857 85200.0 1162.4028 -4666.9932 4891.252 -0.1037103 -5.528367500000001 -5.2433301000000005
60857 85620.0 996.24789 -6407.2970000000005 2244.2974 -0.6732605300000001 -2.6063841 -7.13108
60857 86040.0 617.0657600000001 -6777.3302 -883.6363000000001 -1.0994536000000001 0.87655771 -7.491511900000001
60858 60.0 105.73844000000001 -5694.3242 -3820.4822999999997 -1.2909849 4.1702121 -6.2506127
60858 480.0 -428.62914 -3388.0603 -5936.8642 -1.2071113 6.5801073 -3.6678754
60858 900.0 -871.78185 -356.85539 -6783.2164 -0.86217828 7.5734927 -0.28436933
60858 1320.0 -1127.9069 2749.1184 -6171.8348 -0.3329772 6.9380690000000005 3.1518636
60858 1740.0 -1143.2643 5268.404500000001 -4239.254 0.26757634 4.811230800000001 5.907092400000001
60858 2160.0 -912.5941300000001 6652.7300000000005 -1392.9132 0.81105304 1.6597046 7.400027000000001
60858 2580.0 -486.40051 6611.7088 1752.5909 1.1814313 -1.851744 7.304440400000001
60858 3000.0 44.08187 5154.4102 4522.2598 1.2983104 -4.961927800000001 5.640481
60858 3420.0 565.3364 2586.4192000000003 6316.7425 1.1383007 -7.0163891000000005 2.7684738
60858 3840.0 964.8986500000001 -533.80723 6751.522 0.73404572 -7.568213200000001 -0.7012574100000001
60858 4260.0 1158.5978 -3540.1284 5742.0121 0.17133036999999998 -6.4883573 -4.020851
60858 4680.0 1103.6273999999999 -5787.1375 3496.4052 -0.42832008000000005 -4.0160466999999995 -6.4765942999999995
60858 5100.0 811.81237 -6792.2627999999995 498.32599 -0.93573187 -0.6837723600000001 -7.5380695
60858 5520.0 346.04356 -6342.2316 -2607.1452000000004 -1.2415866000000002 2.7852916 -6.9800816999999995
60858 5940.0 -193.64666 -4538.6088 -5155.2689 -1.2817132999999998 5.6453053 -4.9347384000000005
60858 6360.0 -692.28768 -1770.7396 -6605.9221 -1.0500462 7.2959772 -1.8500630000000002
60858 6780.0 -1044.4565 1372.0242 -6654.990900000001 -0.59678087 7.4000464 1.6203456
60858 7200.0 -1175.6772 4224.4179 -5292.6093 -0.016521494 5.937102100000001 4.7515006
60858 7620.0 -1057.5009 6180.3715999999995 -2804.664 0.56956396 3.2057776 6.8823314
60858 8040.0 -714.0205500000001 6818.9451 282.02359 1.0366779 -0.22247564 7.5489825
60858 8460.0 -217.81399 5998.661099999999 3307.9581000000003 1.2831619 -3.613493 6.5961644
60858 8880.0 325.05998999999997 3892.4726 5622.6925 1.2547015 -6.2328752000000005 4.2242328
60858 9300.0 798.19058 951.64853 6728.3090999999995 0.95725194 -7.515548 0.9446605
60858 9720.0 1100.5723 -2192.8011 6390.6849 0.45469297999999997 -7.184351700000001 -2.5352758
60858 10140.0 1166.7619 -4866.7136 4677.6988 -0.14531727 -5.3159855 -5.472848699999999
60858 10560.0 982.8624599999999 -6497.358700000001 1959.2468999999999 -0.7143571200000001 -2.3074516 -7.2349878
60858 10980.0 588.36481 -6735.8657 -1180.3519 -1.1297750000000002 1.1910383 -7.4418479
60858 11400.0 68.066258 -5534.6183 -4067.2259 -1.3028053 4.4233411 -6.0561781
60858 11820.0 -466.84835 -3154.7409 -6086.4409000000005 -1.1983334 6.7023026 -3.3865578999999997
60858 12240.0 -902.8074399999999 -105.718 -6811.7362 -0.84031537 7.5546956000000005 -0.0057598481
60858 12660.0 -1147.6241000000002 2965.6699 -6091.1028 -0.3043067 6.8069683 3.3762429000000003
60858 13080.0 -1149.0748 5407.911400000001 -4075.5565 0.29793684000000004 4.6108266 6.049373800000001
60858 13500.0 -905.90085 6698.4917000000005 -1190.21 0.83924014 1.4211748 7.440283900000001
60858 13920.0 -469.15672 6557.072 1949.7812 1.2027129 -2.0837634 7.238519500000001
60858 14340.0 68.073345 5010.5358 4670.660400000001 1.3087968 -5.1464214 5.4805333
60858 14760.0 590.6840100000001 2389.8383 6387.546200000001 1.1344041999999999 -7.1049796 2.5456948
60858 15180.0 987.10583 -742.941 6734.9148 0.716345 -7.537246100000001 -0.93777207
60858 15600.0 1172.2594 -3717.8519 5635.7986 0.14434368 -6.350399400000001 -4.2202266
60858 16020.0 1106.4691 -5895.1084 3328.1784 -0.45670429 -3.8095147000000003 -6.5872835
60858 16440.0 803.18088 -6807.026 304.20257000000004 -0.96135623 -0.45284334000000004 -7.549727
60858 16860.0 327.95441999999997 -6261.6368 -2784.9351 -1.2602732 2.9998380000000004 -6.8931854999999995
60858 17280.0 -217.67434 -4371.4495 -5274.1989 -1.2906411 5.8129879 -4.7641387
60858 17700.0 -716.12652 -1546.0217 -6627.5987000000005 -1.0455585 7.387892600000001 -1.6136023000000002
60858 18120.0 -1062.5834 1610.7607 -6567.9108 -0.57479311 7.371647100000001 1.8889738
60858 18540.0 -1181.5443 4423.1047 -5098.044400000001 0.018607768 5.776383 4.9822639
60858 18960.0 -1047.5363 6288.5838 -2533.7329 0.60779362 2.9453213000000003 7.0052244
60858 19380.0 -689.44636 6808.9541 574.24987 1.0661475 -0.51121099 7.5241562
60858 19800.0 -184.22426000000002 5876.21 3559.6133 1.2959565 -3.847871 6.434249
60858 20220.0 360.25804999999997 3693.7495 5786.5568 1.2499408 -6.3550212 3.979558
60858 20640.0 828.463 728.5184200000001 6784.3732 0.9394907600000001 -7.5103194 0.68682493
60858 21060.0 1121.3801 -2390.8166 6342.7767 0.43003044 -7.0756736 -2.7528325000000002
60858 21480.0 1176.5399 -5002.8645 4552.9192 -0.17261137 -5.1361083 -5.618001100000001
60858 21900.0 981.08861 -6548.9143 1790.9456000000002 -0.74152934 -2.0898213 -7.2950913
60858 22320.0 575.72017 -6693.1589 -1354.8218000000002 -1.1537669000000002 1.4173562 -7.4104917
60858 22740.0 46.780775999999996 -5400.4586 -4208.7518 -1.3189021 4.626002499999999 -5.9300470999999995
60858 23160.0 -492.20492 -2947.764 -6156.21 -1.2008119 6.8394494 -3.1742991000000003
60858 23580.0 -925.7481600000001 136.90414 -6780.9354 -0.8255919199999999 7.5820373000000005 0.25744121000000003
60858 24000.0 -1160.9675 3192.2408 -5949.1876 -0.27414118000000004 6.702455700000001 3.6308245
60858 24420.0 -1147.7834 5564.7535 -3841.0901000000003 0.33572239000000004 4.3896017 6.2240991
60858 24840.0 -889.13301 6747.378 -909.30515 0.87339306 1.1401226999999998 7.4815629
60858 25260.0 -440.56926000000004 6489.1576 2217.3952999999997 1.2236467 -2.3455417 7.1365615
60858 25680.0 101.89137 4849.0571 4871.0965 1.3126355 -5.3209908 5.2717131
60858 26100.0 622.80472 2179.8101 6488.6239000000005 1.1232026000000002 -7.159516 2.2925869
60858 26520.0 1011.8860999999999 -951.03389 6728.656900000001 0.69610119 -7.4804654 -1.1706686
60858 26940.0 1186.5484 -3880.0801 5539.202700000001 0.1202141 -6.2145461 -4.3928686
60858 27360.0 1108.8575 -5983.656 3168.7571000000003 -0.48402283 -3.6174571 -6.6910898
60858 27780.0 794.21353 -6807.889099999999 119.88123 -0.98738488 -0.23345834 -7.562962499999999
60858 28200.0 309.18465000000003 -6171.3623 -2954.6007000000004 -1.2800774 3.2099172 -6.808559100000001
60858 28620.0 -242.26922000000002 -4208.8905 -5392.5261 -1.2978364 5.9637037 -4.5879453
60858 29040.0 -741.75206 -1343.0772 -6670.133900000001 -1.0372254 7.4338462000000005 -1.3845640000000001
60858 29460.0 -1082.2137 1809.865 -6514.6451 -0.55460513 7.3099935 2.1134160000000004
60858 29880.0 -1190.9598999999998 4576.0857000000005 -4959.9196 0.046221683 5.6222525999999995 5.1547465
60858 30300.0 -1044.7497 6362.7038 -2340.5551 0.63728895 2.7304756 7.0902373
60858 30720.0 -674.9335500000001 6787.7273 781.20795 1.0915046 -0.74237803 7.5034526
60858 31140.0 -160.91972 5763.010200000001 3735.8498 1.3116986 -4.0469935 6.3112148
60858 31560.0 387.47432000000003 3511.2507 5893.6276 1.2524247 -6.4796452 3.779024
60858 31980.0 853.7384300000001 514.52523 6798.0284 0.9278821500000001 -7.532655800000001 0.45050965000000004
60858 32400.0 1139.1563999999998 -2591.1527 6258.4812 0.40655131 -6.9891983 -2.9742999
60858 32820.0 1182.8092 -5146.6373 4387.4220000000005 -0.20287484 -4.9580394 -5.7757796
60858 33240.0 974.38745 -6605.0748 1579.0893999999998 -0.77176993 -1.8588396 -7.3533835
60858 33660.0 557.52299 -6650.1467999999995 -1567.502 -1.177229 1.6495839 -7.3561234
60858 34080.0 21.078952 -5268.8191 -4376.8426 -1.3305630000000002 4.808024400000001 -5.7763354
60858 34500.0 -519.908 -2757.2380000000003 -6244.825 -1.1985152000000001 6.9328989000000005 -2.9564126
60858 34920.0 -949.80533 345.62277 -6772.9846 -0.80865711 7.5684510000000005 0.50282852
60858 35340.0 -1176.199 3375.1898 -5845.378 -0.24575687 6.5793397 3.8498236
60858 35760.0 -1150.6483 5679.2429 -3664.4474 0.36901159 4.1832886 6.366189
60858 36180.0 -877.94914 6764.474700000001 -693.46975 0.90600748 0.8893475200000001 7.522800500000001
60858 36600.0 -416.973 6399.1415 2426.5829 1.2489935 -2.596906 7.062591
60858 37020.0 133.40404 4661.858 5024.9405 1.3241666 -5.5217263999999995 5.0879332
60858 37440.0 655.4108100000001 1927.9473 6547.1503 1.1163486 -7.2588176 2.0294429000000003
60858 37860.0 1037.7006 -1217.13 6669.6473 0.67112806 -7.445873300000001 -1.4559425000000001
60858 38280.0 1199.003 -4103.0099 5367.9983 0.082993219 -6.0470182 -4.6299440999999995
60858 38700.0 1104.7868 -6114.421 2919.4236 -0.52364762 -3.3565286000000003 -6.8181893
60858 39120.0 774.77453 -6820.8183 -153.88985 -1.0192819 0.054449186 -7.5494439
60858 39540.0 278.93201 -6068.1186 -3194.8163 -1.2974076 3.4504874 -6.6679817
60858 39960.0 -276.34717 -4022.1032000000005 -5552.7457 -1.298366 6.109203900000001 -4.3583723
60858 40380.0 -772.7729 -1119.8164 -6725.0959 -1.0227922999999999 7.4602465 -1.1237276999999999
60858 40800.0 -1104.8575 2020.7233999999999 -6463.2092999999995 -0.52987514 7.2237308 2.3484133000000003
60858 41220.0 -1201.8277 4731.0847 -4822.2829 0.07673579200000001 5.4478822000000005 5.3245616
60858 41640.0 -1042.6134 6432.960400000001 -2150.5837 0.6683550300000001 2.5042421 7.1670602
60858 42060.0 -661.1216999999999 6761.778200000001 979.46873 1.1171417 -0.97313164 7.4749004999999995
60858 42480.0 -137.91673 5641.6247 3899.3602 1.3287804 -4.248774099999999 6.1873888
60858 42900.0 414.92891 3318.1295 5986.9131 1.2558717 -6.6116068 3.5738515000000004
60858 43320.0 879.2960400000001 286.93033 6794.2182999999995 0.91531019 -7.5603306 0.20120753
60858 43740.0 1156.3027 -2805.4119 6149.9525 0.37978506 -6.8977525 -3.2135899
60858 44160.0 1186.7493000000002 -5299.419 4190.9094 -0.23763858 -4.7618976 -5.9460382
60858 44580.0 963.6133000000001 -6661.0564 1333.9482 -0.80549848 -1.603532 -7.4091795000000005
60858 45000.0 534.3539300000001 -6597.6888 -1808.9295 -1.2013573 1.9000802 -7.283269000000001
60858 45420.0 -9.488902099999999 -5120.4362 -4563.5922 -1.3403831 4.9944936 -5.5989211
60858 45840.0 -551.31146 -2551.1645 -6342.3827 -1.1927237 7.0156613 -2.7181337
60858 46260.0 -975.66254 561.76011 -6765.9462 -0.79140899 7.538759600000001 0.73723582
60858 46680.0 -1192.3193999999999 3555.0750000000003 -5745.198 -0.22148645 6.4564246999999995 4.0355519
60858 47100.0 -1154.876 5790.5638 -3496.867 0.39675096000000004 3.9946432 6.4766289
60858 47520.0 -870.71507 6789.0112 -499.41546000000005 0.9313937 0.6746120800000001 7.5347964
60858 47940.0 -400.47488 6336.0807 2604.6953 1.2670886000000001 -2.7916524 6.9773728
60858 48360.0 155.43835 4528.4423 5150.8746 1.3317574 -5.6569796 4.9269043
60858 48780.0 678.18033 1754.807 6595.3877 1.1123489 -7.3104832 1.8273921
60858 49200.0 1056.4502 -1392.6914 6631.2598 0.65625933 -7.405652 -1.6597380000000002
60858 49620.0 1209.6214 -4243.3099 5250.5341 0.059715620000000004 -5.921858599999999 -4.7963049
60858 50040.0 1104.4729 -6188.1276 2745.2374 -0.55109713 -3.1688198 -6.9127658
60858 50460.0 763.11062 -6808.823 -348.07839 -1.0449075 0.26764462 -7.5482831
60858 50880.0 258.30658 -5970.9310000000005 -3366.3768 -1.3149672000000001 3.6446342 -6.5652833
60858 51300.0 -301.97975 -3850.7272000000003 -5659.9108 -1.3046406 6.2457897 -4.1774537
60858 51720.0 -797.87662 -904.59847 -6738.9827000000005 -1.0144311000000001 7.510333 -0.8875730700000001
60858 52140.0 -1122.8092 2232.6046 -6372.4095 -0.5057543800000001 7.1598384 2.5961018
60858 52560.0 -1207.4986000000001 4891.8643 -4638.772 0.11117582000000001 5.272170600000001 5.5182122
60858 52980.0 -1032.91 6501.4346 -1905.7191 0.70505481 2.2520699 7.2578936999999994
60858 53400.0 -636.62239 6715.6501 1237.5551 1.1473887999999999 -1.2495573 7.435665200000001
60858 53820.0 -103.93659 5491.084400000001 4115.1481 1.342981 -4.4731065 6.0188795
60858 54240.0 451.03616999999997 3094.2678 6112.8631 1.2517683 -6.730475 3.3232352
60858 54660.0 910.17984 39.784151 6808.3907 0.89528798 -7.5514871 -0.069743927
60858 55080.0 1176.3876 -3023.2379 6056.816 0.34944738999999997 -6.7709821 -3.4447033
60858 55500.0 1193.0956 -5444.884 4017.2645 -0.27163835999999997 -4.5509588 -6.092656600000001
60858 55920.0 956.0603000000001 -6708.2985 1121.0899 -0.83689569 -1.3538646 -7.4477437
60858 56340.0 515.10014 -6540.256 -2014.4775 -1.2248468000000001 2.1406505000000005 -7.2111223
60858 56760.0 -35.926667 -4974.251700000001 -4718.1676 -1.3513098000000001 5.1808933 -5.428269
60858 57180.0 -579.2741500000001 -2344.5892999999996 -6410.217000000001 -1.1889188 7.1131304 -2.4818584
60858 57600.0 -998.7728000000001 786.34113 -6727.8488 -0.77224866 7.5244977 0.9973736599999999
60858 58020.0 -1205.269 3750.0496000000003 -5606.180200000001 -0.18947767 6.3210596 4.264443
60858 58440.0 -1153.0896 5908.0655 -3278.8046 0.43415797 3.7665373 6.6199603
60858 58860.0 -853.68522 6799.6825 -246.32351000000003 0.96555988 0.40162506000000003 7.5560267
60858 59280.0 -371.25481 6233.8352 2839.3169 1.2896494 -3.0460214999999997 6.868313199999999
60858 59700.0 190.66479999999999 4334.9596 5316.8071 1.3371306 -5.833214700000001 4.7101955
60858 60120.0 711.90945 1511.1832 6656.9223 1.1001028 -7.3689424 1.556747
60858 60540.0 1081.8538 -1633.9417 6578.3668 0.6296826600000001 -7.3367882 -1.9238841
60858 60960.0 1221.8906000000002 -4431.713 5098.1088 0.024875047 -5.7440371 -4.9980272
60858 61380.0 1101.7351 -6285.424599999999 2529.4357999999997 -0.58688544 -2.9219486000000003 -7.011925000000001
60858 61800.0 746.53774 -6797.4372 -579.8975300000001 -1.0744413 0.53062893 -7.5272030999999995
60858 62220.0 231.65239000000003 -5855.613200000001 -3565.286 -1.3327514 3.8724979 -6.4292847
60858 62640.0 -332.7846 -3661.7902000000004 -5786.436900000001 -1.3061347 6.383610300000001 -3.9551056
60858 63060.0 -826.2045400000001 -685.948 -6768.7015 -1.0008053000000001 7.5292713000000004 -0.63750929
60858 63480.0 -1143.3393999999998 2436.2631 -6302.6415 -0.48183306 7.0679493 2.8167664
60858 63900.0 -1216.2657 5038.0686 -4486.6387 0.14100158999999998 5.0949199 5.6728237
60858 64320.0 -1028.9815 6561.6594000000005 -1708.3788000000002 0.7347387 2.0271726 7.3156327
60858 64740.0 -621.26958 6679.5734 1436.9008999999999 1.1712476 -1.4753934 7.3877804
60858 65160.0 -80.661165 5368.12 4273.5713 1.3565569000000002 -4.6551758 5.8768012
60858 65580.0 477.33567 2910.2824 6196.3278 1.252341 -6.8338 3.1148428
60858 66000.0 933.80886 -166.90365 6797.2451 0.88205647 -7.5539038000000005 -0.30445014
60858 66420.0 1191.8362 -3208.6283 5949.7884 0.32431252 -6.6681203 -3.6583414
60858 66840.0 1196.317 -5567.5963 3833.3512 -0.30365897999999997 -4.360193100000001 -6.2378095
60858 67260.0 945.52126 -6738.9688 896.3407900000001 -0.86868177 -1.113512 -7.488822600000001
60858 67680.0 492.64593 -6469.1362 -2231.8835 -1.2485445 2.374909 -7.1351607999999995
60858 68100.0 -65.599762 -4815.7799 -4881.495 -1.3613358 5.3543946 -5.2518879
60858 68520.0 -609.86394 -2133.329 -6485.342000000001 -1.1833051 7.1864556 -2.2468836000000003
60858 68940.0 -1024.0004000000001 1004.4613 -6701.4187 -0.75293545 7.4837834999999995 1.2366633999999999
60858 69360.0 -1219.6202 3927.8989 -5483.4145 -0.16136363 6.1829651000000005 4.4585403
60858 69780.0 -1154.5556000000001 6011.4423 -3090.4103999999998 0.46584479 3.556926 6.7298088
60858 70200.0 -842.2876 6807.8143 -33.947528 0.9940428000000001 0.16600695 7.5585787
60858 70620.0 -349.63345000000004 6146.707 3030.2665 1.3089860000000002 -3.257548 6.764146
60858 71040.0 218.28382000000002 4163.7598 5441.6515 1.3451775000000001 -5.982712 4.5296478
60858 71460.0 739.7262900000001 1296.3137 6693.0895 1.0929699000000002 -7.4218395 1.3242580000000002
60858 71880.0 1103.6305 -1847.4874 6514.9838 0.60859259 -7.2772113 -2.1561206000000004
60858 72300.0 1232.6815 -4598.1809 4946.8409 -0.0052589568 -5.5837956 -5.1758068
60858 72720.0 1099.2466000000002 -6369.7486 2322.6381 -0.61877072 -2.6983800000000002 -7.0934379
60858 73140.0 731.42903 -6783.2875 -798.0667900000001 -1.1009286 0.76546767 -7.495955100000001
60858 73560.0 207.55011 -5749.7488 -3748.1483 -1.3482030999999999 4.0652645000000005 -6.2959642
60858 73980.0 -360.55508000000003 -3490.9657 -5897.338900000001 -1.3079811 6.4952047 -3.7525880000000003
60858 74400.0 -851.9101700000001 -488.95844 -6787.7002999999995 -0.98937045 7.540871600000001 -0.41000735
60858 74820.0 -1161.8555000000001 2616.9901 -6228.818200000001 -0.45956576000000005 6.9806683000000005 3.0242384
60858 75240.0 -1224.0573000000002 5164.841 -4338.111599999999 0.17012938 4.925596 5.8198467
60858 75660.0 -1024.7697 6608.0522 -1519.3569 0.76429134 1.8126332 7.3695034999999995
60858 76080.0 -605.4712900000001 6633.6194000000005 1627.3928 1.1959562000000001 -1.6933282 7.3407539
60858 76500.0 -56.365564 5238.1991 4425.2625 1.3708463 -4.8312849 5.7357263000000005
60858 76920.0 504.93258000000003 2715.3774 6268.5001 1.2538445999999999 -6.9391097 2.9076131999999997
60858 77340.0 958.6574300000001 -384.42395000000005 6774.0121 0.8677287300000001 -7.5543124 -0.5430487399999999
60858 77760.0 1207.741 -3402.5735 5829.3162999999995 0.29686666 -6.5566203 -3.8732004000000004
60858 78180.0 1199.0496 -5694.5405 3637.2067 -0.33754327 -4.158943900000001 -6.3753151
60858 78600.0 934.33227 -6770.684700000001 666.40461 -0.9000743800000001 -0.87232484 -7.513243900000001
60858 79020.0 470.15356 -6401.544400000001 -2447.0587 -1.2700779 2.5971664000000003 -7.0431667
60858 79440.0 -94.31424700000001 -4667.8588 -5037.977900000001 -1.3689314 5.5064938 -5.0709542
60858 79860.0 -638.74375 -1941.7506 -6555.029500000001 -1.1767308 7.2396304 -2.0228109
60858 80280.0 -1047.5608 1196.6238999999998 -6676.6005000000005 -0.7347386800000001 7.4347313999999995 1.4549848
60858 80700.0 -1233.7293 4080.3935 -5375.4393 -0.13536112 6.0478733 4.6302928
60858 81120.0 -1156.7636000000002 6094.0262999999995 -2924.5103 0.49555865 3.3622806 6.8266675999999995
60858 81540.0 -832.17425 6802.3459 153.33032 1.0222003 -0.052680406 7.562124
60858 81960.0 -328.99964 6050.8715 3198.125 1.3300539000000002 -3.4603737999999997 6.670993999999999
60858 82380.0 244.79929 4001.0449 5555.030400000001 1.3523736 -6.1215283000000005 4.3473498
60858 82800.0 766.25648 1092.499 6717.9418 1.0853716 -7.4695859 1.0944144
60858 83220.0 1123.8924 -2048.9944 6441.3436 0.5867069800000001 -7.217429600000001 -2.3869168
60858 83640.0 1241.417 -4752.758 4784.9985 -0.037262995 -5.4233023000000005 -5.356615700000001
60858 84060.0 1093.6635 -6440.9365 2103.4422000000004 -0.65352923 -2.469266 -7.1796608
60858 84480.0 712.1769499999999 -6752.768 -1028.9595 -1.1298873 1.0107373 -7.4640315
60858 84900.0 178.69909 -5623.5879 -3941.2971000000002 -1.3643608999999999 4.267968799999999 -6.152455600000001
60858 85320.0 -392.89002000000005 -3297.0911 -6012.7428 -1.3082147 6.6087216 -3.5337067
60858 85740.0 -881.0897 -270.49556 -6804.2833 -0.97455712 7.5430595 -0.16751491
60858 86160.0 -1182.3 2813.3689 -6147.993 -0.43362504 6.8761389 3.2373661000000005
60859 180.0 -1232.0284 5298.486400000001 -4180.719700000001 0.20156762 4.7416352 5.9621382
60859 600.0 -1018.5929000000001 6651.408200000001 -1318.4557 0.7963250900000001 1.5839521 7.4194816
60859 1020.0 -586.91128 6579.1764 1826.9551000000001 1.2218278 -1.9224677 7.2840962000000005
60859 1440.0 -29.243785 5094.8268 4579.1809 1.3851461999999999 -5.016164300000001 5.5816511
60859 1860.0 534.7519100000001 2517.8432000000003 6347.0312 1.2515306000000002 -7.029838600000001 2.6839731000000002
60859 2280.0 984.48481 -599.36031 6752.9179 0.8502577800000001 -7.536906200000001 -0.7859905
60859 2700.0 1223.6307 -3587.3555 5711.4453 0.26781828 -6.432728 -4.0828447
60859 3120.0 1201.3277 -5808.857400000001 3446.411 -0.37213389 -3.9531196 -6.506372000000001
60859 3540.0 922.23418 -6788.6995 442.67125 -0.9326401200000001 -0.62802328 -7.535863900000001
60859 3960.0 446.10288 -6318.1238 -2655.9682000000003 -1.2933132 2.8264696 -6.9512575
60859 4380.0 -125.22184 -4500.273 -5187.3006 -1.3777253 5.670222 -4.8844977
60859 4800.0 -669.94181 -1725.7492 -6613.112700000001 -1.1693294 7.3022599 -1.7829570000000001
60859 5220.0 -1072.4997 1415.0253 -6631.8211 -0.7129070200000001 7.3834931 1.6959115999999999
60859 5640.0 -1247.268 4255.0481 -5238.4254 -0.10391302000000001 5.8946893000000005 4.8206109
60859 6060.0 -1156.3219 6188.596500000001 -2725.9583 0.52969574 3.1409695 6.9256298
60859 6480.0 -818.09364 6797.9358 370.37974 1.0519176000000001 -0.29426966 7.5500238
60859 6900.0 -304.45796 5949.76 3387.0447000000004 1.3492896 -3.671087 6.5517388
60859 7320.0 274.49771000000004 3825.7317000000003 5675.602400000001 1.3572272 -6.2579525 4.1467959
60859 7740.0 795.20859 879.5107700000001 6746.7228 1.0738079 -7.5019704 0.8489557200000001
60859 8160.0 1145.0998 -2252.2841000000003 6367.8928 0.56187354 -7.1396488 -2.6208309
60859 8580.0 1250.1943999999999 -4902.3937000000005 4624.2046 -0.07075163999999999 -5.2497586 -5.5321212
60859 9000.0 1087.7071 -6503.149200000001 1888.0554 -0.68895556 -2.2335139 -7.2590915
60859 9420.0 692.28976 -6711.211700000001 -1253.6223 -1.1595403 1.26014 -7.4274734
60859 9840.0 148.85856 -5484.2918 -4126.4577 -1.3813903 4.4760697 -6.0048801
60859 10260.0 -426.46583000000004 -3087.3729 -6117.5442 -1.3085482 6.728818100000001 -3.305918
60859 10680.0 -911.18623 -34.187765 -6805.1375 -0.95797812 7.547003800000001 0.090217433
60859 11100.0 -1202.4907 3026.2343 -6044.4463 -0.4039781 6.7627131 3.4672247000000005
60859 11520.0 -1238.1987 5443.2127 -3995.7205 0.23737654 4.5368108000000005 6.1127873
60859 11940.0 -1009.7058000000001 6698.642400000001 -1092.0452 0.83043315 1.3335379 7.4594397
60859 12360.0 -565.37752 6521.4701 2045.2061 1.2468891000000002 -2.1624522 7.206500500000001
60859 12780.0 0.018549827 4947.5221 4743.2108 1.3963172 -5.1955323 5.4061267
60859 13200.0 565.39535 2314.5982999999997 6423.338 1.2469571000000002 -7.113425599999999 2.4489794000000003
60859 13620.0 1009.9408000000001 -812.99364 6727.072 0.8314292900000001 -7.5094133 -1.0294511
60859 14040.0 1238.7397 -3766.879 5589.744900000001 0.23817763 -6.3008642 -4.2884019
60859 14460.0 1202.7184 -5915.3148 3254.0629 -0.40673984 -3.7428653 -6.6312790999999995
60859 14880.0 909.28524 -6797.643599999999 220.01944 -0.9650759799999999 -0.38220869 -7.5523484
60859 15300.0 421.23971 -6225.3552 -2861.4279 -1.3164096 3.0559205 -6.8534811
60859 15720.0 -156.89801 -4323.0555 -5330.6350999999995 -1.3861674000000002 5.8330054 -4.692043300000001
60859 16140.0 -701.63134 -1501.0095000000001 -6662.5567 -1.1609272000000002 7.361308 -1.5366669
60859 16560.0 -1097.3768 1639.8896000000002 -6575.9123 -0.6894951 7.324917 1.9418055
60859 16980.0 -1260.0394 4432.3733 -5089.018599999999 -0.07079482799999999 5.7311496 5.011445
60859 17400.0 -1154.4458 6281.0638 -2515.9884 0.56490547 2.910065 7.0190194
60859 17820.0 -802.42848 6788.4091 595.11702 1.0813949 -0.54065904 7.5270034
60859 18240.0 -278.7086 5842.9985 3578.6715 1.3670648 -3.8793336 6.4206015
60859 18660.0 304.64997 3647.2594 5794.4591 1.3602168 -6.3855924 3.9383976
60859 19080.0 822.9146800000001 671.92099 6768.5061 1.0628488 -7.5248419 0.6156187200000001
60859 19500.0 1165.4653 -2446.9946 6293.162 0.53851724 -7.0565238 -2.8386513
60859 19920.0 1258.9721000000002 -5042.7439 4469.4863 -0.10160006 -5.0787077 -5.6882775
60859 20340.0 1083.059 -6559.3025 1686.7805 -0.72090812 -2.0108154 -7.3207045
60859 20760.0 675.1938700000001 -6671.1678 -1458.2399 -1.185771 1.4872327 -7.3814573
60859 21180.0 123.01530000000001 -5356.8622000000005 -4290.5187000000005 -1.3962121 4.659284800000001 -5.860769599999999
60859 21600.0 -455.54414 -2899.329 -6205.6703 -1.308886 6.829382400000001 -3.0948962
60859 22020.0 -937.2862600000001 174.69709 -6798.1677 -0.94368456 7.543843 0.32400169
60859 22440.0 -1219.958 3211.5944 -5943.0853 -0.37786570999999997 6.6556471 3.6748012
60859 22860.0 -1243.1224 5565.1782 -3820.7056000000002 0.26991335 4.3473331 6.2493433000000005
60859 23280.0 -1000.6992 6729.4891 -880.28456 0.86236399 1.1025386000000001 7.495229500000001
60859 23700.0 -544.35825 6455.1536 2248.7035 1.2710977 -2.3855527000000003 7.1320594
60859 24120.0 28.611503000000003 4797.9905 4894.7711 1.4075071000000001 -5.3612811 5.237804000000001
60859 24540.0 595.47411 2114.5085 6490.9585 1.2428282 -7.185454399999999 2.2244545
60859 24960.0 1035.195 -1020.8896 6696.9055 0.81311562 -7.4737975 -1.2610888
60859 25380.0 1253.9677 -3938.3903999999998 5469.5227 0.20961860999999998 -6.1662815 -4.4775127
60859 25800.0 1204.8314 -6014.3674 3070.5234 -0.43948844000000004 -3.5387383 -6.7383011
60859 26220.0 897.99189 -6803.8568 12.989370000000001 -0.99502481 -0.15222180000000002 -7.555305300000001
60859 26640.0 399.05789000000004 -6137.848900000001 -3047.3388 -1.337385 3.2627924 -6.7531620000000006
60859 27060.0 -185.25966 -4160.5835 -5455.8828 -1.3939418000000001 5.9748958000000005 -4.5094438
60859 27480.0 -730.1106500000001 -1298.2009 -6700.222 -1.1536711 7.4080416 -1.3095544000000001
60859 27900.0 -1119.8282 1840.1324 -6517.0418 -0.66852009 7.2659568 2.1661755
60859 28320.0 -1271.4943 4587.1903 -4944.9528 -0.040337651 5.5774576 5.1852374
60859 28740.0 -1152.2472 6356.7534000000005 -2316.6223999999997 0.5982955799999999 2.6935643000000002 7.1034811
60859 29160.0 -786.924 6768.4395 807.36861 1.1102519 -0.7719930500000001 7.502296500000001
60859 29580.0 -253.16981 5731.746700000001 3758.217 1.3851125 -4.0745974 6.2926452
60859 30000.0 334.77118 3469.2842 5903.3102 1.3636682 -6.5023852 3.7363556
60859 30420.0 851.27966 465.90352 6784.537200000001 1.0512379 -7.5393040000000004 0.38401641999999997
60859 30840.0 1186.1675 -2636.8875000000003 6214.2564 0.5143974 -6.9671851 -3.0505067
60859 31260.0 1267.7452 -5176.529500000001 4313.4139000000005 -0.13321873 -4.9050858 -5.8364444
60859 31680.0 1078.1418999999999 -6608.6813 1487.6407 -0.7533667500000001 -1.7896162 -7.3741443
60859 32100.0 657.65708 -6625.7431 -1657.615 -1.212337 1.7093644 -7.329209700000001
60859 32520.0 95.865637 -5221.0256 -4447.5019 -1.4120957 4.8411215 -5.7147878
60859 32940.0 -486.21907000000004 -2702.958 -6285.2683 -1.3094232 6.929123 -2.8800923
60859 33360.0 -964.77477 391.02815000000004 -6780.7408 -0.92817947 7.5368127000000005 0.56276536
60859 33780.0 -1238.0503 3401.8432000000003 -5829.528700000001 -0.34947987 6.5404062000000005 3.8848737
60859 34200.0 -1247.675 5688.077700000001 -3633.6563 0.30470718 4.148013700000001 6.3822037
60859 34620.0 -991.0397800000001 6760.3462 -660.4144100000001 0.89507575 0.8655549600000001 7.5177823
60859 35040.0 -522.3549 6386.4941 2454.7782 1.2946321 -2.6020212000000003 7.0458734000000005
60859 35460.0 58.170888 4646.224200000001 5043.8777 1.4179534 -5.5168447 5.064090600000001
60859 35880.0 626.20921 1916.3022 6554.8755 1.2378198 -7.2453286 2.0011048000000002
60859 36300.0 1060.8424 -1222.0186 6665.400900000001 0.7943621500000001 -7.4278962 -1.4838717
60859 36720.0 1269.5787 -4100.0707 5352.8548 0.18148207 -6.0282541 -4.6532106
60859 37140.0 1207.644 -6103.8874000000005 2896.2095 -0.47125941 -3.3395309 -6.8326988
60859 37560.0 887.74085 -6803.906900000001 -180.78217 -1.0242604 0.066857134 -7.5514029
60859 37980.0 377.84824 -6048.3906 -3219.5177000000003 -1.358497 3.4588492000000004 -6.6528508
60859 38400.0 -212.64970000000002 -4001.9112999999998 -5568.7766 -1.4021216 6.107219000000001 -4.3309426
60859 38820.0 -757.85027 -1102.4026999999999 -6727.9517000000005 -1.1470392 7.4491564 -1.0893441000000001
60859 39240.0 -1141.7656000000002 2031.7978 -6451.2685 -0.64793234 7.2049497 2.3832567
60859 39660.0 -1282.5022 4733.0819 -4796.938099999999 -0.0098478707 5.4241613 5.3521581
60859 40080.0 -1149.7803999999999 6424.7837 -2117.3467 0.6317839900000001 2.4794652000000004 7.1800457
60859 40500.0 -771.4817400000001 6744.7986 1016.2448 1.1387572000000001 -0.99890016 7.4680330999999995
60859 40920.0 -227.92732999999998 5619.6643 3931.1227000000003 1.4024477 -4.2608143 6.1592906
60859 41340.0 364.32677 3294.6031000000003 6004.527700000001 1.3665681 -6.6090536 3.5348425000000003
60859 41760.0 878.93352 267.02904 6794.3374 1.0394543 -7.5461121 0.15789888
60859 42180.0 1206.1887 -2817.3744 6132.093 0.49047839 -6.8745472 -3.2547327
60859 42600.0 1276.1743999999999 -5301.4029 4157.8617 -0.16448500000000002 -4.7315038000000005 -5.9763684999999995
60859 43020.0 1073.1287 -6650.219900000001 1292.6733000000002 -0.7854051500000001 -1.5722237000000001 -7.4205264
60859 43440.0 640.18376 -6574.5581 -1850.3731 -1.2386095000000001 1.9256774 -7.272692
60859 43860.0 69.986725 -5088.8943 -4595.1134 -1.4268262 5.0079139999999995 -5.5685446
60859 44280.0 -515.11198 -2510.9173 -6349.9406 -1.3103632 7.0279774 -2.6648049
60859 44700.0 -990.5706 603.6928100000001 -6747.2079 -0.9123368500000001 7.532257899999999 0.8076295
60859 45120.0 -1255.6265 3593.9934 -5703.3342 -0.31656588 6.4097162 4.1102137
60859 45540.0 -1249.7647 5805.851000000001 -3428.5485 0.34460242 3.9285759 6.5264129
60859 45960.0 -976.3875400000001 6774.633900000001 -418.16611 0.93361555 0.59971164 7.5469684
60859 46380.0 -493.72659000000004 6291.2569 2682.1001 1.3227881 -2.8593051000000003 6.945970099999999
60859 46800.0 94.77430199999999 4458.0291 5204.718 1.4288005000000001 -5.7025873 4.8577777
60859 47220.0 662.84051 1665.3291000000002 6603.9727 1.2303274 -7.3335224 1.7287837
60859 47640.0 1089.8162 -1482.4633000000001 6593.22 0.76645429 -7.3829455 -1.7747035000000002
60859 48060.0 1283.465 -4313.0871 5166.8469000000005 0.13890512000000002 -5.8505727 -4.89318
60859 48480.0 1202.3243 -6220.3856 2631.2127 -0.5181471400000001 -3.0666569 -6.9602405
60859 48900.0 863.96463 -6797.1857 -469.00953000000004 -1.0635355 0.36875303000000004 -7.532849100000001
60859 49320.0 341.18027 -5923.356400000001 -3469.1212 -1.3805973 3.7148204000000002 -6.4944889
60859 49740.0 -254.24263000000002 -3789.7679 -5730.0755 -1.4034358 6.2594943999999995 -4.0783138
60859 50160.0 -795.84794 -853.08326 -6773.8914 -1.1292235000000002 7.4723434 -0.80319471
60859 50580.0 -1169.0811 2264.0573 -6380.5932 -0.61585046 7.1034459 2.6433717000000003
60859 51000.0 -1294.4437 4900.8347 -4631.0723 0.030204196 5.2239936 5.538903100000001
60859 51420.0 -1144.0942 6493.3888 -1892.7885 0.67315665 2.2192754 7.263506400000001
60859 51840.0 -748.93352 6695.9579 1251.1333 1.1744676 -1.2742186 7.4334866
60859 52260.0 -193.01339000000002 5460.786099999999 4125.5001 1.4243298 -4.5002376 6.002539
60859 52680.0 404.33765000000005 3052.4064 6111.1517 1.3682041 -6.757983100000001 3.2802930000000003
60859 53100.0 914.91949 -10.122053 6783.0369 1.0190309 -7.5623689999999995 -0.14061751
60859 53520.0 1229.5983999999999 -3070.9755 5998.1925 0.45220351000000003 -6.7480286 -3.5285039
60859 53940.0 1281.1598000000001 -5474.8268 3926.1425 -0.2110815 -4.490528100000001 -6.1578506
60859 54360.0 1058.7139 -6707.8268 1011.9909 -0.8287506 -1.2746952000000003 -7.4653395
60859 54780.0 610.12897 -6508.1854 -2119.1387999999997 -1.2683129 2.2061786000000003 -7.1733319
60859 55200.0 31.560752 -4922.4693 -4798.1727 -1.4367463 5.2060242 -5.3533789
60859 55620.0 -553.76363 -2292.0208 -6456.5401 -1.3002684999999998 7.093001800000001 -2.4019335
60859 56040.0 -1021.8939 823.73245 -6744.3822 -0.88869038 7.4764788 1.0563921
60859 56460.0 -1273.5382 3764.7229 -5599.701400000001 -0.28757405 6.2744722 4.2978206000000005
60859 56880.0 -1254.3988000000002 5904.9757 -3261.4475 0.37772841 3.7291583 6.6358425
60859 57300.0 -967.22238 6782.9579 -225.04148 0.96534071 0.37302141 7.5600219
60859 57720.0 -472.53214 6205.6251 2859.5577000000003 1.3473117000000001 -3.0728384 6.8588008
60859 58140.0 123.69146 4294.8871 5328.0048 1.4398606 -5.8589728 4.680297899999999
60859 58560.0 693.3766400000001 1462.1535000000001 6649.8012 1.2233892000000002 -7.3838206 1.4988284
60859 58980.0 1114.27 -1683.6227 6541.6187 0.7449937700000001 -7.3257185 -2.0025107
60859 59400.0 1296.6331 -4469.5712 5028.621700000001 0.10757068 -5.698761800000001 -5.0705258
60859 59820.0 1201.3671000000002 -6298.4282 2435.8487000000005 -0.5528862299999999 -2.8514957 -7.0500434
60859 60240.0 848.98807 -6779.259599999999 -679.89612 -1.0943333 0.60239744 -7.515444400000001
60859 60660.0 315.29052 -5812.1946 -3650.2561 -1.4008533 3.9171804000000003 -6.372760599999999
60859 61080.0 -285.61513 -3607.9757999999997 -5842.252 -1.4087778000000002 6.387203700000001 -3.8775496
60859 61500.0 -826.03319 -638.5916500000001 -6792.3566 -1.1182978000000001 7.497343700000001 -0.56581992
60859 61920.0 -1191.5918000000001 2465.9598 -6300.5667 -0.59089694 7.0194333 2.866345
60859 62340.0 -1304.4291 5047.2036 -4469.1088 0.063783301 5.0483643 5.6987608000000005
60859 62760.0 -1139.4337 6553.1158 -1683.4355 0.70796292 1.9901451 7.3248579000000005
60859 63180.0 -730.75242 6656.9903 1462.7925 1.2028642 -1.5062118 7.383021800000001
60859 63600.0 -165.33507 5332.7933 4294.2047 1.4403804 -4.6844328 5.852483599999999
60859 64020.0 435.57695 2864.1379 6201.5792 1.3688334 -6.855823900000001 3.0643993999999997
60859 64440.0 942.99574 -216.36631 6777.2098 1.0041277 -7.5546669 -0.37709639
60859 64860.0 1248.6632 -3252.1052999999997 5897.387 0.42489299999999997 -6.637946299999999 -3.7362768
60859 65280.0 1287.0377 -5591.705400000001 3751.675 -0.24551283000000002 -4.2997602 -6.2946219
60859 65700.0 1049.8471000000002 -6734.0887 800.47222 -0.8632559 -1.0414951000000001 -7.5015256
60859 66120.0 588.0776999999999 -6436.067 -2322.6578 -1.295409 2.432998 -7.0992914
60859 66540.0 0.79412174 -4765.157099999999 -4949.4843 -1.4503149000000002 5.3773595 -5.1829792
60859 66960.0 -586.7418700000001 -2081.4371 -6522.0016 -1.2969865 7.1703571 -2.1710248
60859 67380.0 -1049.9863 1043.459 -6708.820900000001 -0.8691471000000001 7.441654499999999 1.2975081
60859 67800.0 -1290.7233 3947.0348 -5470.1525 -0.2561764 6.1343882999999995 4.4957532
60859 68220.0 -1257.1244 6011.4112000000005 -3065.8844 0.41385872 3.5149936 6.7464681
60859 68640.0 -955.19475 6792.138900000001 -5.9713952 0.99816153 0.13300801 7.5596323000000005
60859 69060.0 -448.67031000000003 6117.8975 3055.093 1.3698755 -3.2858019 6.7496446
60859 69480.0 154.077 4131.4585 5459.094400000001 1.4478865 -6.0003156 4.4883222
60859 69900.0 723.8142700000001 1259.372 6689.7567 1.2157298 -7.426465500000001 1.2656952000000001
60859 70320.0 1138.3373000000001 -1881.876 6482.906900000001 0.72227787 -7.2611967 -2.2342158
60859 70740.0 1310.5482 -4623.17 4891.7658 0.074143467 -5.5316049000000005 -5.2445009
60859 71160.0 1201.2939 -6371.6185000000005 2247.2524 -0.58878071 -2.6267279 -7.1303092
60859 71580.0 834.8045500000001 -6756.1017 -880.0136200000001 -1.1259907 0.83840887 -7.4900228
60859 72000.0 289.63663 -5694.6377999999995 -3818.4154 -1.4226904999999999 4.123266 -6.2472004
60859 72420.0 -317.39614 -3417.3652 -5939.5701 -1.4154189 6.5230454 -3.6703593000000003
60859 72840.0 -856.8137700000001 -411.67328000000003 -6791.548900000001 -1.1066627 7.5299118 -0.31323363
60859 73260.0 -1213.7423000000001 2681.6378 -6193.0656 -0.56203289 6.9326304 3.1119843
60859 73680.0 -1311.7211000000002 5202.4242 -4270.0329 0.10391974000000001 4.8536766 5.878944499999999
60859 74100.0 -1130.6042 6615.912200000001 -1436.3641000000002 0.7482564 1.7308901 7.383565300000001
60859 74520.0 -706.88391 6611.5294 1708.1628 1.2326849 -1.7575159000000002 7.310200300000001
60859 74940.0 -131.85951 5191.363 4485.2858 1.4543427999999998 -4.8709714 5.6745886
60859 75360.0 471.16956 2665.3339 6303.6606 1.3651155000000001 -6.938612 2.8276694000000004
60859 75780.0 973.89138 -428.43941 6776.0429 0.9854005 -7.5264244 -0.61887975
60859 76200.0 1269.2643 -3430.9148999999998 5802.0482 0.39546047 -6.5114027 -3.9356731000000003
60859 76620.0 1293.8600000000001 -5701.149200000001 3587.4522 -0.28044807 -4.1035411999999996 -6.4185301
60859 77040.0 1043.22 -6759.389099999999 606.98711 -0.8968635100000001 -0.8112815000000001 -7.5215456000000005
60859 77460.0 568.52511 -6365.6107 -2503.771 -1.3220565 2.6505025 -7.0202409
60859 77880.0 -27.537289 -4612.666700000001 -5078.254599999999 -1.4646846 5.544438 -5.016098100000001
60859 78300.0 -617.74747 -1875.5619 -6566.513 -1.294819 7.2523573 -1.9422726000000001
60859 78720.0 -1076.2901000000002 1261.3158 -6651.3646 -0.8490184900000001 7.413856200000001 1.545947
60859 79140.0 -1305.2049 4128.7952000000005 -5313.485900000001 -0.22126062999999999 5.9930073 4.7089933
60859 79560.0 -1255.695 6114.6291 -2839.9732000000004 0.45525119999999997 3.2850647 6.866792
60859 79980.0 -936.86904 6789.7711 245.02052 1.0353830000000002 -0.12927464 7.5552243
60859 80400.0 -417.29794 6010.224700000001 3277.5066 1.3935826 -3.514986 6.6208172
60859 80820.0 191.83662 3938.9789 5602.7587 1.4545277 -6.1487259000000005 4.272767
60859 81240.0 760.3130699999999 1022.4816999999999 6726.2436 1.2032987000000002 -7.468622000000001 0.99907551
60859 81660.0 1166.5768 -2110.3311000000003 6412.7844000000005 0.69198884 -7.1741848 -2.4907169
60859 82080.0 1322.5323 -4790.541 4719.5796 0.033980077000000004 -5.347266800000001 -5.4387558
60859 82500.0 1195.7008 -6445.2915 2015.7908 -0.63094354 -2.3774709 -7.2187546000000005
60859 82920.0 812.13337 -6717.393 -1123.2362 -1.1622588 1.1054605 -7.455585600000001
60859 83340.0 254.56791 -5550.37 -4020.9942 -1.4442931 4.3481223 -6.0926755
60859 83760.0 -358.15346999999997 -3188.1138 -6053.055 -1.4183833 6.6658116000000005 -3.4249140000000002
60859 84180.0 -894.11862 -144.33046 -6786.2012 -1.0874400000000002 7.551931300000001 -0.016453346
60859 84600.0 -1238.9285 2928.7681000000002 -6066.1718 -0.52238343 6.8116819 3.3951507000000003
60859 85020.0 -1318.5293000000001 5374.1606 -4044.8309 0.15353697 4.6144172 6.0719328
60859 85440.0 -1115.0668 6666.5892 -1152.0418 0.79777546 1.4270651 7.4514112
60859 85860.0 -672.52034 6529.7559 1988.4531000000002 1.2709993 -2.0659989999999997 7.229533099999999
60859 86280.0 -86.089726 4995.4003 4701.7743 1.4712868000000001 -5.1083198 5.4586771
60860 300.0 518.93928 2393.9293 6409.487099999999 1.357537 -7.0528708 2.5275678
60860 720.0 1013.5903000000001 -717.0865699999999 6749.8541 0.95537136 -7.493098 -0.9354165900000001
60860 1140.0 1292.807 -3675.7009 5651.7921 0.35004704 -6.3402308000000005 -4.1991111000000005
60860 1560.0 1296.9267 -5852.059200000001 3348.047 -0.33108804 -3.8341752000000002 -6.5725506
60860 1980.0 1024.1784 -6779.3235 327.42897999999997 -0.9435094800000001 -0.50170786 -7.5454102999999995
60860 2400.0 532.6156800000001 -6257.5513 -2762.672 -1.3545983000000001 2.9409677000000003 -6.900504700000001
60860 2820.0 -72.820914 -4397.853099999999 -5260.5205000000005 -1.4759251 5.7530399 -4.7772262
60860 3240.0 -662.72001 -1598.7164 -6631.801 -1.2820703000000002 7.3335133 -1.6341422
60860 3660.0 -1111.1967 1541.6000000000001 -6584.0431 -0.8146740600000001 7.3484657 1.8576097
60860 4080.0 -1322.4681 4353.0563 -5126.7675 -0.17259453 5.7930243 4.9557731
60860 4500.0 -1250.8889 6232.966 -2570.494 0.50760095 2.9945973 6.9959343
60860 4920.0 -911.35547 6777.7232 537.9434 1.0797059999999998 -0.44770276000000003 7.535275400000001
60860 5340.0 -376.59637 5871.097 3531.2637000000004 1.4200728999999999 -3.7898612 6.4571288000000004
60860 5760.0 239.06686 3706.0047000000004 5766.835400000001 1.4570607 -6.3174573 4.001219
60860 6180.0 803.68942 752.78144 6771.2087 1.1829435000000001 -7.4899209 0.6957776800000001
60860 6600.0 1197.3117 -2360.7512 6330.8837 0.65749289 -7.0677636 -2.7544047000000003
60860 7020.0 1336.1453000000001 -4971.8255 4539.8098 -0.0085613537 -5.1398769 -5.6202712
60860 7440.0 1190.1573999999998 -6522.9038 1778.5044 -0.6742238300000001 -2.1107408 -7.2896579
60860 7860.0 789.9675400000001 -6681.3022 -1364.4045 -1.1960039 1.3686084 -7.399504100000001
60860 8280.0 220.1743 -5405.272 -4213.6809 -1.4641514 4.5621929 -5.9306944
60860 8700.0 -396.31253000000004 -2971.9912000000004 -6155.0703 -1.4195553 6.7892416 -3.1830792999999997
60860 9120.0 -928.5638299999999 94.563548 -6782.960900000001 -1.0686894 7.5498589 0.25122539
60860 9540.0 -1262.3323 3142.9989 -5954.865 -0.48746181000000005 6.6873403 3.63581
60860 9960.0 -1326.2115000000001 5517.8072 -3851.9408 0.19615826000000003 4.393839600000001 6.2264870000000005
60860 10380.0 -1105.0789 6706.7051 -918.9237800000001 0.83859768 1.1628553 7.4902567
60860 10800.0 -647.1572600000001 6459.0255 2212.1874 1.3022334000000002 -2.3210468 7.1469705
60860 11220.0 -50.620824 4827.8258 4868.2398 1.4866188 -5.3041579 5.2705333
60860 11640.0 556.7955000000001 2163.7689 6480.5464 1.3532395 -7.1484856 2.2699228
60860 12060.0 1045.4453 -961.8672 6706.8252999999995 0.93146408 -7.4650506 -1.2115118
60860 12480.0 1311.2005 -3882.3917 5499.2254 0.31098089 -6.1894155 -4.4346218
60860 12900.0 1297.1557 -5974.234 3114.9222999999997 -0.37683288 -3.5898143 -6.7126697
60860 13320.0 1005.8972 -6789.147599999999 63.17175 -0.9849197799999999 -0.21978163 -7.5541639
60860 13740.0 499.20556 -6149.457 -3001.4544 -1.3829247 3.1974476 -6.7793437999999995
60860 14160.0 -114.87943 -4189.8004 -5421.808 -1.4860845999999999 5.9330392000000005 -4.5553372
60860 14580.0 -704.12726 -1333.0274 -6676.3665 -1.2707469 7.404734700000001 -1.3442478000000002
60860 15000.0 -1143.0061 1806.4998 -6503.5037 -0.7809202000000001 7.2777958 2.1587292000000002
60860 15420.0 -1337.9786000000001 4559.611599999999 -4940.2228 -0.12415372000000001 5.586094500000001 5.1893696
60860 15840.0 -1246.7826000000002 6342.2199 -2312.3012000000003 0.5599455600000001 2.6922040000000003 7.1051431
60860 16260.0 -886.84537 6754.5775 812.06777 1.1232197000000002 -0.76623545 7.5020077
60860 16680.0 -337.12284999999997 5721.1563 3762.1358 1.4467845 -4.0653139000000005 6.2888333
60860 17100.0 284.77179 3462.7296 5904.5466 1.4605901 -6.4926063 3.7267672
60860 17520.0 845.75277 463.42762 6780.370400000001 1.1621102 -7.5293709 0.36802281
60860 17940.0 1226.1651000000002 -2636.2224 6202.995900000001 0.61463208 -6.9540078 -3.0714822
60860 18360.0 1343.9155 -5169.9325 4294.3618 -0.06445415900000001 -4.890975999999999 -5.8529561
60860 18780.0 1173.8587 -6596.4737000000005 1463.5307 -0.73062704 -1.7778473 -7.3806891
60860 19200.0 752.30241 -6609.8415 -1681.8346999999999 -1.2399978 1.714518 -7.323007700000001
60860 19620.0 169.92058 -5210.0227 -4466.6257000000005 -1.4831016 4.831037 -5.6971189
60860 20040.0 -448.82535 -2698.7943 -6296.9645 -1.4099048 6.9088291 -2.8621748
60860 20460.0 -972.23477 386.00736 -6785.8956 -1.037521 7.5149613 0.5754721899999999
60860 20880.0 -1289.2622 3388.843 -5830.6485999999995 -0.44466291 6.5253554000000005 3.8917561000000003
60860 21300.0 -1332.1587 5670.973400000001 -3632.6393 0.24448572 4.1435283 6.3860561
60860 21720.0 -1090.7123000000001 6742.4894 -657.45125 0.8838318900000001 0.86829166 7.521808200000001
60860 22140.0 -616.0992600000001 6372.2833 2458.4013 1.3350785 -2.5995256 7.0441329
60860 22560.0 -9.5573117 4637.5115000000005 5046.420099999999 1.5005047 -5.5102779 5.0544481999999995
60860 22980.0 599.05944 1910.4443 6551.8472 1.3449336 -7.2390391 1.9839085
60860 23400.0 1079.7027 -1224.8913 6653.5479000000005 0.90217306 -7.4197316 -1.5089507000000002
60860 23820.0 1329.6683 -4098.4179 5329.8718 0.26633275 -6.014711 -4.6802374
60860 24240.0 1295.2593000000002 -6095.3832 2863.259 -0.42735075 -3.3207735 -6.851433
60860 24660.0 983.55675 -6787.4022 -218.01867000000001 -1.0298273 0.08528149600000001 -7.5528944000000005
60860 25080.0 461.37120000000004 -6026.9232 -3252.5875 -1.4112954 3.4675908 -6.634903100000001
60860 25500.0 -159.47002 -3979.2416000000003 -5591.491400000001 -1.4909454000000002 6.1013218 -4.3019246
60860 25920.0 -746.37733 -1085.1604 -6737.7768 -1.2533468 7.4300126 -1.0587854
60860 26340.0 -1174.8055 2039.44 -6449.5537 -0.74986335 7.1799651 2.4066051
60860 26760.0 -1353.6465 4730.6615 -4787.675 -0.086022481 5.4024082 5.364765500000001
60860 27180.0 -1244.205 6414.4049 -2103.5545 0.59826809 2.4664315 7.184401
60860 27600.0 -868.99685 6727.6408 1030.5461 1.1562654 -1.0037813 7.468056
60860 28020.0 -307.81435999999997 5601.309 3943.5517999999997 1.4673157000000001 -4.2619517 6.149812799999999
60860 28440.0 319.26322 3276.6254 6010.701900000001 1.4643696 -6.6058876 3.5144086000000003
60860 28860.0 878.15914 251.69325 6790.000900000001 1.1486363 -7.5364092000000005 0.12906154
60860 29280.0 1249.5412 -2827.0933999999997 6115.2746 0.58738723 -6.8568172999999994 -3.2844195
60860 29700.0 1353.7906 -5301.219400000001 4130.0178 -0.10028409 -4.7095859 -5.9980396
60860 30120.0 1168.2178999999999 -6640.447 1258.2233999999999 -0.7673598899999999 -1.5510038 -7.427223
60860 30540.0 732.41111 -6557.4340999999995 -1883.9376000000002 -1.2699137 1.9383986 -7.261501
60860 30960.0 140.02427 -5072.7092 -4622.41 -1.4998916 5.0053513 -5.5401878
60860 31380.0 -482.33396000000005 -2505.5414 -6372.5328 -1.4100253 6.9965052 -2.6437747
60860 31800.0 -1002.2023 594.34664 -6764.5830000000005 -1.0207893000000001 7.4977171 0.81034272
60860 32220.0 -1309.164 3567.9168 -5715.8035 -0.41427416 6.4054169000000005 4.0942404
60860 32640.0 -1337.4746 5781.8449 -3447.4241 0.28226136 3.9445810000000003 6.512263700000001
60860 33060.0 -1079.9227 6759.271900000001 -441.10739 0.92072648 0.63386619 7.5436728
60860 33480.0 -591.42284 6291.7302 2660.3113 1.3630496 -2.8199549000000004 6.954648000000001
60860 33900.0 23.819174 4476.2433 5190.4089 1.5131649 -5.6668884 4.873247500000001
60860 34320.0 633.9553199999999 1703.637 6607.4449 1.3397069 -7.2970223 1.7524366
60860 34740.0 1108.8299 -1433.0888 6610.0616 0.8805538900000001 -7.368353 -1.7397802
60860 35160.0 1347.0685 -4263.9627 5198.277 0.23319202000000003 -5.8666897 -4.8609198
60860 35580.0 1297.5473000000002 -6183.9277 2673.1875 -0.46486554 -3.1089986 -6.944298
60860 36000.0 970.53849 -6781.4830999999995 -425.09524 -1.0639285 0.31533064000000005 -7.539779
60860 36420.0 436.09697 -5929.542 -3432.1007999999997 -1.4349797000000002 3.6681104 -6.5194498
60860 36840.0 -191.54822000000001 -3811.8541 -5705.2207 -1.4994304 6.2309899 -4.1093667
60860 37260.0 -778.4712099999999 -882.95421 -6761.1652 -1.2448785 7.4632744 -0.82835394
60860 37680.0 -1199.9442 2233.6248 -6376.1936 -0.72569179 7.1087439 2.6289241000000003
60860 38100.0 -1366.0747 4874.6946 -4630.8925 -0.050692835000000006 5.2385752000000005 5.5323346
60860 38520.0 -1240.7731 6474.691 -1896.2238 0.6369447300000001 2.2447705 7.2588003
60860 38940.0 -849.99522 6690.1855000000005 1246.1228999999998 1.190074 -1.2380316 7.4311065
60860 39360.0 -277.08925 5472.3604000000005 4120.8576 1.4882161 -4.4551042 6.0074971999999995
60860 39780.0 355.07742 3083.9238 6111.5315 1.4676132 -6.7130041 3.2992899
60860 40200.0 911.51498 36.394307999999995 6793.5977 1.1340150000000002 -7.5350742 -0.10960676
60860 40620.0 1273.5505 -3018.9235 6022.8449 0.55861646 -6.749703800000001 -3.4939564
60860 41040.0 1363.8120000000001 -5429.9318 3963.4734 -0.13680278 -4.5218417 -6.1344019
60860 41460.0 1162.6148 -6680.4241 1054.8912 -0.80394137 -1.3239044 -7.4632615
60860 41880.0 712.73847 -6502.2311 -2080.1644 -1.2993332 2.1585766 -7.1912672
60860 42300.0 109.78946 -4928.7788 -4768.5313 -1.517336 5.178129 -5.3822638
60860 42720.0 -516.40149 -2305.803 -6437.6607 -1.4103162 7.0839325 -2.4224466000000002
60860 43140.0 -1032.5643 808.68528 -6731.0696 -1.0030364 7.4777486 1.0503164
60860 43560.0 -1328.7738000000002 3750.8452 -5586.7272 -0.3817628 6.2780106 4.3003535
60860 43980.0 -1341.5586 5892.8245 -3247.6174 0.32228751 3.735183 6.6359715
60860 44400.0 -1067.5133999999998 6774.8554 -212.28679000000002 0.95870255 0.38879664 7.552755100000001
60860 44820.0 -565.13513 6207.5971 2868.3861 1.3900012 -3.0409621000000002 6.8490289
60860 45240.0 58.323101 4311.7092999999995 5334.4187 1.5239141 -5.8162469 4.6803992
60860 45660.0 669.24617 1496.6555 6659.4735 1.3324627 -7.3448294 1.5154876
60860 46080.0 1137.6216000000002 -1637.2636000000002 6562.2598 0.85744419 -7.307851800000001 -1.9699712
60860 46500.0 1363.6386000000002 -4422.2614 5063.4094000000005 0.19911066 -5.7128818 -5.038317
60860 46920.0 1298.6705 -6263.6777 2481.1144 -0.50324967 -2.8935887 -7.0339051
60860 47340.0 955.9631800000001 -6765.3158 -632.92591 -1.0989815 0.54884682 -7.5235619
60860 47760.0 408.7687 -5819.3675 -3610.6485000000002 -1.4594783 3.8726783 -6.3999531
60860 48180.0 -225.93670000000003 -3629.3648 -5815.370900000001 -1.5077603 6.3637172 -3.9086194
60860 48600.0 -812.48031 -665.4626999999999 -6776.7754 -1.2346678 7.4936306 -0.58689063
60860 49020.0 -1225.9894 2440.2138 -6290.7967 -0.69862896 7.0268713 2.8592939000000004
60860 49440.0 -1378.1553999999999 5025.532200000001 -4460.3078 -0.012604915999999999 5.0599681 5.69942
60860 49860.0 -1235.7323999999999 6536.6997 -1673.6481 0.6778539600000001 2.006126 7.3248527
60860 50280.0 -828.97275 6649.1102 1471.5463 1.2237914 -1.4807000000000001 7.3784396
60860 50700.0 -244.72695000000002 5337.1777999999995 4300.1573 1.5075039 -4.6444301999999995 5.8536101
60860 51120.0 392.32567 2880.4421 6206.4979 1.4695493 -6.8202796 3.072973
60860 51540.0 945.55591 -188.9195 6786.696 1.1170590999999999 -7.529533499999999 -0.35951141000000003
60860 51960.0 1297.1313 -3218.0153999999998 5915.6668 0.52671494 -6.6327624 -3.7126593
60860 52380.0 1372.0493999999999 -5560.6930999999995 3779.5815000000002 -0.17657579 -4.3197258000000005 -6.2743073
60860 52800.0 1154.0078999999998 -6716.032 834.3621700000001 -0.8428981400000001 -1.0813924 -7.4947859
60860 53220.0 689.4014000000001 -6436.445900000001 -2289.6675 -1.329013 2.3868207000000004 -7.1103192
60860 53640.0 77.53737600000001 -4782.5239 -4923.9965 -1.5310816 5.3410675 -5.2065773
60860 54060.0 -550.80363 -2110.4756 -6507.041700000001 -1.4068348000000002 7.1518062 -2.1956196
60860 54480.0 -1062.0605 1010.423 -6702.705900000001 -0.9835968800000001 7.4404559 1.2810154
60860 54900.0 -1347.3888000000002 3916.2025 -5468.732400000001 -0.35017844000000004 6.145038700000001 4.4896004000000005
60860 55320.0 -1345.5058999999999 5987.1095000000005 -3065.9698 0.35998532 3.5327055 6.7458056
60860 55740.0 -1056.0815 6778.000400000001 -6.9490775000000005 0.9943178 0.16038518 7.5586205
60860 56160.0 -540.40534 6117.2420999999995 3053.9752000000003 1.4164959 -3.2496992000000002 6.750450300000001
60860 56580.0 90.86084 4147.7565 5459.647900000001 1.5350749000000001 -5.9589885 4.4969864
60860 57000.0 702.79988 1292.0532 6696.5070000000005 1.3260324 -7.3918681 1.2866691000000001
60860 57420.0 1164.9208999999998 -1839.1616999999999 6502.0523 0.8346117900000001 -7.247946600000001 -2.1957069000000002
60860 57840.0 1378.6957 -4578.1788 4917.756200000001 0.1647244 -5.557659 -5.2118368
60860 58260.0 1298.1235 -6339.615400000001 2280.6405 -0.54160772 -2.6763218 -7.116756400000001
60860 58680.0 939.97519 -6745.145 -845.36924 -1.1328034 0.7805172300000001 -7.4970248
60860 59100.0 380.42698 -5703.2555 -3787.4222999999997 -1.4823366000000002 4.0671375 -6.277585
60860 59520.0 -260.1778 -3438.5256 -5911.4286 -1.51728 6.4947704 -3.7168256000000004
60860 59940.0 -846.74396 -440.10187 -6781.4076 -1.224542 7.520755 -0.34978717000000004
60860 60360.0 -1252.1718999999998 2652.3540000000003 -6196.6918 -0.6711545800000001 6.937708400000001 3.0821934
60860 60780.0 -1390.4286000000002 5179.0196 -4285.9844 0.024615446 4.8759168 5.8501848
60860 61200.0 -1232.3048000000001 6601.8099 -1459.077 0.71457709 1.7767489 7.3659989
60860 61620.0 -811.75859 6618.7807999999995 1679.5203999999999 1.251567 -1.6962201000000001 7.3081886
60860 62040.0 -218.61597 5228.8236 4460.4306 1.5216971000000001 -4.8015159999999995 5.6946661
60860 62460.0 420.93417 2729.8016000000002 6292.9166 1.4688064 -6.8833404 2.874062
60860 62880.0 971.29181 -347.54811 6788.5092 1.1045281 -7.5063331 -0.55777987
60860 63300.0 1315.4666000000002 -3350.759 5839.6155 0.50429987 -6.53512 -3.8812341999999997
60860 63720.0 1379.2428 -5639.4641 3642.8397000000004 -0.20685529 -4.161925 -6.390320300000001
60860 64140.0 1147.5001000000002 -6719.206099999999 664.0567 -0.87703093 -0.88328448 -7.5354853
60860 64560.0 668.94719 -6353.419400000001 -2457.7874 -1.3600887000000002 2.5937305999999998 -7.056927
60860 64980.0 46.350026 -4619.653 -5049.0868 -1.5502669 5.5098997 -5.0566372
60860 65400.0 -586.1839200000001 -1893.7673 -6552.832 -1.4074229 7.2350138 -1.9757741000000002
60860 65820.0 -1093.3913 1238.327 -6650.0723 -0.96414914 7.408407599999999 1.5194367
60860 66240.0 -1367.1742 4106.2901 -5323.325 -0.31605016 6.0007693 4.6824926
60860 66660.0 -1349.4385 6098.7309000000005 -2858.2627 0.39888011 3.3151635 6.8419129000000005
60860 67080.0 -1044.1761999999999 6791.8009 217.59857000000002 1.0282275 -0.073975148 7.538351899999999
60860 67500.0 -516.72486 6039.733700000001 3247.1826 1.4378499 -3.4412836 6.6268145999999994
60860 67920.0 120.48907000000001 4005.1183 5585.6925 1.5416277 -6.071302 4.3079351
60860 68340.0 732.18751 1121.5814 6737.1844 1.3186342 -7.4120517 1.0759916
60860 68760.0 1188.6214 -1999.525 6456.4728 0.81529759 -7.1815913 -2.3903649999999996
60860 69180.0 1392.2118 -4694.9351 4799.1387 0.13593359000000002 -5.4189644 -5.3608134000000005
60860 69600.0 1298.1486000000002 -6386.1588 2113.5553 -0.57618233 -2.4856791 -7.1952176
60860 70020.0 925.2761899999999 -6705.6323 -1026.867 -1.1671072999999998 0.99369008 -7.4845131
60860 70440.0 353.17828000000003 -5581.3398 -3945.5403 -1.5071442 4.2613717 -6.1585306
60860 70860.0 -294.93440000000004 -3256.3577999999998 -6013.3640000000005 -1.5226856 6.6062591 -3.5092884
60860 71280.0 -879.94647 -232.18404999999998 -6788.1646 -1.2121600000000001 7.5292271 -0.11501503
60860 71700.0 -1276.8406000000002 2841.5153 -6107.835 -0.64363924 6.8415849 3.2945151999999998
60860 72120.0 -1401.3326000000002 5309.1022 -4120.6911 0.061472997 4.6957946 5.9953004000000005
60860 72540.0 -1227.1121 6645.0612 -1252.6666 0.75298851 1.5508655000000002 7.4131152
60860 72960.0 -791.55283 6565.9262 1882.9732 1.2833537 -1.9196889000000001 7.2473181
60860 73380.0 -187.67804 5091.0511 4617.5695000000005 1.5400863 -4.9751052 5.5390098
60860 73800.0 456.04259 2536.2784 6370.2714000000005 1.4699214 -6.9704751 2.6566028000000004
60860 74220.0 1003.1218000000001 -555.8875300000001 6769.4344 1.0880535 -7.488411500000001 -0.79127078
60860 74640.0 1337.1939 -3529.6572 5727.799 0.47349957000000004 -6.4152322999999996 -4.0813457
60860 75060.0 1386.0911 -5750.5273 3461.7015 -0.24555233 -3.9647177 -6.5138265
60860 75480.0 1137.8873 -6738.3521 452.3269 -0.9152528600000001 -0.65087804 -7.5547135
60860 75900.0 644.87543 -6276.4340999999995 -2654.4464 -1.3894146 2.8105549 -6.9672766
60860 76320.0 13.013739 -4463.3286 -5188.3246 -1.5642558 5.6639509 -4.8780307
60860 76740.0 -621.62235 -1692.1998 -6605.4267 -1.4031213 7.293138 -1.7474817
60860 77160.0 -1123.3353 1441.828 -6604.969700000001 -0.9427688000000001 7.3595060000000005 1.7481082
60860 77580.0 -1385.3038999999999 4268.3538 -5190.6596 -0.28218277 5.855992100000001 4.8633204
60860 78000.0 -1351.9355 6184.9686 -2666.6240000000003 0.43811755 3.1053824 6.9368765
60860 78420.0 -1030.5182 6783.9267 427.22095 1.0645319 -0.30422792 7.527507
60860 78840.0 -489.80075 5939.4247000000005 3430.0652999999998 1.4635748000000002 -3.6432438000000005 6.5126245
60860 79260.0 154.98460999999998 3833.5945 5702.8213 1.5512966 -6.2024266 4.1146313
60860 79680.0 766.92642 915.03149 6763.3865000000005 1.3100806 -7.4446605 0.84401128
60860 80100.0 1216.1588000000002 -2197.3671 6385.590200000001 0.79013608 -7.1080894 -2.6123848
60860 80520.0 1406.547 -4841.789 4645.5416 0.099312377 -5.2536148 -5.525375200000001
60860 80940.0 1296.0693 -6450.095 1909.7374 -0.61635762 -2.2631927000000003 -7.2656245
60860 81360.0 907.1343 -6672.4807 -1237.2326 -1.2019782 1.2248767 -7.444590000000001
60860 81780.0 322.88919 -5458.2701 -4117.0613 -1.5290507 4.4503680999999995 -6.0170337
60860 82200.0 -330.81502 -3070.1808 -6109.204900000001 -1.5270435 6.7124117 -3.297788
60860 82620.0 -913.7243000000001 -23.04511 -6788.0106 -1.1982307 7.530911000000001 0.12084706
60860 83040.0 -1301.3788000000002 3029.0172000000002 -6012.281400000001 -0.61436942 6.738770000000001 3.5047213000000004
60860 83460.0 -1411.3983 5434.973 -3950.2276 0.099884129 4.5104325 6.1353618
60860 83880.0 -1220.5301000000002 6682.422500000001 -1043.6786 0.79240742 1.3224054 7.4531398
60860 84300.0 -769.70739 6506.794 2085.8602 1.3152979 -2.1423956 7.1788455
60860 84720.0 -155.2199 4948.018400000001 4771.134400000001 1.5577675 -5.1446821 5.3769135
60860 85140.0 492.21856 2339.7271 6441.870400000001 1.4696223 -7.0512081 2.4354014999999998
60860 85560.0 1035.3289 -764.3314399999999 6743.7399000000005 1.069776 -7.4632367 -1.0250967
60860 85980.0 1358.5388 -3705.7018 5609.9337000000005 0.44096318 -6.288745700000001 -4.278469100000001
60861 0.0 1391.9161000000001 -5856.3102 3276.3879 -0.28549032 -3.7629376000000003 -6.6316326
60861 420.0 1126.8828999999998 -6750.8901 239.17065 -0.9539434800000001 -0.41684702 -7.5667838000000005
60861 840.0 619.39562 -6192.843400000001 -2849.4734 -1.4183681 3.0257305000000003 -6.8704678999999995
60861 1260.0 -21.430364 -4301.7435000000005 -5323.1990000000005 -1.5772321 5.813378800000001 -4.6938089000000005
60861 1680.0 -657.69541 -1487.599 -6651.910400000001 -1.3974024999999999 7.3446708 -1.5159884
60861 2100.0 -1153.2739 1645.415 -6553.0779 -0.91980037 7.3033302 1.9766385
60861 2520.0 -1402.7806 4427.5616 -5051.977 -0.24688849 5.7047286 5.0406785
60861 2940.0 -1353.2823 6266.0371 -2471.0017000000003 0.47825389 2.8912536 7.0257988
60861 3360.0 -1015.475 6769.679400000001 637.94435 1.1010345 -0.53571617 7.5092413
60861 3780.0 -461.57062 5832.9498 3610.9373 1.4887247000000001 -3.8429836 6.3913062
60861 4200.0 190.41126000000003 3657.4791 5815.273700000001 1.5597985 -6.3284037 3.9159891
60861 4620.0 802.02764 706.48404 6783.2707 1.3000331 -7.4703064999999995 0.6096923399999999
60861 5040.0 1243.422 -2394.1558 6308.1263 0.76350047 -7.027274800000001 -2.8332935000000004
60861 5460.0 1420.05 -4984.7238 4486.5313 0.06155491700000001 -5.0821353 -5.6855036000000005
60861 5880.0 1292.7974 -6508.0643 1702.8802 -0.6570671499999999 -2.037233 -7.3292157
60861 6300.0 887.7286600000001 -6632.6274 -1447.5364 -1.2366501 1.4560129 -7.397023
60861 6720.0 291.55647999999997 -5329.2657 -4285.4581 -1.5501437 4.6358564 -5.8688867
60861 7140.0 -367.29005 -2880.137 -6199.5065 -1.5302045000000002 6.8125611 -3.0821275999999997
60861 7560.0 -947.5657900000001 186.96567000000002 -6781.5446 -1.1829065 7.5250216000000005 0.35746176
60861 7980.0 -1325.4192 3214.2612000000004 -5910.8728 -0.58387272 6.6289141 3.7120457
60861 8400.0 -1420.5451 5556.0262 -3775.7831 0.13901084 4.3201679 6.2695669
60861 8820.0 -1212.884 6713.5659000000005 -833.53773 0.83180601 1.0922783999999999 7.4858489
60861 9240.0 -746.9331 6441.462500000001 2286.8143999999998 1.3466546000000001 -2.3633951000000004 7.1032565000000005
60861 9660.0 -122.17081 4800.1242 4920.0833 1.5744512 -5.309769500000001 5.2093583
60861 10080.0 528.5081899999999 2140.6107 6507.076400000001 1.4680933 -7.1256858 2.2113127
60861 10500.0 1067.1328999999998 -972.55084 6711.0514 1.050309 -7.4312132 -1.2588724
60861 10920.0 1379.0351 -3878.7114 5485.728099999999 0.40753191 -6.1559208 -4.4725477
60861 11340.0 1396.6138 -5956.7177 3086.625 -0.32582720000000004 -3.55669 -6.743692200000001
60861 11760.0 1114.7085 -6756.7918 24.377398000000003 -0.99243956 -0.18146121 -7.5714631
60861 12180.0 592.93659 -6102.8138 -3042.9862000000003 -1.4466302000000002 3.2386034 -6.766351800000001
60861 12600.0 -56.481754 -4135.409 -5453.827700000001 -1.5891479 5.9572127 -4.5041427
60861 13020.0 -693.92198 -1280.8468 -6692.532 -1.3904156 7.3887172 -1.2820365999999999
60861 13440.0 -1182.8557 1847.9263 -6495.0827 -0.89572509 7.2395598 2.2038131
60861 13860.0 -1419.5118 4582.78 -4908.4821 -0.21087828 5.5474331 5.213379
60861 14280.0 -1353.695 6341.1658 -2273.0404 0.51854929 2.6740583 7.1078664
60861 14700.0 -999.55876 6748.925200000001 847.99086 1.1370962 -0.76688064 7.4837492
60861 15120.0 -432.76036 5720.751700000001 3788.2788 1.5129378999999998 -4.0393705 6.2638239
60861 15540.0 225.95276 3477.5644 5922.0408 1.5670753 -6.4487435 3.7134068000000005
60861 15960.0 836.73355 496.78802 6796.394200000001 1.2888264999999999 -7.4891436 0.37425213
60861 16380.0 1269.856 -2589.1737000000003 6224.0903 0.73600541 -6.9395814 -3.0521245
60861 16800.0 1432.4755 -5123.260200000001 4322.5037 0.023495862 -4.9053028 -5.840363099999999
60861 17220.0 1288.4383 -6559.9879 1493.7001 -0.6975179100000001 -1.8090201 -7.3854181
60861 17640.0 867.4505600000001 -6586.5784 -1656.9176000000002 -1.2705638 1.6855724 -7.3417317
60861 18060.0 259.76326 -5195.4987 -4449.9723 -1.5700697000000001 4.8162354 -5.714682799999999
60861 18480.0 -403.66765999999996 -2688.1792 -6283.9789 -1.5321134 6.9051952000000005 -2.8639865
60861 18900.0 -980.8420600000001 395.55238 -6769.226000000001 -1.1665921000000001 7.5112576 0.59247272
60861 19320.0 -1348.5903 3395.092 -5805.050700000001 -0.55293517 6.5129871999999995 3.9142910000000004
60861 19740.0 -1428.7462 5670.7535 -3599.5552000000002 0.17808669000000002 4.1270188 6.3966031999999995
60861 20160.0 -1204.4056 6737.950400000001 -624.7610999999999 0.87070064 0.8630036700000001 7.511053
60861 20580.0 -723.6340600000001 6370.4579 2483.5198 1.3770896000000001 -2.5802414 7.0216752
60861 21000.0 -89.012624 4648.8024000000005 5062.7891 1.5901431000000001 -5.4685619 5.0384455
60861 21420.0 564.52246 1940.9184 6565.2683 1.4657375 -7.1931009 1.9869149
60861 21840.0 1098.3500000000001 -1178.4173 6671.8641 1.0301915 -7.3924957000000004 -1.4898677
60861 22260.0 1398.7187 -4046.8706 5356.8445 0.37369229000000004 -6.0181941 -4.6608115
60861 22680.0 1400.3837 -6050.8348 2895.0447000000004 -0.36625236 -3.3487225 -6.8480859
60861 23100.0 1101.6663999999998 -6756.447 -188.90134 -1.0305311 0.051962782 -7.5682682
60861 23520.0 565.90538 -6008.1466 -3231.9739 -1.4739131 3.4458818 -6.656140300000001
60861 23940.0 -91.62483900000001 -3967.3340000000003 -5578.0842999999995 -1.5998223 6.0931809999999995 -4.311902
60861 24360.0 -729.72757 -1075.5061 -6726.1355 -1.3824131 7.4252071 -1.0495182
60861 24780.0 -1211.6561000000002 2046.1457 -6431.341200000001 -0.87097421 7.169854900000001 2.4265019000000003
60861 25200.0 -1435.2544 4731.737 -4761.5739 -0.17454728 5.386810400000001 5.3796815
60861 25620.0 -1353.0406 6409.2418 -2074.5252 0.55891462 2.456422 7.1828727
60861 26040.0 -982.6017400000001 6721.5916 1055.6467 1.1729678 -0.99533981 7.451589
60861 26460.0 -403.03538000000003 5603.6844 3960.7643 1.536753 -4.230508700000001 6.1314547
60861 26880.0 262.19836 3295.3529 6022.4127 1.5737349999999999 -6.5622401 3.5084931000000004
60861 27300.0 871.82298 287.82056 6802.7971 1.2767145 -7.5006302 0.13969036
60861 27720.0 1296.2463 -2780.5379 6134.438700000001 0.7073935800000001 -6.8456168 -3.2666134000000002
60861 28140.0 1444.3708000000001 -5256.040900000001 4155.2244 -0.015698129 -4.7247555000000006 -5.988390900000001
60861 28560.0 1283.1584 -6605.2896 1284.3982 -0.73860572 -1.5805418 -7.4336938
60861 28980.0 846.11957 -6534.5932 -1863.1848 -1.3044911 1.911655 -7.2793022
60861 29400.0 227.01704999999998 -5057.8904 -4608.8592 -1.5895242 4.990352700000001 -5.555879200000001
60861 29820.0 -440.70550000000003 -2495.7576000000004 -6362.0508 -1.5330934 6.989702100000001 -2.6448248
60861 30240.0 -1014.3798 601.3124300000001 -6751.0082 -1.1492671 7.489982299999999 0.82441816
60861 30660.0 -1371.6223 3570.4029 -5695.3231 -0.52113749 6.3920185 4.1103511
60861 31080.0 -1436.5096 5778.562 -3422.3740000000003 0.21771695 3.9323218000000004 6.5161007
60861 31500.0 -1195.2996 6755.4856 -418.15348 0.9099927400000001 0.63550982 7.5291784
60861 31920.0 -699.53827 6293.8784000000005 2675.4037000000003 1.4078979999999999 -2.7929791 6.9346698
60861 32340.0 -54.965635000000006 4493.9292000000005 5198.8315999999995 1.6058447000000002 -5.6219816 4.8642102000000005
60861 32760.0 601.31034 1740.0628000000002 6615.8475 1.4628042 -7.2545919 1.7613298
60861 33180.0 1129.9675 -1382.9315000000001 6625.0472 1.0088767 -7.3478392 -1.7197243000000002
60861 33600.0 1418.1945 -4211.3025 5221.2936 0.33821942000000005 -5.8751677 -4.8456634
60861 34020.0 1403.275 -6139.2406 2698.8495000000003 -0.40815727 -3.1371236 -6.9465238000000005
60861 34440.0 1087.2163 -6749.452700000001 -403.89531 -1.0696105 0.28602366 -7.5574605
60861 34860.0 537.2093199999999 -5907.3366 -3419.4325 -1.5014021 3.6500607 -6.5384511000000005
60861 35280.0 -128.34699 -3795.148 -5698.0794000000005 -1.6098874 6.2227706 -4.1144029
60861 35700.0 -766.57667 -868.40147 -6752.0185 -1.3735891 7.4559512 -0.8154726000000001
60861 36120.0 -1241.0145 2243.6079 -6359.7052 -0.8447709099999999 7.094023900000001 2.648441
60861 36540.0 -1450.8739 4877.411099999999 -4607.6641 -0.13650375 5.2204809 5.542419799999999
60861 36960.0 -1351.5788 6471.9698 -1871.1013 0.60073777 2.2349284 7.2515889
60861 37380.0 -964.35175 6687.894700000001 1265.1891 1.2096287000000001 -1.2246285000000001 7.4115031
60861 37800.0 -371.88189 5480.7163 4131.7481 1.5604088 -4.4185354 5.9912737
60861 38220.0 299.61886 3109.3151000000003 6118.4545 1.5793935 -6.6691728999999995 3.2982697
60861 38640.0 907.5580100000001 78.208086 6803.452700000001 1.2631532 -7.5039142000000005 -0.09614755700000001
60861 39060.0 1322.6603 -2969.1853 6039.387 0.67735665 -6.7442044 -3.4783252000000005
60861 39480.0 1455.7472 -5383.3646 3984.3562 -0.05595436200000001 -4.5392557 -6.1306686
60861 39900.0 1276.965 -6643.6848 1074.1761999999999 -0.78045573 -1.3502696 -7.4750861
60861 40320.0 823.63301 -6475.5551 -2067.4885 -1.3387889 2.1367255000000003 -7.2102092
60861 40740.0 193.05947 -4914.1350999999995 -4763.1817 -1.6088472999999999 5.1612613000000005 -5.3914359
60861 41160.0 -478.84482 -2298.7342000000003 -6433.8289 -1.533266 7.0692161 -2.42116
60861 41580.0 -1048.5599 809.4000100000001 -6724.894200000001 -1.1305733 7.4623903 1.0587443
60861 42000.0 -1394.6331 3745.1727 -5577.309 -0.48760505000000004 6.263902 4.3057696
60861 42420.0 -1443.5189 5882.8997 -3237.9177000000004 0.25901499 3.7311135 6.6314009
60861 42840.0 -1184.8518000000001 6767.2662 -206.71450000000002 0.95031948 0.40394612 7.5400429
60861 43260.0 -673.88102 6210.6347000000005 2868.675 1.438689 -3.0057335 6.8388975
60861 43680.0 -19.573605 4333.3469000000005 5332.709400000001 1.6205863999999999 -5.7709519 4.6822718000000005
60861 44100.0 638.90297 1536.1078 6661.6686 1.458325 -7.3084186 1.5314178
60861 44520.0 1161.7067 -1587.0563000000002 6572.5976 0.9859679800000001 -7.2946736 -1.9493887
60861 44940.0 1437.2118 -4372.0196 5081.0860999999995 0.3015993 -5.7250814000000005 -5.0262324
60861 45360.0 1405.3789 -6221.714599999999 2500.5286 -0.4506672 -2.9214741 -7.038128700000001
60861 45780.0 1071.8512 -6735.5887999999995 -617.97888 -1.1087219 0.52055406 -7.5393795
60861 46200.0 507.67365 -5800.0749000000005 -3603.1153 -1.5285076 3.8519664 -6.4145274
60861 46620.0 -165.65648000000002 -3617.8163 -5811.8629 -1.6192305 6.3484071 -3.9123491
60861 47040.0 -803.6409100000001 -659.17839 -6771.4668 -1.3634813 7.4796997 -0.5789878
60861 47460.0 -1270.0413 2440.117 -6281.3329 -0.81728618 7.010841999999999 2.8693364000000003
60861 47880.0 -1465.6625000000001 5019.2573 -4448.1664 -0.09741203 5.048057300000001 5.7008349
60861 48300.0 -1348.9509 6528.812400000001 -1664.4479 0.6430622 2.0099254 7.3136014
60861 48720.0 -944.87446 6647.540400000001 1474.8896000000002 1.2460761 -1.4540054 7.3637877
60861 49140.0 -339.73226 5351.7981 4299.7987 1.583205 -4.603189 5.8443053
60861 49560.0 337.56763 2919.3448 6209.1618 1.5837128 -6.7700541 3.0836175
60861 49980.0 943.2089300000001 -132.46520999999998 6797.6051 1.2481016 -7.4998442 -0.333029
60861 50400.0 1348.4151000000002 -3155.7989 5938.1444 0.6461163000000001 -6.6356669 -3.6875011
60861 50820.0 1466.0536000000002 -5506.0037 3809.0316000000003 -0.096907957 -4.3485974 -6.2673508
60861 51240.0 1269.5436000000002 -6675.8471 862.27188 -0.82233186 -1.1179902 -7.509089
60861 51660.0 800.0559300000001 -6410.189200000001 -2270.2956 -1.3723968 2.3602385 -7.1336524
60861 52080.0 158.44215 -4765.4225 -4913.1814 -1.6268740000000002 5.3273652 -5.2213018
60861 52500.0 -517.1004 -2099.0027999999998 -6499.6097 -1.5319149 7.1420706 -2.1944096
60861 52920.0 -1082.2243 1017.2509 -6692.1361 -1.1104484000000001 7.4275763 1.2928241
60861 53340.0 -1416.5888 3916.8158 -5453.438099999999 -0.45297641 6.1294743 4.497781600000001
60861 53760.0 -1449.1252 5981.8622000000005 -3049.5817 0.30084621 3.52569 6.7408408
60861 54180.0 -1172.9161000000001 6772.5065 5.8140725 0.99049731 0.17119181 7.5437118000000005
60861 54600.0 -646.9500300000001 6121.0712 3060.0125000000003 1.4686094 -3.2162215 6.7361717
60861 55020.0 16.596882 4168.0593 5462.062 1.6338746000000002 -5.914623 4.495203900000001
60861 55440.0 676.5964 1330.1322 6701.4539 1.4521620000000002 -7.3550175 1.2996143
60861 55860.0 1192.88 -1790.0468 6514.094400000001 0.96162225 -7.2339904 -2.1772034
60861 56280.0 1455.1698999999999 -4528.727400000001 4936.3795 0.26412494 -5.569126000000001 -5.201404
60861 56700.0 1406.2477 -6298.3914 2300.5099 -0.49320133 -2.7030833 -7.1221289
60861 57120.0 1055.4214 -6715.5953 -830.44932 -1.1470194 0.75392579 -7.5134987
60861 57540.0 477.5483 -5687.9447 -3782.2292 -1.5542528 4.0492025 -6.2846682000000005
60861 57960.0 -202.95338 -3438.0225 -5919.1457 -1.627172 6.4675501 -3.7075044
60861 58380.0 -840.14526 -450.60088 -6784.3909 -1.3520104 7.4960012 -0.34299887
60861 58800.0 -1298.0118 2633.0384 -6197.3641 -0.78884676 6.9213575 3.0864337
60861 59220.0 -1479.1163000000001 5155.3312000000005 -4285.1928 -0.057958753 4.871699 5.853146300000001
60861 59640.0 -1344.9576000000002 6578.8514000000005 -1457.1325 0.68518047 1.7839859 7.3685358
60861 60060.0 -924.22325 6600.6508 1682.3013 1.2818453 -1.6811921 7.3093384
60861 60480.0 -306.76865000000004 5217.8592 4463.039 1.6049834 -4.7829003000000005 5.692273
60861 60900.0 375.86775 2726.8632000000002 6293.487700000001 1.5868975 -6.864133700000001 2.8667005
60861 61320.0 978.74898 -342.64584 6785.1065 1.2319892000000001 -7.488498 -0.56888902
60861 61740.0 1373.6418 -3339.0227000000004 5831.4029 0.6139987200000001 -6.520876400000001 -3.892245
60861 62160.0 1475.5756000000001 -5623.1292 3630.714 -0.13816235000000002 -4.1543662999999995 -6.396834200000001
60861 62580.0 1261.3667 -6701.7974 650.71345 -0.8637711 -0.88609551 -7.534806400000001
60861 63000.0 776.0377900000001 -6339.674400000001 -2469.4593 -1.4050333000000002 2.5791723 -7.050102700000001
60861 63420.0 123.80243 -4614.1157 -5057.2288 -1.643925 5.4862031 -5.0473289999999995
60861 63840.0 -555.08252 -1899.6803 -6558.927000000001 -1.5296186 7.2067986 -1.9670435
60861 64260.0 -1115.268 1221.457 -6653.4685 -1.0896492 7.3857564 1.5237191
60861 64680.0 -1437.7215 4082.3695000000002 -5325.5651 -0.41805726 5.9905609 4.6841517
60861 65100.0 -1453.8538999999998 6073.4664 -2859.8487000000005 0.34265817 3.3186939000000004 6.8437534
60861 65520.0 -1160.1681 6770.2982 217.02174 1.0304014 -0.060510896 7.5411219
60861 65940.0 -619.3535300000001 6024.9468 3247.5742999999998 1.4981223000000001 -3.423604 6.6280998
60861 66360.0 53.246221 3997.8969 5585.662 1.6466885 -6.0533911 4.3041584
60861 66780.0 714.5586999999999 1121.6618999999998 6734.2097 1.4454459 -7.395256000000001 1.0658409999999998
60861 67200.0 1224.0448999999999 -1992.678 6448.3239 0.93651428 -7.1662639 -2.4040349
60861 67620.0 1472.782 -4682.2117 4785.5562 0.22586654 -5.406988 -5.37203
60861 68040.0 1406.4907 -6369.7981 2096.9869 -0.5362535800000001 -2.4814149000000003 -7.1985212
60861 68460.0 1038.2482 -6689.8773 -1042.9095 -1.1853534 0.98602837 -7.4789802000000005
60861 68880.0 446.74906 -5571.5325 -3957.9942 -1.5796354 4.241062 -6.1478952
60861 69300.0 -240.6421 -3256.7227000000003 -6020.4095 -1.6344965 6.5790699 -3.4997675
60861 69720.0 -876.73713 -243.89007999999998 -6790.973900000001 -1.3397491000000001 7.504537900000001 -0.10791424000000001
60861 70140.0 -1325.7501000000002 2821.1605 -6108.1517 -0.7596911199999999 6.8258814 3.2993928
60861 70560.0 -1492.0584 5284.638 -4119.1469 -0.017895912 4.692031 5.9994963
60861 70980.0 -1340.2259 6621.325400000001 -1249.4097 0.72776152 1.5575532 7.4169361
60861 71400.0 -902.69084 6546.5452000000005 1887.4391 1.3177992 -1.9062997000000002 7.248809100000001
60861 71820.0 -272.93128 5078.0211 4621.6761 1.6265205 -4.9584498 5.5353338
60861 72240.0 414.84328999999997 2530.5994 6371.490400000001 1.5893807 -6.9523377 2.6466167
60861 72660.0 1014.5853000000001 -553.85539 6765.4958 1.2148044 -7.4700822 -0.80515291
60861 73080.0 1398.6778000000002 -3520.2971000000002 5718.0959 0.5806689300000001 -6.399247900000001 -4.0939381
60861 73500.0 1484.4043000000001 -5735.812 3447.7592000000004 -0.18054925 -3.95521 -6.520137399999999
60861 73920.0 1252.0967 -6721.935 437.58254 -0.90596991 -0.65276609 -7.5524640000000005
60861 74340.0 750.71576 -6263.5725 -2666.7924 -1.4378552 2.7956644 -6.9587631000000005
60861 74760.0 87.955863 -4458.9536 -5196.5711 -1.6603341 5.6394234 -4.8677715
60861 75180.0 -593.51612 -1698.4281 -6608.2487 -1.5265408 7.2693565 -1.7344461
60861 75600.0 -1148.2419 1426.6674 -6602.4125 -1.0670479000000002 7.3411942 1.7609378999999998
60861 76020.0 -1457.7274 4247.0905999999995 -5182.4332 -0.37989069000000003 5.8451017 4.8774349
60861 76440.0 -1455.8503 6160.3376 -2652.5083 0.38868430000000004 3.0997845 6.9500814
60861 76860.0 -1142.9606 6757.6536 445.69509999999997 1.0740484 -0.30674736 7.533819900000001
60861 77280.0 -586.15953 5912.994900000001 3448.5871 1.529221 -3.6416808 6.506107
60861 77700.0 95.54408000000001 3809.2167000000004 5715.6728 1.6580735 -6.1933686 4.0946166
60861 78120.0 756.99696 896.48477 6765.9176 1.4347967000000001 -7.425907100000001 0.8163595299999999
60861 78540.0 1257.8033 -2206.3881 6376.6523 0.90668115 -7.0823674 -2.6375805
60861 78960.0 1491.1213 -4839.7964 4628.1425 0.18372538 -5.2290942 -5.5392972
60861 79380.0 1405.9413000000002 -6439.264700000001 1888.7784 -0.58172028 -2.2493255 -7.266171000000001
60861 79800.0 1019.5733 -6659.0593 -1255.9206000000001 -1.2247014 1.2229238 -7.434144900000001
60861 80220.0 414.25804999999997 -5448.907200000001 -4130.1665 -1.6049659 4.4339226 -6.0017944
60861 80640.0 -279.99387 -3069.8956000000003 -6116.591200000001 -1.6403639 6.688106 -3.2818706000000004
60861 81060.0 -914.65801 -30.91746 -6789.0035 -1.3243557000000001 7.5081077 0.14124883
60861 81480.0 -1353.2495000000001 3012.6499 -6004.7568 -0.72618282 6.7215905000000005 3.5253689
60861 81900.0 -1502.6682 5412.407700000001 -3933.8589 0.027758533000000002 4.497414200000001 6.1564827
60861 82320.0 -1330.6763 6654.5068 -1019.2985 0.77633678 1.309513 7.468790200000001
60861 82740.0 -874.03438 6473.304700000001 2114.0616 1.3583181 -2.1555946 7.1792438
60861 83160.0 -230.68898000000002 4909.7471 4795.139 1.6492157 -5.1521776 5.3558513
60861 83580.0 461.79605 2301.0285 6452.9261 1.5886417 -7.0444549 2.3963761
60861 84000.0 1056.249 -796.42879 6736.831099999999 1.1909095 -7.4386602 -1.0688702
60861 84420.0 1426.397 -3724.6465000000003 5586.5165 0.5395146200000001 -6.2523218 -4.3108081
60861 84840.0 1492.9092 -5859.827700000001 3244.1367000000005 -0.22908666 -3.7286822 -6.6418105
60861 85260.0 1240.604 -6743.2015 207.70574 -0.9511742000000001 -0.39917052999999997 -7.5556643
60861 85680.0 722.56353 -6182.3353 -2873.4911 -1.4707098 3.021623 -6.8480265000000005
60861 86100.0 49.678621 -4296.686900000001 -5337.380700000001 -1.6749569 5.7932773 -4.6702122
60862 120.0 -633.8477700000001 -1491.657 -6656.215200000001 -1.5206397 7.3213108 -1.49441
60862 540.0 -1181.8841000000002 1632.1634 -6548.4547 -1.0417592 7.2842529 1.9980132000000002
60862 960.0 -1477.4587 4407.3898 -5037.9890000000005 -0.33998706 5.6904112 5.0641647999999995
60862 1380.0 -1457.0821 6240.0666 -2447.2761 0.43538366 2.8771445 7.0474972
60862 1800.0 -1124.8534 6737.2896 668.67429 1.1177254 -0.55219989 7.5189289
60862 2220.0 -552.12234 5794.0415 3641.1747000000005 1.5600337 -3.8568497 6.3794324
60862 2640.0 138.54134 3614.5687000000003 5835.542 1.6689301 -6.330704300000001 3.8815516
60862 3060.0 799.78462 666.5243800000001 6785.9841 1.4229368 -7.4532955 0.5631513200000001
60862 3480.0 1291.2178000000001 -2423.054 6291.782 0.87478422 -6.992776 -2.8744734
60862 3900.0 1508.153 -4997.3613 4456.7122 0.13910826 -5.0425212 -5.7066967
60862 4320.0 1403.308 -6505.572099999999 1668.0155 -0.62911398 -2.0073634 -7.3274327999999995
60862 4740.0 998.33414 -6621.7891 -1477.6126000000002 -1.2643024 1.4648822000000001 -7.377725000000001
60862 5160.0 379.47274 -5319.2225 -4305.7625 -1.6288306000000001 4.624439000000001 -5.8431177
60862 5580.0 -320.66089 -2877.5362000000005 -6209.464400000001 -1.6443794 6.7901771 -3.0571912
60862 6000.0 -952.2165500000001 179.13801999999998 -6782.1754 -1.3086225999999999 7.5019069 0.37919091
60862 6420.0 -1380.4353 3197.7819 -5902.4506 -0.6934037399999999 6.6112761 3.7339561
60862 6840.0 -1513.6698000000001 5533.059 -3758.044 0.070661241 4.3061573 6.2916549999999996
60862 7260.0 -1323.1133 6684.684200000001 -807.55077 0.82024174 1.0777325000000002 7.5015664
60862 7680.0 -849.47154 6406.2445 2316.3936000000003 1.3938741000000001 -2.3784226 7.102294700000001
60862 8100.0 -194.2632 4759.1072 4944.6181 1.6688476 -5.3185611 5.1858373
60862 8520.0 502.29 2098.898 6517.4345 1.5880257999999998 -7.1188086 2.169116
60862 8940.0 1092.1742 -1007.2692 6702.2092999999995 1.1701589 -7.4049452 -1.3051171
60862 9360.0 1450.0759 -3899.3713 5459.6853 0.50300135 -6.117058200000001 -4.5055837
60862 9780.0 1499.2596 -5961.0346 3051.8876 -0.27352946 -3.5204291 -6.7526743
60862 10200.0 1228.3555000000001 -6749.4887 -8.6998919 -0.99380727 -0.16325493 -7.5579871
60862 10620.0 694.41754 -6092.7749 -3067.6509 -1.5024183 3.2337039 -6.7418661
60862 11040.0 11.736075000000001 -4131.2447 -5467.9695 -1.6890967000000001 5.9360477000000005 -4.4794968
60862 11460.0 -673.4631400000001 -1286.2131000000002 -6695.8006 -1.5144471000000002 7.3654678 -1.2607752
60862 11880.0 -1214.8011999999999 1833.6356 -6489.4547999999995 -1.0165252 7.2211153999999995 2.225524
60862 12300.0 -1496.6437 4561.7869 -4893.2368 -0.30099454 5.5333471 5.237664799999999
60862 12720.0 -1458.4232 6314.2948 -2247.7792000000004 0.4798218 2.6593282 7.1299614
60862 13140.0 -1108.0515 6715.2613 880.18646 1.1581074000000002 -0.78441727 7.4925939
60862 13560.0 -520.8088 5680.4091 3819.2886000000003 1.5876500000000002 -4.0537143 6.2497243
60862 13980.0 177.67363 3433.2999 5942.0422 1.677924 -6.4502904 3.6765139
60862 14400.0 838.3933900000001 456.01558 6797.9768 1.4114951000000002 -7.470423 0.32620855
60862 14820.0 1321.0701000000001 -2618.1262 6206.29 0.8452729900000001 -6.9033382 -3.0933335000000004
60862 15240.0 1522.8502 -5135.318700000001 4291.4981 0.097749815 -4.8648285 -5.8604212
60862 15660.0 1399.5506 -6556.372200000001 1457.8452 -0.6736076799999999 -1.7791714 -7.3826979
60862 16080.0 976.93539 -6574.6817 -1687.6148 -1.3022397000000001 1.6942543 -7.3216253
60862 16500.0 345.02244 -5184.4364000000005 -4470.5653 -1.6519038000000001 4.8048793 -5.6879974
60862 16920.0 -360.73813 -2684.452 -6294.0338 -1.6477294 6.882948000000001 -2.8372515
60862 17340.0 -989.4112 389.28222999999997 -6768.8381 -1.2917054000000001 7.488228100000001 0.6167469200000001
60862 17760.0 -1406.8338 3380.0091 -5794.514 -0.6598146400000001 6.4943286 3.9387326
60862 18180.0 -1523.6457 5648.478700000001 -3578.821 0.11387066 4.1107071 6.4201874
60862 18600.0 -1314.5306 6708.6241 -595.5321899999999 0.86377247 0.84548933 7.5263696
60862 19020.0 -824.20182 6333.5488 2515.7159 1.4283398999999999 -2.5977324 7.0182798
60862 19440.0 -157.6432 4604.8060000000005 5088.5466 1.6871359000000001 -5.478606300000001 5.0114756
60862 19860.0 542.432 1896.1073999999999 6575.2967 1.5862076 -7.1855201 1.9410389000000001
60862 20280.0 1127.3093999999999 -1215.5752 6661.3686 1.1485547999999999 -7.3639402 -1.5385172
60862 20700.0 1472.7107 -4068.8818 5328.5578 0.46615260000000003 -5.9766446 -4.6941918
60862 21120.0 1504.5251 -6055.536099999999 2858.3527000000004 -0.31779438 -3.3106120999999997 -6.8556833
60862 21540.0 1215.2161 -6749.2902 -223.01445999999999 -1.0357699 0.070347669 -7.5526032
60862 21960.0 665.7652800000001 -5998.4184000000005 -3256.8469 -1.532985 3.4402064 -6.6300306
60862 22380.0 -26.178005000000002 -3963.8023 -5591.8779 -1.7019072000000002 6.0713893 -4.2864387
60862 22800.0 -712.53777 -1081.9393 -6728.5775 -1.507074 7.402057200000001 -1.0282377
60862 23220.0 -1246.7598 2030.9978 -6424.7773 -0.99053354 7.1518679 2.4488273
60862 23640.0 -1514.6504 4710.03 -4745.036400000001 -0.26168984 5.3726892 5.4048937
60862 24060.0 -1458.5279 6381.4738 -2047.692 0.52424434 2.4408571 7.2052876
60862 24480.0 -1090.1009 6686.5887 1089.3002 1.1980712000000002 -1.0139933 7.459451100000001
60862 24900.0 -488.55763 5561.6844 3992.5136 1.6145827 -4.245210200000001 6.1152337
60862 25320.0 217.42867999999999 3249.5366000000004 6042.1605 1.6860771 -6.5628526 3.4693194
60862 25740.0 877.23003 246.12835 6803.3565 1.3990258 -7.4799598 0.090446201
60862 26160.0 1350.7046 -2809.5582000000004 6115.4666 0.81469256 -6.8074652 -3.3072886
60862 26580.0 1536.9053999999999 -5267.523 4123.6443 0.055500872 -4.6837212 -6.0065025
60862 27000.0 1394.9863 -6601.118 1248.7546000000002 -0.7183261 -1.5514416000000002 -7.4289949
60862 27420.0 954.80482 -6522.6587 -1892.9975 -1.3396341 1.9187434 -7.2580652
60862 27840.0 310.16131 -5047.4393 -4628.3138 -1.674058 4.977658900000001 -5.529090500000001
60862 28260.0 -400.84396000000004 -2492.3882000000003 -6370.8391 -1.6501244 6.967708 -2.6178631
60862 28680.0 -1026.25 595.18421 -6748.874900000001 -1.2739491 7.467896 0.85005416
60862 29100.0 -1432.5665000000001 3555.7336 -5682.2677 -0.62558966 6.3733822 4.1369983
60862 29520.0 -1532.7473 5756.3715 -3398.2554 0.15744568 3.9143617 6.5413793
60862 29940.0 -1304.959 6725.2842 -385.21578999999997 0.90751258 0.61530105 7.5441826
60862 30360.0 -797.8771 6255.0893 2710.7308 1.4629178 -2.8125668 6.9285342000000005
60862 30780.0 -119.91256 4446.4707 5226.068700000001 1.7052435000000001 -5.63296 4.833735300000001
60862 31200.0 583.4831899999999 1691.876 6625.7955 1.5835979 -7.2456384 1.7119123
60862 31620.0 1162.9005 -1422.4984 6613.3285000000005 1.1256059 -7.316286 -1.7700037
60862 32040.0 1495.1573999999998 -4234.4415 5191.6508 0.42766429 -5.8308443 -4.8780181
60862 32460.0 1508.9662 -6144.3234 2661.573 -0.36339947 -3.0977805 -6.9515308000000005
60862 32880.0 1200.6641000000002 -6742.1893 -437.51703000000003 -1.0785995000000002 0.30359322 -7.5398948
60862 33300.0 635.47379 -5897.9735 -3443.2542000000003 -1.5637418 3.643249 -6.5116019
60862 33720.0 -65.657006 -3792.2743 -5710.642400000001 -1.7141583 6.2007823 -4.0889183
60862 34140.0 -752.79347 -876.48848 -6755.0608 -1.4984699000000001 7.431285 -0.79439271
60862 34560.0 -1279.2818 2226.3847 -6353.9759 -0.9629716 7.0755607000000005 2.6698462
60862 34980.0 -1532.5575000000001 4853.7525000000005 -4592.2265 -0.22087347 5.206858 5.5667912
60862 35400.0 -1457.9741000000001 6442.567599999999 -1845.6838 0.5697945999999999 2.2202036 7.2734848
60862 35820.0 -1071.1144 6651.5678 1297.2547 1.2386912 -1.2426731 7.4190485
60862 36240.0 -455.07595000000003 5437.2514 4161.6263 1.6415990999999999 -4.4333794 5.9747088
60862 36660.0 258.29716 3061.8212000000003 6135.95 1.6935716 -6.670283400000001 3.2579063
60862 37080.0 916.75678 34.7248 6801.1157 1.3852176 -7.483148900000001 -0.14715363
60862 37500.0 1380.3618000000001 -2999.7482000000005 6016.8188 0.78234556 -6.7049408999999995 -3.5203485000000003
60862 37920.0 1550.2332 -5395.7649 3948.9737000000005 0.011521698 -4.4965779 -6.1486162
60862 38340.0 1389.055 -6640.0175 1034.9348 -0.7644054800000001 -1.3196646 -7.4683573
60862 38760.0 930.8974300000001 -6463.8218 -2099.803 -1.3775762 2.1436583999999996 -7.1860568
60862 39180.0 273.49746000000005 -4904.2982 -4783.9728 -1.6958008 5.1468623 -5.362404300000001
60862 39600.0 -442.40578999999997 -2296.3013 -6442.7577 -1.6513009 7.0458788000000006 -2.3934059000000003
60862 40020.0 -1063.9169 801.96675 -6722.649200000001 -1.2545191 7.4396322 1.0846367000000001
60862 40440.0 -1458.3989 3729.0847000000003 -5564.0442 -0.58962167 6.2450817 4.3326314
60862 40860.0 -1541.259 5859.2375 -3213.4677 0.20250471 3.712906 6.6569454
60862 41280.0 -1294.2792 6735.3940999999995 -173.40712 0.9521945700000001 0.38300098000000005 7.5549167
60862 41700.0 -770.25145 6170.1895 2904.3833 1.4976256000000001 -3.0268482 6.8308477000000005
60862 42120.0 -80.632698 4279.8207999999995 5357.9042 1.7234079999999998 -5.7878509000000005 4.6488046
60862 42540.0 625.9001999999999 1479.5086000000001 6667.4255 1.5799448 -7.304058100000001 1.4746238
60862 42960.0 1199.137 -1636.0745 6552.9332 1.1002952000000001 -7.2629682 -2.0095532
60862 43380.0 1517.0488 -4403.2343 5039.5209 0.38595872000000003 -5.6746169 -5.0667288
60862 43800.0 1511.5064 -6231.4427000000005 2448.8926 -0.41212538000000004 -2.8720757 -7.045482
60862 44220.0 1183.056 -6728.215200000001 -666.02274 -1.1230601 0.54663282 -7.5178394
60862 44640.0 601.38126 -5785.7385 -3639.1456000000003 -1.5943851 3.8497514 -6.3804791
60862 45060.0 -108.49317 -3609.0978 -5833.2803 -1.724299 6.3249867 -3.8781854
60862 45480.0 -795.27412 -663.2705100000001 -6780.991900000001 -1.4868256 7.4480554 -0.5534081700000001
60862 45900.0 -1312.8234 2423.7489 -6281.6138 -0.93293524 6.985426400000001 2.8885701
60862 46320.0 -1550.7225 4994.304 -4440.7015 -0.17908023 5.0323963 5.7191160000000005
60862 46740.0 -1457.4425 6497.778700000001 -1649.47 0.61499502 1.9989297 7.331600000000001
60862 47160.0 -1052.4231000000002 6611.572099999999 1495.819 1.278624 -1.4675124000000002 7.3722284
60862 47580.0 -422.10298 5309.9088 4320.0243 1.6682152000000001 -4.617462400000001 5.831366500000001
60862 48000.0 298.52237 2872.7733 6218.3707 1.7008577 -6.7752523 3.0453498
60862 48420.0 955.4813399999999 -177.2584 6786.8189 1.3707643 -7.484781600000001 -0.38713850000000005
60862 48840.0 1408.7653 -3189.4862000000003 5904.7545 0.7484656000000001 -6.5985768 -3.7370691000000003
60862 49260.0 1561.4883 -5521.1639000000005 3759.6251 -0.034741777999999994 -4.301696 -6.2922914
60862 49680.0 1380.4329 -6672.6152 808.84825 -0.81184304 -1.080859 -7.502345999999999
60862 50100.0 904.0292800000001 -6396.4454000000005 -2315.3935 -1.4153085 2.3713281999999998 -7.1034117
60862 50520.0 233.43392000000003 -4747.732 -4943.023099999999 -1.7165650000000001 5.3158416 -5.1857044
60862 50940.0 -486.65086 -2088.2575 -6513.959400000001 -1.6499562 7.1166675 -2.1596278000000004
60862 51360.0 -1103.0633 1016.285 -6693.0167 -1.2321496 7.3985973000000005 1.3219214
60862 51780.0 -1484.6263999999999 3904.4051 -5443.1665 -0.551748 6.1046830000000005 4.5219936
60862 52200.0 -1549.734 5960.1365000000005 -3030.0863 0.24759419 3.5058962 6.7602706
60862 52620.0 -1283.9833999999998 6743.4283 31.698192 0.99519029 0.15410597 7.5531668000000005
60862 53040.0 -743.27142 6081.9565 3085.8202 1.5305033000000001 -3.2289609 6.733132899999999
60862 53460.0 -43.397625 4117.3976 5476.6072 1.7402525 -5.9313686 4.468520300000001
60862 53880.0 666.14162 1271.7285 6695.358700000001 1.5761397 -7.3605087000000005 1.2399849
60862 54300.0 1233.9977 -1848.5154 6480.6129 1.0721743 -7.2038065 -2.2590434
60862 54720.0 1537.1529 -4571.900000000001 4872.4129 0.33996649 -5.5048834 -5.263924
60862 55140.0 1510.4146 -6311.907700000001 2218.6897999999997 -0.46526264 -2.6289084 -7.1427436
60862 55560.0 1160.3093000000001 -6700.505400000001 -911.3319200000001 -1.1714583 0.81199811 -7.489508700000001
60862 55980.0 561.47276 -5652.246 -3844.9102000000003 -1.6269466000000001 4.0770039 -6.232126500000001
60862 56400.0 -158.32984 -3388.9725 -5951.8128 -1.7354808000000002 6.4755123999999995 -3.6374615
60862 56820.0 -844.9476999999999 -400.57403999999997 -6786.719599999999 -1.4703664 7.4772121 -0.26085935
60862 57240.0 -1350.141 2670.006 -6165.6813 -0.89157522 6.878801900000001 3.1642913
60862 57660.0 -1566.9202 5170.1856 -4223.9655999999995 -0.12178736999999999 4.809817 5.913696700000001
60862 58080.0 -1448.659 6564.8639 -1376.6976000000002 0.67472558 1.7103443999999999 7.397141700000001
60862 58500.0 -1020.5451 6555.5733 1765.97 1.3265935 -1.7530813 7.2942106
60862 58920.0 -374.43424 5146.2693 4530.7036 1.6939977 -4.8345758 5.6316980999999995
60862 59340.0 351.47275 2640.8527999999997 6328.1754 1.7000684000000001 -6.8788787000000005 2.7735362
60862 59760.0 1002.7419000000001 -425.66356 6777.8828 1.3451476 -7.4594468 -0.67073032
60862 60180.0 1441.0429 -3401.659 5784.3648 0.70397487 -6.455021800000001 -3.9757458000000003
60862 60600.0 1572.6063000000001 -5653.2695 3556.5391 -0.089312512 -4.0709968 -6.4413815
60862 61020.0 1368.3247 -6697.006200000001 567.6653100000001 -0.86615518 -0.80813287 -7.5337993
60862 61440.0 871.0116800000001 -6306.4854000000005 -2543.3334 -1.458857 2.6342592 -7.0091606
60862 61860.0 187.00017000000003 -4564.222900000001 -5107.8376 -1.7388058000000002 5.5102666000000005 -4.9793072
60862 62280.0 -537.06181 -1845.4623000000001 -6576.7399000000005 -1.646287 7.201840000000001 -1.8855061000000002
60862 62700.0 -1146.38 1267.8541 -6636.1295 -1.2025976 7.3541943000000005 1.607308
60862 63120.0 -1510.9813000000001 4110.5208 -5274.9197 -0.50192178 5.9359542 4.7569001
60862 63540.0 -1552.7274 6074.781400000001 -2783.5942000000005 0.30690168 3.2468673 6.8903822
60862 63960.0 -1262.3845000000001 6739.7465 304.72099 1.0504539 -0.13794828 7.5470643
60862 64380.0 -702.18759 5963.8598 3327.6303 1.5686007 -3.4882910000000003 6.5867334
60862 64800.0 7.973703700000001 3915.1831 5639.2251 1.7513672 -6.0871427 4.2221608999999996
60862 65220.0 716.4675 1033.6687 6748.1471 1.5613788 -7.3855833 0.9634565199999999
60862 65640.0 1272.7767 -2067.4506 6419.7757 1.0396958 -7.1143706 -2.4992781
60862 66060.0 1558.4408999999998 -4728.7644 4722.876700000001 0.29555615999999996 -5.3278472 -5.4358251
60862 66480.0 1511.707 -6381.7826 2015.4975 -0.51452265 -2.3959791 -7.218364800000001
60862 66900.0 1141.5721 -6668.826900000001 -1123.2323000000001 -1.2160826 1.0549648 -7.4547624
60862 67320.0 526.8959 -5527.3285000000005 -4020.6945 -1.657508 4.2814499999999995 -6.0901367
60862 67740.0 -200.61472 -3202.4278 -6055.0924 -1.7437467999999998 6.5874391999999995 -3.4212678999999997
60862 68160.0 -885.27636 -193.02474 -6791.8755 -1.4574744000000002 7.482867000000001 -0.024220103000000003
60862 68580.0 -1380.9895000000001 2857.7173 -6074.7555999999995 -0.8601241700000001 6.7804077 3.3770596
60862 69000.0 -1581.7451 5297.9982 -4056.6544 -0.078261098 4.6279835 6.0582452
60862 69420.0 -1444.2326 6605.192900000001 -1168.7142 0.72123355 1.4830171 7.4427189
60862 69840.0 -997.71325 6499.2732000000005 1970.1511 1.3661435 -1.9778313 7.2305197
60862 70260.0 -337.96020000000004 5004.532099999999 4687.166700000001 1.7180984000000001 -5.0088606 5.4718658
60862 70680.0 393.84115 2443.3767000000003 6402.924599999999 1.703521 -6.9651687 2.5512517
60862 71100.0 1041.9854 -637.20549 6754.2758 1.327041 -7.4387873 -0.90829546
60862 71520.0 1468.7139 -3582.2851 5666.741 0.66795345 -6.331009600000001 -4.1775948
60862 71940.0 1582.6524 -5764.2362 3369.5642000000003 -0.13557005000000003 -3.8697694 -6.5634531
60862 72360.0 1358.6204 -6714.853099999999 351.63160999999997 -0.9124434800000001 -0.57374287 -7.5486452
60862 72780.0 843.65251 -6227.944 -2742.2151000000003 -1.4950885 2.8503856 -6.9143512000000005
60862 73200.0 147.96181 -4407.0882 -5247.2665 -1.7572303999999999 5.6616506 -4.7965855
60862 73620.0 -579.36294 -1643.8412 -6627.1944 -1.6434068 7.2578842 -1.655185
60862 74040.0 -1183.0272 1470.6399 -6588.1878 -1.1790119 7.303549100000001 1.8372513
60862 74460.0 -1534.1718 4271.161099999999 -5139.0342 -0.46254359 5.7894316 4.9382447
60862 74880.0 -1557.4585 6158.8244 -2588.7723 0.3538599 3.0351368 6.9845858
60862 75300.0 -1247.5399 6728.8715 516.83447 1.0950129 -0.36997453 7.533627900000001
60862 75720.0 -670.84342 5859.9946 3511.4932000000003 1.6011876 -3.6909512 6.4683114
60862 76140.0 49.187539 3740.1657999999998 5755.339400000001 1.7649318 -6.2171765 4.0239746
60862 76560.0 758.78323 824.50162 6771.4268 1.5529533 -7.415172800000001 0.7275634400000001
60862 76980.0 1307.1473999999998 -2266.3847 6344.800700000001 1.010945 -7.0368375 -2.7227637000000002
60862 77400.0 1577.4495 -4875.0356 4565.1861 0.2524745 -5.159041599999999 -5.5989374
60862 77820.0 1511.1058 -6443.7841 1808.1413 -0.56274581 -2.171532 -7.2856643000000005
60862 78240.0 1121.4833999999998 -6633.2541 -1335.612 -1.2588911 1.2864077999999999 -7.4108051999999995
60862 78660.0 491.65321000000006 -5402.0373 -4192.5317000000005 -1.6855343 4.4693738000000005 -5.9446708
60862 79080.0 -243.39749 -3014.7661000000003 -6149.8487000000005 -1.75107 6.6915846000000005 -3.206439
60862 79500.0 -926.4857099999999 16.766234 -6789.7815 -1.4427367 7.481920000000001 0.21382251
60862 79920.0 -1411.8583 3044.7722000000003 -5976.66 -0.8264945699999999 6.674991200000001 3.5879159
60862 80340.0 -1595.7019 5422.4067000000005 -3883.7066 -0.032788832 4.4403931000000005 6.19735
60862 80760.0 -1438.2668 6640.2982 -957.9795600000001 0.76890665 1.2530591 7.4802591000000005
60862 81180.0 -973.0725600000001 6437.5112 2173.533 1.4058030000000001 -2.2010943000000003 7.158271
60862 81600.0 -299.54925000000003 4857.2342 4839.4933 1.7415567 -5.178219 5.3067575
60862 82020.0 437.66505 2242.9157 6471.809 1.7053445 -7.0441972999999996 2.3263629000000003
60862 82440.0 1081.8689 -848.43115 6724.5312 1.3068016 -7.4100179 -1.1443946
60862 82860.0 1496.1533000000002 -3759.4145 5544.506 0.63004362 -6.2003844 -4.3737465
60862 83280.0 1591.8758 -5869.7865 3181.0933999999997 -0.18287262999999998 -3.6654361 -6.676861
60862 83700.0 1347.2666000000002 -6724.3850999999995 137.07692000000003 -0.95880389 -0.34232546 -7.557616299999999
60862 84120.0 814.74797 -6142.7489000000005 -2937.3568999999998 -1.5307557 3.0616804 -6.8146356
60862 84540.0 107.78105000000001 -4245.8648 -5381.1801 -1.7744833000000002 5.8062069 -4.6109497
60862 84960.0 -622.2853100000001 -1441.2436 -6671.859 -1.6389275 7.3057036 -1.4247936
60862 85380.0 -1219.624 1670.9892 -6535.320900000001 -1.1538991 7.2452069 2.0629058000000002
60862 85800.0 -1556.7734 4426.6732 -5000.8314 -0.42223326 5.638212800000001 5.1116142
60862 86220.0 -1561.3818999999999 6236.7047999999995 -2395.3365 0.40090206 2.8233184000000002 7.0694444
60863 240.0 -1232.0253 6712.7992 723.83322 1.1388624999999999 -0.5974754299999999 7.5122508
60863 660.0 -638.39149 5749.724 3688.3393 1.6334226 -3.8891568000000003 6.347347200000001
60863 1080.0 91.85961400000001 3556.6509 5861.986400000001 1.7785942000000001 -6.3479733 3.8225109
60863 1500.0 802.35193 606.73384 6783.254 1.5433126 -7.44376 0.48558377
60863 1920.0 1341.9274 -2472.5072 6255.606400000001 0.97946349 -6.9532299 -2.9525153
60863 2340.0 1595.5352 -5024.7862000000005 4391.4812999999995 0.20607342 -4.9793159 -5.7633908
60863 2760.0 1508.6000000000001 -6504.541200000001 1587.65 -0.61277128 -1.9378427 -7.3448986000000005
60863 3180.0 1099.2011000000002 -6593.455599999999 -1555.7756000000002 -1.3011837000000002 1.5194604999999999 -7.353944800000001
60863 3600.0 453.87214 -5267.5202 -4364.9565 -1.7126024 4.6539321000000005 -5.7924011
60863 4020.0 -288.82927 -2813.1952 -6237.7136 -1.7580107 6.7966941 -2.9852384
60863 4440.0 -969.31636 241.36366 -6771.6512999999995 -1.4258388 7.4823553 0.46880117000000004
60863 4860.0 -1442.969 3244.2093 -5857.0545999999995 -0.78775432 6.5589228 3.816491
60863 5280.0 -1607.4118 5552.5065 -3682.9941000000003 0.019091655 4.2320763 6.3471261000000005
60863 5700.0 -1427.4472 6671.0793 -717.63144 0.82217149 0.99754863 7.5150678
60863 6120.0 -941.76576 6361.0945 2402.0747 1.4481258000000001 -2.4451506 7.0691698
60863 6540.0 -254.87357 4692.5171 5007.7617 1.7631744000000003 -5.3545688 5.113720000000001
60863 6960.0 486.33708 2025.2468999999999 6545.318200000001 1.7025616000000001 -7.1159001 2.0768359999999997
60863 7380.0 1124.4238 -1071.7597 6690.869900000001 1.281112 -7.3654573 -1.3960796
60863 7800.0 1524.0586 -3941.3809 5413.8454 0.5872048999999999 -6.051800500000001 -4.576183
60863 8220.0 1599.6975 -5972.892900000001 2983.0537999999997 -0.23416507 -3.4444757 -6.7899059
60863 8640.0 1334.0123 -6729.5373 -85.442459 -1.0084301 -0.09156320100000001 -7.5565022
60863 9060.0 782.8446600000001 -6045.934700000001 -3135.5481 -1.5683881 3.2880054 -6.7018556
60863 9480.0 63.948512 -4067.0156 -5512.0654 -1.7923977 5.9631734 -4.4078301
60863 9900.0 -668.66772 -1217.1636 -6705.1901 -1.6325907 7.3595914 -1.1702592
60863 10320.0 -1258.8131 1894.8395 -6461.7161 -1.1218489 7.1765871 2.3231362
60863 10740.0 -1580.2619 4604.357599999999 -4832.384900000001 -0.36926599 5.447556400000001 5.3162367999999995
60863 11160.0 -1561.4746000000002 6319.4233 -2164.3122000000003 0.45905341 2.5662683000000004 7.1647469
60863 11580.0 -1208.4282 6681.848900000001 968.70243 1.1916411 -0.8726302100000001 7.4817524
60863 12000.0 -596.55283 5613.1138 3893.8053 1.6688462 -4.1236943 6.1922647
60863 12420.0 142.88907999999998 3343.6493 5983.5969000000005 1.7884926 -6.486751900000001 3.5792486
60863 12840.0 851.92308 360.11168 6793.0115000000005 1.5265898 -7.462150800000001 0.20577673999999999
60863 13260.0 1379.3633 -2700.2409 6150.3957 0.9394048500000001 -6.8462753 -3.2102837
60863 13680.0 1612.6308000000001 -5184.558400000001 4192.5449 0.15098038 -4.768167900000001 -5.9436026
60863 14100.0 1501.4235 -6561.2209 1336.7438 -0.67107574 -1.6672971 -7.4073041
60863 14520.0 1069.1302 -6534.781599999999 -1805.7351 -1.3500429 1.7917113 -7.2829316
60863 14940.0 406.71058000000005 -5103.3825 -4560.8454 -1.7413091 4.868299299999999 -5.6034429
60863 15360.0 -343.08896999999996 -2576.5706 -6334.983700000001 -1.760359 6.9098866 -2.7147398
60863 15780.0 -1019.4695 499.84474 -6752.5058 -1.3996161999999999 7.4606427 0.76101436
60863 16200.0 -1477.1357 3467.147 -5720.3715 -0.73984831 6.4121543 4.0659023
60863 16620.0 -1618.55 5692.232900000001 -3460.1417 0.07882817900000001 3.9899027 6.5005478000000005
60863 17040.0 -1413.2682 6697.996400000001 -456.69747 0.8807658500000001 0.71240999 7.5397631
60863 17460.0 -905.46122 6269.9412999999995 2645.0137999999997 1.4929811 -2.7118073 6.9607073
60863 17880.0 -204.28138 4503.1619 5180.9716 1.7850184 -5.546312100000001 4.8964587
60863 18300.0 540.4050400000001 1778.4445 6612.2463 1.6970109 -7.1930026 1.7970663
60863 18720.0 1170.5164 -1323.6343000000002 6637.3276 1.2493482 -7.3120376 -1.6797537
60863 19140.0 1552.3675 -4144.8082 5250.9193 0.53577197 -5.8785431 -4.8039514
60863 19560.0 1604.1003 -6084.349200000001 2745.0836 -0.29456138 -3.1873998 -6.912778
60863 19980.0 1313.4528 -6724.888599999999 -347.69352000000003 -1.0647875 0.19449007000000001 -7.5471001
60863 20400.0 741.6717900000001 -5925.9618 -3365.8329 -1.6083709 3.540979 -6.5618388
60863 20820.0 11.015609000000001 -3857.5834 -5661.0284 -1.8074033999999999 6.1283961 -4.1677765
60863 21240.0 -722.0111700000001 -963.32585 -6741.1247 -1.6195503000000002 7.402085100000001 -0.88210096
60863 21660.0 -1301.1468 2139.913 -6375.186 -1.0824239 7.086767 2.6050924
60863 22080.0 -1601.7535 4783.1196 -4643.9314 -0.31492408 5.2512726 5.5185804
60863 22500.0 -1558.5836000000002 6399.0553 -1914.4797 0.51960266 2.2970983 7.252906100000001
60863 22920.0 -1181.2568999999999 6643.6728 1227.4516 1.2444911 -1.1538378 7.4350962
60863 23340.0 -550.94136 5465.847400000001 4106.4819 1.7021728 -4.354048 6.0208552
60863 23760.0 197.55256 3109.6417 6093.342000000001 1.7992961 -6.6308349 3.3291606000000002
60863 24180.0 905.07882 91.217595 6787.010200000001 1.5076466000000002 -7.4774006 -0.087564481
60863 24600.0 1418.8589 -2946.3545 6024.3022 0.8945701800000001 -6.724292800000001 -3.4772306
60863 25020.0 1629.6612 -5354.8648 3971.5462 0.091121669 -4.5366371 -6.1192306
60863 25440.0 1492.7395000000001 -6620.8695 1068.9498999999998 -0.73113311 -1.382954 -7.4505569
60863 25860.0 1037.6584 -6475.7741 -2062.2591 -1.3963716 2.0599562000000002 -7.1890495
60863 26280.0 361.84157 -4953.4193 -4754.0625 -1.7633494 5.056557700000001 -5.3972736999999995
60863 26700.0 -390.76637 -2380.274 -6434.8963 -1.7557975 6.9748476 -2.4625266000000003
60863 27120.0 -1060.5781000000002 697.0837700000001 -6748.8741 -1.3761165000000002 7.4148843 0.99536046
60863 27540.0 -1505.291 3626.196 -5627.1625 -0.70274481 6.2800341 4.2516252
60863 27960.0 -1629.1927 5782.3323 -3303.2807000000003 0.12427877 3.7973377999999998 6.6138279
60863 28380.0 -1404.1226000000001 6699.4708 -270.67148 0.92849747 0.48787487 7.5634632
60863 28800.0 -877.17326 6176.2424 2820.0908 1.5348797 -2.9342867999999998 6.8838105
60863 29220.0 -161.45186999999999 4324.1047 5302.4803 1.8108159000000001 -5.7229349 4.720824400000001
60863 29640.0 588.8511 1544.133 6643.3707 1.6977792 -7.2763645 1.5499616
60863 30060.0 1213.3203999999998 -1567.2537 6558.4409000000005 1.2219866 -7.2704902 -1.9458427999999999
60863 30480.0 1578.6028000000001 -4344.0769 5068.3938 0.48596539 -5.712335 -5.0196578
60863 30900.0 1606.9688 -6193.8431 2493.617 -0.35323325 -2.9363786000000003 -7.0175031
60863 31320.0 1292.6173999999999 -6722.7869 -614.55665 -1.1162850000000002 0.46243432 -7.513619800000001
60863 31740.0 703.01775 -5820.3824 -3591.7269 -1.6402847 3.7555656 -6.4064896000000005
60863 32160.0 -35.966098 -3681.6725 -5804.2986 -1.8149996000000002 6.2436527 -3.9395873000000003
60863 32580.0 -767.34537 -762.62766 -6783.464900000001 -1.6049063000000001 7.4057517 -0.63867653
60863 33000.0 -1336.0230000000001 2317.8765 -6320.841200000001 -1.0538438 6.9979954 2.8036138999999998
60863 33420.0 -1620.5566000000001 4905.1189 -4510.7389 -0.27572746000000004 5.0966244 5.6616537
60863 33840.0 -1558.7027 6443.5168 -1734.5051 0.5655005200000001 2.0935776 7.3182705
60863 34260.0 -1162.2172 6598.4576 1414.8222 1.2882178 -1.3706092 7.4031139999999995
60863 34680.0 -515.64893 5333.57 4258.825400000001 1.7341777 -4.5417798000000005 5.8910634
60863 35100.0 241.826 2921.9899 6184.9456 1.806894 -6.731085200000001 3.1140722999999997
60863 35520.0 947.5988100000001 -117.10076 6780.7728 1.4925767 -7.4739079 -0.32461408
60863 35940.0 1450.7095 -3130.9951 5922.6900000000005 0.8597436199999999 -6.6170576 -3.6861578
60863 36360.0 1643.9663 -5476.2682 3796.0819 0.043909694000000006 -4.3481637 -6.2555403
60863 36780.0 1486.3505 -6652.8633 856.9828000000001 -0.78066323 -1.1534104 -7.4848404
60863 37200.0 1011.8726 -6411.3303 -2265.4573 -1.437526 2.2812421 -7.1138493
60863 37620.0 322.11676 -4806.2096 -4905.170400000001 -1.7873633 5.2222177 -5.2289965
60863 38040.0 -436.01072999999997 -2181.6044 -6501.836700000001 -1.7576095 7.0498731 -2.2372738
60863 38460.0 -1101.7752 905.1051600000001 -6717.4673 -1.3553655000000002 7.3835578 1.230034
60863 38880.0 -1533.7055 3799.4077 -5503.979200000001 -0.6637030899999999 6.1484822 4.4460396
60863 39300.0 -1638.7386000000001 5883.683 -3114.4425 0.17341191 3.5930061 6.7260875
60863 39720.0 -1392.7386999999999 6707.1636 -56.650491 0.9771783500000001 0.25442072 7.5687405
60863 40140.0 -847.32235 6088.6422 3013.1709 1.5725094 -3.1462095 6.7806597
60863 40560.0 -119.59967 4160.2413 5433.059 1.8293112 -5.867567 4.5319091
60863 40980.0 633.7133 1339.5041 6683.8853 1.6932371000000002 -7.32275 1.3162941000000001
60863 41400.0 1251.5528000000002 -1768.7746000000002 6500.1623 1.1955282 -7.2096259 -2.1742350999999998
60863 41820.0 1602.0424 -4499.4316 4923.8679 0.44324784 -5.557319000000001 -5.1945382
60863 42240.0 1610.5921 -6269.7929 2293.6912 -0.4031705 -2.7201076 -7.101632700000001
60863 42660.0 1275.6167 -6702.9776 -827.19389 -1.162765 0.69381587 -7.4889306
60863 43080.0 668.98963 -5708.9227 -3771.6821 -1.6734072000000002 3.952678 -6.278367500000001
60863 43500.0 -79.798422 -3502.1886 -5913.1918 -1.8277341 6.3646568 -3.7354711000000003
60863 43920.0 -811.69766 -553.10663 -6798.0378 -1.5945929 7.4251905 -0.40167435
60863 44340.0 -1371.4751 2513.0301 -6237.6845 -1.0225041 6.9112384 3.0235798000000003
60863 44760.0 -1639.4991000000002 5044.2638 -4347.1929 -0.22983007 4.9212396 5.8174017000000005
60863 45180.0 -1557.0155 6496.6506 -1525.432 0.61608462 1.8667375 7.3754475
60863 45600.0 -1140.241 6554.0403 1624.5171 1.3324482 -1.5996542999999999 7.3487876
60863 46020.0 -478.1639 5201.3657 4423.9715 1.7624511 -4.7230567 5.7372881
60863 46440.0 286.70807 2730.7442 6270.2043 1.8132483 -6.8259645 2.8946161000000004
60863 46860.0 990.16962 -326.20577000000003 6767.720200000001 1.4758025000000001 -7.463229500000001 -0.5630495600000001
60863 47280.0 1481.9214 -3313.4082000000003 5814.3675 0.82338741 -6.5028476 -3.8932124
60863 47700.0 1657.0634 -5592.7931 3615.3141 -0.004447891099999999 -4.1542300999999995 -6.3871522999999994
60863 48120.0 1478.3987 -6678.168900000001 642.14388 -0.83070251 -0.92087432 -7.5124131
60863 48540.0 984.46356 -6339.577700000001 -2468.4977000000003 -1.4784295 2.5024140000000004 -7.0311481
60863 48960.0 281.05731000000003 -4652.434200000001 -5053.058400000001 -1.8102697 5.3844427 -5.0539183
60863 49380.0 -481.99701000000005 -1978.4194 -6563.1224 -1.7577623000000002 7.118716900000001 -2.0074435
60863 49800.0 -1142.9623000000001 1114.6499 -6679.1684000000005 -1.3327614 7.3444176 1.4658389
60863 50220.0 -1561.3631 3970.8442999999997 -5374.269200000001 -0.62302963 6.0093682 4.6375952
60863 50640.0 -1646.9741999999999 5980.4791 -2921.0579 0.22349314 3.383284 6.8320389
60863 51060.0 -1379.8478 6708.775000000001 158.80648000000002 1.0258264 0.019255195 7.565877400000001
60863 51480.0 -816.1839 5995.102 3204.2743 1.6091625 -3.3558036 6.6697685
60863 51900.0 -77.015768 3992.1238 5558.8381 1.8461885 -6.0067135 4.3375386
60863 52320.0 678.58574 1133.3459 6718.267 1.6867667 -7.361748800000001 1.0806343999999999
60863 52740.0 1289.0411000000001 -1968.7035 6435.678 1.1674662 -7.1414754 -2.4009329
60863 53160.0 1624.1779 -4650.435 4774.5357 0.39950372 -5.3966962 -5.3646302
60863 53580.0 1612.6296000000002 -6339.5704000000005 2091.4099 -0.45340486 -2.5008923 -7.1790857
60863 54000.0 1257.0692 -6676.405 -1039.2364 -1.2087534 0.9250531200000001 -7.457083
60863 54420.0 633.78712 -5591.415599999999 -3948.1809 -1.7052683 4.1465228 -6.1440033000000005
60863 54840.0 -124.17482000000001 -3318.5591 -6016.4325 -1.8387883999999999 6.4800596 -3.5272746
60863 55260.0 -855.8475400000001 -342.12434 -6805.8258 -1.5824557 7.4376182 -0.16349239000000002
60863 55680.0 -1405.9923000000001 2706.6379 -6147.9675 -0.98956958 6.8174423 3.2412757
60863 56100.0 -1656.9594 5179.1819000000005 -4178.7312 -0.18297868 4.740387 5.9676691
60863 56520.0 -1553.6227 6543.8713 -1314.2408 0.6667585 1.6375272 7.4250118
60863 56940.0 -1116.7156000000002 6503.5374 1832.9971 1.3758540000000001 -1.8270934 7.286571
60863 57360.0 -439.64033 5064.5437 4584.9225 1.7891664 -4.8991166 5.5775342000000006
60863 57780.0 331.8746 2537.5652999999998 6349.2988 1.8177764 -6.9136202 2.672721
60863 58200.0 1032.2781 -533.8024300000001 6748.6679 1.4573324 -7.4447453 -0.80011056
60863 58620.0 1512.0575000000001 -3491.337 5701.389400000001 0.78585705 -6.3825433 -4.0953914000000005
60863 59040.0 1668.7558000000001 -5702.866400000001 3432.4211 -0.05317249 -3.9571465 -6.5118652
60863 59460.0 1469.0620000000001 -6696.3967999999995 428.21002000000004 -0.88029223 -0.68848789 -7.5327179
60863 59880.0 956.01115 -6261.4755000000005 -2667.746 -1.5182309 2.7203866 -6.9422336
60863 60300.0 239.47295000000003 -4494.1438 -5194.9708 -1.8318675000000002 5.5413464999999995 -4.874764600000001
60863 60720.0 -527.9346800000001 -1773.24 -6617.236400000001 -1.7564979 7.1810058 -1.7760715
60863 61140.0 -1183.5040000000001 1323.3387 -6633.6711 -1.3087819 7.2984551 1.7001755
60863 61560.0 -1587.8698000000002 4138.7219 -5238.6234 -0.58138152 5.8644347 4.8246322
60863 61980.0 -1653.7772 6071.7413 -2724.1449 0.27389125000000003 3.1701546 6.9310654000000005
60863 62400.0 -1365.5615 6704.1368 374.59853000000004 1.073987 -0.21577627000000002 7.5550312
60863 62820.0 -783.9916800000001 5896.1832 3392.4804 1.644725 -3.5614386000000002 6.5518055
60863 63240.0 -33.903212 3820.9637000000002 5679.2926 1.8617326 -6.1389408 4.1389536
60863 63660.0 723.8150899999999 925.47249 6746.1117 1.6788567 -7.3937942 0.84115094
60863 64080.0 1326.2576999999999 -2167.3603 6363.692400000001 1.1378427 -7.0661924 -2.6283933999999998
60863 64500.0 1645.3691000000001 -4797.260700000001 4617.936 0.35414174000000004 -5.2294303 -5.5328888
60863 64920.0 1613.0632 -6402.5633 1883.1541000000002 -0.50511405 -2.276014 -7.2522028
60863 65340.0 1236.3958 -6641.0448 -1254.9013 -1.2557045 1.1599809 -7.4184431
60863 65760.0 596.20262 -5464.1918 -4125.049 -1.73736 4.3410416 -6.0011254
60863 66180.0 -170.8004 -3125.7694 -6116.345200000001 -1.8489243 6.5919334 -3.3103886000000005
60863 66600.0 -901.62048 -124.38349000000001 -6807.0821 -1.5683253 7.4423029 0.08077720499999999
60863 67020.0 -1441.1826 2903.1734 -6050.131 -0.95423551 6.7135617000000005 3.4601648000000003
60863 67440.0 -1674.1335000000001 5312.796 -4002.8452 -0.13412907000000002 4.5502441 6.1135438
60863 67860.0 -1549.2863 6586.5262 -1098.3818999999999 0.7184342100000001 1.4027029 7.4661197
60863 68280.0 -1092.0647 6447.1395 2042.2426 1.4191517 -2.0552224999999997 7.2147507
60863 68700.0 -400.20563 4922.4721 4742.8544 1.8150521000000002 -5.0716763 5.4096269
60863 69120.0 377.7368 2342.2032999999997 6425.5278 1.8202406000000002 -6.9929437 2.4418677
60863 69540.0 1074.7458000000001 -741.70371 6724.871700000001 1.4352978 -7.4151753000000005 -1.0499965
60863 69960.0 1541.2637 -3665.9476 5579.1026 0.7440586499999999 -6.2498417 -4.3089392
60863 70380.0 1677.7439 -5803.8541 3237.6145 -0.10739859 -3.7442579 -6.6461760000000005
60863 70800.0 1454.345 -6697.4637 198.90819000000002 -0.9370415000000001 -0.43306914 -7.5589170999999995
60863 71220.0 919.03937 -6154.8913 -2882.7207000000003 -1.565278 2.96862 -6.8468398
60863 71640.0 186.23810999999998 -4291.377 -5345.8313 -1.8579731 5.731627400000001 -4.6668475
60863 72060.0 -586.04162 -1512.6108000000002 -6663.9226 -1.7528079 7.259575300000001 -1.4969052
60863 72480.0 -1233.5607 1588.4709 -6558.9721 -1.2747747 7.2397095 1.9871227
60863 72900.0 -1618.5339 4351.3865000000005 -5054.2441 -0.5250322 5.6781533 5.0485653
60863 73320.0 -1658.5663000000002 6186.8146 -2469.5907 0.33814797 2.9022923 7.0357598
60863 73740.0 -1344.3175 6700.9323 644.38391 1.1303733 -0.49745152000000004 7.5190291
60863 74160.0 -742.74771 5782.7257 3619.9491000000003 1.6811751 -3.7909951 6.3917819
60863 74580.0 17.308446 3630.5642000000003 5820.841200000001 1.8723052 -6.2702995 3.8985662000000003
60863 75000.0 773.7261 704.53197 6777.951400000001 1.6643457000000001 -7.4101916 0.57664737
60863 75420.0 1365.3642 -2371.5049 6287.7725 1.1017363 -6.9716869 -2.868996
60863 75840.0 1665.7835 -4941.5273 4453.334 0.30274964 -5.0441697 -5.7079536
60863 76260.0 1611.6121 -6460.3545 1667.4509 -0.56350858 -2.026779 -7.3240042
60863 76680.0 1211.1373 -6590.410900000001 -1476.6591 -1.3089032999999999 1.4194216 -7.3743597
60863 77100.0 551.59536 -5310.7699 -4303.9894 -1.7745123 4.562847700000001 -5.8432789000000005
60863 77520.0 -225.89307000000002 -2895.7468 -6208.8461 -1.8604280000000002 6.7275111 -3.062624
60863 77940.0 -955.17552 137.57603 -6784.621700000001 -1.5492414 7.4542202 0.37055943
60863 78360.0 -1480.6128999999999 3141.5124 -5908.4981 -0.9071411 6.5896317 3.7260844000000004
60863 78780.0 -1689.645 5473.9343 -3766.5008 -0.069840588 4.314099100000001 6.2884271
60863 79200.0 -1536.9769 6634.497200000001 -816.1635500000001 0.7836938800000001 1.1111327000000002 7.5040214
60863 79620.0 -1055.0644 6373.977400000001 2309.6333 1.4690997000000001 -2.3285036 7.1081187
60863 80040.0 -346.34018 4744.0914 4938.895 1.8407894 -5.2710061999999995 5.1900262
60863 80460.0 436.21504 2102.3165 6511.5293 1.8172768000000001 -7.076224900000001 2.1637182
60863 80880.0 1125.6968000000002 -987.41845 6692.0398 1.4064173000000002 -7.3696298 -1.3192294999999998
60863 81300.0 1575.3220000000001 -3866.7492 5442.9525 0.6957008100000001 -6.0924391 -4.5209886
60863 81720.0 1688.9555 -5921.3082 3030.0402000000004 -0.16467384000000002 -3.5125837000000004 -6.7602998
60863 82140.0 1441.7755 -6710.875900000001 -31.824151000000004 -0.99103582 -0.17838461000000003 -7.5538128
60863 82560.0 886.36123 -6065.6831 -3086.7034 -1.6055126 3.1934883 -6.728833400000001
60863 82980.0 141.61649 -4125.1801000000005 -5481.0278 -1.8763401 5.8780694 -4.4657752
60863 83400.0 -633.3554 -1305.3362 -6704.1422 -1.7470763 7.305842 -1.2532792
60863 83820.0 -1273.5013999999999 1792.3956 -6496.2034 -1.2458879999999999 7.1776825 2.2258886
60863 84240.0 -1642.2875000000001 4508.018400000001 -4900.5059 -0.47804672 5.5183708 5.2354261
60863 84660.0 -1661.1929 6263.5368 -2257.4781000000003 0.39423961 2.671986 7.1271493
60863 85080.0 -1325.1072 6680.6181 869.23732 1.1806343 -0.73887959 7.4899301
60863 85500.0 -705.07971 5666.4147 3809.4771 1.7159657 -3.9925914 6.2558648
60863 85920.0 65.009617 3445.5272000000004 5935.598 1.8844357 -6.3896026 3.6856934999999997
60863 86340.0 821.31525 491.33686 6795.4186 1.6518264 -7.422968 0.33497254
60864 360.0 1403.0208 -2567.2816000000003 6206.8456 1.0678933 -6.8779429 -3.087551
60864 780.0 1686.041 -5079.2201 4293.6902 0.25493242 -4.8654703 -5.8583552
60864 1200.0 1610.4808 -6512.0705 1463.1328 -0.61372728 -1.8081420000000001 -7.374888299999999
60864 1620.0 1190.0998 -6549.1819000000005 -1679.2625 -1.3521728000000002 1.6360608 -7.3173723
60864 2040.0 515.46831 -5187.33 -4462.281 -1.8018358 4.7303652000000005 -5.693740399999999
60864 2460.0 -269.17548 -2718.5441 -6290.6867 -1.8666806 6.8117778 -2.8549364
60864 2880.0 -996.45856 329.70724 -6774.7155 -1.5336718 7.4401498 0.5921301999999999
60864 3300.0 -1511.2661 3307.5067999999997 -5810.5071 -0.87305361 6.4818609 3.9166108
60864 3720.0 -1703.6283 5580.0948 -3602.402 -0.022605147 4.1290579 6.4110316
60864 4140.0 -1530.5537 6654.8550000000005 -620.81014 0.83289766 0.8921707400000001 7.5304774
60864 4560.0 -1029.1998 6302.4489 2494.5247000000004 1.5108944 -2.5396148 7.0327643
60864 4980.0 -307.08053 4597.9889 5072.9184000000005 1.8647352000000001 -5.423028 5.0276934
60864 5400.0 481.63505 1902.8131 6558.407400000001 1.8205322000000002 -7.151647700000001 1.9424227
60864 5820.0 1167.0558 -1195.9575 6640.7342 1.3833510000000002 -7.3373257999999995 -1.5644669
60864 6240.0 1602.967 -4039.3947000000003 5298.9378 0.6496055199999999 -5.9469476000000006 -4.730204
60864 6660.0 1696.7214 -6021.375400000001 2821.777 -0.22239008000000002 -3.2825721 -6.8733645
60864 7080.0 1426.7933 -6712.2616 -261.23911 -1.0446247000000002 0.072455166 -7.5448201
60864 7500.0 851.26908 -5965.7453 -3288.6728 -1.6450993 3.4137233 -6.6074678
60864 7920.0 94.29750299999999 -3947.2465 -5612.6383 -1.8940021999999999 6.022876500000001 -4.2582421
60864 8340.0 -682.79219 -1087.8552 -6737.938099999999 -1.7393232 7.3461668 -1.0032264
60864 8760.0 -1314.509 2003.0555 -6425.013599999999 -1.2141515 7.1053603999999995 2.4670517
60864 9180.0 -1665.9439 4666.6723 -4738.799599999999 -0.42857155 5.3471855 5.417625
60864 9600.0 -1662.7028 6336.0247 -2042.034 0.44955473 2.4415261 7.207034
60864 10020.0 -1303.4519 6649.642400000001 1094.7339 1.2327082 -0.98914118 7.4547556
60864 10440.0 -665.01412 5538.5613 3995.7996000000003 1.7520299000000001 -4.2047774 6.1080143
60864 10860.0 115.42227000000001 3244.875 6041.5495 1.8967562 -6.5183623 3.4569292000000003
60864 11280.0 871.26648 259.35371 6795.968900000001 1.6371851 -7.4402391 0.070370608
60864 11700.0 1441.4284 -2781.3732000000005 6098.2065999999995 1.0284274 -6.776239800000001 -3.3332915
60864 12120.0 1704.1636 -5229.0272 4095.8713 0.19857476 -4.6621449 -6.0295154
60864 12540.0 1602.4558000000002 -6557.6578 1216.246 -0.6752633499999999 -1.5465464 -7.436518200000001
60864 12960.0 1157.4246 -6481.553900000001 -1925.0651 -1.4052749 1.9022467 -7.2485713
60864 13380.0 464.11637 -5013.6017 -4649.800700000001 -1.8351855000000001 4.9430627000000005 -5.511309000000001
60864 13800.0 -328.9173 -2473.0995000000003 -6380.309200000001 -1.8717359 6.9245346 -2.5895604
60864 14220.0 -1051.7476000000001 595.18136 -6745.531599999999 -1.5076854000000002 7.4198918 0.8811501100000001
60864 14640.0 -1550.0745 3536.4294 -5667.086 -0.82220444 6.3315109000000005 4.1605457
60864 15060.0 -1717.5864 5722.9245 -3375.9651000000003 0.039096343 3.890877 6.550893200000001
60864 15480.0 -1518.3604 6687.421 -361.98951 0.8923345100000001 0.6183447599999999 7.5394547
60864 15900.0 -995.04128 6224.3278 2729.4575 1.5543389 -2.7828556 6.914184100000001
60864 16320.0 -259.56649 4434.3585 5237.968900000001 1.8840949 -5.5842158 4.8147954
60864 16740.0 531.10672 1701.531 6629.9182 1.8129037000000001 -7.193409300000001 1.6939151
60864 17160.0 1208.9917 -1392.6655 6610.0393 1.3566189 -7.274245 -1.7876076
60864 17580.0 1629.7687 -4190.416700000001 5180.8809 0.61032007 -5.8059995 -4.8959978
60864 18000.0 1702.5795 -6093.561 2642.2927999999997 -0.26976846 -3.0901012000000003 -6.9682315
60864 18420.0 1410.7954 -6691.264 -462.72679 -1.0946302 0.29723462 -7.54707
60864 18840.0 816.17932 -5852.6066 -3468.1182000000003 -1.6850481 3.6231056 -6.5019248
60864 19260.0 46.44496 -3758.5189 -5727.9635 -1.9132449 6.1660511 -4.0618697
60864 19680.0 -733.7829399999999 -854.3203900000001 -6753.5075 -1.7320942000000001 7.3927302 -0.7456449300000001
60864 20100.0 -1356.105 2231.8254 -6325.0222 -1.178119 7.0303337 2.7348934
60864 20520.0 -1687.6086 4838.2082 -4538.4626 -0.37085721 5.154678700000001 5.6230105
60864 20940.0 -1656.3109 6404.8688 -1773.074 0.51726456 2.1686298 7.3039493
60864 21360.0 -1268.8746 6594.3687 1374.7129 1.2936004 -1.2814917000000001 7.4102853
60864 21780.0 -609.15254 5368.8985999999995 4227.0407000000005 1.7903030000000002 -4.4449621 5.9256264000000005
60864 22200.0 180.87105 2996.2574 6174.747200000001 1.9031652 -6.6455817 3.1827386000000004
60864 22620.0 932.5628 -13.426617 6806.8779 1.6118168000000002 -7.426904700000001 -0.22524843000000003
60864 23040.0 1486.7438 -3020.4345 5993.0519 0.97955527 -6.6339686 -3.5799726
60864 23460.0 1725.9561 -5387.4536 3906.2862999999998 0.13859960000000002 -4.4329959 -6.1782004
60864 23880.0 1598.6373 -6610.2397 987.93632 -0.73436694 -1.2823677 -7.4666139000000005
60864 24300.0 1130.8445 -6424.9187 -2141.0187 -1.4530519 2.1501062 -7.161819700000001
60864 24720.0 421.70047 -4868.2347 -4811.6050000000005 -1.8624389000000001 5.1282589 -5.3229105
60864 25140.0 -377.51306 -2271.5056 -6451.3143 -1.8740312 7.0121945 -2.3422396
60864 25560.0 -1095.9327 810.68452 -6707.7826 -1.4846925000000002 7.3979604 1.1439647
60864 25980.0 -1579.7923 3719.5541000000003 -5524.5388 -0.77663751 6.198924 4.3892684
60864 26400.0 -1724.5886 5829.8297 -3152.9749 0.09998064300000001 3.6656174000000004 6.6975473
60864 26820.0 -1498.7862 6687.404500000001 -102.04768 0.95544068 0.34392280000000003 7.563897
60864 27240.0 -951.1884 6109.4632 2971.1486 1.6041249 -3.0436342 6.8027765
60864 27660.0 -200.04301999999998 4224.7671 5407.6705999999995 1.9075612000000002 -5.7662675 4.589682600000001
60864 28080.0 593.84483 1440.4116999999999 6690.4016 1.8045314000000001 -7.2516281000000005 1.4100062
60864 28500.0 1261.9242 -1649.55 6551.0403 1.3194947 -7.197070399999999 -2.0609745
60864 28920.0 1662.7422 -4390.1052 5020.5908 0.55445062 -5.6171252 -5.0960544
60864 29340.0 1710.7177 -6198.9129 2422.1447000000003 -0.33068249 -2.8385089 -7.053991
60864 29760.0 1394.4746 -6687.6941 -692.96167 -1.1482747 0.55463104 -7.5102745
60864 30180.0 780.5177199999999 -5748.6041 -3659.5594 -1.7222153 3.8365057 -6.3581903
60864 30600.0 -0.30062425000000004 -3580.4537000000005 -5841.496700000001 -1.9282202 6.3000661000000004 -3.8418944
60864 31020.0 -781.02796 -646.5199 -6770.492200000001 -1.7217597 7.4165804 -0.50071224
60864 31440.0 -1394.5685 2425.5080000000003 -6246.813 -1.1458859000000001 6.9449205 2.9532273
60864 31860.0 -1709.2317 4976.7969 -4382.251 -0.3234102 4.9820544 5.775503
60864 32280.0 -1656.5819 6459.2498 -1572.3353000000002 0.5696787600000001 1.9476198999999998 7.359825799999999
60864 32700.0 -1247.991 6553.92 1576.3881000000001 1.3401637000000002 -1.5040204000000001 7.3590125
60864 33120.0 -571.67238 5242.8135 4386.2683 1.8214102 -4.6229716 5.778892
60864 33540.0 226.99327 2811.1832999999997 6257.2420999999995 1.9123612 -6.7429254 2.9707589
60864 33960.0 977.46132 -218.47170000000003 6794.025900000001 1.5968040000000001 -7.4227641 -0.45938900000000005
60864 34380.0 1520.6121 -3201.9079 5885.7163 0.9428967500000001 -6.5274849999999995 -3.7876410000000003
60864 34800.0 1741.111 -5505.8899 3725.3707999999997 0.087751785 -4.2444478 -6.3141578
60864 35220.0 1591.3515 -6638.9633 770.84222 -0.78837013 -1.0514668999999999 -7.499215
60864 35640.0 1102.3626000000002 -6356.6530999999995 -2348.118 -1.4980145 2.3721943999999997 -7.0822978999999995
60864 36060.0 378.06068 -4717.445 -4964.4073 -1.8883159 5.2916939 -5.148882700000001
60864 36480.0 -426.96506 -2070.9915 -6517.7934000000005 -1.8753897 7.081277 -2.1130633
60864 36900.0 -1140.7631999999999 1017.6612 -6675.2391 -1.461707 7.3590559 1.3778348
60864 37320.0 -1610.6736 3887.7313 -5403.3013 -0.73423074 6.0607751 4.5784136
60864 37740.0 -1735.3205 5924.754400000001 -2969.3822999999998 0.15227156 3.4606429 6.802389600000001
60864 38160.0 -1487.2751 6689.418000000001 104.09834 1.0072821 0.11403559 7.564739800000001
60864 38580.0 -919.85302 6017.8038 3155.3983 1.645035 -3.2522603 6.6991736
60864 39000.0 -155.50841 4058.2297000000003 5529.8405999999995 1.9286868 -5.9104017 4.4010514999999995
60864 39420.0 642.17261 1232.5511999999999 6721.897900000001 1.8010134 -7.3004099 1.174285
60864 39840.0 1303.4774 -1855.2054 6482.0256 1.2912019000000001 -7.1373714 -2.2952344
60864 40260.0 1688.0745 -4549.1050000000005 4862.5093 0.50687419 -5.4582271 -5.2776813
60864 40680.0 1713.7648000000002 -6275.6985 2206.5722 -0.38716681999999997 -2.613217 -7.1404758
60864 41100.0 1374.1537 -6664.3815 -920.63722 -1.2007267 0.7959719300000001 -7.4802432
60864 41520.0 741.16833 -5630.330400000001 -3850.7942000000003 -1.7586373000000002 4.0384989000000004 -6.218235300000001
60864 41940.0 -50.117824999999996 -3393.8182 -5956.298 -1.9408279 6.4176693 -3.6251996
60864 42360.0 -830.71248 -432.73991 -6786.6893 -1.7086481000000002 7.4262578 -0.25663838
60864 42780.0 -1433.8583999999998 2620.6341 -6163.5609 -1.1109729 6.848625 3.1708275
60864 43200.0 -1730.1751000000002 5113.0145 -4218.183099999999 -0.27389563 4.8023804000000005 5.924906
60864 43620.0 -1655.4015 6508.644200000001 -1365.7586000000001 0.62358988 1.7215059000000001 7.4092997
60864 44040.0 -1225.2488999999998 6507.0228 1780.717 1.3871033 -1.7281746 7.2992474000000005
60864 44460.0 -532.44958 5110.5187000000005 4544.429400000001 1.8517034 -4.7982064 5.623981799999999
60864 44880.0 274.31045 2621.862 6335.6161 1.9198726 -6.8339601000000005 2.7530305
60864 45300.0 1022.74 -424.65383 6775.4445000000005 1.5797083 -7.4104779 -0.69527921
60864 45720.0 1554.0283000000002 -3381.0868 5772.8095 0.90444502 -6.4131516 -3.9928548999999998
60864 46140.0 1755.1839 -5619.1669 3540.6667 0.035732237 -4.0503725 -6.4443481
60864 46560.0 1582.6567 -6660.8982000000005 552.75467 -0.8427536 -0.81831057 -7.524420500000001
60864 46980.0 1072.4569 -6281.3387999999995 -2553.1074 -1.5426384000000002 2.5932121 -6.9955498
60864 47400.0 333.28526 -4560.6465 -5112.313099999999 -1.9131854000000001 5.4513810000000005 -4.9689807
60864 47820.0 -477.03089 -1866.4502 -6577.3273 -1.8753073 7.1448151 -1.8800961
60864 48240.0 -1185.531 1226.0508 -6634.656900000001 -1.4370176 7.3134827 1.6128612
60864 48660.0 -1641.5554 4058.201 -5273.826900000001 -0.6897335900000001 5.9136636 4.7646026
60864 49080.0 -1746.8258 6022.2225 -2784.677 0.20594246000000002 3.2448706 6.8940495
60864 49500.0 -1477.0544 6693.2964 304.07388000000003 1.0568963000000002 -0.11228773 7.5494975
60864 49920.0 -891.06754 5931.6158 3327.9957000000004 1.6826606 -3.4487043 6.586912000000001
60864 50340.0 -114.49853999999999 3901.2227000000003 5638.3135 1.9479351999999999 -6.0429246999999995 4.2150697
60864 50760.0 686.53664 1037.9624000000001 6742.100200000001 1.7972603 -7.343565 0.94619924
60864 51180.0 1341.2122 -2046.6075 6404.8099 1.2636196 -7.0781084000000005 -2.5232442
60864 51600.0 1709.8322 -4694.5770999999995 4697.956 0.45954343000000003 -5.3014514 -5.4573311
60864 52020.0 1713.0783000000001 -6339.35 1984.5620000000001 -0.44448434 -2.3873544000000004 -7.2271766
60864 52440.0 1349.7368000000001 -6627.4322 -1154.4524 -1.2541555000000002 1.0404855 -7.447284300000001
60864 52860.0 696.9312199999999 -5493.3911 -4043.9544 -1.7958735 4.244855800000001 -6.0741494000000005
60864 53280.0 -105.84429 -3180.8318 -6066.955400000001 -1.9536583 6.5445541 -3.3938946000000003
60864 53700.0 -885.53247 -191.14266 -6790.733700000001 -1.6922672 7.4345862 0.0078766681
60864 54120.0 -1476.2523 2839.8347000000003 -6060.4582 -1.0695211 6.7361793 3.4062335
60864 54540.0 -1751.6136999999999 5264.115900000001 -4032.0505000000003 -0.21772745000000002 4.597607 6.0769851
60864 54960.0 -1652.4674 6562.8858 -1139.2812 0.68128714 1.4742491 7.446542900000001
60864 55380.0 -1199.9469 6458.3496 1997.9181 1.4340631000000001 -1.9619478 7.2195241
60864 55800.0 -491.15515999999997 4974.769700000001 4707.7481 1.8792794 -4.9716791 5.449993900000001
60864 56220.0 322.18811 2432.1835 6412.904500000001 1.9236134999999999 -6.9157167 2.5236361
60864 56640.0 1067.1123 -627.0791899999999 6752.4766 1.5595168000000001 -7.3887405 -0.93587257
60864 57060.0 1585.3901 -3553.0283 5654.2381 0.8635029200000001 -6.2916363 -4.2003096
60864 57480.0 1766.1543000000001 -5722.3135 3349.2808 -0.018953855999999998 -3.8489883000000003 -6.577377
60864 57900.0 1569.7371 -6669.0352 327.70129 -0.90022246 -0.5748223299999999 -7.5510137
60864 58320.0 1037.0504 -6187.1091 -2764.4824 -1.590154 2.8282175 -6.9039894
60864 58740.0 282.1059 -4379.1906 -5262.696599999999 -1.9391185000000002 5.6232612 -4.7746861
60864 59160.0 -533.2314200000001 -1634.3333 -6632.025000000001 -1.8727454000000001 7.210459 -1.6252195999999999
60864 59580.0 -1234.6318 1459.8998000000001 -6579.9472000000005 -1.4066731 7.2565215 1.8683264
60864 60000.0 -1672.3837 4242.3905 -5118.8014 -0.63980006 5.7521661 4.9631683
60864 60420.0 -1752.6188000000002 6117.8952 -2560.4797000000003 0.2648443 3.0156574999999997 6.997181899999999
60864 60840.0 -1457.8665 6684.421200000001 547.2070500000001 1.1130818 -0.36683372000000003 7.530693
60864 61260.0 -851.4502900000001 5821.893099999999 3537.4751 1.7221558000000001 -3.6650154 6.4506356
60864 61680.0 -63.219216 3717.0317000000005 5771.6594000000005 1.9628373 -6.1736319 3.9964292
60864 62100.0 738.49085 821.63216 6775.2486 1.7857744 -7.3641326000000005 0.69669133
60864 62520.0 1383.3635 -2248.2819 6336.0704000000005 1.2293939 -6.9899303 -2.7506894
60864 62940.0 1734.0955000000001 -4839.9547 4546.2883 0.41003539 -5.1266023 -5.6186955
60864 63360.0 1714.832 -6399.1083 1783.4635 -0.50011118 -2.1605585 -7.2938815
60864 63780.0 1328.7506 -6588.747200000001 -1360.9795 -1.3050270000000002 1.2747983 -7.4057711
60864 64200.0 657.99837 -5366.7124 -4213.034900000001 -1.8307058 4.4380388 -5.9268354
60864 64620.0 -153.67653 -2995.5327 -6160.633900000001 -1.9640092 6.6471881 -3.1787618
60864 65040.0 -932.52562 15.944378 -6787.8334 -1.6776321 7.4330648 0.2456294
60864 65460.0 -1512.3183000000001 3024.1819 -5961.7316 -1.0330492999999998 6.6314475 3.6167646
60864 65880.0 -1769.0265 5386.2625 -3858.5514 -0.1669205 4.4113231 6.2161888
60864 66300.0 -1647.3647 6596.2368 -927.88098 0.73575835 1.2452809 7.4844396
60864 66720.0 -1173.2576999999999 6395.0765 2202.0511 1.4805217 -2.1850111 7.147200799999999
60864 67140.0 -448.35965000000004 4827.244900000001 4860.6271 1.9077736 -5.1409752 5.2826699
60864 67560.0 372.00511 2231.5672999999997 6481.422500000001 1.9279331 -6.994559199999999 2.2965603999999997
60864 67980.0 1113.3779 -838.38878 6721.4585 1.5385566 -7.3597922 -1.1740959
60864 68400.0 1618.2127 -3730.1242 5529.896900000001 0.82161321 -6.1605741 -4.3982209999999995
60864 68820.0 1778.4796000000001 -5827.4002 3158.079 -0.072728302 -3.644003 -6.6918101
60864 69240.0 1558.9974 -6680.0382 110.78365 -0.9541026100000001 -0.34087619 -7.5570027
60864 69660.0 1005.7303 -6102.7249 -2960.611 -1.6324937 3.0401312 -6.8010733000000005
60864 70080.0 237.06670000000003 -4218.554099999999 -5396.4241 -1.9609842000000002 5.7679724 -4.586266800000001
60864 70500.0 -582.30537 -1432.2833 -6675.197 -1.8699049 7.2587909 -1.3924509
60864 70920.0 -1277.3507 1659.98 -6524.4875999999995 -1.3797153000000002 7.198741699999999 2.0969924
60864 71340.0 -1699.6214 4397.6916 -4976.6775 -0.59431175 5.6004205 5.139844600000001
60864 71760.0 -1758.4757 6194.9913 -2361.9523 0.31936127 2.801615 7.084211100000001
60864 72180.0 -1440.9518 6666.343 759.71957 1.1650061 -0.59771289 7.508965900000001
60864 72600.0 -815.2810300000001 5712.0329 3718.3204 1.7602573 -3.8631113 6.324628
60864 73020.0 -15.450715 3538.4512000000004 5881.9989000000005 1.9789504 -6.2966652000000005 3.7929518
60864 73440.0 787.7090300000001 612.1286 6791.2526 1.7764261 -7.385635100000001 0.45912579
60864 73860.0 1423.5409 -2444.2423 6254.0010999999995 1.1964468 -6.9050427 -2.9716158999999998
60864 74280.0 1756.6116000000002 -4980.6512 4383.416 0.36040379 -4.9530445 -5.775428
60864 74700.0 1714.8281000000002 -6454.545400000001 1574.5227 -0.5557527 -1.9353798 -7.352109400000001
60864 75120.0 1306.2355 -6547.2873 -1571.059 -1.3545692 1.5024106 -7.3528817
60864 75540.0 617.8909 -5237.8689 -4379.2697 -1.8634139 4.6189526 -5.7749369
60864 75960.0 -202.69921 -2807.5057 -6247.8335 -1.97304 6.743217400000001 -2.9612214
60864 76380.0 -980.0044300000001 222.81294 -6777.884400000001 -1.6612462000000001 7.4247009 0.48262848
60864 76800.0 -1548.102 3205.5942999999997 -5856.9316 -0.99470107 6.5206609 3.8233791000000004
60864 77220.0 -1785.4187 5503.3411 -3681.228 -0.11455101999999999 4.221164300000001 6.3487177
60864 77640.0 -1640.7298 6623.5803 -715.82428 0.7910463200000001 1.0158618000000001 7.514212000000001
60864 78060.0 -1144.8894 6326.4218 2403.4494 1.5268540000000002 -2.4046247 7.0672716
60864 78480.0 -404.05844 4676.121700000001 5007.985900000001 1.9352953 -5.3039321 5.1105674
60864 78900.0 422.74113 2030.3599 6543.1315 1.93048 -7.065699800000001 2.0682562
60864 79320.0 1159.7354 -1047.0792 6683.9340999999995 1.5155299 -7.3235792 -1.4096857
60864 79740.0 1650.2889 -3901.9502 5400.8422 0.77787563 -6.0243886 -4.590455
60864 80160.0 1789.4214 -5925.7698 2964.9598 -0.12775606 -3.436845 -6.798911100000001
60864 80580.0 1546.4275 -6683.7888 -105.07642 -1.0085084 -0.10770831 -7.5561107000000005
60864 81000.0 972.53597 -6011.9274000000005 -3152.969 -1.674506 3.2489003 -6.6922272000000005
60864 81420.0 190.46470000000002 -4053.2527999999998 -5524.2665 -1.9817141 5.9076241000000005 -4.393774400000001
60864 81840.0 -632.33803 -1228.1359 -6711.622200000001 -1.8651896 7.3005068 -1.1577985000000002
60864 82260.0 -1320.1515 1859.2565 -6462.1241 -1.3505514 7.1340758 2.3243755999999998
60864 82680.0 -1726.0285000000001 4549.495 -4828.853700000001 -0.54676477 5.442884200000001 5.3120428
60864 83100.0 -1762.7502 6266.6279 -2160.1615 0.37532485000000004 2.5842342 7.1642958
60864 83520.0 -1422.0506 6642.0954 972.3099599999999 1.2173602000000001 -0.82854967 7.4793178
60864 83940.0 -777.18099 5596.7518 3896.0295 1.7976891000000002 -4.0578277 6.1914951
60864 84360.0 33.752153 3356.5143 5986.6963 1.9934433 -6.4136194 3.5848731
60864 84780.0 837.54034 402.11354 6800.4033 1.7648667 -7.3999559 0.22044418999999998
60864 85200.0 1463.3698000000002 -2637.744 6165.3342999999995 1.1612218 -6.8134283 -3.1902799
60864 85620.0 1777.8999 -5116.3715999999995 4215.504 0.30894045 -4.7744128 -5.927139100000001
60864 86040.0 1712.8756 -6503.0508 1362.8191000000002 -0.6124755000000001 -1.7076402000000002 -7.4040241
60865 60.0 1281.5275 -6498.363 -1781.0608 -1.4042016000000002 1.7300308 -7.2929958
60865 480.0 575.7654 -5102.1674 -4542.5380000000005 -1.8952137 4.7969572 -5.6164785
60865 900.0 -253.18112 -2614.4157 -6329.6326 -1.9803628000000002 6.833687 -2.7388872
60865 1320.0 -1028.0826 431.90856 -6761.086200000001 -1.6426518 7.408989 0.72129211
60865 1740.0 -1583.5267 3386.0421 -5745.3696 -0.95410985 6.4023351 4.027802
60865 2160.0 -1800.6171000000002 5616.5869 -3498.83 -0.060559758000000005 4.0252079 6.475456100000001
60865 2580.0 -1632.4258 6645.3088 -501.66201 0.8469290300000001 0.78397195 7.5359188
60865 3000.0 -1114.8423 6251.945900000001 2603.4627 1.5726221 -2.6226548 6.979182
60865 3420.0 -358.35482 4519.7484 5150.6188 1.9615776 -5.4626835 4.9326093
60865 3840.0 474.2282 1826.1325 6598.1488 1.9312121 -7.1306053 1.8366156
60865 4260.0 1206.0168 -1255.9522 6638.9577 1.4904503 -7.2802849 -1.6454997
60865 4680.0 1681.4536 -4071.02 5264.9377 0.73228852 -5.8815341 -4.7795857
60865 5100.0 1798.813 -6018.9892 2766.9709 -0.18397549000000002 -3.2249308 -6.8998602
60865 5520.0 1531.5542 -6679.2349 -322.97975 -1.0632217000000002 0.12622075 -7.5493811
60865 5940.0 937.08942 -5913.0288 -3344.7376000000004 -1.7159518 3.4559211000000003 -6.5767499
60865 6360.0 142.07760000000002 -3881.3651 -5648.811900000001 -2.0009036 6.0421126 -4.1955027000000005
60865 6780.0 -683.34147 -1020.2861 -6742.8949 -1.858288 7.334099500000001 -0.9205436600000001
60865 7200.0 -1362.9808 2058.5496000000003 -6394.488200000001 -1.3192774999999999 7.0606162999999995 2.5494265
60865 7620.0 -1751.7204 4697.9842 -4677.7312999999995 -0.49794781 5.2788653000000005 5.477259699999999
60865 8040.0 -1766.0477 6333.1425 -1958.5661000000002 0.43120795 2.3650063 7.2350812
60865 8460.0 -1402.454 6613.022 1180.882 1.2685613 -1.0563091 7.4412594
60865 8880.0 -738.1112800000001 5474.7852 4066.4255000000003 1.8345211 -4.2488272 6.0559923
60865 9300.0 84.346879 3165.2525 6081.1669 2.0081211000000003 -6.5325944 3.3723377
60865 9720.0 888.58607 182.25767000000002 6796.643599999999 1.7520928 -7.413825200000001 -0.026409623
60865 10140.0 1503.5096 -2839.6297999999997 6060.0443 1.1229644 -6.7149359 -3.4174526000000003
60865 10560.0 1797.9764 -5256.154500000001 4028.3877 0.2535826 -4.58282 -6.0815757
60865 10980.0 1708.6577 -6550.567599999999 1134.5976 -0.6713728800000001 -1.4682237 -7.447228
60865 11400.0 1253.9278000000002 -6443.8556 -2002.1916 -1.4532535 1.9601606 -7.2194056
60865 11820.0 530.02624 -4952.996400000001 -4706.3798 -1.9269572000000001 4.9759874 -5.4508549
60865 12240.0 -307.32640000000004 -2404.3134 -6404.4757 -1.9872630999999998 6.9264698 -2.5063182000000004
60865 12660.0 -1077.9768000000001 658.0772099999999 -6722.9693 -1.6216089999999999 7.3969644 0.9847534900000001
60865 13080.0 -1618.7485 3581.7305 -5601.2327000000005 -0.90645332 6.2723817 4.2616891
60865 13500.0 -1811.8364 5736.3237 -3272.7433 0.003901357 3.7996264 6.6232604
60865 13920.0 -1615.6292 6658.3836 -239.00170000000003 0.91306795 0.51172484 7.5578117
60865 14340.0 -1072.8214 6152.1144 2846.5277 1.6240327 -2.8760004 6.866880500000001
60865 14760.0 -300.75951000000003 4331.4905 5322.8898 1.9854078 -5.6339409 4.712448500000001
60865 15180.0 535.33572 1589.9989 6665.407200000001 1.9241416 -7.1838898 1.5669431
60865 15600.0 1258.1927 -1488.2799 6593.4053 1.4561139 -7.2105708 -1.9031523
60865 16020.0 1714.9488999999999 -4251.6767 5123.170700000001 0.6793627400000001 -5.7105723 -4.9727644
60865 16440.0 1808.0838999999999 -6113.3189 2563.9917 -0.24462052 -2.9917772 -6.994077000000001
60865 16860.0 1516.26 -6673.0975 -542.04627 -1.1203358 0.3766086 -7.527787
60865 17280.0 900.4514200000001 -5806.8585 -3531.6943 -1.758833 3.6742463 -6.447996600000001
60865 17700.0 91.874348 -3697.2375 -5762.8956 -2.0212768000000003 6.1884983 -3.9819525
60865 18120.0 -736.33547 -795.47924 -6755.7591 -1.8506446 7.3774321 -0.6594003199999999
60865 18540.0 -1406.7407 2277.083 -6296.4418 -1.2831665 6.985213 2.8062793999999998
60865 18960.0 -1775.248 4860.642400000001 -4482.902099999999 -0.43937498 5.0924700000000005 5.6724815
60865 19380.0 -1762.4757 6400.3528 -1703.8426000000002 0.49894424 2.1057584 7.3181965
60865 19800.0 -1371.4767 6566.5923 1442.1247 1.3284965 -1.3267835000000001 7.3881249
60865 20220.0 -687.0580600000001 5328.0306 4279.1141 1.8710655999999999 -4.4614689 5.8768400000000005
60865 20640.0 143.80223 2954.8242999999998 6203.2985 2.0136509 -6.632971400000001 3.1220303
60865 21060.0 944.2954599999999 -44.766139 6809.7024 1.7296409000000001 -7.3931205 -0.2853181
60865 21480.0 1545.1431000000002 -3034.9155 5972.3093 1.0798465000000002 -6.589029000000001 -3.6310436
60865 21900.0 1818.7807 -5382.1497 3867.0598 0.19901954000000002 -4.384805500000001 -6.2141836999999995
60865 22320.0 1705.7336 -6584.889700000001 937.8165200000001 -0.72817609 -1.2363543 -7.481350000000001
60865 22740.0 1228.5566000000001 -6381.6336 -2191.7200000000003 -1.5030903000000002 2.1882919000000003 -7.1488265
60865 23160.0 488.35857000000004 -4811.965099999999 -4850.4783 -1.9573867 5.150418800000001 -5.2797265
60865 23580.0 -356.4938 -2210.8765 -6466.6014000000005 -1.9922461 7.0095621 -2.2751029
60865 24000.0 -1124.8543 864.01274 -6692.5531 -1.5998663 7.3660741 1.2195419
60865 24420.0 -1651.8400000000001 3752.9058 -5479.6936 -0.86366484 6.1415988 4.4548821
60865 24840.0 -1824.0897 5836.3095 -3086.233 0.05852522600000001 3.5976526 6.7337397
60865 25260.0 -1604.4936 6666.084900000001 -27.962621 0.9677720900000001 0.28236712999999997 7.562094699999999
60865 25680.0 -1040.7669 6066.394 3036.6631 1.6671745000000002 -3.0834787 6.7651303
60865 26100.0 -254.63453 4170.9791000000005 5451.604 2.0080487000000002 -5.7761534 4.5270247
60865 26520.0 585.7556999999999 1388.9159 6705.322099999999 1.9215837 -7.2315288 1.3370351
60865 26940.0 1302.2187 -1687.3933000000002 6535.7415 1.4287158 -7.1536403 -2.1296418
60865 27360.0 1743.1149 -4406.5232000000005 4979.5485 0.6325453700000001 -5.5603062 -5.1481984
60865 27780.0 1814.1755 -6190.5518 2364.3208 -0.30100207 -2.7789682 -7.0804065000000005
60865 28200.0 1498.8075000000001 -6655.648 -755.37388 -1.1740109 0.60641551 -7.5051644
60865 28620.0 863.1130300000001 -5698.1579 -3712.9697 -1.7980929 3.8708742000000003 -6.320785600000001
60865 29040.0 42.642668 -3520.664 -5873.296200000001 -2.0376178 6.3091154 -3.7779504000000004
60865 29460.0 -786.9195100000001 -589.08825 -6771.9412 -1.840668 7.3963305 -0.42304822000000003
60865 29880.0 -1448.1037 2469.1058 -6216.7257 -1.2489884 6.8977332 3.0233494000000003
60865 30300.0 -1798.4687 4996.9631 -4324.2664 -0.38877019 4.919509 5.8240323
60865 30720.0 -1762.8407 6452.396900000001 -1501.1864 0.55522534 1.8847521 7.3726009999999995
60865 31140.0 -1349.0734 6523.9223 1644.9866000000002 1.3787234000000002 -1.5487258 7.3348507000000005
60865 31560.0 -646.7246600000001 5200.2175 4438.7201 1.9047619 -4.6381014 5.7278558
60865 31980.0 193.51217000000003 2768.9411 6285.4130000000005 2.0238013 -6.728008300000001 2.9085232999999997
60865 32400.0 992.82173 -249.59565 6796.1225 1.7138773 -7.386555400000001 -0.5195279500000001
60865 32820.0 1581.9985 -3215.2887 5864.545700000001 1.0409407000000002 -6.4808987 -3.8372815
60865 33240.0 1835.7413999999999 -5499.0779 3686.5309 0.14488925 -4.1960058 -6.347829300000001
60865 33660.0 1698.7481 -6612.2181 722.12613 -0.7858797399999999 -1.0065946000000001 -7.5116917
60865 34080.0 1198.848 -6312.6201 -2396.5765 -1.5514982 2.4085568 -7.067659300000001
60865 34500.0 442.23321999999996 -4661.2129 -5000.5082999999995 -1.9856932 5.3120361 -5.1047753
60865 34920.0 -409.13436 -2011.0786 -6530.0478 -1.9944279 7.0772229 -2.0455157
60865 35340.0 -1172.8193999999999 1069.6115 -6657.093 -1.5757611 7.325919799999999 1.4535135000000001
60865 35760.0 -1685.4943 3920.2092000000002 -5357.5389000000005 -0.81874114 6.0019256 4.6403125
60865 36180.0 -1836.3079 5930.0474 -2903.0755 0.11387518 3.3934346 6.8339080999999995
60865 36600.0 -1593.2143 6667.8514000000005 175.77569 1.022429 0.056212816 7.558555999999999
60865 37020.0 -1008.5935000000001 5976.5208 3217.1150000000002 1.7102935000000001 -3.2862724 6.6596147000000006
60865 37440.0 -208.32164000000003 4007.9117 5569.702700000001 2.0308358 -5.9152341999999996 4.3401956
60865 37860.0 636.36333 1186.2294 6734.0026 1.9187406 -7.2774753 1.1052002
60865 38280.0 1346.0769 -1887.2879 6465.7063 1.3998207 -7.0939819 -2.3595177
60865 38700.0 1770.2019 -4560.3072999999995 4822.14 0.5829487400000001 -5.4037597 -5.3263292
60865 39120.0 1817.8845000000001 -6263.4435 2150.6045 -0.36064005 -2.5571699 -7.1647308999999995
60865 39540.0 1477.7837 -6630.2333 -980.44857 -1.2298951999999999 0.84376699 -7.4739065
60865 39960.0 821.72312 -5579.4861 -3901.3052000000002 -1.8373223 4.0688836 -6.1806396
60865 40380.0 -10.125911 -3335.253 -5985.3854 -2.0516486 6.4230158 -3.5623256000000003
60865 40800.0 -839.8273100000001 -377.88093 -6786.252 -1.8273129 7.4030948 -0.18160742
60865 41220.0 -1489.9623000000001 2659.9456 -6132.697 -1.2111828 6.7985157 3.2428668
60865 41640.0 -1824.9146 5139.566 -4170.2563 -0.33381816 4.7254453000000005 5.9621157
60865 42060.0 -1765.4891000000002 6505.1022 -1310.1412 0.6119389700000001 1.6579653 7.4096273
60865 42480.0 -1329.1698999999999 6481.6626 1829.9328 1.4280926999999999 -1.7669121 7.2723320000000005
60865 42900.0 -608.9449300000001 5074.0565 4578.590099999999 1.9390829 -4.8135205 5.5781144000000005
60865 43320.0 241.257 2583.6337000000003 6347.6867 2.035923 -6.8298236 2.6931803
60865 43740.0 1040.0342 -457.59712 6759.932 1.6986626000000002 -7.3892153 -0.7660900500000001
60865 44160.0 1616.9423000000002 -3401.0509 5726.5246 0.99839402 -6.372138 -4.0660476
60865 44580.0 1849.8296 -5621.454900000001 3470.4418 0.082457398 -3.9849207000000004 -6.4966042
60865 45000.0 1686.6913000000002 -6637.8548 470.31869 -0.85045539 -0.74872488 -7.5349392
60865 45420.0 1161.1998 -6228.3866 -2631.3078 -1.602565 2.6465608 -6.967101899999999
60865 45840.0 387.60817 -4488.550200000001 -5169.8683 -2.0120820000000004 5.4779786999999995 -4.9026482
60865 46260.0 -468.58516 -1791.1198000000002 -6601.8157 -1.9908575000000002 7.1323848 -1.7932393
60865 46680.0 -1224.9317 1288.1895 -6622.693200000001 -1.5454356 7.2647696999999996 1.6953773
60865 47100.0 -1720.2252 4092.8817000000004 -5228.3784000000005 -0.77011979 5.848111200000001 4.823940800000001
60865 47520.0 -1848.4066 6024.036099999999 -2715.3492 0.17119051 3.1793693 6.9250221000000005
60865 47940.0 -1581.4084 6667.1735 379.65421999999995 1.0771041000000001 -0.17285388000000002 7.543694800000001
60865 48360.0 -975.75598 5882.602900000001 3393.3304 1.7523912000000001 -3.4855301 6.5474011
60865 48780.0 -160.29132 3834.1481000000003 5677.3605 2.0548498 -6.0597937 4.1487968
60865 49200.0 689.6099499999999 964.6594100000001 6743.396900000001 1.9160275 -7.3355652000000005 0.85190785
60865 49620.0 1390.8526000000002 -2107.7681000000002 6360.960599999999 1.365255 -7.0349887 -2.6305825
60865 50040.0 1794.6112 -4729.3604000000005 4614.3363 0.52088172 -5.2215054 -5.545829800000001
60865 50460.0 1812.7043999999999 -6335.251700000001 1872.3323 -0.43647236 -2.2851469000000004 -7.2720963
60865 50880.0 1441.2209 -6579.6848 -1273.221 -1.2998676 1.1415041000000001 -7.4317789
60865 51300.0 760.47713 -5412.365 -4145.0913 -1.8822271000000002 4.3131536 -5.9953623
60865 51720.0 -82.95093 -3088.0832 -6129.4663 -2.0607359 6.5508651 -3.2841546
60865 52140.0 -908.82176 -106.82345 -6806.8488 -1.8010095 7.3884657 0.11523422999999999
60865 52560.0 -1542.0281000000002 2897.2574 -6036.8417 -1.1598267 6.658446700000001 3.4850385999999998
60865 52980.0 -1848.2292 5286.8481 -3983.2959 -0.27154809999999996 4.5139607 6.1175528
60865 53400.0 -1761.6158 6552.6873 -1081.058 0.67701455 1.4027129 7.451692200000001
60865 53820.0 -1299.613 6421.9846 2051.8013 1.4832938999999998 -2.0148649 7.1949984
60865 54240.0 -560.22041 4920.410900000001 4745.407700000001 1.9736002000000001 -5.005655399999999 5.397539
60865 54660.0 298.77617 2367.9579 6422.7311 2.0424131 -6.9277940000000005 2.4437235999999998
60865 55080.0 1093.8621 -690.30951 6724.0026 1.6747376 -7.3704163 -1.0360278
60865 55500.0 1654.8831000000002 -3600.9549 5582.430200000001 0.9479820800000001 -6.2359496 -4.2993748
60865 55920.0 1861.1216000000002 -5739.2221 3241.3898 0.015794041 -3.7593545 -6.6453265
60865 56340.0 1667.5611000000001 -6644.5485 202.09019 -0.92056453 -0.47311084000000003 -7.5618568999999995
60865 56760.0 1115.942 -6123.218400000001 -2880.9942 -1.6577693999999998 2.9084222 -6.8507139
60865 57180.0 325.46958 -4291.5105 -5346.2695 -2.0378541 5.6543836 -4.6757362
60865 57600.0 -534.52027 -1545.0215 -6669.773099999999 -1.9832091 7.1861592000000005 -1.5144686
60865 58020.0 -1281.1856 1529.5576 -6574.2315 -1.5082411 7.1903638 1.9604587
60865 58440.0 -1756.3097 4279.9083 -5081.5172 -0.7131510500000001 5.6695592 5.0198787000000005
60865 58860.0 -1858.5336000000002 6121.4193 -2507.2208 0.23572121999999998 2.9391452 7.0171024
60865 59280.0 -1564.952 6659.081099999999 602.07866 1.1371984 -0.42627093000000005 7.5199384
60865 59700.0 -937.2938100000001 5775.192400000001 3582.3662999999997 1.797338 -3.7065982 6.4126866
60865 60120.0 -109.33119 3657.1054 5794.9130000000005 2.0735387000000003 -6.1959433 3.9307271000000004
60865 60540.0 741.9838100000001 757.32726 6765.3964000000005 1.9064806 -7.3611148 0.60587364
60865 60960.0 1435.1343000000002 -2304.9573 6287.9505 1.3308919000000001 -6.9493841000000005 -2.8502613
60865 61380.0 1822.1201 -4875.1009 4466.0512 0.46899095 -5.044581 -5.6955238
60865 61800.0 1818.8876 -6401.423900000001 1684.5368999999998 -0.49175826 -2.0656293 -7.3174015
60865 62220.0 1425.54 -6554.6134 -1459.2792 -1.3467539 1.3490503 -7.377079
60865 62640.0 726.40185 -5301.5999 -4289.0951 -1.916441 4.4822695 -5.8609777
60865 63060.0 -127.79303999999999 -2917.4752000000003 -6201.7935 -2.0751972000000003 6.6520009 -3.0886606000000003
60865 63480.0 -954.5695000000001 87.503517 -6789.3263 -1.7903817 7.3971533 0.34076025
60865 63900.0 -1577.9735 3073.8972000000003 -5926.189 -1.1243432 6.5657076 3.6945662
60865 64320.0 -1865.0958 5405.1183 -3796.7545 -0.21789849 4.3333438 6.2615087
60865 64740.0 -1754.2601000000002 6582.9632 -855.05776 0.73625647 1.1728383 7.4912456
60865 65160.0 -1268.654 6354.210099999999 2269.4405 1.5337626 -2.2400613 7.1176325
60865 65580.0 -512.17933 4769.0704000000005 4908.6758 2.0028786 -5.1700614 5.221745
60865 66000.0 353.51158000000004 2167.3203 6498.9304 2.0446552 -6.9940693000000005 2.2137214
60865 66420.0 1143.9526 -895.90971 6701.7728 1.6510192 -7.3281585 -1.2657514
60865 66840.0 1690.6268 -3768.0691 5472.9889 0.9045864299999999 -6.0998 -4.480349
60865 67260.0 1877.2591000000002 -5838.219400000001 3074.7018 -0.03729651 -3.5617575 -6.7392993
60865 67680.0 1663.4127 -6663.075900000001 18.402207 -0.97080638 -0.26186682 -7.5499865
60865 68100.0 1092.6607 -6057.775900000001 -3040.8756000000003 -1.6971607 3.0903110000000003 -6.7516445
60865 68520.0 288.8515 -4160.358700000001 -5449.660900000001 -2.0608932 5.780241 -4.5104232
60865 68940.0 -576.54309 -1376.431 -6694.253900000001 -1.9852725 7.235897700000001 -1.3086695
60865 69360.0 -1319.1563 1700.5511000000001 -6509.3881 -1.4866807 7.1504256999999996 2.1737944000000002
60865 69780.0 -1780.2798 4414.2568 -4932.3246 -0.66947288 5.5381971000000005 5.199356300000001
60865 70200.0 -1862.7737 6188.563 -2304.3794 0.29208191 2.7361188000000003 7.1084335
60865 70620.0 -1545.796 6635.9867 819.55495 1.1912703 -0.647511 7.5003603000000005
60865 71040.0 -897.4603000000001 5660.8297 3767.1799 1.8371604 -3.8949821000000004 6.2903941
60865 71460.0 -56.725669 3472.9485 5906.5657 2.0911324000000002 -6.3138871 3.7305131
60865 71880.0 795.5394 542.82322 6775.781 1.8986278 -7.3832002 0.37464018
60865 72300.0 1479.0755 -2504.472 6200.283200000001 1.2971887 -6.8644807000000005 -3.0657037999999996
60865 72720.0 1846.0468 -5016.0058 4293.8168 0.41851371000000004 -4.8773858 -5.8465714
60865 73140.0 1818.0502 -6454.4641 1466.1517 -0.54922132 -1.8481985 -7.372217
60865 73560.0 1401.4888999999998 -6513.6512999999995 -1675.9231000000002 -1.3979100000000002 1.569859 -7.3171781000000005
60865 73980.0 686.16322 -5184.5639 -4460.219599999999 -1.9463487000000002 4.6426155 -5.7014121
60865 74400.0 -174.98464 -2754.2022 -6295.0725999999995 -2.0801999 6.720389 -2.8791385000000003
60865 74820.0 -999.1063 259.55715 -6793.1944 -1.7734408000000002 7.3720858 0.55001198
60865 75240.0 -1611.5895 3218.1277000000005 -5848.7029 -1.0900957 6.4614479000000005 3.8679940000000004
60865 75660.0 -1881.6157 5492.6008 -3658.4131 -0.17151550000000002 4.1705027 6.3743932999999995
60865 76080.0 -1749.8493999999998 6593.856 -685.46185 0.7882626500000001 0.97589599 7.525197100000001
60865 76500.0 -1242.8859 6281.200900000001 2434.6321000000003 1.5819511 -2.4386236 7.0596794
60865 76920.0 -468.90011 4619.1282 5030.1803 2.0361848 -5.3308872 5.0733746
60865 77340.0 405.79246 1965.3220000000001 6542.9851 2.0529295000000003 -7.075176000000001 1.9989754000000002
60865 77760.0 1193.0723 -1110.4569 6645.0703 1.6297848 -7.3051148999999995 -1.5076789000000002
60865 78180.0 1724.991 -3948.8764 5320.5649 0.8568359600000001 -5.964955 -4.685631099999999
60865 78600.0 1886.8627 -5940.3705 2851.4049 -0.10003436 -3.3452561999999997 -6.856714
60865 79020.0 1644.1307 -6658.1921 -230.98193 -1.0343791000000002 -0.01179402 -7.5523461
60865 79440.0 1049.5867 -5951.5202 -3264.1344 -1.7447829 3.3131635999999998 -6.6288102
60865 79860.0 231.26714 -3976.5508 -5600.5389000000005 -2.0810299 5.9186878 -4.2966591
60865 80280.0 -636.1936800000001 -1157.8998000000001 -6746.0877 -1.975286 7.2607344000000005 -1.0612142
60865 80700.0 -1369.1001 1905.7734 -6460.7285 -1.4518231000000001 7.0653755 2.3959345
60865 81120.0 -1812.1381000000001 4565.7479 -4804.0702 -0.6192344000000001 5.3713622 5.3520454
60865 81540.0 -1870.0888 6255.3051 -2124.1021 0.34914026000000004 2.5253724 7.1785719
60865 81960.0 -1528.8129 6609.195 1009.9324 1.2469765 -0.8730447100000001 7.473205
60865 82380.0 -860.0424200000001 5547.1821 3926.7918 1.8796077 -4.0925441000000005 6.1617663
60865 82800.0 -6.7833088 3295.1684 5998.8861 2.109252 -6.4352461000000005 3.5245484
60865 83220.0 847.90845 336.51847 6780.8944 1.886528 -7.3967692 0.13129334
60865 83640.0 1520.4926 -2693.372 6104.5968 1.2586231 -6.7719513 -3.2941526
60865 84060.0 1866.9005 -5146.0465 4114.2819 0.36059772 -4.6936805 -6.0107018
60865 84480.0 1812.4179 -6493.742200000001 1238.0499 -0.61516729 -1.6069441 -7.4342631
60865 84900.0 1369.0163 -6448.1435 -1904.8181000000002 -1.4572440999999998 1.8182901 -7.2577311
60865 85320.0 632.75814 -5023.3953 -4639.533 -1.9847647 4.8409469 -5.5291164
60865 85740.0 -238.37439 -2528.8687999999997 -6384.4704 -2.0882993 6.8210671000000005 -2.6316397
60865 86160.0 -1059.0627 501.8925 -6772.7043 -1.7493839 7.350777600000001 0.81531471
60866 180.0 -1655.6468 3426.4267999999997 -5723.942599999999 -1.0400693 6.324218200000001 4.0894924
60866 600.0 -1901.2526 5624.420700000001 -3458.7925 -0.10767033000000001 3.9514432999999998 6.5029881
60866 1020.0 -1742.2385 6625.2423 -455.97876 0.8516333100000001 0.72612131 7.5362364
60866 1440.0 -1211.1033 6210.8573 2644.132 1.6317768000000001 -2.6646807 6.956209
60866 1860.0 -420.69857 4466.814 5176.4528 2.0634099000000004 -5.4890581 4.881488
60866 2280.0 459.82689000000005 1765.8671000000002 6596.742700000001 2.0530342999999998 -7.1378675000000005 1.7579944
60866 2700.0 1241.7504 -1313.1294 6599.8024000000005 1.6025127000000001 -7.2574228000000005 -1.7450803000000001
60866 3120.0 1757.4667 -4109.7762 5185.8045 0.8076181800000001 -5.8191258 -4.8752681
60866 3540.0 1895.7663 -6024.5002 2653.9909 -0.16122846999999998 -3.1314732 -6.960211500000001
60866 3960.0 1626.9228 -6645.3842 -449.40413 -1.095327 0.22811798 -7.5466674000000005
60866 4380.0 1009.1367 -5841.0924 -3456.4586000000004 -1.7923614 3.5295764 -6.5116306999999995
60866 4800.0 175.62958 -3788.6849 -5723.6922 -2.104239 6.063831100000001 -4.0897554000000005
60866 5220.0 -695.3138 -930.4018000000001 -6770.7987 -1.9682166 7.3002659 -0.80800942
60866 5640.0 -1418.9388000000001 2125.2369 -6379.1041 -1.4154906 6.9879425 2.6392983
60866 6060.0 -1841.8934 4730.4622 -4632.2114 -0.5618210800000001 5.192997 5.5298809
60866 6480.0 -1873.6079 6330.7262 -1898.9197 0.41421325999999997 2.286993 7.2500588
60866 6900.0 -1505.9976000000001 6581.4468 1239.7249 1.3049621 -1.116355 7.423909399999999
60866 7320.0 -816.58554 5425.8166 4112.6192 1.9182396000000002 -4.2869135 6.0063701
60866 7740.0 47.478956 3109.6473 6103.3854 2.1213441 -6.5414977 3.3000509000000005
60866 8160.0 901.34815 128.27766 6784.797500000001 1.8706033 -7.3969199 -0.11481411
60866 8580.0 1562.0473000000002 -2878.121 6012.7839 1.2188467 -6.6676533000000004 -3.5071553
60866 9000.0 1888.3652 -5269.1975999999995 3948.6065 0.3051622 -4.509210200000001 -6.1508747999999995
60866 9420.0 1809.2033000000001 -6529.1242 1033.58 -0.67529371 -1.3805216 -7.4757513
60866 9840.0 1341.6495 -6387.4067000000005 -2104.0724 -1.5101651 2.0418223 -7.191617900000001
60866 10260.0 586.71537 -4877.568200000001 -4789.8692 -2.0193732 5.015871199999999 -5.3669605
60866 10680.0 -293.64375 -2326.4514 -6451.5481 -2.0965784 6.9099044 -2.4043177
60866 11100.0 -1111.6596000000002 719.2643 -6738.6193 -1.7284300000000001 7.3311688 1.0609585
60866 11520.0 -1693.842 3612.4315 -5592.3004 -0.9936614899999999 6.1966885000000005 4.2993362
60866 11940.0 -1916.3198 5738.3493 -3255.3799 -0.046115909000000004 3.7421804 6.6278983
60866 12360.0 -1730.7407 6642.2008 -223.49707 0.91401568 0.48255566 7.5462793
60866 12780.0 -1175.7932 6128.2483 2855.9143 1.6805716 -2.8857935 6.8498344
60866 13200.0 -369.67313 4304.9717 5323.4128 2.0882132 -5.6384064 4.6856861
60866 13620.0 515.4018 1561.9588999999999 6650.5401 2.0497170000000002 -7.1858089000000005 1.5185413
60866 14040.0 1290.3312 -1514.7001 6552.8514000000005 1.5731242 -7.1981337000000005 -1.976013
60866 14460.0 1790.1643000000001 -4268.4132 5054.1265 0.75854192 -5.6657672 -5.0488313
60866 14880.0 1905.8064 -6105.620400000001 2468.3707999999997 -0.21889388 -2.9216864 -7.0431783
60866 15300.0 1612.8681000000001 -6634.0246 -648.32661 -1.1505686000000002 0.45134791 -7.5265221
60866 15720.0 974.3233299999999 -5741.2605 -3626.3734 -1.8345686 3.7235083 -6.3925469999999995
60866 16140.0 125.97059 -3612.6168 -5822.2772 -2.1274145 6.1990216 -3.8971021
60866 16560.0 -748.94974 -716.52925 -6776.6422999999995 -1.9633324 7.340542900000001 -0.56728906
60866 16980.0 -1464.2656000000002 2332.6032 -6282.4586 -1.3812186 6.9156892 2.877094
60866 17400.0 -1867.6611 4884.868 -4446.4372 -0.50478524 5.0172775000000005 5.7070663
60866 17820.0 -1872.973 6395.924400000001 -1660.1785 0.48009599 2.0470194 7.3194072
60866 18240.0 -1478.7934 6542.6655 1481.1719 1.3627849 -1.3607942000000002 7.3667418
60866 18660.0 -769.23196 5294.0333 4306.0135 1.9542848 -4.475221899999999 5.840163400000001
60866 19080.0 104.0978 2918.2849 6211.6362 2.1290211 -6.6323531000000004 3.0699305
60866 19500.0 955.3099100000001 -78.131813 6792.7078 1.8509124 -7.377867500000001 -0.35354292
60866 19920.0 1603.2075 -3057.7041000000004 5924.4547999999995 1.1780277000000001 -6.5527753 -3.7073553
60866 20340.0 1909.2401000000002 -5385.4037 3789.0327 0.25060741999999997 -4.3226914 -6.277927200000001
60866 20760.0 1806.3432 -6558.9801 841.1057900000001 -0.7328813900000001 -1.1606774 -7.5061344
60866 21180.0 1315.7623 -6324.9287 -2288.0449 -1.5605448 2.2549605 -7.1214101
60866 21600.0 542.84212 -4733.7356 -4925.087 -2.0526264000000003 5.1827250000000005 -5.206605499999999
60866 22020.0 -346.36432 -2128.3727000000003 -6504.0568 -2.1047977 6.9961756 -2.1797134000000002
60866 22440.0 -1161.7481 931.95253 -6690.6345 -1.7074412 7.3116146 1.306602
60866 22860.0 -1729.2823 3793.4916000000003 -5446.0488 -0.94598186 6.0671465 4.5120791
60866 23280.0 -1927.7803999999999 5845.4952 -3036.2607000000003 0.018067628 3.5263106 6.7542241
60866 23700.0 -1714.5764 6649.174900000001 23.692186000000003 0.9787164500000001 0.23097658999999998 7.5509502
60866 24120.0 -1135.3189 6033.231900000001 3078.4433 1.7296741 -3.1108508 6.7312594
60866 24540.0 -313.873 4130.6989 5475.4762 2.1107695 -5.783003 4.4765113
60866 24960.0 574.39241 1349.4388000000001 6704.7798 2.0424827 -7.2210506 1.2715208
60866 25380.0 1340.5918000000001 -1718.5821 6505.2555999999995 1.5398745 -7.1239364 -2.2052298
60866 25800.0 1821.3953000000001 -4420.4851 4917.5198 0.70767495 -5.508006099999999 -5.2195592
60866 26220.0 1913.1716000000001 -6177.2033 2278.5597000000002 -0.27771843 -2.7119587000000003 -7.1242015
60866 26640.0 1595.5908000000002 -6612.8307 -850.5244200000001 -1.2071473000000001 0.67610614 -7.503431
60866 27060.0 935.7407900000001 -5629.9687 -3796.7544 -1.8774706 3.9181125000000003 -6.2694199
60866 27480.0 74.729543 -3435.6467000000002 -5922.4089 -2.1469328 6.3219295 -3.6961683
60866 27900.0 -802.97421 -506.67108 -6783.4265000000005 -1.9544171 7.3642687 -0.32774255
60866 28320.0 -1508.6428999999998 2529.5681 -6189.711200000001 -1.3449064000000002 6.8311222 3.1027055
60866 28740.0 -1892.2342 5025.8496 -4270.950400000001 -0.44854598 4.839897700000001 5.8675736
60866 29160.0 -1871.9065 6449.356400000001 -1438.0287 0.54353305 1.8156036 7.3764722
60866 29580.0 -1452.1392 6496.7633 1702.6581 1.418779 -1.5928418 7.306868400000001
60866 30000.0 -722.94422 5160.1271 4479.9618 1.9902768000000002 -4.6550202 5.6785998
60866 30420.0 159.95185 2726.8532999999998 6302.8585 2.1379075 -6.7217868 2.8453523
60866 30840.0 1008.9499000000001 -284.95074 6785.0334 1.8318420000000002 -7.361050100000001 -0.5912999099999999
60866 31260.0 1643.6883 -3235.9914 5822.8910000000005 1.1355975 -6.4366286 -3.9091025
60866 31680.0 1928.2797 -5497.584 3617.2495 0.19385876999999999 -4.1336964 -6.4041605
60866 32100.0 1800.2371 -6582.3488 636.2666700000001 -0.79329184 -0.93528373 -7.5329112
60866 32520.0 1285.6822 -6253.9042 -2481.6355 -1.6122467 2.4712224000000003 -7.041645900000001
60866 32940.0 494.87136 -4581.7611 -5064.9487 -2.0844968 5.3448783 -5.0347911000000005
60866 33360.0 -401.89562 -1927.1193 -6557.9962000000005 -2.109263 7.068319499999999 -1.9496536000000002
60866 33780.0 -1212.8282 1140.1366 -6644.6868 -1.6823430000000001 7.2752851000000005 1.5486982
60866 34200.0 -1764.4388999999999 3964.2588 -5305.5723 -0.8964831000000001 5.927967400000001 4.7119336
60866 34620.0 -1938.7217 5940.590099999999 -2828.8291 0.081776741 3.311446 6.866800100000001
60866 35040.0 -1698.2083 6645.9764000000005 254.82358 1.0425175999999998 -0.013248398 7.5487545
60866 35460.0 -1094.696 5930.8323 3283.9093 1.7788528 -3.3287078 6.6137006000000005
60866 35880.0 -257.63532000000004 3950.9531 5611.5339 2.1343964 -5.9257427 4.2701101
60866 36300.0 634.2311500000001 1131.3733 6743.5500999999995 2.0358123 -7.2576255000000005 1.0236677
60866 36720.0 1391.5427 -1928.269 6440.8935 1.5051489 -7.048727700000001 -2.439383
60866 37140.0 1853.2201000000002 -4578.0758 4766.5786 0.6529878800000001 -5.3398228 -5.3904807
60866 37560.0 1919.8507 -6252.0329 2073.4274 -0.34210611 -2.4834292000000002 -7.1991119
60866 37980.0 1575.7815 -6588.17 -1063.7305000000001 -1.2668074999999999 0.91331093 -7.4666651
60866 38400.0 893.92732 -5512.073 -3972.1804 -1.9208110999999999 4.117411199999999 -6.1293105
60866 38820.0 20.421213 -3254.4993 -6027.1044 -2.1626700000000003 6.4360066 -3.4772441
60866 39240.0 -858.25388 -297.60449 -6789.0232000000005 -1.9409404 7.3746902 -0.078375551
60866 39660.0 -1552.4519 2720.2036000000003 -6093.4575 -1.3047347 6.7352579 3.3310384
60866 40080.0 -1914.726 5156.4608 -4091.367 -0.38872082999999996 4.6541566 6.029346899999999
60866 40500.0 -1867.1078 6488.8212 -1211.0718000000002 0.6113756 1.5745974 7.4355428
60866 40920.0 -1419.7247 6431.974200000001 1929.4045 1.4799163000000002 -1.8395074 7.2454128
60866 41340.0 -668.97224 5000.8692 4656.6962 2.030234 -4.851808200000001 5.5051039
60866 41760.0 224.4604 2503.8706 6389.3967999999995 2.1470487 -6.822133 2.5974855
60866 42180.0 1070.2676999999999 -525.0812099999999 6761.4089 1.8078056 -7.340598600000001 -0.85778082
60866 42600.0 1688.8279 -3442.4479 5694.148 1.0841489999999998 -6.2998462 -4.1334361
60866 43020.0 1948.0279 -5627.1125999999995 3412.3595 0.12717801 -3.9131660000000004 -6.5359831999999995
60866 43440.0 1791.2141000000001 -6609.758900000001 400.46770000000004 -0.86027967 -0.68176949 -7.5458625
60866 43860.0 1250.9916 -6177.6777 -2697.4818 -1.66536 2.7022158 -6.9361579
60866 44280.0 442.68897 -4421.839900000001 -5215.9224 -2.113345 5.5058602 -4.837052
60866 44700.0 -460.36316 -1719.6888999999999 -6615.1186 -2.1086594 7.1274824 -1.7040189000000001
60866 45120.0 -1265.0267 1350.0062 -6596.5479000000005 -1.6536058 7.225054500000001 1.790728
60866 45540.0 -1799.4571 4131.367 -5164.8018 -0.84483714 5.7783335 4.903452100000001
60866 45960.0 -1949.0452 6029.1231 -2625.5337999999997 0.14566019 3.0934781 6.9677215
60866 46380.0 -1681.4625 6636.4106 477.26513 1.1052036 -0.25402716000000003 7.5372418
60866 46800.0 -1054.2537 5824.2669000000005 3477.6791000000003 1.8269138 -3.5410737 6.4915686
60866 47220.0 -201.93565 3769.0976 5734.7495 2.1574603000000003 -6.0645511 4.0625624
60866 47640.0 693.3280400000001 912.36318 6769.0773 2.0285861 -7.2923628 0.77447687
60866 48060.0 1441.375 -2138.1227999999996 6362.3090999999995 1.469049 -6.9709954 -2.6768341
60866 48480.0 1883.0735 -4734.024 4599.951400000001 0.59568602 -5.1654580999999995 -5.5643818000000005
60866 48900.0 1923.3744 -6320.9678 1854.2160000000001 -0.40810555 -2.2500261 -7.2706272
60866 49320.0 1552.327 -6555.683 -1288.3319 -1.3268601000000002 1.1537587 -7.4204149
60866 49740.0 848.84071 -5386.441400000001 -4154.1725 -1.9619225 4.31241 -5.9767061
60866 50160.0 -36.381786 -3064.0031000000004 -6128.3274 -2.1765581000000003 6.5447604 -3.2528302
60866 50580.0 -913.85637 -86.583428 -6789.0154 -1.925921 7.375774900000001 0.16434196
60866 51000.0 -1596.1269 2909.3209 -5995.456700000001 -1.2638395 6.6310988 3.5461925
60866 51420.0 -1937.2323999999999 5283.3082 -3916.9688 -0.33063824 4.4671957 6.1714539
60866 51840.0 -1863.7406 6526.5378 -997.94815 0.6742732 1.3448279 7.474564099999999
60866 52260.0 -1391.2939 6372.7491 2135.4804 1.534206 -2.0630919 7.1733545
60866 52680.0 -621.55494 4857.2568 4811.6375 2.06447 -5.022024500000001 5.337783099999999
60866 53100.0 280.67208 2306.551 6459.9793 2.1539525 -6.903181200000001 2.3702759
60866 53520.0 1123.2778 -734.34568 6732.209 1.7859136000000002 -7.3153134 -1.0972523
60866 53940.0 1727.27 -3619.1499 5570.701400000001 1.0378794 -6.1726942000000005 -4.334580600000001
60866 54360.0 1963.5254 -5733.2205 3220.3408 0.06621958 -3.7103338 -6.6552
60866 54780.0 1780.5078999999998 -6622.6930999999995 181.12789 -0.9225260500000001 -0.44702897 -7.555704700000001
60866 55200.0 1216.295 -6094.379 -2897.2566 -1.7152482 2.9172317 -6.8349622
60866 55620.0 391.57449 -4260.7396 -5353.4973 -2.1402781 5.654610300000001 -4.6477843000000005
60866 56040.0 -516.91283 -1515.8099 -6661.6733 -2.1072387 7.1789353 -1.4681012
60866 56460.0 -1315.0287 1553.0231 -6542.9084 -1.6242855 7.1691321 2.0232854000000002
60866 56880.0 -1832.2855 4290.1291 -5022.9015 -0.79383286 5.6272583 5.0835557
60866 57300.0 -1957.7219 6109.7793 -2425.9856 0.20761106000000001 2.879314 7.0572059000000005
60866 57720.0 -1664.111 6621.71 691.62436 1.1649446 -0.48569466 7.5169695
60866 58140.0 -1014.6087 5717.505099999999 3660.7771000000002 1.8716439 -3.7406671 6.3659251
60866 58560.0 -148.41917 3592.9374 5847.3548 2.1776958 -6.1898413 3.8587285000000002
60866 58980.0 749.35585 704.1117800000001 6787.0167 2.020082 -7.3171463999999995 0.53554785
60866 59400.0 1487.9701000000002 -2334.2933 6281.2783 1.4334040000000001 -6.8895789999999995 -2.9006882999999997
60866 59820.0 1910.2067 -4876.192400000001 4436.611400000001 0.5403287800000001 -4.994238999999999 -5.725224900000001
60866 60240.0 1925.0379 -6378.2213 1642.6755 -0.47143599 -2.0248518 -7.333410600000001
60866 60660.0 1528.1434 -6515.4498 -1502.6445 -1.3842489 1.3839618 -7.3703834
60866 61080.0 804.03476 -5257.4191 -4325.280400000001 -2.0009582 4.4971974 -5.8248804000000005
60866 61500.0 -92.181765 -2874.1832000000004 -6219.8072 -2.1890118000000003 6.644478100000001 -3.0325945
60866 61920.0 -968.74947 123.28955 -6781.6838 -1.9093253000000001 7.3698607 0.40539653
60866 62340.0 -1638.4856000000002 3094.4654 -5891.4947 -1.2218005 6.5212312 3.7568299
60866 62760.0 -1958.0774 5404.2576 -3738.9642000000003 -0.27208575 4.276904000000001 6.30696
60866 63180.0 -1858.6801 6557.576900000001 -784.23081 0.7368369800000001 1.1147757 7.506047
60866 63600.0 -1361.4657 6307.4354 2339.0570000000002 1.587469 -2.2836905 7.094248899999999
60866 64020.0 -573.11185 4708.8135999999995 4961.433099999999 2.0973490999999997 -5.1863494 5.166180000000001
60866 64440.0 337.30953000000005 2107.2755 6524.1823 2.1593889 -6.9765587 2.1416963
60866 64860.0 1176.1018000000001 -942.21271 6696.843 1.7626110000000001 -7.282051000000001 -1.3342094
60866 65280.0 1765.011 -3791.4152000000004 5443.0066 0.9906587600000001 -6.0394374 -4.5291907
60866 65700.0 1978.1027 -5833.120900000001 3027.4506 0.0051970309 -3.5054054999999997 -6.765225000000001
60866 66120.0 1768.7925 -6628.8593 -35.659193 -0.98408711 -0.21493295 -7.557275
60866 66540.0 1180.9707 -6006.21 -3091.4701 -1.764079 3.1260787 -6.7280382
60866 66960.0 340.30246999999997 -4097.7696000000005 -5483.7987 -2.1660521 5.7955652 -4.4561945
60866 67380.0 -573.15234 -1313.2495000000001 -6700.6743 -2.1046803 7.222811800000001 -1.2333544
60866 67800.0 -1364.2625 1751.7608 -6482.893 -1.594025 7.1071742 2.2515961000000004
60866 68220.0 -1864.021 4442.5768 -4876.886 -0.7422215700000001 5.4725921 5.2573536999999995
60866 68640.0 -1965.1457 6183.2166 -2225.217 0.26969668 2.6644774000000004 7.1394024
60866 69060.0 -1645.5722 6600.1655 904.14883 1.2242203 -0.71488565 7.4897059
60866 69480.0 -974.06167 5605.4172 3839.4183 1.9153858000000001 -3.9351339 6.2349588
60866 69900.0 -94.473514 3413.9883 5953.7797 2.1966635 -6.3081434 3.6521368000000005
60866 70320.0 805.2612700000001 496.21458 6798.285 2.0102512 -7.3341797 0.29718219
60866 70740.0 1533.9174 -2526.9949 6194.5892 1.3966297 -6.8013947 -3.1203237
60866 71160.0 1936.2934 -5012.5705 4270.0371 0.48422656999999997 -4.8189908 -5.878955299999999
60866 71580.0 1925.439 -6428.7047999999995 1431.2853 -0.5349620300000001 -1.7995947 -7.3878366
60866 72000.0 1502.7365 -6469.3049 -1713.3943000000002 -1.4413135 1.6102739 -7.3129511
60866 72420.0 758.26309 -5124.7238 -4490.2282000000005 -2.0390782 4.6754572 -5.6682967
60866 72840.0 -148.45425 -2683.7144 -6303.8824 -2.2000554 6.7365515 -2.8112166000000003
60866 73260.0 -1023.4981 330.68263 -6767.340400000001 -1.8911597999999998 7.356830100000001 0.64403577
60866 73680.0 -1680.0656000000001 3274.4886 -5782.1925 -1.1783629000000002 6.4061829 3.9621596
60866 74100.0 -1977.6323 5518.4823 -3558.2725 -0.21252574999999999 4.0842572 6.435374700000001
60866 74520.0 -1852.0197 6581.5794000000005 -570.94316 0.79984529 0.88561623 7.5300127
60866 74940.0 -1329.9986000000001 6236.1321 2539.2049 1.640445 -2.5002632 7.0086345
60866 75360.0 -523.1495600000001 4555.860900000001 5105.3013 2.1293594 -5.3450713 4.9906508
60866 75780.0 394.93135 1906.1043000000002 6581.2983 2.163167 -7.043170600000001 1.9116713
60866 76200.0 1229.1067 -1149.0387 6654.4454000000005 1.7372277 -7.2417953 -1.5693564
60866 76620.0 1802.0589 -3959.9230000000002 5309.7487 0.94144549 -5.900518600000001 -4.7186927999999995
60866 77040.0 1991.2754 -5927.4714 2831.7042 -0.057214167 -3.2975246000000005 -6.8676985
60866 77460.0 1754.896 -6627.7042 -252.19926 -1.0463618 0.016699652000000002 -7.5521371
60866 77880.0 1143.348 -5911.4247000000005 -3282.685 -1.8126936 3.3320897 -6.6148287
60866 78300.0 287.0622 -3929.8895 -5608.768900000001 -2.1904963 5.9313370999999995 -4.2599785
60866 78720.0 -630.59948 -1108.4059 -6733.0182 -2.0999341 7.2598411 -0.9967492
60866 79140.0 -1413.6797 1949.7432 -6416.1581 -1.5612279000000002 7.038062200000001 2.4782106
60866 79560.0 -1894.9041000000002 4591.4947 -4725.6073 -0.6883295500000001 5.3121708 5.4259432
60866 79980.0 -1970.9098999999999 6251.2839 -2021.9348 0.33324773 2.4468839 7.2139278000000004
60866 80400.0 -1624.9963 6572.887900000001 1115.7834 1.2838132 -0.9430408200000001 7.4542354
60866 80820.0 -931.6926100000001 5489.2080000000005 4014.0123 1.9582953 -4.1253328 6.0966591
60866 81240.0 -39.314727 3233.4818999999998 6053.8523 2.2137966000000002 -6.4197235 3.4416675
60866 81660.0 861.48361 289.67652000000004 6802.3604000000005 1.9980723 -7.3443513000000005 0.05858623
60866 82080.0 1579.1668 -2715.6742000000004 6101.2178 1.357426 -6.7075167 -3.3374976000000003
60866 82500.0 1960.6975 -5142.830400000001 4098.1917 0.42591986000000004 -4.6394852 -6.0285482
60866 82920.0 1924.6307 -6474.755 1219.8195 -0.59772568 -1.5775918 -7.4312763
60866 83340.0 1477.2062 -6422.5659000000005 -1919.4108999999999 -1.4946785 1.823124 -7.2459183000000005
60866 83760.0 714.1976999999999 -4998.4494 -4647.7928 -2.072382 4.8338022 -5.5102007
60866 84180.0 -201.16844 -2508.2825000000003 -6382.5187000000005 -2.2073591 6.808332099999999 -2.6009663
60866 84600.0 -1073.7384 515.96014 -6754.8418 -1.8724029 7.3316901 0.86018433
60866 85020.0 -1717.6997 3430.223 -5685.3038 -1.138191 6.2935806 4.141263299999999
60866 85440.0 -1995.2421000000002 5612.5932999999995 -3399.9708 -0.15876531 3.9080521 6.544207999999999
60866 85860.0 -1846.07 6594.2929 -386.26583000000005 0.85695717 0.68020959 7.5476904000000005
60866 86280.0 -1301.3172 6163.2412 2710.8956000000003 1.6897891999999999 -2.6955124 6.930755
60867 300.0 -477.92471 4412.452200000001 5225.849200000001 2.1599236 -5.4897275 4.828016
60867 720.0 447.79588 1718.0885 6621.1388 2.1680004 -7.1059328 1.6969421
60867 1140.0 1278.031 -1342.7703999999999 6600.5157 1.7137217 -7.2048273 -1.7930632000000002
60867 1560.0 1835.7177 -4117.247 5168.6555 0.89353125 -5.7666544 -4.9016637
60867 1980.0 2001.4571 -6012.6021 2630.399 -0.11894875 -3.0937373 -6.9651475000000005
60867 2400.0 1739.2422 -6622.2741 -471.70311 -1.1069781 0.24354793000000002 -7.5369206
60867 2820.0 1104.1834 -5812.1314 -3472.0851000000002 -1.8585042 3.5274187 -6.496878700000001
60867 3240.0 231.97542 -3753.0078 -5723.4619 -2.2152382 6.0655632 -4.065944
60867 3660.0 -689.9008100000001 -894.65893 -6754.6498 -2.0938728 7.295752900000001 -0.75272468
60867 4080.0 -1463.8177 2154.7578 -6334.897599999999 -1.5252689000000001 6.9634539 2.7134449
60867 4500.0 -1924.8359 4743.8535999999995 -4556.8235 -0.62988132 5.1405841 5.599496
60867 4920.0 -1973.7727 6317.317900000001 -1800.5437 0.40114399 2.2153225 7.2856374
60867 5340.0 -1600.065 6538.1329000000005 1342.483 1.3457044 -1.1821377 7.4072419
60867 5760.0 -884.37859 5361.6679 4197.8847000000005 2.0004507 -4.31792 5.9432505
60867 6180.0 19.929420999999998 3042.3835 6156.883 2.2275227 -6.524508300000001 3.2175453000000003
60867 6600.0 920.05697 76.902235 6805.0612 1.9813896 -7.3414817999999995 -0.18625129
60867 7020.0 1625.0002 -2904.8545 6005.8093 1.3145967 -6.6004577 -3.5517665000000003
60867 7440.0 1984.5636000000002 -5269.018 3926.9915 0.365979 -4.4520455000000005 -6.1691013
60867 7860.0 1920.6593 -6508.6606 1008.2894 -0.664549 -1.3440319 -7.475332000000001
60867 8280.0 1445.8676 -6355.674599999999 -2126.3917 -1.5553130000000002 2.060037 -7.1784305999999996
60867 8700.0 661.1785500000001 -4840.4353 -4804.058400000001 -2.1130118 5.023426499999999 -5.3388748
60867 9120.0 -265.19225 -2288.1859 -6449.9355000000005 -2.2177062999999997 6.9077652 -2.3558962
60867 9540.0 -1136.1154 757.7355699999999 -6713.336700000001 -1.8465646999999998 7.310478 1.1348000999999999
60867 9960.0 -1762.4665 3636.9788 -5534.8062 -1.0816908 6.1507714 4.375719
60867 10380.0 -2011.9497 5738.4875 -3169.5966000000003 -0.084446692 3.6735172 6.6820336
60867 10800.0 -1830.7547 6611.549 -124.01752 0.93151235 0.40821135 7.5554496
60867 11220.0 -1257.7251 6069.5747 2948.3505 1.7470056999999999 -2.9400508 6.8080626
60867 11640.0 -415.84684000000004 4230.6046 5389.7834 2.1878218 -5.652273500000001 4.6078376
60867 12060.0 514.45636 1491.5203000000001 6681.1944 2.1619897999999997 -7.1541307 1.4314318000000001
60867 12480.0 1335.5279 -1564.4778000000001 6549.7741 1.6771600000000002 -7.1350347 -2.0459545
60867 12900.0 1872.8890000000001 -4287.9879 5023.3159000000005 0.834998 -5.5985041 -5.0922131
60867 13320.0 2011.457 -6098.2452 2424.5116000000003 -0.18787689000000002 -2.8630243 -7.0586224
60867 13740.0 1720.5209 -6606.0397 -692.85975 -1.1732091 0.49142721 -7.5165411
60867 14160.0 1061.3482 -5700.0927 -3661.6987999999997 -1.9084925000000001 3.7440392000000005 -6.3622881
60867 14580.0 175.05568 -3574.4634 -5845.0002 -2.2349848000000003 6.1931322 -3.8448898
60867 15000.0 -748.66326 -684.85844 -6775.8036 -2.0836684 7.3164549 -0.50699706
60867 15420.0 -1512.5041 2351.0748 -6255.6917 -1.4872533000000001 6.876877 2.9393482
60867 15840.0 -1953.0386 4884.2973 -4395.184700000001 -0.5720275 4.9659813 5.7597905
60867 16260.0 -1975.5547 6372.0746 -1591.4397 0.46692409 1.9889793 7.3475085
60867 16680.0 -1574.948 6495.0284 1554.2122 1.4057304 -1.413576 7.357544799999999
60867 17100.0 -837.68083 5229.3763 4366.541700000001 2.0419356 -4.5059508 5.7909771
60867 17520.0 78.50613899999999 2847.5243 6245.2977 2.2415709 -6.6290449 2.9944616
60867 17940.0 978.06402 -139.89873 6792.7937 1.9645711 -7.339203400000001 -0.43406115
60867 18360.0 1669.8791 -3097.5571 5893.5335000000005 1.2699792 -6.4897215 -3.7712752000000003
60867 18780.0 2006.4153000000001 -5395.9643 3737.235 0.30296334 -4.255316 -6.311388600000001
60867 19200.0 1914.1193 -6540.6092 780.98844 -0.73198929 -1.1053103000000002 -7.5094232000000005
60867 19620.0 1412.6912 -6287.438099999999 -2343.0736 -1.6122959000000001 2.2893168999999998 -7.0947712
60867 20040.0 608.59 -4687.1873 -4963.9073 -2.1467692 5.1913816 -5.1571561
60867 20460.0 -325.62968 -2084.5367 -6520.1135 -2.2213493 6.9779145 -2.1185928
60867 20880.0 -1190.4073 963.62307 -6680.2826 -1.8218816 7.2733803 1.3692515
60867 21300.0 -1801.1363999999999 3806.1586 -5411.0485 -1.0333690999999998 6.0162431 4.5649924
60867 21720.0 -2027.1201 5835.6343 -2983.0174 -0.022929756000000003 3.4714373000000003 6.786536
60867 22140.0 -1819.6028999999999 6617.1549 84.60052499999999 0.9930962600000001 0.18223509999999998 7.5542511999999995
60867 22560.0 -1222.9612 5983.5023 3134.0237 1.7958594 -3.1421032 6.7034365
60867 22980.0 -365.04024 4072.074 5513.2115 2.2142037 -5.7897274 4.4216674000000005
60867 23400.0 570.56413 1294.0846000000001 6715.875 2.1603558 -7.198693400000001 1.2022647
60867 23820.0 1384.9404 -1759.0113999999999 6487.3127 1.6473697999999999 -7.0766253 -2.2711958
60867 24240.0 1904.7645 -4437.8386 4875.514099999999 0.78269314 -5.447648600000001 -5.265868
60867 24660.0 2018.6926 -6171.085599999999 2221.762 -0.25179573 -2.6498288 -7.1413366
60867 25080.0 1700.9831000000001 -6584.437900000001 -907.62472 -1.2341752 0.7192572 -7.4889622000000005
60867 25500.0 1019.237 -5588.6151 -3842.2702000000004 -1.9530323 3.9361967 -6.2301659
60867 25920.0 119.47753999999999 -3397.4818999999998 -5953.0167 -2.2535236 6.3073265 -3.6384312
60867 26340.0 -805.8381899999999 -480.78365 -6789.3342 -2.0727037 7.329127499999999 -0.27212754
60867 26760.0 -1559.234 2538.5085 -6173.349099999999 -1.4496229 6.7870685 3.1522695
60867 27180.0 -1979.7085 5015.787 -4235.8211 -0.5158130400000001 4.7937365000000005 5.906318199999999
60867 27600.0 -1976.752 6420.1723 -1390.1568 0.52989085 1.771222 7.3972314
60867 28020.0 -1550.5914 6450.156599999999 1753.9694 1.4623129 -1.6306522 7.300876100000001
60867 28440.0 -791.12549 5093.2534000000005 4519.054700000001 2.0831085 -4.6842406 5.6460503
60867 28860.0 137.6953 2649.8561 6321.6049 2.2557459 -6.7304227 2.7725284
60867 29280.0 1036.5507 -358.25723 6768.6302000000005 1.9468355 -7.3335945 -0.68182139
60867 29700.0 1714.5467 -3290.0309 5769.5053 1.2230602 -6.3737837 -3.9895482
60867 30120.0 2026.9537 -5520.210400000001 3537.0401 0.23731233000000002 -4.0525632 -6.4482095
60867 30540.0 1906.5093000000002 -6571.5145999999995 547.31667 -0.80058826 -0.86201475 -7.528887800000001
60867 30960.0 1377.6116000000002 -6215.0625 -2560.1857999999997 -1.6682334 2.5141666000000003 -6.999402
60867 31380.0 553.44699 -4526.407700000001 -5117.206099999999 -2.1801429 5.3548368 -4.972137
60867 31800.0 -389.93403000000006 -1866.3185 -6576.1863 -2.2256982 7.0540362 -1.8704707
60867 32220.0 -1248.8727 1190.5627 -6622.115400000001 -1.792166 7.2370863000000005 1.6393763
60867 32640.0 -1840.6892 3991.9039 -5249.6125999999995 -0.97305836 5.8613796 4.7921496
60867 33060.0 -2037.0900000000001 5936.5117 -2744.7354 0.055187901 3.2286914 6.9177556000000004
60867 33480.0 -1795.9234 6605.979700000001 351.28298 1.072052 -0.09853865399999999 7.554622800000001
60867 33900.0 -1169.2947 5857.7945 3372.0153999999998 1.8569152 -3.3971754 6.5669537
60867 34320.0 -292.47538000000003 3856.7347999999997 5670.2182 2.2421608 -5.9567018 4.178362600000001
60867 34740.0 646.74701 1034.2435 6758.1316 2.1494362000000002 -7.2396984 0.91015708
60867 35160.0 1448.8301000000001 -2007.863 6408.4447 1.6010952999999999 -6.9849973 -2.5447884
60867 35580.0 1943.6853999999998 -4624.153 4696.3426 0.71244901 -5.2477364 -5.4614012
60867 36000.0 2025.5467 -6257.8189 1983.9395 -0.33030559 -2.3888683 -7.2208928
60867 36420.0 1675.7676999999999 -6557.7839 -1151.9526 -1.3054445000000001 0.9875657200000001 -7.4404366
60867 36840.0 968.11549 -5457.2975 -4041.121 -2.0030561000000002 4.1577769 -6.0661951
60867 37260.0 53.562447 -3190.5414 -6064.267 -2.2726454 6.4397587000000005 -3.3918488000000004
60867 37680.0 -872.42705 -241.9426 -6787.7914 -2.0564985 7.345586900000001 0.0098203274
60867 38100.0 -1612.242 2758.6915 -6057.9986 -1.3988586 6.677101700000001 3.4147968
60867 38520.0 -2007.7164 5169.1353 -4032.7619 -0.4400678 4.5727832 6.0859364
60867 38940.0 -1971.7102 6468.7483 -1138.3357 0.61190338 1.4951271 7.4543447
60867 39360.0 -1512.5923 6380.6489 2001.8123 1.5345549 -1.9073498 7.2249651
60867 39780.0 -729.20938 4924.9039 4712.0201 2.1275736000000003 -4.8979416 5.4439119
60867 40200.0 211.33304 2411.4478 6411.3838 2.2648158 -6.83772 2.4965175
60867 40620.0 1105.9259 -614.85952 6736.1831 1.9177758 -7.3111845 -0.9772761400000001
60867 41040.0 1764.5652 -3509.9896000000003 5619.9356 1.1615488 -6.2245227000000005 -4.2415685000000005
60867 41460.0 2046.4854 -5655.7133 3300.77 0.15629351 -3.8068181 -6.6011349
60867 41880.0 1890.9933999999998 -6592.5696 274.24732 -0.88331159 -0.57295468 -7.5477148
60867 42300.0 1331.117 -6119.6543 -2811.0883 -1.7334861000000001 2.7806588000000003 -6.8774212
60867 42720.0 486.74866 -4339.419900000001 -5295.134099999999 -2.2126126 5.5357837 -4.737861
60867 43140.0 -461.15631 -1635.6848 -6648.8009 -2.2194139 7.105277500000001 -1.592071
60867 43560.0 -1311.055 1415.9042 -6585.0342 -1.7544032999999999 7.162943500000001 1.8904082000000002
60867 43980.0 -1882.0742 4166.1748 -5116.9242 -0.9150591899999999 5.6954476000000005 4.9747868
60867 44400.0 -2051.6509 6027.5067 -2555.0034 0.12197332000000001 3.0081986 7.0032236999999995
60867 44820.0 -1782.8842 6601.0032 554.25207 1.1351115999999999 -0.32865616000000003 7.5329820000000005
60867 45240.0 -1132.4314 5761.3512 3544.6111 1.9057981 -3.5968530000000003 6.4462692
60867 45660.0 -239.72254999999998 3689.1967999999997 5774.674599999999 2.2678838 -6.0904188 3.9807856000000004
60867 46080.0 704.2493900000001 829.30313 6768.9806 2.1455698 -7.2803174 0.66868623
60867 46500.0 1498.0933 -2207.4154 6316.436 1.5659827 -6.9176407 -2.7845432999999997
60867 46920.0 1972.4214 -4773.2474 4513.253 0.65138798 -5.0779453000000006 -5.646337000000001
60867 47340.0 2025.3338 -6319.236400000001 1743.2901000000002 -0.4042381 -2.1489753 -7.3029587000000005
60867 47760.0 1644.9336 -6513.2110999999995 -1400.4884 -1.3741427000000002 1.2419824000000002 -7.3938732
60867 48180.0 911.70857 -5309.4196 -4241.5286 -2.0505104000000003 4.3655355 -5.9056417
60867 48600.0 -17.866875 -2966.4825 -6175.4785999999995 -2.2887679 6.559261900000001 -3.1461734000000003
60867 49020.0 -942.79651 6.5364018999999995 -6787.938099999999 -2.0355876 7.3400204 0.2817229
60867 49440.0 -1666.5795 2978.2789 -5947.8584 -1.3484212 6.5540372 3.6454261000000003
60867 49860.0 -2034.8417 5314.6462 -3835.5307000000003 -0.37325996 4.3691674 6.2302286
60867 50280.0 -1968.7826000000002 6516.6071 -902.31333 0.6821577999999999 1.2501806999999998 7.482758
60867 50700.0 -1482.4626 6327.4673 2224.0561000000002 1.5913741000000001 -2.1336466 7.1337751
60867 51120.0 -679.9876899999999 4789.0455 4875.3207999999995 2.1600345 -5.0569694 5.2622033
60867 51540.0 267.11717 2231.8417000000004 6486.7563 2.2682979999999997 -6.899231 2.2727428
60867 51960.0 1157.4470000000001 -799.54386 6716.3843 1.8945989 -7.2747347 -1.1996236
60867 52380.0 1801.5986 -3660.6679 5514.0967 1.1167550000000002 -6.1020323 -4.4232497
60867 52800.0 2061.4537 -5741.1134 3132.0713 0.096881539 -3.619642 -6.7116961
60867 53220.0 1879.8032 -6591.4506 78.511063 -0.94674946 -0.35380385000000003 -7.5638573
60867 53640.0 1294.7255 -6027.143 -2991.9246000000003 -1.7883842 2.9918731 -6.7891202999999996
60867 54060.0 431.82033 -4169.5588 -5418.8287 -2.2454605 5.6913089 -4.5563747
60867 54480.0 -523.8245800000001 -1416.6878000000002 -6679.1463 -2.2222624 7.1718218 -1.3492229
60867 54900.0 -1367.7225 1638.9692 -6509.3742 -1.7230116 7.1132838000000005 2.1422513
60867 55320.0 -1919.2540000000001 4344.1974 -4944.4287 -0.85549463 5.534184100000001 5.1738356
60867 55740.0 -2060.4741000000004 6120.6917 -2319.5879 0.19526798 2.7712749 7.097165
60867 56160.0 -1761.1917 6588.7807999999995 802.60598 1.2037036 -0.58217265 7.498719100000001
60867 56580.0 -1085.9582 5650.4998 3753.1211000000003 1.9531679 -3.8038348 6.2963894
60867 57000.0 -179.43245000000002 3509.093 5902.9275 2.2852084 -6.2071984 3.7562487
60867 57420.0 765.2041 622.71117 6796.5105 2.1318182 -7.288995700000001 0.42228975
60867 57840.0 1547.5064 -2395.67 6244.6782 1.525888 -6.8242651 -3.0036585000000002
60867 58260.0 2000.8424 -4904.5223 4362.1954000000005 0.5930751900000001 -4.9047423 -5.7995846
60867 58680.0 2027.0201000000002 -6366.0257 1546.242 -0.4706525 -1.9280668 -7.3646067
60867 59100.0 1619.0816000000002 -6463.8637 -1601.4469 -1.4367127000000002 1.4717472 -7.3496718
60867 59520.0 863.62657 -5174.1873 -4404.3955000000005 -2.0948546 4.556985399999999 -5.7530259
60867 59940.0 -77.142911 -2774.5034 -6260.1544 -2.3030964 6.660674 -2.9228706000000004
60867 60360.0 -1001.6945000000001 220.06884 -6772.1444 -2.0182166 7.3355233 0.5293423800000001
60867 60780.0 -1711.9284 3166.9842000000003 -5832.271900000001 -1.3023266000000002 6.441999300000001 3.8642726
60867 61200.0 -2056.3566 5437.1491 -3642.7608 -0.30792590000000003 4.171482 6.371756400000001
60867 61620.0 -1961.2888 6545.2505 -672.52212 0.75229513 1.0093768 7.513881400000001
60867 62040.0 -1447.2791000000002 6255.268099999999 2441.8654 1.6505011 -2.3635585999999997 7.046698900000001
60867 62460.0 -624.6844 4631.8814 5034.8199 2.1950517 -5.2243512 5.0771295
60867 62880.0 330.70987 2024.1182 6555.1073 2.2721500999999997 -6.9684388 2.0321077
60867 63300.0 1215.9683 -1013.0648000000001 6681.166 1.8671459 -7.2330502 -1.4431602000000001
60867 63720.0 1843.0226000000002 -3834.9252 5385.1046 1.0643124 -5.9603886 -4.618388100000001
60867 64140.0 2077.5221 -5839.8758 2939.0366000000004 0.030888608 -3.4097848 -6.818084700000001
60867 64560.0 1867.6387 -6595.2441 -136.63891 -1.0128165 -0.11956112 -7.5611254
60867 64980.0 1257.1901 -5935.9698 -3182.8756000000003 -1.8410416 3.2019197 -6.6787094
60867 65400.0 376.93948 -4002.9273 -5544.4085000000005 -2.2738942000000004 5.834196700000001 -4.3609507
60867 65820.0 -584.09101 -1211.3596000000002 -6712.9893 -2.2196423 7.215215000000001 -1.1094746
60867 66240.0 -1420.2449 1840.6108000000002 -6439.3670999999995 -1.6886269 7.048922 2.3861149
60867 66660.0 -1952.4627 4497.401900000001 -4786.455400000001 -0.7962388 5.369648000000001 5.360289799999999
60867 67080.0 -2065.6275 6189.5569000000005 -2102.0655 0.26741179 2.5405725 7.1888768
60867 67500.0 -1735.8851000000002 6554.5613 1034.2871 1.2739249 -0.8336025499999999 7.4725405
60867 67920.0 -1034.2826 5515.4276 3948.4943 2.0057194 -4.0217831 6.1534785
60867 68340.0 -111.54839 3297.8535 6017.857599999999 2.3076075 -6.3420529 3.5238172
60867 68760.0 834.94101 378.69801 6803.629900000001 2.1179653 -7.3066852 0.15137819
60867 69180.0 1604.1716999999999 -2620.9585 6140.902 1.4787633 -6.7190701 -3.2502047
60867 69600.0 2032.6032 -5063.724 4170.3078 0.5240157400000001 -4.7015801 -5.9643566
60867 70020.0 2028.2287 -6428.249900000001 1309.4504 -0.54517509 -1.6757094 -7.4106727
60867 70440.0 1590.8514 -6420.2837 -1831.2797 -1.4999570000000002 1.713895 -7.2724265
60867 70860.0 813.44758 -5040.098 -4579.5461 -2.1345361 4.7386411 -5.5756681
60867 71280.0 -137.79500000000002 -2582.9197000000004 -6346.6863 -2.3127269000000004 6.7490385 -2.6859944000000002
60867 71700.0 -1059.621 425.83269 -6754.862700000001 -1.9970185 7.3176289 0.77798122
60867 72120.0 -1755.5569 3344.6329 -5717.2595 -1.2535045 6.3204858999999995 4.0788922
60867 72540.0 -2075.4541 5545.9653 -3453.7986 -0.24087447 3.9699201 6.508756000000001
60867 72960.0 -1950.5572 6558.9645 -447.63224 0.82488675 0.76548711 7.5444173
60867 73380.0 -1407.5527 6166.115900000001 2654.8748 1.7134127000000001 -2.6012514 6.9589294
60867 73800.0 -561.78398 4446.853700000001 5184.5151 2.2363060999999997 -5.4127133999999995 4.884895
60867 74220.0 404.94302000000005 1773.709 6602.220700000001 2.2794488000000004 -7.0644159 1.7570754
60867 74640.0 1284.8792 -1277.7934 6604.768099999999 1.8318414 -7.1948314 -1.7489061
60867 75060.0 1890.6448 -4057.0013 5193.5326 0.99085473 -5.777877999999999 -4.8732377
60867 75480.0 2091.8986 -5969.0431 2666.5398 -0.06224999900000001 -3.1229355 -6.9492183999999995
60867 75900.0 1843.2196000000001 -6595.762 -432.26473 -1.1009684 0.19365817000000002 -7.5403203
60867 76320.0 1200.2104 -5811.6539 -3438.7339 -1.9051881000000002 3.4721998 -6.5145495
60867 76740.0 300.43183000000005 -3784.3155 -5707.7108 -2.3013551000000003 6.0054742 -4.0932618000000005
60867 77160.0 -663.56124 -948.3797099999999 -6754.003 -2.2056237999999997 7.2531929 -0.79871144
60867 77580.0 -1485.9136 2090.0258 -6354.577700000001 -1.6390303 6.952128200000001 2.6664526
60867 78000.0 -1990.828 4681.836200000001 -4594.0178 -0.72122245 5.164345 5.5647806
60867 78420.0 -2069.7418000000002 6271.710900000001 -1847.9846000000002 0.35257373999999997 2.2677313 7.272994
60867 78840.0 -1705.2889 6518.1477 1295.0276000000001 1.3510993 -1.1151571 7.4197966
60867 79260.0 -975.99469 5369.948200000001 4159.9395 2.0587732 -4.252484000000001 5.9764363000000005
60867 79680.0 -38.128106 3075.0733999999998 6135.273400000001 2.3257739 -6.4746695 3.260844
60867 80100.0 907.90008 125.8534 6801.8978 2.0975965999999997 -7.3147131000000005 -0.14322300000000002
60867 80520.0 1661.0016 -2850.1185 6019.3146 1.4235588000000001 -6.599914399999999 -3.5163162000000003
60867 80940.0 2060.7173000000003 -5219.628900000001 3952.9673 0.44483144 -4.477698800000001 -6.145741699999999
60867 81360.0 2020.481 -6475.0198 1039.9868000000001 -0.63235705 -1.3912986 -7.4676623
60867 81780.0 1548.1992 -6345.421200000001 -2095.0182 -1.575674 1.9974912999999999 -7.187926000000001
60867 82200.0 744.5173100000001 -4857.578 -4780.389 -2.1815314 4.9579496 -5.365978699999999
60867 82620.0 -218.39971 -2330.9021000000002 -6440.795 -2.3203584999999998 6.854579 -2.3971709000000003
60867 83040.0 -1134.7104 693.61953 -6722.103700000001 -1.9637386 7.2860768 1.0817983
60867 83460.0 -1808.7831 3570.0429 -5564.4607000000005 -1.1875073999999999 6.1615685000000004 4.3309799
60867 83880.0 -2096.2241000000004 5683.2405 -3214.3884 -0.15596767 3.7172096000000003 6.6563346
60867 84300.0 -1934.9348 6579.8721 -174.42325 0.91003018 0.47450884000000004 7.554976300000001
60867 84720.0 -1359.4059 6068.058400000001 2903.3187000000003 1.7803465 -2.8668153000000003 6.8320516
60867 85140.0 -492.46447 4256.1843 5358.5104 2.2693601 -5.5897964 4.651097399999999
60867 85560.0 479.04905 1539.1091000000001 6669.763900000001 2.2729838 -7.113265 1.4809272000000002
60867 85980.0 1348.7263 -1505.4676000000002 6558.7080000000005 1.7933768 -7.1221921 -1.9998926
60868 0.0 1931.6209 -4229.8939 5049.5075 0.93176017 -5.6157372 -5.0571332
60868 420.0 2103.0489 -6053.1882000000005 2462.0595 -0.13070437999999998 -2.907778 -7.0404555
60868 840.0 1824.5642 -6581.0684 -652.59117 -1.1673140000000002 0.425181 -7.5226726
60868 1260.0 1156.6496000000002 -5704.6088 -3628.235 -1.9552276 3.6722824999999997 -6.3880344
60868 1680.0 241.32228 -3607.9637000000002 -5825.8577000000005 -2.3240725 6.1290411 -3.8873898
60868 2100.0 -725.58138 -741.14096 -6776.9666 -2.1966117 7.2741752 -0.56004756
60868 2520.0 -1537.8252 2283.6863 -6279.5824 -1.6009514999999999 6.868184500000001 2.8855982
60868 2940.0 -2022.0627 4821.334 -4439.3513 -0.66271491 4.9955189 5.7185195
60868 3360.0 -2074.2138999999997 6328.6806 -1647.9835 0.41910255 2.0507896000000003 7.3306923
60868 3780.0 -1682.5347 6481.7851 1496.7946000000002 1.4119935000000001 -1.3348076000000002 7.3707880999999995
60868 4200.0 -929.91123 5243.5305 4317.6618 2.1033316 -4.4330081 5.837283800000001
60868 4620.0 22.961956999999998 2879.5079 6213.247 2.3459735999999998 -6.5897181 3.0465619000000004
60868 5040.0 971.2025400000001 -100.16868 6778.8027 2.0823831 -7.3260823 -0.40651190000000004
60868 5460.0 1710.4739 -3055.5012 5887.7839 1.3742265 -6.4926932 -3.760536
60868 5880.0 2083.8155 -5357.3425 3733.3927000000003 0.37090873 -4.2680269 -6.311657100000001
60868 6300.0 2010.7122 -6511.3686 777.0002 -0.71263667 -1.1271 -7.508704300000001
60868 6720.0 1506.8898000000002 -6270.6277 -2346.5065 -1.6423991000000002 2.2514019 -7.0929541
60868 7140.0 681.00784 -4689.8413 -4967.5206 -2.2187788 5.138859 -5.160779300000001
60868 7560.0 -290.04634000000004 -2109.8124 -6527.832 -2.3214742000000004 6.9234684 -2.1359911
60868 7980.0 -1199.565 918.3146700000001 -6698.4991 -1.9313223000000002 7.2355418 1.3376959
60868 8400.0 -1854.4737 3751.4466 -5443.8043 -1.1305761 6.011048300000001 4.5299176
60868 8820.0 -2114.9166 5786.4331 -3028.3345 -0.086476934 3.5019463 6.764409
60868 9240.0 -1923.9557 6586.055 34.713893 0.9795553200000001 0.23617159000000001 7.5567382
60868 9660.0 -1321.3504 5976.5525 3090.3887999999997 1.8377435 -3.0860147 6.7278028999999995
60868 10080.0 -435.79109000000005 4087.2008 5482.5124000000005 2.3022027 -5.7464453 4.4550826
60868 10500.0 543.0141600000001 1323.2825 6698.455900000001 2.2738707 -7.1750743 1.2298178
60868 10920.0 1405.7877 -1723.5762 6478.842000000001 1.7595825999999999 -7.0693052 -2.2572831
60868 11340.0 1967.9639 -4401.6955 4870.3760999999995 0.86847229 -5.4511799000000005 -5.263401300000001
60868 11760.0 2108.9258 -6137.608700000001 2216.5909 -0.20959933 -2.6639872999999996 -7.1427895
60868 12180.0 1798.2349 -6559.0515000000005 -913.27733 -1.2427141 0.69313294 -7.4885698000000005
60868 12600.0 1102.8949 -5577.522 -3847.2541 -2.0080469 3.8943939999999997 -6.2297984
60868 13020.0 172.10614999999999 -3405.9777000000004 -5959.071 -2.3433699000000003 6.2561181 -3.6454454999999997
60868 13440.0 -795.30186 -510.39567 -6800.9835 -2.1800594 7.2826706 -0.29196212000000005
60868 13860.0 -1593.9194 2493.5211 -6195.703 -1.5540191 6.7630008 3.1226303
60868 14280.0 -2053.8442 4967.459900000001 -4270.6902 -0.5958870399999999 4.8031014999999995 5.8790929
60868 14700.0 -2075.9473000000003 6382.478 -1432.726 0.49298732 1.8102703 7.3870019000000005
60868 15120.0 -1654.2133999999999 6432.513599999999 1711.7421000000002 1.4788877 -1.5771699000000001 7.3128465
60868 15540.0 -878.29125 5105.107900000001 4488.610900000001 2.1485426000000003 -4.6283937 5.6684069
60868 15960.0 85.644969 2684.8276 6302.1151 2.3579112 -6.6862398 2.8099863000000003
60868 16380.0 1031.317 -309.50011 6764.8874000000005 2.0631017000000003 -7.3127588 -0.64783186
60868 16800.0 1756.5135 -3237.4226000000003 5777.8895999999995 1.3273664 -6.3764462 -3.9674333
60868 17220.0 2106.083 -5472.9581 3551.8507999999997 0.30663086 -4.0744243 -6.4398207
60868 17640.0 2004.6884 -6536.5827 563.22905 -0.78064923 -0.8980808600000001 -7.5313803
60868 18060.0 1474.0633 -6200.758 -2546.5602000000003 -1.6996957 2.4669589999999997 -7.006196200000001
60868 18480.0 628.38779 -4539.8592 -5111.1612000000005 -2.2534951000000003 5.2958867000000005 -4.9841627
60868 18900.0 -351.12288 -1912.1855 -6584.6105 -2.3263211000000004 6.9893767 -1.9063435
60868 19320.0 -1256.0973999999999 1121.709 -6655.991400000001 -1.9051811 7.1965237 1.5724500000000001
60868 19740.0 -1894.3152 3917.3148 -5310.3454 -1.0786024 5.874376900000001 4.720379299999999
60868 20160.0 -2129.3206 5878.9899000000005 -2831.7047000000002 -0.019509546 3.2957095 6.8690355
60868 20580.0 -1909.7337 6585.2522 252.5179 1.0467494 0.004923273 7.5515033
60868 21000.0 -1281.4814 5882.2937 3282.7215 1.8904448 -3.2915396 6.614066
60868 21420.0 -378.88509999999997 3920.0654 5608.3555 2.32919 -5.8816125 4.258221499999999
60868 21840.0 604.76705 1119.5243 6731.5175 2.2696357 -7.2114852 0.9928869600000001
60868 22260.0 1459.2609 -1920.2476000000001 6412.7254 1.7251983 -7.0000772 -2.4839761
60868 22680.0 2001.8568 -4549.424 4719.8121 0.81128718 -5.291606300000001 -5.4315918000000005
60868 23100.0 2116.0594 -6205.0156 2014.1748 -0.27756085 -2.4479264 -7.2171464
60868 23520.0 1777.0903 -6531.759400000001 -1124.0642 -1.3069594 0.91985835 -7.4533308
60868 23940.0 1058.0675 -5461.5208 -4021.1164 -2.0548518 4.083478 -6.0925031
60868 24360.0 113.10222999999999 -3225.7102000000004 -6058.661 -2.3629222 6.3677586 -3.4355059999999997
60868 24780.0 -855.9505300000001 -303.96037 -6804.6912 -2.1681659 7.2933563 -0.053439166
60868 25200.0 -1643.2436 2682.3431 -6101.9744 -1.5128914 6.669755100000001 3.3397115
60868 25620.0 -2081.1276000000003 5098.1871 -4098.6401000000005 -0.53392809 4.6245538 6.0279931
60868 26040.0 -2074.9018 6426.1895 -1218.228 0.5626918500000001 1.5839701 7.4350233
60868 26460.0 -1624.9606 6379.697099999999 1922.6772 1.5409682 -1.8018884000000002 7.2480848
60868 26880.0 -827.01814 4967.0123 4650.7273 2.1893779 -4.8022294 5.5050306
60868 27300.0 147.95194 2491.3457000000003 6380.9006 2.3687698 -6.771621000000001 2.5840653000000002
60868 27720.0 1091.3515 -516.75154 6743.8826 2.0419574000000003 -7.2923386 -0.88714426
60868 28140.0 1801.6365 -3414.4323 5662.4674 1.2787025 -6.2551021 -4.1692513
60868 28560.0 2126.7311 -5582.062900000001 3367.2756 0.24089572 -3.8783174 -6.561319900000001
60868 28980.0 1996.594 -6554.8180999999995 349.37779 -0.8492966000000001 -0.66938783 -7.5468281
60868 29400.0 1439.0851 -6124.624 -2743.7399 -1.7567146 2.6792903000000003 -6.9129926
60868 29820.0 573.8336800000001 -4385.1399 -5249.4627 -2.2871418 5.447602700000001 -4.8031801
60868 30240.0 -413.51102000000003 -1712.3917 -6634.719700000001 -2.3293018 7.048458800000001 -1.6749124
60868 30660.0 -1313.0498 1324.2674 -6606.7586 -1.8767452 7.150264600000001 1.8055753
60868 31080.0 -1933.6297 4079.5086 -5171.6212000000005 -1.0245358000000002 5.7317527 4.905574
60868 31500.0 -2142.4678 5965.9349 -2632.6153 0.04873042 3.0865806 6.9658392000000005
60868 31920.0 -1893.9097 6578.4455 469.35358 1.1143029 -0.2252276 7.5379040999999996
60868 32340.0 -1240.035 5783.255700000001 3470.8297000000002 1.9426524 -3.4924786 6.4935124
60868 32760.0 -320.78418 3750.562 5727.7033 2.3548983 -6.0101961 4.0575678
60868 33180.0 667.0770200000001 916.2049900000001 6757.1512 2.2636305 -7.2410441 0.7555344700000001
60868 33600.0 1512.5116 -2113.8656 6339.682400000001 1.6887967000000002 -6.9250219 -2.707891
60868 34020.0 2034.6653999999999 -4691.9773 4563.9131 0.75208411 -5.1277403999999995 -5.5949805
60868 34440.0 2121.3435 -6265.8648 1808.8078 -0.34708514 -2.2297127999999997 -7.285038800000001
60868 34860.0 1753.5899 -6497.5616 -1334.8847 -1.3719878 1.1459894 -7.4108943
60868 35280.0 1010.7656 -5339.442 -4192.053 -2.1013547 4.2689994 -5.9486051
60868 35700.0 51.996525000000005 -3041.4264 -6152.9332 -2.3809979 6.473207500000001 -3.221029
60868 36120.0 -917.8873000000001 -96.472436 -6801.857400000001 -2.1539573 7.296368900000001 0.1861932
60868 36540.0 -1692.809 2868.9816 -6002.0945 -1.4692208 6.5691192 3.5537952
60868 36960.0 -2107.6696 5224.0571 -3922.4912999999997 -0.46994094000000003 4.4409812 6.1703286
60868 37380.0 -2072.467 6463.6575 -1002.9488000000001 0.63339435 1.3564958 7.4747955
60868 37800.0 -1594.131 6320.942599999999 2130.9564 1.6029731999999999 -2.0241418 7.1755640000000005
60868 38220.0 -774.41026 4824.6535 4807.3366 2.2291778 -4.9707462 5.3361259
60868 38640.0 211.01582000000002 2296.1638 6452.526900000001 2.3779453 -6.850327 2.3557439
60868 39060.0 1151.4038 -722.9405899999999 6715.5505 2.0187329 -7.2650966 -1.1258575000000002
60868 39480.0 1845.9014 -3587.6468 5540.6009 1.2280679 -6.1279634 -4.3677928
60868 39900.0 2145.7696 -5685.2975 3178.1202000000003 0.17356877 -3.678245 -6.677368
60868 40320.0 1986.3312 -6565.9929 133.54254 -0.91895214 -0.43906947 -7.5554932
60868 40740.0 1401.6998999999998 -6041.3106 -2939.9322 -1.813816 2.8905125 -6.8125889
60868 41160.0 517.06893 -4224.286400000001 -5383.7721 -2.3198129 5.5956192 -4.6155113000000005
60868 41580.0 -477.48302 -1508.5637 -6678.4538 -2.3303211000000004 7.1013705 -1.4390208
60868 42000.0 -1370.6134 1527.9124 -6549.9439 -1.845721 7.096358 2.0398013
60868 42420.0 -1972.4403 4239.552 -5025.6979 -0.96786573 5.5817054 5.0878104
60868 42840.0 -2154.1015 6047.9113 -2428.3232000000003 0.11892691000000001 2.8721966 7.0562698
60868 43260.0 -1876.0710000000001 6565.379 688.16158 1.1824607 -0.45683214 7.5158092
60868 43680.0 -1196.6263000000001 5678.2244 3657.3233999999998 1.9940319 -3.690683 6.364810800000001
60868 44100.0 -261.30422 3576.9617000000003 5842.4903 2.3787332 -6.132695 3.8513297
60868 44520.0 729.8509399999999 711.75152 6776.664900000001 2.2552303 -7.2629232 0.51638018
60868 44940.0 1565.2116 -2305.3477000000003 6260.5388 1.6502411 -6.8427888 -2.9297238
60868 45360.0 2066.09 -4829.749 4403.0478 0.6913457100000001 -4.9587153 -5.7535699000000005
60868 45780.0 2124.7434 -6320.2578 1600.8973 -0.41741688 -2.0087687 -7.3463899
60868 46200.0 1728.0507 -6456.3501 -1545.3186 -1.4369351 1.3719661 -7.3613195
60868 46620.0 961.5066700000001 -5210.4608 -4359.5497000000005 -2.1469782 4.4517242 -5.7987098
60868 47040.0 -10.560793 -2851.744 -6241.410900000001 -2.3974243000000004 6.5736646 -3.0018773999999997
60868 47460.0 -980.4399000000001 113.86392000000001 -6791.75 -2.1374739 7.2923367 0.42793316
60868 47880.0 -1741.9875 3055.2887 -5894.8511 -1.4231637000000001 6.4607252 3.7660267
60868 48300.0 -2132.9291000000003 5346.5776 -3740.6502 -0.40421291000000004 4.2511833 6.306641
60868 48720.0 -2068.8107 6497.3539 -785.76357 0.7041860600000001 1.1266609 7.5039294000000005
60868 49140.0 -1562.4169 6258.6703 2336.7186 1.6632074000000001 -2.2424109 7.093178600000001
60868 49560.0 -721.8980600000001 4681.4636 4958.0882 2.2662783 -5.1309065 5.1618258
60868 49980.0 272.88793 2103.8088 6517.215200000001 2.3845992000000003 -6.9200003 2.1277607
60868 50400.0 1209.4111 -922.9685300000001 6681.4672 1.9939462000000001 -7.2311244 -1.3599287
60868 50820.0 1887.7796 -3752.8506 5415.4436 1.1768642 -5.997366 -4.5598222999999996
60868 51240.0 2162.3811 -5779.7880000000005 2988.6286 0.10639602 -3.4778024999999997 -6.7868965
60868 51660.0 1973.7986 -6568.7300000000005 -80.095863 -0.98804041 -0.21044058999999998 -7.5587153
60868 52080.0 1362.4833999999998 -5951.0509 -3132.1141000000002 -1.869821 3.0988406 -6.7068976000000005
60868 52500.0 458.21932000000004 -4054.3907999999997 -5510.1995 -2.3520981 5.7424286 -4.4260055000000005
60868 52920.0 -543.18829 -1296.3811 -6712.9587 -2.3299378 7.1514825 -1.1993378000000001
60868 53340.0 -1429.0333 1737.9163999999998 -6482.4355000000005 -1.8119990000000001 7.0356648999999996 2.2764525
60868 53760.0 -2010.8669 4402.4587 -4869.0808 -0.90828554 5.4224404999999996 5.2670303
60868 54180.0 -2164.4694 6129.396900000001 -2216.139 0.19047223 2.6508966999999997 7.1365792
60868 54600.0 -1856.3473999999999 6548.8368 910.8117500000001 1.2501235 -0.69031723 7.4814606999999995
60868 55020.0 -1151.9568000000002 5570.2823 3842.7588 2.0427681 -3.8835701 6.2256751999999995
60868 55440.0 -201.91659 3403.7635 5952.9735 2.3990164 -6.2454245 3.6404728
60868 55860.0 791.13208 511.94945 6791.416700000001 2.2439618 -7.2752049 0.27934159000000003
60868 56280.0 1615.5328000000002 -2488.8357 6178.662700000001 1.6102184 -6.7544336000000005 -3.145255
60868 56700.0 2095.9308 -4959.986400000001 4245.8731 0.63025839 -4.7856404 -5.9014344
60868 57120.0 2129.542 -6373.1882000000005 1406.7072 -0.48391044 -1.7937580000000002 -7.3889086
60868 57540.0 1705.3621 -6416.8305 -1736.967 -1.4956084 1.579464 -7.304076200000001
60868 57960.0 916.03911 -5086.1365000000005 -4507.0053 -2.1894385 4.6204713 -5.654815
60868 58380.0 -68.803477 -2670.2537 -6313.2843 -2.4134778999999997 6.667699400000001 -2.7935162
60868 58800.0 -1038.8648 314.69445 -6769.421 -2.1219908999999997 7.2879315 0.66024291
60868 59220.0 -1787.498 3232.5609 -5778.6298 -1.3781371 6.354304600000001 3.9721336000000003
60868 59640.0 -2154.8413 5460.8090999999995 -3552.0026000000003 -0.33904951 4.0629324 6.4382221
60868 60060.0 -2061.8558000000003 6522.4378 -564.6260400000001 0.77392779 0.89996244 7.5277954000000005
60868 60480.0 -1527.4073 6187.201400000001 2543.1784 1.7219963 -2.4555987 7.0068891
60868 60900.0 -665.51969 4526.2772 5105.7323 2.3024047000000003 -5.2855261 4.988868900000001
60868 61320.0 338.16808000000003 1901.1115 6577.785900000001 2.3893164000000002 -6.9825364 1.8989704
60868 61740.0 1269.7478999999998 -1129.2741 6643.8546 1.9663166 -7.1857751 -1.5893319
60868 62160.0 1930.8092 -3919.0586000000003 5290.6238 1.1244119000000001 -5.8577309 -4.7376185
60868 62580.0 2180.2499 -5873.2465 2806.5411000000004 0.041582362000000005 -3.2783158 -6.8763672
60868 63000.0 1964.3163000000002 -6573.7080000000005 -278.26379 -1.051243 0.0040109073999999995 -7.5448911
60868 63420.0 1328.8102 -5870.0351 -3303.725 -1.9190876000000001 3.2831761000000004 -6.5989366
60868 63840.0 409.98566999999997 -3914.7691 -5622.7897 -2.3766587 5.8575667000000005 -4.2441211999999995
60868 64260.0 -596.18953 -1125.9941000000001 -6741.716 -2.3278192 7.181434 -0.9877267900000001
60868 64680.0 -1475.5532 1902.2495000000001 -6422.6787 -1.7835886 6.977318500000001 2.4801546
60868 65100.0 -2040.5424 4524.982 -4731.9011 -0.85751816 5.2842683 5.4260602
60868 65520.0 -2171.6837 6186.3675 -2030.6245000000001 0.25208694 2.4602820000000003 7.2075282
60868 65940.0 -1837.3865 6521.0482 1105.2678 1.3105739 -0.89474617 7.4527492
60868 66360.0 -1109.7835 5460.1230000000005 4004.6099 2.0885784 -4.0564624 6.1026758
60868 66780.0 -145.58754000000002 3234.8864 6047.3135999999995 2.4192638000000004 -6.3464133 3.4482721
60868 67200.0 849.69413 320.19847999999996 6798.0014 2.2341961 -7.2811018999999995 0.061852213
60868 67620.0 1664.0319 -2662.6306 6097.2548 1.5731097 -6.6649776 -3.3386709999999997
60868 68040.0 2123.491 -5077.442400000001 4093.0999 0.57482544 -4.6248948 -6.0319107999999995
60868 68460.0 2130.9416 -6411.5887 1215.1054 -0.54899071 -1.5873415 -7.4319176
60868 68880.0 1680.8577 -6369.0649 -1924.3157 -1.5551437000000001 1.7860555999999999 -7.2442616
60868 69300.0 871.47527 -4965.0928 -4651.1907 -2.2287982000000004 4.777399900000001 -5.504065300000001
60868 69720.0 -124.10604 -2500.4747 -6381.9777 -2.4258112 6.7450285999999995 -2.5881186
60868 70140.0 -1093.2373 497.68104 -6747.4759 -2.1052244 7.2724038 0.87938171
60868 70560.0 -1829.0715 3389.5182000000004 -5669.253 -1.3348129 6.2474569 4.1620726
60868 70980.0 -2173.8701 5556.4676 -3376.1636000000003 -0.27709326 3.8835609 6.5589226
60868 71400.0 -2053.1105000000002 6533.4305 -358.05362 0.8417615500000001 0.68340646 7.550099500000001
60868 71820.0 -1492.3208000000002 6110.1997 2737.1557000000003 1.7796839 -2.661285 6.9190886
60868 72240.0 -609.94163 4369.8305 5239.995400000001 2.3392091 -5.4419127 4.8090583
60868 72660.0 402.51503 1696.9488000000001 6620.9385999999995 2.3953222000000003 -7.050645 1.6627859
60868 73080.0 1329.1787 -1338.5973000000001 6584.6738 1.9375400999999999 -7.1445067 -1.8358904
60868 73500.0 1971.6265 -4088.4784 5135.500400000001 1.0659467 -5.711564500000001 -4.9391528
60868 73920.0 2192.3069 -5963.7888 2584.8881 -0.034296739 -3.0556119 -6.9847847000000005
60868 74340.0 1943.8899 -6563.1181 -520.38149 -1.1268710000000002 0.25309963 -7.5317823
60868 74760.0 1280.0656000000001 -5760.0008 -3514.2233 -1.9765190000000001 3.5004957 -6.4659852
60868 75180.0 343.2892 -3729.1201 -5757.688400000001 -2.403008 5.9929259 -4.0245029
60868 75600.0 -666.4525699999999 -906.03218 -6774.9976 -2.318403 7.2070323 -0.7328985800000001
60868 76020.0 -1534.8378 2109.2108 -6351.3957 -1.74191 6.8917298 2.7143039
60868 76440.0 -2077.1668 4676.1639000000005 -4575.2298 -0.7932203 5.1093132 5.5918231
60868 76860.0 -2176.5386000000003 6245.8815 -1820.8406000000002 0.32897209 2.2278881000000004 7.2838241
60868 77280.0 -1810.1972 6478.8997 1323.5536000000002 1.3840540000000001 -1.1397282 7.4155133
60868 77700.0 -1055.6891 5322.6472 4183.2896 2.1431736000000003 -4.2656133 5.9526932
60868 78120.0 -74.80098600000001 3025.2349 6143.9367999999995 2.4422706 -6.474014 3.2131064
60868 78540.0 922.40273 77.785169 6782.5779 2.2186809 -7.2978589000000005 -0.21808349999999999
60868 78960.0 1721.8882 -2884.5047000000004 5967.5744 1.5190184 -6.5543762 -3.5988899
60868 79380.0 2152.4506 -5229.3095 3869.5106 0.49364705 -4.4070806000000005 -6.2094967
60868 79800.0 2121.501 -6452.8977 939.60918 -0.6382679600000001 -1.3132739999999998 -7.4867868
60868 80220.0 1635.7985 -6293.4158 -2192.4584 -1.6319658 2.0574814000000003 -7.154877000000001
60868 80640.0 800.37418 -4788.6212000000005 -4854.8628 -2.273857 4.9773111 -5.29308
60868 81060.0 -205.6792 -2263.5739 -6480.8809 -2.4299986 6.8277175 -2.3111932000000004
60868 81480.0 -1168.1526000000001 741.99437 -6727.9873 -2.0705013 7.2259699 1.1552399
60868 81900.0 -1882.9394 3590.1563 -5544.7708 -1.2714591 6.0912477 4.3781852
60868 82320.0 -2197.6476000000002 5675.3335 -3180.5617 -0.19927953 3.6565849 6.6767828
60868 82740.0 -2043.6834 6550.0085 -136.71667000000002 0.9193519800000001 0.43226906000000004 7.5540196
60868 83160.0 -1452.7175 6024.0611 2936.3045 1.8436172 -2.8917257 6.8116487
60868 83580.0 -550.6969399999999 4208.235900000001 5378.861400000001 2.3733188 -5.597186300000001 4.6068145000000005
60868 84000.0 469.22478 1491.589 6667.0148 2.3948422000000003 -7.103080100000001 1.4153295000000001
60868 84420.0 1388.8433 -1544.7076000000002 6524.4056 1.9034695 -7.0889288 -2.082487
60868 84840.0 2011.9709 -4251.3596 4985.0479000000005 1.002159 -5.5497132 -5.1341901
60868 85260.0 2203.5429 -6045.5356 2374.9228 -0.11482804 -2.8187837 -7.084003200000001
60868 85680.0 1920.9894 -6539.179 -748.0867800000001 -1.2064843 0.5121293899999999 -7.5155308000000005
60868 86100.0 1226.5283000000002 -5630.6512999999995 -3710.2297000000003 -2.0400202 3.7350488 -6.331488500000001
60869 120.0 269.15077 -3515.3219 -5875.326 -2.4354709 6.153054 -3.7903827999999997
60869 540.0 -745.90933 -646.9934000000001 -6778.713 -2.3103238999999998 7.2535825 -0.44173002000000006
60869 960.0 -1601.7948000000001 2359.3793 -6231.657 -1.6912167999999999 6.8020474 2.9989862
60869 1380.0 -2115.5280000000002 4861.7491 -4349.901 -0.7105102000000001 4.8969736 5.7985690000000005
60869 1800.0 -2177.0775 6324.9340999999995 -1535.8715 0.42280562 1.9435730000000002 7.3569399
60869 2220.0 -1773.1922 6436.0205000000005 1607.5462 1.4651648 -1.4234603 7.3381366
60869 2640.0 -990.72522 5173.170099999999 4407.0825 2.1928158 -4.4794438 5.7506997
60869 3060.0 2.7510477 2808.8339 6266.0486 2.452203 -6.5744147 2.9419951
60869 3480.0 995.68575 -152.1583 6790.692 2.1905648 -7.2705611 -0.48887306
60869 3900.0 1777.1396000000002 -3080.7110000000002 5869.4668 1.4629671000000002 -6.4221148 -3.8197196
60869 4320.0 2180.2212000000004 -5353.1732999999995 3695.6541 0.420877 -4.2010251 -6.3450353999999995
60869 4740.0 2117.4842000000003 -6481.5653 730.81894 -0.71498078 -1.0728949 -7.517758700000001
60869 5160.0 1600.9547 -6220.932900000001 -2391.1957 -1.6999047 2.2918714000000002 -7.0765395
60869 5580.0 741.04639 -4626.0182 -4999.0516 -2.3199525 5.1637239 -5.1144311
60869 6000.0 -277.74265 -2039.7763 -6533.367700000001 -2.4423646 6.9257741 -2.0570111000000004
60869 6420.0 -1236.9709 982.4870500000001 -6666.0003 -2.0427472 7.204998499999999 1.4355787
60869 6840.0 -1931.979 3795.0329 -5370.6293 -1.2065023000000001 5.9442705 4.6207887
60869 7260.0 -2213.9017999999996 5796.1058 -2923.8492 -0.11137203 3.4106895 6.818046000000001
60869 7680.0 -2022.1135 6556.9637 150.31389000000001 1.0079095 0.14666331 7.553106
60869 8100.0 -1397.8981 5915.6354 3192.2602 1.9100459 -3.1430813 6.6694722
60869 8520.0 -475.27903000000003 4011.9761000000003 5551.9338 2.4028244 -5.7541487 4.3641386
60869 8940.0 548.4085200000001 1255.1933000000001 6727.948200000001 2.3836841 -7.1353898000000004 1.1354033
60869 9360.0 1455.6918 -1768.1075 6471.8818 1.8585239 -7.0009326000000005 -2.3331273
60869 9780.0 2053.6589 -4415.5455999999995 4837.189 0.93685248 -5.376619300000001 -5.311319900000001
60869 10200.0 2214.0039 -6122.0478 2168.7771000000002 -0.1883158 -2.5979222 -7.1630886
60869 10620.0 1900.861 -6518.863 -963.93113 -1.2761514 0.74416226 -7.4822046
60869 11040.0 1180.4852 -5519.099200000001 -3889.5353 -2.0915994 3.9297745 -6.1941359
60869 11460.0 207.19697 -3337.0595 -5979.8378 -2.4584368 6.2707654 -3.5780847
60869 11880.0 -810.38364 -441.53012 -6788.1118 -2.2991189 7.2674345 -0.19948660000000001
60869 12300.0 -1654.8033 2548.404 -6141.9717 -1.6488551 6.7117158 3.2205418
60869 12720.0 -2145.5950000000003 4993.7548 -4179.7878 -0.64549145 4.7204054 5.9532648
60869 13140.0 -2177.3902000000003 6370.7510999999995 -1321.0276000000001 0.49692345 1.7169941 7.4111929000000005
60869 13560.0 -1743.2529 6384.4975 1821.3990000000001 1.5324709 -1.6521402 7.2788012
60869 13980.0 -936.7062900000001 5034.3014 4573.8067 2.2384505 -4.6606213 5.5890037
60869 14400.0 69.52202000000001 2611.1254 6349.245900000001 2.4661824 -6.6682405000000005 2.7132299
60869 14820.0 1061.0248000000001 -366.95586 6772.152400000001 2.1698809999999997 -7.2565315 -0.7357020700000001
60869 15240.0 1827.1597 -3266.9826000000003 5752.8378 1.4120495000000002 -6.3027247 -4.0313127
60869 15660.0 2204.3186 -5471.2393 3505.8605000000002 0.35076583 -4.002044 -6.4752634
60869 16080.0 2110.5823 -6506.370900000001 508.60559000000006 -0.7891244900000001 -0.83793989 -7.5388016
60869 16500.0 1564.8995 -6148.3962 -2598.0826 -1.7620353 2.5118916 -6.9840296
60869 16920.0 683.8178800000001 -4472.6927000000005 -5146.5707 -2.3568607000000004 5.3214818 -4.9295975
60869 17340.0 -343.52436 -1840.221 -6591.1173 -2.4464762 6.987395900000001 -1.8223461
60869 17760.0 -1297.5127 1185.7051000000001 -6623.4191 -2.0138717 7.160041100000001 1.6708526
60869 18180.0 -1974.4733 3958.5151 -5237.811900000001 -1.1509946 5.8034801 4.8074412
60869 18600.0 -2229.4754 5885.340700000001 -2729.9694 -0.040991173000000006 3.2043269000000003 6.9170435
60869 19020.0 -2007.6054 6553.290400000001 363.41058000000004 1.078196 -0.081475336 7.5440433
60869 19440.0 -1356.5906000000002 5820.2293 3378.7981 1.9654374000000001 -3.3449090999999997 6.5545577999999995
60869 19860.0 -415.95007000000004 3844.992 5671.901 2.4318549 -5.8874645 4.1678648
60869 20280.0 613.20893 1051.7995 6755.334 2.380192 -7.1723018000000005 0.89853836
60869 20700.0 1512.1268 -1964.8571000000002 6399.8312000000005 1.8228106000000002 -6.9326939 -2.5612419
60869 21120.0 2089.4634 -4563.4582 4679.876700000001 0.8760466 -5.2163145 -5.4816449
60869 21540.0 2220.9957000000004 -6188.6489 1958.1846 -0.26164634999999997 -2.3783984 -7.2384546
60869 21960.0 1877.2517 -6489.0091 -1182.5747 -1.345644 0.97505131 -7.4440058
60869 22380.0 1131.2795 -5398.9765 -4069.2467 -2.1417121000000003 4.1206947000000005 -6.0503899
60869 22800.0 143.05931 -3152.8519 -6082.2645 -2.4783773 6.3799703 -3.3610755
60869 23220.0 -875.75228 -232.73357000000001 -6791.679700000001 -2.2851839 7.272939500000001 0.043332229
60869 23640.0 -1707.632 2737.2496 -6047.1889 -1.6041053 6.6127404 3.4374506
60869 24060.0 -2174.7287 5122.5032 -4007.5726 -0.57945137 4.5384248 6.0983708
60869 24480.0 -2176.7261000000003 6412.246099999999 -1108.6816999999999 0.5702008 1.4910619999999999 7.4537661
60869 24900.0 -1713.0430000000001 6330.3025 2028.2067 1.5973468 -1.8736321 7.210395800000001
60869 25320.0 -883.22483 4895.6094 4730.9132 2.2814485 -4.831023500000001 5.4254823
60869 25740.0 134.76236 2418.097 6423.256 2.4781619 -6.751951200000001 2.4881876000000003
60869 26160.0 1124.1841000000002 -573.4328 6746.9357 2.1481302 -7.2356242 -0.9746285800000001
60869 26580.0 1874.7405 -3443.0023 5633.340099999999 1.3609206 -6.1811457 -4.2331243999999995
60869 27000.0 2226.0370000000003 -5579.1283 3317.2489 0.28107948 -3.8052541 -6.5963745000000005
60869 27420.0 2101.9262000000003 -6523.3901 291.52171999999996 -0.8620328700000001 -0.60849055 -7.551887300000001
60869 27840.0 1527.7513999999999 -6071.0159 -2797.1761 -1.8223318 2.7236668 -6.8869965
60869 28260.0 626.3191800000001 -4318.2365 -5285.2204 -2.3917762 5.4701085 -4.744430599999999
60869 28680.0 -409.04489 -1642.0054 -6639.9269 -2.4490596 7.0425552 -1.5892823
60869 29100.0 -1357.1104 1385.1035 -6572.7735999999995 -1.9835534000000001 7.1103787 1.9030054
60869 29520.0 -2015.4143000000001 4116.4852 -5098.5100999999995 -1.0940206000000001 5.6593031 4.9898891999999995
60869 29940.0 -2242.9019 5967.8843 -2531.5958 0.030719842 2.9957386 7.010718700000001
60869 30360.0 -1990.4626 6542.327200000001 578.47051 1.1493938000000001 -0.30997785 7.528313900000001
60869 30780.0 -1312.3613 5717.701099999999 3564.3762 2.0208180000000002 -3.5442825 6.432682300000001
60869 31200.0 -353.96038 3672.482 5788.153200000001 2.4594745 -6.0151314000000005 3.9657923
60869 31620.0 679.80204 845.8570500000001 6777.2086 2.3740764 -7.2009183000000005 0.6593363000000001
60869 32040.0 1569.1352 -2160.5072 6322.3346 1.7840769 -6.855902200000001 -2.7866201999999998
60869 32460.0 2124.6620000000003 -4707.130700000001 4519.2334 0.81280669 -5.0499765 -5.6448882000000005
60869 32880.0 2226.7781 -6249.544400000001 1748.4818 -0.33579642000000004 -2.1579114 -7.3038477
60869 33300.0 1852.409 -6454.2131 -1396.2446000000002 -1.4145955 1.2017200000000001 -7.3971276
60869 33720.0 1081.2462 -5276.406400000001 -4241.088900000001 -2.1905362 4.304344 -5.901871
60869 34140.0 78.67100900000001 -2969.3725 -6175.8358 -2.4967997 6.481516 -3.1436792000000002
60869 34560.0 -940.7760400000001 -27.730986 -6787.5325 -2.2695993 7.27173 0.28310937
60869 34980.0 -1759.4388999999999 2919.908 -5946.4988 -1.5578498 6.509381500000001 3.6491553
60869 35400.0 -2202.2659 5243.7567 -3831.9038 -0.5121786700000001 4.3545517 6.237245
60869 35820.0 -2174.0276000000003 6445.9349 -895.55751 0.6443112700000001 1.2654885 7.4899599
60869 36240.0 -1680.5796 6268.936 2233.1889 1.6624614 -2.0928967 7.1356694
60869 36660.0 -827.38122 4750.4492 4883.5876 2.3238856 -4.9975277 5.256782
60869 37080.0 201.88272 2220.6717000000003 6490.939200000001 2.4884046 -6.8296272 2.2596165999999998
60869 37500.0 1188.2932 -781.40248 6714.5441 2.1237876 -7.2071536 -1.2137955
60869 37920.0 1922.1473 -3617.3257000000003 5507.4174 1.3072009 -6.052280700000001 -4.4310657
60869 38340.0 2246.6803 -5682.8026 3124.7035 0.20964662 -3.6037021 -6.7097515
60869 38760.0 2090.7506000000003 -6532.3836 73.37146000000001 -0.93547628 -0.37986858 -7.558870700000001
60869 39180.0 1488.018 -5986.4436 -2994.7202 -1.8823613000000001 2.9323215 -6.7836967999999995
60869 39600.0 566.61854 -4158.5695000000005 -5419.818200000001 -2.4252818 5.612802800000001 -4.554247500000001
60869 40020.0 -475.9828 -1441.5781000000002 -6683.3143 -2.4493047999999997 7.089547400000001 -1.354386
60869 40440.0 -1417.0875 1583.181 -6516.8922 -1.950741 7.052343700000001 2.1322554
60869 40860.0 -2055.8107 4270.0645 -4956.138599999999 -1.0352936 5.5093456 5.165014
60869 41280.0 -2255.3002 6044.541700000001 -2333.7475 0.10291566 2.7860246 7.0949994
60869 41700.0 -1972.3647 6526.0334 789.18449 1.2198114 -0.53492544 7.5042485
60869 42120.0 -1266.4479 5608.5781 3743.7235 2.0759064 -3.7406943999999998 6.3065279
60869 42540.0 -290.47788 3494.5775 5896.4188 2.4863967 -6.1396092 3.7602815
60869 42960.0 747.41902 636.05492 6789.7300000000005 2.3663537999999997 -7.2252276 0.41713537
60869 43380.0 1626.2909 -2357.8313 6234.4920999999995 1.7428431 -6.7729329 -3.0133945
60869 43800.0 2158.8605000000002 -4849.5312 4348.3642 0.74680232 -4.8762522 -5.805762
60869 44220.0 2230.722 -6306.2195 1532.0158000000001 -0.41129081 -1.9329732 -7.361322
60869 44640.0 1825.5742 -6414.3435 -1612.6235 -1.4830854999999998 1.4281473 -7.3398338
60869 45060.0 1029.8113 -5150.0776 -4411.399 -2.2371133 4.4819519 -5.744652
60869 45480.0 13.945456 -2785.2365 -6265.1285 -2.5122873 6.5736263 -2.9227903000000004
60869 45900.0 -1004.9523 173.81682999999998 -6778.921 -2.2514998999999998 7.2610828000000005 0.52040164
60869 46320.0 -1809.5711000000001 3095.7508 -5843.3687 -1.5102652 6.3999174000000005 3.8540013
60869 46740.0 -2227.858 5356.7903 -3656.7895 -0.44475964 4.1691185 6.3680484
60869 47160.0 -2169.5331 6471.618 -686.23169 0.7177354 1.0420369 7.5192788
60869 47580.0 -1646.6672 6200.737099999999 2431.7318999999998 1.7265143 -2.3078352 7.0567168
60869 48000.0 -769.77523 4596.5067 5025.084 2.3674292 -5.1661073 5.0862657
60869 48420.0 272.27411 2007.3944 6540.5335000000005 2.5012306 -6.9191336 2.0204505999999998
60869 48840.0 1256.2868999999998 -1009.7755 6657.8415 2.0946278 -7.1798045 -1.4890915
60869 49260.0 1970.8441 -3810.0536 5344.0193 1.2413638 -5.903317299999999 -4.6665291
60869 49680.0 2265.4331 -5798.9301 2887.2865 0.12032443000000001 -3.3560543 -6.8403669
60869 50100.0 2072.7707 -6539.7386 -190.10793 -1.0243617999999999 -0.09955134700000001 -7.5520193
60869 50520.0 1436.2968 -5880.5788 -3227.3205000000003 -1.951237 3.1811993000000003 -6.6467070999999995
60869 50940.0 492.6903 -3963.9454 -5572.639700000001 -2.460233 5.7789186 -4.3181620999999994
60869 51360.0 -556.17556 -1200.7117 -6724.763400000001 -2.4435731 7.1398833 -1.0686511
60869 51780.0 -1486.3955 1818.7377 -6438.088900000001 -1.9054484 6.976996199999999 2.4091801
60869 52200.0 -2099.2786 4449.9893 -4772.880400000001 -0.9592087699999999 5.322563000000001 5.3758097
60869 52620.0 -2263.0245 6128.892 -2084.3525 0.19414062 2.5254788 7.1936597
60869 53040.0 -1941.9961 6494.894 1051.9137 1.3065555 -0.8140925200000001 7.4676452
60869 53460.0 -1204.9276000000002 5469.250599999999 3961.8393 2.1379933 -3.9742802999999998 6.1416837
60869 53880.0 -209.82209 3273.3652 6023.6325 2.5117519 -6.2810779000000005 3.503698
60869 54300.0 829.7394499999999 381.00958 6799.284900000001 2.3488159 -7.2418572 0.12391454
60869 54720.0 1692.7808 -2592.5039 6124.4146 1.6864411000000001 -6.6611603 -3.2792393000000004
60869 55140.0 2195.5672999999997 -5014.1930999999995 4142.7721 0.66404125 -4.6609247 -5.9863898
60869 55560.0 2230.2122999999997 -6366.6192 1275.5903 -0.50231584 -1.6614955 -7.4183306
60869 55980.0 1788.1431000000002 -6357.6927000000005 -1864.05 -1.5620676000000002 1.6933383 -7.2651614
60869 56400.0 964.33118 -4992.0066 -4605.9920999999995 -2.2884463 4.6882652 -5.5537891
60869 56820.0 -65.273202 -2560.9707000000003 -6362.2476 -2.5252698999999996 6.6770214 -2.6580195
60869 57240.0 -1081.039 415.84599 -6759.2663 -2.223958 7.2410303 0.80160205
60869 57660.0 -1866.5343 3303.9922 -5712.6541 -1.4484112 6.2621712 4.092308
60869 58080.0 -2253.8315000000002 5487.187 -3444.2191000000003 -0.36162353 3.9432714 6.5138971
60869 58500.0 -2159.3425 6497.2523 -438.00226000000004 0.80446246 0.77643848 7.541895800000001
60869 58920.0 -1602.5646000000002 6116.5341 2662.5716 1.7987972 -2.557614 6.951819400000001
60869 59340.0 -702.68322 4426.4710000000005 5191.874900000001 2.4073013000000003 -5.3398305 4.8743974
60869 59760.0 347.1308 1791.9555 6610.4984 2.5009436999999997 -6.9769572 1.7589808
60869 60180.0 1323.0143 -1224.4453 6616.9799 2.0618222999999998 -7.1262018 -1.7285301
60869 60600.0 2017.0342 -3979.888 5210.098400000001 1.1828485000000002 -5.7564563 -4.8497066
60869 61020.0 2280.718 -5886.1066 2688.6736 0.049318761 -3.153975 -6.9386847
60869 61440.0 2056.6349 -6533.3584 -409.30420000000004 -1.0966216 0.12753315 -7.542875
60869 61860.0 1392.6021 -5782.6115 -3418.8582 -2.0078112000000004 3.3810396000000003 -6.5291752
60869 62280.0 430.68598 -3795.4587 -5696.314200000001 -2.4888005 5.9069473 -4.119379299999999
60869 62700.0 -623.1316800000001 -998.75437 -6755.5891 -2.4382647000000004 7.168538 -0.83375338
60869 63120.0 -1544.2332 2010.7513000000001 -6371.763599999999 -1.8682846 6.902324800000001 2.6284639000000003
60869 63540.0 -2136.1308 4591.4551 -4626.1107999999995 -0.89879871 5.1630257 5.5336077999999995
60869 63960.0 -2271.5259 6191.0116 -1888.8899 0.26524383 2.3155537 7.2596006
60869 64380.0 -1920.9468000000002 6465.7669000000005 1252.989 1.3737821 -1.0311606999999998 7.4282094
60869 64800.0 -1158.6356 5354.5188 4125.3212 2.1878879 -4.154431400000001 6.0059519
60869 65220.0 -146.83835000000002 3090.6893 6107.851900000001 2.5369481 -6.3967852999999995 3.2984394000000004
60869 65640.0 896.99053 168.08913 6790.1374000000005 2.3377399 -7.2561257 -0.12232272000000001
60869 66060.0 1747.9007 -2788.2269 6013.7768 1.6405809 -6.5655621 -3.5068614
60869 66480.0 2225.6364 -5149.2397 3950.0612 0.59291034 -4.4727701 -6.1413398
60869 66900.0 2228.0005 -6410.4321 1040.3808000000001 -0.5818544600000001 -1.4236068 -7.4614261
60869 67320.0 1754.5235 -6302.5569000000005 -2092.1753 -1.6314541 1.926746 -7.1838045
60869 67740.0 906.80267 -4850.5917 -4777.7979000000005 -2.3313919999999997 4.8595708 -5.3728394
60869 68160.0 -133.82217000000003 -2366.9467000000004 -6444.6445 -2.5342031 6.7525998000000005 -2.4214593
60869 68580.0 -1146.0668 619.2780300000001 -6739.5339 -2.1988217 7.2104141 1.0429876999999999
60869 69000.0 -1914.8064 3473.7164 -5598.9265000000005 -1.3951058 6.135385599999999 4.2915663
60869 69420.0 -2275.6067000000003 5588.0357 -3262.3117 -0.29027236 3.7457844000000002 6.6336607
60869 69840.0 -2149.5802000000003 6506.5088 -226.75438 0.88046559 0.5457574 7.5587273
60869 70260.0 -1562.4793 6029.3758 2857.602 1.8642394 -2.7766094 6.8593779999999995
60869 70680.0 -640.1330600000001 4258.6503 5327.365 2.4474612000000002 -5.5006993 4.6861553
60869 71100.0 419.42679 1572.5462 6646.174 2.5083951000000004 -7.0505165 1.5108757000000002
60869 71520.0 1389.9012 -1450.8528999999999 6541.812900000001 2.0294243 -7.0840651 -1.9930401
60869 71940.0 2062.5992 -4163.541200000001 5031.9463 1.1154113 -5.5978057 -5.065529499999999
60869 72360.0 2293.1196 -5983.7433 2440.3589 -0.037591191 -2.9119212 -7.0491794
60869 72780.0 2032.3879 -6522.215 -675.6211400000001 -1.1808606 0.39316071 -7.5172513
60869 73200.0 1337.3241 -5667.040400000001 -3647.15 -2.0682919 3.6029127 -6.376394500000001
60869 73620.0 357.49957 -3605.6148 -5841.026400000001 -2.5126945000000003 6.0337177 -3.8829176000000003
60869 74040.0 -698.1808000000001 -779.8323800000001 -6793.828 -2.4237642 7.1794222 -0.57331677
60869 74460.0 -1606.1719 2210.906 -6305.5508 -1.8219255 6.805442 2.8573603
60869 74880.0 -2173.7792999999997 4732.875599999999 -4477.7934000000005 -0.83135304 4.9854796 5.6906254
60869 75300.0 -2278.7495 6247.3845 -1694.878 0.34146971000000004 2.0930048 7.3206142000000005
60869 75720.0 -1896.5295 6425.9981 1450.8095 1.4460496 -1.2598511000000001 7.3848970000000005
60869 76140.0 -1107.546 5226.345 4284.2643 2.2424229999999996 -4.3488042 5.8600307
60869 76560.0 -80.798556 2904.7552 6195.482599999999 2.5574261000000003 -6.504008799999999 3.0745178
60869 76980.0 963.10983 -39.701557 6773.3843 2.3238691 -7.2633645 -0.37034521000000004
60869 77400.0 1800.5893 -2975.4982999999997 5896.0171 1.5917419 -6.464289 -3.7348405
60869 77820.0 2251.9457 -5273.6595 3750.0211000000004 0.51828257 -4.2793665 -6.297084300000001
60869 78240.0 2220.3138 -6440.83 797.50215 -0.66587452 -1.1778151000000001 -7.5047483
60869 78660.0 1713.103 -6228.579900000001 -2326.5946000000004 -1.7047633000000002 2.1680618 -7.1003034
60869 79080.0 840.1651400000001 -4686.8893 -4953.2548 -2.3761882 5.038103 -5.1814287000000006
60869 79500.0 -211.43656000000001 -2149.0217000000002 -6524.9631 -2.5408626 6.8275068 -2.169206
60869 79920.0 -1218.3325 844.0382500000001 -6711.4338 -2.1675131000000003 7.168284300000001 1.2970089
60869 80340.0 -1967.3389 3658.3029 -5473.6411 -1.3344146000000001 5.9906077 4.4922082
60869 80760.0 -2298.7296 5695.8175 -3071.1848 -0.21405933 3.5338114999999997 6.7419452
60869 81180.0 -2139.9728 6518.6085 -12.720098 0.9570653800000001 0.31098919999999997 7.55743
60869 81600.0 -1523.2039 5946.1591 3048.2367999999997 1.9266132 -2.988235 6.7513852
60869 82020.0 -579.80011 4098.5665 5453.6099 2.4836817 -5.6490839 4.4927501
60869 82440.0 487.93686 1371.9811000000002 6686.114500000001 2.5080228000000004 -7.0975684 1.26948
60869 82860.0 1450.9318 -1648.3601 6481.2913 1.9923127 -7.021851 -2.2372085000000004
60869 83280.0 2101.8844 -4314.4385999999995 4878.3917 1.0502859 -5.4407337 -5.2571988
60869 83700.0 2301.02 -6053.0035 2224.2961 -0.11964347 -2.6859396 -7.149691600000001
60869 84120.0 2005.0387 -6489.1911 -909.77512 -1.2636133999999999 0.64589353 -7.5001546
60869 84540.0 1278.3383000000001 -5531.5538 -3848.2637000000004 -2.1329729000000004 3.8283904000000004 -6.2375995
60869 84960.0 278.1102 -3390.8157 -5962.295 -2.5429615 6.1779599 -3.6477998
60869 85380.0 -781.41449 -528.51249 -6804.948200000001 -2.4112820999999998 7.2049932 -0.29433467
60869 85800.0 -1675.4417 2445.9963 -6201.8168 -1.7693144 6.7040176 3.1140470000000002
60869 86220.0 -2214.6787999999997 4902.4908 -4281.925700000001 -0.751739 4.7817118 5.8638907
60870 240.0 -2283.9365000000003 6318.5395 -1451.1414 0.42860558 1.8374724000000002 7.3719587
60870 660.0 -1867.0618000000002 6389.5652 1688.9314 1.5209619 -1.5067719 7.3088336
60870 1080.0 -1051.8638 5097.3919000000005 4467.5362000000005 2.2904706000000004 -4.5351029 5.6809321
60870 1500.0 -11.998827 2716.4064 6289.1118 2.5711418 -6.5968115 2.8343826
60870 1920.0 1030.3545 -245.19767000000002 6762.2342 2.3020118000000003 -7.2494753 -0.6233851100000001
60870 2340.0 1851.9717 -3154.3254 5782.7001 1.5387396000000002 -6.3494083 -3.9548766
60870 2760.0 2275.9462000000003 -5385.8504 3559.0385 0.44273178 -4.0817662 -6.4417682
60870 3180.0 2210.2892 -6458.7452 567.52449 -0.7495656 -0.9338572 -7.5416815
60870 3600.0 1669.3448 -6142.8792 -2546.6225 -1.7786156000000002 2.4085115999999998 -7.0157366
60870 4020.0 770.63735 -4510.6684000000005 -5113.9669 -2.422716 5.2205161 -4.9887611
60870 4440.0 -292.59221 -1916.3587 -6588.7209 -2.5483924000000004 6.9078705000000005 -1.90901
60870 4860.0 -1293.8558 1084.8156000000001 -6661.972900000001 -2.1336661 7.1255252 1.5651906
60870 5280.0 -2021.2053 3856.3722000000002 -5320.9926 -1.2672946 5.834147700000001 4.7055628
60870 5700.0 -2320.1654 5810.4735 -2849.3913 -0.1299726 3.3014918 6.8517587
60870 6120.0 -2125.9073 6529.2323 229.25292000000002 1.0387385999999998 0.05773033 7.5421497
60870 6540.0 -1478.4577 5856.0336 3258.6178 1.9885593 -3.2060551 6.6201169
60870 6960.0 -515.28571 3932.2318 5590.0014 2.5145475000000004 -5.7885473 4.2786401
60870 7380.0 557.9858399999999 1167.9463 6723.0835 2.5031660000000002 -7.1351857 1.0177989
60870 7800.0 1511.7378999999999 -1845.9945 6413.4552 1.9555965000000002 -6.9555489 -2.4667932
60870 8220.0 2141.2388 -4463.6065 4725.3516 0.9866514 -5.2815021 -5.4288162
60870 8640.0 2310.3901 -6121.6544 2018.2826000000002 -0.19615602000000001 -2.4687984000000003 -7.2256266
60870 9060.0 1982.4611000000002 -6462.599200000001 -1124.2984 -1.3364437 0.87391741 -7.4640507
60870 9480.0 1228.7232 -5415.5988 -4025.114 -2.1865794000000003 4.0181341 -6.0978484
60870 9900.0 212.07615 -3210.418 -6063.694 -2.566097 6.2894268 -3.4349402
60870 10320.0 -849.8031 -322.12594 -6809.3517 -2.3991718 7.2151502 -0.053604270999999995
60870 10740.0 -1731.6538 2634.6425 -6108.1236 -1.7244576999999999 6.610846700000001 3.3320868999999997
60870 11160.0 -2246.7048 5033.3018 -4109.6990000000005 -0.6834945400000001 4.6043443 6.012970800000001
60870 11580.0 -2284.8794 6363.475200000001 -1236.7878 0.50567228 1.6133202000000002 7.4196927
60870 12000.0 -1836.6887 6338.8771 1899.7355 1.5902761 -1.7296146000000001 7.2444068
60870 12420.0 -996.7026999999999 4961.9483 4629.7304 2.3370288 -4.7084543000000005 5.5181621
60870 12840.0 56.085831 2525.3414 6368.1632 2.5850377 -6.6835362 2.6085035
60870 13260.0 1096.7943 -450.91588 6741.4839 2.2804466000000003 -7.2312994 -0.86414342
60870 13680.0 1902.5906000000002 -3330.6944 5666.6316 1.4863615000000001 -6.2301501 -4.159111200000001
60870 14100.0 2299.9339 -5494.9782000000005 3372.7304 0.37062554999999997 -3.8866419999999997 -6.5655559000000006
60870 14520.0 2202.5253 -6477.1933 351.22289 -0.8258797600000001 -0.70517279 -7.5581163
60870 14940.0 1631.5523 -6066.904500000001 -2746.3047 -1.8426675000000001 2.6211914000000003 -6.921719100000001
60870 15360.0 710.99703 -4356.9184000000005 -5254.3196 -2.4608626 5.3716762 -4.8053313
60870 15780.0 -361.31676000000004 -1717.8722 -6639.9942 -2.5527927 6.966137 -1.6759477
60870 16200.0 -1357.0822 1285.8736999999999 -6613.4663 -2.1035551999999997 7.0793457 1.7988268
60870 16620.0 -2065.5063999999998 4017.4026000000003 -5182.8949 -1.2088622 5.6930371 4.8908848
60870 17040.0 -2336.0302 5897.1308 -2650.8109 -0.055441947 3.0947761999999996 6.9491156
60870 17460.0 -2109.8649 6522.8045999999995 446.09250000000003 1.1133521000000002 -0.17072048 7.5301476
60870 17880.0 -1433.9226 5757.7263 3447.3987 2.0471345 -3.4070587000000003 6.5009227
60870 18300.0 -451.80656 3763.0793 5710.3504 2.5445509000000004 -5.9187308000000005 4.0779564
60870 18720.0 626.83623 964.19224 6749.3613 2.4982847 -7.1667911 0.7786859700000001
60870 19140.0 1571.2656000000002 -2040.7329 6340.189200000001 1.9168204000000002 -6.8816435 -2.6932402000000004
60870 19560.0 2178.726 -4607.4626 4568.7113 0.9222432199999999 -5.1177775 -5.5935875
60870 19980.0 2317.8032000000003 -6183.8701 1811.8956 -0.27233883 -2.2508934 -7.2934115
60870 20400.0 1958.275 -6430.0437 -1335.8543 -1.407958 1.0990066 -7.420492500000001
60870 20820.0 1178.2328 -5295.5599 -4196.3159000000005 -2.2380852 4.202073 -5.9530695
60870 21240.0 146.12044 -3028.7222 -6158.0163 -2.5868845 6.3936617 -3.2204423
60870 21660.0 -917.17115 -117.49511 -6806.742 -2.3850023 7.2182562 0.18524538000000002
60870 22080.0 -1786.1094 2818.8433 -6008.839900000001 -1.6781944000000002 6.512104099999999 3.5453578
60870 22500.0 -2276.5456 5157.8207999999995 -3934.3361 -0.61461879 4.4238827 6.1553095
60870 22920.0 -2283.5417 6401.4489 -1022.3597 0.58251409 1.3892077 7.459789700000001
60870 23340.0 -1804.3476 6281.9852 2107.5069 1.6583312000000001 -1.9488975000000002 7.1731053000000005
60870 23760.0 -940.25888 4822.417 4786.4592999999995 2.3816593 -4.8754535 5.350907
60870 24180.0 124.58086 2333.2196000000004 6440.5657 2.5967611 -6.762442500000001 2.3815997
60870 24600.0 1162.739 -654.39628 6714.4818 2.2567956 -7.2055228 -1.1019793
60870 25020.0 1951.9226 -3502.0114 5546.332 1.4323971 -6.1055530000000005 -4.3568458
60870 25440.0 2322.1458 -5597.563 3185.4267000000004 0.29781349 -3.6898692 -6.680969500000001
60870 25860.0 2192.9289 -6489.2208 137.4565 -0.9017297 -0.47868324 -7.5664403
60870 26280.0 1592.3531 -5986.155400000001 -2940.4441 -1.9052307000000002 2.8284141 -6.8217982
60870 26700.0 650.69873 -4201.094599999999 -5387.3599 -2.4969999 5.5157149 -4.6193759000000005
60870 27120.0 -429.82963 -1520.3583999999998 -6683.633900000001 -2.5551237 7.0172598 -1.4438352
60870 27540.0 -1419.2745 1483.185 -6558.3588 -2.0716394 7.0272607 2.0286165
60870 27960.0 -2108.1121000000003 4172.6214 -5040.2883 -1.1491241 5.5481192 5.0702444
60870 28380.0 -2349.7885 5976.9123 -2450.4915 0.019733561000000004 2.8868401 7.0393875
60870 28800.0 -2091.5975 6509.6233 661.60282 1.1878956 -0.39732132000000003 7.5108854
60870 29220.0 -1387.3462 5654.0705 3632.0313 2.1048899000000003 -3.6033473 6.3757997
60870 29640.0 -386.79969 3591.0112999999997 5824.548900000001 2.5729409000000003 -6.0422158 3.8738421
60870 30060.0 696.39775 760.55219 6768.7437 2.4911834 -7.190907 0.5395693300000001
60870 30480.0 1630.5139 -2232.3259 6260.8263 1.8756502000000002 -6.801206100000001 -2.915963
60870 30900.0 2215.0306 -4745.926 4408.4808 0.85581331 -4.9499047 -5.7516242
60870 31320.0 2323.3837000000003 -6239.6503 1605.0791000000002 -0.34953095 -2.0322875 -7.3531594
60870 31740.0 1932.0655 -6391.5328 -1544.5351 -1.4793993 1.3212074 -7.3695737
60870 32160.0 1125.9474 -5171.3617 -4361.9616 -2.2886153 4.3805427 -5.8031576
60870 32580.0 78.931538 -2845.4535 -6245.216200000001 -2.6060031 6.4912446 -3.0037467
60870 33000.0 -984.96922 85.89054399999999 -6796.7244 -2.3687206 7.2147722000000005 0.4232861
60870 33420.0 -1840.0654 2999.2118 -5903.0818 -1.629686 6.407786 3.7550422
60870 33840.0 -2304.9985 5276.5381 -3754.5086 -0.5438393600000001 4.2397654000000005 6.2917859
60870 34260.0 -2280.1597 6432.625599999999 -806.2339900000001 0.66055347 1.1640415000000002 7.4927349
60870 34680.0 -1769.6377 6218.438 2313.8947000000003 1.7266804 -2.1664242 7.0944911
60870 35100.0 -881.57587 4677.5785000000005 4938.941 2.4253599 -5.0378681 5.1775952
60870 35520.0 194.67920999999998 2138.1819 6506.6938 2.6064444 -6.8347183000000005 2.151294
60870 35940.0 1229.279 -857.8080699999999 6680.5077 2.2304733000000003 -7.1724315 -1.3396507999999998
60870 36360.0 2000.724 -3670.4272 5419.741900000001 1.3758129 -5.9746219 -4.5510337
60870 36780.0 2342.8327000000004 -5694.982599999999 2993.9047 0.22299994 -3.4889194000000003 -6.790037099999999
60870 37200.0 2181.1584 -6494.9849 -77.50589000000001 -0.9786260800000001 -0.2512326 -7.5670031
60870 37620.0 1550.7806 -5899.4486 -3132.5257 -1.9676803 3.0332623 -6.7144279
60870 38040.0 588.31142 -4040.8977000000004 -5515.5613 -2.5318844 5.654673 -4.4277924
60870 38460.0 -499.70832 -1320.9805000000001 -6720.661400000001 -2.5553301000000004 7.0617333 -1.2090030999999999
60870 38880.0 -1481.824 1679.4563 -6496.1808 -2.0371201 6.9682037 2.2578277
60870 39300.0 -2149.9743 4324.0358 -4891.5557 -1.0868418 5.3972406 5.2457446
60870 39720.0 -2361.8442000000005 6050.826099999999 -2246.238 0.096843991 2.6752115 7.1232701
60870 40140.0 -2071.0221 6489.6153 878.07126 1.2633117 -0.6247313299999999 7.4840439
60870 40560.0 -1338.3794 5543.9196 3814.4162 2.1621496000000002 -3.7972127 6.2432624
60870 40980.0 -319.88152 3414.1052999999997 5933.7263 2.5995944 -6.1603631 3.6641958
60870 41400.0 766.94825 554.7452800000001 6781.4108 2.4815028000000003 -7.2078561 0.2980851
60870 41820.0 1689.6209 -2422.9829 6174.5878 1.831731 -6.713305900000001 -3.1373974
60870 42240.0 2250.1981 -4880.6918 4242.7817000000005 0.7872648000000001 -4.7760986 -5.9045158
60870 42660.0 2327.1297000000004 -6289.821400000001 1395.4944 -0.42785935999999997 -1.8106824 -7.4054623
60870 43080.0 1903.8037 -6346.8932 -1752.6807 -1.5507345000000001 1.5428525 -7.3106958
60870 43500.0 1071.8939 -5041.9562000000005 -4523.9134 -2.3379407000000003 4.5552473 -5.6465885
60870 43920.0 10.646417 -2659.0191 -6326.3909 -2.6231728 6.5829285 -2.7829322000000003
60870 44340.0 -1052.9529 289.72257 -6779.5703 -2.3501044 7.2044135 0.6624382900000001
60870 44760.0 -1893.2096000000001 3177.1407000000004 -5790.4055 -1.57883 6.2968203 3.9625703
60870 45180.0 -2331.7261000000003 5390.2977 -3569.309 -0.47114127000000006 4.0505003 6.423155800000001
60870 45600.0 -2274.4307999999996 6457.1965 -587.35049 0.73955744 0.93630214 7.5184953
60870 46020.0 -1732.4431000000002 6147.8919000000005 2519.8232000000003 1.7946799000000002 -2.3831203999999997 7.0079973
60870 46440.0 -820.82858 4526.8342999999995 5087.8364 2.4674451 -5.1959806 4.9975923
60870 46860.0 265.95238 1939.6331000000002 6566.9809000000005 2.6135819000000002 -6.9001067 1.9171968
60870 47280.0 1295.8506000000002 -1061.5857 6639.9264 2.2013886000000005 -7.131526200000001 -1.5771394
60870 47700.0 2048.4728 -3835.9638 5287.5463 1.3169372000000001 -5.8366511 -4.7412642
60870 48120.0 2361.7164 -5787.103 2799.1177000000002 0.14694114 -3.2836841 -6.8923412
60870 48540.0 2167.3181 -6494.3775000000005 -292.62565 -1.0555615 -0.022993096 -7.5598694
60870 48960.0 1507.3505 -5806.7248 -3321.6496 -2.029096 3.235756 -6.6001115
60870 49380.0 524.6850400000001 -3876.2038 -5638.2973 -2.5649098 5.7889209 -4.2311817000000005
60870 49800.0 -569.9460600000001 -1119.4026000000001 -6750.6192 -2.5532481 7.1001013 -0.97161191
60870 50220.0 -1543.731 1875.2060000000001 -6426.451 -2.0001731 6.9024558 2.4867051
60870 50640.0 -2190.2087 4472.1845 -4736.0545 -1.0223777 5.240170600000001 5.4178440000000005
60870 51060.0 -2371.5083 6119.1990000000005 -2037.2687 0.1753055 2.4591912000000002 7.200873400000001
60870 51480.0 -2047.7625 6462.8566 1096.183 1.3387122999999999 -0.8533368 7.4491163
60870 51900.0 -1287.0571000000002 5427.336200000001 3995.0148 2.2178834000000003 -3.9883482 6.1028673
60870 52320.0 -251.51632999999998 3232.6781 6038.2582 2.6235302000000003 -6.2723135 3.4491495
60870 52740.0 837.68786 347.47024 6788.005400000001 2.4687192000000002 -7.2167977 0.055346501000000006
60870 53160.0 1747.7487 -2611.7616000000003 6082.974200000001 1.7857387000000002 -6.6183221 -3.3535334
60870 53580.0 2283.8337 -5011.5425000000005 4074.2097000000003 0.7183707100000001 -4.599049699999999 -6.0478823
60870 54000.0 2329.5946000000004 -6335.736900000001 1187.4717 -0.50455317 -1.5910884 -7.4466254
60870 54420.0 1875.3667 -6300.143 -1954.9401 -1.618535 1.756428 -7.2429729
60870 54840.0 1019.5014 -4915.1889 -4677.451099999999 -2.3828492000000003 4.7174612 -5.4874562
60870 55260.0 -54.207758999999996 -2480.7857000000004 -6399.7898 -2.636897 6.6624305999999995 -2.5673793999999996
60870 55680.0 -1116.4972 481.13095000000004 -6758.1808 -2.3302368 7.186691700000001 0.8906019300000001
60870 56100.0 -1941.8884 3340.9804 -5678.545099999999 -1.5290169 6.1853182 4.1578565
60870 56520.0 -2354.7617 5490.999900000001 -3389.5775 -0.40087345 3.8662678 6.5451416
60870 56940.0 -2266.0193 6471.2955 -376.76034000000004 0.81610906 0.71579314 7.539640500000001
60870 57360.0 -1693.4771 6069.8723 2716.3540000000003 1.8607457 -2.5928791 6.9204986
60870 57780.0 -759.04669 4371.3293 5227.348900000001 2.5078822 -5.3480881 4.818378200000001
60870 58200.0 337.55798 1738.7802 6618.4890000000005 2.6189807999999997 -6.9596244 1.6852324
60870 58620.0 1362.02 -1265.1948 6591.8925 2.1704847 -7.0844583000000005 -1.8101184000000001
60870 59040.0 2095.692 -3998.3540000000003 5155.759900000001 1.2553182 -5.6888977999999994 -4.922624
60870 59460.0 2381.5341000000003 -5876.442099999999 2616.2698 0.071724369 -3.0753509 -6.976251400000001
60870 59880.0 2155.6095 -6492.446400000001 -488.95142 -1.1283209 0.19651841 -7.5403583
60870 60300.0 1467.8644 -5717.4132 -3489.1889 -2.0868854000000003 3.4267836000000003 -6.4848335
60870 60720.0 466.13805 -3719.2716 -5740.7335 -2.597264 5.9172882 -4.0414813
60870 61140.0 -635.40396 -926.1851700000001 -6763.088400000001 -2.5528247000000004 7.1408924 -0.73925755
60870 61560.0 -1601.5337 2064.3971 -6339.767900000001 -1.9642534 6.8413901 2.718343
60870 61980.0 -2226.1648 4614.6867999999995 -4561.0617 -0.9558872199999999 5.0817578999999995 5.5980645
60870 62400.0 -2375.3875000000003 6179.4130000000005 -1805.7762 0.25855439 2.2328357000000003 7.2830565
60870 62820.0 -2016.6534 6422.636 1336.6134 1.4185389 -1.0955761 7.4073668
60870 63240.0 -1226.0495 5290.5752 4192.347 2.2749496 -4.187794299999999 5.9460935
60870 63660.0 -173.95617000000001 3030.1918 6151.5588 2.6437502 -6.3792377 3.2145612999999997
60870 64080.0 915.2632900000001 124.04386000000001 6796.6178 2.4489468000000003 -7.208388 -0.19816168
60870 64500.0 1809.6382 -2808.4826000000003 5990.9714 1.7326139 -6.5026046 -3.5690495
60870 64920.0 2318.2877000000003 -5142.2295 3905.2122000000004 0.64517671 -4.407986299999999 -6.1831888
60870 65340.0 2332.3955 -6378.8826 984.42274 -0.58242845 -1.3659510000000001 -7.475531
60870 65760.0 1847.1898 -6249.9682999999995 -2147.8342000000002 -1.6862646000000001 1.9695491 -7.1671961
60870 66180.0 966.93737 -4784.46 -4819.6057 -2.4288692000000003 4.8810679 -5.3239030000000005
60870 66600.0 -119.819 -2297.4157999999998 -6459.8083 -2.6520527 6.7462127 -2.3451788000000002
60870 67020.0 -1181.0817 679.42848 -6719.309 -2.3098273 7.1718372 1.1318991
60870 67440.0 -1990.5455 3511.2941 -5542.5678 -1.4745496 6.0680247000000005 4.3702832
60870 67860.0 -2374.7784 5593.2143 -3178.092 -0.32196129 3.6642925 6.6798528
60870 68280.0 -2250.8233 6477.879900000001 -132.49153 0.90165945 0.47106738000000004 7.5579815
60870 68700.0 -1644.7165 5974.9445000000005 2941.6799 1.9316868 -2.8216318 6.8132277000000006
60870 69120.0 -684.80663 4187.1623 5382.526 2.5495539 -5.5119169 4.6116185
60870 69540.0 422.14895 1502.1059 6668.876 2.6208647000000003 -7.0212833 1.4166941
60870 69960.0 1438.3013999999998 -1501.636 6527.669400000001 2.1298766000000002 -7.021583400000001 -2.0760416
60870 70380.0 2147.0464 -4184.4214 4987.661400000001 1.1835853 -5.5209105 -5.1237148
60870 70800.0 2396.6967999999997 -5972.4772 2378.3686000000002 -0.016503156 -2.838382 -7.0746515
60870 71220.0 2133.721 -6483.1855000000005 -741.08555 -1.2127402999999999 0.45023469 -7.508313
60870 71640.0 1414.96 -5609.0877 -3701.8634 -2.1476873999999997 3.6359602 -6.3347469
60870 72060.0 394.53717 -3539.5485 -5872.224200000001 -2.6230038 6.038650700000001 -3.8138975999999998
60870 72480.0 -709.75011 -718.0091600000001 -6791.9157000000005 -2.5404539 7.1541084 -0.48683318000000003
60870 72900.0 -1663.4163999999998 2255.8341 -6266.4203 -1.9185174 6.750862000000001 2.9448199
60870 73320.0 -2263.4195 4749.8374 -4405.423400000001 -0.88618882 4.9089088 5.757789799999999
60870 73740.0 -2380.1387000000004 6229.5535 -1601.467 0.33992333 2.0100193 7.3488297000000005
60870 74160.0 -1987.3522 6375.5465 1545.7445 1.4966512 -1.3284399 7.3633839
60870 74580.0 -1168.2018 5153.784900000001 4360.4225 2.3326843 -4.382888100000001 5.7942336
60870 75000.0 -98.50446600000001 2827.0015 6238.0852 2.6677384 -6.493367500000001 2.9840333
60870 75420.0 993.2271999999999 -109.09698 6773.250599999999 2.4316475 -7.216215600000001 -0.47287597
60870 75840.0 1871.8887 -3019.4686 5857.2615000000005 1.6717998 -6.3840066 -3.8254201
60870 76260.0 2350.4254 -5283.3567 3688.6497000000004 0.5551816199999999 -4.1846894 -6.3477001
60870 76680.0 2326.0398999999998 -6417.3994 727.2480899999999 -0.67828176 -1.0963323 -7.5100133
60870 77100.0 1802.099 -6173.3237 -2390.9435 -1.7678418 2.2253596 -7.0729574
60870 77520.0 893.3661800000001 -4611.595 -4998.3928 -2.4794068000000005 5.0717129000000005 -5.1185127
60870 77940.0 -205.991 -2065.877 -6536.4911 -2.6604219 6.8297771 -2.0734527
60870 78360.0 -1261.5029 920.06199 -6678.2952000000005 -2.2746702 7.1309800999999995 1.4102176
60870 78780.0 -2048.3269 3709.939 -5393.9529 -1.4039118000000002 5.9127832 4.595138700000001
60870 79200.0 -2398.2108 5708.3249000000005 -2956.0858 -0.23134298 3.4290631 6.8029771000000006
60870 79620.0 -2235.3232000000003 6485.634 114.12036 0.9923857100000001 0.20889953 7.5562378
60870 80040.0 -1594.3310000000001 5876.3122 3161.1714 2.0043902 -3.0578004 6.6881619
60870 80460.0 -612.10774 4009.5778 5530.452700000001 2.5866537 -5.6658961 4.389767300000001
60870 80880.0 500.67268 1287.5736000000002 6716.7789 2.6160422 -7.060183200000001 1.157463
60870 81300.0 1506.8003999999999 -1708.8243 6468.1999000000005 2.0880673 -6.949416 -2.3197174
60870 81720.0 2191.7322000000004 -4340.889700000001 4837.4333 1.1140287000000002 -5.356197900000001 -5.30523
60870 82140.0 2408.6236000000004 -6046.0678 2170.6957 -0.10029303 -2.6144824 -7.1602486
60870 82560.0 2110.2722999999996 -6457.737400000001 -961.1654599999999 -1.2946324999999999 0.69019158 -7.4807591
60870 82980.0 1359.6436 -5485.5803 -3886.9372000000003 -2.211254 3.843787 -6.199917
60870 83400.0 317.02576 -3336.2256 -5977.852900000001 -2.6564812000000004 6.1790270000000005 -3.5911744
60870 83820.0 -792.57498 -477.84316 -6792.0931 -2.5312486 7.1842904 -0.21670795
60870 84240.0 -1733.1996000000001 2482.5382999999997 -6153.9965999999995 -1.866659 6.6568474 3.1995674
60870 84660.0 -2304.3772999999997 4913.7012 -4200.6061 -0.8036957 4.7096540000000005 5.9333112
60870 85080.0 -2383.9126 6296.5154 -1348.6516000000001 0.43203356000000004 1.7549867 7.4000054
60870 85500.0 -1954.4709 6335.0461 1792.0344 1.5755581 -1.5743445 7.282913
60870 85920.0 -1107.8306 5021.5041 4549.589400000001 2.381813 -4.5639383 5.6094778
60870 86340.0 -25.305446 2638.733 6335.7018 2.6795437000000004 -6.5763723 2.7419935
60871 360.0 1062.6255 -305.27906 6770.7865 2.4072092 -7.188823 -0.70803256
60871 780.0 1924.401 -3184.1654 5761.4584 1.6216815999999998 -6.2710544 -4.0123825
60871 1200.0 2375.9824 -5384.4884 3520.4512999999997 0.48669615 -4.0089126 -6.4672504
60871 1620.0 2319.0526 -6431.8985999999995 525.25553 -0.7549020500000001 -0.88358222 -7.5389251999999995
60871 2040.0 1764.7713999999999 -6100.0335000000005 -2583.2359 -1.8363877 2.435223 -6.9922985
60871 2460.0 832.1875 -4460.6912 -5136.900900000001 -2.5231529 5.228148 -4.9448016
60871 2880.0 -278.50001000000003 -1866.5308 -6587.8864 -2.6695924 6.8984354 -1.8429396999999998
60871 3300.0 -1329.8561000000002 1126.1962 -6629.317599999999 -2.2459247 7.093539600000001 1.6486394
60871 3720.0 -2097.4989 3878.6438 -5252.6585000000005 -1.34301 5.7750535 4.7877267
60871 4140.0 -2417.3462000000004 5802.9839 -2751.6533 -0.15213928000000002 3.2212934 6.904987
60871 4560.0 -2220.5877 6487.1828 339.02457000000004 1.0720577 -0.022677622 7.5436019
60871 4980.0 -1549.1768000000002 5784.749900000001 3356.952 2.0666428000000003 -3.2601296000000004 6.5660948
60871 5400.0 -547.0978299999999 3847.8599 5656.9788 2.6182872 -5.7946392 4.1880203
60871 5820.0 571.5096800000001 1091.6878000000002 6749.5495 2.6118764999999997 -7.0919305 0.9206505100000001
60871 6240.0 1568.5357 -1896.6731000000002 6402.5446 2.0496714000000003 -6.880353 -2.5438347
60871 6660.0 2231.3707000000004 -4480.7618 4688.1721 1.0488639000000002 -5.2005273 -5.4726903
60871 7080.0 2419.3454 -6111.964599999999 1971.6864 -0.17701197999999999 -2.4066704 -7.2290241
60871 7500.0 2089.0625 -6433.1653 -1166.6156 -1.3672918 0.9056044000000001 -7.4420459
60871 7920.0 1311.0113999999999 -5375.7155 -4054.8448 -2.2656144 4.0237941 -6.063133700000001
60871 8340.0 253.46135999999998 -3172.0266 -6075.8423 -2.6780539 6.2766754 -3.3862938
60871 8760.0 -858.1023700000001 -292.21282 -6798.200900000001 -2.5190754 7.1876621 0.0083763462
60871 9180.0 -1786.9349 2649.8145 -6069.0981 -1.8236185 6.5677688 3.400809
60871 9600.0 -2334.8727000000003 5026.907 -4043.1237 -0.73788617 4.5455143 6.0718886
60871 10020.0 -2383.6258 6329.3825 -1149.9828 0.50849754 1.546051 7.4486393
60871 10440.0 -1922.5883999999999 6277.8757000000005 1989.1388000000002 1.647034 -1.7873586000000001 7.2259955
60871 10860.0 -1050.134 4882.9046 4701.4105 2.4317774 -4.7336852 5.455012300000001
60871 11280.0 46.695431 2444.8871 6407.259400000001 2.6960936 -6.6638453 2.5212497
60871 11700.0 1133.6046000000001 -514.2677100000001 6744.0109 2.3857788 -7.1715893 -0.94647963
60871 12120.0 1979.0488 -3363.82 5640.416200000001 1.5669244000000002 -6.1512181 -4.2137339
60871 12540.0 2402.3772000000004 -5495.7278 3330.6732 0.41178918 -3.8151427 -6.5854268000000005
60871 12960.0 2312.0059 -6452.3291 307.00672 -0.8337837100000001 -0.6584697 -7.5496304
60871 13380.0 1727.0505 -6028.7297 -2782.6705 -1.9012318000000001 2.6400689 -6.8931794
60871 13800.0 772.31793 -4314.566900000001 -5275.4618 -2.5609507 5.3694683 -4.7620228
60871 14220.0 -347.13941 -1680.0162 -6639.6691 -2.6729069 6.9475488 -1.6169246000000002
60871 14640.0 -1392.6552 1312.5518000000002 -6585.4764000000005 -2.2154052 7.0441845 1.8702070000000002
60871 15060.0 -2141.4042999999997 4025.3519 -5124.4631 -1.2851113 5.6390348 4.9611212
60871 15480.0 -2433.1695 5879.1291 -2566.9018 -0.078237789 3.0258146000000004 6.9956991
60871 15900.0 -2204.5372 6475.3416 540.93961 1.1471179 -0.23865324000000002 7.532592
60871 16320.0 -1504.214 5685.7642000000005 3532.2449 2.1266384 -3.4505109000000003 6.4544608
60871 16740.0 -482.14878000000004 3680.5339 5767.4047 2.6505783000000003 -5.9205078 3.9962665000000004
60871 17160.0 642.65827 890.6505 6769.4130000000005 2.6084233 -7.123166400000001 0.68914546
60871 17580.0 1630.6161000000002 -2088.9728 6325.729 2.0107361 -6.808021800000001 -2.7637363
60871 18000.0 2271.0443 -4623.210599999999 4530.385 0.9832358900000001 -5.0401384 -5.6306896
60871 18420.0 2426.3179 -6169.896 1764.3151 -0.25693695000000005 -2.1908041 -7.2976469
60871 18840.0 2062.6098 -6396.6457 -1379.5925 -1.4435202999999999 1.1310408 -7.3995879
60871 19260.0 1256.864 -5252.7208 -4227.6135 -2.3207906 4.2088505 -5.9160331
60871 19680.0 182.39686 -2986.0514 -6170.1597 -2.700687 6.382173300000001 -3.1673226
60871 20100.0 -930.7519100000001 -83.209487 -6793.4493 -2.5038197 7.1897234 0.25253947
60871 20520.0 -1845.6173999999999 2837.3736000000004 -5965.6990000000005 -1.7735586 6.4653691 3.6177137
60871 20940.0 -2366.9839 5152.9568 -3862.8707000000004 -0.6637062100000001 4.3602723999999995 6.2141232
60871 21360.0 -2382.8078 6367.9800000000005 -932.83769 0.58998598 1.3192917 7.483357
60871 21780.0 -1888.8538 6220.519 2197.152 1.717714 -2.0037978 7.1498919
60871 22200.0 -989.29926 4737.1989 4853.9039 2.4802549 -4.9017425999999995 5.2895156
60871 22620.0 121.65764999999999 2241.1483 6469.4222 2.7122506 -6.7542058 2.2867742
60871 23040.0 1206.3767 -734.72175 6694.630400000001 2.3623894 -7.158601 -1.2102367
60871 23460.0 2033.3668 -3553.3593 5486.2386 1.5037676 -6.021365 -4.445877
60871 23880.0 2423.9481 -5609.8150000000005 3096.0263 0.32201113 -3.5919767 -6.727686
60871 24300.0 2294.1276000000003 -6461.902599999999 39.238755 -0.92859006 -0.39218806 -7.5613589
60871 24720.0 1672.4363 -5928.6371 -3026.3136 -1.9771373 2.8829695 -6.7701393
60871 25140.0 693.41871 -4128.9937 -5444.316900000001 -2.5996455000000003 5.5289647 -4.5360853
60871 25560.0 -433.1381 -1451.3538999999998 -6702.1693 -2.6679194 6.9903733 -1.3471440000000001
60871 25980.0 -1468.0045 1533.9153000000001 -6536.5379 -2.1712042 6.9689129 2.1213798
60871 26400.0 -2191.9619 4194.2627 -4983.076 -1.2135265 5.470004299999999 5.143576100000001
60871 26820.0 -2450.4703 5963.8887 -2369.0136 0.0057785944999999995 2.8019146999999998 7.0793402
60871 27240.0 -2186.6497000000004 6462.1141 750.79824 1.228378 -0.47428118999999996 7.5067004
60871 27660.0 -1455.3044 5578.6891 3709.4757000000004 2.1909443 -3.6565659 6.3243345
60871 28080.0 -412.3509 3500.8098 5871.6741 2.6848839 -6.0576300000000005 3.7832856
60871 28500.0 718.90744 673.2558 6772.9187 2.6038497 -7.1614442 0.42988720999999996
60871 28920.0 1696.3238999999999 -2297.0729 6224.0021 1.963181 -6.7269135 -3.0179385
60871 29340.0 2313.4193999999998 -4782.1562 4342.7177 0.90112882 -4.8460483000000005 -5.8098361999999995
60871 29760.0 2431.3106000000002 -6233.9325 1525.3068 -0.35065285 -1.939576 -7.361975999999999
60871 30180.0 2029.6213 -6353.3757000000005 -1618.6273999999999 -1.527586 1.3813086 -7.3372629
60871 30600.0 1191.6945 -5106.946599999999 -4412.919 -2.3811046 4.4125535000000005 -5.7478968
60871 31020.0 99.554624 -2772.3313 -6266.3637 -2.7227223 6.4952979 -2.9191975
60871 31440.0 -1013.6658000000001 153.87476999999998 -6777.866400000001 -2.4819826 7.1853469 0.52679408
60871 31860.0 -1910.7473 3047.3473 -5840.1063 -1.7122836 6.3428934 3.8572884
60871 32280.0 -2400.3676 5290.956099999999 -3653.6876 -0.57671276 4.1465419 6.364955200000001
60871 32700.0 -2377.6544 6405.263599999999 -685.37576 0.68303847 1.0628111 7.5120915
60871 33120.0 -1847.2802 6151.9598 2429.5727 1.7966988 -2.247069 7.0510836
60871 33540.0 -922.6834699999999 4586.0239 5025.1369 2.525671 -5.0725882 5.084452199999999
60871 33960.0 198.38431 2043.7446000000002 6548.1008 2.715966 -6.8137654 2.0365765
60871 34380.0 1277.2808 -933.1641500000001 6674.7519 2.3284684 -7.105176 -1.4449925000000001
60871 34800.0 2084.1936 -3711.1717000000003 5376.7693 1.4437808 -5.8827238 -4.625051000000001
60871 35220.0 2445.5660000000003 -5695.818 2926.4331 0.24718136999999998 -3.3982949 -6.8258019
60871 35640.0 2283.3013 -6460.6837000000005 -151.57419000000002 -1.0061416 -0.1763847 -7.5631159
60871 36060.0 1630.8561000000002 -5838.6005000000005 -3196.9658 -2.0437677 3.0839668000000002 -6.673061700000001
60871 36480.0 628.20057 -3962.3765000000003 -5552.9735 -2.6427652 5.6802755 -4.3524344
60871 36900.0 -510.15209999999996 -1235.5946000000001 -6719.6972000000005 -2.6739168 7.0554559 -1.0957698
60871 37320.0 -1538.4843 1753.3906000000002 -6444.0644 -2.1339327 6.9190864 2.3841164
60871 37740.0 -2238.3222 4367.9772 -4788.7577 -1.1378635 5.3046202000000005 5.354954800000001
60871 38160.0 -2459.801 6049.0201 -2107.3429 0.10257461000000001 2.5542349 7.1807948
60871 38580.0 -2155.2436000000002 6436.5217 1026.0384000000001 1.3211600000000001 -0.74239986 7.4671764000000005
60871 39000.0 -1390.2642 5449.0036 3939.5604 2.2557669000000002 -3.8754835 6.154327
60871 39420.0 -328.65395 3299.2553 6011.1597 2.7076122999999996 -6.174638600000001 3.5322357
60871 39840.0 802.90689 447.84089 6801.170099999999 2.5832241 -7.1576007 0.1617892
60871 40260.0 1763.8 -2498.6577 6141.893900000001 1.9093617 -6.6190313 -3.2452804
60871 40680.0 2349.0206000000003 -4912.7621 4171.481 0.82633429 -4.667261900000001 -5.968334700000001
60871 41100.0 2431.8246 -6275.5232000000005 1307.9371 -0.43629202 -1.7131334999999999 -7.421323
60871 41520.0 1994.3225 -6295.9551 -1837.0983999999999 -1.6091027999999998 1.6179172000000002 -7.280665
60871 41940.0 1129.0376 -4966.049 -4587.2728 -2.4358413999999997 4.5988025 -5.5754093000000005
60871 42360.0 20.395971000000003 -2566.7459 -6348.4823 -2.7422962 6.5963852 -2.6786898000000003
60871 42780.0 -1092.0725 378.5851 -6751.7659 -2.4589037 7.1746041 0.7945074
60871 43200.0 -1971.0965 3243.377 -5706.7597000000005 -1.6507116000000002 6.2189569 4.091032
60871 43620.0 -2428.7874 5414.8381 -3438.6292000000003 -0.48894831 3.9327783 6.5126382000000005
60871 44040.0 -2366.9966 6428.138599999999 -433.01168 0.77775355 0.80471931 7.538235
60871 44460.0 -1799.1298000000002 6067.099200000001 2665.5454 1.8766234 -2.4909051 6.9482021000000005
60871 44880.0 -847.2800400000001 4411.452200000001 5194.398700000001 2.5727992 -5.2470088 4.8758866
60871 45300.0 284.78136 1817.6014 6615.6956 2.7203509 -6.8805228 1.7705449000000002
60871 45720.0 1356.4069 -1162.1215 6628.9631 2.2903508 -7.052143 -1.7087991
60871 46140.0 2139.8955 -3894.8289 5230.6747000000005 1.3724941 -5.724393 -4.830468
60871 46560.0 2467.5973 -5797.9340999999995 2715.3579 0.15818018 -3.1695954000000004 -6.9297595
60871 46980.0 2267.6645 -6461.0167 -381.36476 -1.0937884 0.07168436800000001 -7.5481062
60871 47400.0 1581.7191 -5739.387900000001 -3396.1440000000002 -2.1130236 3.3021354 -6.5449269
60871 47820.0 556.70722 -3787.4846000000002 -5681.0996 -2.6787051 5.8223704 -4.1368649
60871 48240.0 -587.5073100000001 -1025.1866 -6747.7622 -2.6702784999999998 7.0921603 -0.84591797
60871 48660.0 -1606.0454 1956.1223 -6367.6435 -2.0918085 6.8466776000000005 2.6229508
60871 49080.0 -2281.4817000000003 4519.536099999999 -4623.4310000000005 -1.0658399 5.1376076 5.531776300000001
60871 49500.0 -2469.0294 6116.407700000001 -1887.8891 0.18915324000000003 2.3277191 7.2568086
60871 49920.0 -2128.3406 6404.7153 1252.786 1.4034064000000002 -0.9794219399999999 7.425169
60871 50340.0 -1332.9785 5324.7186 4125.0833 2.3155693999999998 -4.0708183 6.0036149
60871 50760.0 -253.29829 3109.2395 6116.0313 2.7322956 -6.2865715 3.3061182
60871 51180.0 880.23829 232.79815 6803.684200000001 2.5678654 -7.1628277 -0.090575699
60871 51600.0 1826.7694 -2693.0092000000004 6042.3405 1.8576025 -6.5171593 -3.4701863
60871 52020.0 2384.4437000000003 -5045.3746 3991.7994 0.7492039 -4.4802873 -6.118185400000001
60871 52440.0 2432.3093 -6318.7198 1086.2715 -0.52333374 -1.4785693000000002 -7.4648823
60871 52860.0 1959.5861000000002 -6239.726900000001 -2052.5523000000003 -1.6867778000000002 1.8483787 -7.208022700000001
60871 53280.0 1066.5564 -4822.3949 -4750.0587000000005 -2.4878873 4.7770235 -5.4019701
60871 53700.0 -54.520279 -2373.5477 -6428.1579 -2.7548000000000004 6.6757818 -2.4430117
60871 54120.0 -1164.2995 583.19063 -6729.4712 -2.4337984 7.1476654 1.0335107000000001
60871 54540.0 -2025.7278999999999 3415.5272999999997 -5591.3234 -1.5936807 6.0945638 4.287572600000001
60871 54960.0 -2454.8657000000003 5518.9389 -3256.8568 -0.41247855 3.7391979 6.6266683
60871 55380.0 -2359.6336 6443.5015 -224.86209 0.85778306 0.5831208800000001 7.5478212000000005
60871 55800.0 -1760.4074 5991.7727 2855.1383 1.9440011 -2.6953584999999998 6.8523338
60871 56220.0 -785.47103 4261.4883 5324.7938 2.6137799 -5.3927788 4.6948584
60871 56640.0 356.64476 1624.1783 6658.2633 2.7263196 -6.9380156 1.5402845
60871 57060.0 1422.9202 -1358.434 6572.408 2.2591319 -7.007628700000001 -1.9423411000000002
60871 57480.0 2186.2805 -4051.6715 5084.0495 1.3094549 -5.583824 -5.017771300000001
60871 57900.0 2482.5992 -5878.7145 2508.1508 0.07718066 -2.9628915000000005 -7.027974400000001
60871 58320.0 2247.7003 -6448.0402 -606.63428 -1.175668 0.30221406 -7.532894000000001
60871 58740.0 1530.6312 -5634.0787 -3590.9571 -2.1764308999999997 3.5025533 -6.4179016
60871 59160.0 485.14313000000004 -3610.826 -5801.6576 -2.7106928 5.9501911000000005 -3.9279802
60871 59580.0 -664.3310799999999 -814.6874 -6767.9991 -2.6642749 7.120966999999999 -0.59973921
60871 60000.0 -1672.2323000000001 2155.9192000000003 -6285.7346 -2.0479155 6.767214500000001 2.8539042
60871 60420.0 -2322.842 4665.8521 -4456.8059 -0.99377428 4.967213 5.6964961
60871 60840.0 -2476.9482000000003 6178.4481 -1672.6668000000002 0.2733011 2.1044519 7.3192443
60871 61260.0 -2101.6174 6370.4663 1470.1276 1.4811310000000002 -1.2059027000000002 7.3730231999999996
60871 61680.0 -1277.7411000000002 5202.9536 4298.5342 2.3704911 -4.2514946 5.8509704000000005
60871 62100.0 -181.82004999999998 2927.947 6209.8856 2.7534969 -6.3847032 3.0867283000000003
60871 62520.0 952.74997 31.235825000000002 6799.4133 2.5515643 -7.159798 -0.33021535
60871 62940.0 1885.0365 -2871.9642000000003 5941.817400000001 1.8072493 -6.4144818 -3.6809415
60871 63360.0 2416.1296 -5163.7031 3816.6647000000003 0.67501327 -4.2988675 -6.2564949
60871 63780.0 2430.9968 -6351.8625999999995 874.50682 -0.6060610900000001 -1.2550827 -7.499604000000001
60871 64200.0 1924.8901 -6178.7041 -2255.6068999999998 -1.7601684 2.0652235 -7.1324676
60871 64620.0 1005.7496 -4679.7619 -4900.491400000001 -2.5365556000000002 4.9416753 -5.2315454
60871 65040.0 -129.14077 -2177.0281 -6491.398 -2.7689014000000003 6.7561637 -2.2107127
60871 65460.0 -1236.2262 793.40803 -6683.3607 -2.4086664 7.1277445 1.2922580000000001
60871 65880.0 -2078.7377 3592.7677000000003 -5444.1774000000005 -1.5290681 5.9622618 4.515391
60871 66300.0 -2474.6881000000003 5620.9738 -3030.4847999999997 -0.32140488 3.5184018999999997 6.769130199999999
60871 66720.0 -2338.8248 6441.2256 36.276237 0.95640998 0.31634732000000004 7.5663419
60871 67140.0 -1700.6015 5878.041700000001 3095.5037 2.0265836 -2.9473409000000004 6.734738
60871 67560.0 -698.3046999999999 4056.6389 5490.7766 2.659261 -5.5673206 4.464303200000001
60871 67980.0 453.01415000000003 1370.3314 6713.1305999999995 2.7238541 -6.9919123 1.2529766
60871 68400.0 1508.2858 -1607.0615 6506.9048 2.2106022 -6.9301189999999995 -2.2165031
60871 68820.0 2243.7772000000004 -4243.7188 4917.5026 1.2281958 -5.3981634000000005 -5.215830700000001
60871 69240.0 2502.7787000000003 -5979.1011 2281.2765 -0.017851983000000002 -2.7144316 -7.1105289
60871 69660.0 2228.7957 -6441.0826 -841.6815200000001 -1.2635178 0.5553314699999999 -7.4903722
60871 70080.0 1479.1649 -5528.4812 -3784.4432 -2.2413204 3.7117253000000003 -6.2669303
60871 70500.0 413.56953000000004 -3434.9321 -5916.559200000001 -2.7405925000000004 6.0761867 -3.7005346
60871 70920.0 -740.37077 -607.50867 -6781.035 -2.6542963 7.1427112 -0.34039497999999996
60871 71340.0 -1736.2187 2349.8304 -6192.9891 -2.0002438 6.6817241 3.0938814000000003
60871 71760.0 -2360.1129 4803.4848 -4275.183099999999 -0.9160021500000001 4.788211100000001 5.872281200000001
60871 72180.0 -2477.7036000000003 6226.594400000001 -1437.9076000000002 0.36637492 1.8644059 7.3909779
60871 72600.0 -2063.5482 6313.4447 1708.9148 1.5693521000000001 -1.4573 7.319240700000001
60871 73020.0 -1207.4255 5048.1485999999995 4488.8111 2.4329519 -4.4566219 5.6790975
60871 73440.0 -93.41948 2705.3384 6309.0793 2.7751228 -6.4949902 2.8335239000000003
60871 73860.0 1040.5336 -212.52443 6785.230500000001 2.5271209 -7.1482072 -0.60603441
60871 74280.0 1953.7997 -3085.36 5818.3926 1.7430789 -6.2846989 -3.9150651
60871 74700.0 2452.2208 -5303.0297 3613.1565 0.58678126 -4.083283600000001 -6.3966899999999995
60871 75120.0 2428.4683999999997 -6391.4688 636.6794 -0.69834374 -1.0040813000000002 -7.5185126
60871 75540.0 1886.2416 -6115.2431 -2475.7037 -1.8369110000000002 2.2961752 -7.0316997
60871 75960.0 940.76751 -4531.670700000001 -5057.3139 -2.5833309 5.107318500000001 -5.0370550000000005
60871 76380.0 -205.84662 -1979.219 -6554.7704 -2.7772601 6.8257452 -1.963471
60871 76800.0 -1308.4418 996.2792800000001 -6647.223400000001 -2.3774479 7.0850707 1.5317516
60871 77220.0 -2132.2412999999997 3760.0729 -5317.8358 -1.4651101000000002 5.8204936 4.7049278
60871 77640.0 -2498.9411 5716.6845 -2848.1843 -0.24216574000000002 3.3159195 6.8619787
60871 78060.0 -2329.4251 6447.17 235.63507 1.034981 0.098473305 7.5548232
60871 78480.0 -1661.0408 5797.1098 3269.2282000000005 2.0900594000000003 -3.1390295999999998 6.6249669
60871 78900.0 -635.17722 3899.2583 5596.8078 2.6997735 -5.7068355 4.2818012
60871 79320.0 526.28883 1169.8548 6728.5657 2.7289884000000004 -7.0487722 1.0124692
60871 79740.0 1575.0611000000001 -1809.2789 6417.6831 2.1745562 -6.8801452 -2.4657395
60871 80160.0 2287.2527000000005 -4401.865 4731.6089 1.1549286 -5.2405083 -5.4171692
60871 80580.0 2510.19 -6052.879 2030.7749 -0.11278237 -2.4779352 -7.2090893
60871 81000.0 2195.9626000000003 -6408.6864000000005 -1105.9071000000001 -1.3560454 0.81399208 -7.4542436
60871 81420.0 1412.5195 -5395.1557999999995 -4005.6316 -2.3070968 3.9250347000000003 -6.103186399999999
60871 81840.0 327.77504 -3231.1852000000003 -6049.6458 -2.7643594 6.191237699999999 -3.4547851
60871 82260.0 -826.6773000000001 -380.47498 -6804.7527 -2.6336224 7.1378705 -0.076316915
60871 82680.0 -1805.6024 2550.9406000000004 -6111.262900000001 -1.9433877 6.5685367 3.3197517
60871 83100.0 -2400.4361000000004 4939.521900000001 -4114.6747000000005 -0.8371172800000001 4.5982295 6.0165495
60871 83520.0 -2482.3414 6272.4743 -1236.9235 0.45245789000000003 1.6376128 7.43501
60871 83940.0 -2033.0345 6263.0876 1905.9981 1.6482560000000002 -1.6821673000000001 7.2571321
60871 84360.0 -1147.7066000000002 4910.5069 4639.1003 2.4904393000000002 -4.640652 5.5192578
60871 84780.0 -16.464148 2505.8768999999998 6375.7645999999995 2.7981561999999998 -6.6009967 2.5994961
60871 85200.0 1118.2872 -434.75551 6744.896 2.5075636 -7.147817 -0.87202278
60871 85620.0 2014.2277 -3282.7138 5669.4287 1.6811483 -6.1671477999999995 -4.1561734
60871 86040.0 2479.6172 -5428.9754 3378.9227 0.49443812000000004 -3.8666417 -6.552238900000001
60872 60.0 2414.5329 -6413.807400000001 363.61375 -0.79867437 -0.7376473499999999 -7.5439104
60872 480.0 1832.9937 -6026.8033 -2729.7779 -1.9195313 2.5450721 -6.9182544
60872 900.0 859.97889 -4352.9463 -5239.4183 -2.6284214 5.276879 -4.816082000000001
60872 1320.0 -295.9898 -1753.0039 -6631.3568 -2.7764668 6.8789973 -1.6930891
60872 1740.0 -1389.1336000000001 1219.2805 -6611.2915 -2.3348227 7.0187773 1.7870549000000002
60872 2160.0 -2187.1330000000003 3932.3766 -5183.082200000001 -1.3958960999999999 5.666081 4.8919393
60872 2580.0 -2519.3192000000004 5807.9062 -2648.1026 -0.15582032 3.0993934 6.9604831
60872 3000.0 -2313.0925 6441.9449 453.64406 1.1210537 -0.13756128 7.5413310000000005
60872 3420.0 -1611.4191 5696.242700000001 3458.0358 2.1593291 -3.3487783 6.5034195
60872 3840.0 -564.5890899999999 3730.5613 5719.9089 2.7345203000000002 -5.8403770999999995 4.070834
60872 4260.0 602.9968100000001 967.0775600000001 6755.299900000001 2.7243251 -7.0799069 0.7695009199999999
60872 4680.0 1641.7574 -2003.0667 6343.4875 2.132242 -6.8066661 -2.6950594999999997
60872 5100.0 2329.6765 -4545.143099999999 4572.512900000001 1.0836649999999999 -5.0777091 -5.5851062
60872 5520.0 2519.1287 -6114.6903 1820.6149 -0.19813246 -2.2596805 -7.2798687
60872 5940.0 2169.2553 -6375.133 -1322.2192 -1.4373346 1.0416037 -7.4121021
60872 6360.0 1355.7366000000002 -5272.907700000001 -4181.5709 -2.3668025 4.1132153 -5.9562904
60872 6780.0 252.81304 -3045.5261 -6147.0788 -2.7896552000000003 6.2995656 -3.2346168
60872 7200.0 -903.91683 -170.54354999999998 -6802.3158 -2.6189267 7.142931300000001 0.17047455
60872 7620.0 -1868.6196000000002 2740.6045 -6008.8107 -1.8915491 6.4685763 3.5404881
60872 8040.0 -2435.6829 5068.400900000001 -3933.5802000000003 -0.75914279 4.4139343 6.1632685
60872 8460.0 -2482.0095 6312.125900000001 -1016.1992 0.5391647900000001 1.4101048 7.4759013
60872 8880.0 -1997.6662 6206.4491 2119.5494 1.7252895000000001 -1.9046117 7.182781200000001
60872 9300.0 -1085.055 4770.2676 4799.8364 2.5409474 -4.809029000000001 5.3467495
60872 9720.0 59.579541 2313.6728 6450.139700000001 2.8114513000000003 -6.6783506 2.3693872000000002
60872 10140.0 1191.731 -637.68853 6719.282400000001 2.4818035 -7.1201419 -1.1104098
60872 10560.0 2069.6178999999997 -3452.9998 5550.857599999999 1.6225694000000002 -6.0423457 -4.3523655
60872 10980.0 2505.6403 -5530.9902999999995 3194.1854 0.41571361 -3.672353 -6.665622099999999
60872 11400.0 2406.1286 -6426.7478 152.98731 -0.8810145199999999 -0.51533737 -7.5518122000000005
60872 11820.0 1792.2422 -5948.6105 -2921.0053 -1.9885581 2.749022 -6.8200783000000005
60872 12240.0 795.59146 -4200.3909 -5370.2722 -2.6700171 5.4208965 -4.6321856
60872 12660.0 -370.40233 -1558.098 -6673.3409 -2.7816888 6.9330267999999995 -1.4610656
60872 13080.0 -1457.6571999999999 1415.4614 -6553.951 -2.3019062 6.9703689 2.0196395000000003
60872 13500.0 -2234.7533 4087.722 -5036.6648 -1.3309626 5.5231446 5.075593700000001
60872 13920.0 -2535.5717999999997 5889.0414 -2442.3458 -0.072280897 2.8899833 7.0529858999999995
60872 14340.0 -2293.6869 6429.3778 674.9894300000001 1.2039181 -0.36567877 7.520982
60872 14760.0 -1560.6331 5592.8652999999995 3647.4409 2.2231204 -3.5450284 6.3745831
60872 15180.0 -493.61732 3559.4332000000004 5837.2311 2.7654475 -5.9614806 3.8634627
60872 15600.0 678.93155 765.3778000000001 6776.7481 2.7166865 -7.1014526 0.52987413
60872 16020.0 1706.6582 -2192.0565 6266.424900000001 2.0882893 -6.7255889 -2.9158381
60872 16440.0 2370.0803 -4681.4624 4414.8681 1.0130465 -4.912437 -5.7409649
60872 16860.0 2526.8074 -6169.9136 1617.0689 -0.28062027 -2.0456821 -7.338877900000001
60872 17280.0 2142.7962 -6338.0485 -1527.797 -1.5145515 1.2594682000000001 -7.3626232
60872 17700.0 1298.5297 -5143.8244 -4341.0773 -2.4248960999999998 4.29179 -5.819184
60872 18120.0 177.56958 -2855.5634 -6232.2313 -2.8144768 6.4026209 -3.0220832
60872 18540.0 -981.16686 41.506166 -6790.6062 -2.6033619 7.142471 0.40991633000000005
60872 18960.0 -1931.2695 2929.9087000000004 -5900.8742999999995 -1.8390685000000002 6.362840500000001 3.7497755
60872 19380.0 -2470.7069 5195.2955999999995 -3753.1348 -0.68285555 4.2287246 6.2923611
60872 19800.0 -2484.072 6354.4446 -804.22977 0.6206874400000001 1.189978 7.4946000999999995
60872 20220.0 -1967.8578 6158.7211 2316.4036 1.7929033 -2.105107 7.0952706
60872 20640.0 -1031.9862 4649.5996 4941.836200000001 2.5825691 -4.950216999999999 5.1793626
60872 21060.0 123.8396 2149.5602000000003 6511.3006 2.8214582 -6.7385962 2.1583489
60872 21480.0 1253.2681000000002 -808.4295400000001 6689.6202 2.4590095 -7.091337900000001 -1.3255535999999999
60872 21900.0 2114.975 -3593.1857000000005 5436.2923 1.5706428000000001 -5.9305274 -4.5333671
60872 22320.0 2527.2171000000003 -5613.6350999999995 3026.313 0.343518 -3.4931085 -6.7669341
60872 22740.0 2396.0887000000002 -6427.7537999999995 -37.806788000000005 -0.95752375 -0.31075933 -7.5584054
60872 23160.0 1751.8773999999999 -5865.478 -3093.8782 -2.0542852 2.9397516 -6.7278918
60872 23580.0 732.85028 -4048.2526000000003 -5486.160900000001 -2.7100168 5.5559503 -4.4574835
60872 24000.0 -442.77926 -1366.4622 -6704.3060000000005 -2.7864425 6.9818884 -1.2386205000000001
60872 24420.0 -1524.0527 1606.6502 -6489.6768 -2.2690073 6.9187697 2.2420263
60872 24840.0 -2280.3985000000002 4237.177900000001 -4887.9890000000005 -1.266972 5.3796387 5.2468707000000006
60872 25260.0 -2549.811 5962.963900000001 -2239.8447 0.007860428800000001 2.6875684 7.133110800000001
60872 25680.0 -2273.8502000000003 6413.304400000001 888.40635 1.2823351 -0.58229048 7.4911087
60872 26100.0 -1510.4517 5488.7137999999995 3825.2151000000003 2.2823964 -3.7255262 6.2470971
60872 26520.0 -423.12264000000005 3385.8951 5936.3644 2.7981241 -6.082817 3.6614919
60872 26940.0 755.24976 560.15384 6781.3603 2.7104107 -7.126384600000001 0.28916237
60872 27360.0 1771.9621000000002 -2385.4429 6170.8668 2.0426794 -6.6441099 -3.14281
60872 27780.0 2409.4323 -4820.434 4236.2696 0.93749966 -4.7395844 -5.9012683
60872 28200.0 2531.1161 -6223.5165 1392.3405 -0.36849771 -1.8202071000000002 -7.3935015
60872 28620.0 2111.2487 -6295.1047 -1750.522 -1.5939553000000002 1.4842355 -7.2990431000000005
60872 29040.0 1240.699 -5023.019 -4519.0332 -2.4758835 4.4619841 -5.6452765000000005
60872 29460.0 106.10418 -2682.2538 -6324.048400000001 -2.8289851 6.4816862 -2.7956967
60872 29880.0 -1051.0468 227.43670000000003 -6784.4681 -2.5818157000000004 7.1238426 0.64264617
60872 30300.0 -1985.3507 3088.8022 -5802.89 -1.7864935000000002 6.2550958 3.9483538
60872 30720.0 -2497.6297000000004 5293.4269 -3584.9389 -0.60772456 4.0508512 6.423096800000001
60872 31140.0 -2476.7557 6367.8736 -600.3122500000001 0.70596507 0.97112206 7.5310934
60872 31560.0 -1925.3933000000002 6078.3843 2513.0802000000003 1.871915 -2.3253363 7.0228371
60872 31980.0 -960.94777 4484.8670999999995 5085.8427 2.6366593 -5.1239148 5.0039038
60872 32400.0 209.6068 1929.6524 6565.276 2.8355359 -6.821138100000001 1.912579
60872 32820.0 1335.6746 -1039.7294 6635.147400000001 2.4269086000000004 -7.0561062 -1.5871678999999999
60872 33240.0 2175.4689 -3785.6307 5280.777099999999 1.499165 -5.7811825 -4.7444635
60872 33660.0 2549.6257 -5721.2597000000005 2793.13 0.25002355 -3.2679939 -6.8849316
60872 34080.0 2378.0034 -6432.2570000000005 -294.1349 -1.0520922000000001 -0.056641982 -7.5473569
60872 34500.0 1698.0197 -5768.276 -3318.4880000000003 -2.1265346 3.1591452 -6.592935000000001
60872 34920.0 655.99244 -3874.7806 -5634.2756 -2.7449029 5.691758300000001 -4.2357198
60872 35340.0 -525.40713 -1158.346 -6750.5272 -2.7791646 7.0095163000000005 -0.9845616300000001
60872 35760.0 -1595.4512 1803.6641000000002 -6431.9937 -2.2241679 6.8405721 2.4746072
60872 36180.0 -2326.8375 4382.652400000001 -4744.8959 -1.1949333 5.2170156 5.4152493999999995
60872 36600.0 -2562.5597000000002 6027.9732 -2044.4889 0.093831769 2.4728058 7.2093417
60872 37020.0 -2250.2409 6383.9053 1093.6649 1.3668835 -0.81033904 7.461174
60872 37440.0 -1455.498 5371.197099999999 3996.6026 2.3485176 -3.9241986000000004 6.1088812
60872 37860.0 -348.58282 3206.5855 6040.224 2.826096 -6.1947186 3.4447104
60872 38280.0 833.04009 354.73949 6785.6683 2.6979983 -7.137295600000001 0.041158336
60872 38700.0 1836.2396 -2572.3935 6075.625 1.9902591 -6.5473612 -3.3731763999999997
60872 39120.0 2447.9226000000003 -4951.2107000000005 4066.2733 0.85718034 -4.5536617999999995 -6.052715
60872 39540.0 2533.1417 -6265.4430999999995 1179.4245 -0.45893896 -1.5899646 -7.442648500000001
60872 39960.0 2076.1544 -6238.5458 -1960.4142 -1.6774923 1.7156217 -7.2356385
60872 40380.0 1173.4947 -4871.396900000001 -4675.3341 -2.5387076000000004 4.6558954 -5.4825374
60872 40800.0 19.827887 -2463.6785 -6391.1303 -2.8551471999999998 6.5975834 -2.5485496
60872 41220.0 -1138.242 470.7073 -6738.0336 -2.5601007 7.1236609 0.92586848
60872 41640.0 -2053.2598000000003 3304.9398 -5641.1857 -1.717762 6.1270813 4.2024079
60872 42060.0 -2529.1974 5432.3946 -3334.7326000000003 -0.50713216 3.8187351 6.5804101
60872 42480.0 -2463.8619 6397.2529 -312.66591 0.81249511 0.69226689 7.5472112
60872 42900.0 -1871.43 5993.5924 2776.6121000000003 1.9566286 -2.5776194 6.8956292
60872 43320.0 -879.37223 4310.3557 5272.155900000001 2.6805746 -5.2888615 4.7727852
60872 43740.0 299.76729 1710.2127 6643.2843 2.8326742 -6.8680145 1.6391827
60872 44160.0 1415.2995 -1253.055 6600.3989 2.383339 -6.987706 -1.8398677
60872 44580.0 2230.2228 -3950.0468 5152.1809 1.4265043000000002 -5.6218892 -4.9327465
60872 45000.0 2570.2439 -5805.858 2604.0674 0.16190571 -3.0516284000000002 -6.9810504
60872 45420.0 2360.9968 -6420.6957999999995 -501.3578 -1.141133 0.17925417999999999 -7.537742000000001
60872 45840.0 1646.02 -5660.2528 -3499.1469 -2.2014382 3.3760445 -6.4760367
60872 46260.0 578.40197 -3687.2073 -5745.3766 -2.7895574 5.847484499999999 -4.0249065
60872 46680.0 -612.97874 -925.34782 -6759.2657 -2.7803771000000004 7.064997000000001 -0.7142454
60872 47100.0 -1673.3083000000001 2034.1872 -6324.4112000000005 -2.1771576 6.772373 2.7476831
60872 47520.0 -2375.9775 4558.9364000000005 -4533.9682999999995 -1.107694 5.0309628 5.6234535
60872 47940.0 -2570.1442 6107.9553 -1770.577 0.20007891 2.2105359 7.2951109
60872 48360.0 -2214.0128 6349.2044000000005 1373.0718000000002 1.4645922 -1.082078 7.400660299999999
60872 48780.0 -1384.6713 5233.3493 4222.4168 2.4132831 -4.135718 5.9211758
60872 49200.0 -259.87709 3001.1942000000004 6169.5063 2.8454135000000003 -6.2993454 3.1837443
60872 49620.0 920.18073 131.09371 6802.042200000001 2.6723033000000003 -7.1204327 -0.22570151000000002
60872 50040.0 1904.8333 -2766.7867 5986.4813 1.9314691000000002 -6.4291158 -3.588455
60872 50460.0 2484.2693 -5075.9319000000005 3894.4014 0.77703459 -4.3662041 -6.1941722
60872 50880.0 2532.9056 -6300.389 968.46351 -0.54779095 -1.3627146 -7.4830317
60872 51300.0 2039.6734 -6176.946400000001 -2165.0528 -1.7582532000000002 1.9403891000000002 -7.165201000000001
60872 51720.0 1109.1982 -4729.3503 -4833.245599999999 -2.5915341 4.8266655 -5.3078769
60872 52140.0 -58.754704 -2269.2183999999997 -6463.906900000001 -2.8689695000000004 6.6752931 -2.3150058
60872 52560.0 -1214.1815 676.11033 -6708.8251 -2.5333482 7.095632 1.1692023
60872 52980.0 -2110.3436 3477.1563 -5516.9399 -1.6563561 5.9999639 4.403393200000001
60872 53400.0 -2555.3985000000002 5534.8768 -3142.6379 -0.42411924 3.6198094000000003 6.696778800000001
60872 53820.0 -2453.6967000000004 6408.3495 -94.121817 0.89953224 0.46387296 7.5545497
60872 54240.0 -1827.1242 5911.0183 2974.6232000000005 2.0291533 -2.7868381 6.7928923999999995
60872 54660.0 -810.3327400000001 4151.5425000000005 5407.2851 2.7234091 -5.4352845 4.5818477
60872 55080.0 378.81331 1508.8401000000001 6686.4704 2.8366257999999998 -6.920604 1.4001049
60872 55500.0 1487.5168 -1454.4007 6541.7705000000005 2.3473983 -6.9348255 -2.0768897
60872 55920.0 2280.1049 -4108.434200000001 5003.416 1.357974 -5.4737451 -5.1170153
60872 56340.0 2587.0056 -5887.276400000001 2396.3718 0.07535053700000001 -2.8391604000000004 -7.071882899999999
60872 56760.0 2340.9491000000003 -6407.4214 -723.5875 -1.2266342 0.40948388 -7.514609900000001
60872 57180.0 1593.622 -5555.4884 -3688.2181 -2.2671691999999997 3.5734057 -6.3443617
60872 57600.0 505.0962 -3514.1387000000004 -5861.1750999999995 -2.8216949000000002 5.969613000000001 -3.8144189
60872 58020.0 -691.4574100000001 -721.4751600000001 -6777.747 -2.7725881 7.0869594 -0.47075847
60872 58440.0 -1740.3515 2225.3237999999997 -6242.6414 -2.1312533 6.6902581 2.9728566
60872 58860.0 -2417.3214 4696.4764000000005 -4369.9605 -1.0334058 4.8624506 5.7828519
60872 59280.0 -2576.9995 6162.5891 -1559.676 0.28707738 1.9913554999999998 7.3550075
60872 59700.0 -2184.891 6309.2295 1585.5868 1.5458214000000001 -1.3052845 7.348241
60872 60120.0 -1325.7427 5107.277700000001 4391.0435 2.4715978 -4.3160494 5.7670499
60872 60540.0 -183.59889 2815.4994 6257.6315 2.8683249 -6.3981523 2.9612985
60872 60960.0 997.64056 -75.010029 6790.3403 2.6548426 -7.116961000000001 -0.47021695
60872 61380.0 1966.886 -2949.5087000000003 5876.4533 1.8768045 -6.3230132999999995 -3.8036426000000003
60872 61800.0 2517.3962 -5195.8787999999995 3708.5196 0.6965031500000001 -4.178804 -6.3333395
60872 62220.0 2529.6115 -6330.5563 746.9968100000001 -0.6356682 -1.1369911 -7.5150186
60872 62640.0 2001.1351000000002 -6112.3755 -2375.6632999999997 -1.8350625 2.1572534 -7.0825411
60872 63060.0 1043.7974000000002 -4584.3418 -4988.134400000001 -2.6402707000000003 4.9857876 -5.1298966
60872 63480.0 -136.86187 -2075.4833 -6530.3527 -2.8798060999999997 6.743077100000001 -2.0831942
60872 63900.0 -1288.4833 876.59834 -6675.3697 -2.5045007999999997 7.058908000000001 1.4046204
60872 64320.0 -2165.2917 3641.6776 -5392.7195 -1.5948164 5.868772600000001 4.5922821
60872 64740.0 -2579.8893 5629.3096 -2955.9082000000003 -0.34326759 3.4234298 6.8004055
60872 65160.0 -2443.1199 6413.8178 114.31431 0.98275467 0.24410425000000002 7.5526797
60872 65580.0 -1784.1348 5827.2578 3159.8061000000002 2.0981354999999997 -2.9857716 6.686544
60872 66000.0 -744.18869 3996.6728 5529.491400000001 2.7637222 -5.5717089 4.3932415
60872 66420.0 454.30913000000004 1314.8682 6718.6135 2.8399359 -6.9670236999999995 1.1669559
60872 66840.0 1556.1708 -1646.6383 6474.705400000001 2.3118271 -6.879753300000001 -2.3079057
60872 67260.0 2326.5827999999997 -4257.2829 4848.4447 1.289676 -5.3253719 -5.296662400000001
60872 67680.0 2601.9374 -5962.3797 2186.8656 -0.010534583 -2.6275524 -7.1531171
60872 68100.0 2320.2496 -6390.5999 -943.02573 -1.308048 0.62904027 -7.4810172
60872 68520.0 1540.5848999999998 -5446.3843 -3867.5516000000002 -2.3293778 3.7562462 -6.2157193
60872 68940.0 431.94015 -3340.6169 -5967.8696 -2.8516707 6.0805864000000005 -3.6102326
60872 69360.0 -769.07989 -521.25731 -6790.6155 -2.7629245 7.098942600000001 -0.23729751999999998
60872 69780.0 -1805.9761 2409.16 -6160.642900000001 -2.0850221 6.601937 3.182245
60872 70200.0 -2457.6836000000003 4825.6732999999995 -4213.173900000001 -0.96179395 4.6959196 5.9228546
60872 70620.0 -2584.7134 6211.937 -1363.8899 0.36806777 1.7848711000000002 7.3978444
60872 71040.0 -2159.5581 6271.1264 1777.6012 1.6192113 -1.5070188 7.288696600000001
60872 71460.0 -1273.1218000000001 4991.0515000000005 4539.0334 2.5233664 -4.4728919 5.621729500000001
60872 71880.0 -115.66069 2648.3333 6331.1781 2.8883139 -6.4799675 2.758171
60872 72300.0 1066.4474 -257.60201 6773.5265 2.6388276999999998 -7.107241500000001 -0.68998987
60872 72720.0 2021.7261 -3108.6186000000002 5771.710599999999 1.8273243000000001 -6.2225622000000005 -3.9951797
60872 73140.0 2545.8413 -5296.4262 3536.5037 0.6233425499999999 -4.0072004 -6.455645400000001
60872 73560.0 2526.8152000000005 -6354.017 545.63206 -0.71672351 -0.92868092 -7.5344712000000005
60872 73980.0 1965.9988 -6049.5415 -2563.3051 -1.9052211000000001 2.3524215 -6.9991712
60872 74400.0 984.1955600000001 -4449.6992 -5121.9508 -2.6847651000000003 5.126583 -4.962998499999999
60872 74820.0 -208.0884 -1898.4552 -6582.8405999999995 -2.8895013 6.8005656 -1.8684507000000001
60872 75240.0 -1356.0384 1057.9818 -6635.4535000000005 -2.4776547 7.0218968 1.6221645000000002
60872 75660.0 -2214.7181 3788.6622 -5268.7953 -1.5367861 5.744744 4.7676943000000005
60872 76080.0 -2600.3645 5710.0684 -2773.8854 -0.26582038999999996 3.2374601 6.8964354000000005
60872 76500.0 -2429.8017999999997 6410.0831 315.85078999999996 1.0632744 0.035080478 7.5477423
60872 76920.0 -1738.2205000000001 5735.4598 3337.1999 2.1652925 -3.1743887 6.583655800000001
60872 77340.0 -673.2134000000001 3829.9396 5642.9806 2.8053321 -5.7085127 4.206052
60872 77760.0 534.93613 1108.1325 6740.346500000001 2.8424076 -7.0128081 0.92983858
60872 78180.0 1628.8688000000002 -1849.9916 6395.466 2.2721232000000002 -6.8173929 -2.5418649
60872 78600.0 2375.0501 -4413.1645 4681.6501 1.216367 -5.166013 -5.4707305999999996
60872 79020.0 2613.7708 -6033.4131 1964.9576000000002 -0.10045001 -2.4086738 -7.2299797
60872 79440.0 2293.703 -6363.8733 -1173.0572 -1.3958046 0.86354741 -7.439647700000001
60872 79860.0 1483.7333 -5335.124900000001 -4059.8241000000003 -2.3912186 3.9463914 -6.0568054
60872 80280.0 357.35293 -3168.9047 -6079.1989 -2.8750257 6.1809293 -3.3855576000000003
60872 80700.0 -845.05507 -328.80751000000004 -6802.593 -2.7470838 7.0984308 0.0031040833
60872 81120.0 -1867.8226000000002 2581.0549 -6076.2791 -2.0347613 6.5068307999999995 3.3938996
60872 81540.0 -2492.6513999999997 4940.7766 -4052.4922 -0.88619795 4.5254486 6.0691315
60872 81960.0 -2584.6902000000005 6244.126700000001 -1161.0561 0.45582423 1.569215 7.4510699
60872 82380.0 -2122.9438999999998 6209.8115 1980.2153 1.7029661 -1.7300845 7.2333201
60872 82800.0 -1205.8587 4843.669900000001 4695.809 2.5841374 -4.6560476 5.4611279999999995
60872 83220.0 -29.831945 2436.6132000000002 6398.1315 2.913299 -6.586324800000001 2.5221868
60872 83640.0 1152.9841000000001 -491.88190000000003 6730.3827 2.6157063 -7.1021806 -0.9675484400000001
60872 84060.0 2089.0117 -3314.5167 5619.8222000000005 1.7557156 -6.0897753 -4.2451246000000005
60872 84480.0 2580.0959 -5432.2423 3306.2636 0.52059462 -3.7713556 -6.6002082
60872 84900.0 2516.1778 -6381.3658 279.86502 -0.82364302 -0.65444178 -7.5462679
60872 85320.0 1912.5043 -5961.397400000001 -2806.1484 -1.9929164000000001 2.6028464 -6.8814516
60872 85740.0 900.73583 -4269.335599999999 -5291.6901 -2.7355164 5.3027345 -4.7398207
60872 86160.0 -303.11524 -1666.6216000000002 -6645.1562 -2.8928981 6.8654209 -1.5889096999999999
60873 180.0 -1442.4192 1291.2506 -6579.0248 -2.4339256999999996 6.9640868000000005 1.8979873
60873 600.0 -2274.3727999999996 3973.887 -5107.4641 -1.4555995000000002 5.578139500000001 4.9826556
60873 1020.0 -2620.9781000000003 5808.4988 -2543.0145 -0.16405702 2.9971590999999997 7.0064541
60873 1440.0 -2406.9642000000003 6400.6373 566.6383900000001 1.1645180000000002 -0.2288569 7.530179100000001
60873 1860.0 -1678.1051000000002 5623.5265 3554.2012999999997 2.2434011999999997 -3.4043638 6.43887
60873 2280.0 -590.3677700000001 3644.25 5780.800700000001 2.8415033 -5.847410200000001 3.9717674
60873 2700.0 623.28398 887.88119 6771.5185 2.8328779 -7.0396358 0.66077883
60873 3120.0 1704.1821000000002 -2057.6239 6316.0585 2.2207777 -6.7320054 -2.7905552
60873 3540.0 2421.7257999999997 -4564.3127 4510.6669 1.1337268999999999 -4.9873107 -5.6508352
60873 3960.0 2622.0997 -6095.6592 1741.092 -0.19694431 -2.1748602 -7.3045785
60873 4380.0 2261.7004 -6323.8066 -1403.1185 -1.4879776 1.1083026 -7.3941573
60873 4800.0 1416.7567 -5197.1663 -4246.0455999999995 -2.4595198999999996 4.1501384 -5.9010033
60873 5220.0 269.41449 -2961.3340000000003 -6180.6155 -2.9041323 6.3006014 -3.1462519
60873 5640.0 -935.4154100000001 -94.331053 -6794.794400000001 -2.7291113 7.1039027 0.27389249
60873 6060.0 -1941.1612 2792.7626 -5958.939 -1.973265 6.3948611 3.6343324
60873 6480.0 -2533.4382 5084.9063 -3850.6169 -0.7955201 4.3212962 6.2234484000000005
60873 6900.0 -2585.0377000000003 6291.7528 -918.4346800000001 0.5547003899999999 1.3201004 7.484927
60873 7320.0 -2084.0685 6153.658 2210.4934 1.7875061 -1.9658875 7.1427422
60873 7740.0 -1137.5745 4700.135700000001 4865.7408 2.6373271 -4.8288302000000005 5.2711321
60873 8160.0 51.766387 2243.3474 6479.776900000001 2.9232311 -6.6571448 2.2755118000000003
60873 8580.0 1230.0938999999998 -691.6788100000001 6708.9401 2.585958 -7.0653934000000005 -1.2042399000000001
60873 9000.0 2146.0976 -3479.0806000000002 5503.8201 1.6965066 -5.966517700000001 -4.4306361
60873 9420.0 2604.2714 -5524.129400000001 3121.6799 0.44288718 -3.5897901 -6.711556400000001
60873 9840.0 2504.8917 -6386.4255 69.440302 -0.9077569600000001 -0.44095585 -7.5574429
60873 10260.0 1869.2363 -5881.427900000001 -2997.7421 -2.0637315 2.8010049 -6.7816402
60873 10680.0 830.31039 -4108.731 -5419.544400000001 -2.7808993 5.448527100000001 -4.5567574
60873 11100.0 -386.12649 -1457.4609 -6679.0758 -2.9005413 6.926333700000001 -1.3476867
60873 11520.0 -1519.2776000000001 1502.8583999999998 -6508.7015 -2.3974599 6.914409200000001 2.143917
60873 11940.0 -2327.7402 4142.1476 -4943.2431 -1.382318 5.4248818000000005 5.1744806
60873 12360.0 -2638.7187999999996 5896.1621 -2318.4089 -0.071619055 2.7755951 7.096530700000001
60873 12780.0 -2385.8552999999997 6390.2815 803.36265 1.2535204000000002 -0.46479579000000004 7.497480800000001
60873 13200.0 -1623.9417 5520.9430999999995 3753.3899 2.3085158999999997 -3.5988176 6.2953699
60873 13620.0 -516.35191 3476.5394 5902.9126 2.8699058 -5.9588673 3.7559128
60873 14040.0 700.85375 694.2389900000001 6796.4479 2.821619 -7.0507287 0.42226826
60873 14460.0 1769.371 -2235.2132 6244.5124000000005 2.1743163 -6.646668399999999 -3.0042722
60873 14880.0 2461.6330000000003 -4689.079 4361.581099999999 1.0615532 -4.825139 -5.8011018000000005
60873 15300.0 2628.1366000000003 -6141.1897 1545.0828999999999 -0.28336627 -1.9632824 -7.3662155
60873 15720.0 2231.3821000000003 -6277.0438 -1603.1663 -1.5718033 1.3292545 -7.350552800000001
60873 16140.0 1355.3889 -5064.7519 -4406.1337 -2.5231531 4.3376037 -5.7521393
60873 16560.0 188.53817999999998 -2766.0436 -6262.3012 -2.9313348 6.409294200000001 -2.920055
60873 16980.0 -1017.1359 125.20230000000001 -6762.5028 -2.715332 7.1176974 0.5394089599999999
60873 17400.0 -2007.1673 2993.059 -5816.5598 -1.9133484 6.2907636 3.8840681
60873 17820.0 -2566.2574 5218.5059 -3617.9562 -0.70026045 4.1127357 6.3936091
60873 18240.0 -2574.2824 6323.3926 -640.20384 0.66232076 1.0533405 7.5258588
60873 18660.0 -2030.4741999999999 6072.7976 2475.535 1.8791532 -2.2225178000000003 7.0400673
60873 19080.0 -1053.089 4525.6115 5061.8713 2.689978 -5.009083899999999 5.0534661
60873 19500.0 148.17323000000002 2016.809 6570.5368 2.9268755 -6.720695 2.0027361
60873 19920.0 1318.1953 -918.91281 6685.4046 2.5444031000000003 -7.007207999999999 -1.4651973
60873 20340.0 2209.4917 -3660.2155000000002 5383.0157 1.6229289000000002 -5.8107915000000006 -4.6260951
60873 20760.0 2632.2902999999997 -5625.2243 2936.5742999999998 0.35284646 -3.3748616000000005 -6.8139482
60873 21180.0 2494.3942 -6391.808599999999 -136.46075 -0.99850329 -0.20705452 -7.5536325
60873 21600.0 1823.0395 -5791.286400000001 -3179.9302000000002 -2.1405369000000003 3.0157781 -6.6734945
60873 22020.0 760.8910500000001 -3949.2198 -5539.6437000000005 -2.8249427000000003 5.5959414 -4.357000200000001
60873 22440.0 -464.43245 -1260.0258999999999 -6707.6314 -2.9034323 6.9759545 -1.1032484
60873 22860.0 -1590.4006000000002 1699.9341000000002 -6433.5578 -2.3590288999999998 6.8589799000000005 2.3866083
60873 23280.0 -2374.8525 4294.4989000000005 -4775.3692 -1.3081432 5.2704052 5.3654412
60873 23700.0 -2649.6441 5967.5262 -2089.4856 0.023304939 2.5512341000000003 7.189788
60873 24120.0 -2356.3343 6361.1957999999995 1045.8404 1.3472416 -0.70917553 7.4669666
60873 24540.0 -1559.2868999999998 5395.1191 3957.3669 2.3785543 -3.805259 6.1463448
60873 24960.0 -430.2465 3280.8002 6025.192400000001 2.9000902 -6.0787968 3.5239493000000004
60873 25380.0 790.07448 471.26946000000004 6813.4394 2.8062969 -7.0585454 0.16293678
60873 25800.0 1843.3692 -2437.8955 6157.260700000001 2.1188546 -6.5449695000000006 -3.2320979000000003
60873 26220.0 2506.1952 -4830.4749 4193.814 0.97955836 -4.6409441 -5.9503376
60873 26640.0 2635.8956000000003 -6195.322400000001 1336.3086 -0.37417785 -1.7379784999999999 -7.4098222
60873 27060.0 2202.3384 -6236.0951 -1807.0019 -1.653454 1.549204 -7.284569
60873 27480.0 1296.6639 -4939.9277999999995 -4561.638400000001 -2.5806101 4.5107494 -5.5919068
60873 27900.0 112.72258000000001 -2583.5813 -6334.5196 -2.9541234 6.5047179999999996 -2.6958216000000004
60873 28320.0 -1095.2766000000001 326.92142 -6744.2213 -2.6938134000000002 7.1028844 0.77953693
60873 28740.0 -2068.2704 3167.0683 -5703.62 -1.8552312 6.1765472 4.0877581
60873 29160.0 -2597.375 5327.7756 -3434.9327000000003 -0.6182384200000001 3.9244034 6.5174951000000005
60873 29580.0 -2568.9861 6345.0069 -426.88029 0.75052675 0.83200325 7.543744800000001
60873 30000.0 -1990.1434 6002.8731 2673.2246 1.9547856 -2.4291873 6.949390500000001
60873 30420.0 -986.4676700000001 4379.655400000001 5201.8916 2.737278 -5.1579682 4.8745218
60873 30840.0 226.88754 1826.0773000000002 6623.2541 2.936167 -6.781372500000001 1.7733136999999999
60873 31260.0 1392.3274 -1114.0736000000002 6639.3864 2.5136089000000004 -6.9671837 -1.6976766
60873 31680.0 2263.1668 -3818.3847 5247.2592 1.557949 -5.677558100000001 -4.8132802
60873 32100.0 2653.7232999999997 -5712.2305 2739.0316000000003 0.26700697 -3.1750746 -6.9153085
60873 32520.0 2478.5706 -6388.1698 -354.03379 -1.0868459000000001 0.016977312 -7.5457163000000005
60873 32940.0 1773.0219 -5697.031400000001 -3370.8774 -2.2119479 3.2151606000000004 -6.5568413
60873 33360.0 687.3062199999999 -3784.3066000000003 -5662.804700000001 -2.8636592000000003 5.7267233 -4.1568864
60873 33780.0 -545.78949 -1059.9397 -6736.6708 -2.9011424000000003 7.0097309999999995 -0.86363225
60873 34200.0 -1662.1618 1891.1382 -6365.8240000000005 -2.3157970999999997 6.7866067999999995 2.6120521
60873 34620.0 -2421.7241000000004 4436.358200000001 -4624.4394 -1.2350482999999999 5.1121093 5.5287327
60873 35040.0 -2662.1852000000003 6030.6383 -1889.1172 0.11079694999999999 2.3413146 7.2579788
60873 35460.0 -2332.2467 6332.9004 1252.2503000000002 1.4311478 -0.9269502199999999 7.427151
60873 35880.0 -1503.8020000000001 5281.6602 4125.5034 2.4416862000000004 -3.9863255 6.0071335
60873 36300.0 -354.99143 3105.6606 6118.616 2.9293696000000002 -6.186192500000001 3.3134995
60873 36720.0 869.2125 270.84437 6810.738200000001 2.7950105 -7.0691283 -0.076436664
60873 37140.0 1909.3224 -2621.2912 6056.6084 2.0682964000000004 -6.4542583 -3.4507249000000004
60873 37560.0 2544.2536 -4957.0092 4014.2399 0.89962632 -4.4654662 -6.100207999999999
60873 37980.0 2637.0807999999997 -6236.4078 1114.6753999999999 -0.46628769999999997 -1.5145752000000001 -7.4558002
60873 38400.0 2165.9222999999997 -6181.9030999999995 -2023.5023 -1.7368845 1.7706633 -7.2143723
60873 38820.0 1230.4312 -4802.106400000001 -4726.5628 -2.6364698 4.6798944 -5.4213102
60873 39240.0 31.068381000000002 -2392.5526 -6413.3377 -2.9704034000000004 6.5843101 -2.4642107
60873 39660.0 -1175.1151000000002 529.50649 -6723.6671 -2.6664582 7.0752477 1.024796
60873 40080.0 -2129.2455 3337.2708 -5589.8203 -1.7920159000000002 6.0503894 4.2883725
60873 40500.0 -2626.6819 5429.429 -3253.168 -0.5331149799999999 3.7297354 6.6355924
60873 40920.0 -2560.7597 6357.0801 -216.95009 0.84122073 0.60711254 7.5576255
60873 41340.0 -1945.7564 5921.7458 2866.1715 2.0333741 -2.6409459 6.855192
60873 41760.0 -914.6386 4220.2113 5335.2205 2.7872256 -5.3137863 4.6877135
60873 42180.0 311.50235 1619.2259 6664.6471 2.94568 -6.8466447 1.5296648
60873 42600.0 1471.5637 -1325.7496 6575.0914 2.4786135 -6.923558 -1.9480806
60873 43020.0 2319.2376 -3989.2257000000004 5086.2126 1.4845270000000002 -5.5296710000000004 -5.0143438
60873 43440.0 2673.5457 -5803.9706 2512.7506000000003 0.17127224000000002 -2.9536234 -7.0183406999999995
60873 43860.0 2457.3847 -6380.1091 -597.79929 -1.1823227 0.26067475 -7.524787900000001
60873 44280.0 1715.7768 -5592.0842 -3580.2597 -2.2848442 3.4236425 -6.4177481
60873 44700.0 607.1072800000001 -3607.7457000000004 -5794.7396 -2.8982587 5.8531334 -3.9349213
60873 45120.0 -631.37984 -852.08914 -6767.0582 -2.8918865 7.029972300000001 -0.6107704300000001
60873 45540.0 -1735.2263 2086.1579 -6289.7883 -2.2668836999999997 6.703344100000001 2.8454841
60873 45960.0 -2467.5026000000003 4577.013400000001 -4463.8054 -1.1560763 4.9419002 5.6949209000000005
60873 46380.0 -2671.1873 6087.4845000000005 -1678.6402 0.20407928 2.1190610000000003 7.3252942999999995
60873 46800.0 -2302.2511 6292.986 1467.4148 1.5204047 -1.1576862 7.3815572000000005
60873 47220.0 -1440.4911000000002 5151.3019 4298.3149 2.5084264 -4.1786309 5.8558924
60873 47640.0 -270.96891 2909.5987999999998 6210.0632000000005 2.9588719 -6.2996227000000005 3.0843606
60873 48060.0 956.21635 48.939009 6797.4958 2.7791528 -7.0757669 -0.336813
60873 48480.0 1980.3174 -2822.1365 5937.381200000001 2.0091741 -6.348561 -3.6852055
60873 48900.0 2583.3698 -5093.0828 3811.7592000000004 0.8098420599999999 -4.2683838 -6.2540491000000005
60873 49320.0 2635.6049 -6278.1941 871.05684 -0.56618643 -1.2702589 -7.4919591
60873 49740.0 2124.5066 -6121.2095 -2255.7048 -1.8233247 2.0044003 -7.1251761
60873 50160.0 1159.0087 -4654.951599999999 -4898.6224 -2.6904395 4.8503194 -5.230364499999999
60873 50580.0 -54.275579 -2193.5508 -6491.5791 -2.9819019 6.657005600000001 -2.2171203
60873 51000.0 -1256.0029 736.39502 -6694.2693 -2.6364449 7.0412019 1.2696695
60873 51420.0 -2189.4665 3509.2896 -5462.496 -1.7269405 5.9204625 4.4879122
60873 51840.0 -2654.3355 5530.799400000001 -3059.2804 -0.44588785000000003 3.5294665000000003 6.7478126000000005
60873 52260.0 -2550.3932999999997 6367.0693 1.3112495 0.93174839 0.38021087000000003 7.5595886000000005
60873 52680.0 -1900.0633 5839.334400000001 3061.8927000000003 2.1080504 -2.8461389 6.7479581
60873 53100.0 -843.31626 4062.7923 5466.6050000000005 2.8310141 -5.4553792 4.4956372
60873 53520.0 392.9525 1421.1391 6704.1188 2.9492743999999997 -6.8953232 1.2917872
60873 53940.0 1545.7789 -1522.5658999999998 6513.6168 2.4411162 -6.8687738000000005 -2.1823524
60873 54360.0 2370.2338 -4142.7489 4935.8848 1.413375 -5.3817965999999995 -5.195424200000001
60873 54780.0 2690.0877 -5880.8546 2304.7815 0.081355591 -2.7431192 -7.106437700000001
60873 55200.0 2435.7579 -6363.5035 -819.07972 -1.2712442000000002 0.48813759 -7.4992071
60873 55620.0 1660.5031000000001 -5485.2278 -3767.4583 -2.3531855 3.6179396 -6.2841531
60873 56040.0 530.13674 -3433.8915 -5908.0243 -2.9314088000000003 5.9720775 -3.7232397
60873 56460.0 -713.5445500000001 -648.8337 -6782.9368 -2.8831099 7.0486772 -0.36718482
60873 56880.0 -1804.897 2274.8786 -6205.2966 -2.2186828000000003 6.6194528 3.0687755
60873 57300.0 -2510.2253 4711.726 -4297.7251 -1.0784311 4.773097300000001 5.851477
60873 57720.0 -2677.9056 6139.459900000001 -1467.0506 0.29476618000000004 1.9010573 7.381500600000001
60873 58140.0 -2271.5488 6251.2034 1679.0076000000001 1.6046506 -1.3779694999999998 7.3253813
60873 58560.0 -1379.1726 5025.3899 4464.5781 2.5680747999999998 -4.353817200000001 5.6995187
60873 58980.0 -192.12582 2726.4818 6295.4453 2.9814742 -6.3927776000000005 2.8623775
60873 59400.0 1035.845 -152.44502 6783.924400000001 2.7602185 -7.0680837 -0.57769065
60873 59820.0 2043.7822 -2998.9854 5827.512900000001 1.9524712 -6.2413943 -3.8946715
60873 60240.0 2617.024 -5207.5176 3628.5256000000004 0.7271207500000001 -4.0835704 -6.387496100000001
60873 60660.0 2631.7486000000004 -6304.6385 652.89446 -0.65760701 -1.0463742999999999 -7.5207483
60873 61080.0 2083.9241 -6053.7851 -2462.0822000000003 -1.9036092000000002 2.2193356 -7.0412399
60873 61500.0 1090.1846 -4507.5121 -5048.7947 -2.742152 5.009343 -5.051541500000001
60873 61920.0 -136.70170000000002 -1997.4372 -6553.1927000000005 -2.9937887 6.725544 -1.9820564
60873 62340.0 -1334.4398 939.2924499999999 -6654.1866 -2.6059340000000004 7.004453499999999 1.5100566
60873 62760.0 -2247.1387000000004 3675.3599 -5329.897400000001 -1.6606938 5.7864279 4.681657599999999
60873 63180.0 -2679.1061 5624.9991 -2862.6299 -0.35835159 3.3275628999999998 6.853444400000001
60873 63600.0 -2537.1973 6369.7028 219.50849 1.0217124 0.15408052 7.5547987
60873 64020.0 -1851.9186000000002 5750.3105000000005 3254.7389 2.1813584 -3.0480269 6.6347143
60873 64440.0 -770.2841999999999 3900.6567000000005 5592.7338 2.8728057 -5.591502 4.2989375
60873 64860.0 475.17734 1221.0389 6736.9528 2.9504455 -6.936753800000001 1.0521458000000001
60873 65280.0 1619.7059 -1718.2136 6445.544400000001 2.401071 -6.8063896 -2.4145513999999997
60873 65700.0 2419.9683999999997 -4292.179099999999 4780.680200000001 1.3402781 -5.2279678 -5.3704542
60873 66120.0 2704.7849 -5951.8088 2095.103 -0.0092213421 -2.5303180000000003 -7.1858543
60873 66540.0 2412.267 -6340.844599999999 -1038.4145 -1.3593449000000002 0.7133105900000001 -7.4649695000000005
60873 66960.0 1603.9255 -5374.081099999999 -3949.5265 -2.4197544 3.8063357 -6.1443856
60873 67380.0 452.73149 -3258.6739 -6014.326 -2.96226 6.0832913 -3.5090502999999997
60873 67800.0 -795.16472 -447.48323 -6791.6329000000005 -2.8720437000000003 7.059830600000001 -0.12509493000000002
60873 68220.0 -1873.3174 2459.1455 -6115.2903 -2.1685011 6.5293375 3.2874852000000003
60873 68640.0 -2550.9362 4839.6221 -4128.7712 -0.99972876 4.6011103 6.0013017
60873 69060.0 -2682.3594 6183.9364000000005 -1255.557 0.38559462000000005 1.6829905 7.4305411
60873 69480.0 -2238.7018 6202.4688 1887.6241000000002 1.6881978 -1.5956585 7.262916199999999
60873 69900.0 -1316.0089 4893.6350999999995 4625.3772 2.6264756000000005 -4.5245812 5.5389045
60873 70320.0 -112.005 2539.4744 6373.8162 3.0023885 -6.4803933 2.6376478000000003
60873 70740.0 1115.9187 -355.13151 6762.64 2.7390285 -7.0537055 -0.8189348
60873 71160.0 2106.6857999999997 -3174.257 5710.4756 1.8933293000000002 -6.1274797 -4.1010345
60873 71580.0 2649.1693 -5317.8640000000005 3440.2144 0.64245727 -3.8938824 -6.5141659
60873 72000.0 2626.1183 -6326.3485 433.40321000000006 -0.7495341 -0.82162546 -7.539529900000001
60873 72420.0 2041.7181 -5982.3694000000005 -2665.6677999999997 -1.9825987 2.4297888 -6.9482258
60873 72840.0 1020.6052 -4358.8239 -5193.08 -2.7911535 5.160150300000001 -4.8675559
60873 73260.0 -218.63942000000003 -1803.7831 -6607.8835 -3.0026211 6.7850801 -1.7472611
60873 73680.0 -1411.227 1136.3472 -6608.2403 -2.5730654 6.9608942 1.7457418
60873 74100.0 -2302.5184 3833.9602000000004 -5193.5053 -1.5930441000000002 5.6490973 4.8686421
60873 74520.0 -2701.1795 5711.039400000001 -2665.2408 -0.27018455999999996 3.125516 6.9518858
60873 74940.0 -2521.1747 6364.6697 435.55816 1.1116529000000002 -0.06964885900000001 7.5435841
60873 75360.0 -1801.1444 5655.149200000001 3443.0758 2.2538415 -3.2456289000000003 6.5162311
60873 75780.0 -695.22239 3734.6063 5712.4584 2.9127975999999998 -5.7221075 4.098465
60873 76200.0 558.46418 1019.5751 6762.3012 2.9488611000000002 -6.9716371 0.8112791600000001
60873 76620.0 1693.4298999999999 -1912.4136 6370.14 2.3578702 -6.7373788999999995 -2.6447129
60873 77040.0 2468.2088 -4437.6007 4619.6904 1.2643204000000001 -5.0688211 -5.5402219
60873 77460.0 2716.9777000000004 -6017.0188 1882.3858 -0.10164009 -2.3147523000000003 -7.2576663
60873 77880.0 2385.9114 -6312.2244 -1257.2996 -1.4475874 0.9374032200000001 -7.422254
60873 78300.0 1544.7975000000001 -5258.1856 -4127.8081 -2.4846726 3.9900598 -5.9975857
60873 78720.0 373.76027000000005 -3081.2291 -6114.5698 -2.9902057 6.1874623 -3.2912977000000003
60873 79140.0 -877.0227900000001 -247.00988 -6793.6455000000005 -2.8576937 7.0635787 0.11645789000000001
60873 79560.0 -1940.7113000000002 2639.7727000000004 -6019.7941 -2.1152596 6.4329743 3.5020563000000005
60873 79980.0 -2591.2976000000003 4965.7934000000005 -3957.737 -0.9183823 4.4230032 6.14063
60873 80400.0 -2685.9734 6225.553 -1047.0639 0.47609689 1.4657976000000001 7.4666999
60873 80820.0 -2205.7232000000004 6152.7642000000005 2088.3286000000003 1.7689284 -1.8056145 7.1908435
60873 81240.0 -1251.587 4758.061 4773.7214 2.6842872000000004 -4.6907657 5.3790576
60873 81660.0 -29.984079 2344.7141 6430.9788 3.0273205 -6.5759653 2.4168471
60873 82080.0 1198.932 -569.0201800000001 6718.4353 2.7185924 -7.0462269 -1.0692796
60873 82500.0 2171.6106 -3361.4343 5565.425700000001 1.8290289 -6.0090702 -4.3205151
60873 82920.0 2680.2448 -5435.617700000001 3219.8749 0.549088 -3.6884853 -6.6447609000000005
60873 83340.0 2616.4369 -6348.9462 184.63588000000001 -0.84711642 -0.58222061 -7.5448901
60873 83760.0 1994.565 -5908.1725 -2890.2395 -2.0599652 2.6416709999999997 -6.831611
60873 84180.0 948.264 -4210.3793 -5349.017 -2.8317304 5.2950926 -4.6654311
60873 84600.0 -299.25318 -1619.3178 -6670.1444 -3.0015399000000005 6.8202254 -1.5123853999999999
60873 85020.0 -1483.3277 1314.8235 -6573.9777 -2.5349518 6.8996068 1.9631402
60873 85440.0 -2352.3547000000003 3969.4447999999998 -5078.4569 -1.5275724 5.511506000000001 5.0314296
60873 85860.0 -2719.5886 5777.2035000000005 -2497.0302 -0.18843466 2.9380502 7.0368449
60873 86280.0 -2504.0716 6346.8296 620.23299 1.1966914 -0.27685315000000005 7.5354662
60874 300.0 -1750.3794 5552.3732 3603.6765 2.3266077000000003 -3.4370799 6.410380600000001
60874 720.0 -620.42228 3564.4371 5810.4908 2.9555225999999997 -5.8552783 3.9065806
60874 1140.0 642.0502 813.56371 6768.258 2.9491199000000003 -7.0129466 0.56633778
60874 1560.0 1767.573 -2113.2176 6271.753900000001 2.3127871 -6.6698682 -2.8870582
60874 1980.0 2515.0292999999997 -4587.991599999999 4430.293900000001 1.181638 -4.8999836 -5.7217072
60874 2400.0 2724.4343 -6081.2478 1638.4829 -0.20256669 -2.0813276000000003 -7.3296207
60874 2820.0 2351.1820000000002 -6274.001 -1504.875 -1.5420064 1.1791322 -7.3652385
60874 3240.0 1476.0864 -5127.679 -4326.4084 -2.549105 4.1793000000000005 -5.82683
60874 3660.0 286.78807 -2890.0921000000003 -6225.2432 -3.0114562 6.2818674 -3.0525766
60874 4080.0 -963.41032 -39.211021 -6799.8017 -2.8343536 7.048498899999999 0.36587458
60874 4500.0 -2009.2232 2819.8459 -5928.3385 -2.0553421 6.3196201 3.7101961
60874 4920.0 -2627.745 5079.0432 -3793.2011 -0.8356049000000001 4.2416124 6.274108
60874 5340.0 -2685.0925 6253.3286 -846.42276 0.56803548 1.2475226000000001 7.503139
60874 5760.0 -2167.1312000000003 6087.7526 2282.0917000000004 1.8536896 -2.0223835 7.1214129
60874 6180.0 -1184.0883000000001 4615.7458 4919.5201 2.7417661 -4.8587067 5.2076348
60874 6600.0 52.942116000000006 2153.9029 6499.4986 3.0409836 -6.649435 2.1786592000000002
60874 7020.0 1278.6878000000002 -770.80317 6679.6852 2.6894517000000002 -7.0189658 -1.3227422
60874 7440.0 2230.6997 -3529.4435 5429.0659000000005 1.7604798000000002 -5.8795918 -4.5341109
60874 7860.0 2704.3941 -5531.686900000001 3009.9604 0.45385951999999996 -3.4804792000000004 -6.7747382
60874 8280.0 2598.189 -6347.7406 -56.350431 -0.9501076900000001 -0.33508022 -7.5591688
60874 8700.0 1935.3915 -5804.0066 -3110.8031 -2.1478146000000002 2.8750649 -6.7206603
60874 9120.0 859.14832 -4020.6908 -5499.7288 -2.8832485 5.460192 -4.4494147
60874 9540.0 -399.89805 -1382.1598999999999 -6716.1017 -3.0037112 6.876271399999999 -1.2394475
60874 9960.0 -1574.1871 1549.6018000000001 -6504.4362 -2.4871918 6.8324598 2.2291109000000002
60874 10380.0 -2414.5811000000003 4152.597 -4909.7307 -1.4418330000000001 5.3379173 5.228502000000001
60874 10800.0 -2741.5201 5872.4333 -2268.3993 -0.085680561 2.7008491 7.1213825
60874 11220.0 -2483.4089 6338.8207999999995 857.78701 1.2931989000000002 -0.52199222 7.4943371
60874 11640.0 -1693.9894 5448.9980000000005 3799.8967000000002 2.3975077000000002 -3.6383716 6.259302399999999
60874 12060.0 -541.9131 3392.5369 5926.2424 2.9884443000000003 -5.975502400000001 3.6810365000000003
60874 12480.0 726.13882 610.00054 6780.9264 2.9397573 -7.032922800000001 0.31453643
60874 12900.0 1839.1348 -2303.3432000000003 6182.0958 2.2604784 -6.5828552 -3.1232566000000004
60874 13320.0 2559.2131 -4724.0472 4260.241400000001 1.0965340000000001 -4.7201331 -5.8864198
60874 13740.0 2729.4747 -6129.8873 1420.2954 -0.30148168 -1.850722 -7.3917839
60874 14160.0 2315.0348 -6222.6367 -1724.8304 -1.6359464000000001 1.416858 -7.3111157
60874 14580.0 1403.7786 -4979.656 -4497.7961 -2.6205128 4.3806459 -5.6648491000000005
60874 15000.0 191.11617 -2667.2575 -6301.781900000001 -3.0462835 6.412835200000001 -2.8002875
60874 15420.0 -1062.8291000000002 215.07053 -6758.753 -2.8147841 7.0612535 0.66956642
60874 15840.0 -2089.2218000000003 3050.5155 -5767.2786 -1.9785834 6.1914761 3.9916806
60874 16260.0 -2668.1386 5232.1512999999995 -3538.5425 -0.71962982 3.9971557 6.4541618
60874 16680.0 -2673.8476 6290.3294000000005 -545.7708100000001 0.69384165 0.9480351899999999 7.537551400000001
60874 17100.0 -2106.2477000000003 5999.6861 2564.3736000000004 1.9596057 -2.3066326 7.0014734
60874 17520.0 -1086.5719 4420.8832 5121.652700000001 2.8051847 -5.0645567 4.965739
60874 17940.0 166.35398999999998 1894.2327 6579.9181 3.0500459 -6.7376174 1.8644064
60874 18360.0 1383.7121000000002 -1036.6364 6629.724099999999 2.6411615999999998 -6.9640604999999995 -1.6308579
60874 18780.0 2305.4599 -3745.945 5259.415 1.6682437 -5.7026646 -4.7753756
60874 19200.0 2734.652 -5654.8876 2762.4257000000002 0.3382443 -3.2219666000000005 -6.8981925
60874 19620.0 2579.3935 -6355.3093 -326.64188 -1.0639544 -0.052920262 -7.5428748
60874 20040.0 1873.3928 -5698.7502 -3345.7978 -2.2367677 3.1220183 -6.5730268
60874 20460.0 768.0993000000001 -3827.7823 -5650.6118 -2.9306089 5.6241745000000005 -4.2040085
60874 20880.0 -500.42837000000003 -1143.454 -6751.7263 -3.0007428000000003 6.9269364 -0.94492427
60874 21300.0 -1662.7014 1783.5416 -6415.8760999999995 -2.4336225 6.7589941 2.5162017999999997
60874 21720.0 -2471.3348 4331.0329 -4712.3861 -1.3465163 5.1509845 5.450072100000001
60874 22140.0 -2752.1251 5953.454 -1999.8922 0.033172139 2.4347572 7.2284066000000005
60874 22560.0 -2443.5413 6300.7133 1141.4257 1.4098508 -0.8123749400000001 7.4562516
60874 22980.0 -1610.4624 5295.5119 4037.0488 2.4845531000000003 -3.8864898 6.0796483
60874 23400.0 -431.84287 3154.2146000000002 6064.3836 3.0251590000000004 -6.122508600000001 3.3998141
60874 23820.0 839.16003 335.29235 6782.5379 2.9203976 -7.0533705 -0.010125058
60874 24240.0 1931.4058 -2555.4687999999996 6050.6001 2.1866435 -6.46468 -3.4167027
60874 24660.0 2609.7502999999997 -4899.0531 4017.1346000000003 0.98451578 -4.4913665 -6.0893581
60874 25080.0 2728.6169 -6192.3885 1120.0914 -0.42858534 -1.5553955000000002 -7.453278900000001
60874 25500.0 2263.0495 -6159.464599999999 -2017.7906 -1.747307 1.707654 -7.2159036
60874 25920.0 1314.1783 -4811.2492 -4724.0167 -2.6885896 4.5942149 -5.4375200999999995
60874 26340.0 85.667768 -2439.6131 -6423.3378 -3.0554219 6.493819800000001 -2.5096432
60874 26760.0 -1161.0703 449.14794 -6757.9782000000005 -2.7744016 7.0140668999999995 0.94451152
60874 27180.0 -2161.8857000000003 3242.7053 -5657.7047999999995 -1.9049748 6.0480386 4.2015062
60874 27600.0 -2703.6387999999997 5347.567099999999 -3353.303 -0.62701922 3.7916154000000004 6.574245
60874 28020.0 -2668.8536000000004 6311.9079 -332.52159000000006 0.79043786 0.71537678 7.5489515
60874 28440.0 -2062.9056 5925.4102 2759.3699 2.0427443000000003 -2.5232649 6.904591900000001
60874 28860.0 -1014.615 4268.3888 5257.9041 2.8578882 -5.223133799999999 4.775079300000001
60874 29280.0 251.25594 1696.145 6625.9892 3.0600115000000003 -6.8018386 1.6208525
60874 29700.0 1463.1031 -1238.2952 6572.5786 2.6049317000000003 -6.9201383 -1.883503
60874 30120.0 2365.9802999999997 -3915.7587000000003 5114.3758 1.5873518 -5.5431744 -4.9768102
60874 30540.0 2755.8428 -5741.633 2551.627 0.23730091 -2.9979667 -7.0041865
60874 30960.0 2558.9029 -6345.4236 -557.27322 -1.1633400999999999 0.18845067000000001 -7.5281439
60874 31380.0 1812.2243 -5586.0073 -3546.0724 -2.3191949 3.3413816 -6.4459726
60874 31800.0 678.34211 -3633.4167 -5776.1125 -2.977086 5.7748872 -3.9818067000000004
60874 32220.0 -599.61001 -907.4303199999999 -6771.121099999999 -2.9978735000000003 6.9698601 -0.6711415500000001
60874 32640.0 -1749.89 2011.9163999999998 -6320.103400000001 -2.3802926 6.6796163 2.7797622
60874 33060.0 -2527.388 4502.598599999999 -4519.2598 -1.2545870000000001 4.965061899999999 5.640354500000001
60874 33480.0 -2765.5999 6032.4673 -1751.7178999999999 0.14132534000000002 2.1866381 7.2985846
60874 33900.0 -2413.0862 6273.5325 1390.0902 1.5076597 -1.0601445 7.3940517
60874 34320.0 -1544.73 5173.9193 4235.0347 2.5516706 -4.0796111 5.906447
60874 34740.0 -346.66749 2970.126 6173.9096 3.0496257 -6.2233752 3.159034
60874 35160.0 925.31597 133.51014 6794.0601 2.8975479 -7.0392063 -0.259455
60874 35580.0 2000.2031000000002 -2731.4418 5963.4091 2.1278362000000004 -6.3555949 -3.6249352
60874 36000.0 2648.4309 -5013.6875 3857.5652000000005 0.90116713 -4.3115275 -6.2226493000000005
60874 36420.0 2732.3366 -6227.1975999999995 928.86034 -0.51793989 -1.3452082 -7.483473200000001
60874 36840.0 2230.2159 -6105.3078 -2200.1132000000002 -1.8276076 1.9088389000000001 -7.1487107
60874 37260.0 1249.7931 -4674.4326 -4856.982599999999 -2.7487687999999997 4.759028000000001 -5.284427300000001
60874 37680.0 1.9477209 -2240.6814 -6463.9526 -3.0856388000000003 6.5997279 -2.2878512
60874 38100.0 -1248.1206000000002 672.0554000000001 -6697.830599999999 -2.754926 7.0126092 1.205181
60874 38520.0 -2230.0953 3439.6537000000003 -5491.3246 -1.8360511 5.9264308 4.4347484999999995
60874 38940.0 -2735.0595 5471.5427 -3106.9186 -0.5248904 3.5732689 6.7119121999999996
60874 39360.0 -2655.3601000000003 6333.862 -56.390004999999995 0.89711118 0.45911849000000005 7.5489838
60874 39780.0 -2008.9848000000002 5844.580400000001 3006.4082000000003 2.1243985 -2.7450423 6.7710955
60874 40200.0 -935.06522 4111.7378 5428.3565 2.8963924000000003 -5.355461900000001 4.5539775
60874 40620.0 337.22772 1506.853 6696.2412 3.0527764000000004 -6.8245535 1.3751239000000002
60874 41040.0 1538.0897 -1417.0882 6542.2542 2.5622909 -6.8477692 -2.096167
60874 41460.0 2412.5254 -4040.056 4996.7756 1.5255408 -5.4154245 -5.1320504
60874 41880.0 2772.7665 -5801.8085 2383.8339 0.15757377 -2.8187997 -7.0841528
60874 42300.0 2539.2426 -6320.9268 -740.30719 -1.2501177 0.39385407 -7.5204878
60874 42720.0 1760.209 -5482.079 -3704.8013 -2.3917286 3.5278154 -6.3367226
60874 43140.0 602.8189100000001 -3464.8981000000003 -5870.8305 -3.0186553 5.901372500000001 -3.7893491
60874 43560.0 -683.95588 -704.75784 -6775.3747 -2.9967384000000004 7.003271600000001 -0.4343654
60874 43980.0 -1824.2416 2206.3276 -6224.702200000001 -2.3345042 6.606909399999999 3.0082689
60874 44400.0 -2574.6164 4645.906400000001 -4339.6709 -1.1737752000000001 4.7988486 5.8039726
60874 44820.0 -2774.8982 6092.8613 -1524.8108 0.2372128 1.9664215 7.3553288000000006
60874 45240.0 -2382.7743 6239.1174 1616.6496000000002 1.5955708 -1.2813264 7.3314315
60874 45660.0 -1483.0026 5056.2420999999995 4413.1185000000005 2.6108452000000004 -4.2477165 5.7438954
60874 46080.0 -268.15064 2799.2724 6269.9587 3.0694213 -6.3046971 2.9390628000000003
60874 46500.0 1003.5481 -51.061417000000006 6794.3238 2.8769709 -7.0233905000000005 -0.48755140999999996
60874 46920.0 2062.3278999999998 -2890.327 5874.030400000001 2.0731969 -6.2519932 -3.8173436
60874 47340.0 2682.188 -5114.2963 3700.6763 0.823507 -4.1433646 -6.3455143
60874 47760.0 2728.4228 -6244.2480000000005 734.54701 -0.60847809 -1.1370727999999999 -7.5221076
60874 48180.0 2188.9316000000003 -6033.692099999999 -2389.5561000000002 -1.9138181 2.1222056 -7.081303
60874 48600.0 1178.876 -4526.0339 -4998.543 -2.8077228 4.9250934 -5.1147637
60874 49020.0 -84.32427000000001 -2046.5392 -6531.4405 -3.0977278999999998 6.6661041999999995 -2.0522871
60874 49440.0 -1329.3618000000001 871.3482700000001 -6660.5897 -2.7239856000000002 6.9772676 1.447014
60874 49860.0 -2290.174 3603.3829 -5360.3694000000005 -1.767963 5.7953838 4.631257400000001
60874 50280.0 -2761.0701000000004 5564.5632000000005 -2910.3188999999998 -0.4335869 3.3734843999999997 6.8224079
60874 50700.0 -2641.4199 6335.5938 164.02806 0.99264676 0.23188863 7.5496941
60874 51120.0 -1957.628 5753.4980000000005 3203.4014 2.2038178 -2.9518314 6.6608177
60874 51540.0 -856.82886 3945.9751 5559.2735999999995 2.9424995 -5.4975576 4.3552064
60874 51960.0 425.86890999999997 1300.7761 6732.1565 3.0552443 -6.8707535 1.1296952000000002
60874 52380.0 1618.2808 -1620.0991000000001 6474.415599999999 2.5202611000000004 -6.7870097 -2.3356916
60874 52800.0 2467.1013 -4196.799599999999 4838.8865000000005 1.4478225 -5.2598191 -5.313239800000001
60874 53220.0 2790.0447999999997 -5878.844700000001 2169.3847 0.061097492 -2.6019616 -7.1667089
60874 53640.0 2515.8017000000004 -6302.3373 -965.0575500000001 -1.3438722 0.62374757 -7.4861482
60874 54060.0 1701.6356 -5373.1792000000005 -3891.6738 -2.4622389 3.7200437 -6.194351
60874 54480.0 522.17437 -3290.5424 -5980.6648 -3.0514433 6.0154078 -3.5715628
60874 54900.0 -769.34463 -502.83581 -6785.7398 -2.9854025 7.0172963 -0.18447494
60874 55320.0 -1895.9652 2392.4174 -6132.92 -2.2816507 6.5183391 3.2364306000000003
60874 55740.0 -2617.0581 4775.9165 -4164.8237 -1.0894496999999999 4.624686700000001 5.9644485000000005
60874 56160.0 -2778.1292000000003 6137.4364000000005 -1303.1069 0.33636489 1.7406889 7.4136149
60874 56580.0 -2344.8757 6186.0863 1838.3154 1.6886576 -1.5120833 7.2722011
60874 57000.0 -1411.0115 4914.1905 4586.5432 2.677084 -4.4332208 5.5770575000000004
60874 57420.0 -176.79895000000002 2596.4309 6356.4872000000005 3.0935171 -6.4029362 2.6997531
60874 57840.0 1094.9695 -272.39478 6774.1050000000005 2.8531446000000003 -7.0113212 -0.7469484599999999
60874 58260.0 2134.3992000000003 -3083.3002 5750.8451 2.0066448 -6.1314915 -4.0388404
60874 58680.0 2719.8278999999998 -5238.1678 3501.4332000000004 0.7295155600000001 -3.9417801 -6.479493000000001
60874 59100.0 2724.4321 -6274.1093 502.87224 -0.70866277 -0.9003349700000001 -7.540055300000001
60874 59520.0 2145.4393 -5965.9772 -2603.6692000000003 -1.9983408999999999 2.3414732 -6.9818577
60874 59940.0 1106.2855 -4378.2105 -5150.2588 -2.8594845 5.0808339 -4.9226925
60874 60360.0 -170.07047 -1851.9342 -6590.125 -3.1072465000000005 6.7282815000000005 -1.8102846
60874 60780.0 -1411.2482 1073.4856000000002 -6615.802000000001 -2.6878527 6.9329136 1.6971428000000002
60874 61200.0 -2348.5537999999997 3765.4969 -5219.5860999999995 -1.6945804 5.6543818 4.8324016
60874 61620.0 -2783.0902 5651.522599999999 -2702.5382000000004 -0.33655147 3.1621934 6.9347382
60874 62040.0 -2620.981 6325.9282 395.46819 1.0942353 -0.0090110945 7.5474286
60874 62460.0 -1897.2988 5644.991900000001 3408.7151000000003 2.2882911 -3.1723762000000004 6.5398038
60874 62880.0 -767.9234200000001 3757.3831 5692.155900000001 2.9904194000000004 -5.6485927 4.1375607
60874 63300.0 524.8874300000001 1070.1606000000002 6761.0092 3.0543261000000004 -6.915441700000001 0.86132233
60874 63720.0 1706.3025 -1844.4215000000002 6390.4340999999995 2.4697536 -6.7125906 -2.5939672999999996
60874 64140.0 2525.348 -4367.2074 4659.2845 1.3593964 -5.0825227 -5.5011782
60874 64560.0 2806.8838 -5960.35 1933.9648000000002 -0.044013595 -2.3641697 -7.240940800000001
60874 64980.0 2489.3392999999996 -6281.1451 -1204.7774 -1.4412771 0.8657121 -7.4335361
60874 65400.0 1639.5485 -5258.9552 -4085.2906000000003 -2.531651 3.9132185 -6.032598200000001
60874 65820.0 439.16559 -3112.3094 -6090.0196 -3.0802891 6.1224806 -3.3396788
60874 66240.0 -855.0842 -300.65954 -6790.0506 -2.9706019 7.0225644 0.067030963
60874 66660.0 -1966.9259 2575.6714 -6035.9182 -2.2254758000000003 6.421220099999999 3.461678
60874 67080.0 -2657.6642 4899.915400000001 -3987.8232000000003 -1.002965 4.444639100000001 6.1179642
60874 67500.0 -2778.9225 6174.3451 -1082.4664 0.43627746 1.512901 7.4639773
60874 67920.0 -2304.4473 6125.1709 2055.6722 1.7815352 -1.7420223000000001 7.2058816
60874 68340.0 -1337.1155 4765.9232999999995 4752.8417 2.742238 -4.615673 5.4036307
60874 68760.0 -84.093102 2388.9282000000003 6433.372 3.1160322000000003 -6.4967708 2.4551343
60874 69180.0 1186.9058 -496.22821999999996 6742.2793 2.8268277 -6.9933011 -1.0102659
60874 69600.0 2205.7059 -3275.9044 5614.8728 1.9365366 -6.003357200000001 -4.2617201
60874 70020.0 2755.0714 -5358.2889000000005 3289.6056000000003 0.63134389 -3.731624 -6.6106683
60874 70440.0 2715.5704 -6295.1501 260.17207 -0.81276557 -0.65616063 -7.5521409
60874 70860.0 2095.7267 -5886.8294000000005 -2825.3055 -2.0851345 2.5653491 -6.8718525
60874 71280.0 1027.1573 -4218.1165 -5304.351 -2.9103697000000004 5.235543 -4.7176982
60874 71700.0 -261.06513 -1647.4635 -6646.2439 -3.1124845 6.782859800000001 -1.5564162
60874 72120.0 -1493.5916000000002 1275.0634 -6565.1156 -2.6500252 6.8809762 1.9356411
60874 72540.0 -2407.185 3925.26 -5078.3327 -1.6209518 5.508945300000001 5.0158836
60874 72960.0 -2806.0531 5736.040900000001 -2502.8997000000004 -0.24344466 2.956048 7.0246159
60874 73380.0 -2604.2173 6318.8793 609.79648 1.1869531 -0.23104873 7.5266011
60874 73800.0 -1845.0175 5549.3067 3591.4763 2.3614788 -3.3635888 6.4155122
60874 74220.0 -691.55411 3594.3944 5804.9977 3.0297395000000003 -5.7715795 3.935642
60874 74640.0 609.0714499999999 874.5718800000001 6779.7367 3.0514959 -6.9449322 0.62273805
60874 75060.0 1780.2719 -2031.1806000000001 6309.6997 2.4246214 -6.6414691999999995 -2.8206963000000003
60874 75480.0 2572.7992000000004 -4504.8205 4494.3106 1.2803652 -4.923396800000001 -5.668123400000001
60874 75900.0 2816.9955 -6018.4717 1718.3535 -0.14061446000000002 -2.1488222 -7.3096445
60874 76320.0 2458.9064 -6245.2 -1425.3973 -1.5338034 1.0895668 -7.3870353
60874 76740.0 1574.8371000000002 -5136.0365 -4263.3525 -2.5992585 4.0956805 -5.8803004
60874 77160.0 354.06665999999996 -2928.8653 -6187.5683 -3.1080393 6.2229001 -3.1161574
60874 77580.0 -942.32716 -96.36822900000001 -6787.3539 -2.9530578999999997 7.019904 0.31181756
60874 78000.0 -2037.6183999999998 2756.6421 -5934.7695 -2.1675678 6.3185417 3.6746801000000002
60874 78420.0 -2697.4709 5020.4726 -3810.6445 -0.91699737 4.2645173000000005 6.255702599999999
60874 78840.0 -2779.8696 6209.4851 -868.80502 0.5320273200000001 1.2936694 7.4970598
60874 79260.0 -2266.7144 6068.2529 2259.8026 1.8667146000000001 -1.9533734 7.1282723
60874 79680.0 -1265.923 4621.646900000001 4901.1233 2.8033658999999997 -4.7839899 5.235115700000001
60874 80100.0 6.1426607 2184.6125 6489.1395999999995 3.1398957999999997 -6.5912169 2.2162259
60874 80520.0 1277.7643 -719.22521 6692.8103 2.7967968 -6.9742631 -1.2907828
60874 80940.0 2273.8967000000002 -3466.5717000000004 5453.956099999999 1.8592981 -5.8690123000000005 -4.5045947
60874 81360.0 2783.06 -5471.4268 3044.3705 0.52045343 -3.5026167999999998 -6.7605617
60874 81780.0 2694.9967 -6302.121700000001 -20.125071000000002 -0.93220967 -0.38059062 -7.5647603
60874 82200.0 2028.4208999999998 -5780.0797999999995 -3080.4696000000004 -2.1834742 2.8199292999999996 -6.7413903
60874 82620.0 927.7495600000001 -4021.2043 -5480.2161 -2.9633694 5.4064135 -4.4745313
60874 83040.0 -371.18676 -1403.4271 -6707.0013 -3.1097844 6.832316700000001 -1.2628756
60874 83460.0 -1591.2843 1512.907 -6503.960900000001 -2.5951212 6.8036498000000005 2.2117443
60874 83880.0 -2473.2434 4107.6981000000005 -4915.2207 -1.5283334 5.3283585 5.2171781
60874 84300.0 -2828.7635 5828.077700000001 -2277.6569 -0.13326509 2.7140409 7.114807
60874 84720.0 -2580.4077 6304.1563 846.90728 1.2935223 -0.48582177000000004 7.493810900000001
60874 85140.0 -1780.8142 5433.6073 3790.2685 2.4446862 -3.5840447 6.266317600000001
60874 85560.0 -600.64439 3401.8924 5921.526400000001 3.0728095 -5.9143948 3.6976933
60874 85980.0 707.80097 643.77228 6785.066 3.044544 -6.9805846 0.33947838
60875 0.0 1865.0707 -2251.7068 6195.990900000001 2.365964 -6.5565474 -3.0936373
60875 420.0 2624.8111000000004 -4667.7083 4281.445900000001 1.1785333 -4.7249965000000005 -5.8674422999999996
60875 840.0 2821.1845 -6081.4178 1446.8866 -0.26146415 -1.8826151 -7.3858131
60875 1260.0 2413.0696000000003 -6192.1271 -1698.6784 -1.6463479 1.3647208000000002 -7.3190784
60875 1680.0 1487.2955 -4974.2997000000005 -4478.3514000000005 -2.6783324 4.317751599999999 -5.6845953
60875 2100.0 240.83059 -2685.821 -6295.5131 -3.138836 6.350688 -2.8302777000000003
60875 2520.0 -1056.0122 173.11395000000002 -6766.5601 -2.9237269 7.0140948 0.62726797
60875 2940.0 -2127.199 2994.9577000000004 -5788.0606 -2.0844393 6.1788663 3.9469618
60875 3360.0 -2744.1040000000003 5177.191900000001 -3570.1174 -0.7997061200000001 4.0235947 6.4221494
60875 3780.0 -2774.8045 6253.4678 -587.3776 0.65611466 1.0083739 7.5220424999999995
60875 4200.0 -2212.9818999999998 5994.4422 2521.1785 1.970167 -2.2181763 7.011445
60875 4620.0 -1179.3665 4457.6878 5091.3687 2.8617596 -4.9648639 5.0058757
60875 5040.0 104.97397000000001 1973.3851000000002 6576.5453 3.1434279000000003 -6.650682300000001 1.9389699
60875 5460.0 1367.0377 -929.7835699999999 6662.1105 2.7576671000000004 -6.924019100000001 -1.5395340000000002
60875 5880.0 2338.5369 -3635.1437 5328.4093 1.7841195 -5.724522200000001 -4.6979568
60875 6300.0 2811.361 -5565.353099999999 2855.3482000000004 0.4250546 -3.2962797 -6.8631825
60875 6720.0 2682.1965 -6303.5307 -229.86219 -1.0297105 -0.15299937 -7.5600014
60875 7140.0 1977.3419 -5688.692900000001 -3265.5268 -2.2653951 3.02737 -6.6303295
60875 7560.0 848.02397 -3852.7516 -5598.496400000001 -3.0137811 5.5546486 -4.2760818
60875 7980.0 -462.92439 -1191.4806 -6728.7201 -3.1156438 6.8878026000000006 -1.0095752
60875 8400.0 -1675.1086 1724.9728 -6416.630400000001 -2.5516504 6.7471999 2.4679533
60875 8820.0 -2529.4651000000003 4272.9537 -4730.1643 -1.4426786 5.1652489 5.4163899
60875 9240.0 -2843.3905 5907.970200000001 -2030.3119 -0.024970551 2.4787902 7.2054577
60875 9660.0 -2549.7701 6280.6485 1104.7058000000002 1.3974235000000002 -0.735832 7.4504613
60875 10080.0 -1712.049 5313.1111 4003.4768 2.5190073 -3.7869677999999998 6.1025432
60875 10500.0 -509.79332 3214.4252 6048.0519 3.1020416 -6.0246984 3.4579211
60875 10920.0 800.7452099999999 433.09434000000005 6805.001 3.0258119000000003 -6.9802515000000005 0.081421325
60875 11340.0 1941.2476000000001 -2440.0544 6113.443700000001 2.3065717 -6.4535882 -3.3162516
60875 11760.0 2668.5462 -4793.594099999999 4117.5881 1.0929897000000002 -4.5488802999999995 -6.0167937
60875 12180.0 2825.5381 -6122.372200000001 1240.0226 -0.35946323 -1.6628532 -7.436986200000001
60875 12600.0 2376.7877000000003 -6138.5978 -1904.06 -1.7387009 1.5877539 -7.2602867
60875 13020.0 1417.7186000000002 -4836.8648 -4638.2703 -2.7445845 4.4971128 -5.5212186
60875 13440.0 154.53981 -2497.7624 -6375.3148 -3.1605183 6.4372677000000005 -2.6000726
60875 13860.0 -1141.8153 375.99943 -6744.736400000001 -2.9000101 6.9973894 0.87207445
60875 14280.0 -2194.2402 3169.4284 -5669.500099999999 -2.0204335 6.062723699999999 4.1544722
60875 14700.0 -2778.0663 5285.9968 -3380.2497000000003 -0.70907088 3.8327355 6.5479975999999995
60875 15120.0 -2768.4697 6273.402700000001 -366.89806 0.75386 0.78375619 7.5393172999999996
60875 15540.0 -2167.8226 5921.411400000001 2725.0476000000003 2.0540306999999998 -2.4283744 6.9166754
60875 15960.0 -1105.127 4307.445900000001 5235.1681 2.9139566 -5.1158348 4.8199426
60875 16380.0 192.45598 1778.0005 6629.831 3.1532038 -6.710901300000001 1.701615
60875 16800.0 1449.199 -1128.8295 6613.5402 2.7229819 -6.8808609 -1.778533
60875 17220.0 2397.882 -3795.4671000000003 5188.0745 1.7120775000000001 -5.5865253 -4.8879658
60875 17640.0 2835.0406000000003 -5652.4148 2652.7731000000003 0.33069758000000005 -3.0923523 -6.963306800000001
60875 18060.0 2665.0299 -6298.519 -451.30147999999997 -1.126202 0.07336991000000001 -7.547773500000001
60875 18480.0 1922.9463 -5592.552 -3458.1781 -2.3428842 3.2268882 -6.5080129
60875 18900.0 768.12699 -3686.2488 -5720.9987 -3.0555189 5.6840495 -4.0706026
60875 19320.0 -551.24822 -990.33687 -6755.2672 -3.1128662 6.9195353 -0.76590797
60875 19740.0 -1752.9011 1917.4785 -6341.911099999999 -2.5052479 6.6752257 2.6977447000000003
60875 20160.0 -2580.214 4415.842900000001 -4570.598400000001 -1.3626572000000001 5.0053193 5.5832979
60875 20580.0 -2856.3967000000002 5971.013900000001 -1820.413 0.071431219 2.2654805000000002 7.2739038
60875 21000.0 -2522.4795 6250.8333 1319.7786 1.4893636 -0.9564811 7.4064599
60875 21420.0 -1650.4859 5197.2811 4177.9061 2.5871345000000003 -3.968027 5.9565399
60875 21840.0 -427.21006 3037.7365 6144.9158 3.1322899000000004 -6.128415100000001 3.2412457
60875 22260.0 886.82964 233.16043 6803.8409 3.0119207 -6.9852602 -0.1603783
60875 22680.0 2012.5363 -2620.7497000000003 6014.348900000001 2.2512124 -6.3585255 -3.5324078
60875 23100.0 2709.7457000000004 -4916.4682 3941.3738 1.0074944000000001 -4.373225000000001 -6.1611722
60875 23520.0 2827.7231 -6160.9923 1024.3783 -0.45686787 -1.4436341 -7.477601300000001
60875 23940.0 2339.2906000000003 -6084.273 -2112.9408 -1.8267531 1.8029371 -7.1880154
60875 24360.0 1348.6321 -4701.3278 -4795.46 -2.8042039 4.6615443 -5.3519281
60875 24780.0 68.685983 -2310.1416 -6447.2017000000005 -3.1791092 6.5159465 -2.3705205
60875 25200.0 -1226.0166000000002 575.38814 -6716.063 -2.8737763 6.973927300000001 1.1126626000000002
60875 25620.0 -2258.8236 3338.0265 -5546.4682 -1.9549255 5.9422164 4.355074
60875 26040.0 -2809.192 5387.7543 -3189.128 -0.61813638 3.6407199 6.6656851
60875 26460.0 -2759.4209 6286.5325 -148.61108 0.85071063 0.5615029500000001 7.5485729
60875 26880.0 -2120.5455 5843.2762 2923.7468 2.1359907 -2.632991 6.8159159
60875 27300.0 -1029.7127 4154.8954 5371.924400000001 2.9636468000000002 -5.259350400000001 4.6311883
60875 27720.0 279.99690999999996 1583.567 6675.647900000001 3.1602274 -6.7633019999999995 1.4651117
60875 28140.0 1530.2872 -1323.8431 6558.6463 2.685736 -6.8311367 -2.0129961
60875 28560.0 2455.1904 -3949.5506 5043.9335 1.6380888 -5.4447745 -5.0707883
60875 28980.0 2856.0389 -5732.241599999999 2449.7034 0.23557809000000002 -2.8881397000000004 -7.0552077
60875 29400.0 2645.1544 -6286.870900000001 -669.8328100000001 -1.2220601999999998 0.29661464000000004 -7.527862900000001
60875 29820.0 1866.3635 -5491.715700000001 -3645.1105000000002 -2.4185737 3.4204539 -6.3802317
60875 30240.0 686.9814100000001 -3517.9176 -5836.1302000000005 -3.0946813000000004 5.80598 -3.8630393
60875 30660.0 -640.2335300000001 -788.86894 -6773.219900000001 -3.1069073 6.9462098 -0.51439386
60875 31080.0 -1829.758 2107.8448 -6255.7535 -2.4549287 6.5980569 2.9342624
60875 31500.0 -2628.0617 4553.9893 -4396.837500000001 -1.2769581 4.8376417 5.7569101
60875 31920.0 -2863.6491 6025.0378 -1593.9777 0.17566064 2.0394065 7.3459694
60875 32340.0 -2485.9289 6205.773700000001 1551.3171000000002 1.5898424 -1.1937008 7.3574919
60875 32760.0 -1576.8248999999998 5060.0426 4364.1748 2.6608074000000004 -4.163338800000001 5.7937471
60875 33180.0 -331.34843 2835.3239 6244.71 3.1621462 -6.237084100000001 3.0001332000000005
60875 33600.0 984.6158800000001 8.1362952 6795.1416 2.9910608 -6.9821528 -0.42597
60875 34020.0 2091.5741000000003 -2820.7102000000004 5899.4451 2.1845735 -6.244678700000001 -3.7629254999999997
60875 34440.0 2753.6955000000003 -5049.5195 3746.1477000000004 0.9104488199999999 -4.174999700000001 -6.3059444000000004
60875 34860.0 2827.8011 -6199.9583 791.18445 -0.5630189299999999 -1.205522 -7.507712300000001
60875 35280.0 2296.901 -6023.8781 -2333.2894 -1.9191712 2.0292755 -7.0983067
60875 35700.0 1273.7316 -4556.8116 -4956.3826 -2.8639837000000004 4.8289055 -5.1639962
60875 36120.0 -22.20859 -2113.9827 -6515.3646 -3.1946547 6.5913113 -2.1247219
60875 36540.0 -1313.3155 780.6081300000001 -6677.5937 -2.8423105 6.9431897000000005 1.3660782999999999
60875 36960.0 -2323.8897 3508.6371000000004 -5408.9841 -1.8822502 5.810956600000001 4.5653546
60875 37380.0 -2837.4274 5486.2057 -2980.3893 -0.51837634 3.434051 6.788428
60875 37800.0 -2743.6011000000003 6289.448200000001 87.907071 0.9568887 0.32143918000000005 7.555242000000001
60875 38220.0 -2062.8007 5747.1631 3137.4115 2.2252651 -2.854662 6.7023503
60875 38640.0 -941.5217600000001 3978.0015000000003 5516.1170999999995 3.015903 -5.4134269 4.4202024
60875 39060.0 380.03994 1362.7458000000001 6718.490900000001 3.1632863 -6.8142504 1.2026660999999998
60875 39480.0 1620.9509 -1541.8828999999998 6490.6683 2.6389187 -6.7672208000000005 -2.2681682999999997
60875 39900.0 2517.4497 -4118.7825 4880.4248 1.5522338 -5.2806834 -5.2619256
60875 40320.0 2877.6916 -5818.3237 2227.7691 0.13036829 -2.6615729000000004 -7.1397859
60875 40740.0 2622.7216000000003 -6273.7503 -901.71717 -1.3231774 0.53398876 -7.4908152
60875 41160.0 1806.0527 -5385.578 -3837.5558 -2.4947887 3.6183269 -6.2334586
60875 41580.0 602.58261 -3344.0705000000003 -5949.4453 -3.1313565 5.9253587 -3.6396922
60875 42000.0 -729.77927 -587.42233 -6785.6762 -3.0977571 6.9627795 -0.26924869
60875 42420.0 -1906.1745 2294.6945 -6167.8635 -2.4022639 6.5122374 3.1581879
60875 42840.0 -2675.06 4686.2033 -4227.9113 -1.1920786 4.6680567 5.9119297
60875 43260.0 -2871.3174 6074.548 -1380.5061 0.27468097 1.8223078000000001 7.3992886
60875 43680.0 -2452.73 6162.172500000001 1763.4747 1.6819157 -1.4120135 7.2979702
60875 44100.0 -1509.9470000000001 4932.8419 4529.6260999999995 2.7264771000000003 -4.3368417 5.6339528
60875 44520.0 -245.0085 2651.3927000000003 6327.749400000001 3.18757 -6.3291392 2.7744088000000002
60875 44940.0 1072.0581000000002 -193.63523999999998 6777.607400000001 2.970738 -6.973448 -0.67069353
60875 45360.0 2161.386 -2997.4447999999998 5784.1157 2.1223451 -6.1360432000000005 -3.9754942
60875 45780.0 2790.6307 -5163.0497000000005 3556.5381 0.81899138 -3.9881194 -6.440402
60875 46200.0 2823.4692000000005 -6224.9897 567.55764 -0.66389171 -0.9804863500000001 -7.5337036
60875 46620.0 2252.0753 -5954.846500000001 -2543.3964 -2.0075213 2.2438206000000003 -7.0090565
60875 47040.0 1197.9687 -4408.38 -5107.8541 -2.9201986000000004 4.9853843 -4.9791984000000005
60875 47460.0 -112.40558 -1918.834 -6576.5477 -3.2065794999999997 6.6552298 -1.8858586000000002
60875 47880.0 -1398.8834 980.99027 -6636.0612 -2.808272 6.9025776 1.6071506
60875 48300.0 -2386.7068 3671.3795 -5274.8412 -1.8099390000000002 5.6756053 4.757116600000001
60875 48720.0 -2864.4500000000003 5577.0725999999995 -2783.3588 -0.42332868 3.2333949 6.8908844
60875 49140.0 -2729.4214 6289.6758 305.17447 1.0545463 0.098199698 7.5475408
60875 49560.0 -2010.7416 5657.245 3328.2023 2.3050252 -3.0534389 6.5868193
60875 49980.0 -862.71927 3817.108 5639.618 3.0612988 -5.5467676 4.2212436
60875 50400.0 468.84785 1164.7742 6747.909900000001 3.1646376000000003 -6.8542793 0.96143809
60875 50820.0 1700.7866000000001 -1735.0825 6418.5614000000005 2.5954854000000003 -6.7045889 -2.5017894000000003
60875 51240.0 2570.9547000000002 -4265.7458 4720.6314 1.4724359999999999 -5.1268298 -5.4380816
60875 51660.0 2892.7641000000003 -5886.7978 2012.4888 0.030473675000000002 -2.4473012 -7.2195027000000005
60875 52080.0 2595.4322 -6247.528 -1126.4053999999999 -1.4208996999999999 0.76173018 -7.4543101
60875 52500.0 1742.0937 -5269.8455 -4023.3028 -2.5683973 3.8088256 -6.087930500000001
60875 52920.0 515.76799 -3163.859 -6056.5033 -3.1648470000000004 6.0366572 -3.4178929
60875 53340.0 -820.85627 -381.55262 -6791.7302 -3.0845182 6.9717164 -0.020212764
60875 53760.0 -1982.2898 2482.3217999999997 -6072.91 -2.3455171 6.417836 3.3810224
60875 54180.0 -2720.239 4815.8285000000005 -4053.3053 -1.1042475 4.4913629 6.0613001
60875 54600.0 -2876.3105 6119.1716 -1164.4253999999999 0.37475395 1.6016209 7.4440207
60875 55020.0 -2416.8609 6113.120900000001 1974.5078 1.7729885 -1.6296004000000002 7.2294798
60875 55440.0 -1440.8513 4800.5703 4690.567 2.789635 -4.5058343999999995 5.4682531
60875 55860.0 -157.71279 2464.7594 6404.394200000001 3.2095889000000004 -6.414566600000001 2.5458086
60875 56280.0 1158.9888 -395.12277 6753.2442 2.9469634 -6.9573938 -0.91456125
60875 56700.0 2229.3503 -3170.9300000000003 5663.1367 2.0573496000000002 -6.0209529 -4.1833479
60875 57120.0 2824.8179 -5271.059 3363.8907999999997 0.72625915 -3.7974126999999998 -6.5673086000000005
60875 57540.0 2817.0629 -6245.2424 345.16754 -0.76394164 -0.7551987 -7.549131
60875 57960.0 2206.018 -5882.0632000000005 -2748.1616000000004 -2.0928297 2.4533692 -6.9114119
60875 58380.0 1122.4562 -4258.9802 -5251.358 -2.9727122 5.1341013 -4.790927
60875 58800.0 -201.17286 -1725.0767 -6628.4817 -3.2158467 6.7129033 -1.6477711
60875 59220.0 -1481.949 1177.4001 -6586.2238 -2.7722971 6.8572764 1.8450893000000002
60875 59640.0 -2446.327 3828.4624 -5133.9682 -1.7362139 5.5369025 4.944919
60875 60060.0 -2887.7677000000003 5661.077 -2581.4324 -0.32726449 3.0302936000000003 6.9885129
60875 60480.0 -2711.2374 6282.2343 525.01932 1.1524928 -0.12619278 7.533591400000001
60875 60900.0 -1954.7154 5559.461700000001 3518.7245000000003 2.3838367 -3.2509122 6.4640941000000005
60875 61320.0 -780.671 3649.5922 5759.904500000001 3.1040721 -5.675061800000001 4.0159166
60875 61740.0 559.52522 963.03953 6772.0846 3.1621916000000003 -6.8859676 0.71737563
60875 62160.0 1780.8213 -1928.2239 6341.1539 2.5481398 -6.6326493 -2.7326177
60875 62580.0 2623.2779 -4409.157200000001 4557.928400000001 1.3902369 -4.9662303 -5.6058866
60875 63000.0 2906.4965 -5950.287200000001 1799.7733 -0.06854308299999999 -2.2329061 -7.2868104
60875 63420.0 2567.8327999999997 -6217.865900000001 -1343.52 -1.5149740999999999 0.9824726 -7.4076032
60875 63840.0 1679.5857 -5154.5831 -4198.432 -2.6375997000000004 3.9882654000000004 -5.9387581
60875 64260.0 432.0245 -2988.6868 -6152.960099999999 -3.1949526 6.1373549 -3.1994086000000004
60875 64680.0 -907.88546 -184.38701 -6789.8989 -3.0696146 6.9736053 0.22114353
60875 65100.0 -2054.047 2659.2580000000003 -5973.741 -2.288903 6.3211641 3.5949463
60875 65520.0 -2761.3776000000003 4934.677900000001 -3878.0372 -1.0175629 4.316127900000001 6.203145900000001
60875 65940.0 -2877.8194 6154.0830000000005 -950.40265 0.47341451 1.3842596 7.483306
60875 66360.0 -2378.1105000000002 6055.924400000001 2181.4674 1.8625850000000002 -1.8429760000000002 7.1570349
60875 66780.0 -1368.8928999999998 4660.6414 4845.8607 2.8525151 -4.6737384 5.296832500000001
60875 67200.0 -67.800723 2271.1989 6472.9119 3.2305717 -6.4973884 2.3110508
60875 67620.0 1247.7931 -601.90053 6718.197 2.9205771 -6.9359522 -1.1641054
60875 68040.0 2297.73 -3346.7686000000003 5529.6147 1.9881444 -5.897410700000001 -4.3937859
60875 68460.0 2857.4114 -5377.362700000001 3158.6576 0.62877534 -3.5970087 -6.6913337
60875 68880.0 2808.9934 -6264.0921 112.1527 -0.86716481 -0.52160906 -7.5507904
60875 69300.0 2157.5074 -5805.6840999999995 -2957.507 -2.1773012 2.6619986 -6.798882
60875 69720.0 1045.5172 -4108.0219 -5393.91 -3.0214140000000005 5.2744822000000005 -4.5921068
60875 70140.0 -289.50601 -1534.1737 -6676.9665 -3.22037 6.759159800000001 -1.4068827000000002
60875 70560.0 -1562.8378 1366.5787 -6533.3115 -2.7329236000000003 6.8030912 2.079053
60875 70980.0 -2502.5621 3975.3357 -4991.968400000001 -1.6609999 5.3946194 5.126839299999999
60875 71400.0 -2910.0254 5738.400900000001 -2386.5319 -0.23084390999999999 2.8254132 7.074164700000001
60875 71820.0 -2692.3561 6268.8141 733.21174 1.2490186 -0.34634801 7.5118863000000005
60875 72240.0 -1898.6207 5458.0285 3695.9177999999997 2.4617302 -3.4439647 6.3386509
60875 72660.0 -698.9422099999999 3480.3583 5866.5153 3.1468639 -5.8013443 3.8099263999999997
60875 73080.0 649.97103 759.85531 6781.9087 3.1598168 -6.9178624 0.47027128
60875 73500.0 1860.2902 -2122.6624 6247.3387999999995 2.4988172 -6.5589892 -2.969837
60875 73920.0 2673.6046 -4552.1988 4376.0297 1.302856 -4.7982604 -5.7794519
60875 74340.0 2915.1277000000005 -6008.0976 1566.7417 -0.17424003 -2.0072474 -7.3542379
60875 74760.0 2532.4087000000004 -6177.4676 -1578.8948 -1.6148501000000002 1.215113 -7.3511052
60875 75180.0 1606.5168999999999 -5021.0967 -4382.6056 -2.7105212 4.1774943 -5.7750185
60875 75600.0 335.68711 -2789.139 -6250.4525 -3.2247429000000003 6.243372900000001 -2.9580299
60875 76020.0 -1006.0199 36.921198 -6779.0183 -3.0481556000000003 6.9689509 0.48582689
60875 76440.0 -2133.0777000000003 2855.1034 -5857.138900000001 -2.2212207 6.2070486 3.8241651
60875 76860.0 -2804.7872 5063.7432 -3681.6527 -0.9189527500000001 4.118575 6.346855
60875 77280.0 -2877.0827000000004 6190.1888 -717.2980500000001 0.5810844100000001 1.1475283 7.5114600000000005
60875 77700.0 -2334.1869 5993.0628 2400.9056 1.9561685 -2.0669636000000002 7.06653
60875 78120.0 -1292.3277 4515.2063 5005.505 2.9118682 -4.8353236 5.1117482
60875 78540.0 24.516775000000003 2076.3567 6541.3633 3.2450203 -6.567065700000001 2.0700637000000004
60875 78960.0 1336.1993 -804.06554 6682.6957999999995 2.8879780999999998 -6.900875699999999 -1.4092813000000002
60875 79380.0 2363.688 -3513.3846000000003 5399.269700000001 1.9157393999999999 -5.7663116 -4.592468200000001
60875 79800.0 2887.0759 -5473.1968 2962.0337999999997 0.53180107 -3.3978877000000005 -6.8026376
60875 80220.0 2794.4116000000004 -6264.9861 -108.45058 -0.96830562 -0.29812509 -7.5565174
60875 80640.0 2103.2580000000003 -5715.1809 -3156.1714 -2.2629508 2.8686587 -6.6910816
60875 81060.0 962.1203399999999 -3942.6762000000003 -5526.9321 -3.071984 5.4175472000000005 -4.3932464
60875 81480.0 -384.55602000000005 -1328.1323 -6714.5353 -3.2241725999999997 6.805967 -1.1599359999999999
60875 81900.0 -1649.2619 1569.6457 -6466.5671 -2.6888435 6.7423343000000004 2.3192911
60875 82320.0 -2562.1572 4132.5053 -4835.627 -1.578903 5.239408 5.306331699999999
60875 82740.0 -2927.5505000000003 5812.2682 -2168.6728 -0.12899884 2.6129126 7.1613685
60875 83160.0 -2666.4052 6248.089400000001 963.45975 1.3498537 -0.57536715 7.4809009
60875 83580.0 -1833.5964 5344.069 3887.5564 2.5388679 -3.6366074 6.2007233
60875 84000.0 -606.2206600000001 3291.5750000000003 5977.460599999999 3.1877399 -5.9267789 3.5897254
60875 84420.0 749.39297 539.53248 6789.4145 3.1502268 -6.939004700000001 0.20929453
60875 84840.0 1945.1123 -2328.0422000000003 6147.6281 2.4401988 -6.4678496 -3.2093769
60875 85260.0 2725.6365 -4698.689 4190.1547 1.2088809 -4.6154991 -5.9422676
60875 85680.0 2923.9902 -6065.7426 1335.3410000000001 -0.28162457 -1.7756307 -7.4041081
60875 86100.0 2497.6097999999997 -6136.8418 -1805.6346 -1.7113562 1.4422275 -7.2799893
60876 120.0 1538.0631 -4898.0551 -4560.6051 -2.7736302999999998 4.346596 -5.600440300000001
60876 540.0 251.13693 -2616.6998 -6342.228099999999 -3.2433929 6.3194496000000004 -2.7304292
60876 960.0 -1089.1888000000001 220.71849 -6772.6737 -3.0236166 6.947583400000001 0.71792778
60876 1380.0 -2197.9862000000003 3011.0597000000002 -5760.0382 -2.1603288 6.0986572 4.018049
60876 1800.0 -2838.4601000000002 5159.7032 -3517.1715 -0.83292359 3.944969 6.469450300000001
60876 2220.0 -2872.2909 6205.3263 -521.42643 0.67701018 0.9397055000000001 7.539123
60876 2640.0 -2290.2142999999996 5920.464599999999 2586.7271 2.044303 -2.2717666 6.9904394000000005
60876 3060.0 -1217.0534 4366.2063 5138.9259 2.9724275 -4.9937737 4.9403629
60876 3480.0 116.6844 1877.1569 6587.8967999999995 3.263118 -6.6426074 1.8352626
60876 3900.0 1425.5921 -1013.169 6625.5832 2.8565226 -6.8705753000000005 -1.6584761000000001
60876 4320.0 2430.1056000000003 -3687.1895 5244.7285999999995 1.8397715000000001 -5.6311308 -4.7974208
60876 4740.0 2915.3603 -5573.3149 2740.2797 0.42869107 -3.1865436000000003 -6.9111496
60876 5160.0 2777.2039 -6267.652900000001 -351.76203000000004 -1.0745221 -0.059693171999999996 -7.5437177
60876 5580.0 2045.6067 -5622.6348 -3368.3254 -2.3461038 3.0753711 -6.5601234
60876 6000.0 877.46483 -3777.9601000000002 -5664.9744 -3.1148453 5.5474172 -4.178662500000001
60876 6420.0 -477.35078000000004 -1129.6683 -6753.5858 -3.2198350000000002 6.834899500000001 -0.91182507
60876 6840.0 -1730.7408 1758.5962 -6403.5651 -2.6405357 6.669759600000001 2.5490609
60876 7260.0 -2615.8821000000003 4272.536400000001 -4687.867700000001 -1.4973335 5.083354000000001 5.4740021
60876 7680.0 -2942.003 5873.4273 -1967.5387 -0.029485001 2.404179 7.2382094
60876 8100.0 -2638.5072000000005 6217.0819 1174.2545 1.4486842 -0.7984238100000001 7.448741200000001
60876 8520.0 -1768.9652 5226.987 4063.478 2.6161772 -3.8298258 6.0574015
60876 8940.0 -520.09157 3116.0257 6079.001700000001 3.2218539 -6.036898 3.3678779
60876 9360.0 840.08612 337.25185 6787.185 3.1393086 -6.952667000000001 -0.037681565
60876 9780.0 2021.4388999999999 -2514.1258 6044.1536 2.3837348 -6.3779332 -3.4356391
60876 10200.0 2770.4975 -4827.812900000001 4005.012 1.1182079 -4.4388692 -6.0972207
60876 10620.0 2926.983 -6108.847 1106.8662 -0.38646428 -1.5504529 -7.4512095
60876 11040.0 2457.79 -6084.0667 -2028.7216 -1.8065367 1.664929 -7.2078037
60876 11460.0 1464.3055 -4761.6176 -4730.825400000001 -2.8378031999999997 4.516363500000001 -5.4261384
60876 11880.0 159.41719 -2426.7501 -6424.7176 -3.2633674000000004 6.4001129 -2.4950482000000003
60876 12300.0 -1179.3143 422.85328000000004 -6752.4637999999995 -2.996419 6.924409 0.9626938300000001
60876 12720.0 -2267.7996000000003 3182.5764 -5644.0848 -2.0926333 5.9789620999999995 4.2213255
60876 13140.0 -2873.7373 5264.9758 -3331.8916000000004 -0.73904795 3.7547363000000002 6.5903789
60876 13560.0 -2865.5962999999997 6222.035400000001 -306.49757 0.77818979 0.71774626 7.5545222
60876 13980.0 -2243.1213 5845.119 2784.7379 2.1320468 -2.4804047999999996 6.8956397
60876 14400.0 -1139.2603000000001 4213.7334 5276.722900000001 3.0281814 -5.1456569 4.7536433
60876 14820.0 208.90887 1678.7933 6634.4368 3.2743314 -6.704473200000001 1.5942576
60876 15240.0 1512.7666000000002 -1216.3695 6568.2465999999995 2.8192738 -6.8264546 -1.9046856
60876 15660.0 2492.6105000000002 -3850.477 5092.8246 1.7616061 -5.4883377 -4.9928808
60876 16080.0 2939.2617999999998 -5660.8563 2525.0388 0.32651694 -2.9754081 -7.0112712
60876 16500.0 2757.1153 -6260.2528 -584.52263 -1.1777687000000001 0.17254501 -7.5253948
60876 16920.0 1985.9763 -5522.3286 -3568.9822000000004 -2.4272351 3.2763787000000004 -6.4285093
60876 17340.0 791.6129300000001 -3607.7934 -5791.6338 -3.1565239000000003 5.673394900000001 -3.9647275
60876 17760.0 -570.8874000000001 -927.11041 -6781.3629 -3.2143235 6.8608288 -0.66366254
60876 18180.0 -1812.2942 1950.1517 -6329.161099999999 -2.5901546 6.5927863 2.7789485
60876 18600.0 -2668.6346000000003 4412.911 -4529.1404 -1.4130046 4.921079 5.6387813
60876 19020.0 -2955.7343 5934.3051 -1760.6525000000001 0.071163324 2.1905848999999997 7.303114
60876 19440.0 -2610.2092000000002 6185.311 1385.1216000000002 1.5446824 -1.018307 7.4025354
60876 19860.0 -1704.7797 5109.4192 4232.8793 2.6880619 -4.0112885 5.9095828
60876 20280.0 -433.67398 2937.6572 6170.544900000001 3.2540283 -6.1409003 3.1487608000000002
60876 20700.0 931.0015999999999 134.33079999999998 6780.2407 3.1230943000000004 -6.9565707 -0.2921958
60876 21120.0 2095.7852 -2695.21 5938.245400000001 2.320833 -6.2750276000000005 -3.6646053000000003
60876 21540.0 2815.1797 -4953.6840999999995 3825.3881 1.0210799 -4.2463237 -6.242507400000001
60876 21960.0 2928.02 -6144.1775 888.1937700000001 -0.494057 -1.3184694 -7.489324
60876 22380.0 2414.5843999999997 -6020.5279 -2239.677 -1.9032717000000001 1.8896652 -7.1336694
60876 22800.0 1382.8805 -4603.7055 -4882.6798 -2.9106663 4.7032395 -5.2540495
60876 23220.0 55.351097 -2204.2482000000005 -6485.1954000000005 -3.2917357000000003 6.5061621 -2.2365018
60876 23640.0 -1283.3067 665.4581400000001 -6695.8647 -2.9677268 6.9122645 1.2511344999999998
60876 24060.0 -2347.8732999999997 3393.2964 -5471.8818 -2.0092801 5.841016 4.4715983
60876 24480.0 -2910.3047 5395.437 -3074.568 -0.61994791 3.5189087 6.7359610000000005
60876 24900.0 -2849.8476 6242.8424 -17.445731 0.90245222 0.44304053 7.555500100000001
60876 25320.0 -2179.7689 5754.875 3043.4886 2.2295958000000002 -2.7224814999999998 6.7553898
60876 25740.0 -1044.2969 4038.5279 5453.7609 3.0779671 -5.2989129 4.5146521
60876 26160.0 313.32155 1463.2505 6701.0968 3.2698143 -6.7418462 1.3184508000000001
60876 26580.0 1604.4826 -1422.7114 6522.0994 2.7673579 -6.7523577 -2.1556531
60876 27000.0 2554.7837999999997 -4006.2936 4954.1821 1.6753672 -5.3268765 -5.1765962
60876 27420.0 2960.937 -5736.5527 2328.2727000000004 0.22190575999999998 -2.7592432 -7.1002883
60876 27840.0 2734.1493 -6240.296 -795.96651 -1.2830581 0.405875 -7.5059504
60876 28260.0 1921.7768999999998 -5407.522 -3749.2746 -2.5148311 3.4874819 -6.2999586
60876 28680.0 697.7805400000001 -3416.5617 -5897.5052000000005 -3.207243 5.8198620000000005 -3.7429992000000003
60876 29100.0 -675.4700600000001 -694.88469 -6781.1234 -3.2130031 6.9048088 -0.38718729
60876 29520.0 -1904.3135 2175.2257999999997 -6211.5654 -2.5323040999999997 6.5142135 3.0504877
60876 29940.0 -2726.0639 4580.3426 -4310.5736 -1.3092112999999999 4.7297404 5.837455
60876 30360.0 -2964.3129 6005.0549 -1484.4926 0.19550398000000002 1.9306555 7.374103
60876 30780.0 -2567.8462999999997 6144.0419 1660.4368000000002 1.6576832 -1.2802516000000002 7.3276438
60876 31200.0 -1622.5766 4969.9896 4449.6028 2.7623253 -4.2100058 5.7121202
60876 31620.0 -331.11737 2735.947 6287.9130000000005 3.2756808 -6.2342599000000005 2.8841579999999998
60876 32040.0 1030.8014 -79.62464200000001 6786.4902 3.0923386 -6.930589 -0.5526255800000001
60876 32460.0 2173.7772999999997 -2878.196 5839.9623 2.2516076 -6.1544886 -3.8739519000000002
60876 32880.0 2854.0967 -5064.0521 3647.6385 0.92849973 -4.0643517000000005 -6.3771846
60876 33300.0 2924.4247 -6167.3948 674.32836 -0.59771971 -1.0983481 -7.5229892000000005
60876 33720.0 2368.9951 -5951.1263 -2443.7567000000004 -1.9990830000000002 2.1098449 -7.0531022000000005
60876 34140.0 1305.7466000000002 -4459.2428 -5036.7185 -2.9713671 4.8642056 -5.0683558
60876 34560.0 -36.875148 -2013.296 -6549.1425 -3.3061044 6.5725444 -2.0006653
60876 34980.0 -1371.7086000000002 863.13954 -6658.0707 -2.9348400000000003 6.8759113 1.4908749000000001
60876 35400.0 -2413.6959 3555.3304 -5341.609 -1.9366216 5.7107218 4.6641227
60876 35820.0 -2939.8698 5487.689200000001 -2880.6627000000003 -0.5230564900000001 3.3229676 6.8411443
60876 36240.0 -2837.1578 6246.161 198.14824 1.0032027000000001 0.22305488 7.5518637
60876 36660.0 -2127.6973 5668.8556 3234.4135 2.3130724000000003 -2.9202201 6.6443281
60876 37080.0 -963.86196 3881.2911000000004 5579.0961 3.1269421000000004 -5.4337556000000005 4.3192755
60876 37500.0 405.07749 1267.8873 6733.4884 3.2737051000000004 -6.7852245 1.0789715000000002
60876 37920.0 1687.9694 -1614.9464 6453.292 2.7246604000000003 -6.694080700000001 -2.3894386
60876 38340.0 2611.8387000000002 -4154.1734 4797.2357999999995 1.5943692 -5.1774442 -5.3546553999999995
60876 38760.0 2978.9036 -5807.9710000000005 2115.2166 0.11938016000000001 -2.5488907 -7.1825058
60876 39180.0 2708.4847000000004 -6218.5445 -1019.6445 -1.3841322 0.6304823900000001 -7.472703000000001
60876 39600.0 1857.9641000000001 -5297.2552000000005 -3935.5071000000003 -2.5920369 3.6765021000000004 -6.1582664000000005
60876 40020.0 609.67154 -3241.9569 -6006.6578 -3.2438404000000003 5.9319247 -3.5249366
60876 40440.0 -768.97414 -493.71131 -6790.631 -3.2019139 6.917089700000001 -0.14091266
60876 40860.0 -1983.4878 2360.0269 -6120.8094 -2.4762725 6.4250324 3.2727
60876 41280.0 -2774.2481000000002 4709.5014 -4139.9067000000005 -1.2203563 4.558771800000001 5.9887611
60876 41700.0 -2971.5145 6051.4248 -1271.0566000000001 0.29831171 1.7145056 7.4229332
60876 42120.0 -2532.7514 6098.143 1870.7661 1.7527401 -1.4958049000000002 7.2641158
60876 42540.0 -1552.4699 4841.1464000000005 4611.8386 2.83024 -4.3811924 5.5491790000000005
60876 42960.0 -240.93969 2551.3237999999997 6366.580599999999 3.3016893 -6.3242034 2.6559288000000003
60876 43380.0 1121.8931 -281.24755 6763.6062 3.070462 -6.9199122 -0.79949577
60876 43800.0 2246.1027000000004 -3053.8940000000002 5718.5258 2.1855599000000003 -6.0435185 -4.0878157999999996
60876 44220.0 2891.3576000000003 -5175.082200000001 3451.5386000000003 0.8317043700000001 -3.8750382 -6.5113559
60876 44640.0 2920.667 -6193.2879 448.97022 -0.7010092499999999 -0.87602793 -7.5396152
60876 45060.0 2324.3725 -5885.491 -2651.8282999999997 -2.0867966 2.3152636 -6.9558906
60876 45480.0 1230.9273 -4318.9065 -5183.9947999999995 -3.0248783 5.007644900000001 -4.882905399999999
60876 45900.0 -125.33136999999999 -1830.3368 -6606.7547 -3.3160763 6.6268932000000005 -1.7696417
60876 46320.0 -1454.9291 1048.4298000000001 -6617.5086 -2.9003685999999997 6.832609400000001 1.7194255
60876 46740.0 -2474.2909 3703.5283 -5213.6134 -1.8652867000000002 5.5807062 4.8447664999999995
60876 47160.0 -2964.9571 5567.3451 -2692.4026000000003 -0.42884774 3.1324779 6.938967300000001
60876 47580.0 -2821.0872000000004 6239.4668 405.96159000000006 1.1015941 0.009441257 7.5454279
60876 48000.0 -2073.0503 5575.337500000001 3417.2487 2.3952023 -3.1134464 6.5322597
60876 48420.0 -878.72625 3709.9865 5687.9918 3.180049 -5.574548300000001 4.1293282
60876 48840.0 503.2156 1055.736 6751.3274 3.2779879000000003 -6.8330261000000005 0.82749037
60876 49260.0 1776.9384 -1823.9996 6363.8973 2.677142 -6.6306618 -2.6383937
60876 49680.0 2671.3650000000002 -4314.3697 4614.4643 1.5044418000000002 -5.0124282000000004 -5.5406937
60876 50100.0 2995.1326000000004 -5883.098 1876.7198 0.0090795248 -2.3214484000000004 -7.2584802
60876 50520.0 2678.7202 -6194.4442 -1263.3834 -1.4882345000000001 0.86572128 -7.4208765
60876 50940.0 1790.2149 -5182.866 -4133.0217999999995 -2.6654731000000003 3.8628411000000002 -5.9954507
60876 51360.0 520.16457 -3066.7792000000004 -6119.8215 -3.2724965000000004 6.030164399999999 -3.2946396
60876 51780.0 -860.54002 -298.61919 -6802.146900000001 -3.1832837 6.912889900000001 0.10425638
60876 52200.0 -2058.3282 2532.8940000000002 -6034.9073 -2.4168431 6.326015900000001 3.4841538
60876 52620.0 -2817.5497 4824.5023 -3978.965 -1.1323885 4.3877159 6.129227299999999
60876 53040.0 -2974.7357 6084.9462 -1071.4269 0.39865492 1.5038848 7.4673048
60876 53460.0 -2494.3615 6041.3558 2066.7795 1.8472555 -1.7081289 7.2027821
60876 53880.0 -1479.0709 4702.1915 4760.732400000001 2.8989314 -4.5519192 5.3905521
60876 54300.0 -145.88120999999998 2353.4877 6432.4969 3.3289923 -6.4194617 2.420065
60876 54720.0 1217.6726 -497.26913 6723.4543 3.0462343 -6.9090673 -1.0597775999999999
60876 55140.0 2321.1062 -3241.8141 5574.2237000000005 2.1125074 -5.922405800000001 -4.3136416
60876 55560.0 2928.2441000000003 -5293.144200000001 3229.9535 0.72562508 -3.6673497000000004 -6.6462329
60876 55980.0 2908.5742999999998 -6211.401 192.40513 -0.81755004 -0.62562231 -7.5537392
60876 56400.0 2266.3705 -5800.210599999999 -2886.6041 -2.1840391 2.5461404 -6.8407149
60876 56820.0 1139.6846 -4149.366 -5347.7978 -3.0813087 5.1665336 -4.6675539
60876 57240.0 -229.49702 -1615.5675 -6667.7084 -3.320401 6.6799529 -1.504928
60876 57660.0 -1550.0062 1261.5418 -6567.3369 -2.8539792000000004 6.7727294 1.9742266
60876 58080.0 -2541.1616000000004 3870.4802999999997 -5067.9617 -1.7798528 5.4251845 5.0372816
60876 58500.0 -2991.0813 5654.9582 -2486.5709 -0.32272024 2.9161851000000003 7.0321880000000005
60876 58920.0 -2802.2547999999997 6231.6565 626.68319 1.207004 -0.22262376 7.523927700000001
60876 59340.0 -2013.6267 5474.6077000000005 3605.5973 2.4799231 -3.3167107000000002 6.402023600000001
60876 59760.0 -794.10975 3546.1306 5811.005400000001 3.2213553000000004 -5.6987651 3.9085333
60876 60180.0 595.15156 859.7316 6771.2413 3.2738244 -6.860771 0.58099002
60876 60600.0 1857.3379 -2010.3216000000002 6281.578 2.6270105 -6.5571978 -2.8708488
60876 61020.0 2722.539 -4450.5429 4446.011 1.4176033000000001 -4.8508713 -5.7115185
60876 61440.0 3005.0452999999998 -5938.1410000000005 1656.3562 -0.097152181 -2.1032256000000005 -7.329958400000001
60876 61860.0 2643.8831 -6153.7474 -1489.1576000000002 -1.5910248999999999 1.0947351 -7.3744613
60876 62280.0 1717.4226 -5053.4664 -4315.1961 -2.7415105 4.0512956 -5.8385096
60876 62700.0 424.14348 -2874.3124 -6218.4996 -3.3047788000000002 6.135838700000001 -3.0616877000000002
60876 63120.0 -959.43861 -83.76749400000001 -6795.888400000001 -3.1644705 6.911779800000001 0.36146531
60876 63540.0 -2139.1909 2724.5255 -5925.5855 -2.351489 6.2187817999999995 3.7084428
60876 63960.0 -2863.7216000000003 4952.892900000001 -3791.2415 -1.0353471 4.1988602 6.2715454
60876 64380.0 -2976.1021 6122.121 -845.47782 0.50599002 1.2763396 7.5008413
60876 64800.0 -2452.4066000000003 5983.0238 2282.0328 1.9424769 -1.9270301 7.1194932
60876 65220.0 -1403.2701000000002 4562.058400000001 4919.4165 2.9620615 -4.715531299999999 5.209846300000001
60876 65640.0 -54.009504 2165.3523999999998 6501.655 3.3465776000000003 -6.4905306000000005 2.1878733
60876 66060.0 1306.9512 -694.0750899999999 6691.8165 3.0164695000000004 -6.878310900000001 -1.2983244
60876 66480.0 2388.9937000000004 -3405.3724 5450.050700000001 2.0423065 -5.7977533999999995 -4.5074814
60876 66900.0 2960.7126000000003 -5389.1811 3041.1 0.6302650700000001 -3.4764317 -6.7548655
60876 67320.0 2899.2279 -6220.3967999999995 -19.946741000000003 -0.9177437900000001 -0.40954700000000005 -7.5551994
60876 67740.0 2217.5126 -5720.8822 -3076.6789 -2.2681268 2.7415393 -6.7367332
60876 68160.0 1061.866 -3999.0915 -5475.2779 -3.1323485 5.3021557 -4.4793979
60876 68580.0 -319.72843 -1426.2006000000001 -6705.090400000001 -3.3273642 6.727153400000001 -1.2715229
60876 69000.0 -1633.3963 1449.9576000000002 -6505.5661 -2.8149015 6.7208373 2.2045755
60876 69420.0 -2599.6229 4017.5639 -4918.7485 -1.7022593 5.2835319 5.2155958
60876 69840.0 -3011.5026000000003 5728.3035 -2280.6397 -0.22301148 2.7141773 7.1187433
60876 70260.0 -2779.882 6214.953 845.94111 1.3064586999999999 -0.44005997 7.4984209
60876 70680.0 -1953.4301 5371.744 3791.0316000000003 2.5572199 -3.5018259 6.2696651
60876 71100.0 -709.19709 3379.7488 5923.3787 3.2596481 -5.8103192 3.7003977
60876 71520.0 686.48625 666.3317800000001 6788.328 3.2657045 -6.8757373 0.34408939
60876 71940.0 1935.8111000000001 -2189.1602000000003 6202.079900000001 2.5753323 -6.4748131 -3.0851891
60876 72360.0 2772.0684 -4577.4947999999995 4289.0777 1.3338802 -4.6904739 -5.859057300000001
60876 72780.0 3015.6942999999997 -5987.1957 1456.8943000000002 -0.19527055999999998 -1.8993224 -7.3812432
60876 73200.0 2613.8201000000004 -6115.3793 -1687.8654 -1.6833761 1.2997301 -7.3201228
60876 73620.0 1651.3856 -4932.0927 -4469.7175 -2.8112379 4.2195166 -5.6921233
60876 74040.0 335.84040000000005 -2694.8852 -6295.4451 -3.3360099 6.2322506 -2.8456828
60876 74460.0 -1050.9578000000001 116.25227000000001 -6774.9475 -3.1479054 6.9108429 0.6031528700000001
60876 74880.0 -2213.8425 2902.6038 -5807.0159 -2.2890583 6.1166151 3.9224407
60876 75300.0 -2904.6564 5069.928900000001 -3597.6587999999997 -0.94037433 4.0158613999999995 6.4073231999999996
60876 75720.0 -2975.0691 6154.344 -617.90882 0.61148438 1.0533907999999998 7.5229918
60876 76140.0 -2408.6547 5921.2097 2493.7909 2.032659 -2.1332801 7.029211800000001
60876 76560.0 -1324.8879 4415.594099999999 5066.1285 3.0237759 -4.8714892 5.0350373
60876 76980.0 41.866047 1968.4107 6558.3817 3.3645313999999997 -6.5635941 1.9498025
60876 77400.0 1399.8812 -900.10389 6644.5396 2.9838855 -6.8458533 -1.5462765
60876 77820.0 2458.5429 -3576.0294 5306.4580000000005 1.9655987000000001 -5.6646719999999995 -4.7091303
60876 78240.0 2991.6506 -5487.552 2831.0274 0.52677142 -3.272047 -6.863443500000001
60876 78660.0 2885.2178 -6226.036599999999 -251.33711 -1.0241112 -0.18098928 -7.5462625
60876 79080.0 2162.7124 -5635.1504 -3279.9751 -2.3535126 2.9425394000000002 -6.614029
60876 79500.0 979.4031 -3843.83 -5608.590099999999 -3.1785335 5.4312058 -4.2744015
60876 79920.0 -411.94738 -1236.1417 -6743.067900000001 -3.3271712000000004 6.7616376 -1.0306726000000002
60876 80340.0 -1715.9008999999999 1633.6994 -6443.384900000001 -2.7697603 6.6572539 2.43283
60876 80760.0 -2655.1801 4156.1234 -4771.173900000001 -1.6211819 5.1356509 5.387412599999999
60876 81180.0 -3027.8622 5791.6026 -2078.2580000000003 -0.12081124 2.5094235 7.2007783000000005
60876 81600.0 -2752.1214 6186.6168 1060.2682 1.4104782 -0.6640212299999999 7.470926400000001
60876 82020.0 -1885.6033 5253.5803 3970.4921000000004 2.6402809 -3.6976604 6.133068199999999
60876 82440.0 -614.3923199999999 3193.0881 6026.4898 3.30228 -5.934216800000001 3.4788078000000002
60876 82860.0 788.2955400000001 448.93642 6788.2185 3.2563705 -6.8966229000000006 0.083338831
60876 83280.0 2022.6556 -2391.7327999999998 6094.4983 2.5145398 -6.384038800000001 -3.3261163000000002
60876 83700.0 2824.6773 -4721.1902 4094.645 1.2350229 -4.5065669 -6.023254
60876 84120.0 3022.7663 -6041.2529 1216.962 -0.30884581 -1.6651021000000001 -7.429663
60876 84540.0 2574.7774 -6070.1452 -1921.6903 -1.7850426 1.528816 -7.2436042
60876 84960.0 1577.4619 -4804.0982 -4649.644200000001 -2.8771264999999997 4.388713399999999 -5.510994800000001
60876 85380.0 244.57045000000002 -2516.1994 -6386.2486 -3.3549145 6.3080658000000005 -2.6097422999999997
60876 85800.0 -1140.2599 305.69809000000004 -6764.113200000001 -3.1203575000000003 6.886747000000001 0.84306021
60876 86220.0 -2283.0125000000003 3062.5243 -5702.584 -2.2224086 6.0030255 4.121801499999999
60877 240.0 -2939.7933 5167.3267000000005 -3424.2496 -0.8468958 3.8353557 6.5315857
60877 660.0 -2968.2075 6167.4130000000005 -412.79815 0.71525456 0.83820285 7.5484203
60877 1080.0 -2360.1987000000004 5845.1586 2687.4031 2.127341 -2.3452486 6.9437219
60877 1500.0 -1245.7024 4268.6152999999995 5209.416 3.0825912 -5.0244106 4.8459674999999995
60877 1920.0 135.99879 1776.2678 6610.3284 3.3769724 -6.6251249 1.7107754
60877 2340.0 1488.4488000000001 -1096.3471000000002 6591.3601 2.9460916000000004 -6.8053291 -1.8001129
60877 2760.0 2525.2445000000002 -3737.9147000000003 5166.1827 1.8805803 -5.515933100000001 -4.9104663
60877 3180.0 3017.8816 -5573.6147 2626.0922 0.41805806 -3.0583705 -6.9697063
60877 3600.0 2866.3824 -6219.0749000000005 -474.11298 -1.1334589000000002 0.052144908999999996 -7.535300100000001
60877 4020.0 2099.4455000000003 -5529.5389000000005 -3473.2579 -2.4446118 3.1523465 -6.4962341
60877 4440.0 882.98122 -3655.447 -5724.915599999999 -3.2359385 5.5829260000000005 -4.0698131
60877 4860.0 -522.16723 -1002.4782 -6757.1713 -3.3321947 6.8151122 -0.7641069300000001
60877 5280.0 -1815.8322 1864.3138999999999 -6343.5464 -2.7163529 6.588281 2.6968586
60877 5700.0 -2722.3009 4333.6298 -4573.425200000001 -1.5218683000000002 4.9569645 5.5786642
60877 6120.0 -3048.3962 5879.0458 -1825.5632 -0.0027315859 2.2684482 7.2680943
60877 6540.0 -2724.5852999999997 6171.0887999999995 1312.6318 1.5163847000000001 -0.90235177 7.4036205
60877 6960.0 -1820.4311000000002 5148.7775 4170.715200000001 2.7105054 -3.8762636 5.9592666
60877 7380.0 -529.23209 3031.8572999999997 6139.879400000001 3.3266316000000002 -6.0213513 3.2482332
60877 7800.0 874.3281 271.21839 6801.9495 3.2361032 -6.8869246 -0.15319180000000002
60877 8220.0 2091.9792 -2546.8094 6014.7299 2.456736 -6.2887862 -3.5293384000000003
60877 8640.0 2863.576 -4821.729200000001 3941.7432000000003 1.1488501000000002 -4.3436992000000005 -6.1635917000000005
60877 9060.0 3021.7281000000003 -6063.3737 1023.0245 -0.41075124 -1.4588306 -7.482369
60877 9480.0 2530.5688 -6002.0556 -2116.0735 -1.8854716 1.7458970999999999 -7.191117500000001
60877 9900.0 1495.2779 -4650.1978 -4799.0353 -2.9538736 4.5726698 -5.351151799999999
60877 10320.0 139.81946 -2302.2963 -6450.4817 -3.3856556 6.409678 -2.3687578
60877 10740.0 -1246.0876 539.06044 -6718.9704 -3.0941517 6.874673700000001 1.1121493
60877 11160.0 -2366.3064 3265.6611000000003 -5550.49 -2.1435077000000002 5.8735352999999995 4.3503111
60877 11580.0 -2982.1727 5296.223 -3195.7418 -0.73590063 3.6201788 6.658763700000001
60877 12000.0 -2962.2778 6197.670700000001 -157.75563 0.82891497 0.59442202 7.5441697
60877 12420.0 -2310.9969 5778.0827 2913.9377000000004 2.2159218999999997 -2.555588 6.817288700000001
60877 12840.0 -1167.7209 4128.4204 5363.9245 3.1292376 -5.1566284 4.6380208000000005
60877 13260.0 223.70975 1601.3789 6671.0075 3.3767294000000003 -6.659091 1.4733803
60877 13680.0 1567.5558 -1265.7999 6556.8784000000005 2.9064763 -6.7469072 -2.0083142
60877 14100.0 2577.4727000000003 -3863.0419 5042.9215 1.8146576 -5.395577500000001 -5.0718852
60877 14520.0 3036.0507000000002 -5633.7103 2447.8372999999997 0.32949716 -2.8829799 -7.0595531000000005
60877 14940.0 2843.2216000000003 -6195.5278 -673.59609 -1.2314063000000002 0.25758012 -7.5317536
60877 15360.0 2039.0153 -5425.148700000001 -3649.8148 -2.5277135 3.3429929 -6.3807648
60877 15780.0 796.86988 -3489.5426 -5839.9857 -3.2789478 5.704066200000001 -3.8614067000000003
60877 16200.0 -616.3540300000001 -805.59973 -6775.7328 -3.3274271 6.8400634 -0.52063386
60877 16620.0 -1898.0377 2050.3038 -6261.5408 -2.6650689 6.5123891 2.9236871
60877 17040.0 -2774.9073 4468.978700000001 -4408.1973 -1.4347121 4.7959904 5.7409374
60877 17460.0 -3059.9994 5934.6085 -1612.1853 0.10179931 2.0563602999999997 7.3308606
60877 17880.0 -2692.567 6134.6736 1528.6331 1.6157493 -1.1202092000000001 7.3531296
60877 18300.0 -1751.564 5027.9301 4343.2141 2.7833694 -4.0530047 5.8064054
60877 18720.0 -438.176 2852.2877000000003 6232.1406 3.3575502999999998 -6.1192092 3.0259926999999998
60877 19140.0 968.2551500000001 71.08106 6794.4332 3.2186037 -6.8852242 -0.3974807
60877 19560.0 2168.8494 -2724.9675 5909.1343 2.3944656 -6.1876716 -3.7435579
60877 19980.0 2907.0728 -4939.999400000001 3760.7905 1.0550006 -4.1646691 -6.301574700000001
60877 20400.0 3022.6442 -6096.657 805.7440799999999 -0.51598471 -1.2405154 -7.5142366
60877 20820.0 2488.9072 -5943.642 -2322.8419 -1.9792522 1.9561837000000002 -7.1102027
60877 21240.0 1420.2495000000001 -4513.2169 -4950.937900000001 -3.0161374000000003 4.7297633999999995 -5.1757202
60877 21660.0 46.230697 -2113.361 -6514.7501 -3.4043476 6.4838133 -2.1326286
60877 22080.0 -1337.2012 737.8790200000001 -6680.3081 -3.0638719 6.8468458000000005 1.3576730000000001
60877 22500.0 -2435.2291 3431.8165 -5415.7622 -2.0698637 5.7483156 4.5539363
60877 22920.0 -3013.5323 5393.3755 -2992.3094 -0.63387162 3.4225954 6.7760201
60877 23340.0 -2948.617 6203.803900000001 71.613899 0.9372244500000001 0.36664145000000004 7.5478723
60877 23760.0 -2254.7972000000004 5691.0433 3120.2602 2.3064557 -2.7633183 6.7058399
60877 24180.0 -1080.8120000000001 3966.5311 5503.1628 3.1821954000000003 -5.2985745 4.4361034
60877 24600.0 322.82333 1399.3861000000002 6714.0272 3.3808898 -6.7047115999999995 1.2257075
60877 25020.0 1657.9029 -1464.7562 6495.6671 2.8614147 -6.6872695 -2.2478380000000002
60877 25440.0 2640.1596 -4016.9312000000004 4891.9508 1.7304279 -5.2446313 -5.2520892
60877 25860.0 3058.1213 -5710.426 2240.2205 0.22412862000000003 -2.6733733 -7.1431782
60877 26280.0 2820.5291 -6179.6426 -892.5892 -1.3353545 0.48093564 -7.5014646
60877 26700.0 1976.8332 -5320.8955000000005 -3833.0466 -2.6085095000000003 3.5330188 -6.2438884
60877 27120.0 708.93415 -3320.9535 -5950.706700000001 -3.3187341000000004 5.8200599 -3.6435716000000005
60877 27540.0 -711.37801 -607.58248 -6787.3565 -3.3186299 6.8583473 -0.27139706
60877 27960.0 -1979.3349 2234.5908 -6170.8243 -2.6095113999999997 6.4297026 3.1534164000000002
60877 28380.0 -2824.7324 4599.7159 -4233.4354 -1.3428568 4.6278053 5.9042900000000005
60877 28800.0 -3066.7139 5982.2605 -1389.328 0.21162148 1.8357681000000001 7.3919899
60877 29220.0 -2653.4168 6086.6137 1752.5282 1.7202128 -1.3469932 7.2961663
60877 29640.0 -1673.698 4891.8612 4519.7086 2.8592247000000004 -4.2364096 5.6413812
60877 30060.0 -337.67452000000003 2655.8288 6322.3207 3.3873375 -6.217712400000001 2.7876653
60877 30480.0 1070.1588000000002 -144.51977 6778.1578 3.195329 -6.8760203 -0.6564308600000001
60877 30900.0 2250.5422000000003 -2913.9929 5789.957200000001 2.3233314000000003 -6.072711 -3.9653004000000003
60877 31320.0 2951.4386 -5062.5031 3565.3321 0.95248448 -3.9705377 -6.4368966
60877 31740.0 3021.5205 -6128.7495 577.4798900000001 -0.62678767 -1.0113051 -7.5344049
60877 32160.0 2443.7391000000002 -5881.0028 -2534.7918 -2.074464 2.1698967 -7.0143585
60877 32580.0 1341.8712 -4372.090200000001 -5102.1695 -3.0764427999999997 4.8836416 -4.987364800000001
60877 33000.0 -47.093252 -1927.5151 -6574.1512999999995 -3.4183060999999997 6.5469466 -1.8957581000000001
60877 33420.0 -1426.2918 929.47585 -6637.8236 -3.0299186000000002 6.8102683 1.5974541
60877 33840.0 -2500.9788 3588.0402000000004 -5280.446 -1.9944834 5.6192226000000005 4.7486315999999995
60877 34260.0 -3041.366 5480.0371 -2792.0222000000003 -0.53174224 3.2259729000000004 6.8850411000000005
60877 34680.0 -2931.5302 6200.4713 294.94808 1.0451781 0.14226763 7.5461844000000005
60877 35100.0 -2195.367 5596.161599999999 3318.6442 2.3967821 -2.9676181 6.5909195
60877 35520.0 -990.76 3798.0246 5633.1186 3.2346564 -5.437704399999999 4.2311472000000006
60877 35940.0 424.63187 1192.0483000000002 6746.3997 3.383255 -6.7467836 0.97462508
60877 36360.0 1749.8074 -1667.15 6422.5325 2.8127384 -6.621959700000001 -2.489623
60877 36780.0 2702.6158 -4171.4181 4728.8016 1.6414790000000001 -5.0859455 -5.4307476
60877 37200.0 3077.7373 -5784.032700000001 2021.6653999999999 0.11469087 -2.4568962 -7.2202964000000005
60877 37620.0 2794.106 -6158.4643 -1118.7185 -1.4410362 0.70726279 -7.4600246
60877 38040.0 1910.9007 -5211.4174 -4018.4305 -2.6876623 3.7196669000000004 -6.0951417
60877 38460.0 617.51885 -3145.4357999999997 -6052.1477 -3.358025 5.9331731 -3.4244164
60877 38880.0 -809.21154 -403.24014 -6785.1782 -3.3086987 6.876342800000001 -0.013731097000000001
60877 39300.0 -2063.2490000000003 2425.314 -6065.178900000001 -2.5460138000000003 6.336377499999999 3.3980466000000003
60877 39720.0 -2875.3311000000003 4733.932900000001 -4043.7657000000004 -1.2378775000000002 4.4372818 6.0744701999999995
60877 40140.0 -3073.4210000000003 6032.7783 -1152.8825 0.33489849 1.5872584 7.4410546
60877 40560.0 -2609.7636 6031.616900000001 1983.3665 1.8332402 -1.5934622999999999 7.221289700000001
60877 40980.0 -1588.686 4742.1838 4694.8553 2.9405114 -4.4348397 5.4550685
60877 41400.0 -228.34744 2440.1254 6401.175700000001 3.4194376 -6.3278431 2.5222241
60877 41820.0 1180.7223000000001 -382.76103000000006 6737.411099999999 3.1682967 -6.8699828 -0.95080729
60877 42240.0 2337.4984 -3123.7767000000003 5630.429400000001 2.2391446999999998 -5.943746 -4.2256955
60877 42660.0 2993.7131 -5195.645 3315.1464 0.82788825 -3.7413062 -6.599891700000001
60877 43080.0 3007.5579 -6152.6745 286.56973 -0.76326389 -0.73248348 -7.5575605
60877 43500.0 2375.8622 -5789.169900000001 -2803.8582 -2.1893218 2.430729 -6.8891693
60877 43920.0 1235.7555 -4186.879 -5292.7338 -3.142208 5.0631873 -4.7456494000000005
60877 44340.0 -168.4232 -1690.4396000000002 -6649.3066 -3.4229102 6.608031 -1.5987238
60877 44760.0 -1536.9166 1165.5461 -6588.591 -2.9758805 6.7457978 1.8820504
60877 45180.0 -2578.9516000000003 3773.9138 -5124.6318 -1.8960877 5.4498458 4.963478100000001
60877 45600.0 -3072.2881 5579.2513 -2567.6622 -0.40981137 2.9898420000000003 6.9919339
60877 46020.0 -2909.9901 6193.8194 538.31803 1.167807 -0.11479306 7.529081100000001
60877 46440.0 -2126.0475 5485.2288 3529.0279 2.4972575999999997 -3.197988 6.4522869
60877 46860.0 -887.6524900000001 3604.1373 5763.3984 3.2924054000000003 -5.5962355 3.9936091
60877 47280.0 540.3562 953.1537800000001 6763.4137 3.3838863000000003 -6.7977308999999995 0.68159834
60877 47700.0 1852.8952 -1901.3153 6314.991400000001 2.7525641999999997 -6.5476205 -2.7780297000000003
60877 48120.0 2769.9117 -4349.8115 4515.2811 1.5280392 -4.8901821000000005 -5.6495926
60877 48540.0 3094.509 -5867.4152 1749.1853999999998 -0.020009284000000002 -2.1914914 -7.3023471
60877 48960.0 2755.1551 -6126.692400000001 -1395.0048000000002 -1.5665247 0.9794061900000001 -7.396272700000001
60877 49380.0 1824.6189 -5071.4056 -4239.236 -2.7773399 3.9383781 -5.907904900000001
60877 49800.0 503.40617 -2928.538 -6167.7566 -3.3983462 6.0653578 -3.1470481
60877 50220.0 -926.57815 -159.22709 -6780.6013 -3.2859428 6.880902600000001 0.28730159
60877 50640.0 -2158.6663 2645.2596000000003 -5937.3297 -2.4686640000000004 6.2210475 3.6617471
60877 51060.0 -2927.0439 4880.84 -3817.2978 -1.1231833999999998 4.2298459 6.2496058
60877 51480.0 -3068.0085 6070.1743 -876.84809 0.46412930999999996 1.3303190999999999 7.4960819
60877 51900.0 -2551.4747 5958.657200000001 2252.2509 1.9500793 -1.8504783 7.1316718
60877 52320.0 -1489.5218 4573.3993 4898.8817 3.0148243000000003 -4.6257317 5.2421638999999995
60877 52740.0 -110.08481 2213.5303 6499.4435 3.434665 -6.407062600000001 2.2429549000000004
60877 53160.0 1292.7796 -616.41754 6716.6192 3.1249933000000003 -6.825325 -1.2270678000000002
60877 53580.0 2421.3532 -3315.5163 5505.1049 2.1516457 -5.7947656 -4.4386295
60877 54000.0 3035.1057 -5309.5503 3120.3319 0.7170675400000001 -3.5269659000000004 -6.7123181999999995
60877 54420.0 3001.2277999999997 -6170.4533 68.475363 -0.87566533 -0.49781378000000004 -7.5560662
60877 54840.0 2325.3977000000004 -5711.4695 -2998.0165 -2.2840684 2.6440491 -6.779028500000001
60877 55260.0 1151.6064 -4029.3831 -5420.7384 -3.2033643 5.2195358 -4.5467899
60877 55680.0 -268.70228000000003 -1484.8594 -6680.2113 -3.4366484 6.6760822 -1.3414523
60877 56100.0 -1631.8995 1377.8541 -6507.2642000000005 -2.9349236999999997 6.7042821 2.1499249
60877 56520.0 -2645.721 3945.0831000000003 -4938.906 -1.8045939000000002 5.2976571 5.1828593000000005
60877 56940.0 -3093.0697999999998 5667.629599999999 -2310.2577 -0.28664572 2.7551001000000004 7.1056976999999995
60877 57360.0 -2877.8971 6176.26 814.65708 1.2922449999999999 -0.37659070000000006 7.5024383
60877 57780.0 -2047.1653000000001 5363.8904 3764.8869 2.5911977000000004 -3.4200244 6.2917060000000005
60877 58200.0 -779.67154 3407.4489 5910.7566 3.3341754999999997 -5.7251201 3.7427078000000003
60877 58620.0 653.54449 726.88239 6797.4995 3.3672724 -6.808382300000001 0.40434992999999997
60877 59040.0 1948.1293 -2107.9041 6238.429 2.6858991999999997 -6.4465927 -3.0190010000000003
60877 59460.0 2828.9148999999998 -4494.799400000001 4351.0628 1.4316238000000001 -4.7126911 -5.8068686
60877 59880.0 3106.8345 -5923.729200000001 1533.9545 -0.13315701000000002 -1.9658887999999999 -7.3624435
60877 60300.0 2720.4598 -6085.7831 -1611.4169 -1.6736612 1.2092643 -7.341650700000001
60877 60720.0 1751.3727 -4944.197099999999 -4410.5977 -2.8568257 4.1276537 -5.7437385999999995
60877 61140.0 407.11364000000003 -2743.5823 -6262.6268 -3.4274744 6.159853600000001 -2.914469
60877 61560.0 -1024.4596999999999 44.151357000000004 -6771.938400000001 -3.2641098000000004 6.8718534 0.53732762
60877 61980.0 -2236.5962999999997 2821.7701 -5828.7711 -2.4031249 6.1150332 3.8733535000000003
60877 62400.0 -2970.3143999999998 4995.8352 -3635.2021 -1.0267527 4.0484764 6.3819857
60877 62820.0 -3067.8935 6099.9295999999995 -660.9910600000001 0.57053055 1.1132523 7.5217644
60877 63240.0 -2508.5416 5897.8779 2455.3755 2.0439274000000003 -2.056752 7.0465791
60877 63660.0 -1413.106 4435.5724 5046.0632000000005 3.0768908 -4.7783968 5.0656477
60877 64080.0 -16.656441 2028.6091000000001 6559.510700000001 3.4522434 -6.474897 2.0119103000000003
60877 64500.0 1383.4058 -809.2424100000001 6676.4191 3.0942066 -6.7943586 -1.4651231
60877 64920.0 2489.7272000000003 -3475.1719 5372.202200000001 2.0782439 -5.6703491 -4.6340291
60877 65340.0 3066.1938999999998 -5401.3938 2922.0006000000003 0.6160541100000001 -3.3340838 -6.8225418
60877 65760.0 2987.9942 -6174.146900000001 -153.14292 -0.98235127 -0.27775979 -7.5553249
60877 66180.0 2270.3076 -5625.5243 -3195.5391 -2.3730104 2.8429012 -6.6671521
60877 66600.0 1066.4173999999998 -3872.2158 -5551.8603 -3.2550829 5.3535235000000005 -4.3484203
60877 67020.0 -365.65279 -1290.4908 -6717.3073 -3.4401101 6.716404300000001 -1.1003478
60877 67440.0 -1719.6121 1567.0303999999999 -6443.3578 -2.8898807000000004 6.6432354 2.3818526
60877 67860.0 -2705.927 4089.4041 -4788.3616 -1.7210561 5.1491749 5.356427
60877 68280.0 -3113.0938 5736.5010999999995 -2105.7357 -0.18224279000000002 2.5507288 7.1846533
60877 68700.0 -2853.5172000000002 6155.0088 1029.1816999999999 1.3954886 -0.5936729000000001 7.4702707
60877 69120.0 -1983.6203 5257.0188 3943.2909 2.6714508 -3.6039578000000003 6.155216500000001
60877 69540.0 -690.3065799999999 3237.2317000000003 6014.5905999999995 3.3746413 -5.8373254 3.5305641999999997
60877 69960.0 749.8425500000001 529.1261800000001 6803.898099999999 3.3591342 -6.8248434 0.16076751
60877 70380.0 2030.8038999999999 -2291.3163 6144.883 2.6302109999999996 -6.3628301 -3.2426871999999998
60877 70800.0 2880.0225 -4624.531400000001 4176.408100000001 1.3396692000000001 -4.5453116 -5.9621354
60877 71220.0 3114.9038 -5971.349200000001 1314.5848999999998 -0.24182045 -1.7501678 -7.4147061
60877 71640.0 2683.5807000000004 -6040.8715 -1828.4394 -1.7749421 1.4257997 -7.2783255
60877 72060.0 1677.5154 -4816.6392000000005 -4578.7997000000005 -2.9283593999999997 4.297362199999999 -5.579005100000001
60877 72480.0 312.32298 -2561.3097000000002 -6346.4585 -3.4539737 6.2461755000000005 -2.6852002
60877 72900.0 -1119.6562 241.52556 -6753.956099999999 -3.2409056 6.8579735 0.78072579
60877 73320.0 -2312.3607 2992.6447000000003 -5714.3813 -2.3352393 6.0043796 4.0801739
60877 73740.0 -3010.5814 5103.7648 -3449.5565 -0.9286720500000001 3.8648775 6.5083988
60877 74160.0 -3064.2293 6122.1458 -444.18876 0.67785584 0.89612781 7.541093
60877 74580.0 -2461.8687000000004 5829.951099999999 2656.7546 2.1376491 -2.260993 6.9552547
60877 75000.0 -1333.2143 4291.6930999999995 5188.9192 3.1374372 -4.9269669 4.884017300000001
60877 75420.0 79.282369 1839.7658000000001 6613.4195 3.4667348000000002 -6.536607200000001 1.7775637
60877 75840.0 1475.0076999999999 -1003.0789000000001 6629.3871 3.0593727 -6.7559086 -1.7028012000000001
60877 76260.0 2557.3804 -3632.7579 5233.575900000001 2.0010273 -5.539147700000001 -4.8245290999999995
60877 76680.0 3095.2212999999997 -5488.8591 2720.8124 0.5126910299999999 -3.1373974 -6.9242973
60877 77100.0 2972.1295 -6172.7543 -373.85328999999996 -1.0893382 -0.058174830000000004 -7.545175100000001
60877 77520.0 2212.8925 -5535.544 -3388.4787 -2.4602199000000002 3.0373596 -6.5476028
60877 77940.0 979.94821 -3713.4052 -5675.9057 -3.3037564 5.480899000000001 -4.1461473
60877 78360.0 -462.54708000000005 -1097.2450000000001 -6746.513599999999 -3.4402605 6.7501641 -0.8593134099999999
60877 78780.0 -1806.2703999999999 1753.3607 -6372.0438 -2.8417554000000003 6.5768864 2.6107251000000002
60877 79200.0 -2763.8635 4228.9932 -4632.0963 -1.6348351 4.9968963 5.5247726
60877 79620.0 -3129.8932000000004 5799.4598 -1898.0752 -0.076093654 2.3446621 7.2566205
60877 80040.0 -2825.4846000000002 6127.6927000000005 1243.6969 1.4989394 -0.8096647100000001 7.4303265000000005
60877 80460.0 -1916.7403000000002 5145.2485 4118.5560000000005 2.7500562 -3.78368 6.0117274
60877 80880.0 -598.70535 3064.5292000000004 6112.9217 3.4116997000000002 -5.9426939 3.3143652
60877 81300.0 846.72053 332.01529999999997 6803.9711 3.3467197 -6.8335683000000005 -0.08255018800000001
60877 81720.0 2112.3005 -2471.0134 6046.0517 2.5706307 -6.2725347000000005 -3.461821
60877 82140.0 2928.5815000000002 -4748.358200000001 3999.0484 1.2452052000000002 -4.3742425 -6.109972300000001
60877 82560.0 3119.5562999999997 -6011.8835 1095.8096 -0.35114594 -1.5344512 -7.4592077
60877 82980.0 2643.3513 -5989.469599999999 -2041.7525 -1.875355 1.6397312 -7.2081849
60877 83400.0 1600.9455 -4684.1331 -4740.818200000001 -2.9977842999999997 4.4624606 -5.4094289
60877 83820.0 215.90809 -2376.3321 -6422.6203 -3.4775270000000003 6.3267538000000005 -2.4535387
60877 84240.0 -1215.2971000000002 439.32090000000005 -6728.2701 -3.213963 6.837548 1.0243715
60877 84660.0 -2386.9413 3161.1383 -5592.965700000001 -2.2636613000000003 5.8876315 4.283906699999999
60877 85080.0 -3048.2705 5207.0744 -3258.7901 -0.8277734400000001 3.6768933 6.6288668
60877 85500.0 -3057.102 6138.4309 -225.19244 0.78646925 0.6772817 7.5526447
60877 85920.0 -2411.5727 5755.9659 2856.9192000000003 2.2307026999999997 -2.4637640000000003 6.8560726999999995
60877 86340.0 -1250.3331 4142.9125 5327.4232 3.1956325000000003 -5.0713827 4.695882800000001
60878 360.0 176.92920999999998 1648.2478999999998 6660.8234 3.477582 -6.5920687 1.5396618000000002
60878 780.0 1566.6543000000001 -1196.7643 6575.1085 3.020417 -6.7104856 -1.9404016
60878 1200.0 2623.4106 -3787.3574 5088.514099999999 1.9201467 -5.4016576 -5.0112905
60878 1620.0 3121.33 -5571.0789 2515.4185 0.40699409000000003 -2.9365662 -7.0193759
60878 2040.0 2952.8029 -6165.126700000001 -595.63526 -1.1966875000000001 0.16227661000000002 -7.5268163999999995
60878 2460.0 2152.286 -5439.7035000000005 -3579.0788 -2.5458272 3.2291925000000004 -6.4203655
60878 2880.0 891.28832 -3550.4718 -5794.8246 -3.3493954 5.6028205 -3.9385717000000002
60878 3300.0 -560.1964399999999 -902.51292 -6769.0515000000005 -3.436699 6.7769892 -0.61642093
60878 3720.0 -1892.0783000000001 1938.1689 -6294.0578 -2.7900430000000003 6.5037885 2.8375722000000003
60878 4140.0 -2819.5972 4364.5426 -4470.5983 -1.5458769 4.8394205 5.6879634
60878 4560.0 -3143.6277000000005 5856.694 -1687.8246000000001 0.031372704 2.1358847 7.3214002
60878 4980.0 -2794.1761 6094.1504 1457.5964 1.6020505 -1.0252586 7.382596800000001
60878 5400.0 -1847.1173000000001 5028.1632 4290.1258 2.8267081 -3.9599925 5.8614276
60878 5820.0 -505.45909000000006 2888.4949 6205.1935 3.4456203000000003 -6.042292499999999 3.0938655
60878 6240.0 943.79628 134.26673000000002 6796.871 3.3306723000000003 -6.8354581 -0.32679903000000005
60878 6660.0 2192.4955 -2648.4802000000004 5940.398 2.5076658000000003 -6.1756402 -3.6783683000000003
60878 7080.0 2974.5921000000003 -4867.474 3816.6413 1.1483079 -4.198194099999999 -6.2520652000000005
60878 7500.0 3120.9186 -6045.7783 876.00162 -0.46050048 -1.3182722000000002 -7.4959301
60878 7920.0 2600.1942999999997 -5931.972 -2252.8053999999997 -1.9740966000000002 1.8507148 -7.1305274
60878 8340.0 1522.4637 -4547.4614 -4897.8359 -3.0641389 4.6214747 -5.2346351
60878 8760.0 119.0951 -2190.2888 -6492.4003 -3.4972759 6.399305099999999 -2.2207543000000003
60878 9180.0 -1309.8226000000002 634.8491600000001 -6696.8270999999995 -3.1835013 6.8092387 1.2645352
60878 9600.0 -2459.1758 3324.4859 -5468.117700000001 -2.1899417 5.7654987 4.4802908
60878 10020.0 -3083.1277000000005 5303.7876 -3068.1279 -0.72678266 3.4875378 6.740171999999999
60878 10440.0 -3047.5386000000003 6148.4473 -10.050201 0.8932212100000001 0.46124631 7.5559604
60878 10860.0 -2359.6812000000004 5677.1044 3050.1446 2.3207406 -2.6604161 6.7523619
60878 11280.0 -1166.91 3991.4284 5457.491 3.2510153 -5.2097312 4.5061358
60878 11700.0 273.95631000000003 1456.5656999999999 6699.650000000001 3.4857507 -6.6415859 1.3026222
60878 12120.0 1656.6163000000001 -1388.2026 6513.0866 2.9791027 -6.6595641 -2.1748617
60878 12540.0 2686.8956000000003 -3937.5813 4937.5455 1.8376412 -5.259735200000001 -5.1923848
60878 12960.0 3144.2752 -5647.1641 2306.8587 0.30092555 -2.7337011 -7.1070462
60878 13380.0 2930.9355 -6151.7971 -816.24855 -1.3004447000000001 0.37659780000000004 -7.5002894
60878 13800.0 2090.7299 -5341.4174 -3766.6479 -2.6249589 3.4076988999999998 -6.289064000000001
60878 14220.0 804.62311 -3391.4745000000003 -5910.2619 -3.3874690000000003 5.7072685000000005 -3.7344475000000004
60878 14640.0 -652.90986 -719.16602 -6791.9858 -3.4273356 6.7870736 -0.38873183
60878 15060.0 -1971.5628000000002 2106.1157000000003 -6225.2192000000005 -2.7380832 6.4228092 3.0390839
60878 15480.0 -2870.4041 4482.8508 -4329.689 -1.4638515 4.688745 5.8241911
60878 15900.0 -3157.5044 5904.3265 -1508.4305 0.12558588 1.9492108000000001 7.3661586
60878 16320.0 -2769.607 6062.914 1634.1138999999998 1.6881644 -1.2058326 7.3333493
60878 16740.0 -1787.5272 4921.4327 4427.5622 2.892971 -4.1076371 5.7341560000000005
60878 17160.0 -424.36474 2730.4532000000004 6273.664900000001 3.4777164 -6.128841 2.9030203
60878 17580.0 1029.2657 -42.700468 6778.4253 3.3186018 -6.8365261 -0.5423624499999999
60878 18000.0 2263.5537999999997 -2806.7632000000003 5834.5606 2.4522155 -6.0866737 -3.8705659000000003
60878 18420.0 3015.1451 -4972.1822 3643.2682000000004 1.0614113 -4.037008 -6.3746608
60878 18840.0 3122.8264 -6075.7161 671.9340400000001 -0.5582359800000001 -1.121792 -7.5164903999999995
60878 19260.0 2562.7093 -5879.9776 -2443.4499 -2.059194 2.0343353 -7.0481898
60878 19680.0 1455.2738000000002 -4428.4776 -5035.769700000001 -3.1180632999999998 4.7509317 -5.07191
60878 20100.0 37.497397 -2032.6902 -6551.7002999999995 -3.5106399 6.4501212 -2.0162493
60878 20520.0 -1388.2768 795.89783 -6669.0829 -3.1556078000000003 6.7750918 1.4676628
60878 20940.0 -2518.2853 3454.8295000000003 -5362.2871 -2.1272859 5.6561481 4.643068100000001
60878 21360.0 -3111.7553 5377.8313 -2909.5888 -0.64126764 3.3239418 6.8292456
60878 21780.0 -3040.1281000000004 6150.9312 165.10834 0.98112838 0.28274543999999996 7.5526843
60878 22200.0 -2317.5347 5607.2141 3205.346 2.3945811 -2.8188371 6.6627625
60878 22620.0 -1099.493 3865.0475 5559.4152 3.2964735000000003 -5.3177201 4.3468274000000005
60878 23040.0 352.66964 1299.6852 6725.732400000001 3.4930208 -6.6761588000000005 1.1069752000000002
60878 23460.0 1729.8113 -1542.4352 6456.3596 2.9458623 -6.612317 -2.3664508
60878 23880.0 2738.5476000000003 -4055.9454 4808.5013 1.7701086000000001 -5.139136000000001 -5.338628300000001
60878 24300.0 3162.9726 -5703.9714 2132.1905 0.21315571 -2.5640953 -7.174427700000001
60878 24720.0 2912.6936 -6135.089599999999 -999.6684200000001 -1.3886041 0.5579107299999999 -7.4713173
60878 25140.0 2035.6986000000002 -5246.2313 -3916.2014 -2.6975722 3.5653447000000003 -6.178056
60878 25560.0 725.52284 -3240.9865 -5997.0353 -3.4270398 5.8068163 -3.554179
60878 25980.0 -739.6953100000001 -543.7434300000001 -6794.8835 -3.4233829 6.8034267 -0.17704067
60878 26400.0 -2047.3226000000002 2269.4628 -6140.895 -2.6904429 6.3497081 3.2344654
60878 26820.0 -2918.6646 4599.0288 -4174.9299 -1.3832124 4.5417077 5.9574167
60878 27240.0 -3167.2604 5947.303900000001 -1315.9245 0.22129872 1.7612817 7.4089052
60878 27660.0 -2739.2421 6025.101000000001 1824.8942 1.7796931999999999 -1.3974112 7.2742715
60878 28080.0 -1726.1028999999999 4816.0076 4575.0398 2.9564589999999997 -4.2541234 5.5834532
60878 28500.0 -344.87828 2580.0532000000003 6347.209400000001 3.501303 -6.199584300000001 2.7025551
60878 28920.0 1109.8406000000002 -205.35165 6764.1674 3.3002496999999997 -6.8236638 -0.75333668
60878 29340.0 2328.085 -2946.8531000000003 5736.420099999999 2.3952035 -5.993698999999999 -4.0528203
60878 29760.0 3049.8633 -5059.928 3482.1444 0.97566446 -3.8796500000000003 -6.4908497
60878 30180.0 3118.707 -6089.3793 481.58842 -0.65551349 -0.9311793300000001 -7.5411366
60878 30600.0 2519.1606 -5814.0016 -2623.1665000000003 -2.1474132 2.2186871000000004 -6.972794
60878 31020.0 1380.0584 -4293.4287 -5164.712 -3.1776269000000004 4.8890099000000005 -4.9098626
60878 31440.0 -54.172883000000006 -1855.0053 -6599.816400000001 -3.5272283000000004 6.509647 -1.8010269
60878 31860.0 -1476.8465 978.94599 -6623.878 -3.1244299 6.7402822 1.6881785
60878 32280.0 -2584.7095 3604.1898 -5232.2885 -2.0551179000000004 5.5336429 4.8183137
60878 32700.0 -3140.9422999999997 5460.1781 -2721.1825 -0.54494178 3.1428254000000004 6.9217608
60878 33120.0 -3025.7567000000004 6148.9613 373.05123 1.0835565999999999 0.07714404000000001 7.5435481
60878 33540.0 -2263.2011 5522.1413 3387.1175000000003 2.4800340000000003 -3.0040484000000003 6.549091000000001
60878 33960.0 -1017.3159 3716.2122000000004 5676.4468 3.3444691 -5.4381388 4.1546798
60878 34380.0 445.50124 1118.0744 6752.6992 3.4949038999999997 -6.709194000000001 0.8777836800000001
60878 34800.0 1813.4906 -1718.0905 6387.492700000001 2.9010875 -6.5513676 -2.5856573
60878 35220.0 2794.9787 -4187.978 4657.7123 1.6873432000000002 -4.995832900000001 -5.5024565
60878 35640.0 3181.2379 -5766.2843 1932.3808999999999 0.10977461 -2.3669933000000003 -7.2427678
60878 36060.0 2885.7508 -6108.6767 -1207.4707 -1.4907262000000001 0.76556751 -7.4347737
60878 36480.0 1971.2074 -5140.3072 -4086.4429 -2.7756939000000003 3.7391449 -6.0383396000000005
60878 36900.0 635.0086 -3071.6951000000004 -6086.4846 -3.4679055 5.91345 -3.3516028
60878 37320.0 -837.3376400000001 -347.77013 -6788.9867 -3.4152460000000002 6.8186794 0.060538648
60878 37740.0 -2130.8898 2450.5534 -6037.3961 -2.6326533 6.2644033 3.4524418000000003
60878 38160.0 -2969.5716 4725.798400000001 -3993.3674 -1.2885682999999999 4.373292999999999 6.1034181
60878 38580.0 -3174.5407999999998 5992.572099999999 -1094.7484 0.33012357 1.5495623 7.4477776
60878 39000.0 -2702.4789 5981.3707 2038.0793 1.8764719 -1.6008346 7.1991779
60878 39420.0 -1655.0275000000001 4696.8099 4736.2162 3.0203702 -4.4037871 5.416390900000001
60878 39840.0 -256.03776 2414.7415 6425.973400000001 3.5209517999999997 -6.266327 2.4849506999999997
60878 40260.0 1197.2543 -379.44822999999997 6749.1597 3.2743795 -6.799035600000001 -0.97459315
60878 40680.0 2396.1405 -3092.7459 5635.2665 2.3305949999999998 -5.886857699999999 -4.2355393999999995
60878 41100.0 3084.1027999999997 -5146.5201 3316.7721 0.8841447 -3.7119917 -6.6042591
60878 41520.0 3111.3024 -6097.4017 286.62503000000004 -0.7581208500000001 -0.73134029 -7.5616509
60878 41940.0 2469.8339 -5737.839 -2805.1765 -2.2406846999999996 2.4125032 -6.890651300000001
60878 42360.0 1297.2803999999999 -4144.536700000001 -5292.2489000000005 -3.240358 5.034827900000001 -4.7360997
60878 42780.0 -153.76714 -1662.2891000000002 -6642.6966 -3.5421139 6.5694799 -1.5696875000000001
60878 43200.0 -1571.6888000000001 1175.4883 -6566.8346 -3.0872932 6.6980829 1.9233562
60878 43620.0 -2654.2513 3762.5351 -5085.5651 -1.9741879 5.397446 5.0014957
60878 44040.0 -3170.5709 5546.9006 -2516.3922000000002 -0.43979860000000004 2.9451312 7.0097484
60878 44460.0 -3010.507 6147.956 591.16833 1.1879191 -0.13455818 7.5183226
60878 44880.0 -2208.7718999999997 5438.6322 3572.4934 2.5602222 -3.1809696 6.420767700000001
60878 45300.0 -937.07038 3572.2277000000004 5792.050700000001 3.3855304999999998 -5.544851700000001 3.9575268
60878 45720.0 533.6271700000001 947.27184 6778.4997 3.4911558 -6.728925500000001 0.65468538
60878 46140.0 1890.9153000000001 -1878.6651000000002 6321.6981 2.8548445 -6.4842209 -2.7920486
60878 46560.0 2845.4687000000004 -4304.2735 4515.5324 1.6070168000000002 -4.8550721 -5.6544036
60878 46980.0 3191.3926 -5809.0053 1741.6915000000001 0.0094038005 -2.1786016 -7.3146202
60878 47400.0 2852.2999 -6066.8611 -1406.9206000000001 -1.5950038 0.97404963 -7.403561
60878 47820.0 1899.9933999999998 -5020.420700000001 -4252.246700000001 -2.8564597 3.9170718000000004 -5.897229
60878 48240.0 539.69359 -2895.8827 -6181.8877 -3.5027855 6.0137271000000005 -3.1270576
60878 48660.0 -936.43453 -150.53207 -6783.452 -3.398567 6.8200677 0.30944408
60878 49080.0 -2212.6222000000002 2627.2688 -5931.5217 -2.5680003 6.1668779 3.6729113000000004
60878 49500.0 -3016.1684 4843.843400000001 -3809.0813 -1.188784 4.1961824 6.249579
60878 49920.0 -3175.3617000000004 6025.6062 -870.62869 0.44440291000000004 1.3290367 7.4875921
60878 50340.0 -2656.534 5920.7436 2254.3417000000004 1.9806983 -1.8180074 7.122411199999999
60878 50760.0 -1571.483 4553.9969 4898.0042 3.0916536000000003 -4.5703529 5.2383656
60878 51180.0 -152.42959 2219.3343999999997 6498.0728 3.5433856 -6.3454533 2.24379
60878 51600.0 1298.9496000000001 -586.23596 6715.7745 3.2430145 -6.7730201 -1.2263991
60878 52020.0 2474.3785000000003 -3267.0716 5503.6075 2.2523235 -5.761115 -4.442959
60878 52440.0 3122.5481 -5251.7042 3115.6358999999998 0.7761952700000001 -3.5141884 -6.7217822
60878 52860.0 3102.3383 -6111.9589000000005 59.851212000000004 -0.87182177 -0.50555048 -7.5643729
60878 53280.0 2416.2607000000003 -5660.3404 -3008.744 -2.3355837000000004 2.6170976 -6.7797871
60878 53700.0 1211.347 -3993.2826 -5429.6058 -3.2969377 5.1754259000000005 -4.5373567
60878 54120.0 -253.4128 -1468.9242 -6680.1773 -3.551991 6.6248852 -1.3201835000000002
60878 54540.0 -1663.8997 1369.3266 -6498.3729 -3.0434623000000003 6.6493983 2.1789868
60878 54960.0 -2717.9892999999997 3915.0366000000004 -4918.1822 -1.8838540000000001 5.2508733 5.20856
60878 55380.0 -3189.1151 5620.9555 -2280.5423 -0.31843346000000006 2.7238234 7.1216182
60878 55800.0 -2975.8821000000003 6120.7137999999995 847.86894 1.3148294 -0.38668759 7.50244
60878 56220.0 -2124.9988 5309.0452000000005 3794.3069 2.6622393000000004 -3.4056988 6.2734725
60878 56640.0 -820.25689 3363.7452000000003 5929.2405 3.4369783000000003 -5.686808699999999 3.7098760000000004
60878 57060.0 658.91173 703.30311 6800.6785 3.4793437 -6.7524617 0.36614585
60878 57480.0 1998.4229 -2106.3657000000003 6226.3667000000005 2.7840967 -6.3853472 -3.0516593
60878 57900.0 2914.0108999999998 -4469.103700000001 4327.9524 1.4963457 -4.6614176 -5.8258666
60878 58320.0 3209.7855 -5881.1353 1506.6553999999999 -0.11464073999999999 -1.9382734000000001 -7.364712000000001
60878 58740.0 2820.576 -6037.883 -1636.5522 -1.7056787 1.2066914 -7.330003700000001
60878 59160.0 1828.2291000000002 -4903.4363 -4428.7397 -2.9337775 4.097231799999999 -5.7229624
60878 59580.0 444.72357 -2719.9003 -6270.8341 -3.5342189 6.110937600000001 -2.8885809
60878 60000.0 -1033.9284 45.423341 -6767.8827 -3.3785955 6.8172477 0.5652173699999999
60878 60420.0 -2291.4258 2800.6198 -5814.587 -2.498769 6.0631085 3.9001394
60878 60840.0 -3057.6136 4955.3955000000005 -3610.8949 -1.0826954000000002 4.009754 6.402271300000001
60878 61260.0 -3167.8793 6047.0905 -630.57006 0.56719427 1.0938142 7.529613400000001
60878 61680.0 -2598.5998 5841.664900000001 2485.598 2.0935321 -2.0529351 7.037507400000001
60878 62100.0 -1473.4193 4386.6664 5068.852400000001 3.1672483000000002 -4.7499312 5.0398227
60878 62520.0 -33.879773 1996.1585 6569.037 3.5631971 -6.4260263 1.9761067
60878 62940.0 1412.9609 -818.4541899999999 6670.5111 3.2020597 -6.7345933 -1.5010584
60878 63360.0 2559.9877 -3459.3552999999997 5352.8998 2.1609073 -5.613409 -4.6604909
60878 63780.0 3162.8387000000002 -5364.7754 2894.674 0.65691728 -3.2942013 -6.833723
60878 64200.0 3091.1857999999997 -6125.9395 -182.11955 -0.99194666 -0.26452609 -7.5509502
60878 64620.0 2358.9663 -5577.9427000000005 -3219.8062000000004 -2.4314493 2.8268098 -6.6497983000000005
60878 65040.0 1122.1196000000002 -3836.7407000000003 -5566.8719 -3.3508977 5.313367599999999 -4.322553399999999
60878 65460.0 -354.70764 -1275.1157 -6720.412700000001 -3.5534681999999997 6.6625238 -1.0702935
60878 65880.0 -1755.621 1558.9919 -6433.0135 -2.9964858 6.587861 2.4124252999999998
60878 66300.0 -2782.9543 4061.6125 -4771.972400000001 -1.7940555 5.0956571 5.3790777
60878 66720.0 -3211.5599 5689.9219 -2083.1023 -0.21019232 2.5190826000000004 7.1954181
60878 67140.0 -2952.5468 6100.1865 1053.7291 1.4211091 -0.60114124 7.4686065
60878 67560.0 -2060.9962 5203.592900000001 3964.3221000000003 2.7464632 -3.589324 6.1386399
60878 67980.0 -727.0497700000001 3190.7254 6024.045 3.4841711 -5.808635100000001 3.49437
60878 68400.0 761.47219 498.09071000000006 6794.6815 3.4752076 -6.7801697999999995 0.10933952
60878 68820.0 2087.6561 -2300.7688 6112.7385 2.7252199 -6.3056442 -3.2977027
60878 69240.0 2968.4606000000003 -4608.734 4123.430200000001 1.3924585999999999 -4.484337099999999 -6.0032321
60878 69660.0 3214.9929 -5931.9253 1250.8515 -0.24020901 -1.7012301 -7.4260811
60878 70080.0 2773.63 -5985.8695 -1889.8713 -1.8222268 1.4468138 -7.257436
60878 70500.0 1736.0254 -4753.5886 -4625.019 -3.0161468 4.2872553 -5.5372870999999995
60878 70920.0 325.79043 -2501.3271 -6365.929700000001 -3.5657494 6.2138824999999995 -2.6240590000000004
60878 71340.0 -1152.8197 283.45628999999997 -6741.221500000001 -3.3472082999999997 6.8036771 0.86223
60878 71760.0 -2385.7087 3008.4185 -5673.5190999999995 -2.4086529 5.9272942 4.153653500000001
60878 72180.0 -3107.4686 5088.379400000001 -3388.4674 -0.95619791 3.78446 6.5498907
60878 72600.0 -3161.9976 6076.0162 -373.01039000000003 0.7016555200000001 0.8321746000000001 7.5472182000000005
60878 73020.0 -2539.3678999999997 5762.4805 2722.6403 2.2089045 -2.2974316 6.9244154
60878 73440.0 -1369.9778000000001 4209.075900000001 5233.3975 3.2446101 -4.9358741 4.821968300000001
60878 73860.0 91.165159 1758.2527 6622.9605 3.583631 -6.5141504999999995 1.6824136
60878 74280.0 1532.6719 -1067.3095 6595.733700000001 3.1559613 -6.6962725 -1.8090891
60878 74700.0 2647.2235 -3665.1931 5157.8021 2.0548982000000002 -5.4497233 -4.9137181000000005
60878 75120.0 3196.6818 -5480.684700000001 2616.051 0.5137134 -3.0378227000000004 -6.9694953
60878 75540.0 3063.1328 -6125.2243 -486.17964 -1.1381419000000002 0.024671364 -7.5330706
60878 75960.0 2275.0324 -5460.861900000001 -3484.0570000000002 -2.546115 3.0804131000000003 -6.4833402
60878 76380.0 1001.4563 -3631.3803 -5737.0762 -3.4081291 5.4723993 -4.0509246
60878 76800.0 -485.37353 -1028.7344 -6765.5467 -3.543669 6.696369300000001 -0.75789799
60878 77220.0 -1868.909 1792.7058000000002 -6350.7113 -2.9249703 6.4953836 2.6983146000000002
60878 77640.0 -2854.0229 4231.7524 -4578.9589000000005 -1.6804325 4.9077635 5.5862459
60878 78060.0 -3233.0194 5772.300200000001 -1831.3803 -0.074311081 2.2656235000000002 7.2738273
60878 78480.0 -2916.9782000000005 6071.5837 1309.7858999999999 1.5462887 -0.8544481100000001 7.414715
60878 78900.0 -1977.1648 5072.2682 4169.1962 2.8392667 -3.7960312 5.9714716
60878 79320.0 -614.73663 2989.898 6138.8499 3.5248742 -5.9259641 3.2462319
60878 79740.0 878.27327 271.35526 6797.299 3.4557046000000002 -6.7841568 -0.16621352
60878 80160.0 2184.4034 -2505.119 6004.9385999999995 2.6513288 -6.1976168 -3.5380412999999997
60878 80580.0 3025.7155000000002 -4748.5369 3931.4676 1.282022 -4.2912797000000005 -6.1566741
60878 81000.0 3222.4575 -5980.3658 1018.3195000000001 -0.36256672 -1.4673189 -7.4630043
60878 81420.0 2731.8333 -5936.499900000001 -2112.358 -1.9311117 1.6718416999999999 -7.1741571
60878 81840.0 1658.488 -4626.420099999999 -4791.504900000001 -3.0869437 4.4527038 -5.3516191
60878 82260.0 231.67996 -2330.3659 -6446.8202 -3.5840354000000003 6.2823112000000005 -2.3876295
60878 82680.0 -1244.4538 462.04023 -6725.1465 -3.3175149000000004 6.7735612000000005 1.0871034
60878 83100.0 -2455.0013 3155.5356 -5565.2903 -2.3420861 5.8195784 4.3365957
60878 83520.0 -3146.0499 5182.890200000001 -3219.0096000000003 -0.86328011 3.6143816 6.6497068
60878 83940.0 -3159.7527000000005 6093.216200000001 -181.86705 0.79954885 0.64094492 7.5488961
60878 84360.0 -2498.5312000000004 5702.0569000000005 2894.2376 2.291216 -2.4684685 6.832148
60878 84780.0 -1304.2045 4094.3014 5351.237700000001 3.2923978000000003 -5.0475359 4.655529400000001
60878 85200.0 168.02521 1614.2416 6665.295700000001 3.5910241000000003 -6.5478471 1.4886057000000001
60878 85620.0 1604.4837 -1209.3836000000001 6556.893900000001 3.1250982 -6.6541438 -1.996078
60878 86040.0 2698.946 -3775.1029 5047.6695 1.9913711 -5.3409215 -5.0612989
60879 60.0 3218.9242000000004 -5537.5095 2460.3716 0.42822971000000004 -2.879443 -7.044238900000001
60879 480.0 3051.0787 -6116.7756 -654.4721400000001 -1.2246251 0.19446451 -7.515802300000001
60879 900.0 2228.9692000000005 -5384.2065 -3628.0165 -2.616553 3.2260473000000003 -6.384851800000001
60879 1320.0 931.7174699999999 -3503.7404 -5825.585900000001 -3.4484316 5.565275400000001 -3.8899761
60879 1740.0 -564.04565 -876.88509 -6779.0232000000005 -3.545048 6.7165764 -0.56788589
60879 2160.0 -1939.6772 1936.5828999999999 -6285.253900000001 -2.8865273000000005 6.437688199999999 2.8773128000000003
60879 2580.0 -2901.3707000000004 4336.532200000001 -4447.3515 -1.6100889 4.783712 5.7154238
60879 3000.0 -3247.1057 5815.8149 -1662.7471 0.012859843 2.1010728 7.3230835
60879 3420.0 -2894.1377 6043.5828 1480.2658000000001 1.6310885000000002 -1.0228217 7.374730700000001
60879 3840.0 -1921.3811 4976.7843 4304.1995 2.9066048 -3.93879 5.8484605
60879 4260.0 -537.61947 2846.3003 6207.9131 3.5588234 -6.0114049000000005 3.0603989
60879 4680.0 960.68785 108.34111 6781.791700000001 3.4472446 -6.7910813 -0.3764543
60879 5100.0 2253.9647000000004 -2653.1579 5902.9934 2.5991733 -6.1197565 -3.732252
60879 5520.0 3065.4685 -4847.5493 3759.1176 1.1945196 -4.1390956 -6.290728199999999
60879 5940.0 3221.1586 -6004.8526 808.8881600000001 -0.46665668 -1.2714089 -7.5012303000000005
60879 6360.0 2687.7441000000003 -5877.5533 -2315.0368 -2.0265397000000003 1.8654054000000002 -7.1027925
60879 6780.0 1580.1478000000002 -4494.7765 -4943.634099999999 -3.1503553 4.5963715 -5.1871301
60879 7200.0 136.18341 -2155.2104 -6517.1392000000005 -3.6009171 6.3418422 -2.1710045
60879 7620.0 -1336.7582 642.21302 -6702.7417000000005 -3.2862448 6.738304 1.3031464000000001
60879 8040.0 -2525.7121 3303.0966000000003 -5460.960099999999 -2.2724921 5.7026931 4.5041511000000005
60879 8460.0 -3176.833 5260.4809000000005 -3053.5389 -0.77069491 3.4472141 6.7523954
60879 8880.0 -3149.3897 6093.9986 7.1866031 0.9005934 0.44728274 7.558806400000001
60879 9300.0 -2447.3585000000003 5622.2552000000005 3066.5822000000003 2.3815337 -2.6529778000000004 6.7430114
60879 9720.0 -1221.0038000000002 3946.0094 5467.312400000001 3.3514888000000003 -5.183034800000001 4.480143600000001
60879 10140.0 266.56136 1425.5569 6695.2664 3.6033445000000004 -6.6009295 1.2603761
60879 10560.0 1697.1732 -1399.575 6488.543900000001 3.0853835 -6.607797 -2.2269574
60879 10980.0 2765.1512000000002 -3925.6378 4891.6135 1.9074101 -5.2018773000000005 -5.2395264
60879 11400.0 3241.592 -5611.8237 2245.4532999999997 0.31974321 -2.6808222 -7.1312468
60879 11820.0 3024.0548 -6096.5736 -882.79732 -1.336539 0.4142 -7.4926256
60879 12240.0 2159.8149 -5277.545 -3821.6517000000003 -2.7039983000000003 3.4144147 -6.248450399999999
60879 12660.0 834.50335 -3332.2338 -5943.6017 -3.4915703 5.6785988 -3.6740253
60879 13080.0 -668.3155899999999 -678.25095 -6798.3546 -3.5351808 6.7304198 -0.32323671000000004
60879 13500.0 -2029.1917 2119.7704 -6205.4852 -2.8277986 6.3523533 3.0958882
60879 13920.0 -2958.523 4466.8777 -4289.777 -1.516627 4.620720400000001 5.8621913999999995
60879 14340.0 -3256.4549 5860.7351 -1455.7705 0.12358861 1.8951026 7.383199800000001
60879 14760.0 -2857.7167999999997 6000.465700000001 1689.6714 1.7408353 -1.2424824 7.321001900000001
60879 15180.0 -1846.7449 4854.5895 4472.110900000001 2.9853454000000004 -4.1142699 5.6862246999999995
60879 15600.0 -440.39768 2669.3405000000002 6294.5673 3.58949 -6.1017812000000005 2.8343059
60879 16020.0 1060.0944 -86.50181 6767.9551 3.4260846000000003 -6.7831056 -0.62082471
60879 16440.0 2334.2164 -2823.9434 5791.809700000001 2.5307522 -6.01525 -3.9432096000000003
60879 16860.0 3109.4146 -4957.6947 3574.3947000000003 1.0930993000000002 -3.9599839 -6.4237042
60879 17280.0 3219.2246 -6030.52 590.05461 -0.57977036 -1.0555063 -7.5276739
60879 17700.0 2640.0962000000004 -5812.8422 -2521.1382000000003 -2.1271388 2.0721427 -7.0165363
60879 18120.0 1496.565 -4352.6674 -5092.630400000001 -3.2169144000000003 4.7497829000000005 -5.0067294
60879 18540.0 34.498139 -1965.944 -6576.9722 -3.6189746 6.4088766999999995 -1.9345594000000002
60879 18960.0 -1434.9494 838.58574 -6660.2393 -3.251822 6.7044309 1.5451354
60879 19380.0 -2599.4839 3464.8558 -5324.8424 -2.1927221 5.5746682000000005 4.699702
60879 19800.0 -3210.3914 5353.1003 -2852.7802 -0.6627147099999999 3.2524313000000005 6.8588415000000005
60879 20220.0 -3135.7588 6098.044900000001 229.43081 1.0130513 0.2283064 7.5529156
60879 20640.0 -2389.8837000000003 5537.640200000001 3262.6726000000003 2.4740545000000003 -2.8483956 6.6268801
60879 21060.0 -1132.3977 3791.7898999999998 5595.6855000000005 3.4046495 -5.3131705 4.2800566
60879 21480.0 367.23557 1235.2309 6729.2082 3.6065666000000003 -6.6393461 1.0196552
60879 21900.0 1788.4855 -1585.1964 6421.6507 3.0381351 -6.5469551 -2.457837
60879 22320.0 2827.5937000000004 -4066.8187000000003 4738.4757 1.8195777000000002 -5.0548192 -5.411959700000001
60879 22740.0 3261.7294 -5678.2926 2038.8798000000002 0.20971156999999999 -2.4784344000000003 -7.2086882
60879 23160.0 2997.3874 -6073.8 -1098.5791000000002 -1.4452992 0.6290281400000001 -7.4581631
60879 23580.0 2091.9726 -5170.1927000000005 -4000.2441000000003 -2.7880679 3.5955917 -6.109236
60879 24000.0 739.8187800000001 -3162.8536000000004 -6046.6073 -3.5330626000000005 5.787524500000001 -3.4599307
60879 24420.0 -769.75334 -482.67814000000004 -6803.496099999999 -3.5252432 6.7439421 -0.07970848800000001
60879 24840.0 -2115.7891 2300.0457 -6111.1858 -2.7682839 6.267189900000001 3.3172804
60879 25260.0 -3011.7071 4593.374900000001 -4115.6792000000005 -1.4198823 4.4543531000000005 6.013714200000001
60879 25680.0 -3264.4917 5905.921 -1238.7008 0.23692769000000002 1.6830197 7.4318052
60879 26100.0 -2819.0012 5954.991400000001 1903.1015 1.8459979000000002 -1.4540929 7.255438900000001
60879 26520.0 -1769.6595 4728.5122 4636.192099999999 3.0595604 -4.2794409 5.5212187
60879 26940.0 -341.59009000000003 2490.164 6374.5382 3.6170328 -6.185267700000001 2.6061060000000005
60879 27360.0 1159.5553 -280.3573 6747.2164 3.4014533 -6.7679586 -0.86331064
60879 27780.0 2413.1246 -2991.0267000000003 5675.291 2.4592132 -5.905128700000001 -4.148534300000001
60879 28200.0 3150.9284 -5062.367200000001 3387.2785 0.98977627 -3.778223 -6.548489
60879 28620.0 3214.4606000000003 -6050.3802000000005 372.50053 -0.6928078000000001 -0.84074663 -7.5451766
60879 29040.0 2590.0443999999998 -5743.576400000001 -2722.4545000000003 -2.225777 2.2739501 -6.9231125
60879 29460.0 1411.4578000000001 -4208.1672 -5234.380700000001 -3.2805936 4.8964076 -4.8227874
60879 29880.0 -67.390095 -1777.2801000000002 -6628.8408 -3.6337321000000005 6.4687167 -1.698234
60879 30300.0 -1531.9788999999998 1031.5062 -6610.5402 -3.21429 6.6643802 1.7836902000000001
60879 30720.0 -2670.9197999999997 3620.9688 -5183.5386 -2.1105609 5.4425254999999995 4.8892782
60879 31140.0 -3240.8306000000002 5438.8815 -2649.667 -0.5534507 3.0561798 6.9579801
60879 31560.0 -3118.9602000000004 6095.6522 450.67511 1.1253862 0.011106362000000002 7.5390969
60879 31980.0 -2329.5703 5447.9719000000005 3454.6729 2.5651189 -3.0391099 6.5042425999999995
60879 32400.0 -1041.8279 3634.9271000000003 5717.7965 3.4551405 -5.4367261 4.076258
60879 32820.0 468.55808 1045.2673 6756.1716 3.6063422000000003 -6.6705273 0.77869231
60879 33240.0 1878.9383 -1767.5266000000001 6348.4112000000005 2.9874849 -6.4800287 -2.685369
60879 33660.0 2887.8740000000003 -4202.6578 4580.7608 1.7289679000000002 -4.9037995 -5.5787149000000005
60879 34080.0 3278.7657000000004 -5738.2824 1830.4828 0.098028494 -2.2746661 -7.278946
60879 34500.0 2967.2022 -6044.559 -1313.0720000000001 -1.5543498 0.8423933100000001 -7.4163553
60879 34920.0 2020.5821 -5057.094099999999 -4174.5652 -2.8711044 3.7729327 -5.9642163
60879 35340.0 642.24035 -2989.5615000000003 -6143.1652 -3.5721963999999997 5.8909975999999995 -3.2417952
60879 35760.0 -872.8318800000001 -285.76329 -6801.0445 -3.5117734 6.7508064999999995 0.16504998
60879 36180.0 -2202.4117 2478.7942000000003 -6009.5446 -2.7047865000000004 6.1752839999999996 3.5361168
60879 36600.0 -3063.356 4715.8098 -3936.1452999999997 -1.3198977 4.282989 6.1588229000000005
60879 37020.0 -3270.6557000000003 5946.7693 -1019.9877 0.35152403 1.4693459 7.4701052
60879 37440.0 -2778.4042999999997 5905.5306 2113.9024 1.9497873 -1.6621613 7.1802653
60879 37860.0 -1691.6975 4600.7877 4794.2755 3.1305632 -4.4373307 5.3504404
60879 38280.0 -243.29413 2312.4699 6447.0961 3.6410039000000003 -6.2607624 2.3772269
60879 38700.0 1257.1014 -469.61677000000003 6719.7586 3.3738169 -6.7463633000000005 -1.1024078
60879 39120.0 2489.1276000000003 -3151.4635 5553.969099999999 2.3856444000000003 -5.791119800000001 -4.3486054
60879 39540.0 3188.89 -5159.2910999999995 3197.8106000000002 0.88525636 -3.594981 -6.6674123000000005
60879 39960.0 3205.7527999999998 -6062.251 155.03398 -0.80650528 -0.62623667 -7.556965600000001
60879 40380.0 2536.0781 -5667.064 -2921.4438999999998 -2.3242411 2.4741361000000004 -6.8235033000000005
60879 40800.0 1321.2104 -4053.942 -5369.2566 -3.3445224 5.0419063 -4.6363748
60879 41220.0 -174.22413 -1579.476 -6672.0522 -3.6468621 6.5257132 -1.4571714
60879 41640.0 -1632.6904 1231.508 -6550.381200000001 -3.1724576000000004 6.617306800000001 2.0252081
60879 42060.0 -2743.927 3780.5781 -5031.765200000001 -2.0231341 5.3010566 5.0753144
60879 42480.0 -3271.0679 5524.826599999999 -2439.2808999999997 -0.44099409000000006 2.8533503000000002 7.045789200000001
60879 42900.0 -3100.7379 6091.0365 674.71666 1.2376277 -0.20683631 7.5118489
60879 43320.0 -2268.6064 5357.1953 3644.2531000000004 2.652368 -3.2232111 6.370888
60879 43740.0 -952.61315 3480.7356 5834.3991 3.5003267 -5.5496735 3.868817
60879 44160.0 566.42395 862.4206700000001 6777.7582 3.601846 -6.692163 0.5414605699999999
60879 44580.0 1964.6317 -1939.5978 6272.3802000000005 2.9350593 -6.4082009 -2.9053947
60879 45000.0 2944.9058 -4329.4985 4427.3527 1.6379496999999998 -4.7500667000000005 -5.733817
60879 45420.0 3296.1963 -5793.9614 1636.7137 -0.0092655954 -2.0761689000000003 -7.3317066
60879 45840.0 2940.2617000000005 -6015.6556 -1507.2853 -1.6537118000000002 1.0375912 -7.366533
60879 46260.0 1953.9978 -4947.6547 -4327.0028 -2.9463164 3.9304605 -5.830494300000001
60879 46680.0 550.32394 -2823.2819 -6221.7880000000005 -3.6095616 5.9849891 -3.0412271
60879 47100.0 -970.12792 -98.4962 -6788.0159 -3.4992813000000003 6.7542765000000005 0.39253825999999997
60879 47520.0 -2284.0452999999998 2647.4186 -5904.4903 -2.6440709 6.0844429 3.7379290000000003
60879 47940.0 -3111.6273 4829.5911 -3760.3921 -1.2250721000000002 4.1180285 6.2867834
60879 48360.0 -3276.0046 5982.3628 -812.6909 0.45686638 1.2710353 7.4942397000000005
60879 48780.0 -2741.4698 5858.744900000001 2308.632 2.0420733 -1.8483548 7.0992372
60879 49200.0 -1622.2471 4485.6544 4936.5846 3.1904387 -4.5706776 5.1873909000000005
60879 49620.0 -157.46376999999998 2157.0258 6510.226900000001 3.658153 -6.3167311 2.1701422
60879 50040.0 1340.7901000000002 -630.79268 6694.1096 3.3468887 -6.7178198 -1.3112238
60879 50460.0 2553.032 -3283.7902000000004 5447.1232 2.3205356000000004 -5.6858647 -4.5200642
60879 50880.0 3224.9967 -5243.575400000001 3038.3002 0.78986794 -3.4226571 -6.7592308999999995
60879 51300.0 3200.2207000000003 -6069.1327 -23.738193 -0.9061526599999999 -0.43651564000000004 -7.5570661
60879 51720.0 2490.6530000000002 -5596.0066 -3080.7085 -2.4112815999999997 2.6488061 -6.7334623
60879 52140.0 1247.6371000000001 -3924.3005000000003 -5476.0644 -3.3997247 5.166169200000001 -4.4644525999999995
60879 52560.0 -262.442 -1412.6515 -6696.2895 -3.6600103 6.575807200000001 -1.2404311000000001
60879 52980.0 -1716.2935 1400.7672 -6480.8842 -3.1377932 6.578950300000001 2.2474878
60879 53400.0 -2803.2351000000003 3914.7873 -4875.9174 -1.9435495 5.174265900000001 5.2566633000000005
60879 53820.0 -3289.9691000000003 5590.591 -2224.1386 -0.33179122 2.6599387 7.140032100000001
60879 54240.0 -3071.9700000000003 6068.8892000000005 905.44128 1.3505794000000002 -0.42326080000000005 7.489904900000001
60879 54660.0 -2196.8775 5249.0442 3840.8467 2.7402707 -3.4084167 6.2349773
60879 55080.0 -853.0465300000001 3309.4619 5955.568200000001 3.5419386 -5.6579125999999995 3.6538265
60879 55500.0 672.10773 666.4760699999999 6801.4383 3.5893756 -6.6998476 0.30209914
60879 55920.0 2054.6620000000003 -2117.9373 6200.397400000001 2.8750972000000004 -6.319541 -3.1129886
60879 56340.0 3000.6974 -4452.2507000000005 4278.8954 1.5474543 -4.5938586 -5.8724169
60879 56760.0 3307.1052999999997 -5837.4682 1442.8413 -0.11569700000000001 -1.8806232 -7.3851523
60879 57180.0 2906.3352999999997 -5974.1923 -1701.9584 -1.7583892 1.2423043 -7.3162062
60879 57600.0 1883.0568 -4831.2341 -4481.1316 -3.0254225000000003 4.100992199999999 -5.6756965
60879 58020.0 456.46311 -2653.5807000000004 -6298.1247 -3.643817 6.0792149 -2.8188033
60879 58440.0 -1067.9523000000002 91.788203 -6764.911099999999 -3.4820761000000005 6.754868900000001 0.63983104
60879 58860.0 -2363.7157 2816.9944 -5781.0023 -2.5760799000000003 5.9867858 3.9612104
60879 59280.0 -3153.8628 4939.6517 -3556.9991 -1.1175897 3.9364000999999997 6.4363961000000005
60879 59700.0 -3268.5621 6004.4030999999995 -569.1651999999999 0.58132566 1.0414062 7.5310351
60879 60120.0 -2683.3686000000002 5783.5175 2541.0948 2.1538744000000003 -2.0729028 7.0088303
60879 60540.0 -1524.6852 4326.763 5107.3426 3.2622714999999998 -4.7356744 4.989339200000001
60879 60960.0 -41.294136 1948.6648 6583.344 3.6733577 -6.3827019 1.9131162
60879 61380.0 1450.9363 -843.36997 6657.6491 3.3040463 -6.6723039 -1.5655568000000002
60879 61800.0 2635.055 -3456.2161 5314.6674 2.2321258 -5.5441596 -4.714834700000001
60879 62220.0 3258.3339 -5333.2971 2837.8233999999998 0.68097365 -3.2305006 -6.8662241999999996
60879 62640.0 3185.9086 -6071.3953 -245.9687 -1.020437 -0.21911462 -7.5521522999999995
60879 63060.0 2431.639 -5510.0571 -3277.1136 -2.5059529000000005 2.8436502 -6.6177479
60879 63480.0 1156.6755 -3768.8715 -5604.727400000001 -3.4544211000000002 5.2961206 -4.263680900000001
60879 63900.0 -365.75813 -1221.4702 -6730.2645 -3.6632466 6.6133661 -0.9985008900000001
60879 64320.0 -1810.0848 1586.9928 -6413.7081 -3.089107 6.5167079 2.4792746
60879 64740.0 -2867.3841 4055.9853 -4722.427 -1.8536651 5.0261077 5.4286951
60879 65160.0 -3310.9345 5656.7863 -2017.588 -0.21971514 2.4573530999999997 7.2162024
60879 65580.0 -3045.3262999999997 6045.9802 1120.6482 1.4611380999999999 -0.6373435399999999 7.454225800000001
60879 66000.0 -2128.3772000000004 5141.9924 4018.4433 2.8259073 -3.5886039000000003 6.094986
60879 66420.0 -757.08958 3140.6961 6057.317 3.5847214 -5.766339299999999 3.4392188000000004
60879 66840.0 775.24108 471.58283 6805.0511 3.5800621 -6.713521 0.057689158
60879 67260.0 2142.9751 -2297.6547 6104.0825 2.814989 -6.2346899 -3.3357821
60879 67680.0 3055.0624 -4578.245900000001 4102.1708 1.448787 -4.4273869 -6.0253232
60879 68100.0 3315.3317 -5882.0717 1222.5948 -0.23194990999999998 -1.6676503 -7.4342572
60879 68520.0 2866.5324 -5927.688 -1918.4787 -1.866516 1.4549749 -7.2496312
60879 68940.0 1803.7993000000001 -4703.7813 -4647.5657 -3.1016889 4.2666356 -5.5082755
60879 69360.0 354.92975 -2473.0186000000003 -6379.2618 -3.6718768 6.162122 -2.5878574
60879 69780.0 -1169.834 286.33843 -6743.842900000001 -3.4568592 6.7388062 0.88379044
60879 70200.0 -2444.6317999999997 2984.4338 -5663.6279 -2.5030598 5.875568400000001 4.1670808
60879 70620.0 -3196.656 5044.271900000001 -3369.0564 -1.0123662 3.7539377 6.5605439
60879 71040.0 -3264.2674 6024.1025 -351.22051 0.69625716 0.82685471 7.5472228999999995
60879 71460.0 -2633.0627999999997 5714.3511 2742.2211 2.2540052999999998 -2.273694 6.9141867
60879 71880.0 -1438.9388000000001 4183.1569 5248.5961 3.3267585 -4.8806828 4.8047891
60879 72300.0 61.484118 1761.5087 6634.626200000001 3.6885106000000003 -6.4413484 1.6769089
60879 72720.0 1548.9206000000001 -1034.4522 6607.5131 3.2664050000000002 -6.6319273 -1.8035924
60879 73140.0 2707.2691 -3610.5585 5173.1426 2.1491998 -5.4126180999999995 -4.903993900000001
60879 73560.0 3289.1182000000003 -5417.7456 2634.6186000000002 0.57023508 -3.0352737000000003 -6.9651993
60879 73980.0 3168.6247000000003 -6067.9263 -467.36705 -1.1348379 -0.0026206511 -7.5384613
60879 74400.0 2369.971 -5419.518400000001 -3469.2597 -2.5989915999999997 3.0341192 -6.4948414
60879 74820.0 1064.0662 -3611.199 -5726.7390000000005 -3.5060965000000004 5.41957 -4.0589764
60879 75240.0 -469.34582 -1030.8307 -6756.7005 -3.6629816 6.6441636 -0.7564838600000001
60879 75660.0 -1902.5488 1769.7756000000002 -6339.536700000001 -3.0373128 6.4490433000000005 2.7075138
60879 76080.0 -2929.0222000000003 4191.8753 -4563.8617 -1.7612689000000001 4.8744269000000005 5.595023
60879 76500.0 -3328.5331 5716.6774000000005 -1808.6903 -0.10615874 2.2536291 7.2852277
60879 76920.0 -3014.9874 6016.8567 1335.0719 1.5717003 -0.8497779799999999 7.4110015
60879 77340.0 -2056.5642 5030.0657 4192.2979 2.9097705 -3.7642939 5.9485396
60879 77760.0 -658.94827 2969.483 6153.1840999999995 3.6240582 -5.8680775 3.2210117
60879 78180.0 878.89034 277.27324 6802.0877 3.5664415 -6.7197314 -0.18628339
60879 78600.0 2230.0269 -2473.8241000000003 6002.267900000001 2.7509211000000002 -6.1435183 -3.5539988
60879 79020.0 3106.7524 -4698.5699 3922.5246 1.3474754 -4.2573164 -6.1708116
60879 79440.0 3319.931 -5919.8063 1002.7772 -0.34897162 -1.4547238 -7.4755692
60879 79860.0 2823.1211000000003 -5874.915900000001 -2131.4186 -1.9738627 1.6650425 -7.1760794
60879 80280.0 1721.5792 -4571.6103 -4807.8693 -3.1757096000000002 4.4276273 -5.3358384
60879 80700.0 251.62679 -2290.0162 -6452.7553 -3.696662 6.239206 -2.3545297
60879 81120.0 -1272.1348 480.96739 -6715.1409 -3.4275719 6.7162267 1.1275435
60879 81540.0 -2524.2219 3149.2265 -5539.4973 -2.4261173 5.7585087999999995 4.3693038
60879 81960.0 -3236.6584 5144.1613 -3176.4951 -0.90423434 3.5675892 6.6782133
60879 82380.0 -3256.2985 6038.0213 -131.76189000000002 0.81239364 0.61129205 7.5553691
60879 82800.0 -2578.9581000000003 5639.5593 2941.4079 2.3533362 -2.4723021 6.8118247
60879 83220.0 -1350.1082 4035.3808 5384.9126 3.388712 -5.0210748 4.6141449
60879 83640.0 165.97029999999998 1572.5104 6679.042200000001 3.6997599 -6.4937456000000005 1.4377476999999999
60879 84060.0 1646.836 -1224.6428999999998 6550.0143 3.2243638000000003 -6.5849986 -2.0410285
60879 84480.0 2777.6277999999998 -3761.4073 5025.222900000001 2.0623208 -5.275420100000001 -5.0892228
60879 84900.0 3316.6239 -5496.6905 2427.2572999999998 0.45684724 -2.8363956 -7.057628800000001
60879 85320.0 3147.4606000000003 -6058.1994 -689.8414300000001 -1.2497880000000001 0.21452744 -7.5166955
60879 85740.0 2304.6494 -5323.1385 -3659.1023999999998 -2.6904445 3.2219536 -6.3642504
60879 86160.0 968.844 -3449.4181000000003 -5843.6506 -3.5545275000000003 5.5375703000000005 -3.8489445
60880 180.0 -573.9813 -838.73259 -6776.513599999999 -3.6586276 6.6680125 -0.51268751
60880 600.0 -1994.2756000000002 1951.0044 -6258.808900000001 -2.9815077999999997 6.374661199999999 2.9334597
60880 1020.0 -2988.416 4323.7642000000005 -4400.246700000001 -1.6658152 4.7177435999999995 5.7558488
60880 1440.0 -3342.9159 5770.9988 -1597.538 0.008907410900000001 2.0475443 7.3467217
60880 1860.0 -2981.1945 5981.8348 1548.4345 1.6818531 -1.0613730000000001 7.3598638
60880 2280.0 -1981.9147 4913.3358 4362.0347 2.991458 -3.9363420000000002 5.7953207
60880 2700.0 -559.1854000000001 2795.5249 6242.656400000001 3.6599733999999997 -5.964010900000001 2.9988089
60880 3120.0 982.59744 82.85991700000001 6791.7577 3.5489214000000002 -6.719390000000001 -0.43086971
60880 3540.0 2315.5296000000003 -2647.3954 5893.5275 2.6832181999999998 -6.0462142000000005 -3.7695402
60880 3960.0 3155.543 -4813.9989000000005 3737.7099 1.2434907000000002 -4.0826377 -6.310715
60880 4380.0 3321.6411000000003 -5952.261 782.31846 -0.46486119000000004 -1.2432748999999998 -7.5071906
60880 4800.0 2777.8951 -5818.5622 -2340.9815 -2.077414 1.8687093000000001 -7.0938283
60880 5220.0 1639.5969 -4439.517 -4961.9695 -3.2441289 4.5780242 -5.1597363
60880 5640.0 150.82929000000001 -2111.6105000000002 -6519.8737 -3.7161732 6.3050355 -2.1247992
60880 6060.0 -1370.1682 666.8731600000001 -6683.1293 -3.3950979 6.6854274 1.3613229
60880 6480.0 -2598.8579 3303.0346 -5416.9991 -2.3492287000000003 5.6392942 4.5586291
60880 6900.0 -3272.3913 5233.575400000001 -2990.66 -0.7991072400000001 3.3853688 6.7846210000000005
60880 7320.0 -3245.6942999999997 6044.1451 77.15786800000001 0.9240866 0.40384511 7.557043
60880 7740.0 -2523.4311000000002 5559.308900000001 3127.9388 2.4493841 -2.6633332999999997 6.7094465
60880 8160.0 -1258.5867 3879.7317000000003 5506.4701 3.4517868 -5.1613381 4.4279744
60880 8580.0 275.39538 1370.79 6705.3732 3.7137538 -6.5545109 1.1860204
60880 9000.0 1749.6769 -1429.5941 6467.2143 3.179397 -6.5390022 -2.2996725000000002
60880 9420.0 2850.0286 -3924.5083 4842.9127 1.9647264 -5.124999300000001 -5.2947225
60880 9840.0 3340.5143 -5579.5768 2179.5187 0.32814054 -2.6122841 -7.1564639
60880 10260.0 3115.7832000000003 -6040.0119 -951.87409 -1.3784962 0.45923421000000003 -7.4820607
60880 10680.0 2224.8201000000004 -5208.9303 -3879.1347 -2.7869805000000003 3.4257848 -6.2046657
60880 11100.0 859.07068 -3266.569 -5977.4225 -3.5977679 5.6537312 -3.6071893
60880 11520.0 -689.3560600000001 -629.74211 -6801.786599999999 -3.642288 6.6751795000000005 -0.24800143
60880 11940.0 -2091.4217 2140.7625 -6178.3293 -2.9133051 6.2790014 3.1637604
60880 12360.0 -3048.8133 4455.9873 -4238.155 -1.5622852 4.545011000000001 5.9088031
60880 12780.0 -3355.5938 5820.3037 -1391.0103000000001 0.1277566 1.8332004 7.3988862
60880 13200.0 -2944.5107000000003 5939.2308 1753.8287 1.7944261 -1.2779046 7.3024534
60880 13620.0 -1902.4774 4785.433900000001 4521.7985 3.0769474 -4.115883200000001 5.6370585
60880 14040.0 -453.0028 2606.7367999999997 6318.8462 3.6993455 -6.0692527 2.7646113
60880 14460.0 1093.2451 -129.14815 6761.295700000001 3.5304289 -6.7229046 -0.69607209
60880 14880.0 2406.0247999999997 -2837.6137000000003 5755.205400000001 2.6071497 -5.9399857 -4.007958
60880 15300.0 3204.4292 -4939.3575 3515.3867999999998 1.1252301 -3.8856402 -6.4635323
60880 15720.0 3317.0872000000004 -5984.0495 521.2519500000001 -0.59853197 -0.9984326099999999 -7.5335896
60880 16140.0 2719.9438 -5748.3276 -2584.9258 -2.1924645000000003 2.0991085 -6.9875831
60880 16560.0 1541.646 -4284.5722000000005 -5137.9946 -3.3146307000000004 4.7406777 -4.9495405
60880 16980.0 35.260307000000005 -1908.957 -6594.6225 -3.7285349 6.3661759 -1.8621893
60880 17400.0 -1478.6591 872.1856700000001 -6646.9532 -3.3502351 6.6378694 1.6175105
60880 17820.0 -2678.4392000000003 3467.9524 -5283.772900000001 -2.2590663 5.4985893 4.7573585000000005
60880 18240.0 -3307.8455 5325.1369 -2792.7538 -0.68249296 3.1826700000000003 6.889839200000001
60880 18660.0 -3230.7241000000004 6044.6996 295.7261 1.0445029 0.17926425 7.5506515
60880 19080.0 -2461.8516 5469.9520999999995 3320.8889 2.5501118000000003 -2.8664236 6.5912527
60880 19500.0 -1165.7881000000002 3723.8477000000003 5633.0829 3.5088797 -5.2962706 4.2182014
60880 19920.0 379.62665000000004 1181.3172 6737.3638 3.7163702 -6.5907354 0.9444797300000001
60880 20340.0 1843.9653 -1613.6299 6398.2902 3.1298625 -6.4765936 -2.5300596
60880 20760.0 2914.2307 -4063.6420000000003 4688.2566 1.8735471000000001 -4.9774753 -5.4653117
60880 21180.0 3360.9182 -5644.1028 1972.4017 0.21448812 -2.410902 -7.2312091
60880 21600.0 3087.9355 -6016.014400000001 -1167.0398 -1.4904221 0.6717495400000001 -7.4448835
60880 22020.0 2154.7194 -5101.5826 -4056.1403999999998 -2.8731674 3.6040509000000003 -6.063304100000001
60880 22440.0 761.5383800000001 -3098.438 -6078.2041 -3.6399651 5.7598941 -3.392167
60880 22860.0 -793.6268299999999 -436.39734999999996 -6804.5598 -3.6315722999999998 6.686898600000001 -0.004655358599999999
60880 23280.0 -2180.2205 2318.3143999999998 -6081.9048 -2.8515823 6.1932821 3.3842434
60880 23700.0 -3103.0112999999997 4579.759400000001 -4062.4144 -1.4621785999999999 4.3791611 6.0589635
60880 24120.0 -3362.9552000000003 5862.9047 -1172.9451000000001 0.24486671999999998 1.6226231 7.4460085000000005
60880 24540.0 -2903.5716 5891.8628 1967.5476 1.9030371000000001 -1.4877834 7.2350048
60880 24960.0 -1821.9666000000002 4658.2579000000005 4685.3302 3.1532923 -4.2789999 5.469941700000001
60880 25380.0 -350.33772 2427.5335 6397.5111 3.7270259 -6.150301499999999 2.5347044000000003
60880 25800.0 1196.2527 -322.13794 6738.643 3.5040585 -6.7056135 -0.93919287
60880 26220.0 2487.4316000000003 -3003.0764 5636.8386 2.5324783 -5.8285222999999995 -4.212265
60880 26640.0 3246.9643 -5042.1213 3327.1434 1.0181468 -3.7039248 -6.586014100000001
60880 27060.0 3311.7741 -6002.326900000001 303.66549 -0.7151610899999999 -0.78512514 -7.5483257
60880 27480.0 2667.9705 -5678.2532 -2785.1086 -2.29381 2.2984173 -6.8918967
60880 27900.0 1453.8803 -4140.6935 -5277.894200000001 -3.3796304 4.8844387 -4.7640218999999995
60880 28320.0 -69.537075 -1722.0256000000002 -6644.2398 -3.7431546 6.4237262 -1.6255014
60880 28740.0 -1578.2313000000001 1062.6381999999999 -6595.061900000001 -3.3111078000000003 6.5966553999999995 1.8554867
60880 29160.0 -2751.4685 3621.3638 -5140.6551 -2.174023 5.3664597 4.9457677
60880 29580.0 -3338.5098 5408.483200000001 -2588.4442999999997 -0.5695548199999999 2.9873534 6.987272700000001
60880 30000.0 -3212.5208 6040.3242 517.4808400000001 1.1605469000000002 -0.036407519 7.5348373
60880 30420.0 -2398.7396000000003 5379.0469 3512.515 2.6439786 -3.0551863 6.4664384
60880 30840.0 -1071.5771000000002 3566.6394 5753.932 3.5605215 -5.4176104 4.0125052000000005
60880 31260.0 484.66887 991.92808 6762.3905 3.7153778 -6.6197698 0.7026000299999999
60880 31680.0 1937.4592 -1794.6095 6323.015200000001 3.0767158 -6.408019400000001 -2.7571033000000003
60880 32100.0 2976.2465 -4197.602400000001 4529.1630000000005 1.779403 -4.8259338 -5.6300282
60880 32520.0 3378.1488 -5702.3184 1763.6847 0.09915863 -2.2081936 -7.298563100000001
60880 32940.0 3056.5241 -5985.7678 -1380.6290000000001 -1.6025067 0.88263495 -7.4002953
60880 33360.0 2081.337 -4989.264 -4228.682900000001 -2.9580133 3.7782431 -5.9157218
60880 33780.0 661.5865500000001 -2927.4574 -6172.3872 -3.6794683 5.8602408 -3.1733039
60880 34200.0 -898.9763800000001 -242.83108 -6799.7457 -3.6172526 6.6920872000000005 0.23948179
60880 34620.0 -2268.4984 2493.3779 -5978.2668 -2.7859845 6.1013903 3.6021248
60880 35040.0 -3155.1637 4698.750599999999 -3881.239 -1.3588364 4.2087746 6.2033646000000005
60880 35460.0 -3367.7022 5899.7802 -954.25585 0.36188456 1.4133511 7.4839055
60880 35880.0 -2860.5132000000003 5840.2088 2178.0772 2.0094578 -1.6922412999999998 7.1591607999999995
60880 36300.0 -1740.6824 4529.8808 4842.7916 3.2256383 -4.4331581 5.2983621
60880 36720.0 -248.56226999999998 2250.8141 6469.174900000001 3.750467 -6.2217381 2.3065609
60880 37140.0 1296.7378 -508.834 6711.1499 3.4744132 -6.6805944 -1.1748447000000002
60880 37560.0 2565.3652 -3159.8876 5517.4947999999995 2.4566989 -5.7138427 -4.4061167999999995
60880 37980.0 3286.0613 -5135.9933 3142.3741 0.9122360700000001 -3.5241659 -6.6980862
60880 38400.0 3303.8594 -6013.472 93.403965 -0.8291592600000001 -0.5779255900000001 -7.5555548
60880 38820.0 2614.3834 -5603.6719 -2975.7697000000003 -2.3922792 2.4900119 -6.7932138
60880 39240.0 1363.4229 -3990.9016 -5405.8495 -3.4452287999999998 5.0268874 -4.5783546
60880 39660.0 -177.30239000000003 -1529.2523999999999 -6681.2797 -3.7578169 6.481155 -1.3856045
60880 40080.0 -1680.2740000000001 1258.4195 -6528.682 -3.2693152 6.5524951 2.0987271
60880 40500.0 -2825.1914 3777.8755 -4981.2088 -2.083471 5.2268641 5.1366256
60880 40920.0 -3367.3022 5491.1821 -2368.2095 -0.45058042000000004 2.7826469 7.079881
60880 41340.0 -3189.8544 6031.0617 752.17529 1.2804428 -0.25911988 7.5076016
60880 41760.0 -2327.9261 5276.9681 3711.3131000000003 2.7382047 -3.244729 6.33182
60880 42180.0 -967.7734200000001 3391.8464 5868.013 3.6142584 -5.5416593 3.8048834
60880 42600.0 599.64678 784.02278 6777.9579 3.7120941 -6.646414200000001 0.45280589
60880 43020.0 2038.8077 -1991.126 6235.6052 3.0166893 -6.3284514 -2.9873290000000003
60880 43440.0 3043.0206000000003 -4341.5683 4359.1478 1.678578 -4.6610322 -5.785108
60880 43860.0 3398.3877 -5766.3096 1550.6003 -0.016975728 -2.0004076 -7.3452463
60880 44280.0 3029.486 -5962.1696 -1589.4216999999999 -1.7073687 1.083802 -7.3352818
60880 44700.0 2015.8163000000002 -4889.1942 -4390.548 -3.031573 3.931781 -5.7616834
60880 45120.0 574.0080899999999 -2777.8698 -6256.8778 -3.7099216000000004 5.9399384 -2.9651617000000003
60880 45540.0 -989.55489 -77.349288 -6792.4588 -3.6010523 6.6874666 0.46173268
60880 45960.0 -2342.819 2639.302 -5881.5865 -2.7257759000000004 6.0142503 3.7992073
60880 46380.0 -3196.5037 4793.0555 -3713.4231 -1.2635466 4.0520591 6.3383384
60880 46800.0 -3365.1592 5919.3575 -748.22807 0.47639893 1.2112738 7.524217
60880 47220.0 -2810.2482999999997 5772.8426 2378.1635 2.1178186 -1.8966022 7.089638600000001
60880 47640.0 -1650.6576000000002 4384.1866 4991.549599999999 3.3024813 -4.5939363 5.1273115
60880 48060.0 -137.12635999999998 2055.1362 6530.6963 3.7754036 -6.297617000000001 2.0701488
60880 48480.0 1406.2561 -714.54994 6668.9725 3.4406569 -6.651596 -1.4222758
60880 48900.0 2649.5733999999998 -3331.9607 5379.7038 2.3725266 -5.5860114 -4.6046572999999995
60880 49320.0 3327.8664 -5238.8646 2940.0209 0.79886529 -3.3297067000000005 -6.8012242
60880 49740.0 3296.6843 -6028.9461 -128.26568 -0.9444296000000001 -0.36461344 -7.5434111
60880 50160.0 2563.2792999999997 -5534.8436 -3169.2441000000003 -2.4842476000000002 2.673957 -6.6746857
60880 50580.0 1284.7913 -3863.8324 -5534.816 -3.4932163000000003 5.1382846 -4.3863124
60880 51000.0 -266.39708 -1372.7663 -6722.6099 -3.7599166 6.509558 -1.1673588
60880 51420.0 -1760.9825 1409.4913999999999 -6479.7435000000005 -3.2281372000000004 6.4995837000000005 2.3045085
60880 51840.0 -2880.6432000000004 3891.4094 -4854.3639 -2.0057391 5.1032963 5.2969833
60880 52260.0 -3384.1969 5540.829 -2188.6317000000004 -0.34768945 2.6068474999999998 7.1659299
60880 52680.0 -3161.1597 6000.533 947.9851 1.3909288 -0.45896525000000005 7.496138
60880 53100.0 -2257.9634 5169.1023 3880.0397000000003 2.8309073 -3.4271095000000003 6.2097063
60880 53520.0 -869.4320200000001 3226.599 5976.1013 3.6599178 -5.6527313 3.590167
60880 53940.0 705.8872700000001 591.4376 6787.0705 3.7039049 -6.663356 0.20753215
60880 54360.0 2130.3740000000003 -2170.0054 6144.322400000001 2.9562315 -6.247374 -3.2115213
60880 54780.0 3100.2527999999998 -4468.4276 4186.6371 1.5784607000000002 -4.498803700000001 -5.940674100000001
60880 55200.0 3408.8476 -5813.7403 1333.3976 -0.13552198999999998 -1.7912638 -7.3985053
60880 55620.0 2990.7486000000004 -5919.685 -1804.9827 -1.8187674999999999 1.2949246 -7.2743697
60880 56040.0 1936.0817 -4765.7 -4558.463900000001 -3.1118177 4.0993049 -5.5999194
60880 56460.0 470.23871 -2599.6669 -6341.484 -3.7420881 6.0282591000000005 -2.7374356
60880 56880.0 -1095.3524 117.70463000000001 -6775.9106 -3.5783622 6.6779362 0.70697235
60880 57300.0 -2428.193 2809.7702999999997 -5767.540599999999 -2.6529416 5.908780200000001 4.0098199
60880 57720.0 -3243.2723 4902.628900000001 -3526.3041000000003 -1.1559145000000002 3.8728379 6.4691047
60880 58140.0 -3363.3633 5944.6863 -528.3134100000001 0.5957677800000001 0.99669768 7.5466097
60880 58560.0 -2760.3977999999997 5708.7534000000005 2583.4202999999998 2.2230625 -2.0999578000000003 6.9987905
60880 58980.0 -1563.6480000000001 4244.8742 5138.021900000001 3.3709936 -4.7422999 4.9435097
60880 59400.0 -31.800292000000002 1871.144 6588.033 3.7924463 -6.3590503 1.8333587
60880 59820.0 1507.2695 -903.72792 6624.6320000000005 3.403436 -6.6144437 -1.6610421
60880 60240.0 2724.7788 -3485.939 5243.550200000001 2.2890843 -5.4585936 -4.7952686
60880 60660.0 3361.2781 -5324.8065 2741.2342000000003 0.6868646199999999 -3.1389586 -6.903479099999999
60880 61080.0 3281.1615 -6028.3983 -347.23318 -1.0612058 -0.15099594 -7.5354836
60880 61500.0 2502.0965 -5447.7734 -3361.6295 -2.5809618000000003 2.8648369 -6.5583144
60880 61920.0 1190.8958 -3708.6407000000004 -5659.535 -3.5494934 5.2659973 -4.186272700000001
60880 62340.0 -373.14772 -1182.2451 -6752.9047 -3.7637047 6.547004200000001 -0.92583332
60880 62760.0 -1857.9012 1594.9537 -6408.783 -3.1783171 6.4383723 2.5364254
60880 63180.0 -2946.9934 4032.2522000000004 -4696.8707 -1.9125234 4.9556705 5.4695339
60880 63600.0 -3405.6766000000002 5606.7507000000005 -1978.2583000000002 -0.23099934 2.4040916 7.2410368
60880 64020.0 -3133.1237 5977.3366 1166.0865000000001 1.5056436000000002 -0.67267215 7.4571222
60880 64440.0 -2186.6022000000003 5062.108700000001 4058.8932999999997 2.9187190999999997 -3.6050497999999997 6.0654244
60880 64860.0 -770.2455100000001 3059.2269 6077.3127 3.7023819 -5.7570559 3.3727527
60880 65280.0 811.5387900000001 400.01777000000004 6789.485900000001 3.6922992 -6.6726229 -0.036767889
60880 65700.0 2220.0417 -2344.7367999999997 6047.5575 2.8930588 -6.1600383 -3.4310154
60880 66120.0 3154.6994 -4589.0635 4011.2163 1.4769069 -4.3331387999999995 -6.0889396
60880 66540.0 3416.2381 -5854.2420999999995 1116.599 -0.25396247 -1.5822521999999999 -7.4435786
60880 66960.0 2949.3094 -5871.0994 -2016.8704 -1.9286265 1.5024028 -7.2063951
60880 67380.0 1854.496 -4638.1713 -4720.2129 -3.1896372000000004 4.260894100000001 -5.4335071
60880 67800.0 365.7839 -2420.2053 -6418.6093 -3.7711903 6.1094942 -2.5082142
60880 68220.0 -1200.5087 311.03727000000003 -6751.997200000001 -3.5525346 6.661537999999999 0.9501725400000001
60880 68640.0 -2511.7113 2975.9078 -5647.6724 -2.5775655000000004 5.7979563 4.2152247
60880 69060.0 -3287.3442999999997 5006.142 -3336.0432 -1.0469184 3.6908844 6.5924491
60880 69480.0 -3358.6282 5963.500900000001 -308.59497999999996 0.71487302 0.78278236 7.5608236
60880 69900.0 -2708.0736 5639.1413 2785.2292 2.3264028 -2.2993528999999997 6.9009456
60880 70320.0 -1475.2184 4102.2447999999995 5278.6319 3.4365125 -4.884318599999999 4.7553993000000006
60880 70740.0 74.183587 1685.6931000000002 6638.3898 3.8062838 -6.4138124 1.5940895000000002
60880 71160.0 1607.5693 -1091.5372 6572.9393 3.3629665 -6.5706864 -1.8990285
60880 71580.0 2797.9601000000002 -3635.9846000000002 5100.9833 2.202687 -5.325721400000001 -4.9822879
60880 72000.0 3391.53 -5404.8921 2538.0233 0.5724731000000001 -2.944599 -6.9999519
60880 72420.0 3261.6686 -6020.9772 -567.84864 -1.1793716 0.063762315 -7.5202901
60880 72840.0 2436.6648 -5353.906599999999 -3552.4877 -2.6775283 3.0542422 -6.4342914
60880 73260.0 1093.2339 -3547.8482000000004 -5779.664900000001 -3.6035767 5.3894523 -3.9796089
60880 73680.0 -482.35793 -988.42122 -6776.3665 -3.7635834 6.5779223 -0.68051802
60880 74100.0 -1955.4364 1780.718 -6330.224200000001 -3.123807 6.3696635 2.7680459
60880 74520.0 -3012.0275 4170.3625 -4532.8368 -1.8150517 4.8015166 5.6373916
60880 74940.0 -3424.3326 5667.7248 -1764.0205 -0.11162598 2.1976848 7.3081897
60880 75360.0 -3101.5833 5948.459900000001 1384.3887 1.6208582 -0.88614037 7.4090379
60880 75780.0 -2111.9999 4950.330599999999 4234.3597 3.0048386000000002 -3.7791466000000002 5.9134883
60880 76200.0 -668.8663 2889.0978999999998 6172.3548 3.7416603 -5.8556095 3.1507035
60880 76620.0 917.8504399999999 208.41021 6784.4183 3.6765759 -6.675533000000001 -0.28325086
60880 77040.0 2308.5860000000002 -2517.0504 5943.023099999999 2.8255727999999998 -6.0667523 -3.6497910000000005
60880 77460.0 3206.2194 -4704.9255 3828.8107999999997 1.3711322000000001 -4.1622019 -6.2342279
60880 77880.0 3419.0271000000002 -5887.913500000001 894.5375 -0.3760652 -1.3687777 -7.483442500000001
60880 78300.0 2901.9591 -5814.0365 -2231.311 -2.0408066 1.7129664 -7.130741100000001
60880 78720.0 1766.4928 -4501.3589 -4880.8778 -3.267261 4.422758 -5.2576745
60880 79140.0 255.61742999999998 -2232.1438 -6490.6837000000005 -3.7971263 6.1870971 -2.2699695
60880 79560.0 -1309.4933 510.62111 -6719.8101 -3.5210611 6.6377293 1.1992167999999999
60880 79980.0 -2596.4077 3144.6817 -5518.1912999999995 -2.4955102 5.6777215 4.4208852
60880 80400.0 -3329.9836 5108.5108 -3137.4795 -0.93220282 3.5004416000000003 6.7097986
60880 80820.0 -3350.6121000000003 5978.3793 -84.129678 0.8369636500000001 0.5643027100000001 7.5648506
60880 81240.0 -2651.884 5564.7145 2987.2493 2.4295832 -2.4983996000000004 6.792266400000001
60880 81660.0 -1383.5524 3955.8317 5415.3571 3.4993312999999997 -5.022103100000001 4.55882
60880 82080.0 181.06983 1498.6375 6676.3424 3.8189602000000002 -6.467755100000001 1.3510761
60880 82500.0 1707.5915 -1279.6009 6507.7807 3.3186532000000004 -6.5243624 -2.145734
60880 82920.0 2868.6997 -3784.5475 4941.0064 2.1095508 -5.1864277 -5.1790532
60880 83340.0 3415.7833 -5479.4441 2313.8495000000003 0.4480634 -2.7372767 -7.1025157
60880 83760.0 3231.6706000000004 -6001.4438 -810.08051 -1.308394 0.2962078 -7.501176900000001
60880 84180.0 2356.8744 -5240.8278 -3760.5016 -2.7811564 3.2588274999999998 -6.293671000000001
60880 84600.0 979.6483000000001 -3363.2272000000003 -5908.0043 -3.6574171 5.5182291 -3.7483226
60880 85020.0 -605.69562 -771.3071 -6797.638400000001 -3.7553937 6.600934100000001 -0.41210283
60880 85440.0 -2062.5746 1984.151 -6241.7964 -3.0565984 6.283135000000001 3.011905
60880 85860.0 -3081.2468 4317.9087 -4356.7725 -1.7054633 4.6276101 5.803176000000001
60880 86280.0 -3442.7311 5730.666700000001 -1540.2076000000002 0.015823025 1.9764493 7.363377300000001
60881 300.0 -3067.5159 5917.0124000000005 1606.2637 1.7388621000000002 -1.1062989 7.3455489
60881 720.0 -2034.5264 4834.5602 4407.2813 3.0902263 -3.9540184 5.748169600000001
60881 1140.0 -565.30097 2715.5975 6261.0328 3.7780614000000003 -5.9514591 2.9179457
60881 1560.0 1024.5082 15.505543 6768.7553 3.6577593000000004 -6.6749849 -0.53463189
60881 1980.0 2395.9235 -2688.9483999999998 5825.8696 2.7536209 -5.9683813 -3.8731964
60881 2400.0 3254.3046 -4817.6186 3632.2351000000003 1.2592737999999999 -3.9831236 -6.3817065
60881 2820.0 3415.6752 -5914.4592 658.49127 -0.50457965 -1.1450896000000002 -7.519751
60881 3240.0 2846.1376 -5745.7357 -2456.7732 -2.1572228 1.9322347 -7.044247
60881 3660.0 1669.1984 -4350.9271 -5046.858700000001 -3.3446152000000002 4.5872203 -5.0661694
60881 4080.0 137.30866 -2031.058 -6561.473599999999 -3.817969 6.2591961000000005 -2.017046
60881 4500.0 -1423.7477 719.47116 -6681.4221 -3.4814651 6.6021702 1.4562157
60881 4920.0 -2682.866 3317.2941 -5381.0877 -2.4053988 5.544257 4.6253031
60881 5340.0 -3371.4367 5209.5378 -2933.6518 -0.81247316 3.3005677 6.8185332
60881 5760.0 -3340.0075 5989.036599999999 141.30351000000002 0.96057735 0.34197841 7.5578328
60881 6180.0 -2593.044 5485.4926 3185.8087 2.5317260999999998 -2.6966125 6.6740385
60881 6600.0 -1289.9461000000001 3805.4976 5545.1991 3.5599888 -5.156942 4.3554124000000005
60881 7020.0 289.67538 1309.8138000000001 6712.9881 3.8245500000000003 -6.5099536 1.1040402
60881 7440.0 1807.7801000000002 -1467.4898 6438.591 3.2678061 -6.4669038 -2.3922437
60881 7860.0 2939.0537999999997 -3929.882 4785.9933 2.0083723 -5.031531200000001 -5.3665634
60881 8280.0 3442.7358 -5553.692 2106.3885 0.32321358 -2.5241808999999997 -7.180428
60881 8700.0 3205.473 -5982.0279 -1027.1611 -1.4297895 0.51733273 -7.467024400000001
60881 9120.0 2283.9992 -5133.3734 -3940.4788 -2.8779169000000002 3.4494979 -6.153109499999999
60881 9540.0 874.9550300000001 -3188.9744 -6010.6218 -3.7096688 5.6406565 -3.5260203000000003
60881 9960.0 -720.57261 -565.02962 -6796.7521 -3.7502264000000003 6.627525400000001 -0.14968149
60881 10380.0 -2162.6039 2179.1746000000003 -6131.5962 -2.9917774 6.2028327 3.2602745
60881 10800.0 -3142.9787 4457.9361 -4154.9115 -1.5926392 4.4526373 5.9810395
60881 11220.0 -3453.8952000000004 5786.4928 -1293.0934 0.14875882999999998 1.7468921000000002 7.4182337
60881 11640.0 -3024.3696 5875.1828 1849.1938 1.8603517999999999 -1.3344199 7.2703119
60881 12060.0 -1947.6975 4706.648 4594.6137 3.1726373 -4.1273561 5.565100800000001
60881 12480.0 -455.10333 2533.0328 6356.4534 3.8055411 -6.0343513 2.6727809000000002
60881 12900.0 1134.5535 -180.62571 6759.7505 3.6268485 -6.6531957 -0.78706988
60881 13320.0 2482.4004 -2855.7048 5718.6158 2.6747079 -5.8537471 -4.0811421
60881 13740.0 3300.5668 -4921.439200000001 3453.7279 1.148884 -3.8014521 -6.5075822
60881 14160.0 3412.6617 -5934.1547 448.58926 -0.6255738700000001 -0.9319883999999999 -7.5416948
60881 14580.0 2794.2237000000005 -5676.659000000001 -2653.0913 -2.2663696 2.1374114 -6.9568323
60881 15000.0 1575.015 -4198.5497000000005 -5182.3836 -3.4232673 4.749073900000001 -4.8878537
60881 15420.0 18.309884999999998 -1820.2734 -6596.396 -3.8505291 6.3515337 -1.7632668000000002
60881 15840.0 -1543.255 947.35561 -6601.9053 -3.4466534 6.5821312 1.7395425
60881 16260.0 -2773.6077999999998 3511.0802000000003 -5188.968400000001 -2.3053912999999997 5.4035298 4.8656053
60881 16680.0 -3410.1848 5323.1767 -2662.0998 -0.67083893 3.0684113 6.9469088
60881 17100.0 -3317.1384 5996.371099999999 436.10063 1.105271 0.079796265 7.5366292999999995
60881 17520.0 -2515.7898999999998 5389.148700000001 3441.1507 2.6405942000000002 -2.917116 6.5136417
60881 17940.0 -1178.9316999999999 3634.9547000000002 5712.4827000000005 3.6094225000000004 -5.2832312 4.1074936
60881 18360.0 408.00874 1109.8673000000001 6769.4523 3.8110588 -6.5237457999999995 0.83548473
60881 18780.0 1908.5593000000001 -1650.195 6389.2105 3.2053273 -6.3822343 -2.6144536
60881 19200.0 3004.1449 -4059.8905 4650.228099999999 1.9163720000000002 -4.8837672 -5.5183547
60881 19620.0 3459.591 -5604.3535999999995 1918.0957 0.21174100999999998 -2.3350011 -7.254974900000001
60881 20040.0 3174.5685 -5949.1372 -1225.0886 -1.5451179 0.7247509700000001 -7.438619200000001
60881 20460.0 2208.1107 -5016.8413 -4104.416700000001 -2.9729693000000004 3.6337739 -6.0206983
60881 20880.0 767.4435699999999 -3007.1289 -6099.9237 -3.761745 5.7608175 -3.3081924
60881 21300.0 -837.428 -353.49179 -6784.924400000001 -3.7427706 6.6486855 0.10841852
60881 21720.0 -2263.2904 2376.4204 -6013.150000000001 -2.9234987 6.1143047 3.4994717
60881 22140.0 -3204.9638 4598.0241 -3951.3467 -1.479033 4.2720985 6.1391067
60881 22560.0 -3461.1479 5836.2392 -1042.0585 0.28100609 1.5172440999999999 7.4613614
60881 22980.0 -2977.8457000000003 5827.5657 2090.6744 1.9777611 -1.5562648 7.1846801
60881 23400.0 -1859.9035000000001 4577.0368 4777.116400000001 3.2484347 -4.288912099999999 5.3764104
60881 23820.0 -346.83878000000004 2354.3429 6446.5699 3.8262201 -6.1033498 2.430615
60881 24240.0 1239.779 -367.24390000000005 6746.5212 3.5927619 -6.6227888 -1.0284038
60881 24660.0 2563.4805 -3010.7457000000004 5612.5324 2.5960433 -5.737265000000001 -4.275610899999999
60881 25080.0 3341.8089 -5013.5954 3281.7286000000004 1.0412728 -3.6243718 -6.6231058
60881 25500.0 3405.7952000000005 -5944.5178 248.30799 -0.74343979 -0.7257909499999999 -7.5588965
60881 25920.0 2739.1645 -5600.1549 -2838.3768999999998 -2.3733062 2.3363527 -6.8697496000000005
60881 26340.0 1484.14 -4052.8281 -5313.6894 -3.4934667 4.8966412 -4.7014876999999995
60881 26760.0 -89.410631 -1636.4872 -6648.4745 -3.8611218 6.4008853 -1.5226577000000001
60881 27180.0 -1643.8493999999998 1132.1286 -6549.195900000001 -3.4022451 6.535154400000001 1.9836859
60881 27600.0 -2846.6252000000004 3658.3964 -5045.760700000001 -2.2075574000000002 5.2579326 5.0668268
60881 28020.0 -3435.3425 5395.0034000000005 -2452.8772999999997 -0.5430815999999999 2.8589272 7.0582443999999995
60881 28440.0 -3285.8386 5972.343400000001 668.6585 1.2423496 -0.16067271 7.5333429
60881 28860.0 -2429.5674 5265.1322 3646.049 2.7599689 -3.1443509 6.3847616
60881 29280.0 -1051.7925 3427.674 5838.1533 3.6816318999999997 -5.445001599999999 3.8689362000000003
60881 29700.0 551.5187099999999 856.34187 6778.976000000001 3.8140074 -6.5753005 0.5327505200000001
60881 30120.0 2037.3768 -1897.7606 6270.608 3.1333281000000004 -6.3016258 -2.9084887
60881 30540.0 3089.5054 -4247.8951 4423.6141 1.7859907000000002 -4.6866184 -5.7268498
60881 30960.0 3483.8502000000003 -5693.620400000001 1632.2572 0.057568517 -2.0725739 -7.3236475
60881 31380.0 3136.0879 -5926.540900000001 -1507.7138 -1.683443 0.9833953000000001 -7.3565682
60881 31800.0 2120.4609 -4897.401400000001 -4325.9025 -3.0647089000000003 3.8275221999999998 -5.8195828
60881 32220.0 653.7994100000001 -2826.5814 -6221.5262 -3.7928146000000003 5.8546961 -3.0435784
60881 32640.0 -951.81638 -154.93365 -6790.9926 -3.7144668000000003 6.6371829 0.38189171
60881 33060.0 -2354.6555 2549.4048 -5910.9873 -2.8440276 6.0066306 3.7343348
60881 33480.0 -3254.2467 4708.9185 -3764.0699 -1.3609236 4.0874399 6.2999846
60881 33900.0 -3455.7072000000003 5857.9536 -808.5456800000001 0.42007424 1.2826599 7.5166607999999995
60881 34320.0 -2913.8649 5746.9883 2321.313 2.1127252 -1.8011652999999999 7.1136056
60881 34740.0 -1745.5291000000002 4400.5066 4951.0643 3.348372 -4.492037900000001 5.1800704
60881 35160.0 -202.88547 2110.9462000000003 6518.1912999999995 3.8626246 -6.2111712 2.1420352
60881 35580.0 1383.0119 -629.3995600000001 6689.012 3.5523488000000003 -6.6011388 -1.3419244000000001
60881 36000.0 2674.5564 -3235.893 5431.9717 2.4864986 -5.585894100000001 -4.5349415
60881 36420.0 3396.9328 -5153.7713 3015.8927000000003 0.8907871300000001 -3.3809557 -6.7613604
60881 36840.0 3395.8468 -5974.0365 -44.198971 -0.8960052399999999 -0.45390239000000004 -7.5452329
60881 37260.0 2671.2252000000003 -5521.452200000001 -3094.8196000000003 -2.4917595 2.5695424 -6.7173957
60881 37680.0 1377.763 -3893.1405 -5484.7651 -3.5556846 5.0432462 -4.456786
60881 38100.0 -208.82122 -1436.5932 -6704.723900000001 -3.8625925000000003 6.4427048000000005 -1.2468098
60881 38520.0 -1750.8826999999999 1325.5256000000002 -6493.941900000001 -3.3471321 6.4716518 2.2337505
60881 38940.0 -2919.3408 3804.6218 -4894.3234 -2.1144724000000004 5.1173002 5.2471365
60881 39360.0 -3462.752 5468.794 -2245.1414 -0.42372045 2.6602116000000002 7.1425549
60881 39780.0 -3262.1266 5957.991 888.0905600000001 1.3619196999999998 -0.37390134 7.5037735
60881 40200.0 -2360.1837 5166.3378 3829.9644 2.8539359 -3.3258814 6.2485049
60881 40620.0 -952.22948 3266.7749 5947.4008 3.7300931999999998 -5.556043 3.6565394
60881 41040.0 659.96786 667.93829 6790.915 3.8074223000000003 -6.593628300000001 0.28957927
60881 41460.0 2131.6086 -2073.5257 6182.8464 3.0734142 -6.2241913 -3.1316893
60881 41880.0 3149.3469 -4373.4714 4254.6176 1.6849979000000002 -4.5292265 -5.883528
60881 42300.0 3496.2017 -5741.760700000001 1417.6273999999999 -0.063548705 -1.8677437000000001 -7.3801622
60881 42720.0 3097.8299 -5886.175200000001 -1722.3220000000001 -1.798946 1.1923898 -7.299826200000001
60881 43140.0 2039.2985 -4776.3018 -4494.4568 -3.1496443 3.9957512000000004 -5.6609188999999995
60881 43560.0 546.79326 -2650.0311 -6307.6083 -3.8286699 5.945640900000001 -2.8166504
60881 43980.0 -1061.9843 39.752825 -6775.7566 -3.6933333 6.6309111000000005 0.62862516
60881 44400.0 -2444.502 2720.7853 -5797.3177000000005 -2.7701212 5.9038632 3.9476446000000003
60881 44820.0 -3304.358 4820.1631 -3575.6284 -1.250235 3.9104303000000002 6.4336632
60881 45240.0 -3455.6693 5885.6536 -586.26711 0.5436622200000001 1.069337 7.5409262
60881 45660.0 -2864.0066 5685.7020999999995 2529.4708 2.2219509 -2.0036248 7.0235424
60881 46080.0 -1657.056 4264.3604000000005 5100.7334 3.4197704 -4.6397507 4.9966595
60881 46500.0 -94.392343 1928.1114 6576.0294 3.883092 -6.2761471 1.9057922
60881 46920.0 1488.1974 -819.10799 6644.7342 3.5163994 -6.5682577 -1.5832192
60881 47340.0 2753.8822000000005 -3391.9952000000003 5294.326099999999 2.4014686000000003 -5.4615189 -4.7301364
60881 47760.0 3433.2091 -5242.6608 2813.6282 0.77454683 -3.1910486000000002 -6.8681065
60881 48180.0 3381.0686 -5976.3686 -268.15348 -1.0183676000000002 -0.23926935000000002 -7.5397843
60881 48600.0 2608.4737999999998 -5436.6252 -3292.6603 -2.5935724000000002 2.7622253999999997 -6.6008049
60881 49020.0 1280.5524 -3739.4892999999997 -5614.437400000001 -3.6150162999999997 5.1723394 -4.2548496
60881 49440.0 -319.69132 -1247.1423 -6739.1008 -3.8671969 6.481089 -1.0032342
60881 49860.0 -1851.8555000000001 1510.3296 -6426.3076 -3.2962613000000003 6.4115915999999995 2.467174
60881 50280.0 -2989.0001 3945.4538 -4739.5718 -2.0188726999999997 4.9716529000000005 5.4209624000000005
60881 50700.0 -3486.2256 5535.5802 -2036.4643999999998 -0.30368524 2.4599297 7.2198283000000005
60881 51120.0 -3234.5045 5936.532200000001 1105.5593999999999 1.4807367999999999 -0.586152 7.4675720000000005
60881 51540.0 -2287.4583 5061.2721 4009.3539 2.9459858 -3.5045024 6.106753800000001
60881 51960.0 -850.12098 3100.7407000000003 6050.0699 3.7758190000000003 -5.663094699999999 3.4399319
60881 52380.0 769.6449 476.28814 6794.7998 3.7972231 -6.6066043 0.044125928
60881 52800.0 2225.4278 -2249.9991 6086.6673 3.0094191 -6.1401711 -3.3541199
60881 53220.0 3207.1396 -4496.986 4078.3665 1.5805125 -4.3655586 -6.035377400000001
60881 53640.0 3505.3955 -5785.6455000000005 1198.5883000000001 -0.18622971000000002 -1.6591523 -7.4282009
60881 54060.0 3056.3393 -5840.8454 -1937.3833000000002 -1.9131635000000002 1.4007844 -7.2332746
60881 54480.0 1956.0488 -4651.527099999999 -4659.667 -3.2306660000000003 4.1587279 -5.4945882
60881 54900.0 439.63307000000003 -2472.6666 -6388.0605000000005 -3.8595029 6.0286245 -2.5867642
60881 55320.0 -1170.2445 231.80448 -6754.7667 -3.6676664000000003 6.6166542 0.87305394
60881 55740.0 -2530.8687999999997 2886.623 -5679.7505 -2.6934022 5.7955441 4.1548176
60881 56160.0 -3350.4411 4924.3949 -3386.9741000000004 -1.1385859 3.7308273 6.5593354
60881 56580.0 -3451.618 5906.028200000001 -367.06915000000004 0.66638094 0.85691797 7.5579624
60881 57000.0 -2810.7375 5617.9636 2731.9256 2.3293079 -2.2031083 6.9282873
60881 57420.0 -1566.0831 4123.2304 5242.9403 3.4887496000000002 -4.7836101 4.8099522
60881 57840.0 15.058708000000001 1743.0586 6626.3597 3.8998939 -6.3354597 1.6672403999999998
60881 58260.0 1592.7442 -1008.5109 6592.5864 3.4765881 -6.5291708 -1.8238941
60881 58680.0 2831.0088 -3545.2404 5149.7535 2.3130243 -5.3313974 -4.921452
60881 59100.0 3466.1130000000003 -5326.5923 2606.7092000000002 0.65628445 -2.9971201 -6.9680228
60881 59520.0 3362.5009 -5972.6561 -493.47549 -1.1406014 -0.023669923000000002 -7.5258096
60881 59940.0 2542.4883 -5346.161599999999 -3488.3082999999997 -2.6929745 2.9520211 -6.4762369
60881 60360.0 1181.4607 -3582.1183 -5739.0958 -3.6704588 5.2953989 -4.0477473
60881 60780.0 -430.65603000000004 -1056.8995 -6767.1345 -3.8673629000000003 6.5118887999999995 -0.75865067
60881 61200.0 -1951.1506000000002 1692.7833 -6352.8414 -3.2415905 6.3445041 2.6972635
60881 61620.0 -3055.6779 4081.397 -4581.084400000001 -1.9210453 4.8212917 5.588317
60881 62040.0 -3506.1182000000003 5596.0853 -1827.0168999999999 -0.18321632 2.2580313000000003 7.2894755
60881 62460.0 -3203.46 5908.750400000001 1320.6347 1.5984350999999999 -0.79704616 7.424159700000001
60881 62880.0 -2212.0263999999997 4950.985900000001 4183.6138 3.0358144000000005 -3.6793428 5.9593276
60881 63300.0 -746.07232 2930.7772000000004 6145.2442 3.8191218 -5.7655382 3.2197516
60881 63720.0 880.1502700000001 282.757 6789.8162999999995 3.7840829 -6.6142034999999995 -0.20341719
60881 64140.0 2318.6791000000003 -2425.9096 5981.2357 2.941774 -6.0499669 -3.5761129
60881 64560.0 3262.8106000000002 -4617.316900000001 3893.7879 1.4724667 -4.1958462 -6.1831118
60881 64980.0 3511.2161 -5824.1722 973.76919 -0.31106347 -1.4466549 -7.4683614
60881 65400.0 3011.0796 -5789.3625 -2154.4483999999998 -2.0269854 1.6087375 -7.157082900000001
60881 65820.0 1869.7278000000001 -4521.792 -4822.9983 -3.3088694999999997 4.3166338 -5.3199161
60881 66240.0 330.98043 -2293.2472000000002 -6463.933400000001 -3.8858395999999997 6.103192600000001 -2.3528071
60881 66660.0 -1278.0321000000001 422.15970000000004 -6728.6925 -3.6374471 6.5935027 1.1157913000000002
60881 67080.0 -2615.1305 3047.4678 -5558.869 -2.6136115 5.6807694 4.3556273
60881 67500.0 -3393.8137 5022.0132 -3198.8216 -1.0258269 3.5484381 6.676150400000001
60881 67920.0 -3444.8484 5919.5607 -152.00788 0.7882048600000001 0.64596089 7.5671119000000004
60881 68340.0 -2755.3395 5544.5410999999995 2927.4904 2.4349696 -2.3989542000000004 6.8278404
60881 68760.0 -1473.663 3977.9568 5376.3701 3.5561787 -4.9235178 4.6204639
60881 69180.0 124.39717999999999 1558.4285 6671.911400000001 3.9118489 -6.3862356 1.4228115000000001
60881 69600.0 1695.2756000000002 -1194.0213999999999 6534.3111 3.4326117 -6.4823580000000005 -2.0654307
60881 70020.0 2904.5407000000005 -3691.7807000000003 4999.211 2.2211041000000002 -5.1955743000000005 -5.1115915
60881 70440.0 3493.9278 -5401.645 2394.4377000000004 0.53423405 -2.7982598 -7.0662198
60881 70860.0 3337.1117999999997 -5957.924400000001 -723.15299 -1.2673496 0.19752905999999998 -7.508256500000001
60881 71280.0 2467.8447 -5242.254599999999 -3685.9234 -2.7965587000000003 3.1479177 -6.3437562
60881 71700.0 1072.4901000000002 -3409.194 -5861.3117999999995 -3.7271027 5.4217328 -3.8277921999999998
60881 72120.0 -551.03034 -850.9595300000001 -6786.7732000000005 -3.8639319000000003 6.5396339 -0.49937667
60881 72540.0 -2057.3503 1888.0846999999999 -6265.4091 -3.1788022000000002 6.2669772 2.9381265
60881 72960.0 -3125.1635 4224.4571 -4405.7937999999995 -1.8133396000000002 4.6563682 5.7573669
60881 73380.0 -3524.7699 5657.3165 -1602.5465 -0.055078539999999995 2.0435783 7.3504679
60881 73800.0 -3168.8545 5877.651900000001 1545.5005 1.7192092 -1.0139926000000001 7.3654966
60881 74220.0 -2132.8628 4836.6297 4361.080400000001 3.1235862 -3.8519887 5.7966755999999995
60881 74640.0 -638.06464 2755.4768 6237.0198 3.8594096 -5.8655857 2.9836902
60881 75060.0 991.97715 85.406875 6768.9403 3.7690476 -6.6231051 -0.46797728
60881 75480.0 2411.116 -2604.2155000000002 5852.6273 2.8667232 -5.954742 -3.8216697
60881 75900.0 3313.0229 -4735.6483 3675.8302000000003 1.3493320000000002 -4.0091322 -6.3545081
60881 76320.0 3503.6288 -5850.3948 707.68597 -0.4579717 -1.2025911 -7.5201407
60881 76740.0 2942.7237999999998 -5710.371400000001 -2412.9561000000003 -2.1632587 1.8554389000000002 -7.0682784000000005
60881 77160.0 1752.7039 -4349.6990000000005 -5016.8547 -3.3998315 4.5046316 -5.1067884999999995
60881 77580.0 189.49439 -2063.1714 -6550.7988 -3.9089895 6.1854068 -2.0673701
60881 78000.0 -1413.9985 660.80849 -6692.709900000001 -3.5890602 6.551938900000001 1.4031919000000002
60881 78420.0 -2718.0778999999998 3244.7902999999997 -5413.7635 -2.5083670000000002 5.5303192 4.578067600000001
60881 78840.0 -3445.2986 5140.0081 -2983.1541 -0.89069241 3.3294685 6.7876069
60881 79260.0 -3438.4703 5939.9748 84.215382 0.92351636 0.40929689 7.5534151000000005
60881 79680.0 -2696.6532 5470.1999000000005 3133.3095 2.5449979 -2.6063923 6.7003364
60881 80100.0 -1377.3790000000001 3829.0261 5509.4865 3.6226508 -5.0662319 4.4075161
60881 80520.0 236.93064 1367.6532 6702.2338 3.9242702 -6.4407144 1.1683461
60881 80940.0 1800.097 -1385.6123 6456.9591 3.3845493 -6.4345233 -2.3223319
60881 81360.0 2977.6015 -3842.0039 4824.7597000000005 2.1193364000000003 -5.049641800000001 -5.316019900000001
60881 81780.0 3516.1899 -5474.251700000001 2153.636 0.39834388000000004 -2.5806795000000005 -7.170631
60881 82200.0 3300.2359 -5931.8166 -980.96659 -1.4073963 0.44077666 -7.4824032
60881 82620.0 2377.1947 -5118.5329 -3905.0170000000003 -2.9069317999999997 3.3592246 -6.1890422
60881 83040.0 946.4785899999999 -3212.4218 -5993.9748 -3.7811545 5.5501389 -3.5794612000000003
60881 83460.0 -685.4980300000001 -623.4289 -6805.731 -3.8496577000000003 6.555097300000001 -0.21746714
60881 83880.0 -2172.1832999999997 2097.8187000000003 -6170.618 -3.1019299 6.1692477 3.1873317
60881 84300.0 -3198.0105 4373.8893 -4223.077 -1.6938522 4.472238099999999 5.9198736
60881 84720.0 -3543.4242000000004 5719.328 -1374.7968999999998 0.080156757 1.8161646 7.3966098
60881 85140.0 -3132.4675 5843.829900000001 1767.2254 1.8418265 -1.2352121999999999 7.2924356
60881 85560.0 -2051.6104 4718.5718 4530.1775 3.211399 -4.025705 5.6238564
60881 85980.0 -531.81026 2583.7872 6321.2878 3.8937793000000003 -5.954554 2.749369
60882 0.0 1101.736 -103.66111000000001 6756.591200000001 3.7431772999999997 -6.6095667 -0.7146866199999999
60882 420.0 2499.5115 -2768.9993 5741.8922 2.7907739 -5.8498581000000005 -4.0291045
60882 840.0 3361.4134 -4840.5686 3493.3989 1.238201 -3.8340734000000003 -6.4823264
60882 1260.0 3501.9341 -5873.3106 493.22875 -0.58112476 -0.9940882900000001 -7.5421929
60882 1680.0 2891.2729 -5646.2624000000005 -2613.2851 -2.2728474999999997 2.0540561 -6.9800085
60882 2100.0 1662.2594 -4211.7523 -5159.8061 -3.4728467000000003 4.6519238 -4.9260889
60882 2520.0 78.959348 -1879.8409 -6604.701099999999 -3.9298393000000003 6.2502627 -1.831461
60882 2940.0 -1521.2047 851.1388000000001 -6644.3815 -3.5524499 6.519520000000001 1.6453705
60882 3360.0 -2798.8065 3401.5896000000002 -5271.549400000001 -2.4210447 5.4056477 4.774601
60882 3780.0 -3481.7349 5229.1906 -2775.9548 -0.77099151 3.1379883 6.8944476
60882 4200.0 -3422.346 5941.7756 312.58824 1.0492011 0.19285801000000002 7.5455124
60882 4620.0 -2631.4647000000004 5384.3687 3334.0384 2.6485117000000002 -2.7992756 6.5792125
60882 5040.0 -1277.4856000000002 3674.8058 5640.0723 3.6814153000000003 -5.1930283 4.2011192
60882 5460.0 349.82661 1179.0025 6736.1499 3.9263906000000004 -6.4750379 0.9228895
60882 5880.0 1902.4056 -1569.2002 6387.3202 3.3308959000000002 -6.3715469 -2.5554219
60882 6300.0 3047.3417000000004 -3980.965 4666.8828 2.0208781 -4.9024871999999995 -5.4887817
60882 6720.0 3538.6027999999997 -5538.732 1942.8218000000002 0.27554969 -2.3796354 -7.245345500000001
60882 7140.0 3270.5522 -5907.9902 -1199.3482 -1.5281453 0.65254371 -7.4430882
60882 7560.0 2301.8382 -5011.5658 -4084.0095 -2.9998286 3.5362484 -6.0445895
60882 7980.0 841.51909 -3045.135 -6095.3135 -3.826693 5.655169600000001 -3.3609867
60882 8400.0 -797.76245 -431.31913000000003 -6807.684200000001 -3.8382693 6.5661638 0.028837733
60882 8820.0 -2267.8813999999998 2274.043 -6072.3631 -3.0357897 6.0837985 3.4096179
60882 9240.0 -3256.6452999999997 4496.6637 -4045.0114 -1.5866647 4.307652 6.070609999999999
60882 9660.0 -3552.3070000000002 5762.2031 -1154.5622 0.20552488 1.6072118 7.4427086000000005
60882 10080.0 -3089.6102 5797.455900000001 1982.5672 1.9582313999999998 -1.4433221 7.2233238
60882 10500.0 -1966.2737 4593.0106 4694.5082 3.2935631 -4.1877436 5.4546041
60882 10920.0 -422.40406 2406.1921 6399.6738 3.9241973 -6.0358354 2.5169301
60882 11340.0 1211.7697 -295.13462 6732.6889 3.7157213000000002 -6.5932059 -0.96050917
60882 11760.0 2586.7699 -2932.9667000000004 5623.126 2.7091886 -5.7363691 -4.238657900000001
60882 12180.0 3409.0851000000002 -4943.5289 3310.9697 1.1236954000000001 -3.651228 -6.599488099999999
60882 12600.0 3499.0389 -5892.5433 283.68525 -0.7035636200000001 -0.78489995 -7.5528763
60882 13020.0 2839.417 -5579.2669000000005 -2804.619 -2.379827 2.2487926000000003 -6.8845429000000005
60882 13440.0 1569.0596 -4065.629 -5286.7829 -3.5488751 4.802858100000001 -4.7463409
60882 13860.0 -36.267955 -1683.8165000000001 -6636.3868 -3.9569285 6.3290273 -1.5803234
60882 14280.0 -1635.5112 1060.9843 -6562.845200000001 -3.5132077 6.4932171 1.9282109
60882 14700.0 -2884.975 3577.5911 -5086.9304 -2.3145743000000003 5.259316300000001 5.0106867
60882 15120.0 -3515.9269 5327.8335 -2515.0263999999997 -0.6236137700000001 2.9052918 7.019415100000001
60882 15540.0 -3392.2623 5934.192900000001 596.87959 1.2018092 -0.070736076 7.5277691
60882 15960.0 -2542.7873 5270.6713 3580.2391000000002 2.7696261 -3.0307559000000004 6.4213931
60882 16380.0 -1149.538 3480.2115 5796.8239 3.7432672 -5.3381841 3.9425865
60882 16800.0 488.91218 947.45423 6773.8252 3.9171745000000002 -6.5033061 0.62581252
60882 17220.0 2023.2272 -1787.1785 6303.7663 3.2564076 -6.2823418 -2.8237671
60882 17640.0 3126.1175000000003 -4140.5776000000005 4486.1703 1.8996313 -4.7202767 -5.6746245
60882 18060.0 3560.7439 -5608.8828 1706.7695 0.13314072999999998 -2.1449207 -7.3158673
60882 18480.0 3233.3541 -5876.7334 -1438.3602 -1.6637424 0.8927786999999999 -7.3870746
60882 18900.0 2212.7729 -4884.5297 -4273.795400000001 -3.1030623 3.73585 -5.8771122
60882 19320.0 717.12289 -2844.277 -6191.6912999999995 -3.8807608 5.7838864 -3.1048325
60882 19740.0 -931.07928 -197.89444 -6784.8683 -3.8246956 6.5871997 0.32825294000000005
60882 20160.0 -2380.4532000000004 2490.6928 -5925.6003 -2.9515589 5.982756800000001 3.6889247999999997
60882 20580.0 -3321.3126 4647.2188 -3797.2161 -1.4469637 4.0992474 6.2616828
60882 21000.0 -3552.1002000000003 5810.2089000000005 -854.87364 0.36802102000000003 1.3378489 7.493592400000001
60882 21420.0 -3023.4387 5730.942900000001 2270.8563 2.1028602999999997 -1.7071398 7.1193098
60882 21840.0 -1849.1473999999998 4428.0127 4910.9637 3.3855818 -4.3812017 5.2245129
60882 22260.0 -281.3096 2182.7236000000003 6503.129 3.9448727 -6.1163153 2.2207311
60882 22680.0 1346.3621 -526.30458 6710.2285 3.665728 -6.550458 -1.2525052
60882 23100.0 2687.9269 -3123.3476 5487.9264 2.6064807 -5.5919941 -4.4637176
60882 23520.0 3456.9188 -5054.9621 3093.8181 0.98741256 -3.4369871 -6.7305786
60882 23940.0 3487.2206 -5906.1983 37.584215 -0.84776961 -0.53991555 -7.5596437
60882 24360.0 2770.2956000000004 -5491.919900000001 -3026.9413 -2.5039821000000004 2.4769216000000003 -6.7661034
60882 24780.0 1459.7404 -3900.8532000000005 -5441.2487 -3.6226006 4.9608003 -4.5204743
60882 25200.0 -162.99703 -1475.4957 -6688.5694 -3.9646254 6.3793987 -1.3102039
60882 25620.0 -1751.0092 1265.2978 -6503.0019 -3.4600043 6.4349205000000005 2.1775579
60882 26040.0 -2965.0525000000002 3735.8809 -4924.8548 -2.2157341 5.1154676 5.2009317
60882 26460.0 -3545.1348 5407.6859 -2291.0247000000004 -0.49595143 2.7000814 7.1123436
60882 26880.0 -3366.6447000000003 5922.426 834.3831700000001 1.3302392 -0.29337207000000004 7.498328000000001
60882 27300.0 -2468.5815000000002 5171.339 3780.8275 2.869122 -3.2189804 6.2776487
60882 27720.0 -1043.5822 3316.7012000000004 5919.0562 3.792759 -5.450792000000001 3.7206353
60882 28140.0 603.46664 756.57922 6795.1515 3.9083201 -6.5193598 0.37615535
60882 28560.0 2122.2985 -1964.2445 6223.652599999999 3.1930934000000004 -6.2023131000000005 -3.0489822
60882 28980.0 3189.448 -4266.894 4324.5465 1.7956009 -4.5628329999999995 -5.8314249
60882 29400.0 3574.7143 -5657.0331 1499.439 0.009836111900000001 -1.9433562 -7.375196600000001
60882 29820.0 3195.4768 -5837.4085000000005 -1647.4874 -1.7830785 1.1006658 -7.3357604
60882 30240.0 2131.0065 -4766.0621 -4440.312 -3.1930354000000003 3.9074717000000003 -5.719738500000001
60882 30660.0 610.73251 -2675.1068999999998 -6280.0768 -3.9164798000000003 5.8712261 -2.8818929
60882 31080.0 -1040.4611 -12.013254000000002 -6775.0204 -3.8033626 6.5793278 0.56708425
60882 31500.0 -2469.7439 2653.676 -5820.9926 -2.8790721 5.8837954 3.8932293000000002
60882 31920.0 -3372.0308 4753.089900000001 -3621.6719 -1.3391116 3.9312744 6.3893019
60882 32340.0 -3553.9755 5837.1229 -646.68451 0.48866619 1.1365347 7.518808600000001
60882 32760.0 -2976.2488 5673.4913 2466.9532000000004 2.211305 -1.8996949 7.0378337
60882 33180.0 -1762.7147 4298.0559 5052.842900000001 3.4598271 -4.526262399999999 5.0528178
60882 33600.0 -173.87448999999998 2007.4758000000002 6559.7424 3.9687573000000005 -6.1830063 1.9933778
60882 34020.0 1452.0006 -710.11137 6667.7428 3.6332135 -6.5234664 -1.4886192
60882 34440.0 2768.8482999999997 -3276.4474 5353.31 2.5232484 -5.4750317 -4.6581119
60882 34860.0 3494.9522 -5143.5914 2894.3133 0.87139688 -3.2545729999999997 -6.8391037
60882 35280.0 3473.914 -5911.1251 -184.89874 -0.9710485200000001 -0.33182818 -7.55693
60882 35700.0 2708.6632000000004 -5412.3783 -3224.5181000000002 -2.6065751 2.6636404000000002 -6.6523725
60882 36120.0 1363.8868 -3755.6049 -5572.1446 -3.6814379 5.0833580000000005 -4.3238452
60882 36540.0 -272.47225000000003 -1296.3596000000002 -6726.8868 -3.9689822 6.4139534000000005 -1.0758593
60882 36960.0 -1850.799 1439.2877 -6443.8471 -3.410409 6.3764161 2.3990744
60882 37380.0 -3034.5276000000003 3868.0057 -4783.4258 -2.1236946 4.978489300000001 5.3643688
60882 37800.0 -3570.3174 5470.7807 -2098.981 -0.38063449000000005 2.5138875 7.1855850000000006
60882 38220.0 -3342.5535 5903.5425000000005 1035.4047 1.4455175 -0.49076749999999997 7.467321500000001
60882 38640.0 -2397.8913 5070.1376 3947.0396 2.9624026 -3.3889848000000002 6.1527139
60882 39060.0 -937.1793100000001 3146.3709 6009.866900000001 3.8499424 -5.5698227 3.5174018
60882 39480.0 722.7920300000001 551.71464 6783.9262 3.9088431999999997 -6.553528 0.11657056
60882 39900.0 2227.1646 -2159.1495 6103.466 3.1265014 -6.126189 -3.3066891000000003
60882 40320.0 3254.5823 -4408.0295 4110.8729 1.6747907 -4.3864551 -6.0170618000000005
60882 40740.0 3583.3226 -5710.8225 1232.6048 -0.138132 -1.7036694000000001 -7.4377978
60882 41160.0 3142.8797999999997 -5787.7914 -1911.0971000000002 -1.9202974 1.3428613 -7.2578213
60882 41580.0 2029.18 -4624.9513 -4644.3139 -3.2860715000000003 4.0922792 -5.522564
60882 42000.0 482.05758000000003 -2474.6721000000002 -6384.3988 -3.9466237000000004 5.9592252 -2.6152869
60882 42420.0 -1167.6528999999998 201.76391 -6763.8961 -3.7671481 6.5550533 0.8397960900000001
60882 42840.0 -2569.6469 2835.4292 -5704.3178 -2.7881938 5.7594183999999995 4.1148864000000005
60882 43260.0 -3425.8203 4866.7322 -3430.07 -1.2141906 3.7372349 6.5193398
60882 43680.0 -3552.304 5861.3824 -423.41366 0.62347835 0.91193749 7.5367854
60882 44100.0 -2920.3484 5604.4933 2673.5432 2.3312855 -2.1133791 6.9412910000000005
60882 44520.0 -1664.2203000000002 4149.7185 5197.4587 3.5413381 -4.6879434 4.8578815
60882 44940.0 -52.401615 1808.045 6607.577700000001 3.9942003 -6.259801 1.7343738000000002
60882 45360.0 1570.5706 -919.96212 6601.7967 3.5933588 -6.4940563000000004 -1.762021
60882 45780.0 2857.96 -3451.1795 5182.464 2.4203266 -5.334804500000001 -4.886769500000001
60882 46200.0 3532.0103 -5241.6272 2648.4129 0.72865969 -3.0331749 -6.9644229
60882 46620.0 3447.9067999999997 -5907.0415 -455.96851000000004 -1.1218807 -0.077466819 -7.5473821
60882 47040.0 2623.9022999999997 -5304.9208 -3462.486 -2.7296772000000002 2.8913580000000003 -6.5070784999999995
60882 47460.0 1237.4247 -3566.181 -5726.979200000001 -3.7495659999999997 5.2348627 -4.071646
60882 47880.0 -412.91272 -1066.2701000000002 -6764.0813 -3.9665214 6.4530106 -0.77836501
60882 48300.0 -1975.4707 1660.6383 -6357.9299 -3.3393966 6.296954800000001 2.6772044999999998
60882 48720.0 -3117.6083 4034.0552000000002 -4595.2118 -2.0003151 4.799612 5.5649223
60882 49140.0 -3595.053 5547.3094 -1850.3431 -0.23121758 2.2743618000000003 7.2681765
60882 49560.0 -3305.218 5876.802 1291.3136000000002 1.5869616000000002 -0.73601924 7.4154554
60882 49980.0 -2306.4098 4945.4884 4154.5311 3.0687793 -3.5914944 5.9826242
60882 50400.0 -814.60746 2957.3808 6128.696599999999 3.8961604000000003 -5.6833638 3.2618058000000003
60882 50820.0 850.1093199999999 340.21325 6793.6458 3.8868491 -6.5523014 -0.1520198
60882 51240.0 2333.5719 -2349.5561000000002 6006.0317000000005 3.0490238 -6.023553700000001 -3.5300698
60882 51660.0 3319.4467999999997 -4538.2952000000005 3934.4161000000004 1.560087 -4.209395000000001 -6.1555422
60882 52080.0 3596.7796000000003 -5758.323 1020.8026 -0.26374876 -1.4941597 -7.4658997000000005
60882 52500.0 3105.8335 -5748.3778 -2111.509 -2.0312364 1.5401781 -7.1775833
60882 52920.0 1951.7293000000002 -4511.0977 -4792.0867 -3.3631041 4.2418095000000005 -5.355227299999999
60882 53340.0 381.94172 -2313.0122 -6449.221500000001 -3.9763960000000003 6.0350189 -2.3931824
60882 53760.0 -1269.1503 377.16595 -6730.703 -3.7434441 6.5432464 1.0774423
60882 54180.0 -2650.0366000000004 2986.8879 -5575.7699 -2.7123903 5.6580633 4.3236375
60882 54600.0 -3466.333 4960.469 -3228.829 -1.0975731000000002 3.5591029 6.651874100000001
60882 55020.0 -3540.6835 5871.845 -190.70696 0.7537645700000001 0.69670821 7.5562177
60882 55440.0 -2856.2893 5525.079900000001 2888.9299 2.4459019 -2.3180613 6.8403579
60882 55860.0 -1560.5127 3995.6362000000004 5348.4547999999995 3.6123652 -4.8326106 4.6586793
60882 56280.0 68.91303599999999 1612.057 6662.2216 4.0055407 -6.310706000000001 1.4847168
60882 56700.0 1683.6761000000001 -1115.4539 6551.192900000001 3.5441502000000003 -6.4414774 -2.0036414000000002
60882 57120.0 2939.2901 -3604.9627 5039.1142 2.3260248999999997 -5.197570300000001 -5.0661673
60882 57540.0 3567.0785 -5324.3792 2447.876 0.60847812 -2.8402350000000003 -7.0480974
60882 57960.0 3431.8071 -5904.7257 -668.31453 -1.2409254 0.12710331 -7.5197193
60882 58380.0 2560.1511 -5218.0564 -3640.9042999999997 -2.8253212 3.0669872999999996 -6.3820859
60882 58800.0 1139.1428 -3410.6067000000003 -5825.9036 -3.8088638 5.3546664 -3.8827534000000004
60882 59220.0 -525.49172 -876.8263000000001 -6773.2955999999995 -3.970841 6.4875522000000005 -0.54257966
60882 59640.0 -2077.385 1843.9032 -6267.8957 -3.2849604 6.232845999999999 2.9044478
60882 60060.0 -3186.1016 4171.3 -4421.4873 -1.8988334 4.648788 5.7276039
60882 60480.0 -3615.2788 5609.0424 -1629.4281 -0.10778954 2.0732798 7.3256255
60882 60900.0 -3273.5827999999997 5850.8013 1511.0973999999999 1.7049033999999998 -0.94213345 7.3570585
60882 61320.0 -2234.7353 4846.647900000001 4329.2267 3.151615 -3.7515639000000003 5.819221
60882 61740.0 -720.9552199999999 2812.5564 6225.0722000000005 3.9262767 -5.7588729 3.0456122999999997
60882 62160.0 945.82433 181.60694 6796.3656 3.8672761 -6.543104400000001 -0.37503766000000005
60882 62580.0 2411.5515 -2487.6639 5920.1808 2.9854471 -5.937136000000001 -3.7235246
60882 63000.0 3363.2090000000003 -4626.5429 3778.8336000000004 1.461726 -4.0596632 -6.2890089
60882 63420.0 3594.4955 -5774.1673 826.8503000000001 -0.38189747999999996 -1.3034465 -7.51229
60882 63840.0 3053.4683999999997 -5681.0662 -2303.2152 -2.1474962 1.7390831 -7.1189594
60882 64260.0 1855.8996000000002 -4366.46 -4936.8064 -3.4504067000000003 4.4054518 -5.192509
60882 64680.0 260.93187 -2116.4685 -6508.701900000001 -4.0098548 6.1190293 -2.1577953
60882 65100.0 -1390.6489 587.38166 -6685.157 -3.7120837000000004 6.522471400000001 1.3316402
60882 65520.0 -2745.5819 3166.0826 -5430.9485 -2.6228933000000003 5.534088 4.5315548
60882 65940.0 -3514.9622000000004 5069.5353 -3015.2757 -0.9742575600000001 3.365316 6.7621455
60882 66360.0 -3534.6601 5891.7513 45.339818 0.88201962 0.47904178000000003 7.5464807
60882 66780.0 -2800.9298 5458.1072 3096.303 2.5481922 -2.5058304 6.7181259
60882 67200.0 -1471.0609 3862.8662000000004 5486.8773 3.669339 -4.9519481 4.4596159
60882 67620.0 171.29842000000002 1447.137 6709.0087 4.0099676 -6.3434262 1.2546911
60882 68040.0 1777.2187 -1275.7623 6502.7057 3.4986554 -6.3880973 -2.2206300999999997
60882 68460.0 3004.6914 -3726.7702000000004 4908.8875 2.239508 -5.0706821 -5.2330698
60882 68880.0 3589.6149 -5380.6732999999995 2263.0778999999998 0.49514508 -2.6615938999999997 -7.1356639
60882 69300.0 3404.4273 -5880.151400000001 -869.2272700000001 -1.3614491 0.32761455 -7.506465100000001
60882 69720.0 2487.2334 -5115.3315 -3814.13 -2.9258591000000003 3.247138 -6.259613000000001
60882 70140.0 1035.8177 -3251.9732000000004 -5938.1628 -3.8589607000000004 5.4632149 -3.6694865
60882 70560.0 -638.0275600000001 -690.5899300000001 -6784.6988 -3.9654081000000003 6.5072651 -0.29776397
60882 70980.0 -2175.6567000000005 2018.2318 -6178.6593 -3.223564 6.1572753 3.1303758
60882 71400.0 -3248.7762000000002 4296.1494 -4249.7638 -1.7936295 4.4927441 5.887317299999999
60882 71820.0 -3628.2461000000003 5656.7919 -1410.9899 0.019440064 1.8687385 7.3840425
60882 72240.0 -3233.2467 5809.9865 1729.8897 1.8267327 -1.1514786 7.3000702
60882 72660.0 -2149.1222000000002 4724.962 4501.4262 3.2412644 -3.9199940000000004 5.658344100000001
60882 73080.0 -608.06599 2635.445 6313.646 3.9641033 -5.8494362 2.8156684000000003
60882 73500.0 1062.0648999999999 -13.372292999999999 6782.4801 3.8451351000000003 -6.536077100000001 -0.62392988
60882 73920.0 2506.5431000000003 -2659.1351 5807.295099999999 2.9082711 -5.8343053000000005 -3.9373726000000002
60882 74340.0 3417.0108 -4738.3318 3591.8975 1.3464399 -3.8837151 -6.4215594000000005
60882 74760.0 3596.2026 -5803.2826 606.66128 -0.51018259 -1.0929656 -7.5355153
60882 75180.0 3003.4141 -5622.4977 -2509.1192 -2.2612349 1.9385737 -7.0291982
60882 75600.0 1765.4251000000002 -4233.912200000001 -5084.5204 -3.5257768 4.5520992 -5.0101845
60882 76020.0 148.65293 -1936.7257 -6565.3326 -4.0331155 6.1871452 -1.9157482000000001
60882 76440.0 -1500.3479 776.39314 -6634.2851 -3.6752601 6.4949494 1.5912674
60882 76860.0 -2827.9442000000004 3321.9737000000005 -5282.7791 -2.5263739999999997 5.404545000000001 4.7537631000000005
60882 77280.0 -3551.6277000000005 5158.4292000000005 -2798.8891000000003 -0.84044518 3.1609998999999998 6.8860353
60882 77700.0 -3512.0217000000002 5886.535900000001 289.12291 1.0265363 0.24167271 7.5509018
60882 78120.0 -2720.5141000000003 5354.4169 3315.1497000000004 2.6736833 -2.7290145000000003 6.595754299999999
60882 78540.0 -1346.6181000000001 3676.3307999999997 5630.518400000001 3.7470368 -5.1117882 4.2301751
60882 78960.0 314.39665 1214.2494 6741.5156 4.0188019 -6.3990725 0.96487188
60882 79380.0 1908.4545 -1506.6000000000001 6412.2754 3.4341568000000002 -6.3222005 -2.5042474
60882 79800.0 3095.6622 -3906.2112 4712.7271 2.1161929 -4.8966202 -5.442258799999999
60882 80220.0 3621.8168 -5471.741 2003.9836 0.34302318000000004 -2.4211994 -7.2200616
60882 80640.0 3373.1821 -5866.6605 -1134.2237 -1.5055281 0.57512158 -7.4505156
60882 81060.0 2401.4636 -5003.7103 -4027.487 -3.0320149 3.4474334 -6.086825300000001
60882 81480.0 915.7956800000001 -3070.64 -6059.4086 -3.9087666 5.5799704000000006 -3.4193341
60882 81900.0 -764.8229200000001 -483.34765999999996 -6795.7661 -3.9486266000000003 6.516098 -0.024296575
60882 82320.0 -2282.4374 2207.0198 -6079.5351 -3.1469491 6.0626185999999995 3.3727063
60882 82740.0 -3313.4821 4426.8381 -4063.8887000000004 -1.6733222 4.315636400000001 6.0513536000000006
60882 83160.0 -3637.2915000000003 5701.7716 -1178.6027 0.15975926999999998 1.6445421 7.437717
60882 83580.0 -3183.895 5758.4322999999995 1959.3614 1.9591466000000002 -1.3784745 7.2314964
60882 84000.0 -2050.3057 4584.9674 4677.8850999999995 3.3385311000000004 -4.1039803 5.4786630999999995
60882 84420.0 -479.87714 2434.5818 6396.852 4.0038447 -5.9496583 2.5588206000000002
60882 84840.0 1192.7308 -234.02427 6750.745400000001 3.8165595 -6.5276497 -0.90434709
60882 85260.0 2611.351 -2852.6872000000003 5663.7429 2.8157777999999998 -5.7155334 -4.1789384
60882 85680.0 3473.6848 -4863.7792 3366.5573 1.2106882 -3.6795030000000004 -6.5650829
60882 86100.0 3594.6648999999998 -5836.384099999999 350.77798 -0.6534538 -0.8566144000000001 -7.544491900000001
60883 120.0 2944.7026 -5557.5701 -2741.5962000000004 -2.3790448 2.1491916 -6.9150092999999995
60883 540.0 1662.7782 -4085.8716000000004 -5243.3638 -3.6004262 4.7018005 -4.8070556
60883 960.0 24.853302 -1739.997 -6621.8796 -4.050615 6.2498715 -1.6565624
60883 1380.0 -1618.1785 977.86229 -6579.5603 -3.6286778 6.4523266 1.8516964
60883 1800.0 -2914.3521 3484.9426000000003 -5127.6275000000005 -2.4274017 5.267751100000001 4.9563886
60883 2220.0 -3584.7273 5244.1449 -2569.8937 -0.7060417200000001 2.9557105000000004 7.0008284000000005
60883 2640.0 -3485.7277999999997 5877.8035 540.81335 1.1687588 0.0066875885 7.540430000000001
60883 3060.0 -2638.7563 5250.300700000001 3535.4523 2.7900704999999997 -2.9390634 6.4585678
60883 3480.0 -1227.0403000000001 3499.3847 5772.237 3.8095126 -5.246454 3.9967653000000003
60883 3900.0 446.39598 1002.1607 6774.8207 4.0147074 -6.4289912000000005 0.6923299500000001
60883 4320.0 2025.0475000000001 -1708.1970000000001 6333.7168 3.3666970000000003 -6.2439596 -2.7545299
60883 4740.0 3173.3714 -4055.5252000000005 4543.2485 2.0020218 -4.7308427 -5.617640000000001
60883 5160.0 3646.0739 -5539.353 1783.1508000000001 0.2072705 -2.2055396000000003 -7.287003800000001
60883 5580.0 3340.7836 -5841.070900000001 -1358.0308 -1.6351279 0.79553558 -7.3992282
60883 6000.0 2321.731 -4894.8507 -4208.429 -3.1290975 3.6281089000000004 -5.9264366
60883 6420.0 806.7265699999999 -2903.033 -6157.509599999999 -3.9538737999999998 5.6839554 -3.1858833
60883 6840.0 -880.49245 -291.50624 -6788.6411 -3.9343499000000004 6.5257152 0.23547874
60883 7260.0 -2379.4508 2381.9925 -5965.7928 -3.0743741 5.974456 3.6102743
60883 7680.0 -3372.2437000000004 4549.3279 -3868.2774 -1.5473946 4.131482699999999 6.2175931
60883 8100.0 -3638.1466 5735.4853 -936.78995 0.3068728 1.4107687000000002 7.4910304
60883 8520.0 -3123.5804 5691.319 2196.5409 2.098915 -1.6176742 7.156068
60883 8940.0 -1938.7711000000002 4425.973400000001 4857.4056 3.4396239 -4.297143200000001 5.2826702999999995
60883 9360.0 -339.18487 2213.4886 6475.3607 4.040793 -6.0497573000000004 2.2821548
60883 9780.0 1333.3722 -472.7108 6706.278700000001 3.7788882 -6.5087523 -1.2017186
60883 10200.0 2721.4385 -3058.0639 5502.3482 2.710827 -5.5787016000000005 -4.4268193
60883 10620.0 3528.696 -4990.7018 3120.9918 1.0631541 -3.4567390000000002 -6.7065304
60883 11040.0 3582.323 -5857.421 71.244899 -0.8124987499999999 -0.5952721900000001 -7.5509428
60883 11460.0 2871.0125000000003 -5473.362700000001 -2993.645 -2.5132981 2.3909306000000004 -6.7785981
60883 11880.0 1547.2528 -3921.9026000000003 -5418.8141 -3.6752148000000004 4.8615036 -4.5606564
60883 12300.0 -105.73715 -1535.9972 -6688.1053 -4.0535354 6.2939375 -1.3743584000000002
60883 12720.0 -1736.2176000000002 1176.3676 -6531.938 -3.5699137999999997 6.3881674 2.1053265999999997
60883 13140.0 -2996.9691000000003 3638.062 -4981.7571 -2.3240547 5.120796 5.1438880000000005
60883 13560.0 -3617.0904 5321.522599999999 -2365.9387 -0.57835271 2.7561750000000003 7.0896946
60883 13980.0 -3463.2774 5866.596500000001 758.62625 1.2978515 -0.20868651 7.5167178
60883 14400.0 -2566.2739 5152.7080000000005 3720.0088 2.8952214 -3.1280962 6.326904300000001
60883 14820.0 -1117.7999 3330.9441 5877.700400000001 3.8727964000000004 -5.3764462 3.7844713000000003
60883 15240.0 569.59248 796.4881700000001 6772.9166 4.0205401 -6.4746631 0.42110205
60883 15660.0 2140.299 -1914.1037 6225.816900000001 3.2957487000000003 -6.1666929 -3.0302625
60883 16080.0 3246.578 -4207.106400000001 4332.674099999999 1.874163 -4.5508345 -5.8232674
60883 16500.0 3662.8433 -5606.8697999999995 1512.4073 0.044920129 -1.9497938 -7.3639767
60883 16920.0 3289.7336 -5797.4160999999995 -1631.1392 -1.7899546000000002 1.0599905 -7.3323069
60883 17340.0 2213.1742999999997 -4748.272 -4424.938 -3.2431018 3.8448752 -5.7284781
60883 17760.0 663.4325500000001 -2683.9326 -6270.1957999999995 -4.0021423 5.8060757 -2.8983151
60883 18180.0 -1028.0519 -46.152134 -6772.229 -3.9058884 6.5261052 0.5513992200000001
60883 18600.0 -2500.5371 2602.553 -5823.5585 -2.9736831 5.850248400000001 3.8860993
60883 19020.0 -3437.0381 4692.787 -3625.8062000000004 -1.4037233000000002 3.9211637 6.390930099999999
60883 19440.0 -3637.0186000000003 5777.4465 -648.82058 0.46891006 1.1494165 7.5257422
60883 19860.0 -3057.5492999999997 5623.921200000001 2467.7996000000003 2.2396175 -1.8663905 7.0434433
60883 20280.0 -1824.2779 4267.884599999999 5055.7036 3.5269912 -4.4752091 5.052796099999999
60883 20700.0 -201.67286 2001.1665 6562.3073 4.0593749 -6.1222163 1.9925833
60883 21120.0 1463.907 -691.04811 6670.340099999999 3.7284424 -6.4658038 -1.4872347
60883 21540.0 2818.3905 -3236.3088 5357.234 2.6042709 -5.4346287 -4.653190400000001
60883 21960.0 3572.6559 -5092.2246 2900.5840000000003 0.92152175 -3.2416856 -6.8332515
60883 22380.0 3563.6916 -5860.075900000001 -176.59624 -0.96278556 -0.34983693 -7.5548791
60883 22800.0 2792.3427 -5374.3617 -3216.3006 -2.6434065 2.6207305 -6.6551463
60883 23220.0 1423.2491000000002 -3738.2074 -5565.7542 -3.7570472 5.028008300000001 -4.3287341999999995
60883 23640.0 -250.12366 -1302.894 -6722.2715 -4.0664595 6.3576525 -1.0786452
60883 24060.0 -1870.1122 1410.7006000000001 -6439.4791 -3.5074601 6.3292524000000006 2.4009307
60883 24480.0 -3090.5807999999997 3822.8999 -4777.5061 -2.198087 4.947863000000001 5.3696513999999995
60883 24900.0 -3649.8668 5417.2295 -2090.9227 -0.4162227 2.5052432 7.1902359
60883 25320.0 -3427.5872000000004 5851.5788 1044.6274 1.4551644 -0.47430554 7.4677355
60883 25740.0 -2472.1486 5034.2575 3955.9332000000004 3.0119767000000004 -3.3467206000000003 6.1447264
60883 26160.0 -988.71759 3142.0817 6021.2871 3.9227316 -5.4979215 3.5132013000000004
60883 26580.0 705.16101 581.34127 6802.2667 3.9972716 -6.475026 0.13903496
60883 27000.0 2249.2147999999997 -2102.9132000000004 6133.9526 3.2221068 -6.0756701 -3.2643235
60883 27420.0 3314.6947999999998 -4339.6203 4157.3865000000005 1.7587983999999999 -4.3811925 -5.9780879
60883 27840.0 3672.3579 -5649.7662 1290.1673 -0.085797863 -1.7441086000000001 -7.4209971
60883 28260.0 3244.3939 -5750.991400000001 -1852.7971000000002 -1.915216 1.2713223 -7.2716737
60883 28680.0 2121.4977999999996 -4620.3913 -4597.8702 -3.3341894 4.0139756 -5.5610284000000005
60883 29100.0 544.65588 -2501.1587999999997 -6356.4988 -4.0379924 5.893906200000001 -2.6611788
60883 29520.0 -1148.6317 152.54978 -6753.529 -3.8788202000000003 6.5131393 0.80447777
60883 29940.0 -2596.7077999999997 2773.7273999999998 -5704.84 -2.8912082 5.7415215 4.0987385000000005
60883 30360.0 -3489.8404 4802.0936 -3433.8740000000003 -1.2839127000000001 3.7409295000000005 6.5186102
60883 30780.0 -3636.1992999999998 5802.8734 -426.21487 0.599757 0.9376868100000001 7.5418016
60883 31200.0 -3004.3387000000002 5561.8185 2673.1789 2.3537762 -2.0640193 6.9468088
60883 31620.0 -1729.1057 4130.0586 5199.7708 3.6022716999999997 -4.619205 4.8685104
60883 32040.0 -86.089231 1819.5545 6616.1107 4.0795086000000005 -6.1829425 1.7547619
60883 32460.0 1575.335 -878.0046 6621.7323 3.688794 -6.4299688999999995 -1.72824
60883 32880.0 2901.7891 -3388.8013 5215.8462 2.5128099 -5.3091897 -4.8458563
60883 33300.0 3609.9814 -5177.4846 2696.0884 0.7976521000000001 -3.0528589000000004 -6.9353724
60883 33720.0 3546.3534 -5858.9285 -400.43258000000003 -1.0920962 -0.13894032 -7.544682300000001
60883 34140.0 2724.4855000000002 -5287.929400000001 -3411.9735 -2.7502212 2.8084593 -6.5337079000000005
60883 34560.0 1319.501 -3585.2121 -5691.3887 -3.8181435 5.151567600000001 -4.123140500000001
60883 34980.0 -367.50744000000003 -1116.3323 -6751.5163 -4.06917 6.3910222999999995 -0.83394715
60883 35400.0 -1976.1282 1590.8602 -6366.8547 -3.4516549 6.2660185 2.6324334
60883 35820.0 -3162.7994 3958.3305 -4619.1388 -2.0958114 4.8018513 5.5389154
60883 36240.0 -3673.0617 5479.1904 -1881.1353000000001 -0.28926524000000003 2.3077452 7.261423300000001
60883 36660.0 -3396.9721 5827.0615 1260.6986000000002 1.5798151 -0.6811556900000001 7.4259976
60883 37080.0 -2392.7749 4926.2516 4132.659 3.1097685999999998 -3.5221065 5.9991614
60883 37500.0 -878.10973 2974.2846 6119.697700000001 3.9712678 -5.6026253 3.2924055
60883 37920.0 823.69872 388.73024 6800.008400000001 3.9856463 -6.4861223 -0.11095344
60883 38340.0 2350.2804 -2279.5067999999997 6029.877 3.1519131000000002 -5.9894212 -3.4902197000000004
60883 38760.0 3376.293 -4462.1715 3972.3839 1.6445116000000002 -4.2147541 -6.1301247000000005
60883 39180.0 3682.4153 -5693.5008 1065.3124 -0.21685883 -1.5363837 -7.4609065
60883 39600.0 3200.7412000000004 -5706.2635 -2068.1615 -2.0315505000000003 1.4684483000000002 -7.1980958
60883 40020.0 2032.7191 -4495.693 -4757.9547999999995 -3.4176691999999997 4.1679036 -5.3950078999999995
60883 40440.0 430.45957000000004 -2323.614 -6424.0395 -4.0739671 5.9790651 -2.4300136
60883 40860.0 -1265.5611999999999 346.19279 -6720.1813 -3.8513387 6.4998254 1.0588735
60883 41280.0 -2691.0935 2942.2571000000003 -5575.0207 -2.8017364 5.6244931 4.3180899
60883 41700.0 -3538.2145 4905.5243 -3229.8605000000002 -1.1560983 3.550906 6.649298300000001
60883 42120.0 -3627.3099 5817.7880000000005 -191.00156 0.73984865 0.71356507 7.5569205
60883 42540.0 -2939.2492 5483.6212000000005 2889.0369 2.4765025 -2.2752607 6.8415124
60883 42960.0 -1618.8337 3969.7476 5346.0221 3.6848603 -4.7783477 4.6641534
60883 43380.0 46.314123 1610.5607 6661.6178 4.0998534 -6.2506735 1.4876517
60883 43800.0 1701.6833000000001 -1092.5097 6551.7316 3.6397387 -6.3871889 -2.0006192
60883 44220.0 2994.2874 -3562.6787000000004 5041.3926 2.4036788000000002 -5.1618682 -5.0607212
60883 44640.0 3648.2177 -5272.9092 2452.9422999999997 0.65339392 -2.8337039 -7.040969100000001
60883 45060.0 3523.282 -5857.436 -660.66438 -1.2375306000000001 0.10100312 -7.5149197
60883 45480.0 2646.0846 -5191.3875 -3632.9847000000004 -2.8626886 3.0114014000000005 -6.3811127
60883 45900.0 1204.9179 -3418.9038 -5828.9984 -3.8751415000000002 5.2750413 -3.8867795000000003
60883 46320.0 -492.66768 -918.95286 -6781.5667 -4.0621529999999995 6.4137547999999995 -0.5670791000000001
60883 46740.0 -2085.4410000000003 1776.3528000000001 -6287.9205 -3.3847482 6.188278400000001 2.8761938000000002
60883 47160.0 -3233.533 4092.6383 -4450.7519 -1.9829902 4.6415064 5.714078499999999
60883 47580.0 -3691.1259 5534.611400000001 -1661.9345 -0.15213643999999998 2.0954968 7.3325933999999995
60883 48000.0 -3356.9143 5789.5211 1485.2264 1.7148992 -0.90437597 7.3794116999999995
60883 48420.0 -2302.6411000000003 4802.5736 4313.062900000001 3.2134947000000005 -3.7091314000000004 5.839795199999999
60883 48840.0 -755.5416700000001 2787.7434 6215.4202000000005 4.0203997000000005 -5.7123595 3.0524611
60883 49260.0 953.1734399999999 176.99582999999998 6786.4661 3.9683882 -6.4934324 -0.38171357
60883 49680.0 2458.678 -2471.5368 5906.643400000001 3.0705264000000003 -5.8896268 -3.7315631
60883 50100.0 3439.8893 -4593.0002 3764.0199 1.5167397 -4.0287318 -6.2860312
60883 50520.0 3686.7623 -5733.968 815.77288 -0.36281991 -1.3051789 -7.497254700000001
60883 50940.0 3146.082 -5650.0607 -2307.1440000000002 -2.1650427 1.6974677 -7.102769100000001
60883 51360.0 1933.6482 -4359.8196 -4936.4535000000005 -3.5026547000000003 4.333261 -5.1904205
60883 51780.0 309.25557000000003 -2140.7627 -6511.3774 -4.0921623 6.0416781 -2.1735062
60883 52200.0 -1380.9822 533.8390300000001 -6697.0298 -3.8106376 6.4636789 1.3059368
60883 52620.0 -2777.0638 3094.5717999999997 -5452.8051 -2.7161358 5.5084228 4.5125841
60883 53040.0 -3580.1358 4994.592000000001 -3040.6003 -1.0374412 3.3723760000000005 6.7617557
60883 53460.0 -3616.4396 5824.651400000001 23.580513 0.8682133700000001 0.50739887 7.5627346
60883 53880.0 -2877.1006 5405.4475 3082.7065000000002 2.5879209999999997 -2.4667818 6.7378350000000005
60883 54300.0 -1520.1173999999999 3825.5312000000004 5477.3202 3.7524929000000005 -4.9102214 4.4703535
60883 54720.0 162.76763 1424.4365 6690.7537999999995 4.116811 -6.3077965 1.2418702000000001
60883 55140.0 1813.2178000000001 -1283.0106 6477.9182 3.5922530000000004 -6.3421609 -2.2510666
60883 55560.0 3073.7906000000003 -3713.7806 4871.58 2.3010403000000004 -5.0219217 -5.2583937
60883 55980.0 3676.5655 -5349.765 2219.8527000000004 0.5170762999999999 -2.6265790000000004 -7.1379861
60883 56400.0 3492.7591 -5841.2036 -908.29191 -1.3758599999999999 0.32823033 -7.4855377
60883 56820.0 2563.0949 -5085.2863 -3842.101 -2.9702018 3.2049046 -6.2316268
60883 57240.0 1087.6147 -3246.6277999999998 -5956.2815 -3.928001 5.3905852 -3.6546511
60883 57660.0 -618.7498 -718.98814 -6803.3696 -4.0507969 6.428255 -0.30668007999999997
60883 58080.0 -2193.9441 1960.9815 -6204.4613 -3.3143715000000005 6.1028725999999995 3.1081585
60883 58500.0 -3302.9982000000005 4224.1356 -4284.358 -1.8700964 4.477614 5.8710831
60883 58920.0 -3707.2882999999997 5585.8697 -1448.0973999999999 -0.019534825000000002 1.8879812 7.3884418
60883 59340.0 -3317.7317000000003 5751.4044 1698.6568 1.8413424 -1.1151900000000001 7.321547499999999
60883 59760.0 -2216.1265 4682.5868 4479.7613 3.3084085 -3.8812734 5.6789163
60883 60180.0 -638.9802900000001 2609.0275 6297.1803 4.0643846 -5.811899400000001 2.817656
60883 60600.0 1075.9551999999999 -24.394488000000003 6764.0157 3.9466439 -6.4934226 -0.65192362
60883 61020.0 2558.7724 -2650.6795 5775.1738 2.9868848 -5.786985 -3.9721520999999997
60883 61440.0 3494.2188 -4710.003900000001 3547.1 1.3858723 -3.8399112 -6.4446915
60883 61860.0 3680.7998 -5759.842900000001 556.7502800000001 -0.5135669500000001 -1.0680886 -7.5343172
60883 62280.0 3078.664 -5575.4495 -2553.4728 -2.3007597 1.9290531000000002 -7.005164700000001
60883 62700.0 1818.3718000000001 -4199.219400000001 -5116.7447999999995 -3.5912277 4.5047825 -4.9783831
60883 63120.0 170.46845000000002 -1928.1009 -6587.144200000001 -4.1134833 6.1132599 -1.8979997000000002
60883 63540.0 -1513.7508 752.60513 -6654.9214 -3.7616462000000004 6.4212067 1.5808129
60883 63960.0 -2876.5876000000003 3273.4346 -5306.1899 -2.6101777000000004 5.3651305 4.7263957
60883 64380.0 -3627.3474 5097.6242999999995 -2825.7336 -0.8989464 3.162479 6.8715722
60883 64800.0 -3603.7772000000004 5833.4484 258.96479 1.0096086 0.27727946 7.5507989
60883 65220.0 -2809.2507 5321.322 3288.2028999999998 2.7050039000000003 -2.6717627000000004 6.6102509000000005
60883 65640.0 -1413.3365000000001 3670.0462 5611.6688 3.8208493 -5.047762700000001 4.2518053
60883 66060.0 284.92144 1233.7482 6731.670099999999 4.1187546 -6.342199 0.98449898
60883 66480.0 1922.4664 -1466.4504 6409.331099999999 3.5360008 -6.2804243 -2.4930449
60883 66900.0 3148.6449 -3852.5893 4712.919900000001 2.1962853 -4.875105400000001 -5.4392113
60883 67320.0 3700.7254 -5413.9312 2004.7605 0.38444204000000004 -2.4238584999999997 -7.2211499
60883 67740.0 3459.9923 -5815.4573 -1134.1147 -1.5095198 0.54617891 -7.4522612
60883 68160.0 2479.0087000000003 -4972.7948 -4029.648 -3.0765444000000004 3.392509 -6.0864823
60883 68580.0 968.7885200000001 -3068.8294 -6063.7963 -3.983381 5.5072095 -3.425687
60883 69000.0 -747.4933000000001 -512.3031599999999 -6805.3238 -4.0415035 6.4461892 -0.042292564
60883 69420.0 -2305.0972 2152.9782999999998 -6098.1477 -3.2413562000000002 6.0159986 3.3493706000000003
60883 69840.0 -3372.669 4360.4408 -4091.4488 -1.7493463 4.3042449 6.0341101
60883 70260.0 -3720.9062000000004 5637.9101 -1209.6362 0.12172187 1.6669683 7.4362967
60883 70680.0 -3273.4244 5709.5305 1930.8635 1.9706067 -1.3326672000000002 7.2449354
60883 71100.0 -2125.052 4558.6385 4656.7727 3.3979942999999997 -4.0476515 5.498189
60883 71520.0 -521.84932 2432.1013 6383.4627 4.0970714 -5.893849100000001 2.5744632000000003
60883 71940.0 1192.9504 -214.32460999999998 6742.1418 3.9199249000000003 -6.4788262 -0.89820465
60883 72360.0 2652.7253 -2814.8115000000003 5656.176 2.9047975000000004 -5.6792054 -4.1796685
60883 72780.0 3545.0648 -4813.191900000001 3357.1926000000003 1.2665333 -3.6629271 -6.5686223
60883 73200.0 3678.1557000000003 -5780.762900000001 337.2923 -0.6442904700000001 -0.86054704 -7.548726800000001
60883 73620.0 3023.6217 -5510.5632000000005 -2755.2690000000002 -2.415003 2.1226700999999997 -6.9084042
60883 74040.0 1722.644 -4062.4004 -5257.8725 -3.6654765000000005 4.6444788 -4.7925904
60883 74460.0 54.867802000000005 -1749.2499 -6637.9523 -4.1322160000000006 6.1702393 -1.661328
60883 74880.0 -1624.641 935.58651 -6604.1962 -3.7208166 6.383450300000001 1.8190416
60883 75300.0 -2959.0202000000004 3421.5686 -5163.9576 -2.5178166 5.2397505 4.915988400000001
60883 75720.0 -3663.3536000000004 5178.9141 -2621.5844 -0.77419009 2.9751952000000004 6.9712068
60883 76140.0 -3585.4614 5830.2703 481.45474 1.1396541 0.06845138199999999 7.5373372000000005
60883 76560.0 -2740.2455 5233.9699 3481.369 2.8118670000000003 -2.8563314 6.486712900000001
60883 76980.0 -1308.5313 3517.495 5734.2597000000005 3.8813779 -5.1680093 4.0456477
60883 77400.0 402.97752 1048.9791 6757.9847 4.120304600000001 -6.372763600000001 0.74062407
60883 77820.0 2028.4567 -1643.7031000000002 6334.2153 3.4787526 -6.2157085 -2.72269
60883 78240.0 3220.1661000000004 -3984.7652000000003 4552.9277 2.0923182000000002 -4.7289314000000005 -5.606202100000001
60883 78660.0 3722.4902 -5472.7733 1794.3559 0.25574275 -2.2271221999999997 -7.2898928
60883 79080.0 3427.277 -5788.2882 -1349.7572 -1.6355268 0.7515742400000001 -7.4079828
60883 79500.0 2398.8912 -4865.5337 -4204.1676 -3.1728293 3.5626474 -5.9385467
60883 79920.0 858.22379 -2904.0746000000004 -6159.6755 -4.0296095 5.6061466 -3.2059497
60883 80340.0 -865.0418900000001 -324.89981 -6801.7649 -4.0278885 6.4531182 0.20304513000000002
60883 80760.0 -2404.5666 2323.2606 -5995.2209 -3.1703434 5.9288666 3.568645
60883 81180.0 -3432.6177000000002 4477.1292 -3910.3450000000003 -1.6355095 4.1406572 6.1801563999999996
60883 81600.0 -3727.7768 5675.139400000001 -988.1925200000001 0.25435054 1.4613821 7.4773808
60883 82020.0 -3225.7005 5659.2878 2145.1781 2.0931145 -1.5358853 7.170444499999999
60883 82440.0 -2032.8305 4431.4935000000005 4817.925700000001 3.4834396 -4.2038192 5.3242458
60883 82860.0 -404.97998 2255.4937999999997 6457.085900000001 4.1270416 -5.9691841000000005 2.339394
60883 83280.0 1309.45 -402.50244000000004 6712.879400000001 3.8885034999999997 -6.4578542 -1.1434613999999999
60883 83700.0 2744.1538 -2974.5083 5530.9277 2.8188827 -5.566771 -4.3829713
60883 84120.0 3592.0223 -4910.389099999999 3163.2062 1.1445538 -3.4831862 -6.6866504
60883 84540.0 3670.8152999999998 -5794.9325 116.42294000000001 -0.77616478 -0.65213325 -7.5564564
60883 84960.0 2963.7286000000004 -5438.9112000000005 -2955.5697999999998 -2.5286587 2.315162 -6.8047811000000005
60883 85380.0 1622.6163000000001 -3919.6029 -5394.607900000001 -3.7374796000000003 4.7811211 -4.600471300000001
60883 85800.0 -63.724179 -1566.1765 -6682.0601 -4.147 6.2219276 -1.4202568000000002
60883 86220.0 -1736.5904 1120.1993 -6545.598900000001 -3.674888 6.338841500000001 2.0581958
60884 240.0 -3040.3415 3568.3905 -5014.3865000000005 -2.4204875 5.1075374 5.1020411999999995
60884 660.0 -3696.4005 5256.3005 -2412.4348 -0.64609038 2.7831565 7.0634503
60884 1080.0 -3563.3786 5822.0196 705.3630899999999 1.2702407 -0.14129869 7.5144028
60884 1500.0 -2667.8542 5142.0132 3672.0635 2.9164336 -3.037781 6.354639199999999
60884 1920.0 -1201.7444 3362.3223 5851.4183 3.9377253999999997 -5.2821974 3.8342705
60884 2340.0 521.1195700000001 864.36161 6777.566400000001 4.1171444 -6.3963811999999995 0.49588974
60884 2760.0 2132.7245000000003 -1818.1326999999999 6252.8778 3.4173780000000002 -6.1448716 -2.9493302
60884 3180.0 3288.4454 -4111.9355000000005 4388.286 1.985541 -4.5786568 -5.767716900000001
60884 3600.0 3740.1512000000002 -5525.362 1581.9413000000002 0.12578142 -2.0285873 -7.351757
60884 4020.0 3390.2848 -5754.616900000001 -1564.4097 -1.7610573999999999 0.95630062 -7.3565533
60884 4440.0 2314.9238 -4752.3270999999995 -4374.7545 -3.2669988 3.7297116000000003 -5.7846459
60884 4860.0 744.96437 -2735.0341000000003 -6249.4166 -4.0723465 5.7000243 -2.9820079
60884 5280.0 -983.58448 -135.69347 -6790.8933 -4.0097819 6.4534377 0.4495259
60884 5700.0 -2503.0992 2492.4728999999998 -5885.338400000001 -3.0948413 5.8349514000000005 3.7849749000000004
60884 6120.0 -3489.9924 4590.195 -3724.3932000000004 -1.5186012 3.9720185000000003 6.319261000000001
60884 6540.0 -3731.6906000000004 5707.8791 -765.6428900000001 0.38752663000000004 1.2540335 7.508435400000001
60884 6960.0 -3175.4221000000002 5604.813 2356.4272 2.2131878 -1.7360658000000002 7.086688100000001
60884 7380.0 -1939.5173 4302.1750999999995 4972.8075 3.5646076 -4.353547300000001 5.144814500000001
60884 7800.0 -288.86993 2079.6127 6523.1203 4.1524865 -6.037173200000001 2.1036023
60884 8220.0 1423.5067 -587.12349 6676.6775 3.8534017 -6.4306255000000005 -1.3856911
60884 8640.0 2831.9097 -3128.4994 5400.5652 2.7306091 -5.4501485 -4.580973200000001
60884 9060.0 3634.6155 -5000.612700000001 2966.6415 1.0215449 -3.3015207 -6.798362
60884 9480.0 3658.9398 -5801.7573 -104.31962 -0.9078131700000001 -0.44388269 -7.5577216
60884 9900.0 2899.7465 -5360.5877 -3153.2144 -2.640875 2.505577 -6.6947304
60884 10320.0 1519.178 -3771.071 -5525.9367999999995 -3.8070132 4.914091099999999 -4.402973
60884 10740.0 -184.39931 -1379.3301999999999 -6718.862400000001 -4.1579628 6.2679671 -1.1757867000000002
60884 11160.0 -1848.8265000000001 1305.8990000000001 -6478.942599999999 -3.6243827000000004 6.2872816 2.2973134
60884 11580.0 -3120.0595 3713.3532000000005 -4857.6658 -2.3189962 4.9686018 5.2837066
60884 12000.0 -3726.5105 5329.5193 -2198.8584 -0.51572297 2.5867104 7.1473704
60884 12420.0 -3536.2429 5805.9049 930.14947 1.4016423 -0.35270707 7.4850006
60884 12840.0 -2590.363 5041.8948 3860.7933 3.020385 -3.2190081 6.2154885
60884 13260.0 -1090.4986999999999 3199.5787 5963.6356 3.9916066000000003 -5.3937116 3.6159971
60884 13680.0 642.29047 673.91066 6789.6176 4.1097553 -6.414484900000001 0.24600758
60884 14100.0 2238.0196 -1995.5705 6162.7298 3.3506572 -6.0660693000000006 -3.1771990999999997
60884 14520.0 3355.6777 -4238.7032 4215.835 1.8739447 -4.4200421 -5.9247385999999995
60884 14940.0 3755.2143 -5574.6073 1364.6473999999998 -0.0065517803 -1.8248127 -7.404547
60884 15360.0 3350.3593 -5716.4250999999995 -1779.7302 -1.8858510000000002 1.1613702000000001 -7.2946352
60884 15780.0 2226.186 -4631.1863 -4541.978099999999 -3.3609662 3.8972932 -5.6228280999999996
60884 16200.0 627.0748100000001 -2557.7282999999998 -6331.8758 -4.1136695 5.7930506 -2.7492552
60884 16620.0 -1105.6863999999998 60.788457 -6769.000400000001 -3.9878787000000004 6.4496556 0.7047218199999999
60884 17040.0 -2603.05 2666.3815 -5761.1975999999995 -3.013028 5.7328542 4.0073999
60884 17460.0 -3545.7709 4703.7923 -3522.7901 -1.3941242999999999 3.7923575 6.4583895
60884 17880.0 -3731.212 5736.4616 -530.4743100000001 0.52563559 1.0381388999999999 7.5314258
60884 18300.0 -3119.5712000000003 5543.579 2575.3881 2.3310643 -1.9343619 6.9926118
60884 18720.0 -1837.3411 4158.7184 5125.0522 3.645118 -4.5016921000000005 4.9646631
60884 19140.0 -163.83185 1889.242 6584.4486 4.1748944 -6.1009306 1.8634973000000001
60884 19560.0 1544.3210000000001 -782.94183 6634.6603 3.8115564 -6.392508100000001 -1.6274781
60884 19980.0 2923.4242000000004 -3288.3644 5266.9446 2.6365486000000002 -5.3217077 -4.7666641
60884 20400.0 3679.7102999999997 -5093.1998 2774.1015 0.89930562 -3.1165947000000003 -6.888173300000001
60884 20820.0 3651.7096 -5812.4926 -311.64878999999996 -1.030158 -0.24645474 -7.538151200000001
60884 21240.0 2845.5327 -5293.1393 -3330.8476 -2.7387412 2.6739921 -6.5777754
60884 21660.0 1433.6679 -3647.1598 -5639.385700000001 -3.8622787 5.0213227 -4.2161512000000005
60884 22080.0 -282.9338 -1225.9532 -6746.0755 -4.164046099999999 6.2995593 -0.95804769
60884 22500.0 -1939.272 1455.7362 -6414.7204 -3.5800853000000004 6.2389478 2.5087958
60884 22920.0 -3182.1109 3826.8673 -4712.7042 -2.2294582999999997 4.845675 5.4506708
60884 23340.0 -3743.8994 5378.7496 -2000.3115 -0.39544405 2.407897 7.232436300000001
60884 23760.0 -3501.6746000000003 5775.566900000001 1142.8949 1.5281835000000001 -0.55350753 7.4605224
60884 24180.0 -2506.6702999999998 4930.7851 4039.7963 3.122745 -3.3947878 6.0814986
60884 24600.0 -973.89319 3027.858 6066.3133 4.0443530999999995 -5.5012357000000005 3.4012666
60884 25020.0 767.93352 476.42046000000005 6792.7828 4.0991805 -6.4266437 -0.0016969238
60884 25440.0 2346.0517000000004 -2176.9435 6065.6269 3.2793038 -5.9789681 -3.3971381000000003
60884 25860.0 3423.9678 -4366.1693 4041.6693999999998 1.7604271000000002 -4.2566265 -6.0653085
60884 26280.0 3771.7819 -5624.3863 1153.5257 -0.13431521000000002 -1.6259353 -7.4371915
60884 26700.0 3315.3393 -5683.3069000000005 -1981.287 -1.9994197999999999 1.3498666000000001 -7.2189301
60884 27120.0 2152.6464 -4531.6152 -4693.2264000000005 -3.4360462000000003 4.0335956 -5.4607704
60884 27540.0 532.2866700000001 -2416.5052 -6404.8009 -4.1401732 5.8557325 -2.5422367
60884 27960.0 -1201.1019 211.81402 -6752.423900000001 -3.9646599 6.4337302 0.91768232
60884 28380.0 -2678.8943 2794.8269 -5660.2841 -2.9442469 5.6428593000000005 4.1904502
60884 28800.0 -3584.7663 4781.2132 -3356.3669 -1.2893404000000002 3.6411757 6.5790722
60884 29220.0 -3722.1148 5742.329900000001 -332.01499 0.6483386900000001 0.85042743 7.5594541
60884 29640.0 -3059.481 5469.2844000000005 2763.8117 2.4492636 -2.1268105 6.9118662
60884 30060.0 -1739.3576 4020.9889 5264.3315999999995 3.7215567000000003 -4.6426791000000005 4.7778999
60884 30480.0 -44.412668 1706.6561000000002 6629.0365 4.1971118 -6.1662219 1.6117891
60884 30900.0 1661.0669 -973.54062 6575.0514 3.7655795 -6.3544006 -1.8924228
60884 31320.0 3008.3959 -3442.9565000000002 5103.122 2.5326231 -5.1884822 -4.985422
60884 31740.0 3711.579 -5174.9148 2536.7081000000003 0.75423432 -2.9077993 -7.0127249
60884 32160.0 3618.9855000000002 -5797.3696 -575.05902 -1.1869035 -0.0024329287000000002 -7.533774
60884 32580.0 2750.8487000000005 -5177.5348 -3563.4838 -2.8706089 2.8983282 -6.4373362
60884 33000.0 1294.1823000000002 -3450.2829 -5788.577700000001 -3.9367513 5.171711 -3.9680078
60884 33420.0 -437.88769 -988.71204 -6778.129 -4.1616934 6.3371964 -0.6600541200000001
60884 33840.0 -2077.0074 1683.0332 -6323.7931 -3.5024418 6.1552479 2.7843133
60884 34260.0 -3274.781 3997.0909 -4522.299099999999 -2.0973798 4.6638978 5.6395368
60884 34680.0 -3775.2126000000003 5459.9397 -1755.4583 -0.24128053 2.1740203 7.2965238
60884 35100.0 -3469.7996000000003 5757.2439 1386.6673 1.6700519 -0.78524644 7.3937527
60884 35520.0 -2422.6569 4823.8786 4231.6627 3.2254845000000003 -3.5783108 5.9065225
60884 35940.0 -857.74613 2859.614 6169.9616 4.0907368 -5.6048309 3.1553651
60884 36360.0 890.36431 284.68967 6787.1731 4.0821189 -6.433624300000001 -0.2699726
60884 36780.0 2448.1243 -2350.8339 5950.4899000000005 3.2011860000000003 -5.8885637 -3.640902
60884 37200.0 3485.1235 -4486.3652999999995 3844.3648 1.6312946 -4.077111 -6.2299631
60884 37620.0 3772.6057 -5657.0909 909.14265 -0.28658036 -1.3968175 -7.490063500000001
60884 38040.0 3252.7442 -5617.14 -2220.9205 -2.1441014000000003 1.5841230000000002 -7.142098
60884 38460.0 2035.7763 -4373.3009 -4873.3641 -3.5421182 4.2242377 -5.2645556
60884 38880.0 383.94631 -2195.5867000000003 -6483.1195 -4.1801490999999995 5.9559698 -2.2628982
60884 39300.0 -1349.8336000000002 450.46703 -6706.4636 -3.9260136 6.4153732 1.2183602
60884 39720.0 -2795.8096 3000.4293 -5496.1152 -2.8343155 5.5065625 4.4407581
60884 40140.0 -3644.9639 4909.838400000001 -3109.4573 -1.1349957 3.4194508999999997 6.7174162
60884 40560.0 -3714.6313 5769.2107000000005 -56.225773000000004 0.8095249999999999 0.5978775500000001 7.5561362
60884 40980.0 -2989.2232999999997 5393.7163 3008.8928 2.5802975999999997 -2.3504598000000003 6.7749362
60884 41400.0 -1624.8255000000001 3865.4734 5429.9865 3.7970611 -4.7919480000000005 4.5441269
60884 41820.0 86.01203 1513.0422 6690.0846 4.2018136 -6.2064019 1.3480907
60884 42240.0 1778.5752 -1161.5273 6522.2047999999995 3.711847 -6.2987118 -2.1331239
60884 42660.0 3092.3028 -3588.6021 4961.7420999999995 2.4299999 -5.0485644 -5.163456500000001
60884 43080.0 3746.6067000000003 -5250.4261 2340.3046 0.62553241 -2.7159958000000004 -7.0940928
60884 43500.0 3601.0529 -5791.094700000001 -781.08977 -1.3126089 0.19711128 -7.5039106
60884 43920.0 2684.6479 -5092.3348 -3735.6895 -2.9711875 3.0687731 -6.3089887000000004
60884 44340.0 1195.039 -3306.3529 -5890.6941 -3.9929664 5.2806319 -3.7668388
60884 44760.0 -549.33027 -815.6549 -6786.9977 -4.1628112 6.3644948999999995 -0.42398661
60884 45180.0 -2176.6962000000003 1848.7181 -6233.8795 -3.4457149 6.092622500000001 3.0106975000000005
60884 45600.0 -3339.4906 4118.3053 -4347.4508 -1.9912105 4.5192731 5.808860800000001
60884 46020.0 -3791.7821000000004 5511.7988 -1533.0643 -0.10838996000000001 1.9750721000000002 7.3593072
60884 46440.0 -3429.7635 5721.593 1611.4888999999998 1.7974037 -0.98914102 7.3400369
60884 46860.0 -2332.7671 4705.4256 4410.4307 3.3204556 -3.7435628000000003 5.7501289
60884 47280.0 -739.10658 2687.1155 6266.5848 4.1300391 -5.6917624 2.9289471
60884 47700.0 1012.2081 95.86726700000001 6783.5464 4.0582725 -6.4234586 -0.51115551
60884 48120.0 2548.0612 -2515.7946 5852.678400000001 3.1226024000000003 -5.7874535 -3.8413166000000003
60884 48540.0 3541.0335 -4591.384 3671.7778 1.519461 -3.9162582 -6.3557049
60884 48960.0 3778.1112000000003 -5686.8423 705.13937 -0.41158614 -1.2045292 -7.513606
60884 49380.0 3207.4248 -5566.4708 -2412.6842 -2.2559602 1.7665884 -7.0616822
60884 49800.0 1951.2450000000001 -4256.424599999999 -5013.4846 -3.6165045 4.3572756 -5.0977841
60884 50220.0 278.61551000000003 -2038.0043 -6541.6567000000005 -4.2035854 6.0143247 -2.0474441
60884 50640.0 -1453.4468000000002 614.7862700000001 -6671.954 -3.8945617 6.388672400000001 1.4384386999999998
60884 51060.0 -2875.5629 3136.3467 -5375.9917000000005 -2.7540931 5.4003583 4.6211972999999995
60884 51480.0 -3684.3558 4989.0171 -2929.9841 -1.0227936 3.2553701999999998 6.817508200000001
60884 51900.0 -3704.2032000000004 5773.219 144.58904 0.93026676 0.41046504 7.5557998
60884 52320.0 -2931.1528 5321.61 3188.1332 2.6833139000000004 -2.5208247000000004 6.6731008
60884 52740.0 -1531.3178 3732.1686 5548.8334 3.8598926000000002 -4.9079878 4.3636379
60884 53160.0 194.97051000000002 1346.9631000000002 6723.230500000001 4.2112675 -6.2436402 1.1279227
60884 53580.0 1879.775 -1325.019 6462.6991 3.6661282 -6.2493752 -2.3461707
60884 54000.0 3164.213 -3714.6967000000004 4822.3257 2.3387643 -4.9230415999999995 -5.324010599999999
60884 54420.0 3773.7999 -5312.098599999999 2150.7032999999997 0.50829725 -2.5411649 -7.1677424
60884 54840.0 3576.9253 -5773.9692000000005 -980.49149 -1.4311 0.38401501000000005 -7.4765536
60884 55260.0 2614.5552000000002 -5000.4582 -3902.6485000000002 -3.0657905999999997 3.2285576000000002 -6.1846536
60884 55680.0 1093.9498 -3159.2662 -5989.2408 -4.0429812 5.3784641 -3.5714495000000004
60884 56100.0 -659.9256 -644.5815799999999 -6795.8326 -4.1572233 6.3787357 -0.20015212
60884 56520.0 -2273.2808 2007.3436000000002 -6151.299400000001 -3.3858829 6.0202764 3.2140505
60884 56940.0 -3401.8806 4231.1002 -4191.9366 -1.8903369 4.3762356 5.9471896
60884 57360.0 -3806.1582000000003 5554.059700000001 -1337.3397 0.012523751000000001 1.7918248 7.4057322999999995
60884 57780.0 -3393.1065 5683.9714 1803.5248000000001 1.9132084 -1.1743749 7.285026200000001
60884 58200.0 -2255.5570000000002 4600.6107999999995 4559.6657000000005 3.4046812 -3.8898515000000002 5.6003664
60884 58620.0 -636.0467 2534.2807000000003 6339.2435000000005 4.166747099999999 -5.7701669 2.7204605
60884 59040.0 1119.1624 -72.608003 6763.3478 4.0396037 -6.4180664 -0.73741689
60884 59460.0 2635.7339 -2663.9481 5741.694 3.0508009 -5.697340100000001 -4.0395834
60884 59880.0 3589.6927 -4686.6464000000005 3490.9495 1.4079826 -3.7573894 -6.482617100000001
60884 60300.0 3775.6815 -5706.510200000001 491.80426 -0.5390033200000001 -1.0098229 -7.5383154999999995
60884 60720.0 3153.3532000000005 -5504.644 -2613.0218 -2.3705888 1.9538769 -6.9758552
60884 61140.0 1853.1951999999999 -4119.3282 -5153.9373 -3.696402 4.4996034 -4.9247788
60884 61560.0 155.3882 -1850.7435 -6588.4023 -4.2329074 6.0870363 -1.8085682
60884 61980.0 -1574.482 810.90493 -6613.6547 -3.8566181999999998 6.3611428 1.6958068000000002
60884 62400.0 -2967.3819 3299.342 -5218.071 -2.6550285 5.273325 4.8333819
60884 62820.0 -3724.3006 5080.7772 -2700.4801 -0.883242 3.0544196 6.9359239
60884 63240.0 -3682.5255 5772.591200000001 397.84201 1.0782041999999998 0.18024226999999998 7.5476144000000005
60884 63660.0 -2851.7243 5227.5874 3410.8975 2.8047352 -2.7261818 6.5389842
60884 64080.0 -1411.5515 3565.7513 5694.0195 3.9270399000000005 -5.0406636 4.1367026
60884 64500.0 328.97115 1145.3303 6762.784000000001 4.2110665 -6.2760356 0.86187361
60884 64920.0 1999.7688 -1518.2229 6392.7655 3.6013664 -6.1783982 -2.591995
60884 65340.0 3246.1125 -3859.4458 4662.5415 2.2255913 -4.7679247 -5.4990294
60884 65760.0 3801.7858 -5379.4312 1937.8458 0.37101621 -2.3366721 -7.2401928
60884 66180.0 3545.9835000000003 -5751.048400000001 -1201.0628000000002 -1.5678604 0.60051051 -7.4348254
60884 66600.0 2531.7923 -4892.666200000001 -4082.3911000000003 -3.173706 3.4127089 -6.034892
60884 67020.0 975.9013100000001 -2987.5024 -6087.983200000001 -4.1001659 5.493963300000001 -3.3411502
60884 67440.0 -788.7057 -443.48257 -6788.222 -4.1495713 6.3996070000000005 0.067602117
60884 67860.0 -2385.1319 2196.6338 -6030.5869 -3.3111351 5.9371792999999995 3.4668604000000003
60884 68280.0 -3470.1312000000003 4365.077 -3978.9232 -1.760792 4.1997124 6.1245658
60884 68700.0 -3810.6484 5597.0002 -1071.4026999999999 0.16888041 1.5594164000000001 7.466951600000001
60884 69120.0 -3333.7154 5628.3152 2066.7781 2.0599646 -1.4118282 7.2030555000000005
60884 69540.0 -2143.5231000000003 4455.4706 4761.7829 3.5042763 -4.0708108 5.3976911
60884 69960.0 -496.17384000000004 2332.6907 6439.697700000001 4.1975124 -5.853063100000001 2.4493392
60884 70380.0 1256.6529 -285.47391 6746.9538 3.9985509 -6.389063500000001 -1.0118842
60884 70800.0 2743.0283 -2843.0911 5619.9253 2.9512784 -5.5698355 -4.2586015
60884 71220.0 3646.7903 -4796.7663 3296.4492999999998 1.2733785 -3.5636358 -6.6059893
60884 71640.0 3773.3335 -5728.0712 268.93714 -0.68219504 -0.78988619 -7.5480974
60884 72060.0 3093.5536 -5435.321599999999 -2815.9471000000003 -2.4962252 2.1591457999999997 -6.8732161
60884 72480.0 1751.7429 -3979.3903 -5296.5275 -3.7768188 4.6474304 -4.7230042999999995
60884 72900.0 35.051256 -1671.8747 -6640.643599999999 -4.248799 6.140280700000001 -1.5606188
60884 73320.0 -1689.2053 993.39108 -6560.269200000001 -3.811455 6.3192081 1.9378976
60884 73740.0 -3053.3333 3447.1994 -5075.9698 -2.5523319 5.1375152 5.0249729
60884 74160.0 -3764.4694 5163.5156 -2504.2114 -0.75124614 2.8602334000000003 7.0226512
60884 74580.0 -3666.7574 5770.3922 607.11148 1.2099113 -0.025450334 7.5239929000000005
60884 75000.0 -2784.8976000000002 5143.3191 3588.4104 2.9126562 -2.9057208 6.4137009
60884 75420.0 -1308.1616999999999 3417.6745 5801.3502 3.9912386000000004 -5.1615344 3.932809
60884 75840.0 447.59842 963.18611 6774.010200000001 4.217684500000001 -6.3141430000000005 0.61500033
60884 76260.0 2107.9554 -1696.5175 6299.3016 3.5450599000000005 -6.121067600000001 -2.8349792000000003
60884 76680.0 3318.2943999999998 -3993.8866000000003 4476.942900000001 2.1138032 -4.620229800000001 -5.6852972
60884 77100.0 3822.1542000000004 -5440.7465 1699.8013 0.22823064 -2.1273572 -7.314522
60884 77520.0 3507.1015 -5722.043900000001 -1442.9657 -1.7052676 0.8177792500000001 -7.3808429
60884 77940.0 2441.5652999999998 -4779.1282 -4277.0376 -3.27419 3.5870849 -5.869133700000001
60884 78360.0 855.32239 -2816.9574 -6196.3988 -4.1419181 5.5862977 -3.1051327
60884 78780.0 -913.16572 -254.69016000000002 -6792.4166 -4.1266969 6.3935958 0.31840229
60884 79200.0 -2487.1483 2361.7057999999997 -5938.1173 -3.232155 5.8391283000000005 3.6766175
60884 79620.0 -3530.6294 4474.2806 -3814.0165 -1.6445314000000002 4.0354146 6.2557991
60884 80040.0 -3822.3316 5634.0318 -876.0860500000001 0.29486742 1.3678518 7.4903167999999996
60884 80460.0 -3292.419 5582.875 2251.1696 2.1732161000000003 -1.5924639999999999 7.1304359
60884 80880.0 -2057.0513 4335.3222000000005 4894.0127999999995 3.589678 -4.2160701 5.2437244000000005
60884 81300.0 -380.12484 2157.813 6486.1285 4.239667900000001 -5.9421015 2.2235256
60884 81720.0 1377.7472 -479.91643 6690.3185 3.9758857 -6.385609499999999 -1.2695064
60884 82140.0 2840.2782 -3014.2442 5458.7398 2.8616017 -5.46264 -4.4879794
60884 82560.0 3695.0361000000003 -4903.5836 3055.9797000000003 1.134451 -3.3701786000000005 -6.7446348
60884 82980.0 3759.0561000000002 -5743.5963 -2.619633 -0.8347825600000001 -0.55748822 -7.5537226
60884 83400.0 3019.5793 -5355.9668 -3060.7981 -2.6215709 2.3681300000000003 -6.7444696
60884 83820.0 1636.3415 -3826.6397 -5465.3921 -3.8446990000000003 4.7802449 -4.4991828
60884 84240.0 -94.54208 -1484.4364 -6706.156900000001 -4.2485148 6.1710675 -1.3032508
60884 84660.0 -1805.3971999999999 1172.4971 -6521.3231 -3.7512136999999997 6.2525318 2.1680561
60884 85080.0 -3132.9672 3580.35 -4948.8592 -2.4553137 5.0051382 5.185889100000001
60884 85500.0 -3793.1620000000003 5225.4912 -2319.507 -0.6295235699999999 2.6837499 7.1067062
60884 85920.0 -3641.9265 5752.6421 806.6119 1.3375963 -0.22079562000000003 7.5076711
60884 86340.0 -2709.6719 5046.117700000001 3759.1593 3.0207040000000003 -3.0823636000000003 6.2942053
60885 360.0 -1196.074 3257.0258 5903.1451 4.0549601 -5.2809957999999995 3.7285320000000004
60885 780.0 573.9662 769.546 6777.7266 4.219986 -6.3472577 0.36296733000000003
60885 1200.0 2221.1032 -1882.8547 6196.5587000000005 3.4775163 -6.050301999999999 -3.0878072000000003
60885 1620.0 3392.6040000000003 -4131.3894 4287.6853 1.9915536999999999 -4.4563881 -5.8626547
60885 2040.0 3835.2595 -5492.8051 1453.3942 0.077420005 -1.9076084000000002 -7.387208
60885 2460.0 3455.207 -5675.9448 -1693.5178 -1.8537778 1.0509104 -7.323565800000001
60885 2880.0 2334.4326 -4642.1978 -4476.0913 -3.3841658000000003 3.7779375 -5.6899527
60885 3300.0 714.1044300000001 -2615.5352000000003 -6300.2931 -4.1883868 5.6915968 -2.8432195
60885 3720.0 -1058.1827 -32.082167000000005 -6779.3193 -4.0981095 6.3872891 0.60237269
60885 4140.0 -2605.4726 2558.2513 -5812.7616 -3.1364729000000002 5.724229500000001 3.9168439
60885 4560.0 -3598.4411 4604.2599 -3606.3468 -1.5056541 3.8413511 6.3996812
60885 4980.0 -3824.4659 5668.9153 -629.30713 0.4496218 1.1352270000000002 7.5183475
60885 5400.0 -3234.0572 5523.394200000001 2482.3898 2.310497 -1.8153851 7.028441
60885 5820.0 -1953.2671 4198.790599999999 5062.6303 3.677383 -4.3771257 5.0348237000000005
60885 6240.0 -255.82719 1978.6063000000001 6560.242200000001 4.2587909 -6.002995200000001 1.9671039000000001
60885 6660.0 1496.1262 -663.31937 6655.6941 3.9322264000000002 -6.3491156 -1.5214952000000002
60885 7080.0 2928.7111 -3163.5199 5327.1058 2.7649604 -5.3394923 -4.690999700000001
60885 7500.0 3737.3737 -4989.1978 2862.9053 1.0015245 -3.1807154 -6.8553163999999995
60885 7920.0 3743.5502 -5743.8864 -218.99797 -0.97482767 -0.34488377000000003 -7.5549084
60885 8340.0 2948.0478 -5268.5744 -3254.192 -2.7443004 2.5672136 -6.633785700000001
60885 8760.0 1521.753 -3665.9427 -5591.174 -3.9239872 4.9251574 -4.2930473000000005
60885 9180.0 -229.65392000000003 -1280.354 -6731.4349 -4.2643409000000005 6.2278798 -1.0388784
60885 9600.0 -1932.13 1378.2213000000002 -6432.8765 -3.6954848000000005 6.2021302 2.4346977
60885 10020.0 -3222.5733999999998 3742.827 -4759.0711 -2.3374973 4.8529609 5.3913415
60885 10440.0 -3824.7444 5308.0121 -2066.0939 -0.47714599 2.4636032 7.1980968
60885 10860.0 -3608.7165 5737.6053 1069.8673999999999 1.4871523 -0.45527181 7.4621256
60885 11280.0 -2619.1154 4936.893099999999 3974.4067000000005 3.1314285 -3.2721497 6.1327612
60885 11700.0 -1066.9655 3077.1117000000004 6028.5886 4.1098061 -5.3960124 3.4842705
60885 12120.0 711.19922 563.43528 6793.8144 4.2037656 -6.3559766 0.094709954
60885 12540.0 2337.7882999999997 -2070.6199 6105.897599999999 3.4013037 -5.9593416 -3.3104369
60885 12960.0 3465.9464 -4263.1475 4112.6425 1.8731517 -4.2914784 -6.0086857
60885 13380.0 3854.6304 -5546.049400000001 1239.5952 -0.056164503000000005 -1.7062076 -7.4232028
60885 13800.0 3420.4834 -5645.0653 -1898.7989 -1.9733355 1.2428207 -7.2491794
60885 14220.0 2256.5182999999997 -4539.7278 -4631.358 -3.467336 3.9229424 -5.526485
60885 14640.0 612.18787 -2467.9762 -6375.3323 -4.2207208000000005 5.7633019999999995 -2.627981
60885 15060.0 -1162.3129 128.53938 -6760.1585000000005 -4.0762203 6.3771828 0.8291092
60885 15480.0 -2689.3935 2697.5204 -5702.9183 -3.063189 5.6337878 4.1154397
60885 15900.0 -3643.0021 4691.438099999999 -3425.7902000000004 -1.3910801 3.6823122 6.5311929
60885 16320.0 -3816.1814 5679.966 -414.13477 0.5832881599999999 0.93681714 7.5498087
60885 16740.0 -3170.5384 5449.7316 2686.7622 2.435056 -2.0132112 6.9456677
60885 17160.0 -1844.7966000000001 4050.5335 5210.1278 3.7623318 -4.5275039 4.8497783
60885 17580.0 -121.26929 1777.9784 6607.277599999999 4.2880342 -6.077168800000001 1.7177049
60885 18000.0 1627.6914 -872.90579 6592.2664 3.8897946 -6.317216 -1.7851586
60885 18420.0 3028.4916000000003 -3337.3455 5162.0104 2.6591641 -5.2043607000000005 -4.9008719
60885 18840.0 3781.1464 -5087.5292 2623.9065 0.85978135 -2.9782163 -6.9642193
60885 19260.0 3725.0755 -5749.6316 -477.14146999999997 -1.1212776 -0.11812518 -7.532730300000001
60885 19680.0 2873.8647 -5184.4773 -3476.2960000000003 -2.857664 2.7589334 -6.490003300000001
60885 20100.0 1411.1055000000001 -3516.2324 -5734.4177 -3.9809857 5.039728 -4.0693475
60885 20520.0 -350.91342 -1102.3862 -6773.643900000001 -4.2581458 6.2471406 -0.7905764799999999
60885 20940.0 -2038.5776 1544.8509 -6374.678 -3.6331302 6.1312607 2.6572317
60885 21360.0 -3293.5098 3864.0099 -4619.6852 -2.233466 4.7113297 5.550452
60885 21780.0 -3846.2753 5359.2801 -1877.6566 -0.34961599000000004 2.2776744 7.2691035
60885 22200.0 -3575.4532999999997 5706.840099999999 1266.9405 1.6166661999999998 -0.65433178 7.430946700000001
60885 22620.0 -2536.8494 4828.8639 4138.5793 3.2386436 -3.450155 5.9923777000000005
60885 23040.0 -953.2851700000001 2913.5953 6118.8414 4.1640494 -5.5028757 3.2654302
60885 23460.0 832.995 376.13248 6783.3679 4.195514500000001 -6.3728177 -0.15856784999999998
60885 23880.0 2442.4193999999998 -2244.0941000000003 5991.5397 3.3292406000000003 -5.8784492 -3.5457056
60885 24300.0 3528.8873 -4383.9777 3912.6906000000004 1.7499632999999999 -4.1255013 -6.1725981
60885 24720.0 3859.5092000000004 -5584.871 993.4665100000001 -0.20400890000000002 -1.4890898 -7.473978
60885 25140.0 3364.1538 -5590.5830000000005 -2139.2042 -2.1109244 1.4609466 -7.171102100000001
60885 25560.0 2150.7383999999997 -4403.1183 -4814.4839 -3.5614838 4.0894281 -5.3375115
60885 25980.0 479.86548 -2279.2829 -6463.6587 -4.2507855 5.8402212 -2.3749308
60885 26400.0 -1292.8058999999998 327.82383000000004 -6739.0702 -4.0381977000000004 6.3505413 1.0870464
60885 26820.0 -2791.3874 2865.3311000000003 -5582.3966 -2.9684310000000003 5.5140781 4.3227443999999995
60885 27240.0 -3696.5581 4793.6143 -3236.2904 -1.2621916000000002 3.4997667999999997 6.6476811
60885 27660.0 -3812.5511 5698.3652 -198.12582999999998 0.72107014 0.7286481800000001 7.5567841
60885 28080.0 -3111.8905 5382.526 2882.4418 2.5549162 -2.2059087 6.8436694
60885 28500.0 -1743.67 3912.0782999999997 5342.9924 3.8412257 -4.6680614 4.6585414
60885 28920.0 -1.5342497000000002 1602.8207 6654.908200000001 4.3031217999999996 -6.1273642 1.4749762000000002
60885 29340.0 1742.4733 -1050.7471 6542.8776 3.8379479 -6.2671909999999995 -2.0295721
60885 29760.0 3110.9884 -3477.2282999999998 5019.8383 2.5562595000000004 -5.071232 -5.0904671
60885 30180.0 3813.0260000000003 -5158.3199 2420.3837000000003 0.7248396 -2.7869854999999997 -7.0634837
60885 30600.0 3697.7804 -5733.809 -699.36648 -1.2635019 0.096433415 -7.5204763
60885 31020.0 2790.2707 -5080.929 -3669.3227 -2.9786055 2.9552577 -6.3624162
60885 31440.0 1284.2074 -3338.469 -5851.4726 -4.0549813 5.1778086000000005 -3.8469934
60885 31860.0 -494.80573 -885.87156 -6784.1922 -4.262703800000001 6.2888519 -0.5150772299999999
60885 32280.0 -2168.5888 1755.3779 -6269.1975999999995 -3.5632677 6.060593600000001 2.9227575000000003
60885 32700.0 -3380.8267 4022.9859 -4416.499900000001 -2.1042011 4.541291 5.7399611
60885 33120.0 -3872.3335 5432.9247000000005 -1619.9433000000001 -0.19306895000000002 2.0497288 7.3346846999999995
60885 33540.0 -3534.8152000000005 5679.7185 1524.2165 1.7613167 -0.8813070000000001 7.3641582
60885 33960.0 -2442.2397 4713.2618 4341.7042 3.3414568 -3.6280242 5.8123749
60885 34380.0 -827.97245 2740.1766000000002 6229.8775000000005 4.2042797 -5.5940416 3.0171139
60885 34800.0 962.91812 182.62007 6785.6026 4.1688487 -6.363414700000001 -0.41835146
60885 35220.0 2548.55 -2413.8422 5891.0445 3.244569 -5.776117 -3.7642247
60885 35640.0 3590.4231 -4495.2451 3736.4401000000003 1.6259506 -3.9544307 -6.3094839
60885 36060.0 3864.8747000000003 -5615.8205 781.1669 -0.3431658 -1.2839095 -7.5060039
60885 36480.0 3312.2862999999998 -5534.6227 -2341.4437000000003 -2.2390124 1.6612893 -7.093347
60885 36900.0 2047.9217 -4263.670400000001 -4957.6896 -3.6582562 4.2521349 -5.169537999999999
60885 37320.0 344.37439 -2079.4683 -6512.3893 -4.2965868 5.9386491 -2.1253628
60885 37740.0 -1432.3456 548.2214 -6672.6497 -4.0074045 6.3437779 1.3813552
60885 38160.0 -2903.2026 3059.61 -5400.8893 -2.8559261 5.3828679 4.585898
60885 38580.0 -3750.0523 4912.4171 -2969.0553 -1.0962289 3.2732053999999997 6.8010757
60885 39000.0 -3791.9324 5711.1192 103.3592 0.9009467 0.46001199000000004 7.5618874
60885 39420.0 -3020.5127 5284.918900000001 3153.5702 2.7051705000000004 -2.4521299 6.696985
60885 39840.0 -1601.2554 3725.2767000000003 5525.772400000001 3.927707 -4.8348545000000005 4.3971344
60885 40260.0 160.89442000000003 1368.5415 6714.036599999999 4.3080922 -6.1790319 1.1597547
60885 40680.0 1888.3757 -1279.6964 6465.8037 3.7686216 -6.202500000000001 -2.3198002
60885 41100.0 3213.1527 -3655.0101 4835.116900000001 2.4250760000000002 -4.9028861 -5.3043178
60885 41520.0 3852.1167000000005 -5250.1683 2169.7769 0.56192387 -2.5545227 -7.1566878
60885 41940.0 3668.082 -5723.6633 -960.49163 -1.4224906000000002 0.34120895 -7.4766569
60885 42360.0 2699.5111 -4973.1695 -3885.5174 -3.1010003999999998 3.1603404999999998 -6.1977949
60885 42780.0 1155.9669 -3163.282 -5980.014 -4.1152377 5.3005764 -3.5958153000000004
60885 43200.0 -633.66433 -680.1512 -6798.6385 -4.2524233 6.3095017 -0.23211591
60885 43620.0 -2288.5632 1947.553 -6167.847900000001 -3.4850583000000004 5.9765613 3.1821685000000004
60885 44040.0 -3456.012 4160.3069 -4220.2582 -1.9724849 4.368202500000001 5.9246681
60885 44460.0 -3887.9263 5487.6758 -1371.8175 -0.035210084 1.8219508000000002 7.3991133
60885 44880.0 -3486.2639 5638.428900000001 1771.3703 1.9114822999999999 -1.1150732 7.2939728
60885 45300.0 -2339.5184 4584.0611 4534.6762 3.4493905000000002 -3.8136175 5.6248005999999995
60885 45720.0 -692.96302 2550.4272 6326.878 4.2485283 -5.6936699 2.7548499000000004
60885 46140.0 1101.4232 -27.203488 6766.172500000001 4.1409677 -6.3577671 -0.7008798
60885 46560.0 2660.8865 -2598.9424 5758.834 3.1499195 -5.6659445999999996 -4.0092183
60885 46980.0 3652.074 -4615.7579000000005 3517.7669 1.4831950999999999 -3.7612091000000003 -6.4654056
60885 47400.0 3861.5668 -5644.4241 522.56178 -0.5042936100000001 -1.0472329 -7.5370391
60885 47820.0 3243.7747999999997 -5463.8945 -2584.9867999999997 -2.3834984 1.8905964 -6.9902106999999996
60885 48240.0 1928.4801000000002 -4107.8856000000005 -5132.7412 -3.7545491 4.4247177 -4.951982500000001
60885 48660.0 200.48060999999998 -1873.5778 -6582.4764000000005 -4.3208723 6.0117307 -1.8438948000000002
60885 49080.0 -1570.654 761.20647 -6622.9923 -3.9591483 6.3056616000000005 1.6537418000000002
60885 49500.0 -3005.9188 3233.1668 -5243.4655 -2.7509804 5.2511969 4.7953883
60885 49920.0 -3798.4343 5013.7671 -2739.7032000000004 -0.95417679 3.0734281 6.9095292
60885 50340.0 -3778.7739 5722.3387999999995 351.58187 1.0457151 0.23977458999999998 7.5418213
60885 50760.0 -2952.2018 5208.9613 3367.6957 2.8182671 -2.6389422 6.55996
60885 51180.0 -1496.7109 3586.0045 5665.115400000001 3.9861777000000003 -4.9477685000000005 4.1826935
60885 51600.0 276.62359000000004 1201.5231 6756.5535 4.3056158 -6.2014486 0.92116606
60885 52020.0 1991.2451 -1437.7526 6411.1825 3.7115383000000004 -6.1393873999999995 -2.5369995
60885 52440.0 3282.6648999999998 -3771.2905 4700.2524 2.3257065 -4.7704382 -5.4642913
60885 52860.0 3873.5862 -5300.0005 1983.8849 0.43639607 -2.3755474 -7.2338779
60885 53280.0 3634.9087000000004 -5693.4713 -1157.9102 -1.5529863000000002 0.5372837100000001 -7.4530425
60885 53700.0 2615.8896 -4864.6193 -4050.3476 -3.2106678000000004 3.3373641 -6.0677714
60885 54120.0 1035.3928 -2991.6396 -6071.2172 -4.1776894 5.4179519 -3.3799231
60885 54540.0 -767.7585799999999 -476.72034 -6788.677000000001 -4.247456199999999 6.3348724 0.036094477
60885 54960.0 -2405.3433999999997 2138.984 -6046.4888 -3.4096537 5.8959098999999995 3.4345594000000004
60885 55380.0 -3528.4915 4297.318700000001 -4007.1271 -1.8407463000000002 4.1940948 6.1000208
60885 55800.0 -3895.7178 5535.0267 -1107.0188 0.12399186000000001 1.5921503000000001 7.4572684
60885 56220.0 -3428.3540000000003 5587.0268 2031.0775 2.0603118 -1.3481564000000001 7.2125005
60885 56640.0 -2228.1873 4444.865900000001 4734.0768 3.5509482 -3.9918816 5.424638
60885 57060.0 -552.9956 2355.2666 6425.9357 4.281166000000001 -5.777224100000001 2.4871689999999997
60885 57480.0 1239.7221000000002 -234.6718 6749.5353 4.1012954 -6.3327925 -0.9737272400000001
60885 57900.0 2769.2808999999997 -2774.7265 5636.8248 3.0502023 -5.5436302 -4.2299591
60885 58320.0 3709.7856 -4724.4211 3322.2891 1.3461043 -3.570993 -6.592599900000001
60885 58740.0 3858.2592999999997 -5665.264400000001 297.08520000000004 -0.65165998 -0.8282837 -7.5509482
60885 59160.0 3181.1954 -5393.865400000001 -2791.8343 -2.5138897000000004 2.0974941 -6.8888969
60885 59580.0 1822.6019 -3966.8862000000004 -5281.0408 -3.8373815000000002 4.573350400000001 -4.7476769999999995
60885 60000.0 73.792583 -1690.6969 -6636.767 -4.3384126 6.0678179000000005 -1.5907504
60885 60420.0 -1690.701 946.76384 -6569.7455 -3.9117114 6.2640487 1.904354
60885 60840.0 -3093.8381 3381.9111000000003 -5094.4398 -2.6480153 5.1206658 4.9936142
60885 61260.0 -3834.8402 5093.2537 -2525.8867999999998 -0.81597547 2.8796753 7.014220099999999
60885 61680.0 -3754.5989 5713.853400000001 585.12982 1.190807 0.022069835000000003 7.5289988
60885 62100.0 -2871.0933999999997 5112.0190999999995 3570.6193 2.9389548 -2.8341039 6.4299874
60885 62520.0 -1374.7495000000001 3419.2758 5792.8995 4.0557029 -5.0776710000000005 3.9615552
60885 62940.0 413.94449 999.50285 6780.3511 4.3077076 -6.236222700000001 0.65637553
60885 63360.0 2114.8037999999997 -1632.4558000000002 6324.8009 3.6450953 -6.0702849 -2.7868352
60885 63780.0 3366.2852000000003 -3917.4104 4522.0985 2.2055936000000003 -4.6125374 -5.643075700000001
60885 64200.0 3900.4212 -5367.5668 1753.0793999999999 0.2898863 -2.1645700000000003 -7.3015191999999995
60885 64620.0 3600.5254 -5669.751 -1391.1004 -1.6925975000000002 0.75277696 -7.3972204
60885 65040.0 2529.5762999999997 -4757.7203 -4236.5242 -3.3141165000000004 3.51099 -5.9044281000000005
60885 65460.0 916.92992 -2826.9219 -6172.4623 -4.2249127 5.5152147000000005 -3.1461979
60885 65880.0 -891.8556 -291.58378000000005 -6785.0122 -4.231404700000001 6.33804 0.28346315
60885 66300.0 -2509.9006 2305.8861 -5943.3099 -3.3335115 5.8062306 3.6524356
60885 66720.0 -3591.1578 4410.1726 -3827.0463 -1.7210614000000002 4.031144 6.2417686
60885 67140.0 -3903.3659 5569.9984 -889.01586 0.26152420000000004 1.3910142 7.4929076
60885 67560.0 -3379.6411000000003 5537.0135 2240.1357000000003 2.1863391 -1.5444369999999998 7.1350223
60885 67980.0 -2133.6128 4320.6984 4889.5267 3.6390616000000002 -4.1419543 5.2510748000000005
60885 68400.0 -432.7856 2183.5442000000003 6494.4936 4.3130193 -5.849690300000001 2.2543013000000003
60885 68820.0 1360.0773000000002 -417.56639 6716.2193 4.070030200000001 -6.3125134 -1.2173671
60885 69240.0 2864.0529 -2929.9024 5507.939200000001 2.9616994 -5.4341083 -4.4331499999999995
60885 69660.0 3758.3523999999998 -4818.4457 3124.5102 1.2185535 -3.3945276 -6.7112706
60885 70080.0 3849.9452 -5677.7283 72.643833 -0.7906339400000001 -0.62276993 -7.5578050999999995
60885 70500.0 3117.4795 -5321.795400000001 -2994.9678 -2.6338422 2.2870757 -6.7824968
60885 70920.0 1717.227 -3825.9368 -5419.4250999999995 -3.9121520999999997 4.705719 -4.551554100000001
60885 71340.0 -50.452445 -1511.5002 -6681.307 -4.352156699999999 6.114743900000001 -1.3479759
60885 71760.0 -1807.3635 1125.9443 -6511.5093 -3.8620427 6.216334 2.1421214
60885 72180.0 -3178.0119 3522.6967000000004 -4946.4146 -2.5457665 4.988862600000001 5.1756767
60885 72600.0 -3868.6711 5165.6809 -2320.138 -0.68279291 2.6918286 7.1021446
60885 73020.0 -3730.8946 5702.4971 804.37589 1.32664 -0.18182538 7.504184
60885 73440.0 -2794.9889 5019.4053 3756.2502000000004 3.0484893000000004 -3.0106283 6.2979330000000004
60885 73860.0 -1262.3611 3264.9637000000002 5905.115 4.1159121999999995 -5.1897565000000005 3.7504180000000003
60885 74280.0 538.80838 816.09146 6794.8456 4.3057881 -6.2601729 0.41048058
60885 74700.0 2225.5666 -1806.1046000000001 6237.7507000000005 3.5809593 -6.0005422 -3.0157622
60885 75120.0 3439.0949 -4044.1859 4351.2113 2.0921841 -4.4629536 -5.8059579
60885 75540.0 3919.164 -5419.8608 1533.9391 0.15100476000000002 -1.9662821 -7.362567100000001
60885 75960.0 3560.8445 -5635.9523 -1611.5083000000002 -1.8265875 0.95666798 -7.3418285
60885 76380.0 2439.9145 -4645.029 -4410.862 -3.413704 3.6758110999999998 -5.744533400000001
60885 76800.0 796.642 -2659.7265 -6263.535900000001 -4.2686286 5.6053291 -2.9171264000000003
60885 77220.0 -1016.9411 -105.86814 -6773.773 -4.2104448 6.3347971 0.53193859
60885 77640.0 -2613.2377 2470.555 -5832.866599999999 -3.2525912 5.7107354 3.867563
60885 78060.0 -3650.7605 4518.6612000000005 -3641.4951 -1.597521 3.8640011 6.3777572000000005
60885 78480.0 -3906.6686 5599.3369 -668.41319 0.40119574 1.1881325999999999 7.52086
60885 78900.0 -3326.1296 5481.225 2448.4167 2.3123299999999998 -1.7396182 7.0493819
60885 79320.0 -2034.4802 4191.3988 5040.8967 3.724889 -4.2881857 5.0711732000000005
60885 79740.0 -309.42281 2008.7207 6556.767400000001 4.3405132 -5.916386800000001 2.0175535
60885 80160.0 1481.4671 -600.88441 6675.7618 4.0332606 -6.2854831 -1.4610262
60885 80580.0 2957.5621 -3082.7436000000002 5372.8121 2.8680209 -5.3184975 -4.6320821
60885 81000.0 3803.8062999999997 -4908.008900000001 2923.041 1.0875823 -3.2142822 -6.8222873
60885 81420.0 3837.6936 -5684.9491 -151.96135 -0.9304192600000001 -0.41677848 -7.5556438
60885 81840.0 3050.0516000000002 -5245.000599999999 -3194.6036000000004 -2.7519598999999997 2.4737624 -6.6680410000000006
60885 82260.0 1609.3395 -3682.0294 -5551.4835 -3.9832529 4.8328265 -4.3503531
60885 82680.0 -175.55418 -1331.6346 -6718.0363 -4.3615804 6.1557684 -1.1037077
60885 83100.0 -1922.9756000000002 1303.2594 -6445.586200000001 -3.8080681 6.1631263 2.3777977000000003
60885 83520.0 -3259.4368 3659.55 -4792.1618 -2.4398102 4.8527627 5.3529744
60885 83940.0 -3898.4375 5232.7420999999995 -2110.6221 -0.54717318 2.5015646 7.1832156000000005
60885 84360.0 -3702.4965 5685.2605 1024.234 1.4629203 -0.38565436000000003 7.4714388000000005
60885 84780.0 -2714.4988 4921.5311 3939.2109 3.1561607 -3.1843663 6.1583431
60885 85200.0 -1146.8482 3107.1473 6011.9285 4.1721238000000005 -5.2964757 3.5340599000000004
60885 85620.0 664.82027 631.7673100000001 6802.5125 4.2986548 -6.2774006 0.16317613
60885 86040.0 2335.2619 -1977.8323 6144.1663 3.5117206000000003 -5.924303200000001 -3.2419028
60886 60.0 3508.9500000000003 -4166.6347000000005 4175.751 1.9750859 -4.3086571000000005 -5.962474
60886 480.0 3933.6717000000003 -5466.183 1313.3001000000002 0.010741028 -1.7663467000000002 -7.415615
60886 900.0 3516.8698 -5596.1503 -1829.9639 -1.9596097000000001 1.1592108 -7.2784509
60886 1320.0 2346.7997 -4527.4845000000005 -4580.205900000001 -3.5103522 3.8366076 -5.5783848
60886 1740.0 674.4324399999999 -2489.7943 -6347.5791 -4.3081849000000005 5.6896792 -2.6846459
60886 2160.0 -1142.1041 80.028001 -6754.8038 -4.184827500000001 6.3251800000000005 0.7805684
60886 2580.0 -2714.7048 2632.7565 -5715.3913 -3.1673795 5.6094797 4.0793705000000005
60886 3000.0 -3706.9295 4622.5827 -3450.9269 -1.4709609000000001 3.6927716 6.5076049000000005
60886 3420.0 -3905.6496 5622.8874000000005 -445.77686 0.54198537 0.98365383 7.5409402000000005
60886 3840.0 -3268.2806 5419.5717 2655.3115000000003 2.4371519 -1.9333575 6.9557799000000005
60886 4260.0 -1931.7009 4057.0449 5187.6773 3.8077483 -4.4305364 4.885101
60886 4680.0 -183.98973999999998 1830.9277 6612.3820000000005 4.363571 -5.9771578000000005 1.7773736
60886 5100.0 1602.9104 -784.44897 6627.9708 3.9915112 -6.251633300000001 -1.7043464
60886 5520.0 3049.1268999999998 -3233.0368 5231.3538 2.770018 -5.196687700000001 -4.8266006
60886 5940.0 3845.838 -4992.840099999999 2717.8236 0.9541410300000001 -3.0301958 -6.9256604
60886 6360.0 3821.3912000000005 -5686.3994 -376.91007 -1.0701814 -0.21040465 -7.544789700000001
60886 6780.0 2979.0937000000004 -5163.0087 -3391.0752 -2.8676905 2.6573842 -6.5459497
60886 7200.0 1499.2894 -3534.7815 -5677.7182 -4.0503883 4.9543834 -4.1443445
60886 7620.0 -300.99838 -1151.0223 -6747.6715 -4.3664135 6.190176800000001 -0.85821802
60886 8040.0 -2037.0230000000001 1478.5547 -6372.8325 -3.7498492999999997 6.1037282 2.6110304
60886 8460.0 -3337.7254 3792.0919 -4632.7013 -2.3307119 4.7120078 5.524915600000001
60886 8880.0 -3924.108 5293.9991 -1898.5893 -0.4101981 2.3089404 7.2570764
60886 9300.0 -3669.8415 5661.7803 1243.4305 1.5986066 -0.58915293 7.4310207
60886 9720.0 -2630.3225 4818.0164 4118.4086 3.2614259000000003 -3.3550751 6.0121777000000005
60886 10140.0 -1028.9519 2945.3777999999998 6112.5994 4.2244765 -5.3980495 3.3132699
60886 10560.0 791.4053 445.9707 6802.8242 4.286905399999999 -6.2881273 -0.085322221
60886 10980.0 2443.5986000000003 -2148.2163 6043.5246 3.4380898 -5.8413984 -3.4653719
60886 11400.0 3575.8536000000004 -4285.1938 3995.1584 1.854977 -4.149193100000001 -6.112613400000001
60886 11820.0 3944.7116 -5507.3967999999995 1091.0932 -0.13009592 -1.5644081 -7.4593683
60886 12240.0 3469.7846 -5551.3144 -2046.0452 -2.0904268000000004 1.3593938 -7.2061275
60886 12660.0 2251.939 -4406.67 -4743.95 -3.6028944000000003 3.9915929 -5.4062706
60886 13080.0 552.3495600000001 -2319.3777999999998 -6424.4121 -4.3429979 5.766703499999999 -2.4505993
60886 13500.0 -1265.2739 263.41681 -6728.9495 -4.155024500000001 6.3087062 1.0265923000000001
60886 13920.0 -2812.7110000000002 2789.9613 -5592.8155 -3.0793588 5.5032841 4.2855922
60886 14340.0 -3758.8156000000004 4719.9726 -3258.0268 -1.3433039000000002 3.5192383 6.630211
60886 14760.0 -3900.2706000000003 5639.534000000001 -223.92339 0.68206381 0.7796647400000001 7.5536987
60886 15180.0 -3206.7461000000003 5351.7934000000005 2858.5872999999997 2.5597143 -2.1243354 6.8557189
60886 15600.0 -1826.2368000000001 3917.7608 5328.243 3.8874609 -4.5688018 4.694317600000001
60886 16020.0 -57.378895 1650.2323999999999 6660.275000000001 4.3826874 -6.0324331 1.5348264
60886 16440.0 1723.7895 -968.39305 6572.0716 3.9455138 -6.2113855000000004 -1.9469774
60886 16860.0 3138.4393999999998 -3381.0236 5082.8705 2.6684508 -5.068800599999999 -5.016566399999999
60886 17280.0 3884.5004 -5073.2633 2508.2539 0.81891629 -2.8422175000000003 -7.021076600000001
60886 17700.0 3799.5713 -5679.8887 -602.99661 -1.2098019 -0.0038577273 -7.5281329
60886 18120.0 2902.9583 -5073.3772 -3586.1077000000005 -2.9819128999999998 2.8393330999999997 -6.4173729
60886 18540.0 1385.1476 -3381.2200000000003 -5799.845200000001 -4.113996500000001 5.0714121 -3.9325968
60886 18960.0 -428.65391 -966.63085 -6771.370900000001 -4.366110300000001 6.217366 -0.61026468
60886 19380.0 -2151.0039 1654.2648000000002 -6294.1401 -3.6864449 6.0362317999999995 2.8415567
60886 19800.0 -3414.0863 3921.9432 -4469.5814 -2.2181977 4.5650564000000005 5.6890289
60886 20220.0 -3947.0384 5350.838900000001 -1686.8573000000001 -0.27295566000000004 2.1146095999999996 7.3203425
60886 20640.0 -3635.0827999999997 5634.3006 1457.9875 1.7311726 -0.78916675 7.381095800000001
60886 21060.0 -2542.0874 4707.0216 4288.3109 3.3657266 -3.5236624 5.8647261
60886 21480.0 -903.88775 2770.6991000000003 6198.4253 4.281899500000001 -5.5081109 3.0841146
60886 21900.0 927.3725000000001 242.82949 6781.9614 4.2761362 -6.3047023 -0.3543057
60886 22320.0 2559.8291 -2336.0793 5911.8625999999995 3.3559629 -5.7522824 -3.7133972
60886 22740.0 3645.0827000000004 -4415.5788 3774.6582000000003 1.7176251 -3.9695898 -6.2782143
60886 23160.0 3950.6925 -5550.6332999999995 827.9011 -0.28878163 -1.3370292 -7.4975192
60886 23580.0 3411.5052 -5498.7877 -2296.533 -2.2311915 1.5781359 -7.1093285999999996
60886 24000.0 2144.109 -4273.308900000001 -4929.957200000001 -3.6929760000000003 4.1491801 -5.2033425
60886 24420.0 420.52735 -2138.6886 -6511.9030999999995 -4.3657037 5.8309758 -2.1942831000000003
60886 24840.0 -1392.371 449.99698 -6707.8742 -4.1110940000000005 6.2732992 1.2781161
60886 25260.0 -2909.5285 2942.9978 -5475.831400000001 -2.9821141 5.3827782 4.4838598
60886 25680.0 -3807.1330000000003 4809.2698 -3074.9726 -1.2126925000000002 3.3404271 6.741951
60886 26100.0 -3890.9686 5647.4129 -15.878475 0.82225109 0.5762102200000001 7.5606393
60886 26520.0 -3140.9106 5275.2768 3046.6652000000004 2.684439 -2.3162779000000002 6.7556719
60886 26940.0 -1717.3673999999999 3772.0706 5454.326 3.9702603 -4.7106745000000005 4.4995609000000005
60886 27360.0 74.00084 1461.1925 6691.411099999999 4.404188 -6.0929847 1.2810072000000001
60886 27780.0 1849.3506000000002 -1161.9767 6493.0905 3.8966835 -6.171934 -2.2079929000000003
60886 28200.0 3229.5170000000003 -3536.9148 4903.2062000000005 2.5556596 -4.9312312 -5.2253408
60886 28620.0 3918.7339 -5155.1205 2261.525 0.6662862 -2.6337861 -7.1243913
60886 29040.0 3769.1067000000003 -5669.836 -865.66503 -1.3654977 0.22704817 -7.494516300000001
60886 29460.0 2813.6944 -4972.408 -3807.2518 -3.1012887 3.0332186 -6.2590508
60886 29880.0 1257.9593 -3214.3051 -5935.2959 -4.1715878 5.184992 -3.6918519
60886 30300.0 -565.24035 -772.89435 -6798.4712 -4.3532257 6.2302290000000005 -0.34475846000000004
60886 30720.0 -2268.4373 1832.5933 -6214.52 -3.6103558 5.9523684999999995 3.0758679000000004
60886 31140.0 -3489.2532 4048.2739 -4305.999 -2.096765 4.4062921 5.8487336
60886 31560.0 -3965.2433 5399.7972 -1475.8717 -0.12911773 1.9125506 7.379546400000001
60886 31980.0 -3592.7302999999997 5595.705900000001 1670.2535 1.8710995000000001 -0.997388 7.3277724
60886 32400.0 -2450.0321000000004 4592.0752999999995 4457.3526 3.4708276000000002 -3.6943599 5.7010414
60886 32820.0 -782.3586600000001 2604.5839 6287.0292 4.3253468999999996 -5.5966661 2.8531454
60886 33240.0 1052.4358 60.372343 6768.4126 4.254193900000001 -6.299957 -0.60151988
60886 33660.0 2662.6334 -2497.1043 5799.796200000001 3.2738784 -5.6569723000000005 -3.9271114
60886 34080.0 3703.5817 -4520.717900000001 3587.9762 1.5924654 -3.8034785 -6.413424600000001
60886 34500.0 3952.0797000000002 -5577.0559 606.3882900000001 -0.43067652 -1.1350539000000002 -7.5250679
60886 34920.0 3355.0777000000003 -5440.3105000000005 -2505.448 -2.3595036 1.773001 -7.0227646
60886 35340.0 2041.4545 -4141.7234 -5081.3325 -3.7801983 4.2952617 -5.0209643999999996
60886 35760.0 293.38673 -1961.7677 -6573.0262 -4.3929382 5.8968148000000005 -1.9547021
60886 36180.0 -1517.0556000000001 634.8651500000001 -6665.1877 -4.0723177999999995 6.244523500000001 1.5238715999999999
60886 36600.0 -3005.2156 3096.5254 -5337.968 -2.8852781 5.2649368999999995 4.6829396
60886 37020.0 -3853.3867999999998 4898.668 -2871.2127 -1.0785626 3.1586564 6.850821
60886 37440.0 -3878.1544 5653.89 209.99041 0.9644156100000001 0.37016855 7.5553477
60886 37860.0 -3072.165 5198.0165 3246.2000000000003 2.8037304 -2.501629 6.638048700000001
60886 38280.0 -1607.9183 3628.4405 5585.125099999999 4.0413784999999995 -4.835711900000001 4.296150300000001
60886 38700.0 200.3829 1282.537 6725.9030999999995 4.4129185 -6.1321479 1.0365210999999999
60886 39120.0 1965.8288 -1337.4612 6425.1332999999995 3.8413536 -6.1176034 -2.4428735
60886 39540.0 3311.1215 -3671.6152 4747.4238 2.4478723000000002 -4.7948276 -5.4012579
60886 39960.0 3947.873 -5220.076099999999 2051.1425 0.52872757 -2.4440337 -7.2037174
60886 40380.0 3739.3061000000002 -5650.8405 -1085.6163000000001 -1.5034690000000002 0.42976169 -7.4598525
60886 40800.0 2731.2048 -4873.3472 -3989.5233 -3.2100464000000004 3.205398 -6.1175665
60886 41220.0 1140.1716999999999 -3055.9914 -6040.6942 -4.2279065000000005 5.2899014 -3.4739978000000002
60886 41640.0 -693.3557800000001 -588.84075 -6804.241599999999 -4.345174500000001 6.2456546 -0.096711237
60886 42060.0 -2379.6507 2003.3375 -6118.952700000001 -3.5393009 5.874600900000001 3.3016093
60886 42480.0 -3559.757 4169.2483 -4128.9992999999995 -1.9774453 4.2512846 6.0035692
60886 42900.0 -3979.5175 5444.5924 -1254.8335 0.012995066 1.7133484 7.4299577
60886 43320.0 -3547.8871000000004 5554.967000000001 1887.9678000000001 2.0052588 -1.1979221 7.2617703
60886 43740.0 -2355.7583 4474.6291 4625.0246 3.5677168000000004 -3.8523565 5.5332002000000005
60886 44160.0 -659.11122 2436.0127 6368.9773 4.3643335 -5.6783063 2.6202123999999998
60886 44580.0 1178.4361999999999 -123.4175 6747.501700000001 4.2273518 -6.288477100000001 -0.8497871
60886 45000.0 2764.3422 -2656.629 5680.7338 3.1871264999999998 -5.5549901 -4.1378626999999994
60886 45420.0 3759.2811 -4621.8757000000005 3396.3435 1.4640416 -3.6325057000000003 -6.5420295
60886 45840.0 3949.757 -5598.072099999999 383.20722 -0.57353555 -0.9313228800000001 -7.543914300000001
60886 46260.0 3295.0582000000004 -5376.4417 -2712.3236 -2.4862802000000004 1.9659820000000001 -6.927708
60886 46680.0 1936.1818 -4006.0169 -5227.456 -3.8639875000000004 4.4366109 -4.832401300000001
60886 47100.0 165.31657 -1783.1144 -6626.9890000000005 -4.4157367 5.9562599 -1.7123159000000001
60886 47520.0 -1640.7563 818.6693 -6614.9454000000005 -4.0290173000000005 6.2090611 1.768686
60886 47940.0 -3098.1524 3246.3724 -5193.6927000000005 -2.7846912 5.141541699999999 4.8776355
60886 48360.0 -3895.5984 4982.4637999999995 -2663.4341 -0.9421885 2.9734798000000002 6.952850000000001
60886 48780.0 -3860.8225 5653.9703 436.69801 1.1067240999999999 0.16356656 7.5419979
60886 49200.0 -2999.3047 5114.7675 3443.2396000000003 2.9209893000000005 -2.6844999 6.5129147000000005
60886 49620.0 -1495.6112 3480.4376 5710.6724 4.1086709 -4.955701100000001 4.0874258
60886 50040.0 327.88764000000003 1101.8532 6753.7831 4.4166897 -6.1647511999999995 0.7894969
60886 50460.0 2081.3539 -1512.156 6350.2631 3.7811828000000003 -6.056451699999999 -2.676426
60886 50880.0 3389.9526 -3802.8864 4586.0616 2.3363809 -4.6528672 -5.572224
60886 51300.0 3973.0539 -5279.7399000000005 1837.8222 0.38931549000000004 -2.2511071 -7.2756736
60886 51720.0 3705.2234 -5625.8337 -1305.1912 -1.6411079 0.63269634 -7.4170787
60886 52140.0 2645.1403 -4768.9433 -4168.153 -3.3162569 3.3748936 -5.968727100000001
60886 52560.0 1020.2543000000001 -2894.0209 -6139.8802000000005 -4.2801574 5.3898203 -3.2513377
60886 52980.0 -821.7196700000001 -403.5282 -6802.441900000001 -4.3323640999999995 6.2548216000000005 0.15289355000000002
60886 53400.0 -2489.1223999999997 2172.6558999999997 -6015.9183 -3.463684 5.7905265 3.5253076
60886 53820.0 -3626.8041000000003 4286.349200000001 -3946.0976 -1.8546678 4.0911227 6.1530808
60886 54240.0 -3989.1015 5483.4427000000005 -1031.2641 0.15599152000000002 1.5123103000000002 7.472791
60886 54660.0 -3498.4757999999997 5508.155 2104.8452 2.1379557 -1.3972121 7.1876629
60886 55080.0 -2258.0345 4352.3284 4788.738200000001 3.6608186000000003 -4.0058874 5.3588538
60886 55500.0 -534.61123 2265.4312000000004 6445.272599999999 4.3976352 -5.752388600000001 2.3852655
60886 55920.0 1303.2576999999999 -305.8032 6721.2690999999995 4.1951129 -6.2689494 -1.0942944000000001
60886 56340.0 2862.9973999999997 -2811.7823 5558.9674 3.0970795 -5.4472477 -4.3399307
60886 56760.0 3811.2231 -4717.1184 3206.2294 1.3356872000000002 -3.4601729 -6.659643
60886 57180.0 3944.4304 -5613.6534 166.02470000000002 -0.71302296 -0.7311228200000001 -7.5530377
60886 57600.0 3233.6803 -5309.024200000001 -2909.7478 -2.6075218000000002 2.1515142000000003 -6.8279414
60886 58020.0 1831.6322 -3869.6884 -5363.0023 -3.9428239 4.5704966 -4.643886
60886 58440.0 39.83059 -1606.7641 -6671.1742 -4.434692500000001 6.0094335 -1.4734092
60886 58860.0 -1760.5267 997.9135 -6556.8741 -3.9831559000000003 6.1691648 2.0078783000000002
60886 59280.0 -3186.3575 3390.1973 -5044.2316 -2.6828744 5.0156393 5.0654259
60886 59700.0 -3932.1204 5058.652599999999 -2453.1629 -0.80660344 2.7889701000000002 7.0482341
60886 60120.0 -3838.2902000000004 5647.0369 663.4 1.2461564 -0.039290394 7.5220493
60886 60540.0 -2922.9098 5026.7483 3637.6007000000004 3.0332722 -2.8605179 6.3819638
60886 60960.0 -1382.2131000000002 3331.1383 5831.7417000000005 4.1691396 -5.0654544 3.8773750000000002
60886 61380.0 453.55131 924.55586 6778.2119 4.4137119 -6.1859808 0.54834105
60886 61800.0 2192.6576 -1679.1331000000002 6275.9817 3.7173277 -5.9873707000000005 -2.8965664
60886 62220.0 3464.0667000000003 -3924.5723 4431.7246 2.2264926999999997 -4.5103670000000005 -5.7263674
60886 62640.0 3995.2626 -5331.3462 1637.9449 0.25654442 -2.0658463 -7.3338526
60886 63060.0 3671.5845 -5597.2443 -1507.0466000000001 -1.7697314 0.82266501 -7.368594900000001
60886 63480.0 2560.0611000000004 -4661.9773 -4327.4721 -3.4173769000000003 3.5337361 -5.8278758
60886 63900.0 900.5483800000001 -2727.1732 -6211.9532 -4.3385237 5.4928915 -3.0474365
60886 64320.0 -952.79601 -210.58699 -6778.0621 -4.3252060000000006 6.2704534 0.39773228
60886 64740.0 -2602.428 2351.0353999999998 -5890.821599999999 -3.3875673 5.7060297 3.7491682
60886 65160.0 -3696.5443 4410.8432 -3742.4093 -1.7281205 3.9246459000000002 6.2944918
60886 65580.0 -4002.2942000000003 5529.9693 -793.49659 0.29821213999999996 1.3082458 7.4919286000000005
60886 66000.0 -3455.5295 5471.1957999999995 2325.0523 2.2574958 -1.5819085 7.088753700000001
60886 66420.0 -2174.2498 4249.526900000001 4948.4467 3.7327516999999997 -4.1291013 5.1778442
60886 66840.0 -431.89156 2126.7651 6519.9143 4.414345099999999 -5.7965941999999995 2.1703723
60886 67260.0 1401.9229 -446.50531 6706.3183 4.160341000000001 -6.2359918 -1.3000517
60886 67680.0 2937.8552000000004 -2924.6157000000003 5465.1878 3.0202555 -5.3501268 -4.505369
60886 68100.0 3846.8844 -4778.532200000001 3055.2418 1.2278926 -3.3150192 -6.7619278000000005
60886 68520.0 3930.8386 -5607.383400000001 -10.966766 -0.83676838 -0.55791076 -7.5718046999999995
60886 68940.0 3168.8268 -5229.4363 -3074.6364 -2.7254405000000004 2.3248788 -6.7486328
60886 69360.0 1724.5291000000002 -3725.5841 -5474.6619 -4.0256368 4.7041384 -4.4711127
60886 69780.0 -89.995596 -1422.058 -6696.7439 -4.4579414 6.0662272 -1.2400099
60886 70200.0 -1885.5003000000002 1186.2935 -6481.004 -3.9368234 6.1286418000000005 2.2473395000000003
60886 70620.0 -3278.5596 3541.5423 -4877.586 -2.5765198000000002 4.8832845 5.248243
60886 71040.0 -3972.4123 5141.5211 -2230.9621 -0.66776833 2.5975738 7.124982200000001
60886 71460.0 -3819.6969 5645.8117 892.55155 1.3812187 -0.23897193 7.4781493
60886 71880.0 -2854.1820000000002 4948.7746 3825.8374 3.1325353000000002 -3.0190479 6.2368305
60886 72300.0 -1282.5883000000001 3200.9635 5944.8785 4.215675 -5.1528016 3.6717614
60886 72720.0 560.91227 774.60352 6800.3592 4.404416100000001 -6.1928166000000004 0.32778497
60886 73140.0 2285.2514 -1815.8479 6209.3156 3.6577226 -5.919363000000001 -3.0933550000000003
60886 73560.0 3522.8527000000004 -4019.3975 4292.9447 2.126671 -4.380996000000001 -5.8684579
60886 73980.0 4006.2516 -5362.262 1455.968 0.13161596 -1.8950046 -7.3953975000000005
60886 74400.0 3628.455 -5552.4292000000005 -1694.6144 -1.8982672 1.0069301000000002 -7.3315283
60886 74820.0 2469.3677000000002 -4547.0459 -4479.3202 -3.5195841999999997 3.6921502999999998 -5.685591400000001
60886 75240.0 779.27477 -2563.8687999999997 -6298.1456 -4.3813298000000005 5.578072199999999 -2.8202238000000004
60886 75660.0 -1078.3001000000002 -30.483541000000002 -6763.2502 -4.30276 6.2645523999999995 0.6423736800000001
60886 76080.0 -2705.477 2509.5287000000003 -5778.714400000001 -3.3050365999999998 5.610933 3.9594943
60886 76500.0 -3755.1859 4513.9327 -3557.1594 -1.6029904 3.7606749 6.4261964
60886 76920.0 -4003.9777000000004 5555.6356 -574.6955600000001 0.43941315 1.1101918000000002 7.5170795
60886 77340.0 -3399.8037999999997 5413.875900000001 2530.6708 2.3847546000000004 -1.7719061 7.002010500000001
60886 77760.0 -2072.8499 4121.2814 5097.0015 3.8190508 -4.2707587 4.997782
60886 78180.0 -306.24912 1954.6487 6579.629 4.4413885 -5.8600812 1.9349418
60886 78600.0 1525.1914 -626.141 6664.0846 4.1221134 -6.2075711 -1.5413815
60886 79020.0 3032.4336000000003 -3073.5857 5329.4095 2.9242274000000004 -5.2349983 -4.7013435
60886 79440.0 3892.2611 -4864.7335 2854.4098 1.0941458 -3.1369758 -6.869731799999999
60886 79860.0 3917.0823 -5612.1054 -233.88578 -0.97934137 -0.35516980000000004 -7.5670081
60886 80280.0 3098.8687999999997 -5151.624400000001 -3271.5511 -2.8454847 2.5077935000000005 -6.6319524
60886 80700.0 1613.6167 -3582.2873 -5603.2643 -4.0970892999999995 4.8273795 -4.268643600000001
60886 81120.0 -218.0422 -1244.2921999999999 -6730.478099999999 -4.465589700000001 6.1034635 -0.9956804300000001
60886 81540.0 -2003.0164 1360.1296000000002 -6412.625 -3.8799759 6.073098600000001 2.4804733999999997
60886 81960.0 -3360.6133 3674.4248 -4722.357599999999 -2.4675615 4.747386499999999 5.421324800000001
60886 82380.0 -4001.6420000000003 5205.272599999999 -2022.3016000000002 -0.52968773 2.4101893 7.201788400000001
60886 82800.0 -3789.8801000000003 5626.8758 1110.0211000000002 1.5192351000000002 -0.43823184 7.442591999999999
60886 83220.0 -2771.5697000000005 4851.0471 4005.6981 3.2413517 -3.1881849000000004 6.096458
60886 83640.0 -1164.5997 3044.9661 6048.6013 4.2722836 -5.2561809 3.4560298
60886 84060.0 689.34773 593.14626 6805.3527 4.3965762 -6.2083984 0.08174536
60886 84480.0 2396.7872 -1984.3379 6113.6634 3.5864111 -5.8429574 -3.3178865
60886 84900.0 3593.4483 -4138.836 4116.1492 2.0062888 -4.2275757 -6.0228728
60886 85320.0 4020.3954 -5406.590200000001 1235.5411000000001 -0.011963832 -1.6971891000000001 -7.4448148000000005
60886 85740.0 3582.9413 -5511.8786 -1911.2689 -2.0334273 1.205693 -7.264448000000001
60886 86160.0 2374.1729 -4430.6041 -4645.5428 -3.616632 3.8480455000000005 -5.5171851
60887 180.0 655.27191 -2397.2043 -6378.380099999999 -4.4198148 5.657750600000001 -2.5885042
60887 600.0 -1204.4951 150.30471 -6741.639400000001 -4.2750515 6.251846400000001 0.88752411
60887 1020.0 -2807.0561000000002 2665.9202 -5660.4818 -3.2177058 5.5096588 4.166171
60887 1440.0 -3810.6579 4612.7296 -3368.0331 -1.4747201 3.5926557 6.5511061
60887 1860.0 -4001.6326000000004 5575.9136 -355.23247 0.5814972900000001 0.91105801 7.5340204
60887 2280.0 -3340.1789 5351.3651 2733.5582000000004 2.5105665 -1.9599737000000002 6.9076133
60887 2700.0 -1968.5623 3989.1728 5240.003 3.9021187 -4.4081887 4.8121298
60887 3120.0 -179.32361 1780.7661 6632.0388 4.4641481 -5.9179975 1.6968551
60887 3540.0 1647.8567 -805.11076 6614.0903 4.0793146 -6.1732877 -1.7822253000000001
60887 3960.0 3124.5617 -3219.5152000000003 5186.7336 2.8240964 -5.1145647 -4.8937146
60887 4380.0 3933.7165 -4945.9552 2648.8504 0.95767623 -2.9552741 -6.9711201
60887 4800.0 3898.6848 -5610.83 -458.43122999999997 -1.1225082 -0.15138877 -7.5541152
60887 5220.0 3024.5427000000004 -5068.041200000001 -3466.6505 -2.9636370000000003 2.6885513999999997 -6.507334300000001
60887 5640.0 1499.5937 -3434.7672000000002 -5727.1311 -4.1645751 4.9455684 -4.0604158
60887 6060.0 -347.39272 -1064.4938 -6757.0903 -4.4685896000000005 6.1345934 -0.74899609
60887 6480.0 -2119.8209 1533.3378 -6336.8865000000005 -3.8183554 6.0112288 2.7123509
60887 6900.0 -3440.0921000000003 3804.1874 -4561.0362000000005 -2.3546767 4.6061469 5.5897183
60887 7320.0 -4027.0043 5264.067400000001 -1810.0882 -0.38949771 2.2195578 7.271403500000001
60887 7740.0 -3755.7724 5602.2026 1327.7491000000002 1.6571318000000002 -0.6378728300000001 7.3988228000000005
60887 8160.0 -2685.1887 4748.07 4182.4734 3.3478350999999997 -3.3546523 5.9486673
60887 8580.0 -1044.2076 2885.3824 6146.5697 4.324838 -5.3544427 3.2352456000000003
60887 9000.0 818.2804100000001 410.5778 6803.1785 4.3838858 -6.2175268 -0.16586223000000003
60887 9420.0 2506.7957 -2151.1707 6010.9845000000005 3.5104881999999997 -5.7600551 -3.5401808999999997
60887 9840.0 3660.7865 -4254.1118 3933.9633 1.8825314000000002 -4.0690494 -6.171667
60887 10260.0 4030.2502000000004 -5445.1049 1012.5535 -0.15689241999999998 -1.4968654 -7.486435
60887 10680.0 3533.0557000000003 -5465.133900000001 -2127.0573 -2.1676431 1.403718 -7.1891788
60887 11100.0 2275.4373 -4308.9352 -4807.703 -3.7107399 4.000172 -5.3420249
60887 11520.0 529.49645 -2227.8325 -6452.942599999999 -4.4534289 5.730730800000001 -2.3531423
60887 11940.0 -1330.376 330.83684000000005 -6713.839900000001 -4.242240799999999 6.2317027 1.1316247000000001
60887 12360.0 -2906.3835 2819.1415 -5537.425700000001 -3.1264597 5.4022651 4.3675728
60887 12780.0 -3862.6741 4706.357900000001 -3176.9477 -1.3447594999999999 3.4214474 6.6679927
60887 13200.0 -3995.6625 5590.4402 -137.32882 0.7227494799999999 0.7123154500000001 7.542661600000001
60887 13620.0 -3277.6892000000003 5283.8953 2931.7065000000002 2.6336918999999996 -2.1447862 6.8066014
60887 14040.0 -1862.7993999999999 3853.8907000000004 5376.037 3.9814146999999998 -4.5406023 4.622594100000001
60887 14460.0 -52.582322 1605.9865 6676.4773 4.4829061 -5.9702488 1.4578317
60887 14880.0 1768.7025 -982.58889 6556.3051 4.032799 -6.1333888 -2.0212836
60887 15300.0 3213.464 -3361.7188 5037.6025 2.7210804 -4.9892451 -5.0815323
60887 15720.0 3971.0492000000004 -5021.763 2439.373 0.8198574700000001 -2.7706073 -7.0654573
60887 16140.0 3876.0201 -5603.5043 -683.61776 -1.2649547 0.052325085 -7.5329822
60887 16560.0 2946.7277000000004 -4979.156400000001 -3659.0218 -3.0788225000000002 2.8658108 -6.3752926
60887 16980.0 1383.7172 -3284.0508 -5845.6897 -4.2273981 5.0574123 -3.8477196
60887 17400.0 -476.57241999999997 -883.9208100000001 -6775.4356 -4.4677399 6.159983 -0.50214798
60887 17820.0 -2234.8754 1704.9272 -6253.3731 -3.7531637 5.9438499 2.9417656
60887 18240.0 -3516.4602999999997 3930.1876 -4393.5493 -2.2389828 4.4603712 5.7529022
60887 18660.0 -4048.3777000000005 5317.6099 -1594.4411000000002 -0.24811954 2.0265955 7.3333646
60887 19080.0 -3717.6938 5571.9643 1545.4364 1.7936838000000002 -0.8365631499999999 7.346530700000001
60887 19500.0 -2595.9534 4640.7097 4355.854 3.4504939 -3.5165325 5.7939093999999995
60887 19920.0 -922.91677 2723.9726 6238.981900000001 4.372150700000001 -5.4453949 3.0114389999999998
60887 20340.0 945.8776700000001 229.47607000000002 6795.2102 4.366055500000001 -6.2186676 -0.41150456
60887 20760.0 2613.6019 -2313.4608 5904.3653 3.4310418 -5.6708876 -3.7557982
60887 21180.0 3723.9654 -4362.9332 3751.3323 1.7579578 -3.9081398 -6.311124700000001
60887 21600.0 4036.1455 -5477.048900000001 793.03714 -0.30009499 -1.2983486 -7.5191893
60887 22020.0 3480.3434 -5413.2703 -2336.1457 -2.2983355000000003 1.5968833 -7.1076690000000005
60887 22440.0 2175.5501 -4184.5356 -4961.2981 -3.8005893000000004 4.1460834 -5.1642529999999995
60887 22860.0 404.12526 -2058.0843 -6518.6642 -4.4830916 5.7978205 -2.1180081
60887 23280.0 -1454.3636999999999 509.54645000000005 -6677.6374000000005 -4.2061772 6.2066742 1.3733064
60887 23700.0 -3002.578 2968.683 -5407.3635 -3.0325738 5.2909508 4.5647967
60887 24120.0 -3910.6011000000003 4794.9094000000005 -2980.9697 -1.2129422 3.2475848000000003 6.7789625
60887 24540.0 -3985.1047000000003 5599.182400000001 82.598734 0.86430849 0.51312172 7.5437073
60887 24960.0 -3210.954 5211.1111 3128.6216 2.7548046 -2.3267796 6.6979961
60887 25380.0 -1754.0988 3715.1718 5508.022400000001 4.0565846 -4.666985700000001 4.4276283
60887 25800.0 75.05973 1430.7819 6715.4256 4.496290200000001 -6.014494300000001 1.2176877
60887 26220.0 1888.1958000000002 -1157.1156 6493.6862 3.9812205 -6.085887700000001 -2.2560723
60887 26640.0 3299.2482000000005 -3498.3729 4886.3996 2.6149097 -4.8594853 -5.2608819
60887 27060.0 4004.5589 -5091.1213 2231.7894 0.6815634199999999 -2.5857008 -7.150068800000001
60887 27480.0 3849.908 -5590.4892 -903.09069 -1.4052744000000001 0.25235922 -7.5038406
60887 27900.0 2866.6885 -4886.6695 -3843.0496000000003 -3.1905520000000003 3.0371858 -6.2388734
60887 28320.0 1267.1178 -3132.252 -5954.7537999999995 -4.286683699999999 5.1633320000000005 -3.6342673
60887 28740.0 -604.6586 -705.4669100000001 -6786.0373 -4.4626251 6.178850300000001 -0.25749183
60887 29160.0 -2347.2109 1871.9731000000002 -6163.697 -3.6845983 5.8716127 3.1660143
60887 29580.0 -3588.9712000000004 4050.0887000000002 -4222.4947999999995 -2.1213044 4.3121221 5.9091076000000005
60887 30000.0 -4065.3816 5364.5551 -1378.3175 -0.10628214 1.8337547 7.3877523
60887 30420.0 -3675.3655 5535.7547 1760.4955 1.9292256 -1.0324499 7.2872288
60887 30840.0 -2503.2006 4529.0131 4523.9783 3.5506651000000002 -3.6735437 5.6338169
60887 31260.0 -799.4376 2560.5638 6324.411599999999 4.415669299999999 -5.5302106 2.784899
60887 31680.0 1073.8868 49.056156 6779.8113 4.343690400000001 -6.2133864 -0.65644614
60887 32100.0 2718.9167 -2472.5654 5791.3617 3.3472366000000005 -5.5764492 -3.9672422000000003
60887 32520.0 3784.0077 -4466.7307 3564.6484 1.6302001000000002 -3.7440326 -6.4437138
60887 32940.0 4037.9667999999997 -5503.2176 572.70448 -0.44446088 -1.0995969 -7.5436479
60887 33360.0 3423.5381 -5356.202 -2542.6103 -2.4279679 1.7871604 -7.018394000000001
60887 33780.0 2072.4377 -4056.6895 -5109.4303 -3.887457 4.2866894 -4.9809761
60887 34200.0 276.99839000000003 -1887.3558 -6577.5284 -4.5084032 5.8583331 -1.8805386000000002
60887 34620.0 -1578.192 686.50011 -6634.3554 -4.1654527 6.1753171 1.6135736
60887 35040.0 -3096.7541 3114.0819 -5271.533 -2.9346516 5.1747864 4.7573332
60887 35460.0 -3955.0874 4877.7555999999995 -2781.6884 -1.0784893 3.0712373 6.883122500000001
60887 35880.0 -3970.349 5601.719700000001 302.79519 1.0068569 0.31396624 7.5373168999999995
60887 36300.0 -3139.9674 5132.6184 3322.7088 2.8751555 -2.5064838 6.5822809
60887 36720.0 -1641.8552 3572.1333 5634.4776 4.1291613 -4.789127000000001 4.227082
60887 37140.0 204.82455 1253.3515 6746.9941 4.5055876 -6.0531202 0.9744682800000001
60887 37560.0 2007.8961000000002 -1331.371 6423.0707999999995 3.9247684 -6.0322977 -2.490658
60887 37980.0 3383.2124 -3632.2714 4728.0055999999995 2.5040511000000003 -4.7240417 -5.4365552
60887 38400.0 4034.549 -5155.7169 2019.29 0.53989323 -2.3969888 -7.227773600000001
60887 38820.0 3819.2919 -5571.7142 -1124.1465 -1.5467982999999998 0.45322457000000005 -7.4660534
60887 39240.0 2782.1691 -4788.7649 -4025.0186000000003 -3.3009659 3.2061273999999997 -6.0941149
60887 39660.0 1147.0754 -2976.6054 -6058.4775 -4.342553700000001 5.2642685 -3.4148904000000004
60887 40080.0 -734.31697 -525.88821 -6789.980500000001 -4.452491200000001 6.190873400000001 -0.010484818000000002
60887 40500.0 -2458.9458 2037.2435 -6067.265200000001 -3.6109117000000004 5.792683200000001 3.3883692
60887 40920.0 -3658.9187 4165.7238 -4046.275 -1.9995673999999999 4.1589369 6.059838200000001
60887 41340.0 -4078.483 5405.7114 -1159.8147 0.03778991 1.63867 7.4346540999999995
60887 41760.0 -3628.6353 5493.384599999999 1974.6493 2.0648797 -1.227876 7.2200104000000005
60887 42180.0 -2406.4385 4411.889099999999 4688.0362000000005 3.6488791000000003 -3.8275593 5.4668117
60887 42600.0 -673.1389300000001 2393.4212 6403.2929 4.45556 -5.6100802000000005 2.5536097
60887 43020.0 1202.9328 -132.74611 6756.485900000001 4.3166035 -6.202009200000001 -0.9030723
60887 43440.0 2823.2266 -2630.4082000000003 5670.4506 3.2585900000000003 -5.475670600000001 -4.1768417
60887 43860.0 3841.1672000000003 -4566.7955 3371.5807999999997 1.4985242 -3.5747374 -6.570889
60887 44280.0 4035.6362000000004 -5523.9427000000005 348.86715000000004 -0.5907947299999999 -0.89808284 -7.560055999999999
60887 44700.0 3362.2849 -5293.214400000001 -2748.9592000000002 -2.5570098 1.976869 -6.920295100000001
60887 45120.0 1965.6580000000001 -3923.8737 -5253.9579 -3.9712768 4.4234211 -4.7902705999999995
60887 45540.0 147.23798000000002 -1713.0783000000001 -6630.8111 -4.5289482 5.9128812 -1.6370497000000002
60887 45960.0 -1702.4733 864.2147199999999 -6583.7965 -4.1192639 6.136836000000001 1.8556966
60887 46380.0 -3189.1303 3257.2932 -5128.5019 -2.8316179000000004 5.051939099999999 4.9477658
60887 46800.0 -3995.8385000000003 4955.8868 -2576.7704 -0.94004425 2.8896573 6.9821004
60887 47220.0 -3950.52 5597.7484 525.9738000000001 1.1516941 0.11159076000000001 7.5235976
60887 47640.0 -3063.3806 5046.7799 3516.4299 2.9956373 -2.6868433 6.458117100000001
60887 48060.0 -1524.4596999999999 3422.0771 5757.005400000001 4.199448500000001 -4.909015 4.0182825
60887 48480.0 338.26994 1070.4723999999999 6771.517 4.5102482 -6.0865730000000005 0.72499234
60887 48900.0 2128.997 -1508.397 6343.5245 3.8622903 -5.971292000000001 -2.7276877
60887 49320.0 3466.0008 -3765.6324 4560.7216 2.3872767 -4.5807064 -5.609536
60887 49740.0 4061.237 -5216.7881 1800.1390000000001 0.39414943 -2.2021956 -7.297986
60887 50160.0 3784.2821000000004 -5547.6014000000005 -1348.0682 -1.6893434 0.65645429 -7.4182135
60887 50580.0 2693.5289 -4685.4218 -4205.6103 -3.4091295 3.3732264 -5.939720500000001
60887 51000.0 1024.3902 -2816.9092 -6156.6944 -4.3943597 5.360558 -3.1893222999999997
60887 51420.0 -864.6752700000001 -344.61345 -6786.6178 -4.437307799999999 6.196677 0.23956948
60887 51840.0 -2569.2347999999997 2201.5087000000003 -5963.0023 -3.532187 5.7073046000000005 3.6102221
60887 52260.0 -3725.4276 4277.7578 -3863.1056000000003 -1.8734875 3.9999588 6.2069299
60887 52680.0 -4086.5888 5441.1117 -936.48325 0.18480860999999998 1.4392623000000002 7.475188600000001
60887 53100.0 -3576.1012 5443.9094000000005 2190.5107000000003 2.2013235 -1.425252 7.1445182
60887 53520.0 -2304.0754 4287.4605 4850.1729000000005 3.7452683 -3.9804491 5.2911106
60887 53940.0 -542.5677 2220.1502 6476.871099999999 4.4910288000000005 -5.685500200000001 2.3153121999999997
60887 54360.0 1334.0203000000001 -318.22256 6725.6437000000005 4.283531699999999 -6.1835862 -1.1529441999999999
60887 54780.0 2926.9928 -2788.7071 5541.713900000001 3.1639068000000004 -5.3669804 -4.3845427
60887 55200.0 3895.5837 -4664.2616 3172.5471000000002 1.3625104 -3.3989571 -6.691361700000001
60887 55620.0 4029.3549 -5540.031400000001 122.57775000000001 -0.738452 -0.69354718 -7.5669776
60887 56040.0 3297.2118 -5225.1837000000005 -2953.6979 -2.6841789 2.1655078 -6.8128291
60887 56460.0 1856.3382 -3787.1877000000004 -5393.4524 -4.051122 4.5559068 -4.5929271
60887 56880.0 17.251583999999998 -1536.204 -6670.441400000001 -4.5489557000000005 5.968513 -1.3862195
60887 57300.0 -1826.2652 1044.7471 -6514.9765 -4.0677768 6.0971145 2.121923
60887 57720.0 -3279.0844 3401.5874 -4964.508 -2.7152876000000004 4.9164520000000005 5.1595233
60887 58140.0 -4030.3608 5030.8763 -2348.1603999999998 -0.78415463 2.6871965 7.0904867000000005
60887 58560.0 -3916.6148 5580.6445 774.4911800000001 1.3160487 -0.11712978 7.5074876999999995
60887 58980.0 -2964.3829 4935.6912999999995 3730.7783 3.132384 -2.8925577 6.3168377
60887 59400.0 -1378.5022 3235.9642000000003 5888.4957 4.2782485 -5.0479047 3.7750100000000004
60887 59820.0 500.95465 846.9530699999999 6788.2801 4.5090737 -6.1215918 0.43266889
60887 60240.0 2273.8059 -1722.3935000000001 6239.2005 3.7799683 -5.8915261 -2.9999941
60887 60660.0 3562.3405000000002 -3924.7765 4357.8826 2.2440520999999998 -4.405181300000001 -5.7965395
60887 61080.0 4090.8541 -5289.7353 1544.3922 0.22507235 -1.9740362 -7.3574263
60887 61500.0 3746.108 -5525.4636 -1599.7758000000001 -1.8404053 0.8768929500000001 -7.341368900000001
60887 61920.0 2597.4707000000003 -4575.6103 -4400.5711 -3.5160452 3.5434323 -5.759182399999999
60887 62340.0 896.42155 -2652.3871000000004 -6261.677900000001 -4.436551400000001 5.447447 -2.9430270000000003
60887 62760.0 -995.79162 -163.85335999999998 -6785.0628 -4.4105588 6.1876126000000005 0.49529194000000004
60887 63180.0 -2676.0923 2359.5282 -5860.5368 -3.4456574 5.6105463 3.8276496000000004
60887 63600.0 -3786.2252000000003 4380.0953 -3684.2805000000003 -1.744088 3.8358555 6.347716999999999
60887 64020.0 -4088.0069 5465.4348 -719.5763000000001 0.33391674 1.2375105000000002 7.512940400000001
60887 64440.0 -3515.6295 5382.0351 2399.3589 2.342226 -1.6276468 7.0679257
60887 64860.0 -2191.4678 4147.7646 5003.9806 3.8480609 -4.1420487 5.1092861
60887 65280.0 -399.36544000000004 2027.9198999999999 6537.5571 4.5305001 -5.7685794 2.0612073
60887 65700.0 1477.9314 -524.33051 6673.5893 4.2466281 -6.164254 -1.4253063
60887 66120.0 3039.9543 -2964.6268999999998 5382.6239000000005 3.0561284 -5.2448126 -4.6108595999999995
60887 66540.0 3952.1395 -4771.1848 2937.9306 1.2090466 -3.2014017 -6.8156438
60887 66960.0 4018.2385 -5556.2044000000005 -136.96456 -0.9002267100000001 -0.46833537000000003 -7.5589213
60887 67380.0 3223.3988 -5150.8107 -3182.6432000000004 -2.8153957000000003 2.3632440000000003 -6.678666100000001
60887 67800.0 1737.4183 -3641.39 -5545.6605 -4.1266983 4.6867991 -4.36704
60887 68220.0 -119.02637 -1355.1225 -6721.1032000000005 -4.552785 6.001996500000001 -1.1293526999999999
60887 68640.0 -1950.1675 1219.9029 -6460.7161 -4.0086946 6.037503 2.3467432
60887 69060.0 -3365.6706000000004 3534.8311000000003 -4819.9095 -2.6090324999999996 4.7854815 5.325149000000001
60887 69480.0 -4062.7261000000003 5095.1925 -2147.4082000000003 -0.6487193600000001 2.5079791 7.1686682
60887 69900.0 -3890.681 5565.5261 985.45858 1.4528227999999999 -0.30890787000000003 7.476641400000001
60887 70320.0 -2884.9361000000004 4843.3453 3906.9398 3.2434573 -3.0591521 6.1827034
60887 70740.0 -1262.4712 3085.9328 5991.6116 4.3381549999999995 -5.1514443000000005 3.5653268
60887 71160.0 628.95795 670.75959 6794.8535 4.5049954 -6.1402285 0.19082280000000001
60887 71580.0 2386.3847 -1887.3641000000002 6146.3458 3.7117495 -5.8201819 -3.2229371
60887 72000.0 3634.9554 -4042.991 4184.0379 2.1253708000000002 -4.2577951 -5.9519412
60887 72420.0 4107.1472 -5335.1054 1325.732 0.081606393 -1.7822144000000002 -7.4103047
60887 72840.0 3700.9512999999997 -5486.211 -1816.6918 -1.980836 1.0760819 -7.2801992
60887 73260.0 2499.7543 -4458.8161 -4567.727900000001 -3.6220187999999998 3.7064235 -5.593935900000001
60887 73680.0 765.96282 -2481.4222000000004 -6342.8781 -4.4839234 5.537925 -2.7071778
60887 74100.0 -1131.5654 25.949603 -6760.5145999999995 -4.3877055 6.184754700000001 0.7539176
60887 74520.0 -2787.7616000000003 2527.7695 -5732.3418 -3.3555819000000002 5.5121882 4.0531822
60887 74940.0 -3848.9577000000004 4490.022400000001 -3477.5524 -1.6053865 3.6614618 6.488675199999999
60887 75360.0 -4087.5486 5492.6363 -477.62644 0.49016039 1.0256594 7.5359112
60887 75780.0 -3451.2939 5319.669 2624.6729 2.4803118 -1.8281420000000002 6.9693843
60887 76200.0 -2074.4919 4005.6755000000003 5163.9986 3.9421804000000003 -4.2930963 4.9121587
60887 76620.0 -256.58089 1839.5245 6600.3922 4.556495 -5.8332182 1.8042493
60887 77040.0 1616.0557 -718.78574 6626.026 4.198998 -6.128054199999999 -1.6839603
60887 77460.0 3144.3674 -3123.9251000000004 5236.311 2.946377 -5.116954300000001 -4.813841
60887 77880.0 4001.928 -4862.6494 2726.8512 1.0624304 -3.0115211 -6.918797400000001
60887 78300.0 4004.481 -5562.499900000001 -366.7717 -1.0511473 -0.25942856999999997 -7.5433345
60887 78720.0 3149.3158 -5070.807900000001 -3381.0229 -2.9388209 2.5453545 -6.555975
60887 79140.0 1617.2571 -3490.0756 -5670.347900000001 -4.203606 4.8136812 -4.162048700000001
60887 79560.0 -258.93001000000004 -1166.1573 -6747.407200000001 -4.5627647 6.043854400000001 -0.87384381
60887 79980.0 -2079.0393 1405.7733 -6379.3661 -3.9469389 5.980776700000001 2.5939809
60887 80400.0 -3455.5517999999997 3677.7217 -4646.5338 -2.4885992999999997 4.641272 5.5075157
60887 80820.0 -4094.2439 5164.395 -1918.9786000000001 -0.49721652 2.3090562 7.2441298
60887 81240.0 -3858.1901000000003 5547.7214 1219.79 1.6006019 -0.5167122399999999 7.4291855
60887 81660.0 -2798.2008 4746.3705 4097.6229 3.3538028 -3.2278849000000003 6.0252887
60887 82080.0 -1142.0653 2933.8566 6100.2417000000005 4.3891526 -5.245838300000001 3.3386756
60887 82500.0 756.97514 497.44867 6802.369 4.4901649 -6.1460134 -0.055744256
60887 82920.0 2495.0199 -2044.6075 6054.6004 3.6359395 -5.7395126 -3.4416449
60887 83340.0 3701.2432000000003 -4150.692 4013.6124 2.0031808 -4.1069775 -6.1017906
60887 83760.0 4116.7455 -5369.816 1113.9028999999998 -0.063784968 -1.5896129 -7.4598183
60887 84180.0 3649.4712000000004 -5437.5953 -2025.8408000000002 -2.1209946 1.2731919 -7.2174416
60887 84600.0 2399.4822000000004 -4339.1891 -4730.078 -3.7223110000000004 3.8613789 -5.4239569
60887 85020.0 635.93657 -2311.9402000000005 -6418.621099999999 -4.523861 5.6176844 -2.4718162
60887 85440.0 -1263.9038 209.79218 -6732.2974 -4.3584122 6.171903599999999 1.0044954000000001
60887 85860.0 -2893.998 2686.7389 -5605.2447 -3.2627952000000002 5.4086458 4.2647333
60887 86280.0 -3906.155 4589.9687 -3278.2077000000004 -1.4689922 3.4891433000000003 6.614680000000001
60888 300.0 -4083.4414 5512.1873 -248.6321 0.64022712 0.82228019 7.548376500000001
60888 720.0 -3387.975 5256.3017 2834.1847000000002 2.6107411000000003 -2.0177 6.864796500000001
60888 1140.0 -1969.2274 3878.445 5310.983200000001 4.0207889 -4.4217427 4.7159491
60888 1560.0 -131.3499 1675.1362 6654.434 4.5723066 -5.87974 1.5660797
60888 1980.0 1734.4664 -884.25848 6579.6637 4.151591900000001 -6.0872015 -1.9161451999999999
60888 2400.0 3231.1784 -3255.3692 5101.5070000000005 2.8456448 -4.9984158 -4.9962632000000005
60888 2820.0 4038.5372 -4932.1561 2531.2399 0.92608445 -2.8363771000000004 -7.016742900000001
60888 3240.0 3980.9293 -5552.273 -581.2834799999999 -1.1962298 -0.061627035000000004 -7.5339479
60888 3660.0 3069.7578 -4981.893099999999 -3568.8207 -3.0633774 2.7280594000000002 -6.4317814
60888 4080.0 1500.6495 -3343.7839 -5789.6143 -4.2717997 4.9293594999999994 -3.9507247000000003
60888 4500.0 -389.58903000000004 -990.1615 -6768.3104 -4.5653955999999996 6.0734702 -0.62803064
60888 4920.0 -2196.735 1574.9636 -6298.1313 -3.8836463 5.9193454 2.8259822
60888 5340.0 -3534.7783 3803.7405 -4479.4632 -2.371835 4.500571600000001 5.6768417
60888 5760.0 -4117.2785 5219.4494 -1700.7958999999998 -0.35121551 2.1178491 7.3134743
60888 6180.0 -3819.2527999999998 5518.9568 1442.7623 1.7443383 -0.71745329 7.3818543000000005
60888 6600.0 -2705.2792000000004 4639.4255 4277.3021 3.4637852 -3.3944886000000003 5.8701708
60888 7020.0 -1014.4773 2770.7929 6197.8856 4.4412302 -5.3415786 3.1103658000000003
60888 7440.0 892.0962 312.94034000000005 6797.1898 4.4733344 -6.1505522 -0.30814875999999997
60888 7860.0 2608.9812 -2211.3405000000002 5947.8062 3.5538272 -5.6518395 -3.66431
60888 8280.0 3769.8526 -4264.1782 3828.1395 1.8732123 -3.9456293000000002 -6.246890400000001
60888 8700.0 4125.3792 -5405.817599999999 889.44258 -0.21356242 -1.3894285 -7.4962102999999995
60888 9120.0 3596.6804 -5388.8639 -2240.9105 -2.2583615 1.4690656 -7.1372194
60888 9540.0 2296.8649 -4216.6001 -4889.6996 -3.8179116 4.0108155000000005 -5.2450527000000005
60888 9960.0 505.77089 -2142.3158 -6489.1866 -4.5574536 5.6889406000000005 -2.2332771
60888 10380.0 -1393.7527 390.09293 -6698.9418 -4.3234779 6.1507996 1.2519525
60888 10800.0 -2995.8371 2839.2587000000003 -5475.2702 -3.1667304 5.2998188 4.4691158
60888 11220.0 -3958.1601 4682.0588 -3079.3172000000004 -1.3320226 3.3153538 6.7324765
60888 11640.0 -4074.3434 5523.929099999999 -23.304046 0.7889337200000001 0.62041281 7.5541235
60888 12060.0 -3319.5815000000002 5184.9425 3037.6554 2.7394054000000003 -2.2045569 6.756888600000001
60888 12480.0 -1856.0471000000002 3739.0053 5448.9213 4.101727 -4.553453900000001 4.5176155
60888 12900.0 2.5852128 1497.1267 6697.254900000001 4.588431 -5.9283828000000005 1.3196241
60888 13320.0 1860.6891 -1063.0714 6517.9049 4.099347 -6.042219 -2.1586952000000004
60888 13740.0 3322.7382000000002 -3396.8428 4947.8957 2.7357594 -4.8687081 -5.1830422
60888 14160.0 4075.3848 -5005.5482 2317.6718 0.78183583 -2.649496 -7.1076087
60888 14580.0 3955.2789 -5541.9714 -808.78875 -1.3439591 0.14252497 -7.507985
60888 15000.0 2987.0902 -4890.122 -3761.4022000000004 -3.1821371 2.9046935 -6.2944874
60888 15420.0 1378.9616 -3190.6327 -5906.0047 -4.336159800000001 5.0405986 -3.7320375
60888 15840.0 -524.2347 -808.6045600000001 -6784.336700000001 -4.5617605999999995 6.0955394 -0.37617662
60888 16260.0 -2315.5818 1746.0928999999999 -6210.732599999999 -3.8134204 5.8485621000000005 3.0578072
60888 16680.0 -3612.5192 3927.9586000000004 -4307.6350999999995 -2.2498104 4.3519618 5.8398184
60888 17100.0 -4137.28 5270.1907 -1481.4024 -0.20327207000000003 1.9228778 7.3728861
60888 17520.0 -3777.2017 5485.2793 1662.7358000000002 1.8866285 -0.91740283 7.3248714
60888 17940.0 -2609.581 4527.6799 4450.834 3.5699802 -3.5563672000000004 5.7099592
60888 18360.0 -885.89841 2605.2669 6287.8821 4.4887549 -5.4310952 2.8801075000000003
60888 18780.0 1026.279 128.71818 6784.2668 4.451993900000001 -6.1484025 -0.5590013699999999
60888 19200.0 2720.2713 -2375.0937000000004 5834.7126 3.4681622 -5.5582945 -3.8816317
60888 19620.0 3834.7095 -4372.7192000000005 3639.2994 1.7416884000000001 -3.7809285 -6.3836332
60888 20040.0 4128.7548 -5434.4911 664.81889 -0.36144056999999996 -1.1913362 -7.5255697
60888 20460.0 3539.7547000000004 -5334.1702000000005 -2453.2718 -2.3922179000000003 1.6604944000000001 -7.050548200000001
60888 20880.0 2192.0531 -4090.6225 -5044.5673 -3.9078766000000003 4.1527626 -5.0621229
60888 21300.0 373.79584000000006 -1968.7165 -6549.002 -4.588763200000001 5.7560177 -1.9981169
60888 21720.0 -1524.231 572.38346 -6656.3657 -4.2853704 6.1245701 1.4952334
60888 22140.0 -3096.9406000000004 2991.4822000000004 -5338.638400000001 -3.0676864 5.1856144 4.6649794
60888 22560.0 -4008.7005 4772.1696 -2878.4753 -1.195091 3.1396935 6.8365697
60888 22980.0 -4064.898 5534.3847000000005 197.76810999999998 0.93211328 0.4241678 7.5449422
60888 23400.0 -3254.2406 5116.3727 3231.7837999999997 2.8576718999999997 -2.3778573 6.6403986999999995
60888 23820.0 -1750.7715 3609.2221 5576.3817 4.1713749 -4.6679585 4.3224925
60888 24240.0 124.61502 1335.4642 6733.5123 4.5975226000000005 -5.9635751 1.0880013
60888 24660.0 1973.4941000000001 -1221.7098999999998 6457.2522 4.0471335 -5.993101800000001 -2.3809564
60888 25080.0 3402.2572999999998 -3518.5883 4803.568 2.632109 -4.7451761 -5.3526147
60888 25500.0 4103.6612000000005 -5063.1135 2120.7165 0.64731927 -2.4759405 -7.1890011000000005
60888 25920.0 3925.0129 -5521.7289 -1017.8156 -1.4831598 0.33293009 -7.4822736999999995
60888 26340.0 2902.7049 -4793.4664 -3936.9624 -3.2955416 3.0710358 -6.163439
60888 26760.0 1257.4085 -3036.7667 -6010.4382000000005 -4.3961232 5.1433849 -3.5207047
60888 27180.0 -657.05363 -629.40448 -6791.1501 -4.5549021000000005 6.1116628 -0.13168264999999998
60888 27600.0 -2431.4618 1912.7288999999998 -6117.7365 -3.7410812 5.7736331000000005 3.2796355
60888 28020.0 -3686.8535 4046.577 -4134.997 -2.1281147000000002 4.2026304 5.9901111
60888 28440.0 -4154.7582999999995 5316.1096 -1266.7255 -0.059332763999999996 1.7326008 7.4191506
60888 28860.0 -3735.003 5449.9042 1872.9678999999999 2.0211371 -1.1061511000000002 7.2591115
60888 29280.0 -2518.0237 4420.5878 4612.2931 3.6669712 -3.7038255 5.5482327
60888 29700.0 -765.05718 2450.3681 6367.286099999999 4.5289616 -5.5075729 2.6580945000000002
60888 30120.0 1150.5466999999999 -40.568322 6765.716 4.4278718 -6.1393941000000005 -0.79537214
60888 30540.0 2821.5052 -2522.7145 5722.3240000000005 3.3843998 -5.4658688 -4.0844237
60888 30960.0 3891.158 -4467.1627 3456.4970000000003 1.6145948 -3.6227924 -6.5103471
60888 31380.0 4128.7347 -5456.1608 450.48323 -0.50651596 -0.99807822 -7.5455779000000005
60888 31800.0 3480.8638 -5275.1061 -2652.651 -2.5224199 1.844788 -6.960443000000001
60888 32220.0 2086.4687 -3962.7872 -5185.5662 -3.9959066 4.2897163 -4.8801297
60888 32640.0 243.66066 -1799.8963999999999 -6605.8827 -4.6119852 5.8139803 -1.7509244000000002
60888 33060.0 -1649.9143000000001 746.60596 -6607.447099999999 -4.2411024 6.0917900000000005 1.743757
60888 33480.0 -3190.9545000000003 3133.5502 -5193.532200000001 -2.9633506 5.0675689 4.8672005
60888 33900.0 -4049.3936000000003 4850.1416 -2665.7617999999998 -1.0494946 2.9572075 6.9503425
60888 34320.0 -4040.7049 5528.1517 434.38898 1.0899412 0.21273166000000002 7.542169299999999
60888 34740.0 -3167.0818 5022.8471 3441.2933 2.9928943 -2.5726481 6.516932799999999
60888 35160.0 -1616.7265 3444.5492000000004 5712.0338 4.2528003 -4.802188600000001 4.1014803
60888 35580.0 277.6298 1133.3395 6763.9866 4.6044263 -6.003797 0.8180264100000001
60888 36000.0 2113.0517999999997 -1418.705 6375.004900000001 3.9774751000000004 -5.9288997 -2.6369609
60888 36420.0 3499.2011 -3669.0304 4627.3431 2.5029077 -4.5920803999999995 -5.5353345
60888 36840.0 4139.7513 -5137.589599999999 1891.0286 0.48946863 -2.2707424 -7.257447
60888 37260.0 3895.4078 -5507.839400000001 -1249.9878 -1.632768 0.54097065 -7.4269002
60888 37680.0 2817.4478 -4699.4298 -4122.7788 -3.4067442999999997 3.2383307 -6.0030412
60888 38100.0 1136.7797 -2885.7792000000004 -6111.3847000000005 -4.450487600000001 5.240426800000001 -3.2941678000000003
60888 38520.0 -786.8025200000001 -455.57261 -6790.8895999999995 -4.5428046 6.1214192999999995 0.11718818
60888 38940.0 -2542.4245 2071.969 -6016.347 -3.6646059 5.694916500000001 3.5047204
60888 39360.0 -3754.3937 4156.3174 -3952.3597999999997 -2.0009592 4.049267400000001 6.1456105
60888 39780.0 -4162.4184 5350.633 -1039.8065 0.093712294 1.5338628 7.470129
60888 40200.0 -3678.6377 5398.6092 2096.272 2.1675421000000004 -1.3090531 7.190092
60888 40620.0 -2407.0635 4290.7169 4783.3279 3.7747561999999997 -3.8678589000000003 5.3684946
60888 41040.0 -621.8786600000001 2267.132 6446.196900000001 4.5715041 -5.5926214000000005 2.4071749000000002
60888 41460.0 1295.7426 -239.00016000000002 6733.703 4.3945910999999995 -6.1250701 -1.0626212000000002
60888 41880.0 2937.7094 -2694.2192999999997 5585.1645 3.2822369 -5.3542864 -4.3081582
60888 42300.0 3953.6072000000004 -4575.170099999999 3243.5431000000003 1.46663 -3.4389915 -6.6403795
60888 42720.0 4126.2636 -5480.3008 208.28427 -0.66416634 -0.78681721 -7.5515026
60888 43140.0 3414.9833 -5211.24 -2870.7968 -2.6546646999999997 2.0344051 -6.8500976
60888 43560.0 1970.6123 -3823.8867999999998 -5333.6720000000005 -4.0819347 4.4261844 -4.681627499999999
60888 43980.0 103.80879 -1617.1887 -6651.679700000001 -4.6352779 5.8719873 -1.5005177
60888 44400.0 -1784.3969 934.69583 -6541.3378 -4.190448000000001 6.0543584 2.0094692
60888 44820.0 -3290.3278999999998 3284.7536 -5032.848 -2.8432413000000003 4.9314028 5.0782929
60888 45240.0 -4091.4019 4931.4095 -2442.069 -0.89188495 2.7581806 7.054176000000001
60888 45660.0 -4014.1054 5519.7336 676.1580799999999 1.2533525 -0.0078893725 7.522878700000001
60888 46080.0 -3076.7176 4925.3725 3649.235 3.1284075 -2.7699107 6.3761399
60888 46500.0 -1477.8103 3272.5795000000003 5838.1795 4.3345642 -4.9390805 3.8651032
60888 46920.0 435.32617 922.9955699999999 6778.2442 4.6094007 -6.0449757 0.53093186
60888 47340.0 2255.5899 -1623.4398999999999 6268.6997 3.9011329999999997 -5.8606618 -2.9129218999999997
60888 47760.0 3594.8146 -3823.6134 4418.8162999999995 2.3599866 -4.4257615 -5.7360788000000005
60888 48180.0 4166.5241000000005 -5207.405 1623.0836000000002 0.31251934 -2.0433847000000003 -7.3343694
60888 48600.0 3847.6447000000003 -5478.1602 -1520.6068 -1.8031122000000002 0.7773930299999999 -7.3616019
60888 49020.0 2704.0255 -4574.9124 -4338.5265 -3.5332295 3.4311138999999997 -5.8147466
60888 49440.0 984.69451 -2697.3154 -6228.8795 -4.5048235000000005 5.3464798 -3.0239920000000002
60888 49860.0 -944.57484 -244.82475 -6788.3247 -4.515474599999999 6.1200395 0.40801822
60888 50280.0 -2672.6728 2259.75 -5898.1990000000005 -3.5640191 5.5899565 3.7542249
60888 50700.0 -3830.6515 4282.1678 -3746.9589 -1.8495006 3.8651773 6.3040123
60888 51120.0 -4171.6685 5391.1838 -795.00453 0.26352256 1.3101369 7.5033911
60888 51540.0 -3618.1247000000003 5343.9547 2327.2228 2.3192993000000004 -1.5224627000000002 7.1004694
60888 51960.0 -2289.4647000000004 4152.0268 4950.416700000001 3.8815234999999997 -4.0319214 5.1788416
60888 52380.0 -469.43033 2069.436 6510.6543 4.6165216000000004 -5.685171400000001 2.1367923
60888 52800.0 1449.2834 -454.19487 6671.594099999999 4.3600718 -6.1168534 -1.363096
60888 53220.0 3058.7682000000004 -2880.9757000000004 5404.8972 3.1644871 -5.231374 -4.5707534999999995
60888 53640.0 4011.6526000000003 -4689.7462000000005 2972.879 1.2897413 -3.2239567000000005 -6.798375200000001
60888 54060.0 4102.9925 -5491.342900000001 -99.363034 -0.86234907 -0.52383885 -7.562853100000001
60888 54480.0 3314.0622000000003 -5114.8525 -3150.5344 -2.824607 2.282114 -6.701098600000001
60888 54900.0 1816.5176000000001 -3644.8229 -5526.8985 -4.1758712 4.5890594 -4.4099655
60888 55320.0 -67.82199800000001 -1398.9155 -6724.155 -4.634564 5.9114354 -1.1898141
60888 55740.0 -1937.9328 1143.8011000000001 -6491.651900000001 -4.1100415 5.9782008 2.2765996
60888 56160.0 -3397.2363 3443.9846000000002 -4879.512900000001 -2.7128957999999996 4.7766697 5.262389000000001
60888 56580.0 -4134.7258 5012.3504 -2228.1663 -0.7339296900000001 2.5547709 7.1346035
60888 57000.0 -3990.7459 5512.0608 898.9470200000001 1.4080525 -0.21960189 7.4856061
60888 57420.0 -2993.8754 4833.7532 3833.3136 3.252739 -2.9520271 6.2320401
60888 57840.0 -1356.5298 3121.3408 5945.330599999999 4.402006900000001 -5.0536961 3.641236
60888 58260.0 571.01019 741.1216 6781.8727 4.609444000000001 -6.0741204 0.26924459
60888 58680.0 2377.0475 -1797.976 6166.142400000001 3.8269374 -5.7909077 -3.1651347000000003
60888 59100.0 3673.1167 -3950.0265 4229.7407 2.2243126 -4.2662275 -5.9177544
60888 59520.0 4181.4758 -5255.3152 1382.0230000000001 0.14716594000000002 -1.8312141 -7.403705
60888 59940.0 3792.7038 -5433.196400000001 -1763.838 -1.9646405 0.9995921600000001 -7.3023068
60888 60360.0 2590.9084 -4446.3817 -4530.7088 -3.6528609000000003 3.6122512 -5.6335201
60888 60780.0 831.3409399999999 -2502.5605 -6320.446400000001 -4.5623319 5.4542722999999995 -2.762437
60888 61200.0 -1104.7045 -26.715068 -6761.0752999999995 -4.4902214 6.1221921 0.70185659
60888 61620.0 -2805.0331 2455.2817999999997 -5752.9172 -3.4593066 5.4818286 4.0111409
60888 62040.0 -3906.1967999999997 4412.7922 -3512.6237 -1.6887902 3.6699089 6.4624734
60888 62460.0 -4172.6229 5427.2932 -519.61977 0.44312547 1.0731636000000002 7.529641300000001
60888 62880.0 -3547.6787999999997 5282.3853 2584.7329 2.4779299999999997 -1.7494831 6.9841404
60888 63300.0 -2166.0883 4010.9892999999997 5136.9089 3.9802719000000004 -4.1928205 4.9489255000000005
60888 63720.0 -323.85954 1886.6836 6593.9411 4.6333047 -5.7394175 1.8643317
60888 64140.0 1587.1537 -638.22089 6647.221500000001 4.3021171 -6.0665206 -1.6157419
60888 64560.0 3160.7332 -3027.2756 5284.1891 3.0546349 -5.1032379 -4.7587454
60888 64980.0 4060.4755 -4770.96 2791.4353 1.1492429 -3.0453904000000005 -6.894786900000001
60888 65400.0 4090.8787 -5492.9502999999995 -299.58587 -1.008318 -0.3284729 -7.555785200000001
60888 65820.0 3243.6787999999997 -5036.5227 -3326.1365 -2.9523144 2.4623266 -6.5920808
60888 66240.0 1700.5505 -3499.5996 -5637.4394 -4.2612331999999995 4.7220433 -4.2126139
60888 66660.0 -208.04331 -1210.6268 -6734.02 -4.658840199999999 5.9719997000000005 -0.92926999
60888 67080.0 -2072.6906000000004 1338.1863 -6385.419 -4.0544392 5.93822 2.5577787
60888 67500.0 -3492.139 3598.9763 -4664.0655 -2.5809944000000002 4.6307906 5.4912022
60888 67920.0 -4162.3297999999995 5087.5905 -1939.1906000000001 -0.55193066 2.3281295 7.2466007
60888 68340.0 -3939.2354 5484.3715 1203.1116000000002 1.5941634 -0.47232391 7.4424147000000005
60888 68760.0 -2872.3448 4706.4078 4087.1815 3.3926019000000003 -3.1628495 6.0424188999999995
60888 69180.0 -1192.2958 2924.0107000000003 6097.5317000000005 4.4612129000000005 -5.1685774 3.3587332
60888 69600.0 741.2070600000001 520.26697 6809.1478 4.5795202 -6.0706322 -0.030100424
60888 70020.0 2517.6367999999998 -1993.8223 6073.5156 3.726852 -5.685052300000001 -3.4099115
60888 70440.0 3759.8723 -4084.7924 4046.139 2.0806374 -4.0909401 -6.0705881
60888 70860.0 4201.9712 -5306.4454000000005 1155.6528 -0.014984631 -1.6190601999999998 -7.4430991
60888 71280.0 3746.9354 -5395.0837 -1981.7489 -2.1131547 1.2056653 -7.2241776
60888 71700.0 2490.3828 -4329.6393 -4693.9879 -3.7614641000000004 3.7755911 -5.454930900000001
60888 72120.0 700.8592600000001 -2337.6101000000003 -6398.9579 -4.6046407 5.5372255 -2.5155249
60888 72540.0 -1238.5936000000002 154.55629000000002 -6730.9682 -4.462489400000001 6.1139377999999995 0.96369689
60888 72960.0 -2916.1544 2616.3294 -5625.311 -3.3589284 5.3738494 4.2367009
60888 73380.0 -3964.3792000000003 4512.6131 -3306.1974 -1.5416124 3.4910007000000003 6.6028054
60888 73800.0 -4163.8935 5442.683400000001 -277.9461 0.6091966700000001 0.8567317900000001 7.553806400000001
60888 74220.0 -3471.2531000000004 5206.6575 2810.185 2.6285695000000002 -1.959761 6.882259100000001
60888 74640.0 -2031.1223 3849.1943 5290.3013 4.0889608 -4.3600981 4.7405594
60888 75060.0 -158.18552 1671.9602 6641.9897 4.6674121 -5.818526 1.5803865000000001
60888 75480.0 1748.7828000000002 -862.76623 6570.9073 4.248276 -6.0319677 -1.9118709
60888 75900.0 3282.5619 -3213.4081 5093.812599999999 2.922678 -4.9581188 -4.9937624
60888 76320.0 4115.662200000001 -4878.1508 2526.5761 0.97214649 -2.8248785 -7.0084664000000005
60888 76740.0 4069.8375 -5501.1826 -581.75283 -1.1862635000000001 -0.08806169900000001 -7.5227829
60888 77160.0 3155.3735 -4950.0998 -3565.5753 -3.088975 2.6641273 -6.4277463
60888 77580.0 1568.4868999999999 -3344.2472000000002 -5788.0064 -4.3300646 4.8432046 -3.9638309
60888 78000.0 -351.91403 -1027.3472 -6776.6647 -4.649146399999999 5.9898494 -0.6588506
60888 78420.0 -2197.4571 1507.7746000000002 -6321.2651 -3.9797312000000002 5.8634441 2.789264
60888 78840.0 -3574.7967000000003 3721.4328 -4516.1907 -2.4592127 4.4858336 5.6516152
60888 79260.0 -4187.448600000001 5138.8649000000005 -1743.2176000000002 -0.40652862 2.1429364 7.3121433
60888 79680.0 -3902.4672 5454.7366 1404.4949 1.7391797 -0.66683943 7.402093700000001
60888 80100.0 -2779.3787 4599.1579 4249.821 3.5106126 -3.3321639000000003 5.8990108
60888 80520.0 -1059.4401 2755.6691 6178.7574 4.528745799999999 -5.2813378 3.1320599000000002
60888 80940.0 889.0249100000001 319.96986 6781.3151 4.5737535 -6.0976463999999995 -0.3186261
60888 81360.0 2646.6509 -2183.5499 5928.2775 3.6365297 -5.6014582 -3.6867124
60888 81780.0 3839.5706 -4221.231 3806.7747999999997 1.9185353 -3.9023547 -6.2600251
60888 82200.0 4207.7344 -5351.8333 866.98419 -0.20523297 -1.375233 -7.4936158
60888 82620.0 3674.4790000000003 -5335.9079 -2258.9175 -2.2847331 1.4440136000000001 -7.127085
60888 83040.0 2351.9739 -4174.2255000000005 -4899.9202000000005 -3.8809424 3.9604731 -5.2369098
60888 83460.0 526.5022700000001 -2119.9267999999997 -6490.421200000001 -4.6460135000000005 5.6301961 -2.2155624
60888 83880.0 -1412.8858 389.94908000000004 -6686.9352 -4.4124840999999995 6.0907051 1.2876151
60888 84300.0 -3050.9038 2816.4048 -5454.2502 -3.2261753 5.234852 4.5066327
60888 84720.0 -4035.1151 4639.571400000001 -3048.3112 -1.3532657 3.2622628000000002 6.7515143
60888 85140.0 -4153.9253 5467.4544000000005 11.931022 0.80709123 0.59524599 7.5514057
60888 85560.0 -3383.0157000000004 5124.0962 3068.699 2.7944432000000003 -2.1973252000000003 6.7377078
60888 85980.0 -1890.4741999999999 3687.6242 5468.6491 4.1833743000000005 -4.5180764 4.4830786
60889 0.0 5.0786617 1465.1061000000002 6699.9783 4.6791934 -5.8731069 1.2741165
60889 420.0 1899.5293000000001 -1069.4335 6500.4818 4.1781473 -5.977081500000001 -2.2075191
60889 840.0 3388.7796000000003 -3375.7448 4911.1533 2.7838925 -4.8050626 -5.2241140999999995
60889 1260.0 4153.216100000001 -4959.9254 2269.0937999999996 0.78934002 -2.6005776999999997 -7.1281134
60889 1680.0 4027.3318 -5480.8268 -860.5954300000001 -1.3780939 0.16572473 -7.5022651
60889 2100.0 3037.5458 -4826.0531 -3805.2837000000004 -3.2485981 2.8945722000000003 -6.263638
60889 2520.0 1396.7509 -3136.9597000000003 -5932.2926 -4.4206664 4.9988239000000005 -3.6851039
60889 2940.0 -542.49836 -777.88762 -6789.7479 -4.6457959 6.0301446 -0.32472965
60889 3360.0 -2366.1398 1747.0712 -6195.8437 -3.8806195 5.7752146 3.1011328
60889 3780.0 -3685.4266000000002 3899.5951 -4277.8376 -2.2873318 4.2885054 5.866466099999999
60889 4200.0 -4218.2343 5219.8988 -1444.5582 -0.20326618999999999 1.8838099 7.3795749
60889 4620.0 -3849.7864 5424.9749 1698.3469 1.924914 -0.92396174 7.3127547999999996
60889 5040.0 -2658.4221000000002 4470.5689 4477.7412 3.6408249 -3.5324716 5.6816706
60889 5460.0 -900.7101700000001 2563.6582000000003 6300.061900000001 4.577033800000001 -5.3826892 2.8390371
60889 5880.0 1048.8148 110.90644 6777.6332 4.5381105 -6.0853161 -0.60618242
60889 6300.0 2775.0015 -2365.359 5808.5572999999995 3.5322975000000003 -5.492218 -3.9256625
60889 6720.0 3909.454 -4337.2115 3597.6607000000004 1.7692442000000002 -3.7241376 -6.4125253
60889 7140.0 4211.839 -5386.4841 616.46591 -0.37232874 -1.1586307 -7.520940800000001
60889 7560.0 3611.3136 -5280.4438 -2494.6889 -2.4352226 1.6541835 -7.0243301
60889 7980.0 2239.8791 -4047.2809 -5072.3454 -3.9754467 4.1093923000000006 -5.0275603
60889 8400.0 391.50773 -1952.3568 -6567.155400000001 -4.6666275 5.6852557 -1.9619376
60889 8820.0 -1540.1290000000001 557.77798 -6661.6072 -4.3649506 6.0512572 1.5207907
60889 9240.0 -3143.8297000000002 2949.0082 -5334.4822 -3.1325149999999997 5.1284379 4.6854655
60889 9660.0 -4076.4188 4710.906400000001 -2864.5733999999998 -1.2253324 3.1050308 6.857268299999999
60889 10080.0 -4135.6507 5463.1663 219.317 0.9493014 0.41071875 7.559508200000001
60889 10500.0 -3307.6403 5043.3682 3256.0344 2.9214141000000002 -2.3730497 6.6360846
60889 10920.0 -1770.0335 3541.6003 5592.4483 4.2648795 -4.6441694 4.290247099999999
60889 11340.0 149.53509 1276.6701 6723.9528 4.6981495 -5.9251999 1.0212881
60889 11760.0 2036.3136000000002 -1259.6948 6416.0068 4.1200985 -5.9293848 -2.4621891999999996
60889 12180.0 3486.698 -3525.7608999999998 4730.7084 2.6604780000000003 -4.664574200000001 -5.4164947
60889 12600.0 4190.6630000000005 -5036.9855 2029.9351000000001 0.63066238 -2.4005777 -7.2090979
60889 13020.0 3997.6685 -5470.1234 -1106.6798999999999 -1.5323250000000002 0.37483920000000004 -7.453962400000001
60889 13440.0 2950.6275 -4734.7034 -4006.3999 -3.3624611 3.0625955 -6.1037836
60889 13860.0 1274.9861 -2990.7942000000003 -6051.1147 -4.4714234 5.0898825 -3.4577525000000002
60889 14280.0 -671.3544 -612.0049399999999 -6808.1852 -4.6294243999999996 6.0329028 -0.082706333
60889 14700.0 -2475.2957 1896.4932 -6117.8859 -3.8052932999999998 5.6963891 3.3114413
60889 15120.0 -3753.2113 4001.8436 -4124.600100000001 -2.168609 4.146327500000001 6.0098062
60889 15540.0 -4230.2851 5253.187900000001 -1249.2685000000001 -0.061426274999999995 1.7034341 7.432214500000001
60889 15960.0 -3801.7671 5379.8267000000005 1893.8445000000002 2.0653838 -1.1122943 7.2607854
60889 16380.0 -2557.7077000000004 4352.3322 4629.5082999999995 3.7503503 -3.6910018 5.5273784
60889 16800.0 -765.09459 2391.4147000000003 6369.8358 4.6296795 -5.4756431 2.608525
60889 17220.0 1191.0439 -81.570802 6740.7012 4.5173274 -6.087597799999999 -0.8718941
60889 17640.0 2893.8157 -2538.7044 5666.6695 3.4322350999999998 -5.3891944 -4.1668957
60889 18060.0 3976.9287000000004 -4451.2075 3380.3363 1.6136306 -3.5365010000000003 -6.5568587
60889 18480.0 4207.6212000000005 -5410.0975 365.37546000000003 -0.54514489 -0.93466886 -7.5438508
60889 18900.0 3536.6220000000003 -5209.4713 -2727.5087000000003 -2.5890966 1.8679012000000002 -6.920178
60889 19320.0 2109.7043 -3895.6977 -5237.4433 -4.0788099 4.269928299999999 -4.8142264
60889 19740.0 233.03117000000003 -1751.2562 -6627.1302000000005 -4.695276700000001 5.7558328 -1.6837956
60889 20160.0 -1693.3128000000002 766.2413 -6601.576 -4.3113722 6.014777100000001 1.8033194000000001
60889 20580.0 -3258.8408 3120.4012000000002 -5165.9872000000005 -3.0077863000000002 4.9916746000000005 4.9092986000000005
60889 21000.0 -4129.0124 4808.793 -2625.039 -1.0581758 2.8990845 6.9702454
60889 21420.0 -4116.140600000001 5468.6051 478.13613000000004 1.120456 0.18320755 7.538359300000001
60889 21840.0 -3222.1116 4957.705900000001 3478.7478 3.0591415000000004 -2.5713413000000003 6.4902085
60889 22260.0 -1639.0012 3386.6839 5733.9932 4.3412212 -4.7718753 4.0544471
60889 22680.0 293.79798999999997 1093.1957 6762.8958 4.6953556 -5.9508877 0.75660893
60889 23100.0 2164.0315 -1433.2374 6346.898400000001 4.0487821 -5.861327 -2.7017673
60889 23520.0 3572.7498 -3653.898 4574.0585 2.5370989 -4.520770300000001 -5.587373400000001
60889 23940.0 4217.683599999999 -5093.4748 1820.5016 0.47896278999999997 -2.20995 -7.2821708
60889 24360.0 3959.9209 -5442.7762999999995 -1323.2032 -1.6840680000000001 0.5769947 -7.4141001
60889 24780.0 2852.9106 -4624.617700000001 -4181.484100000001 -3.4847277 3.2368504 -5.9596887
60889 25200.0 1132.3917 -2812.7138 -6141.6295 -4.544107100000001 5.2104724 -3.223431
60889 25620.0 -829.7161500000001 -398.46578000000005 -6777.575 -4.6306136 6.0692398999999995 0.20775222
60889 26040.0 -2615.2027000000003 2101.1449 -5964.473900000001 -3.7174333 5.617884699999999 3.5945647
60889 26460.0 -3839.6058 4150.1534 -3867.4903 -2.0065043 3.9609786 6.2080566
60889 26880.0 -4240.0942000000005 5308.6619 -938.24346 0.13364162999999998 1.4556608000000002 7.4848038
60889 27300.0 -3732.2127 5329.9857 2192.8762 2.2393774 -1.3541137 7.153048399999999
60889 27720.0 -2427.6763 4213.7669000000005 4855.2277 3.8588066 -3.8628886000000002 5.2957466
60889 28140.0 -607.2055 2202.282 6483.929700000001 4.6530193 -5.5415116 2.3215339
60889 28560.0 1341.913 -275.38268 6736.9215 4.4613591 -6.0443615 -1.1382108000000002
60889 28980.0 3007.131 -2694.6715 5561.2586 3.3247135 -5.267981799999999 -4.360609
60889 29400.0 4034.3307999999997 -4542.1162 3203.0864 1.4764465 -3.3682752000000002 -6.6667912
60889 29820.0 4201.5379 -5421.1724 160.95769 -0.69625373 -0.73976252 -7.5562359
60889 30240.0 3469.3808 -5139.7345000000005 -2915.4087999999997 -2.7273448 2.0566011 -6.824485
60889 30660.0 1992.8103999999998 -3755.4456 -5364.3415 -4.1754335000000005 4.4148531 -4.6230025
60889 31080.0 88.506159 -1565.0486 -6658.538500000001 -4.7270593 5.8249914 -1.4275113
60889 31500.0 -1835.4065 961.45888 -6522.4830999999995 -4.2634033 5.9832373 2.0716931
60889 31920.0 -3364.8834 3280.9328 -4982.8515 -2.8868792 4.8603029 5.1258518
60889 32340.0 -4173.1041000000005 4897.171 -2372.1651 -0.8917925400000001 2.6958546 7.078153500000001
60889 32760.0 -4087.4833 5464.5402 748.21008 1.2911842 -0.042249662 7.5088638
60889 33180.0 -3128.4777000000004 4864.3696 3708.5761 3.1913795 -2.7619913 6.332603199999999
60889 33600.0 -1503.432 3228.808 5878.133900000001 4.405869 -4.8837267 3.8129576000000003
60889 34020.0 440.46411 908.68476 6798.4896 4.6837691999999995 -5.9649301999999995 0.49141559
60889 34440.0 2291.1358 -1603.7121000000002 6276.2153 3.9698427 -5.783114899999999 -2.9344863
60889 34860.0 3655.8940000000002 -3775.8487000000005 4419.985 2.41027 -4.3722281999999995 -5.7465389
60889 35280.0 4242.0295 -5143.724700000001 1620.3644 0.32855232 -2.0211705 -7.3425959
60889 35700.0 3920.6719 -5411.1043 -1526.2699 -1.8320401 0.7726542 -7.3671503000000005
60889 36120.0 2758.0649 -4517.412 -4344.3308 -3.6031265 3.4055102 -5.8057643
60889 36540.0 1003.2470000000001 -2653.759 -6227.0249 -4.6002028 5.3064597000000004 -2.9955518000000003
60889 36960.0 -966.20576 -221.48322000000002 -6769.7979000000005 -4.6102871 6.0681177 0.45553509000000003
60889 37380.0 -2729.0176 2258.6472000000003 -5858.4899000000005 -3.6317648 5.5283826 3.8079256
60889 37800.0 -3906.9145 4254.872 -3687.1415 -1.8748481 3.8038762999999998 6.3424738
60889 38220.0 -4247.3117999999995 5339.0311 -723.1586800000001 0.28297753000000003 1.265163 7.513077900000001
60889 38640.0 -3678.4834 5280.3431 2396.344 2.3751174 -1.5378236 7.0707058
60889 39060.0 -2324.7491 4095.0876000000003 5003.7064 3.9531422 -4.002078 5.120801
60889 39480.0 -476.92683000000005 2039.6797 6545.5317000000005 4.6866334 -5.6078503 2.0899277
60889 39900.0 1471.9961 -447.78421000000003 6697.4833 4.4266440000000005 -6.023675900000001 -1.3793627
60889 40320.0 3109.0778999999998 -2840.264 5427.3539 3.2275739 -5.1629116999999995 -4.5611241
60889 40740.0 4085.5611000000004 -4629.1541 3001.4579 1.3362203 -3.1991688 -6.782398000000001
60889 41160.0 4190.0122 -5429.8336 -66.10171799999999 -0.84937472 -0.54247109 -7.559317500000001
60889 41580.0 3396.853 -5067.2722 -3119.2645 -2.859152 2.238234 -6.7128518
60889 42000.0 1874.7476000000001 -3617.3057000000003 -5501.1419000000005 -4.256358100000001 4.5400239000000004 -4.4214398
60889 42420.0 -49.547669000000006 -1391.3028000000002 -6699.4946 -4.739791 5.866417800000001 -1.1815187
60889 42840.0 -1966.8101000000001 1135.4185 -6467.6387 -4.1968524 5.9234808 2.3196062000000004
60889 43260.0 -3456.2701 3412.8235 -4835.9596 -2.7659948 4.7233065 5.309955700000001
60889 43680.0 -4209.0455999999995 4962.6762 -2171.2517000000003 -0.74133268 2.5098678 7.1606209
60889 44100.0 -4058.6928 5447.7405 960.8499499999999 1.4443309 -0.24225052 7.4815179
60889 44520.0 -3038.1957 4764.6863 3885.6187000000004 3.3198364000000002 -2.9402173 6.201302200000001
60889 44940.0 -1366.517 3059.5163 5971.2288 4.491379200000001 -5.0174997999999995 3.58963
60889 45360.0 598.45863 700.1724300000001 6783.2907000000005 4.694504299999999 -6.0118528 0.20703017
60889 45780.0 2436.2339 -1810.356 6138.8194 3.8885396 -5.7155688 -3.2278427
60889 46200.0 3752.6031000000003 -3932.9915 4178.96 2.2468785 -4.1895921 -5.9609095
60889 46620.0 4265.3535 -5213.6900000000005 1320.3543 0.13173268 -1.7752208 -7.4088249
60889 47040.0 3862.7575 -5375.2496 -1821.0027 -2.0126166000000003 1.0181782 -7.2769236
60889 47460.0 2633.5303 -4386.750099999999 -4572.7205 -3.7263208 3.5926229 -5.589070800000001
60889 47880.0 843.8071500000001 -2464.3306000000002 -6347.2928 -4.6411527 5.3949155 -2.7085924
60889 48300.0 -1125.6471999999999 -17.226273000000003 -6767.121700000001 -4.5672137 6.0466896 0.74549157
60889 48720.0 -2855.5388 2433.4591 -5743.0973 -3.5206434 5.4113975000000005 4.0431099
60889 49140.0 -3976.5662 4365.1681 -3491.6313 -1.7196749 3.6191347 6.4839085
60889 49560.0 -4250.5860999999995 5366.6855000000005 -496.23731000000004 0.45002432 1.0515636 7.5339863
60889 49980.0 -3612.4531 5216.9982 2608.1776 2.5263768 -1.74274 6.9773445
60889 50400.0 -2203.0429 3953.294 5153.6724 4.0611819 -4.162850000000001 4.924024800000001
60889 50820.0 -323.44668 1845.8185 6596.3559000000005 4.7264105 -5.6898723 1.8217699
60889 51240.0 1625.1108000000002 -655.09338 6629.5594 4.3840323 -6.003049600000001 -1.6664625000000002
60889 51660.0 3227.2631 -3016.2873 5246.170700000001 3.1064031 -5.0363180000000005 -4.8019279
60889 52080.0 4140.5609 -4733.7078 2739.7670000000003 1.1619128 -2.9909236999999997 -6.9151006
60889 52500.0 4167.9686 -5438.233 -353.91229 -1.0342360000000002 -0.30220643 -7.5474207
60889 52920.0 3302.1291 -4977.0571 -3370.5792 -3.0090770000000004 2.4507448 -6.5626138
60889 53340.0 1726.7365 -3446.494 -5661.4607000000005 -4.3422845 4.6806076 -4.1768234
60889 53760.0 -218.8316 -1178.317 -6741.0126 -4.7444721 5.908926800000001 -0.88319053
60889 54180.0 -2116.5454 1340.2948999999999 -6375.7456 -4.1278657999999995 5.8662107 2.5904309
60889 54600.0 -3561.7596000000003 3572.3917 -4643.4616 -2.6287852 4.5692604 5.5078539
60889 55020.0 -4245.3921 5040.6387 -1915.5976 -0.5674249 2.2951846000000002 7.2446583
60889 55440.0 -4021.5735 5431.509900000001 1223.0055 1.6131659 -0.46697249 7.4280872
60889 55860.0 -2939.6919 4663.5357 4100.1747000000005 3.4444412000000004 -3.1226188 6.0241442
60889 56280.0 -1232.2647 2903.277 6103.0633 4.5384237999999995 -5.1068231 3.3416633000000004
60889 56700.0 736.6683800000001 526.92956 6807.679400000001 4.6680979 -6.004664 -0.046917823
60889 57120.0 2549.2549 -1961.0683000000001 6064.487700000001 3.8068323 -5.6285633 -3.4294540000000002
60889 57540.0 3819.5621 -4031.7372000000005 4028.4087999999997 2.1311158999999997 -4.0515264 -6.0918432000000005
60889 57960.0 4273.849700000001 -5240.8551 1130.0412 -0.0080635832 -1.6004924 -7.4589239
60889 58380.0 3811.9295 -5326.376 -2011.0783000000001 -2.1519353999999997 1.2014889000000002 -7.2243903000000005
60889 58800.0 2531.3701 -4267.9793 -4719.0883 -3.834206 3.7459725 -5.4344981
60889 59220.0 707.65464 -2293.9784 -6412.5055 -4.6913917000000005 5.4828266 -2.4785618
60889 59640.0 -1266.6403 172.55282 -6717.1168 -4.5488327 6.052968 1.0149095
60889 60060.0 -2972.067 2604.4389 -5582.6273 -3.4234829 5.3155779 4.2893787
60889 60480.0 -4038.3344 4476.217 -3244.2778 -1.5608971 3.4343268 6.6412954
60889 60900.0 -4236.0932 5385.3398 -206.11091000000002 0.63560133 0.81655564 7.5601853000000006
60889 61320.0 -3524.7426 5138.8013 2876.8284 2.6882446 -1.9667613 6.8525111
60889 61740.0 -2060.3721 3794.6036000000004 5344.272900000001 4.1570219 -4.3158061 4.6855012
60889 62160.0 -158.12504 1644.2384 6674.0993 4.7373849 -5.7381657 1.5347963
60889 62580.0 1777.7288999999998 -854.0307 6588.8763 4.3151779 -5.9442813 -1.9327952000000002
60889 63000.0 3337.8952999999997 -3171.7467 5107.7614 2.9797498 -4.8931830000000005 -4.9942263
60889 63420.0 4190.7477 -4817.2249 2541.8462000000004 1.0063105 -2.7988774 -7.004366500000001
60889 63840.0 4151.6112 -5437.1941 -565.9448000000001 -1.1908463999999999 -0.097862138 -7.525709300000001
60889 64260.0 3225.2717000000002 -4895.112400000001 -3552.1392 -3.1407112 2.6332996 -6.4337429
60889 64680.0 1607.9288000000001 -3304.2309 -5774.983 -4.4204654 4.8043503 -3.9567884
60889 65100.0 -354.23909000000003 -1004.6802 -6755.528 -4.7526424 5.9460734 -0.6267419
60889 65520.0 -2240.4582 1510.6286000000002 -6281.9147 -4.0645176 5.8118224000000005 2.8407506
60889 65940.0 -3645.0841 3701.0279 -4455.0545999999995 -2.5015872 4.427753399999999 5.6999433
60889 66360.0 -4265.8652999999995 5095.5733 -1667.3734 -0.4007612 2.0917609 7.3306566
60889 66780.0 -3970.28 5395.5793 1479.7792 1.7812197 -0.68755471 7.381025
60889 67200.0 -2824.8515 4540.7383 4309.7986 3.5724806 -3.3067177 5.851417499999999
60889 67620.0 -1077.7639 2719.0222000000003 6220.5617999999995 4.5954474 -5.209303 3.0849659000000003
60889 68040.0 897.80544 321.23896 6810.6078 4.6426072000000005 -6.0027922 -0.32451325000000003
60889 68460.0 2683.7218 -2144.4523 5957.9056 3.7085124 -5.5272081 -3.6634741
60889 68880.0 3901.7315 -4156.252 3841.5791000000004 1.9855866000000002 -3.8786712000000003 -6.233756400000001
60889 69300.0 4290.7655 -5284.898 907.40409 -0.1683008 -1.3964165000000002 -7.4851882
60889 69720.0 3764.1077999999998 -5285.6094 -2220.4257000000002 -2.2951680000000003 1.3947279000000001 -7.137072900000001
60889 70140.0 2431.4867999999997 -4154.5351 -4871.2626 -3.9352031000000003 3.8936773 -5.2542041
60889 70560.0 577.42494 -2132.4584 -6474.338400000001 -4.7323958 5.5594533 -2.2393121000000002
60889 70980.0 -1400.458 347.14847 -6684.0483 -4.5140531 6.0326428 1.2596384
60889 71400.0 -3077.3862000000004 2751.9554 -5454.2173 -3.325323 5.2097748 4.4907702
60889 71820.0 -4092.6407999999997 4565.0878 -3048.2543 -1.4206275000000002 3.2660213 6.7559076
60889 72240.0 -4227.884400000001 5396.6543 15.123673 0.78752104 0.62239016 7.5635039
60889 72660.0 -3456.0656000000004 5070.504400000001 3075.6663 2.8190303 -2.1447599 6.7447792
60889 73080.0 -1946.1514 3661.6615 5478.4095 4.2392189 -4.4400962 4.4908223
60889 73500.0 -22.745214 1475.1163000000001 6715.2586 4.7542329 -5.7832037000000005 1.2946583
60889 73920.0 1905.6247 -1023.5321 6528.3631 4.263294 -5.9010267 -2.1682458000000002
60889 74340.0 3431.1535 -3305.7572999999998 4958.0729 2.8695296 -4.770331100000001 -5.1757872
60889 74760.0 4229.259400000001 -4887.0741 2334.321 0.86045668 -2.6215686999999996 -7.092983
60889 75180.0 4126.7413 -5427.585400000001 -787.22295 -1.3413092999999998 0.096333586 -7.501213300000001
60889 75600.0 3142.0244 -4807.7644 -3739.7172 -3.2630597 2.802455 -6.3006191
60889 76020.0 1484.0576 -3157.7217 -5888.4682999999995 -4.4879779 4.9117032 -3.7435923
60889 76440.0 -492.13390000000004 -830.43403 -6770.510700000001 -4.7507353000000005 5.9684245 -0.37951597
60889 76860.0 -2362.8792000000003 1675.3113 -6195.384599999999 -3.9935902000000003 5.7442078 3.0684267
60889 77280.0 -3725.6877999999997 3820.7024 -4285.7383 -2.3770351 4.2849384 5.859039200000001
60889 77700.0 -4287.504 5144.710599999999 -1452.0155 -0.24975396000000002 1.9049468 7.3868289
60889 78120.0 -3928.6653 5364.0813 1694.6870000000001 1.9258894 -0.87762496 7.3229339
60889 78540.0 -2729.3191 4435.9756 4478.3314 3.6800455000000003 -3.4593684 5.6928453
60889 78960.0 -948.9254000000001 2563.7549 6307.1713 4.6437955 -5.2930522 2.8605120000000004
