CIC_AEM_VERS = 1.0
CREATION_DATE = 2025-06-18T11:32:44.534Z
ORIGINATOR = CS Group

META_START
OBJECT_NAME = PLEIADES1B
OBJECT_ID = PLEIADES1B
CENTER_NAME = null
REF_FRAME_A = EME2000
REF_FRAME_B = SC_BODY_1
ATTITUDE_DIR = A2B
TIME_SYSTEM = UTC
START_TIME = 2025-06-18T05:12:04.52592
STOP_TIME = 2025-07-18T22:00:00.0
ATTITUDE_TYPE = QUATERNION
QUATERNION_TYPE = LAST
META_STOP

60844 18724.52592 0.4025192451550775 -0.6397281672597709 -0.5534649164456295 0.34986099462225534
60844 19144.52592 -0.25122120409642656 0.7128659038484748 0.46246740754211957 -0.4635018950380998
60844 19564.52592 -0.08750522780197403 0.7507806467425825 0.34857279654124845 -0.5542276257058355
60844 19984.52592 0.08054124728784515 0.751581232322347 0.2174103997638847 -0.617552812948535
60844 20404.52592 0.24463649070837404 0.7152027646501269 0.0754593244909658 -0.650341358978555
60844 20824.52592 0.3966811070422044 0.6434093747180086 -0.07026781526494508 -0.6509461651923636
60844 21244.52592 0.5291965170171342 0.5396701608884081 -0.21261105992386486 -0.6192767564035199
60844 21664.52592 0.6354927391760055 0.40917598914212894 -0.3443952668269884 -0.5568804975497933
60844 22084.52592 0.7102850429458438 0.25843546486905467 -0.45906602999415425 -0.4668668422267133
60844 22504.52592 -0.7498836040342766 -0.09490949463754712 0.5509683625188253 0.35369567672157665
60844 22924.52592 -0.7523022652336987 0.07353671421115342 0.6156286388391039 0.22278921075398803
60844 23344.52592 -0.7172489397988795 0.2385841336252303 0.6497237017791975 0.08056476206145077
60844 23764.52592 -0.6464823495876093 0.39166035053865134 0.6514296409558351 -0.06559088634693609
60844 24184.52592 -0.5436596738339969 0.5251008606930297 0.6207372226766074 -0.20829917313778173
60844 24604.52592 0.4140620616325405 -0.6323206366983619 -0.5593089729739084 0.3404360355086698
60844 25024.52592 -0.2642618982377069 0.7081374285014655 0.47034392896715216 -0.4555036991934073
60844 25444.52592 -0.1017101077858791 0.748990673151602 0.3583471681784894 -0.5479555936064094
60844 25864.52592 0.06564256652759325 0.7530318920481908 0.22886133623951838 -0.6133975153134015
60844 26284.52592 0.22972957780584008 0.7201348727141527 0.08817524065864701 -0.648733545546175
60844 26704.52592 0.3826574890917846 0.651855696245892 -0.05693304609406983 -0.6522392395250416
60844 27124.52592 0.5169907510231035 0.5513852910500406 -0.1994424816489865 -0.6236325205470952
60844 27544.52592 0.6260497477948022 0.42349535745174754 -0.33234379398172853 -0.5641462559520463
60844 27964.52592 0.704286695547415 0.27437423627711593 -0.44899898591834475 -0.4765489897025805
60844 28384.52592 -0.7476149433691713 -0.11140539426041811 0.5434752165835615 0.36509645785770417
60844 28804.52592 -0.753723067295931 0.05722966015142519 0.6109338647693593 0.23534255183230277
60844 29224.52592 -0.7222825612588254 0.22290603480265206 0.6479179028117049 0.09393185064732881
60844 29644.52592 -0.6548905148801583 0.37745060334062686 0.6526354078277292 -0.052119861927402
60844 30064.52592 -0.5549949089900111 0.5131188052463035 0.6248922716964341 -0.195446646100273
60844 30484.52592 0.42770240226362466 -0.6231846910160732 -0.5661707188695895 0.3288802412365603
60844 30904.52592 0.27946464014401223 -0.7022829392553603 -0.47951541416461985 0.445828616980295
60844 31324.52592 -0.11768645214701001 0.746652691044145 0.3693248193931085 -0.5406096888863849
60844 31744.52592 0.049681521292356735 0.7542594853900989 0.2410792263170659 -0.6086913682479036
60844 32164.52592 0.21452958712292125 0.7248170943805242 0.1010412849145421 -0.6468445676400641
60844 32584.52592 0.3689056051518268 0.6597471917793144 -0.044011808683890055 -0.6532268045045655
60844 33004.52592 0.5053070603677903 0.562124394145087 -0.18705022799518203 -0.6274497210585336
60844 33424.52592 0.6169885806342147 0.43660176810322404 -0.32105702078608517 -0.5706368169510964
60844 33844.52592 0.6983103134610537 0.2892572620814104 -0.4393633935395151 -0.48544077997685003
60844 34264.52592 -0.7450644304317221 -0.12736693197998097 0.5359879096083288 0.37599683495629915
60844 34684.52592 -0.7547849834276472 0.04097730048139978 0.6060103742629146 0.2477335583305291
60844 35104.52592 -0.7269187789410894 0.2073100679342918 0.6458657835909614 0.10709348319252891
60844 35524.52592 -0.6629051131305885 0.36320698816449287 0.6535552439143097 -0.03876903256346135
60844 35944.52592 -0.5660067489564515 0.5009577564249367 0.6287616298744613 -0.1825828557424091
60844 36364.52592 0.4410227841691771 -0.6138386793266457 -0.5727347222695206 0.317294685604789
60844 36784.52592 0.29424978001614444 -0.6962225109436624 -0.4883104179597097 0.43616994156838235
60844 37204.52592 -0.13310148440149117 0.74406267825472 0.37979223560745656 -0.5333034628153308
60844 37624.52592 0.034466057506028595 0.755112090603354 0.2525883697189932 -0.6040007756512603
60844 38044.52592 0.20020921162237704 0.7289091589673883 0.11300612502930138 -0.6448544992948897
60844 38464.52592 0.35604346100225936 0.6667850637220909 -0.03210585754415736 -0.653911268128952
60844 38884.52592 0.49436964541346806 0.5717767123536487 -0.17565448086312127 -0.630726207047497
60844 39304.52592 0.6084106017614249 0.4484865405785339 -0.3106168821027783 -0.5763796623207212
60844 39724.52592 0.6924726351343281 0.3029711664925757 -0.430292980524776 -0.49349576773803455
60844 40144.52592 -0.7423428537489317 -0.14237675938264632 0.5287485978502909 0.3861099145929039
60844 40564.52592 -0.7554722752126707 0.025354240456966867 0.6010608448964864 0.2595085058493517
60844 40984.52592 -0.7311411940540113 0.19190030873770794 0.6435957098876254 0.11996411162464589
60844 41404.52592 -0.670508093607167 0.34898338365778564 0.6541979030943909 -0.025585111392124483
60844 41824.52592 -0.5766011988445672 0.4887337394887793 0.632318885352881 -0.16983290789011418
60844 42244.52592 -0.4541017338915751 0.6042294415989973 0.5790501973917572 -0.30561293507015724
60844 42664.52592 0.30916628027406656 -0.6897283569994561 -0.4970782825031482 0.4261504262065785
60844 43084.52592 -0.14910609313985013 0.7410215952982134 0.39057480040469567 -0.5254576039787543
60844 43504.52592 0.018191846393737096 0.7556804913901641 0.26483474354463266 -0.5987308329030295
60844 43924.52592 0.18448940951206677 0.7330489825415745 0.12609018206202163 -0.6424205110052275
60844 44344.52592 0.3416627735121259 0.6742721438956341 -0.018848137757477696 -0.6544221671562342
60844 44764.52592 0.4820346188196453 0.5822190236400914 -0.16288440635294826 -0.634139026506038
60844 45184.52592 0.5987210040206619 0.46134433901616795 -0.2989679243196823 -0.5825055711580847
60844 45604.52592 0.6858773291247766 0.31761433254413923 -0.42031441324782987 -0.5020251180681464
60844 46024.52592 -0.7391522069676074 -0.15809302922090135 0.5209146443689335 0.39662140931707407
60844 46444.52592 -0.7558378578449351 0.009320285863452417 0.5957448761533222 0.27149642254892836
60844 46864.52592 -0.7350538916063093 0.17631928968645613 0.6410589367809126 0.13285602768489477
60844 47284.52592 -0.6777981050812885 0.33460872329773794 0.654578363116138 -0.012405546399489653
60844 47704.52592 -0.5869116242182661 0.47630558079235297 0.6356140571846114 -0.15704301758707218
60844 48124.52592 -0.46693678256248483 0.5943646028390257 0.5851122080295288 -0.2938442852890138
60844 48544.52592 0.32389298379914844 -0.6829300270383025 -0.5056156627285956 0.4159960514460095
60844 48964.52592 -0.16498321828670146 0.7376391832780442 0.40116163400268423 -0.5174343594901278
60844 49384.52592 0.0019665438009419246 0.7558863177528597 0.27693390138250346 -0.5932449929030734
60844 49804.52592 0.16872513447266194 0.7368283632356617 0.13908923786633315 -0.6397421168239594
60844 50224.52592 0.3271397044396493 0.6814287717246558 -0.00560137211441381 -0.6546778348740712
60844 50644.52592 0.4694659879732795 0.5923893693836294 -0.1500479560108784 -0.6373085061997025
60844 51064.52592 0.5887175249999754 0.47402609525367595 -0.2871656298682218 -0.5884274278097883
60844 51484.52592 0.6789244423078873 0.33219190571891277 -0.41011399844207636 -0.5104083146791536
60844 51904.52592 -0.7355924781754446 -0.17385723807946699 0.5128143693342232 0.4070611617723196
60844 52324.52592 -0.7558537056769226 -0.006861999312563068 0.5901457795809113 0.2834890604992318
60844 52744.52592 -0.7386577746184898 0.16051297808060894 0.6382456202618623 0.14581770838929378
60844 53164.52592 -0.6848271102675784 0.31996145612322147 0.6547027633509116 8.872985664637982E-4
60844 53584.52592 -0.5970212970467211 0.46356216656611815 0.6386808236873567 -0.14409196388146314
60844 54004.52592 -0.47963089221528377 0.5841601275405361 0.5909776603773489 -0.2818803958410555
60844 54424.52592 0.33853499371520523 -0.6757784365238221 -0.5139909634414022 0.4056240282086894
60844 54844.52592 -0.18081039580609573 0.7339051621743633 0.41160432587849616 -0.5091882683451902
60844 55264.52592 -0.014232778781666736 0.7557412997933624 0.2888935938626587 -0.5875312819075326
60844 55684.52592 0.15294294734506952 0.7402536314843982 0.15197227053417925 -0.6368182196830194
60844 56104.52592 0.312526868442734 0.6882427490139791 0.007583096064973976 -0.654668902259095
60844 56524.52592 0.4567164926168841 0.6022627668883396 -0.13718797114183967 -0.6402101729633162
60844 56944.52592 0.5784312426357558 0.4865128850075028 -0.27522324443913143 -0.5941167191595688
60844 57364.52592 0.6716428795904849 0.34665453415869363 -0.3997167005138393 -0.5186068217570515
60844 57784.52592 -0.731670081388524 -0.18963053230855367 0.5044540687138419 0.41740297767904805
60844 58204.52592 -0.7555134868104411 -0.023222244072114418 0.584236141497182 0.2955135015464936
60844 58624.52592 -0.7419740499251546 0.1443434881845119 0.6351118217609708 0.15897308110448422
60844 59044.52592 -0.6917008651937334 0.30479090207157655 0.6545540808692247 0.014538718034254279
60844 59464.52592 -0.6071598968856984 0.4501865462219391 0.6415784230893337 -0.13063713193695806
60844 59884.52592 -0.49252606527254733 0.5733197338313035 0.5968020857478539 -0.26935075324520064
60844 60304.52592 0.3535045963648169 -0.6680592865499864 -0.5224419425400779 0.39469698083241156
60844 60724.52592 -0.19702938456303856 0.7297087807975258 0.42220298467194056 -0.5004489550191947
60844 61144.52592 -0.030802198229887348 0.7552403443087135 0.3010246570939731 -0.5814184403113808
60844 61564.52592 0.13684343745857303 0.7433933444053386 0.16500678241709907 -0.6335715988542443
60844 61984.52592 0.29767678487819565 0.6947920674637436 0.020862809782868672 -0.6543831124822836
60844 62404.52592 0.4437913824144937 0.6118489831470999 -0.12428931538258742 -0.642839168687021
60844 62824.52592 0.5679920604412535 0.49865751529293467 -0.2632892061503381 -0.5995035409756149
60844 63244.52592 0.664123942947376 0.36083994950201587 -0.38924269966167335 -0.5265206928578453
60844 63664.52592 -0.7274670964335137 -0.20514443820783926 0.4959778116881261 0.42744987237340554
60844 64084.52592 -0.7548550420643376 -0.03907312121105441 0.578274296328001 0.3070276777022368
60844 64504.52592 -0.7447900393076274 0.12901225372028283 0.6319046985425026 0.17128948507735392
60844 64924.52592 -0.6977574004951721 0.29065600828667987 0.6541563932532563 0.02707596844001186
60844 65344.52592 -0.616141618698604 0.4378130423508868 0.6439491760372975 -0.11840060952465752
60844 65764.52592 -0.5040628614018654 0.5632029625112602 0.6018392611876237 -0.2579002878382249
60844 66184.52592 0.3671496616163296 -0.6606610069788573 -0.5299753083418817 0.3845183121525219
60844 66604.52592 -0.21225174000922892 0.7254305914983104 0.43198939840016315 -0.49202115345920977
60844 67024.52592 -0.04699126341328692 0.7544102086726816 0.31273725818284015 -0.5751977621284212
60844 67444.52592 0.120534913568747 0.7462173813301961 0.17808972104683174 -0.6300119091486611
60844 67864.52592 0.2821633992830643 0.7012448406280634 0.03462705677457287 -0.6537893059210119
60844 68284.52592 0.4299954341547979 0.6216342827746064 -0.11063937962460371 -0.645316722828109
60844 68704.52592 0.5567610710530693 0.5111804306435016 -0.2506015249167932 -0.6049054081394389
60844 69124.52592 0.6560608583944424 0.3753175303696577 -0.37823957451856116 -0.5344677031851282
60844 69544.52592 -0.7228933157513191 -0.22074665004388994 0.4871842266303963 0.4374330804351755
60844 69964.52592 -0.753856533316896 -0.055180900002313786 0.5719579789037428 0.31862119486737256
60844 70384.52592 -0.7473596741863497 0.11324550428920875 0.6283511919215277 0.18385796901182044
60844 70804.52592 -0.7037518290622785 0.27585743202758434 0.6534732352930424 0.040109488182827294
60844 71224.52592 -0.6252479943162798 0.4247277984237656 0.6461634608394327 -0.10556526287362634
60844 71644.52592 -0.5158087173951683 0.552479589201438 0.6068256318235035 -0.24590714332236796
60844 72064.52592 0.38093442330709704 -0.6528182861173513 -0.5374686179870267 0.3739581997090169
60844 72484.52592 -0.2273802297632571 0.7208365932667993 0.44160197844169713 -0.48340514018440306
60844 72904.52592 -0.06271675493006727 0.7532698626920491 0.32398544321495004 -0.5689328213381223
60844 73324.52592 0.10495769075413082 0.748572894814711 0.19043448468799168 -0.6263842361856681
60844 73744.52592 0.2674715230042653 0.7069874805356899 0.047486413481712515 -0.6529722255059706
60844 74164.52592 0.41689402113436885 0.6305063288393342 -0.09787767673390826 -0.6473647386389949
60844 74584.52592 0.545880306920972 0.522797248938225 -0.23853419287484676 -0.6097533647697521
60844 75004.52592 0.6479637371694823 0.38914412383017927 -0.36746971400564327 -0.5419186797762289
60844 75424.52592 -0.7180294817565247 -0.23610774070072682 0.47827855978637274 0.4471425022946578
60844 75844.52592 -0.7525101448652044 -0.07129730178095042 0.565396796193709 0.330108526832608
60844 76264.52592 -0.7496436168638279 0.09704964231787037 0.624450432176264 0.19666589022036626
60844 76684.52592 -0.7095703992779177 0.2605574810440861 0.6525032192762743 0.05347145382945287
60844 77104.52592 -0.6343031403960262 0.41110284530350355 0.6481732503999111 -0.09233316919242343
60844 77524.52592 -0.5276286825815558 0.5412165457895189 0.6117028796438484 -0.23347850204320067
60844 77944.52592 0.39490620293249185 -0.644471267927326 -0.5449492345679151 0.36295482838148
60844 78364.52592 -0.242780880536734 0.7158023739003946 0.45128518202060386 -0.4743691495586517
60844 78784.52592 -0.07876283107322936 0.7517663165247481 0.33536439308665206 -0.5622940028399411
60844 79204.52592 0.08902893332924203 0.7506401498531752 0.20295673846944748 -0.6224321463167728
60844 79624.52592 0.25240253216925834 0.7125151116828594 0.06056306636760068 -0.6518798143601798
60844 80044.52592 0.40338869099144686 0.6392418940750497 -0.08485776330088458 -0.6491891287191437
60844 80464.52592 0.5345797332942305 0.5343578334471948 -0.22617739165802253 -0.6144347012396539
60844 80884.52592 0.6394475466764155 0.4029946424060927 -0.3563893895820592 -0.5492620105512726
60844 81304.52592 0.712757021486511 0.25158577789458814 -0.4690428135761535 -0.45681600641332387
60844 81724.52592 -0.7507846966671294 -0.08763931696121145 0.5584943994187814 0.3416514235165331
60844 82144.52592 -0.7515848626920792 0.0806868797231671 0.620261461292414 0.2094887616271258
60844 82564.52592 -0.7150900548497704 0.2450224905009286 0.651255235675167 0.06690897256241027
60844 82984.52592 -0.6431128934334035 0.397194324217554 0.6499272437027376 -0.07897501504931001
60844 83404.52592 -0.5392606547538232 0.5296370921275062 0.6163540794684704 -0.22088491483071357
60844 83824.52592 0.4087463224577244 -0.6357871973362031 -0.5522377231598048 0.3517592652652332
60844 84244.52592 -0.2581076425883334 0.7104191847464497 0.4608134778902492 -0.46511930230466203
60844 84664.52592 -0.09479749363054833 0.7499111195201308 0.3466297837117294 -0.5554228488866749
60844 85084.52592 0.07305677597473301 0.7523610273108841 0.21540451529684362 -0.618236594563619
60844 85504.52592 0.23723327795459612 0.717708797962675 0.07360429378482997 -0.6505358261420551
60844 85924.52592 0.3897221942425428 0.6476663887145994 -0.0718270960966144 -0.6507578109485087
60844 86344.52592 0.5230647676352327 0.5456370394223492 -0.21376456970783603 -0.6188603871688165
60845 364.52592 0.6306813341705635 0.4165808877551662 -0.3452265343709869 -0.5563452692817233
60845 784.52592 0.7072165193670973 0.26675709259835667 -0.459734930568001 -0.4661858448069772
60845 1204.52592 -0.7487363094428252 -0.10366449621881992 0.5514882769482138 0.35285732461481706
60845 1624.52592 -0.7531374412302948 0.06457667433075683 0.6158997378007375 0.2219940556106096
60845 2044.52592 -0.7201859090144057 0.22961175076831758 0.6497640798611425 0.0801083072371707
60845 2464.52592 -0.6515216277203619 0.3832478485467828 0.6513987755356524 -0.06572891622052718
60845 2884.52592 -0.550581286621547 0.5178594995121184 0.620734631876288 -0.20825537778561495
60845 3304.52592 0.42242095386191136 -0.626782628134216 -0.5593215197646013 0.3403872975534998
60845 3724.52592 -0.27344456724053035 0.7046521669333141 0.47024742914464635 -0.45558835330336817
60845 4144.52592 -0.11097619135192073 0.7476798774868266 0.3579046161376717 -0.5482366017529764
60845 4564.52592 0.056857746294966115 0.7537501795249916 0.22793481012148925 -0.613737391631943
60845 4984.52592 0.2217994867243485 0.7226212134228001 0.08676614074950117 -0.6489184898117893
60845 5404.52592 0.3757861221955865 0.6558451112191063 -0.058668834869758935 -0.6520812436117349
60845 5824.52592 0.5112842957373668 0.5566832887180945 -0.20123579443865502 -0.6230539623748452
60845 6244.52592 0.6216233001241087 0.42996399647624267 -0.3339301570199827 -0.5632105154465775
60845 6664.52592 0.7012947982434579 0.2819223342121672 -0.45016342526639946 -0.4754558801628746
60845 7084.52592 -0.7462935078795171 -0.11990270000409207 0.544137273911195 0.3641208175442691
60845 7504.52592 -0.7543579442130626 0.048070684520274236 0.6111821056434059 0.2347120257542991
60845 7924.52592 -0.7250601828760701 0.213684789668884 0.6479638811891447 0.09364481056729426
60845 8344.52592 -0.6598295221715145 0.36874247565592744 0.6526420267798563 -0.05208044929462367
60845 8764.52592 -0.5618810985040427 0.5055647877099991 0.624961367924621 -0.19523617793180761
60845 9184.52592 0.4361075971062208 -0.6173288030821046 -0.566294075867869 0.3286735953319198
60845 9604.52592 0.2887888605130315 -0.6984973855634454 -0.479575331997905 0.4457688833282508
60845 10024.52592 -0.1271718333498221 0.7450914907952974 0.3690773369504602 -0.5407845361106798
60845 10444.52592 0.041053303952908224 0.7547734760254485 0.24002202128366842 -0.6091149771774735
60845 10864.52592 0.20728744410061178 0.7269166647390767 0.0989723232057059 -0.647169651082402
60845 11284.52592 0.36320417680222106 0.662896593234328 -0.0469960080684798 -0.65302542665456
60845 11704.52592 0.500950738239586 0.5659979961289108 -0.19049126790510346 -0.626424539020605
60845 12124.52592 0.6137155249907967 0.4411675714522391 -0.3243510627943182 -0.5687889031516002
60845 12544.52592 0.6960030583287475 0.29471999775847924 -0.4419700864469267 -0.4830965828945266
60845 12964.52592 -0.7438888557468132 -0.13396231113379076 0.5376303005352155 0.373680517872961
60845 13384.52592 -0.7551500282489331 0.033208752256773943 0.6067477643693369 0.24597309617516191
60845 13804.52592 -0.7293062301643276 0.1986874379738878 0.646030161546058 0.10621089872345287
60845 14224.52592 -0.6675950461912338 0.3544801539310086 0.6535689963457786 -0.038836088700389106
60845 14644.52592 -0.5729261334273955 0.493004924702567 0.6289133346375393 -0.1821258009455031
60845 15064.52592 0.44981251356710594 -0.6074031017109593 -0.5731335361388196 0.31661984211884225
60845 15484.52592 0.3042245891324924 -0.6918984494739535 -0.48883815039077805 0.4356158832104588
60845 15904.52592 -0.1433657256249639 0.742131054957817 0.380128980845009 -0.533094479342039
60845 16324.52592 0.024717631239155425 0.7554728453308878 0.2524116333324223 -0.6041011389097329
60845 16744.52592 0.19162248725395123 0.7311922620767205 0.1120676592654439 -0.645042276137388
60845 17164.52592 0.3488716150171213 0.6705418205605325 -0.03374991838993583 -0.6538525874563661
60845 17584.52592 0.4886285023464769 0.5766618632485089 -0.17771376860169158 -0.6301754506633701
60845 18004.52592 0.604157621516789 0.45416014428241724 -0.31284652456110434 -0.5752036020215697
60845 18424.52592 0.689688665003283 0.3091955820941838 -0.432385557037524 -0.4917015023820634
60845 18844.52592 -0.7410029695467767 -0.1490746795389594 0.5303860617004161 0.3839035876325429
60845 19264.52592 -0.7556534673901693 0.018307707327732237 0.6020949832004262 0.25716589252561295
60845 19684.52592 -0.7329828082070874 0.1846517778809731 0.6440184176724133 0.11781426695001232
60845 20104.52592 -0.6741644570585601 0.3418181124743856 0.6541543951772312 -0.02728901049316566
60845 20524.52592 -0.5820995750192294 0.482137279811873 0.6320220151662942 -0.17103186990493058
60845 20944.52592 -0.46128784108041426 0.5987329515092713 0.5786818701152848 -0.3063652618170734
60845 21364.52592 0.317656847303578 -0.685831868729088 -0.49672154466719803 0.4266104572794146
60845 21784.52592 -0.15827996067560715 0.7390883950148648 0.3901525970988325 -0.5258105641577732
60845 22204.52592 0.008986922420214816 0.7558189769413792 0.26421051880763047 -0.5990406589473727
60845 22624.52592 0.17588491088636465 0.7351340055687339 0.12511128195056553 -0.6426427149728304
60845 23044.52592 0.3341501503122399 0.6779979662280858 -0.02025665375262637 -0.6544097361864607
60845 23464.52592 0.47590227215358566 0.5872104880203101 -0.16465515086290802 -0.6337109367939904
60845 23884.52592 0.593938021823498 0.4674503066200645 -0.30071327045868435 -0.5816350797907911
60845 24304.52592 0.6824810231633459 0.324803102190349 -0.42169333526508956 -0.5008965250652504
60845 24724.52592 -0.7373883933842047 -0.16603918521657393 0.5219107192642073 0.3953461108851272
60845 25144.52592 -0.7558759435326132 9.93447656003871E-4 0.596366643205568 0.2701803063181313
60845 25564.52592 -0.7369677393700076 0.16805910054373144 0.6413471850053852 0.1315616894766881
60845 25984.52592 -0.6815309273711151 0.3268963282060933 0.6545745126156877 -0.013659907612315166
60845 26404.52592 -0.5923117452370515 0.4695447964454832 0.635349575750561 -0.15819417555267376
60845 26824.52592 -0.4737306143531198 0.588942974230481 0.5846138265745826 -0.2948765028058264
60845 27244.52592 0.3316679132351958 -0.6791714586771823 -0.5048690070337194 0.4169290236782578
60845 27664.52592 -0.17323183845654694 0.7357325826292942 0.40010787830432665 -0.5182682536306885
60845 28084.52592 -0.0063158596885096304 0.7558515673438996 0.2755733918381357 -0.5938920977509221
60845 28504.52592 0.16081373494303816 0.7385849373931118 0.1374669794399848 -0.6401047277386179
60845 28924.52592 0.3199407842776464 0.6848283150727835 -0.00738167612852678 -0.6546705921972595
60845 29344.52592 0.46325793210458666 0.5972494521847109 -0.15183959515755732 -0.6368908207453097
60845 29764.52592 0.5837209137191427 0.4801617434595389 -0.2887939207632171 -0.5876331052068068
60845 30184.52592 0.6753863314738132 0.3393228666147007 -0.4114939646152798 -0.5092995312543742
60845 30604.52592 -0.7336829310345482 -0.18173570276622006 0.5138365164424976 0.40577521538268124
60845 31024.52592 -0.7557293589184096 -0.01519015146382102 0.5907746537461277 0.2821838121835105
60845 31444.52592 -0.7404327251249756 0.15210447260512708 0.6385190944916802 0.14462702011395778
60845 31864.52592 -0.6885245168665355 0.3119198438160451 0.6547060308353237 -1.1787847175964315E-4
60845 32284.52592 -0.6025271153779962 0.45637898549680184 0.6384994195926088 -0.1449061351740584
60845 32704.52592 -0.4867247854362233 0.5782628848769977 0.5906840409699095 -0.28249492554602235
60845 33124.52592 0.34699033658910033 -0.6714797169113791 -0.5137058070489088 0.4059791126334289
60845 33544.52592 -0.19000115895615305 0.7315855964800773 0.4112401256855762 -0.5094738792561596
60845 33964.52592 -0.023332497244777553 0.7555220433500114 0.28818056534153147 -0.5878724337336981
60845 34384.52592 0.14447445478768484 0.7419605071920334 0.15081147911299025 -0.6370852654463873
60845 34804.52592 0.3050439347451621 0.6916014547592381 0.006021266561572872 -0.6546750109780344
60845 35224.52592 0.4504214445544419 0.6069989221846956 -0.13898096100352125 -0.6398102243873923
60845 35644.52592 0.573434638680189 0.49240976955203725 -0.27700002851758593 -0.5932759208097758
60845 36064.52592 0.6680447609465604 0.35356496310558183 -0.40122077211703244 -0.5174262326726522
60845 36484.52592 -0.7296297112100631 -0.19738450152940323 0.5055346789588816 0.4160703443475026
60845 36904.52592 -0.7552251921910613 -0.03154004426268485 0.5848763461766041 0.2942104593160947
60845 37324.52592 -0.743589763875525 0.1358522895374106 0.635380743353006 0.1578281643534069
60845 37744.52592 -0.6952615015141336 0.2966145222628902 0.6545582023279136 0.013595199899961845
60845 38164.52592 -0.6125416216550734 0.4428581908108906 0.6414042662090238 -0.13141518885098943
60845 38584.52592 -0.4994836883231997 0.5672857630896783 0.5965017085233387 -0.26997892477664204
60845 39004.52592 0.36154042901439626 -0.6637633254221749 -0.5219562490165095 0.39530803195128467
60845 39424.52592 -0.20565090686926138 0.7273442933731259 0.4214786406872426 -0.5010326724334777
60845 39844.52592 -0.03959854621789444 0.7548478138016327 0.3000864445653737 -0.5818804507151256
60845 40264.52592 0.1283718898135243 0.7449207908425373 0.16382795840875009 -0.6338565084621709
60845 40684.52592 0.28990056590098545 0.6980924661298201 0.019517007414193942 -0.65440328318604
60845 41104.52592 0.43701653517927486 0.6167298108619156 -0.1256877131126489 -0.6425445409826778
60845 41524.52592 0.5624745748097244 0.5049018506994664 -0.26460187083639347 -0.5989009298730084
60845 41944.52592 0.6601089182435581 0.3681730280978851 -0.39037066526020386 -0.525657284873766
60845 42364.52592 -0.7251255378037651 -0.21333773473500342 0.4967964263988633 0.42646603156670804
60845 42784.52592 -0.7543580406854549 -0.04799206138770858 0.5786878344891987 0.30620434143095016
60845 43204.52592 -0.7463557666521338 0.11973622411699146 0.6320179427168378 0.17079117747497133
60845 43624.52592 -0.7014737864859916 0.28161829133243643 0.6541431205256879 0.026878294754687594
60845 44044.52592 -0.6218612462684395 0.42968130318995407 0.6439192980182555 -0.11845043570254637
60845 44464.52592 -0.5114220406266053 0.5565491346901763 0.6017934085881476 -0.2579636610392901
60845 44884.52592 0.3757389359503679 -0.6558286822496974 -0.5298847152496468 0.384618226419799
60845 45304.52592 -0.22148322679955895 0.722677497871358 0.43173626591122594 -0.4922257723990889
60845 45724.52592 -0.05627350697181007 0.753784768454428 0.31219816038291853 -0.5754773009534949
60845 46144.52592 0.11169905232163754 0.74760074100121 0.17720795848822202 -0.6302489930284112
60845 46564.52592 0.27414744397931023 0.7044280919874805 0.033440726988171604 -0.6538393992082393
60845 46984.52592 0.42305870503644194 0.6263870855124248 -0.11199570314525126 -0.6450717120391652
60845 47404.52592 0.5510959358583993 0.5172943739217629 -0.2519318872342249 -0.6043427209653875
60845 47824.52592 0.6518478939354065 0.3825975771333951 -0.3793614361158152 -0.5336649866084312
60845 48244.52592 -0.7203279794311283 -0.22899383737607087 0.48797028278919985 0.4365483107367133
60845 48664.52592 -0.7531722366985875 -0.06389862937241683 0.5724828418138527 0.3176664018424182
60845 49084.52592 -0.7486539028007674 0.10438203290542908 0.6285990719601009 0.18298888424876797
60845 49504.52592 -0.7070002203001661 0.2674374804400092 0.6535181888282422 0.03926651782460666
60845 49924.52592 -0.630324538153095 0.4171665111774291 0.6460320435989495 -0.10632815806504202
60845 50344.52592 -0.5224869795661864 0.5461720674895904 0.6065556743379661 -0.24656366886945294
60845 50764.52592 0.3888879149286417 -0.6481105882774172 -0.5370909670507951 0.374502534167121
60845 51184.52592 -0.23620618768826937 0.7179882842902229 0.44113817291505175 -0.4838352745686552
60845 51604.52592 -0.07194547018839974 0.7524369259366452 0.32343979367577447 -0.5692532140211015
60845 52024.52592 0.0958304597507526 0.7497875939953353 0.18978926829641915 -0.6265900737437159
60845 52444.52592 0.25892471550832474 0.7101536709934265 0.04672888341918395 -0.6530361144131995
60845 52864.52592 0.4093481611573505 0.6354195206204042 -0.0987338356593443 -0.6472462788364449
60845 53284.52592 0.5397073987022396 0.5291491357962461 -0.2394675566759136 -0.6094033189701348
60845 53704.52592 0.643408074044134 0.3966054851778236 -0.3683857969446356 -0.5413151060067942
60845 54124.52592 -0.7152605390017729 -0.2443216314712621 0.4790825268517055 0.44630621125803177
60845 54544.52592 -0.7516292105414403 -0.07989753250804002 0.5660053692935803 0.32910155893100185
60845 54964.52592 -0.7506917761918477 0.08843523927453725 0.6248115757899181 0.1955800612825949
60845 55384.52592 -0.7125201307711996 0.2523313711186516 0.652609563705856 0.052389882179924074
60845 55804.52592 -0.6390595294247174 0.40364158775141024 0.6480500003749294 -0.09331443351932978
60845 56224.52592 -0.534013078334834 0.5348968010658103 0.611407444331746 -0.23429976823001827
60845 56644.52592 0.40263965836407417 -0.6396447963994829 -0.544546936042037 0.3635993322308989
60845 57064.52592 -0.25149936052532196 0.7127598769438964 0.45083008101907984 -0.47484067593520835
60845 57484.52592 -0.0880269005414378 0.7507121704152797 0.33488605534692495 -0.5626133947086792
60845 57904.52592 0.07975333382019642 0.7516565638140464 0.20242752015016446 -0.6226354590815393
60845 58324.52592 0.24364605681281615 0.7155302422907132 0.059936686501054194 -0.6519667667743761
60845 58744.52592 0.3956268433260329 0.6440441080388333 -0.08560890163185503 -0.6491207158161952
60845 59164.52592 0.5282139402056494 0.5406149244101037 -0.22705931809706387 -0.6141413542033926
60845 59584.52592 0.6347152085502921 0.4103572776045489 -0.35731209138751113 -0.5486998980319071
60845 60004.52592 0.7098183167294169 0.2596747318343519 -0.46990760302572887 -0.4559756961733692
60845 60424.52592 -0.7497201296905671 -0.09608080155632343 0.5591956923758261 0.34057067451172884
60845 60844.52592 -0.7524082506916796 0.07228262273613287 0.6207227980448059 0.2082312530070823
60845 61264.52592 -0.7177624159389407 0.23698198731915598 0.6514228868186657 0.06561154228178392
60845 61684.52592 -0.64754940375512 0.38986306260288534 0.6498124194625091 -0.08018966034700184
60845 62104.52592 -0.5453102831508113 0.5233668205729819 0.6160143072315405 -0.22192394981018898
60845 62524.52592 0.41617220794281456 -0.630919419733886 -0.5517535735313671 0.35257534405290675
60845 62944.52592 -0.266585055553429 0.7072535327369616 0.4602654285692793 -0.46570439535245994
60845 63364.52592 -0.10392568744073843 0.7486753760505681 0.34608332069535946 -0.5557975961822643
60845 63784.52592 0.06378721158677217 0.7531801692421255 0.21486050530684767 -0.618454353657304
60845 64204.52592 0.22836535941180724 0.7205558418905396 0.07302634922539229 -0.6506271541035948
60845 64624.52592 0.3817703267498552 0.6523596145126989 -0.07248093211258022 -0.6507110460459721
60845 65044.52592 0.5164535749208464 0.5518671250145523 -0.2145166295622303 -0.6186283188804981
60845 65464.52592 0.6256805548051819 0.42400925711161713 -0.3460066206413703 -0.5558951445143887
60845 65884.52592 0.704000273184499 0.27505952058953476 -0.46042830121241496 -0.4655444714867266
60845 66304.52592 -0.7474449864925223 -0.11242097911962524 0.5520465652509555 0.352039920201673
60845 66724.52592 -0.7538133256207504 0.055780789106557566 0.616270939981883 0.22105226128017916
60845 67144.52592 -0.7227881096278871 0.22119479001247871 0.6499174899979191 0.07910416959102583
60845 67564.52592 -0.6559278057356401 0.3756066377788321 0.6513259942665808 -0.06672942763099075
60845 67984.52592 -0.5565894234490234 0.5113618190809686 0.6204493137235565 -0.20918879700130766
60845 68404.52592 0.4297536205467699 -0.6217514864631265 -0.5588548716824483 0.34120103620099085
60845 68824.52592 -0.2817561546835392 0.7013507828271188 0.46963893944881147 -0.4562453454876319
60845 69244.52592 -0.1198906137537046 0.7462883359200757 0.35721621564517664 -0.5487044155859718
60845 69664.52592 0.04778383994490612 0.7543690915185962 0.22720890125412277 -0.6140196198757999
60845 70084.52592 0.21304981145083635 0.725238958397845 0.08602239064986482 -0.6490287970264909
60845 70504.52592 0.36783526107017817 0.6603273094844813 -0.05942108094310946 -0.6520231592527771
60845 70924.52592 0.5045507908669995 0.5627822846114765 -0.2019913685934414 -0.6228194654767308
60845 71344.52592 0.6164222582164471 0.43737596475447427 -0.3346365401392938 -0.5628003651687083
60845 71764.52592 0.6978684429116224 0.29028718917284096 -0.4507701699936606 -0.47488865856548435
60845 72184.52592 -0.7447962633389679 -0.1288558389184643 0.5445845249947345 0.36345893031976667
60845 72604.52592 -0.7548815081544051 0.038920940934609766 0.6114439971493986 0.23404125139227414
60845 73024.52592 -0.7276277071284144 0.20475876834036827 0.6480544945015712 0.09304374650182029
60845 73444.52592 -0.6643737612642934 0.3604849551965429 0.6526061852307503 -0.05256680910089372
60845 73864.52592 -0.5682297763013354 0.4984141226112848 0.6248540656661783 -0.19559059365573966
60845 74284.52592 0.44394205164156847 -0.6117145854940246 -0.5661444372800508 0.32893950327530314
60845 74704.52592 0.297683002505286 -0.6947483978071503 -0.4793798298365407 0.4459870766173891
60845 75124.52592 -0.13665921565718842 0.7434059529961928 0.36882582609976916 -0.5409615123348491
60845 75544.52592 0.03108665719813905 0.7552477987009157 0.2400077031020329 -0.6091228814889103
60845 75964.52592 0.19724033556527026 0.7297060997851942 0.09933825538717164 -0.6471144944899726
60845 76384.52592 0.3536115486793398 0.6680637330596645 -0.04621823534006317 -0.6530800838588134
60845 76804.52592 0.4924924906676715 0.5733777085355416 -0.18946677591924985 -0.6267307961264148
60845 77224.52592 0.6070310634775867 0.4503322548672853 -0.323327129453114 -0.5693625519464955
60845 77644.52592 0.6915505450710162 0.30504594221935205 -0.4411591182944343 -0.4838217120935825
60845 78064.52592 -0.741895720755342 -0.14465147214450505 0.5371825038326052 0.37430154782938313
60845 78484.52592 -0.7555461754962284 0.02282492151761911 0.606604142485195 0.2462933494240928
60845 78904.52592 -0.7318498020000032 0.18914972349533354 0.6460327999783497 0.10611253821452293
60845 79324.52592 -0.6719689480082534 0.34614357017495306 0.6535255846152447 -0.039327750921215494
60845 79744.52592 -0.5788363896454791 0.48607105154020913 0.6286887963033514 -0.18284902044972945
60845 80164.52592 -0.45711535762472033 0.6019426379603608 0.5727572480671683 -0.317269199916207
60845 80584.52592 0.31281673931671716 -0.6880712831542121 -0.4884929026444413 0.4359796795353901
60845 81004.52592 -0.1528650699154422 0.7402459109224468 0.3799096787976551 -0.533232498745347
60845 81424.52592 0.01488225333669954 0.7557436350359459 0.25229182857627275 -0.6041348441133965
60845 81844.52592 0.18204050312586184 0.7336505834005299 0.11199010549391115 -0.6450397607661159
60845 82264.52592 0.34005582663249123 0.6750715427754598 -0.03380772774601444 -0.6538329178411753
60845 82684.52592 0.481018840784702 0.5830440281305661 -0.17774850247278579 -0.6301476064701883
60845 83104.52592 0.5979552290549442 0.46232163672803406 -0.31263090845328045 -0.5753000637394692
60845 83524.52592 0.6853127344693484 0.3188176398265184 -0.43198760050341306 -0.49202487896537955
60845 83944.52592 -0.738846585991086 -0.15949419663250933 0.5300337752755013 0.3843585834569935
60845 84364.52592 -0.755850771999697 0.0077881270762867865 0.6018917655278849 0.25759514384753335
60845 84784.52592 -0.7354213745587622 0.174758083904113 0.64396602166322 0.11799481724003409
60845 85204.52592 -0.678513664059252 0.33314050962160935 0.6541248313791616 -0.027519329699802628
60845 85624.52592 -0.587895998903763 0.47507999931294287 0.6318116996373172 -0.17173020971036307
60845 86044.52592 -0.4681847373532089 0.5933763316305836 0.5781606273690161 -0.307307451472307
60846 64.52592 0.32531742776336875 -0.6822482548253527 -0.4958505030758519 0.42759580047120516
60846 484.52592 -0.16635393213048108 0.737327576217734 0.3889523186188728 -0.5266787526135943
60846 904.52592 0.0010404767873562616 0.7558842961226852 0.2626023157660152 -0.5997314999543494
60846 1324.52592 0.16866501087687885 0.7368366975803645 0.12294518594806239 -0.6430460920159309
60846 1744.52592 0.3277629973905396 0.6811222076793841 -0.022727524922553123 -0.6543144621345501
60846 2164.52592 0.47046720830915845 0.5915890527319568 -0.1671550382368289 -0.6330420142340768
60846 2584.52592 0.5896963457477747 0.47280728585600373 -0.30311716851432396 -0.580371839776069
60846 3004.52592 0.6796054407576653 0.3307984019988037 -0.4238815837551284 -0.49903232869310316
60846 3424.52592 -0.7358675801292687 -0.17268837415874597 0.5235440617326079 0.3931656716571609
60846 3844.52592 -0.7558583568667371 -0.006266947030032522 0.5973216608848204 0.26804048792568375
60846 4264.52592 -0.7386886885222954 0.16036523858346868 0.6416980713324973 0.1297905888399906
60846 4684.52592 -0.6852001196033795 0.31915530059719993 0.6545376265676968 -0.014872309953454047
60846 5104.52592 -0.5979233720062971 0.46239267454899285 0.6351553784273148 -0.15892860342588824
60846 5524.52592 -0.4810025862672607 0.5830304509690226 0.5843719125615964 -0.29533281743850687
60846 5944.52592 0.34010113110595436 -0.6749950968953908 -0.5045557371830317 0.41729647477940657
60846 6364.52592 -0.18215604776923952 0.7335765529382161 0.39956968932383125 -0.518679745714089
60846 6784.52592 -0.015045677362273985 0.755728234230511 0.274611290903939 -0.594337532457455
60846 7204.52592 0.1528595071549115 0.7402718126614232 0.13592736243079184 -0.6404337331792701
60846 7624.52592 0.3131246813517811 0.6879709413124424 -0.009502742564970584 -0.6546438846592562
60846 8044.52592 0.45771409330730567 0.6015050370038998 -0.15434441545887578 -0.636291836081107
60846 8464.52592 0.5794683105672088 0.4852751174212545 -0.291372368212132 -0.5863673596838642
60846 8884.52592 0.6724031137945424 0.34517459557403213 -0.413786967573551 -0.5074533442554024
60846 9304.52592 -0.7320262061483866 -0.1882489564719255 0.5155843250799603 0.4035749839014711
60846 9724.52592 -0.7555433817806506 -0.022241617621842843 0.591869574289139 0.2799105495043286
60846 10144.52592 -0.741895754303046 0.14474552304069027 0.6389998006012603 0.14254360083266077
60846 10564.52592 -0.6917685838558945 0.30463276135875844 0.6547149762616521 -0.0018457940438650396
60846 10984.52592 -0.607544629950752 0.44966184221939637 0.6382045548232075 -0.14624874861951495
60846 11404.52592 -0.49322451190172995 0.5727155621966689 0.5901602783063628 -0.283614723853347
60846 11824.52592 0.35434895753429346 -0.667614177355016 -0.5128220848014221 0.40711378732348014
60846 12244.52592 -0.19773620025345776 0.7295227582360545 0.40992001145959156 -0.5105511967765345
60846 12664.52592 -0.031180574128598454 0.7552290323136565 0.2865371721690629 -0.588687803095109
60846 13084.52592 0.13698103578704343 0.7433705444797903 0.14883711678620135 -0.6375609320694764
60846 13504.52592 0.2983612179052914 0.694499814473059 0.003690949243348321 -0.6547037255435781
60846 13924.52592 0.44476294461462446 0.6111422723691491 -0.141496120352723 -0.6392729416660219
60846 14344.52592 0.569034883244544 0.49746410571647043 -0.2795840126897985 -0.5920823802671814
60846 14764.52592 0.6650013110123243 0.35921268200108886 -0.4036763603683756 -0.5155433071248389
60846 15184.52592 -0.7279636281115518 -0.20336428387558414 0.5076281539897944 0.41355239265098037
60846 15604.52592 -0.7549254380902473 -0.03764751504163131 0.5863979731524959 0.2912175554771436
60846 16024.52592 -0.744658446024619 0.12975494043150734 0.6361887256707308 0.15463298330972988
60846 16444.52592 -0.6977359662173191 0.2906962054972866 0.6546374140354423 0.010492554562744939
60846 16864.52592 -0.616452581260471 0.4373641818380069 0.6408543161176914 -0.13418097113897803
60846 17284.52592 -0.5047286408646113 0.562595636213901 0.5954602257412094 -0.27232750276875484
60846 17704.52592 0.36799701039458826 -0.6601781085615333 -0.5206064660950784 0.3971296674598304
60846 18124.52592 -0.21293329944583136 0.7252187589652774 0.4198953793204923 -0.5023992755341858
60846 18544.52592 -0.047196093201001876 0.7543845729924029 0.29826076157614895 -0.5828524366609852
60846 18964.52592 0.12098421781493202 0.7461302495648994 0.16172527832412834 -0.6344268311436027
60846 19384.52592 0.2832304499951916 0.7007976777110972 0.017088723211744917 -0.654500651374196
60846 19804.52592 0.43135544601326703 0.620671019436777 -0.12833422519701568 -0.642051626794208
60846 20224.52592 0.558069619198183 0.5097284647605481 -0.26736130474285513 -0.5977065543116018
60846 20644.52592 0.6570430481485695 0.37356726496480014 -0.39302586531785016 -0.523710416754823
60846 21064.52592 -0.7233989226369864 -0.21904192896973682 0.49909279774994786 0.4238171909148966
60846 21484.52592 -0.7539420954558714 -0.05383012925807768 0.580385154167785 0.3030292175769604
60846 21904.52592 -0.7472528249353072 0.1138623037857097 0.6329521520975312 0.1673922476039963
60846 22324.52592 -0.7037421277798593 0.27584213214484776 0.6542951094928005 0.023580615247800203
60846 22744.52592 -0.6255655145748674 0.4242317346901027 0.6433998597264599 -0.12137480282364783
60846 23164.52592 -0.5165237767874711 0.551788819666471 0.6007734080416897 -0.2603912415851634
60846 23584.52592 0.38192839424600555 -0.6522183675139589 -0.5284500150596756 0.3866296475045891
60846 24004.52592 -0.2283442259008431 0.7205150001866361 0.4299124589396655 -0.4938545602221843
60846 24424.52592 -0.06335274271857645 0.7531998622135362 0.3099904904412045 -0.5766994827356493
60846 24844.52592 0.1048743939705051 0.7485664455707347 0.17460529920662346 -0.6310012896531044
60846 25264.52592 0.267979110025791 0.706774629904319 0.030484032060109804 -0.6540088247896629
60846 25684.52592 0.4178481689549232 0.6298508367389527 -0.11520446895109451 -0.6445298763393016
60846 26104.52592 0.5468794210837563 0.5217255925831792 -0.2550480099316993 -0.603055401657846
60846 26524.52592 0.6487661743028424 0.3877748636899129 -0.3821765818746934 -0.5316711073937523
60846 26944.52592 -0.7184712886149162 -0.23471266848224184 0.49028167559750524 0.4339733278247291
60846 27364.52592 -0.7526088887749617 -0.07007942102775384 0.5740860544966878 0.3147918952542427
60846 27784.52592 -0.74951849620459 0.09787957459569138 0.6294416582338291 0.18012443366746222
60846 28204.52592 -0.709427806900523 0.2608915658987135 0.653685586813625 0.036646026133242464
60846 28624.52592 -0.6343521433040278 0.4109917582667031 0.6456714017409171 -0.108589013700048
60846 29044.52592 -0.5279827216890579 0.5408452282119384 0.6057953689064814 -0.2484605717808181
60846 29464.52592 0.395514040295646 -0.6440779700760428 -0.5359796418262198 0.37610907452436615
60846 29884.52592 -0.24341038132467532 0.715571911874147 0.43959435712012807 -0.4852473867918252
60846 30304.52592 -0.07919971286085262 0.7517048559273695 0.32138502321990303 -0.5704199171732289
60846 30724.52592 0.08899754175102852 0.7506271159888664 0.1871871349864438 -0.6273749650727846
60846 31144.52592 0.25285016975936986 0.7123373632566568 0.04365092260105038 -0.6532510003951688
60846 31564.52592 0.40423507820372134 0.6386856194195648 -0.10210583807731674 -0.6467217940713046
60846 31984.52592 0.5355411225886261 0.5333707802312195 -0.24274411103050403 -0.6081008250052492
60846 32404.52592 0.6402837893177399 0.4016375413368543 -0.37129847094513524 -0.5393156775021539
60846 32824.52592 -0.7132712807639094 -0.25008356695727413 0.481378590065237 0.4438208451640633
60846 33244.52592 -0.7509563381728586 -0.08603408943736683 0.5676603003119659 0.3262276767265819
60846 33664.52592 -0.7514119614339471 0.08213927631221368 0.6257472508896598 0.19254501163345544
60846 34084.52592 -0.7146931193155877 0.2461254794886721 0.6528348216235973 0.04942356953025788
60846 34504.52592 -0.6426793010047792 0.39786132567023275 0.6476447604029036 -0.09605178769080218
60846 34924.52592 -0.5389618110733916 0.5299176704070011 0.6104689301277547 -0.23671737186691916
60846 35344.52592 0.4086656738047169 -0.6358230204338888 -0.5431502266007789 0.3656628024335888
60846 35764.52592 -0.25817976017092836 0.7103811077787934 0.44898052292262847 -0.47656938968546775
60846 36184.52592 -0.09497540548369716 0.7498783841056637 0.33263048492784447 -0.5639317706078928
60846 36604.52592 0.07293140514100059 0.7523628170012607 0.19982184454914492 -0.6234600485829577
60846 37024.52592 0.23730137788608807 0.717674169214566 0.05707963071599608 -0.6522068373245348
60846 37444.52592 0.39004342028423983 0.6474592600609516 -0.08857178539873008 -0.6487046135843173
60846 37864.52592 0.5235669321300516 0.5451390905099853 -0.22990445711659044 -0.6130619709097913
60846 38284.52592 0.6310484211587392 0.41600507873246495 -0.3596675560581336 -0.5471351878110451
60846 38704.52592 0.707376177286428 0.26630463679539285 -0.4716587203191008 -0.45413526154204537
60846 39124.52592 -0.748759688751538 -0.10342466124667392 0.5603428422541183 0.33864164995063295
60846 39544.52592 -0.7531247913412821 0.06459585171128719 0.621328270878084 0.20635310614694957
60846 39964.52592 -0.7202188720995267 0.22946745209338867 0.6515816920006438 0.0638025340486741
60846 40384.52592 -0.6516276366048672 0.3830415417605087 0.6495717457328832 -0.08195820669110535
60846 40804.52592 -0.550723679676474 0.517689963420832 0.6153585569047743 -0.22368365354002934
60846 41224.52592 0.42257306178843146 -0.6266687411048786 -0.5506498711127692 0.354264048156552
60846 41644.52592 -0.27350990918328655 0.7046219614925918 0.4586446119777282 -0.46727437428633095
60846 42064.52592 -0.11092794457662285 0.7476867728417265 0.34390784518289674 -0.5571237518282514
60846 42484.52592 0.05749319869816519 0.7537029258700086 0.2118295623141929 -0.6194793524954797
60846 42904.52592 0.22307758403799577 0.7222273524078355 0.06918513019480424 -0.6510280030026874
60846 43324.52592 0.3775523008147616 0.6548288072811497 -0.07688056467437285 -0.650186797835496
60846 43744.52592 0.5130702798914644 0.555036350025294 -0.21889723855967735 -0.6170717437977868
60846 44164.52592 0.6231479624992983 0.42775141853980636 -0.3500204897332512 -0.5533543146457355
60846 44584.52592 0.7023434242748293 0.2793051825848684 -0.4637570706724257 -0.46220310336525344
60846 45004.52592 -0.7467439178128703 -0.11708435275803211 0.5544801605185138 0.3481616393861924
60846 45424.52592 -0.7541783473317211 0.050829037811547025 0.6177138581115647 0.21693551767304528
60846 45844.52592 -0.7243269889865726 0.21615455034965245 0.6503828498147254 0.07503180695985841
60846 46264.52592 -0.6586907086420414 0.37076968649243136 0.6509066833319369 -0.07054700220964101
60846 46684.52592 -0.5605095359222597 0.5070807024090732 0.619262672509179 -0.2126310509340616
60846 47104.52592 0.434619968434924 -0.6183721229897802 -0.5569926504906996 0.3442100925976506
60846 47524.52592 -0.2872177098057139 0.6991407169793115 0.46714019685690633 -0.45879001898047667
60846 47944.52592 -0.12557491206096613 0.7453587137925375 0.354125546977652 -0.5506963103310148
60846 48364.52592 0.042227576256115715 0.7547044653775331 0.223603950408857 -0.6153367168504569
60846 48784.52592 0.20792320439753414 0.7267292742314684 0.08202299960737625 -0.6495419390489522
60846 49204.52592 0.36335370568488445 0.6628070469837004 -0.06362710204687212 -0.6516229699135275
60846 49624.52592 0.5008516476377591 0.5660774756309108 -0.20614812479771263 -0.6214554443274789
60846 50044.52592 0.6135747842949852 0.4413572775441249 -0.3384365496933376 -0.5605269301896829
60846 50464.52592 0.6959959031056328 0.2947413605991543 -0.45401317224814375 -0.4717936759193697
60846 50884.52592 -0.7439620660787013 -0.1335734178395624 0.5470824056616926 0.3596935191214641
60846 51304.52592 -0.7551085897335873 0.03416898826719459 0.6130575840963609 0.2297909844473509
60846 51724.52592 -0.728896188459002 0.2001848128603094 0.6486893886819471 0.08853510129583503
60846 52144.52592 -0.6666283768040779 0.35629249418761316 0.652229218911272 -0.05709038293374894
60846 52564.52592 -0.5713792707854125 0.49479491662791963 0.6234965304494174 -0.19988945923544632
60846 52984.52592 0.44783771229574654 -0.6088590113121297 -0.5638867266256447 0.3328120300186631
60846 53404.52592 0.3021530784202916 -0.6928038592602809 -0.4763517515982032 0.4492386209405039
60846 53824.52592 -0.1415258320935633 0.7424805614713907 0.3652153261881312 -0.543425082421349
60846 54244.52592 0.026048729243332607 0.755422639962934 0.23601767977015872 -0.6106993970622124
60846 54664.52592 0.19230085836585117 0.7310069579960135 0.09515572255437817 -0.6477612181184712
60846 55084.52592 0.34904570663111056 0.6704411643128495 -0.050413542933941596 -0.6527895637692649
60846 55504.52592 0.4885616244299481 0.5767054697968288 -0.19349712321725543 -0.6255215452304065
60846 55924.52592 0.6038931991913997 0.45449957067671365 -0.32694073853182337 -0.5673208066987543
60846 56344.52592 0.6894396536194797 0.3097371427833139 -0.44427882198334545 -0.48099084683034415
60846 56764.52592 -0.7408846938315725 -0.1496272257815212 0.5396326064826379 0.3708075157973167
60846 57184.52592 -0.7556564566485732 0.01782740314593013 0.6082464503851378 0.24228445847036023
60846 57604.52592 -0.7330473864704284 0.18435375935861834 0.6467553792180303 0.10179734796035181
60846 58024.52592 -0.6741868369496816 0.34175148596157856 0.653274405845142 -0.04371019783200575
60846 58444.52592 -0.5819805083568337 0.482267326656592 0.6274778928075039 -0.18705188470069023
60846 58864.52592 -0.46095388354652206 0.598979059024031 0.5706119483183382 -0.3211660139716157
60846 59284.52592 0.3171324513315845 -0.686063141323922 -0.4854912626091923 0.43936614384736655
60846 59704.52592 -0.15764556335356936 0.7392144276478434 0.3763264230494162 -0.5358062426167122
60846 60124.52592 0.009596761188526828 0.755801775649719 0.2485438654530173 -0.6057206658560486
60846 60544.52592 0.17633518940939735 0.7350148201728168 0.10847560882406163 -0.6456718651083713
60846 60964.52592 0.334360783627677 0.6778796023793646 -0.036961007524483704 -0.6536941142251896
60846 61384.52592 0.4758881799380075 0.5872037713209673 -0.18058064934480367 -0.629374928181869
60846 61804.52592 0.5938936587280198 0.46748159381923904 -0.3152525302460934 -0.5739051522127209
60846 62224.52592 0.6825557798407926 0.3246074634606505 -0.43433748485287604 -0.48999852175618597
60846 62644.52592 -0.7374544679464103 -0.1656722350219732 0.5319179731535232 0.38180739658229335
60846 63064.52592 -0.7558586100406934 0.0014200992925603054 0.6031528943100664 0.2547201033109482
60846 63484.52592 -0.7368829540561024 0.1683486459297285 0.6445274440897473 0.11509395835714727
60846 63904.52592 -0.6815080138269709 0.32690148590779616 0.6540429829379039 -0.030166572072093976
60846 64324.52592 -0.592480856053232 0.4693038233983365 0.6312491592926132 -0.17391048112894614
60846 64744.52592 -0.4741848417933079 0.5885588283666279 0.5772590173598573 -0.30906191651817894
60846 65164.52592 0.332435378422739 -0.6787821989104064 -0.4947067281347659 0.42896001999426303
60846 65584.52592 -0.17415588116736042 0.7355023043887273 0.3875981089075211 -0.5277061637549874
60846 66004.52592 -0.007335250516660726 0.7558311737699845 0.2613355715870078 -0.600307546080038
60846 66424.52592 0.15979556157515926 0.7387936068202028 0.12217619225610392 -0.6432125333575789
60846 66844.52592 0.31902108616783154 0.6852423247668796 -0.023011390844874188 -0.6543232983928997
60846 67264.52592 0.46251094155582034 0.5978092345932693 -0.16707081689545805 -0.6330837939151833
60846 67684.52592 0.5831888841870261 0.4807824211807213 -0.3028981530732693 -0.5805098601308141
60846 68104.52592 0.6750453723920096 0.3399650686009017 -0.423735370859617 -0.4991851688760197
60846 68524.52592 -0.7335134650153258 -0.18235328085731548 0.5235860339626048 0.39314493846556575
60846 68944.52592 -0.7557023477496955 -0.015746941137948542 0.5975224878169435 0.2676431803791138
60846 69364.52592 -0.740514910926749 0.15161990397265632 0.641898741816641 0.12889948280999697
60846 69784.52592 -0.6886952382212664 0.31150028341286184 0.6545250076270281 -0.016231348554528645
60846 70204.52592 -0.602786562534729 0.45600782865365513 0.634759994040345 -0.1605769915026595
60846 70624.52592 -0.48708077182343634 0.577941591648747 0.5835829193272911 -0.29692897236853694
60846 71044.52592 0.34721653093876453 -0.6713466499664313 -0.5034699632651478 0.41863152331315256
60846 71464.52592 -0.19017418092104113 0.7315275296359809 0.39840274695158046 -0.5195926342021462
60846 71884.52592 -0.023687689956608162 0.7554991240885703 0.2735531218476924 -0.5948349824727057
60846 72304.52592 0.14386935312610472 0.7420652837052533 0.135220029971487 -0.6405905614704516
60846 72724.52592 0.30426678335471613 0.6919285973347463 -0.00976233151826573 -0.6546458871944986
60846 73144.52592 0.44960885270342255 0.6075832810165037 -0.15423310617251418 -0.636322705205708
60846 73564.52592 0.5727366765116281 0.49320100626973906 -0.2910597023982591 -0.5865234150763022
60846 73984.52592 0.6675545160987669 0.3544639177712688 -0.4134613222650162 -0.5077164898102569
60846 74404.52592 -0.7294078049084809 -0.19816579390301728 0.5154423117700704 0.40374966935281054
60846 74824.52592 -0.7551930341861212 -0.03208665949810778 0.5919189767934047 0.2797960905925267
60846 75244.52592 -0.7436307321559665 0.13557168093070537 0.639118564391576 0.1419898382732192
60846 75664.52592 -0.6952781979393945 0.29654659568364267 0.6547061568335814 -0.0028622129187660804
60846 76084.52592 -0.6125011174337586 0.44289397118805796 0.6378884400290331 -0.1475996256939541
60846 76504.52592 -0.49940868601826577 0.5673365022980612 0.5894808999600164 -0.28501320332932
60846 76924.52592 0.36157472879901237 -0.6637329768520291 -0.5118536869951233 0.40832346741592346
60846 77344.52592 -0.20587050401326087 0.7272723530608108 0.4088699062490321 -0.5113879738658554
60846 77764.52592 -0.039921025493635715 0.754821311409702 0.28556822884564154 -0.5891535336728768
60846 78184.52592 0.12788885150452195 0.7449934860436147 0.1481962124025622 -0.6377045005666585
60846 78604.52592 0.2893168487960406 0.6983221476008784 0.0035412996431690522 -0.6546979443756207
60846 79024.52592 0.4364225207728154 0.617135373538687 -0.14125461936440328 -0.6393171721436741
60846 79444.52592 0.5619672363034706 0.5054494073706428 -0.2790472949578702 -0.5923228250597816
60846 79864.52592 0.6597443779591828 0.36880742596208704 -0.40301414400023505 -0.5160407329293184
60846 80284.52592 -0.7249570586340931 -0.2138888590375498 0.5070884613755078 0.4141860831269435
60846 80704.52592 -0.7543275063641435 -0.04839736195285632 0.5860800312080845 0.29181827481771594
60846 81124.52592 -0.7463893240497886 0.11949372995002817 0.636084138466246 0.1549877228646932
60846 81544.52592 -0.7015124358701423 0.28150390413913284 0.654619369112329 0.010456378768087948
60846 81964.52592 -0.6218876178438222 0.42963011268371654 0.6407418893743225 -0.1346238769644401
60846 82384.52592 -0.511505232502863 0.5564642701735882 0.5951391439473528 -0.27298225672006576
60846 82804.52592 0.37573848178251434 -0.6558222861383327 -0.5200138723907093 0.3978734658572762
60846 83224.52592 -0.22139971058721072 0.7226965054614082 0.4191209688774234 -0.5030204196581071
60846 83644.52592 -0.056026510368455525 0.7537965146527228 0.29738227783344057 -0.5832800574886262
60846 84064.52592 0.11239128794732947 0.7474891991661954 0.16065163662643409 -0.6346803503911779
60846 84484.52592 0.2750527572396703 0.70406530881924 0.016078269962345498 -0.6545070747418558
60846 84904.52592 0.4239848490408489 0.6257493963474764 -0.12919923944268155 -0.641858315582193
60846 85324.52592 0.5518272551368592 0.5165043988967649 -0.2679552795692579 -0.5974193289134294
60846 85744.52592 0.6523013897539949 0.3818191886940983 -0.3933311420784009 -0.5234573685996675
60846 86164.52592 -0.7205056965370129 -0.22842916462194912 0.499163448752707 0.42370686734715085
60847 184.52592 -0.7531718101061369 -0.06387743010065365 0.5803275225928278 0.3031037197172814
60847 604.52592 -0.748734931410478 0.10377980711990378 0.632886399068014 0.1675725514355641
60847 1024.52592 -0.707395711707167 0.26637800476503737 0.6542712751322658 0.023731080306370337
60847 1444.52592 -0.6311085515086905 0.41597072334485335 0.6433776359735016 -0.12139016048144283
60847 1864.52592 -0.5234954845208125 0.5452007176349736 0.6006257392305481 -0.2606863566633034
60847 2284.52592 0.38984062441531175 -0.6475360580569715 -0.5280385062097921 0.3871649222634326
60847 2704.52592 -0.2367494667183908 0.7178083413385605 0.4291588432252927 -0.49449323796678035
60847 3124.52592 -0.0718717544793403 0.7524430932151768 0.30890840829861976 -0.577268947426805
60847 3544.52592 0.0966659059507834 0.7496778004446462 0.17320761908832963 -0.631377873255742
60847 3964.52592 0.2604927985114913 0.7095757449270432 0.02878522229176739 -0.654077346429684
60847 4384.52592 0.411202379670477 0.6342172472394997 -0.11691591742913199 -0.644214059539989
60847 4804.52592 0.5414877051684184 0.5273264323683512 -0.2567914524433573 -0.602308931387488
60847 5224.52592 0.6448312800030627 0.3942873917167273 -0.3838303883180882 -0.5304755470956388
60847 5644.52592 -0.7161097847292578 -0.24182116871258003 0.4916988050809994 0.4323674174350044
60847 6064.52592 -0.7518712460377028 -0.0775876354739116 0.5750906162598377 0.3129545834352958
60847 6484.52592 -0.7504750356641678 0.09025558848613047 0.6299822822980393 0.17822310058587143
60847 6904.52592 -0.7120976594979519 0.2535159371226284 0.6537850307770997 0.03480986202444848
60847 7324.52592 -0.6386642867295316 0.40426059406223097 0.6453844433546053 -0.11027339307637592
60847 7744.52592 -0.5337533219790838 0.5351532436351096 0.6051801641387579 -0.24995072721658498
60847 8164.52592 0.40245486493016525 -0.639765847062461 -0.5350833196086292 0.3773798930826915
60847 8584.52592 -0.2511609623798876 0.7128883365328741 0.43846151689750856 -0.4862714147590172
60847 9004.52592 -0.08731720072725586 0.7508030257372703 0.3200326160783868 -0.5711826744982202
60847 9424.52592 0.08097293940896005 0.7515320760710217 0.18562881953895063 -0.6278414314748818
60847 9844.52592 0.24534531570019974 0.71495395587966 0.041915921837866035 -0.6533678692225968
60847 10264.52592 0.3975367661145396 0.642871011835097 -0.10387346213391685 -0.6464454235228416
60847 10684.52592 0.5298549736048779 0.5390082749742326 -0.24432668318652176 -0.6074769611586508
60847 11104.52592 0.6359519034768414 0.4084380588976908 -0.3726685458143474 -0.5383880417214782
60847 11524.52592 -0.7105524604461472 -0.257659447875538 0.48251946643348664 0.44260792399949506
60847 11944.52592 -0.7499797373242542 -0.0940436522329071 0.568495550147188 0.32480608759779234
60847 12364.52592 -0.752195107956898 0.07448426892892558 0.6263414732943671 0.19065930892373395
60847 12784.52592 -0.7169361376469189 0.2394697067570721 0.6530390795792843 0.046869975718376665
60847 13204.52592 -0.6460805862511835 0.39228763799139027 0.6472149212312732 -0.09901076145581329
60847 13624.52592 -0.5432268151605454 0.5255231623013136 0.609268287660597 -0.23983783443502363
60847 14044.52592 0.41359542487894985 -0.6326066874337231 -0.5411759622724481 0.36861386489363446
60847 14464.52592 -0.26371348739407413 0.7083268699586952 0.44641388938004845 -0.479001963701143
60847 14884.52592 -0.10100431891083338 0.749072896651043 0.32972407331476106 -0.5656588711766982
60847 15304.52592 0.06654379504280886 0.7529376136604461 0.1968794141129948 -0.6244160228366479
60847 15724.52592 0.23080211884003235 0.7197729370628537 0.0543568052042384 -0.6524589172805084
60847 16144.52592 0.383803748647031 0.6511568036766232 -0.09092488443265535 -0.648399695358533
60847 16564.52592 0.5180668983440658 0.5503421683941658 -0.23187735861210731 -0.6123422875242563
60847 16984.52592 0.6268981562237126 0.42219277222186624 -0.36152328536298933 -0.5459421937781285
60847 17404.52592 0.7048090181722848 0.27296070820275536 -0.4733953335951019 -0.4523644082052128
60847 17824.52592 -0.7477915126951091 -0.11005406488922043 0.5618379510410935 0.3362054031577504
60847 18244.52592 -0.7536104937543672 0.05838334951071423 0.6223736427866504 0.20325761232407383
60847 18664.52592 -0.7219020740735574 0.22404460717694363 0.6519607932623268 0.06007107034157637
60847 19084.52592 -0.6543178845743813 0.3783845814103218 0.6490819236939417 -0.08594108918796714
60847 19504.52592 -0.5542797692621436 0.5138481442010211 0.6139566342829132 -0.2275769612853387
60847 19924.52592 0.4267224175374461 -0.6238226396876904 -0.548325954042828 0.3578993443792571
60847 20344.52592 -0.2780581787040003 0.7028121333647478 0.4554918399370174 -0.4703891348680332
60847 20764.52592 -0.11571753958036794 0.7469330181969837 0.3401127298583636 -0.5594853423896842
60847 21184.52592 0.05215528971019561 0.7540642747062037 0.2080156254758858 -0.6208030242556236
60847 21604.52592 0.21734553584019523 0.7239451821181522 0.06571865733905993 -0.6514179529425063
60847 22024.52592 0.37176071067865835 0.6581038883203513 -0.07977097748577082 -0.6498690924519324
60847 22444.52592 0.5078457416599035 0.5597865196004761 -0.22131166581299383 -0.6162409445392006
60847 22864.52592 0.6189238523073782 0.4338015598370249 -0.35195644745600135 -0.5521558935863221
60847 23284.52592 0.699470944179727 0.28636816273419086 -0.4652288353848444 -0.4607556883501567
60847 23704.52592 -0.7454816961543757 -0.12474762069453631 0.5555299457244051 0.3465278505882127
60847 24124.52592 -0.7546404358077011 0.043090849204902776 0.6183801866676432 0.2150975036946133
60847 24544.52592 -0.7264434369884072 0.20886205301980193 0.6506417563255139 0.07295122062360586
60847 24964.52592 -0.6622332534630053 0.36436407710088736 0.65067309112243 -0.0728729429582992
60847 25384.52592 -0.5652155675180738 0.5018015621545883 0.6184498912858906 -0.2150494976113794
60847 25804.52592 0.4402143265978367 -0.6143800227911033 -0.5555735664075359 0.3465350582010829
60847 26224.52592 -0.2933789271442853 0.6965593358623127 0.465123958123053 -0.4608618017482754
60847 26644.52592 -0.1320451576896898 0.7442238765577351 0.3516176228773098 -0.5523223200036297
60847 27064.52592 0.035809748167894846 0.7550219293899273 0.2206774389824634 -0.6164097792869648
60847 27484.52592 0.20183839162420647 0.7284282282977443 0.07883925739696925 -0.6499522685387421
60847 27904.52592 0.35784380433894714 0.6657838223665663 -0.06686365845105605 -0.6513132616105204
60847 28324.52592 0.4961306135027116 0.5702078554547416 -0.20922043530365428 -0.6204387361976014
60847 28744.52592 0.6098731219896772 0.4464491732756623 -0.34118740902009514 -0.558864082476407
60847 29164.52592 0.6934562430709933 0.30065496133394687 -0.4562404367051604 -0.46964848246984786
60847 29584.52592 -0.7427636189928444 -0.14005222296921985 0.5487079494147451 0.3572214542704542
60847 30004.52592 -0.7553774645804361 0.02743105511163491 0.6140495663114759 0.22714654593936223
60847 30424.52592 -0.7306777542894711 0.1935593695035479 0.6490588519443811 0.08583353992773611
60847 30844.52592 -0.6698557596163791 0.3501738375535715 0.6519968888067516 -0.059762879683672956
60847 31264.52592 -0.5758679617590204 0.48955515402063715 0.6226735932761733 -0.2024584847021242
60847 31684.52592 -0.4534238185812258 0.6047076922476868 0.5625407132787807 -0.33508714326798195
60847 32104.52592 -0.308724233454353 0.6899016054824336 0.4746665949816842 -0.4510174564684572
60847 32524.52592 -0.1487593276428309 0.7410687424225031 0.3633087089777039 -0.5446967628181177
60847 32944.52592 0.018593296883642647 0.7556473737403623 0.2339467305823926 -0.6114901987113935
60847 33364.52592 0.18510304142355252 0.732867612715412 0.09294276109940795 -0.6480768237236864
60847 33784.52592 0.34255743809449013 0.6737869513916426 -0.05274832707916663 -0.6525972415899757
60847 34204.52592 0.4831164177199531 0.5812864389627241 -0.1958786621665217 -0.6247688792788325
60847 34624.52592 0.5995978256637795 0.460166565637782 -0.3291006856677807 -0.566058228472472
60847 35044.52592 0.6864524600927382 0.31632675753572326 -0.44602680179675464 -0.47935424748146527
60847 35464.52592 -0.7394022113497744 -0.15684088893202314 0.5409118782978697 0.36891685421832776
60847 35884.52592 -0.7558063762821139 0.010409737142592303 0.6090582756165396 0.24020069909750305
60847 36304.52592 -0.7348270395613341 0.17717770852729234 0.6470897295234437 0.09955984871332359
60847 36724.52592 -0.6774635614256584 0.33523441718573593 0.6531000688257258 -0.04605766575104648
60847 37144.52592 -0.5865073412869718 0.47676821989781953 0.6267460606870062 -0.18944808926265633
60847 37564.52592 -0.4665233412512901 0.5946675767907883 0.5693327992606233 -0.3233985294765066
60847 37984.52592 0.32344520582163405 -0.6831283616843996 -0.483698585719953 0.44131000268054904
60847 38404.52592 -0.16444195037329232 0.7377504188875644 0.37414083414932237 -0.5373097808626788
60847 38824.52592 0.002634412973791416 0.7558756546480054 0.24608962623076722 -0.6067000498107232
60847 39244.52592 0.1695128036456505 0.7366361766079423 0.10591226303457857 -0.6460767332535027
60847 39664.52592 0.32799602683620077 0.681002865175535 -0.03947688948654986 -0.6535252705128128
60847 40084.52592 0.4702999550940868 0.5917136149980201 -0.18291999742488632 -0.6286757706533268
60847 40504.52592 0.5894032297347591 0.47316204981808635 -0.31733379503729275 -0.5727309751684563
60847 40924.52592 0.6793796195292611 0.3312482516978486 -0.4360298313569838 -0.4884628076754621
60847 41344.52592 -0.735788726094114 -0.17300200484601827 0.5331507838249697 0.38004670578611716
60847 41764.52592 -0.7558528761732988 -0.0062368387532082785 0.6039186489814286 0.2528434235556949
60847 42184.52592 -0.7385773974690767 0.1608421246864238 0.6448534296222619 0.11312512178366523
60847 42604.52592 -0.6847851293752155 0.3200246655648468 0.6539226100968971 -0.03222980019700448
60847 43024.52592 -0.5970841135685352 0.46346128195250536 0.6306348080736316 -0.17605095938662396
60847 43444.52592 -0.47986904284372617 0.5839528868916837 0.5761380822990603 -0.31111033048723413
60847 43864.52592 0.33903139104759134 -0.6755274476409308 -0.49318413824046126 0.4306852553269943
60847 44284.52592 -0.18126791940093617 0.7337959970387442 0.3857033152273952 -0.5290730845058815
60847 44704.52592 -0.0144737351043403 0.7557408067544765 0.2590504849743637 -0.6012812904396487
60847 45124.52592 0.15295465662347538 0.7402527910798816 0.11961465629420727 -0.6436792775251186
60847 45544.52592 0.31272851382100636 0.6881507687034358 -0.02566599760863841 -0.6542099454631736
60847 45964.52592 0.4569931591184316 0.6020529957375322 -0.1696126580181634 -0.6323930653339207
60847 46384.52592 0.578663939458436 0.4862360954593256 -0.3051299812098417 -0.5793256417679048
60847 46804.52592 0.6717724298610304 0.34640691771510174 -0.4255601036231663 -0.4976169692062058
60847 47224.52592 -0.7317203658378757 -0.18945517409531834 0.5249675588474426 0.39128136345135933
60847 47644.52592 -0.7555199962054355 -0.023165903868210203 0.5984236089287882 0.26559755365656545
60847 48064.52592 -0.7419904213258163 0.14427297370064526 0.6423126834682925 0.12676726855175072
60847 48484.52592 -0.6917722381555776 0.30462887433862534 0.6544577135990864 -0.018371732282530424
60847 48904.52592 -0.6073006408325978 0.4499926433589605 0.6342195617082802 -0.1626594605723518
60847 49324.52592 -0.4927794365210144 0.5730974121042532 0.5825808881354565 -0.29887671699338153
60847 49744.52592 0.35398595752576467 -0.6678047338221876 -0.5021539137224117 0.4202049812799813
60847 50164.52592 -0.1977338732602381 0.7295195320635619 0.396901568314575 -0.5207415028329283
60847 50584.52592 -0.03179129217814051 0.7551979240493694 0.2720695445658343 -0.5955195816872073
60847 51004.52592 0.13567823045768407 0.7436025824565402 0.13381752980536193 -0.640889605049596
60847 51424.52592 0.2964742736939491 0.6952987633578303 -0.011065457969001718 -0.6546298116879904
60847 51844.52592 0.44270822747295574 0.6126215763760482 -0.15546308687574822 -0.6360310197666014
60847 52264.52592 0.5671907596250712 0.4995544923797213 -0.29228561205077236 -0.5859258249362962
60847 52684.52592 0.6635989794092716 0.3617939397057091 -0.41459534307291684 -0.5068059206653425
60847 53104.52592 -0.7271998228118224 -0.2060801445491818 0.5164071252877797 0.4025358029754048
60847 53524.52592 -0.754795900234963 -0.04014118380070396 0.5926472957480945 0.2782822617308557
60847 53944.52592 -0.7449944111148188 0.1277956019755459 0.6395249165299762 0.1402123127999795
60847 54364.52592 -0.6982688314343853 0.2894053185766628 0.6547075886234027 -0.004813940769000151
60847 54784.52592 -0.6169354539942754 0.4366778576235381 0.6374365898158394 -0.14959173850900825
60847 55204.52592 -0.5050536264156528 0.5623001823521402 0.588574153704909 -0.2869142815575731
60847 55624.52592 0.3682106914047226 -0.6600541829291717 -0.5105655615414147 0.40996605920595364
60847 56044.52592 -0.21316948635283994 0.7251442806251852 0.40726557059700247 -0.5126980567263222
60847 56464.52592 -0.047615115983308656 0.7543523917528085 0.28379993846065077 -0.5900363249126652
60847 56884.52592 0.1202060591622191 0.7462488152836007 0.1463420730184727 -0.6381592330235203
60847 57304.52592 0.2820502755755453 0.7012641190548117 0.001673891073597738 -0.6547316056696144
60847 57724.52592 0.42996707505724485 0.6216209560498697 -0.1430708398317521 -0.6389416531704604
60847 58144.52592 0.5566726553569512 0.5112392343551913 -0.28074780899101 -0.5915493789875079
60847 58564.52592 0.6558427424229187 0.3756502482857014 -0.40448165121323953 -0.5149289096621855
60847 58984.52592 -0.7226666150667055 -0.22140796354666328 0.5082840136286786 0.412769716228881
60847 59404.52592 -0.7537563109193657 -0.05620848353218083 0.586943497655394 0.2901540292470424
60847 59824.52592 -0.747553045921511 0.1117825906054948 0.6365642212925582 0.15315054077996149
60847 60244.52592 -0.7043413506321372 0.27426953946696414 0.6546805184027927 0.008538169249137778
60847 60664.52592 -0.6262356502047636 0.4232186167206232 0.6403723749234129 -0.13652155254261844
60847 61084.52592 -0.5170859058706881 0.551246928358274 0.5943194094931371 -0.27483345761603806
60847 61504.52592 0.3823200952121198 -0.6519762380610734 -0.5187969658611976 0.399509747082523
60847 61924.52592 -0.228669924019002 0.720400702302682 0.417573365091318 -0.504346486789845
60847 62344.52592 -0.06364501168690838 0.7531654158058695 0.29559331221973656 -0.5842223572342214
60847 62764.52592 0.10451848587399351 0.748605492643867 0.15895126034136609 -0.6351379372466521
60847 63184.52592 0.2674758102502138 0.7069522004483989 0.014449622192983059 -0.6545735143057948
60847 63604.52592 0.4171631368885799 0.6302882976850607 -0.13073048617542943 -0.6415770561724321
60847 64024.52592 0.5461765296322701 0.5224390237269209 -0.2693878848245885 -0.596807198746669
60847 64444.52592 0.6481409051386257 0.3887852734941551 -0.394651010216694 -0.5225035486339789
60847 64864.52592 -0.7180650614408552 -0.23589737114760068 0.5003841046425018 0.4223159310808837
60847 65284.52592 -0.7524845311231515 -0.07122047039072274 0.5814028661006587 0.3011069283620598
60847 65704.52592 -0.7496233906549641 0.09693141338295835 0.6335965281799913 0.1649985235109655
60847 66124.52592 -0.7096628962209931 0.26019603148589904 0.6544037743420905 0.02079180254444666
60847 66544.52592 -0.6346252012633532 0.41053591344003815 0.6428385674693882 -0.12437722408587006
60847 66964.52592 -0.5282478276604381 0.5405624121179308 0.5994966063578908 -0.2633445084725417
60847 67384.52592 0.39580012532499853 -0.6438847605101715 -0.5265261522760797 0.38926197726572404
60847 67804.52592 -0.24371175887913105 0.715455493755368 0.4274508536601996 -0.4959977648583406
60847 68224.52592 -0.07960555261955099 0.7516499883573333 0.30722681519041684 -0.578184170504961
60847 68644.52592 0.08836352756087923 0.7506896535835693 0.171848086164975 -0.6317635366820513
60847 69064.52592 0.25193732051479417 0.7126463082734349 0.0279998747457308 -0.6541244781005322
60847 69484.52592 0.4030904260048067 0.6393913993103604 -0.1172372132718956 -0.6441678219031457
60847 69904.52592 0.5343805092681123 0.5345122147964894 -0.2567092459241041 -0.6023574741005396
60847 70324.52592 0.6392531795152182 0.4032494250799876 -0.3834449828124658 -0.5307685171600623
60847 70744.52592 -0.7125829690070188 -0.2519983350727643 0.49126399008933824 0.432876475964217
60847 71164.52592 -0.7507085640879338 -0.08806273272115461 0.5748743326598252 0.3133705610928308
60847 71584.52592 -0.7515924737057385 0.08034733298775186 0.6299962879795497 0.17820700514467083
60847 72004.52592 -0.7152026331652024 0.24459726343361254 0.65381816401067 0.03433919981690661
60847 72424.52592 -0.6434242331596586 0.3966282535850657 0.6452464992977784 -0.11112263399023661
60847 72844.52592 -0.5398802370126707 0.5289617727423707 0.6047637805047279 -0.2509771751574641
60847 73264.52592 0.4097424781705045 -0.6351143041406888 -0.534418445665438 0.3783356277052423
60847 73684.52592 -0.25948064824755207 0.7098946940012079 0.4377282239583988 -0.4869428288456332
60847 74104.52592 -0.09646020209940799 0.749678073997604 0.3194448354436886 -0.5715183390640577
60847 74524.52592 0.07133170002089946 0.7525053746833561 0.18537142570798096 -0.6279210811684705
60847 74944.52592 0.23569389035628457 0.7181912429565631 0.04206978994771979 -0.6533604375557043
60847 75364.52592 0.3885537641296682 0.6483395894890489 -0.10342911882132286 -0.6465169498641797
60847 75784.52592 0.5223392197396001 0.5462987156148237 -0.24394121315025383 -0.6076282888133189
60847 76204.52592 0.6303483380240076 0.41704481468010035 -0.372466177605947 -0.5385197692178325
60847 76624.52592 -0.7070822883077721 -0.26705952217239515 0.4824961696209049 0.4426186795421671
60847 77044.52592 -0.748691160016105 -0.10387106051007183 0.5685211640781341 0.3247399508799238
60847 77464.52592 -0.7531075054764512 0.06471578081828727 0.6263762148876896 0.19050929198096173
60847 77884.52592 -0.7200349696289481 0.23001637486350443 0.65303014264199 0.04683740606688036
60847 78304.52592 -0.6512073284153668 0.38373691925628717 0.6472012442616485 -0.0990229349392777
60847 78724.52592 -0.5500900024200507 0.5183495530270392 0.6092385963243413 -0.23988135163643612
60847 79144.52592 0.4217246659133458 -0.6272298177301521 -0.5410482050764311 0.36877893336530104
60847 79564.52592 -0.2725549941521343 0.7049835165404601 0.44606687094601166 -0.47930821317124417
60847 79984.52592 -0.11003505202074929 0.7478102916747109 0.32906902725300335 -0.5660261745669866
60847 80404.52592 0.057762565128122625 0.753673337891043 0.1959052945507903 -0.624708813279404
60847 80824.52592 0.22263501639309224 0.7223531472244363 0.05312942350599898 -0.6525464309369254
60847 81244.52592 0.37652966938123367 0.65540446383971 -0.09226081335469716 -0.6481962196540264
60847 81664.52592 0.5119145030459477 0.5560878574469866 -0.2331386150008873 -0.6118465678311094
60847 82084.52592 0.6221107493461852 0.42924387213282256 -0.3625660495998948 -0.5452281847647603
60847 82504.52592 0.7016486986717254 0.28103172857975034 -0.474166421926829 -0.4515268270001906
60847 82924.52592 -0.7464546778370319 -0.11888834221968814 0.5622855595638487 0.3354190297604428
60847 83344.52592 -0.7542858768421354 0.04914420727101975 0.6225469807947558 0.2026645494197936
60847 83764.52592 -0.7247431402950676 0.21473688522926898 0.6519604156748144 0.05985872626776231
60847 84184.52592 -0.6592901160445888 0.36968976968100514 0.6490660151233307 -0.08590299814929851
60847 84604.52592 -0.5611808664607714 0.5063294664890213 0.6140062072545359 -0.22738268169801518
60847 85024.52592 0.4353129389967746 -0.6178795202562554 -0.5485316848676401 0.3575479468353273
60847 85444.52592 -0.28795837787067174 0.6988316404965382 0.4559109201772736 -0.46995695943152094
60847 85864.52592 -0.12629601758065748 0.7452329141314044 0.34065173224721923 -0.559136492240893
60847 86284.52592 0.041844206012037095 0.7547211977028349 0.20831093241700177 -0.6206863391414218
60848 304.52592 0.20770842263472147 0.7267844572437514 0.06578861997875039 -0.6513934458964054
60848 724.52592 0.36310528729062647 0.6629359276473159 -0.07981535110528362 -0.6498461478718826
60848 1144.52592 0.5004405221643989 0.5664363063480474 -0.2213185393459613 -0.6162201706925658
60848 1564.52592 0.6130396290063723 0.4421010402425306 -0.35179875764743285 -0.5522379175698864
60848 1984.52592 0.6954352033553126 0.2960644049462477 -0.46489342904828673 -0.46107466389480223
60848 2404.52592 -0.7436213667866125 -0.13545523929137276 0.5551053947243171 0.34718459319919054
60848 2824.52592 -0.7552076090618718 0.031895686429511606 0.6180130433164783 0.21611110728730712
60848 3244.52592 -0.7295379139729588 0.19782894874540657 0.6504824856130361 0.07423392098601136
60848 3664.52592 -0.6677431839314258 0.35419343845695045 0.6508108890110973 -0.07149290322647188
60848 4084.52592 -0.5727111133134574 0.49324906982572747 0.618834266046973 -0.21389597230761356
60848 4504.52592 0.4491104905765965 -0.6079214040074896 -0.5560311048945179 0.3457755691100702
60848 4924.52592 -0.3031270371461838 0.6923809518942565 0.46550642357153904 -0.46046323025689495
60848 5344.52592 -0.14213738258000805 0.7423663393513907 0.3518345777178827 -0.5521789679020734
60848 5764.52592 0.025745323197761853 0.7554339223955389 0.22077585229421534 -0.6163722822055652
60848 6184.52592 0.19207567042565624 0.7310654676930446 0.07898038611519066 -0.6499325483358869
60848 6604.52592 0.34873313670392747 0.6706028327441137 -0.06656024890414665 -0.6513422858574653
60848 7024.52592 0.4880750838419132 0.57711747710267 -0.20868539903683 -0.6206194763171693
60848 7444.52592 0.6033271805654037 0.45524933001942536 -0.3404477032698313 -0.5593207684738358
60848 7864.52592 0.6888736356470475 0.31099206468883095 -0.4554107708950304 -0.47046581125921466
60848 8284.52592 -0.7405273462895458 -0.15138430125965013 0.5479641721933369 0.3583815128071783
60848 8704.52592 -0.7557025775484505 0.015775369871179168 0.6135465919706551 0.22852862287523243
60848 9124.52592 -0.7335582385339867 0.18231024903043455 0.648878329195434 0.08724790930399169
60848 9544.52592 -0.6750624441264713 0.34001470928626043 0.6521172475190349 -0.05851315653058333
60848 9964.52592 -0.5829989603901813 0.48103165807739456 0.6229861861523195 -0.20151666922284103
60848 10384.52592 -0.46187184075915405 0.5982721116109669 0.5628356018453674 -0.3346056910419613
60848 10804.52592 -0.31779070102215046 0.6857660487103896 0.47466956202846683 -0.4510241719283936
60848 11224.52592 -0.1580312514681016 0.7391405363515782 0.36295481009758335 -0.5449414619097671
60848 11644.52592 0.00943214056260254 0.7558105712391565 0.23330123391976063 -0.6117450035587249
60848 12064.52592 0.1762087785760657 0.7350503688259066 0.09225413512664937 -0.648182533082822
60848 12484.52592 0.33409975373021955 0.6780129438519676 -0.05319328713169181 -0.6525689823541421
60848 12904.52592 0.4754078837425651 0.5875953906121784 -0.1958952420522274 -0.6247752036917248
60848 13324.52592 0.5932676689962542 0.4682763490746142 -0.32887958621129254 -0.5662057502309477
60848 13744.52592 0.6819318071230098 0.3259127572260552 -0.4456502273812424 -0.479735093511308
60848 14164.52592 -0.7370524509538278 -0.16744818442262324 0.5404985671464665 0.36956202319656584
60848 14584.52592 -0.7558597683008221 -6.253696796621672E-4 0.6087426124842958 0.24105611654298578
60848 15004.52592 -0.7373280901976023 0.16638653992459582 0.6469646731728166 0.10049636015233532
60848 15424.52592 -0.682248196188853 0.3253486429141384 0.6531788393483753 -0.04520025639854553
60848 15844.52592 -0.5932933580857411 0.46826912906601187 0.6269859297388786 -0.18872111149677315
60848 16264.52592 -0.47477183675877666 0.5880769408010487 0.5695936023801552 -0.3229865985553817
60848 16684.52592 0.3326636756683406 -0.6786611110018769 -0.48386330894938806 0.44116921193242425
60848 17104.52592 -0.1741347615294394 0.7354980142838193 0.37412640009199527 -0.5373538801998627
60848 17524.52592 -0.007075652117349985 0.7558234025380014 0.24587238109780843 -0.6068176756953333
60848 17944.52592 0.160132363095655 0.738708540566334 0.10558478513805798 -0.6461572343718736
60848 18364.52592 0.31925605462300083 0.6851184336046539 -0.039770805552608327 -0.6535339214970844
60848 18784.52592 0.4625257686547739 0.597780610986129 -0.183044003912269 -0.6286677557272412
60848 19204.52592 0.5829703362920058 0.4810278464354042 -0.31722680717411794 -0.5728219188957576
60848 19624.52592 0.6747129807534513 0.3405987875715309 -0.4357590776187097 -0.4887421465154068
60848 20044.52592 -0.733254578083824 -0.18335018199077072 0.5328452834200585 0.3805211405691701
60848 20464.52592 -0.755665885157023 -0.01697362773280576 0.6036964423387174 0.2534394828731636
60848 20884.52592 -0.740756455023695 0.15038190187218844 0.6447758143837788 0.11370711110465699
60848 21304.52592 -0.689147346081136 0.3104686455481445 0.653967547630042 -0.03180569394898216
60848 21724.52592 -0.603236976386106 0.4553891392360438 0.6306894484428037 -0.17594516705302254
60848 22144.52592 -0.48728589732345984 0.5777504518497798 0.5760166280514277 -0.3113867592967125
60848 22564.52592 0.3471016959412881 -0.6713902248093857 -0.49266452299997665 0.4313203525018145
60848 22984.52592 -0.18976859563683168 0.7316176350479325 0.38485356740193016 -0.5297275222743318
60848 23404.52592 -0.023210920193764025 0.7554980862186502 0.2580488509942285 -0.6017430393484201
60848 23824.52592 0.14424287445992168 0.7419750482776056 0.11865296599992915 -0.6438854669585296
60848 24244.52592 0.3044121938191541 0.6918444202621234 -0.02645784267924388 -0.654205240705955
60848 24664.52592 0.4494913822950158 0.6076475030683208 -0.17016438914810977 -0.6322705828387096
60848 25084.52592 0.5724236090554594 0.4935389826449363 -0.305447453374461 -0.5791824735200302
60848 25504.52592 0.6671975029916449 0.3551047937634893 -0.4256899932066057 -0.49753000626260074
60848 25924.52592 -0.7291402217981043 -0.199092799712286 0.5249975079143 0.391272553014787
60848 26344.52592 -0.7551318131249383 -0.03314656430858603 0.5984463551595409 0.2655921875308847
60848 26764.52592 -0.7437935902382585 0.13458233809644787 0.6423551355376811 0.12664347295199352
60848 27184.52592 -0.6955753076321273 0.29580300690211 0.6544654835733842 -0.01872173419313391
60848 27604.52592 -0.6128203980916151 0.4424207575982887 0.6340972433117399 -0.16320453104446186
60848 28024.52592 -0.49983048746598163 0.5669408382516413 0.5823360288524375 -0.2993865715465854
60848 28444.52592 0.3620221863489234 -0.6634698596558034 -0.5016728999648162 0.4207992197715502
60848 28864.52592 -0.20621026771920162 0.727160378192819 0.39606806715377246 -0.5213877597860602
60848 29284.52592 -0.04016811184967274 0.754792589885061 0.2707842602195419 -0.5961128697339035
60848 29704.52592 0.1278505122681368 0.7449828944011204 0.13205962662904716 -0.6412604685906507
60848 30124.52592 0.2895028571971032 0.6982256074397643 -0.013191628897535236 -0.6545953541823495
60848 30544.52592 0.4367654724687636 0.6168712492947683 -0.15773482563646676 -0.6354726655286462
60848 30964.52592 0.5623479755516153 0.5050024323022829 -0.2943863943202558 -0.5848708819909714
60848 31384.52592 0.6600574833651367 0.36821909240633804 -0.41637916395603947 -0.5053387086543091
60848 31804.52592 -0.7251105915858025 -0.2133207579123375 0.5177163536075224 0.40084742910629245
60848 32224.52592 -0.7543402097655774 -0.04797379511860186 0.5934368844470731 0.27658999817508656
60848 32644.52592 -0.7463380220226606 0.11971352917072739 0.6398564904519793 0.13867912403555216
60848 33064.52592 -0.7014850772047646 0.2815257957304161 0.6546942334642404 -0.006113384173455386
60848 33484.52592 -0.6219417518289935 0.4295207072584875 0.6371804064878689 -0.15067033203655422
60848 33904.52592 -0.5116396069829862 0.5563195641564356 0.5881459025778484 -0.28778091038840176
60848 34324.52592 0.37614100182679233 -0.6555762664155085 -0.5100677367064782 0.4105710774379634
60848 34744.52592 -0.2219292490179208 0.7225220444457361 0.4066683108899752 -0.513157079887036
60848 35164.52592 -0.05668053990421538 0.7537362490087535 0.2830703766086875 -0.590372886583553
60848 35584.52592 0.11142513266561878 0.7476216712596426 0.14538955197558845 -0.638363653922845
60848 36004.52592 0.2740580128624363 0.7044392518848004 4.577387892244971E-4 -0.654719280657807
60848 36424.52592 0.42315829401333555 0.6262931938736641 -0.14453769069459665 -0.6385943544096844
60848 36844.52592 0.5512523622757107 0.5171003494090227 -0.28231629950655046 -0.5907838595962512
60848 37264.52592 0.6519955083632019 0.3823192844244129 -0.40603469615629567 -0.513682438232688
60848 37684.52592 -0.7204106214270444 -0.22869386064899347 0.5095619835813325 0.41116205992919164
60848 38104.52592 -0.7531713365016287 -0.06375906974987239 0.5878546626376041 0.28826136493156684
60848 38524.52592 -0.7486627664529688 0.10421242166606051 0.6370184095648947 0.15116672640794587
60848 38944.52592 -0.707169437786072 0.2669405126778166 0.654682811863369 0.0066756874783088565
60848 39364.52592 -0.6307734120781395 0.4164536517757329 0.6400158821917603 -0.13809753466395017
60848 39784.52592 -0.523241508614888 0.5454279857394891 0.5937418912805378 -0.2760384077862889
60848 40204.52592 0.38978955703035584 -0.6475576609112564 -0.5180757634972619 0.4004131370246866
60848 40624.52592 -0.2370370625762939 0.7177098337250968 0.41674300263781733 -0.5050062329238246
60848 41044.52592 -0.07234388744231995 0.7523975224029887 0.29459488202233214 -0.5847035023991435
60848 41464.52592 0.09619721882815005 0.7497379784157148 0.15759347049979527 -0.6354552359267145
60848 41884.52592 0.25998183602394404 0.7097618677700052 0.012718562983508078 -0.6545882477961908
60848 42304.52592 0.4107466954299967 0.6345109223588471 -0.13269422814759338 -0.6411515292167501
60848 42724.52592 0.5410841326287096 0.5277384540329535 -0.27147067934242525 -0.5958386994898095
60848 43144.52592 0.644489792433808 0.3948438290955176 -0.3966586673021235 -0.5209540860075101
60848 43564.52592 -0.7158675029246832 -0.24253956849300934 0.5020428856828612 0.4203108574695985
60848 43984.52592 -0.7517844924690322 -0.07842894754036871 0.5824793992963784 0.29897613026146413
60848 44404.52592 -0.7505823336174412 0.08934915876725583 0.6340883712935779 0.16301786920223652
60848 44824.52592 -0.7124165587896448 0.25261176901671467 0.6544344176085346 0.019118942594837054
60848 45244.52592 -0.6391838906165933 0.4034332899729644 0.6425605843733369 -0.12570373871775162
60848 45664.52592 -0.5344318219797772 0.5344697406173547 0.5990179874656879 -0.2643901940548291
60848 46084.52592 0.4032387685669842 -0.6392667724205646 -0.5258684899704448 0.39012667232551573
60848 46504.52592 -0.25198605363011306 0.7125940313782854 0.4266206411973997 -0.49669669187974724
60848 46924.52592 -0.0881247806556644 0.7507070260213677 0.30612705414917835 -0.5787566075946698
60848 47344.52592 0.08022705431562177 0.7516101172300645 0.17033493364153546 -0.6321644262488839
60848 47764.52592 0.24468844870687906 0.7151757032894437 0.02599442624404266 -0.6541984150837677
60848 48184.52592 0.39693108119185033 0.6432408783024628 -0.11956731073703142 -0.6437317356381144
60848 48604.52592 0.5294410264717094 0.5394113645165249 -0.25913309531601564 -0.6013132446827893
60848 49024.52592 0.6356972415588853 0.40883471519207376 -0.38581634294093714 -0.5290453120933228
60848 49444.52592 -0.7104097894255916 -0.25806506000181006 0.49329672156923027 0.43055626854523676
60848 49864.52592 -0.7499130944766232 -0.09460930048426118 0.5762808964907165 0.31077284201524125
60848 50284.52592 -0.7523075501803184 0.07336420073379686 0.6306932945232474 0.17571855973627623
60848 50704.52592 -0.7175365154273426 0.2376689723300107 0.653934260592821 0.03201236390684174
60848 51124.52592 -0.6473190741196048 0.3902430423173139 0.6448700994206471 -0.1132737351598748
60848 51544.52592 -0.5450973985738377 0.5235834309184398 0.603926958369968 -0.25298507048778396
60848 51964.52592 0.4159151016199334 -0.6310839804738415 -0.5331008638375476 0.3801987727616085
60848 52384.52592 -0.26611735883682835 0.7074253033019468 0.4358480014631882 -0.4886384258267089
60848 52804.52592 -0.10313251898909293 0.7487786019122589 0.3169789374920994 -0.5729036935049967
60848 53224.52592 0.06497054304293173 0.7530695355549945 0.18237761030709423 -0.6288111882070525
60848 53644.52592 0.22987485324707035 0.720062577533594 0.03871430455315066 -0.6535813942450326
60848 54064.52592 0.38341864684049715 0.6513736318715715 -0.10688568497769377 -0.6459705746427541
60848 54484.52592 0.5179975312001509 0.5503952455396477 -0.24719198717613647 -0.6063330378874405
60848 54904.52592 0.6269111112105025 0.4221657687356191 -0.3752085101352736 -0.5366349748858578
60848 55324.52592 -0.7047581149050304 -0.2730848960117541 0.48458434973580816 0.44036195003301704
60848 55744.52592 -0.7477398102994479 -0.11037702864336905 0.5700080041739888 0.3221691524941401
60848 56164.52592 -0.7536520358098718 0.0577651571271652 0.6271566260478088 0.18800628166643382
60848 56584.52592 -0.7222288813430776 0.2229641815637968 0.6532108778604736 0.04458660940531824
60848 57004.52592 -0.6550683910663229 0.37707045271257955 0.6469204915675201 -0.10098096012094346
60848 57424.52592 -0.5555290286168727 0.5124894454359677 0.6086240190672884 -0.24149300216591982
60848 57844.52592 0.42856396316487894 -0.6225503379213438 -0.5402377115420121 0.37000975832845634
60848 58264.52592 -0.280407661462024 0.7018688850353005 0.44511125843158894 -0.48023700318712426
60848 58684.52592 -0.1181251026299038 0.7465480503759344 0.3277383184710387 -0.5668333645916954
60848 59104.52592 0.05020383927988483 0.7541880449579729 0.19392309149723763 -0.6253589384890762
60848 59524.52592 0.2160425591450681 0.724324830326551 0.050446455363573145 -0.6527896352974011
60848 59944.52592 0.3710192896373975 0.6585084879234051 -0.09541331448222444 -0.6477712230944715
60848 60364.52592 0.5074620217270082 0.5601176277888026 -0.2363774739934575 -0.6106359220791505
60848 60784.52592 0.6186663368992965 0.43414448487402024 -0.365469623341309 -0.5433253944514644
60848 61204.52592 -0.6992314424178464 -0.2869146709965159 0.47635816852086 0.44926412808577426
60848 61624.52592 -0.7453068674460112 -0.12570048473772558 0.5636810045735655 0.33313778914654957
60848 62044.52592 -0.7547081641763975 0.04160389099576569 0.6232317349297563 0.2006661599671214
60848 62464.52592 -0.7269909563776061 0.2068867643813756 0.6521378129607417 0.05829484519028518
60848 62884.52592 -0.6634421139606571 0.36212470150890647 0.6489454375672093 -0.08706366085344056
60848 63304.52592 -0.5670489272873719 0.4997074628206521 0.613696689655113 -0.22830755302867967
60848 63724.52592 0.44246115313330253 -0.6127492444476997 -0.5480007786688754 0.3584154544310658
60848 64144.52592 -0.2957670242939959 0.6955365798503529 0.4549982906494063 -0.470879272145703
60848 64564.52592 -0.13427275906442518 0.7438146687709914 0.33927750628673825 -0.560001195018528
60848 64984.52592 0.033921243692871875 0.7550988571136723 0.20663250172577002 -0.6212713372130605
60848 65404.52592 0.20044133394538977 0.7288021847577197 0.06367916769040038 -0.6516253607256435
60848 65824.52592 0.3570135157071957 0.6662148121958374 -0.08246042128864192 -0.6495378761351431
60848 66244.52592 0.49581057633824044 0.5704666976038344 -0.224467472398218 -0.6151048472831868
60848 66664.52592 0.6098616163940614 0.44643766041918276 -0.35518104445370924 -0.5500987637410589
60848 67084.52592 0.6935311279114101 0.3004417043140935 -0.468086510452486 -0.45786938711731395
60848 67504.52592 -0.7427855545691606 -0.13985027260958874 0.5576489218674847 0.3431314633117168
60848 67924.52592 -0.7553628680855129 0.02738209071415227 0.6195873576911433 0.21163332633367843
60848 68344.52592 -0.7307815863064901 0.19309763045260303 0.6509935778288495 0.06984940840517981
60848 68764.52592 -0.6702970728634151 0.3492900769837434 0.6504027156996528 -0.07532983235043662
60848 69184.52592 -0.5768228658231649 0.48840341314126834 0.6178230706749847 -0.21686894853169614
60848 69604.52592 -0.45483047456776554 0.6036306127514733 0.5547513667038496 -0.3478652668691618
60848 70024.52592 -0.3102125919926993 0.6892187030969189 0.4641639274188757 -0.4618415047975411
60848 70444.52592 -0.15004471737475616 0.7407971633087037 0.35043434689065983 -0.5530840027889291
60848 70864.52592 0.01774368708274593 0.7556561939538726 0.21915331689432901 -0.6169608592139946
60848 71284.52592 0.1847736455048623 0.7329377250425686 0.07685997118536603 -0.6501949984163614
60848 71704.52592 0.3425370198115657 0.6737817520370416 -0.06917829064207082 -0.6510767272636511
60848 72124.52592 0.483292316786849 0.5811217125715248 -0.21177388174028397 -0.6195788204299679
60848 72544.52592 0.6000315590764517 0.4595797169328873 -0.34381478337716836 -0.55726116554761
60848 72964.52592 0.6869158624646478 0.3152924626721544 -0.45868242028137596 -0.4672768967126413
60848 73384.52592 -0.7396622421685113 -0.15556526377375393 0.550664580284097 0.35421425188407113
60848 73804.52592 -0.7557782862306699 0.011681115428250056 0.6153118074880902 0.2237277657563381
60848 74224.52592 -0.7345784878866874 0.1781588483122484 0.6495188829903333 0.08233523268413562
60848 74644.52592 -0.6771970623484007 0.33574567517893916 0.6516963741004703 -0.0630144136657186
60848 75064.52592 -0.5864777408769045 0.47678565755055097 0.6217735067424184 -0.20522427371840518
60848 75484.52592 -0.46684220652964803 0.5944031503694353 0.5611927958795803 -0.3373512929963065
60848 75904.52592 -0.3241272932659564 0.682794109097679 0.472879835040689 -0.45289994916480425
60848 76324.52592 -0.16530423006137676 0.7375482894867587 0.36111664663477977 -0.546160965029746
60848 76744.52592 0.0018234344741964767 0.7558689532717326 0.23136714244123335 -0.612476975865372
60848 77164.52592 0.16900373212856315 0.7367428072309444 0.0900247397280008 -0.6484931154275967
60848 77584.52592 0.32792697139019733 0.6810235095960772 -0.05589363164091531 -0.6523394689533084
60848 78004.52592 0.4704100074420667 0.5916112827799166 -0.19884997404111798 -0.6238342751161586
60848 78424.52592 0.5895040189474948 0.47301986810189395 -0.33181609433998016 -0.5644778964340231
60848 78844.52592 0.6794583240226247 0.3310691367409908 -0.4483427093754972 -0.477198520077105
60848 79264.52592 -0.7358868928948086 -0.1725631348733797 0.5427935394124063 0.36615245311270134
60848 79684.52592 -0.7558557047865302 -0.005313740364304263 0.6104027383400765 0.23677502978974493
60848 80104.52592 -0.7382587797597051 0.16227305308721282 0.6476968329697501 0.09555230457933195
60848 80524.52592 -0.6840216072225505 0.32163667520404504 0.6527916834405597 -0.05027233878791165
60848 80944.52592 -0.5959336244699099 0.4649278797023638 0.6255222020182982 -0.19346099525175578
60848 81364.52592 -0.47846197094971643 0.5850985171962145 0.5673245678302595 -0.32692002426574124
60848 81784.52592 0.33749874494705095 -0.6762880875072784 -0.48115663282065557 0.44409156099570496
60848 82204.52592 -0.1800283569052621 0.7340944787951003 0.3713201135427356 -0.5392740121600073
60848 82624.52592 -0.013783046389180459 0.7557467210003296 0.24323497997385696 -0.6078599064312443
60848 83044.52592 0.15315126209076924 0.7402036068781239 0.10315403901639972 -0.646531171343829
60848 83464.52592 0.3126578516561096 0.6881724170132976 -0.04211029474035748 -0.6533685907179366
60848 83884.52592 0.4569220965673819 0.6020953495818273 -0.18545406004118753 -0.6279412228024569
60848 84304.52592 0.5787677106452223 0.4861023385521704 -0.31978266058219085 -0.571376848988104
60848 84724.52592 0.672055046643918 0.34585239795525885 -0.4383838705348789 -0.4863617122717383
60848 85144.52592 -0.7320077866857998 -0.1883337130157214 0.5352550239575523 0.37709027049404054
60848 85564.52592 -0.7555686500342457 -0.021446155401574834 0.605507957635062 0.24903050163490975
60848 85984.52592 -0.7415254826022509 0.14662797374229664 0.6456603522642653 0.1084569291549046
60849 4.52592 -0.6905608752746901 0.307352343190722 0.6536481004387914 -0.03747499790241477
60849 424.52592 -0.6052286977290545 0.4527664397529525 0.6290908190800376 -0.18150899654792937
60849 844.52592 -0.4898721904458463 0.5755803226871473 0.5732594837961539 -0.31639546994373224
60849 1264.52592 0.35036541597897886 -0.6697096978480203 -0.4890366872057898 0.435403392799111
60849 1684.52592 -0.1937681002156813 0.7305824124441302 0.3807381545143557 -0.5326741214505573
60849 2104.52592 -0.027847668475259373 0.7553525702184103 0.2537953564349974 -0.6035353503126111
60849 2524.52592 0.1392593385101652 0.7429370230290537 0.11448719863541901 -0.6446270998019341
60849 2944.52592 0.2994637099269432 0.6940115690928439 -0.03040433337410987 -0.6540221746348944
60849 3364.52592 0.4450231880057279 0.6109389558861245 -0.17385231687537614 -0.6312553573911707
60849 3784.52592 0.5688356708223775 0.49768223983663673 -0.30887487323149004 -0.5773514358148554
60849 4204.52592 0.6647333414902344 0.3597090164526109 -0.42880003357311364 -0.49484294417685615
60849 4624.52592 -0.7278582799267753 -0.2037465704149843 0.5276408821631813 0.38769157697353646
60849 5044.52592 -0.7549325100789174 -0.03750788236043466 0.60039282797188 0.26114845606801823
60849 5464.52592 -0.7444881291379776 0.13071556467668347 0.6433412133242995 0.12150288046918066
60849 5884.52592 -0.6970009584548181 0.29244121331908274 0.6542801631368623 -0.024192329179483545
60849 6304.52592 -0.614912832350494 0.4395165810974452 0.6326890634680901 -0.16855839498220557
60849 6724.52592 -0.5022775011746285 0.5647815816517523 0.5796513196357582 -0.304538050964473
60849 7144.52592 0.3647866771156762 -0.6619596702532741 -0.4978518768899193 0.4253041074740105
60849 7564.52592 -0.20937573650262278 0.7262574961292904 0.3914471389771327 -0.5248628274764899
60849 7984.52592 -0.04376041049858014 0.754592579680131 0.26575713174001864 -0.5983712995239654
60849 8404.52592 0.12383111842262456 0.7456602769860149 0.12706906862278225 -0.6422694584321134
60849 8824.52592 0.2852108732738304 0.6999878140263839 -0.01779731338358696 -0.6544884060220395
60849 9244.52592 0.4325328877835659 0.6198413718565818 -0.1617635194825765 -0.6344639772951415
60849 9664.52592 0.5586115620802204 0.5091207951632255 -0.2977970065307325 -0.5831518511880037
60849 10084.52592 0.6572267084774642 0.37322452178438165 -0.4192023537216163 -0.5030167955813749
60849 10504.52592 -0.7234666012641731 -0.21878422311138818 0.519981399677237 0.39793075347667445
60849 10924.52592 -0.7539624732421675 -0.053406384358973887 0.5950956041044259 0.2730376696132678
60849 11344.52592 -0.7471080786160972 0.11473225114135392 0.6407619741511539 0.1344995237780299
60849 11764.52592 -0.7031608479740854 0.27728150555389763 0.6546472743474364 -0.010804385387485068
60849 12184.52592 -0.6243255496853298 0.42602745807490067 0.6360291666020889 -0.1555156333228323
60849 12604.52592 -0.5145040635591303 0.5536538098608612 0.5858306657429362 -0.2924986469761595
60849 13024.52592 0.3791270567204893 -0.6538384867774442 -0.5065165539472386 0.4149685393478101
60849 13444.52592 -0.22498447019009868 0.7215634721888897 0.4020586959002775 -0.5167948808056851
60849 13864.52592 -0.059662032683564216 0.7534938835564879 0.2776039513944173 -0.592978461218646
60849 14284.52592 0.10887650963079239 0.7479844148688132 0.13912937931102462 -0.6397720192197406
60849 14704.52592 0.2717964906628804 0.7053007231070398 -0.00609593128869498 -0.6547063443023544
60849 15124.52592 0.42115802712073064 0.6276217443045796 -0.15094698353894329 -0.637127828954555
60849 15544.52592 0.549547752435893 0.5188860758157262 -0.28819284031330694 -0.5879620692777413
60849 15964.52592 0.6506395809517284 0.38457988696098033 -0.41103193215072925 -0.5097246285951633
60849 16384.52592 -0.7195079270061802 -0.2314484420065854 0.5134192757890328 0.4063749609858591
60849 16804.52592 -0.7528657508157095 -0.06704413977737213 0.5904077239558067 0.28304940216070795
60849 17224.52592 -0.7491397871824053 0.10057713208082622 0.6382856654015981 0.14582602341672654
60849 17644.52592 -0.7085240452818568 0.2632661276760397 0.6547386210307685 0.0014005022757404392
60849 18064.52592 -0.6329505726995458 0.4130993606078544 0.6389211559497857 -0.14318605820570793
60849 18484.52592 -0.5260168264023791 0.5427216805427288 0.591505521176261 -0.2808570708179615
60849 18904.52592 0.3929428234921306 -0.6456215774460097 -0.5147370269493557 0.4047400515015737
60849 19324.52592 -0.24026702405144565 0.7166081623669909 0.41233939031252104 -0.5086459731278377
60849 19744.52592 -0.07558970266574645 0.7520520366371046 0.289380556258048 -0.5873353596546609
60849 20164.52592 0.09284369722842949 0.7501344373794397 0.15201803563792668 -0.6368429088740593
60849 20584.52592 0.25660256336004605 0.7109626542874278 0.007154958258333925 -0.6547030130203698
60849 21004.52592 0.4075766915935538 0.636520492690732 -0.13800350118185958 -0.6400608850070044
60849 21424.52592 0.5382712041310741 0.5305711221564654 -0.27621712476566557 -0.5936855187075911
60849 21844.52592 0.6422382168979693 0.3984524499402531 -0.40062923043091053 -0.5179400907601798
60849 22264.52592 -0.714389815212227 -0.24679362678578926 0.5051098867186555 0.4166582532940199
60849 22684.52592 -0.7512644017300739 -0.08308068956218888 0.5845941860332192 0.2948712182821226
60849 23104.52592 -0.7511084916119181 0.0846350464431696 0.6352318429817438 0.15859838714201654
60849 23524.52592 -0.7139500791533048 0.24818308149496127 0.6545763017216552 0.014501991623775929
60849 23944.52592 -0.6415667797358308 0.3995941620255498 0.6416517279298103 -0.13038264017568985
60849 24364.52592 -0.5374205966806365 0.5314363651226683 0.597006269011626 -0.2689572584063362
60849 24784.52592 0.40660602750137487 -0.6371073581951128 -0.522763149045732 0.39431515635717757
60849 25204.52592 -0.2555382864538503 0.7113077521233405 0.4225187535574994 -0.5002193207161109
60849 25624.52592 -0.09172154166477244 0.7502576760256585 0.30122759185519654 -0.5813454362634445
60849 26044.52592 0.07666107116229089 0.7519645111106021 0.1649452900943493 -0.6336130565843274
60849 26464.52592 0.24122016159201048 0.7163343887591961 0.020483485701284738 -0.6544144741186877
60849 26884.52592 0.39377570236648923 0.6451587188517284 -0.12495217577626201 -0.6427269073908083
60849 27304.52592 0.5267468309059014 0.5420256642531781 -0.26410640482406733 -0.5991608818609544
60849 27724.52592 0.6335567068676858 0.41212870490422254 -0.39006473905463296 -0.5259328180701244
60849 28144.52592 -0.7089642877953399 -0.26198608927359274 0.4966095454448151 0.4267456936292031
60849 28564.52592 -0.7493342760019731 -0.09902113260691792 0.5785593037621357 0.3065323639293488
60849 28984.52592 -0.7527380436372704 0.06870881882311196 0.6319272407242453 0.1712673299485612
60849 29404.52592 -0.719050729993133 0.23301804374266666 0.6541467613859479 0.02757994842197907
60849 29824.52592 -0.6499043602988837 0.38590330598182015 0.6441230223488479 -0.11750954419529619
60849 30244.52592 -0.5486274207329438 0.519872028074701 0.6022853431964874 -0.25689179242650784
60849 30664.52592 0.420161717306401 -0.628259128743558 -0.5306231981455165 0.38365820732827466
60849 31084.52592 -0.27079251600667553 0.7056476549365537 0.4325986577699631 -0.4915192790246817
60849 31504.52592 -0.10792127204058179 0.7481048759003196 0.3130415046424847 -0.5750627009870135
60849 31924.52592 0.06034756918236558 0.753456171414961 0.17789346388798877 -0.6300919648403885
60849 32344.52592 0.22563861008539363 0.7214036026913732 0.033893159122775345 -0.6538465518967868
60849 32764.52592 0.3797178853311943 0.6535432336656296 -0.11176719298245914 -0.6451384842514822
60849 33184.52592 0.514923802381818 0.5532815297824941 -0.25182216784049694 -0.6044159348712658
60849 33604.52592 0.6245501968761268 0.4256637867011527 -0.37929683970159506 -0.5337427279744515
60849 34024.52592 -0.7032003531528018 -0.27709486862983523 0.4878840047610079 0.43668855607074236
60849 34444.52592 -0.7470610590844471 -0.1149399500966494 0.572281765272943 0.31809143812351853
60849 34864.52592 -0.7540292787661352 0.05274498980539241 0.6283691502787229 0.18387502220760357
60849 35284.52592 -0.7238254068195666 0.21775739942674466 0.6534575933178358 0.04064073292463846
60849 35704.52592 -0.657938769083693 0.3720561221257156 0.6463347891156176 -0.10460477285611605
60849 36124.52592 -0.5595604415545046 0.5080973932807292 0.6073110148458483 -0.2447498364362311
60849 36544.52592 0.43346750916309035 -0.619161657642551 -0.5382339217546617 0.3728927535872362
60849 36964.52592 -0.28580274318156645 0.6997071063755472 0.44242122381144444 -0.4826906027660309
60849 37384.52592 -0.12390034996074326 0.7456283663106942 0.32459846205633214 -0.5686148793894815
60849 37804.52592 0.04419084590693993 0.7545809302066204 0.19061519816154368 -0.626355039204105
60849 38224.52592 0.21011156678425136 0.7260850494023586 0.047144761100408494 -0.6530168466729069
60849 38644.52592 0.3656042730112544 0.6615512742821813 -0.0986556372869873 -0.6472638505918841
60849 39064.52592 0.5029304802843838 0.5642149914838362 -0.2395091435507363 -0.6093912909957003
60849 39484.52592 0.6152778300443605 0.4389670797658859 -0.36840228133859887 -0.5413140066931846
60849 39904.52592 -0.6971061415785599 -0.29209098789637744 0.47895079113132033 0.4464661485911934
60849 40324.52592 -0.7444342773033581 -0.13088000802491134 0.565742478735103 0.3295807610129685
60849 40744.52592 -0.7549844827186877 0.0366484990481919 0.6245336679514145 0.1965019490149211
60849 41164.52592 -0.7283034129286006 0.20229069964317462 0.6525027461495482 0.05378455002810351
60849 41584.52592 -0.6657150316700842 0.35796811413947327 0.6483013920419569 -0.09158401030959851
60849 42004.52592 -0.5702559012896651 0.4960698539518641 0.6121051006250492 -0.23248710250955096
60849 42424.52592 0.44655114394814405 -0.6097943399165864 -0.5456186398963142 0.3619989483990181
60849 42844.52592 -0.3006091218323836 0.6934749964583387 0.4520172041090998 -0.4737161938837037
60849 43264.52592 -0.13970725890755048 0.7428294557195741 0.3359354152511918 -0.561990816921335
60849 43684.52592 0.028147497156387098 0.7553511953121858 0.2031477673748287 -0.622401216864898
60849 44104.52592 0.1946110490449563 0.7303962048065602 0.060264366405309654 -0.6519326113453457
60849 44524.52592 0.35140982092996936 0.6692047684555965 -0.08559367666638404 -0.6491146571638856
60849 44944.52592 0.4907515167409531 0.5748445041785176 -0.22715423923925096 -0.6140990933292813
60849 45364.52592 0.6057301787384991 0.45205104240204086 -0.3573763324701392 -0.5486555956324939
60849 45784.52592 0.6906780668146834 0.30697548404186376 -0.46981249732555247 -0.4560768329734838
60849 46204.52592 -0.7414547684400787 -0.14680712336394758 0.558957147830423 0.3409683295796701
60849 46624.52592 -0.7555942263080487 0.020478059979860384 0.6204342970101385 0.20909160031655433
60849 47044.52592 -0.732461273997303 0.18667739093070934 0.6512832328673783 0.06694911795809691
60849 47464.52592 -0.6732066235515255 0.34367691706877695 0.6500135821068845 -0.07849434219758931
60849 47884.52592 -0.580707057596752 0.4837957583523834 0.6166604996534624 -0.22011543704317255
60849 48304.52592 -0.4594614654412994 0.6001234991924957 0.5528018536025078 -0.35093739918270284
60849 48724.52592 -0.31533126876782447 0.6868982940746349 0.46147000549925765 -0.46452379762413204
60849 49144.52592 -0.15553002497760438 0.7396679014146893 0.3472045228330662 -0.5551133454273263
60849 49564.52592 0.01198622419543848 0.7557702534022724 0.21569099548960088 -0.6181788163359422
60849 49984.52592 0.1789007026288238 0.7343939824147823 0.07346847641335094 -0.6505861973369637
60849 50404.52592 0.33692750237838553 0.6766038710970942 -0.07238101547554808 -0.6507288593233116
60849 50824.52592 0.47822925571107977 0.5852915474148446 -0.21459718352078502 -0.6186102426663416
60849 51244.52592 0.5958091001702789 0.465031210768395 -0.3461096301806567 -0.5558467532169028
60849 51664.52592 0.6838684486508538 0.32183443446838256 -0.4604092779783128 -0.4655854792428342
60849 52084.52592 -0.7381106351206518 -0.1627377049967718 0.5519178001026741 0.3522724394896603
60849 52504.52592 -0.7558494660116004 0.004283727026570591 0.6160870547042705 0.22160770618044304
60849 52924.52592 -0.7362734137665409 0.17098932463326774 0.6498095160029039 0.08007311630063353
60849 53344.52592 -0.6803832030631434 0.3292272041363099 0.6514704848405979 -0.06537853185627727
60849 53764.52592 -0.5909165143944 0.47126291046911506 0.6209850867731813 -0.20762096290465468
60849 54184.52592 -0.47221106730469053 0.5901337705512526 0.5597959190429986 -0.3396871645981507
60849 54604.52592 -0.3301314678343888 0.6798948442921747 0.47089065885941145 -0.4549925296632694
60849 55024.52592 -0.17165967402606827 0.736077013971976 0.3586144198567201 -0.5478314372927053
60849 55444.52592 -0.004630489834753296 0.7558380984172667 0.22850571128698963 -0.613573522451945
60849 55864.52592 0.16268311853044526 0.7381449911726263 0.08700845728712937 -0.6489265777516638
60849 56284.52592 0.3219790334843765 0.6838338098499027 -0.058848610060690386 -0.6521024947019899
60849 56704.52592 0.465331299755164 0.5955870041845199 -0.20178995890249665 -0.6229154953930807
60849 57124.52592 0.5856053311420379 0.4778043918038494 -0.334687252150457 -0.5628088508178899
60849 57544.52592 0.6768105850905684 0.3363967854891853 -0.4509150059719465 -0.47480553072939763
60849 57964.52592 -0.734442151440384 -0.17850333821427153 0.5446944919948412 0.3633719785900712
60849 58384.52592 -0.7557538069799614 -0.011905049560759369 0.611492096175845 0.23403390639973995
60849 58804.52592 -0.739752589234918 0.15518981501247478 0.64807116008756 0.09319870975175966
60849 59224.52592 -0.6872555751884372 0.3146053517162004 0.6526692352881213 -0.05221222416594789
60849 59644.52592 -0.6008299748882913 0.4585430981918606 0.6250518801661819 -0.19506848919563072
60849 60064.52592 -0.484665555191855 0.5799386654891198 0.566520692961633 -0.32836678931880553
60849 60484.52592 0.34451413138251846 -0.6727109700821431 -0.47994139179648776 0.4454505858670982
60849 60904.52592 -0.1872679209482935 0.7322529668288276 0.36954603719096796 -0.54052941154995
60849 61324.52592 -0.02070609144006162 0.7555623050413712 0.24078708000776655 -0.6088665232045356
60849 61744.52592 0.14692295854045148 0.7414387570943587 0.10004567806617914 -0.6470495159045959
60849 62164.52592 0.30730798404601156 0.6905494777885216 -0.04568894737041085 -0.653158282314295
60849 62584.52592 0.4524930194266368 0.6053982743008408 -0.18917137715500246 -0.6268629729925107
60849 63004.52592 0.5752299262275501 0.49024145687362736 -0.32323113684409555 -0.5694694707437303
60849 63424.52592 0.6694285248234023 0.3508466069630462 -0.4411990169883347 -0.48385487074515254
60849 63844.52592 -0.7304352478145818 -0.19422941047240153 0.5372173159880435 0.3743485545052854
60849 64264.52592 -0.7553206473150413 -0.028107195834405005 0.6066296815435145 0.2463760027931444
60849 64684.52592 -0.7429026666411482 0.13932087832927512 0.6460563804440855 0.10628487214329908
60849 65104.52592 -0.6938192750244118 0.2998519346505154 0.6535901318263633 -0.039032940833863786
60849 65524.52592 -0.6104724040661496 0.44562517446401995 0.6288526864503489 -0.18244436549750367
60849 65944.52592 -0.49692392929261414 0.569470319686632 0.5730161721995989 -0.3168952979930653
60849 66364.52592 0.3587921164151662 -0.6652084314013216 -0.48881462313883256 0.4356905142375264
60849 66784.52592 -0.20289075121572558 0.7280824696545993 0.38038687430092955 -0.5329512982556163
60849 67204.52592 -0.03693164846774255 0.7549477918049484 0.25309070442755355 -0.6038501306803303
60849 67624.52592 0.13088155824656916 0.7444448595087861 0.11322593080492058 -0.6448656894697166
60849 68044.52592 0.2922532741938092 0.6970644609581405 -0.03227854693848737 -0.6539474416187246
60849 68464.52592 0.4391980779877801 0.6151236690567694 -0.17621356062794166 -0.6306161281705381
60849 68884.52592 0.5643772887103964 0.5027111283791303 -0.3113829020744958 -0.5760212545447854
60849 69304.52592 0.661594694598404 0.3654216467329119 -0.431083896464075 -0.49287539438239575
60849 69724.52592 -0.7260367536883702 -0.21010149607967774 0.5293849091827371 0.38533052249765964
60849 70144.52592 -0.7545612243055497 -0.04415029696228186 0.6015557159535566 0.2584933860977029
60849 70564.52592 -0.7455859042773937 0.12422628561219234 0.6438969938043632 0.11860080385715396
60849 70984.52592 -0.6995009073217412 0.2863789719846323 0.6541771815631463 -0.027162109328699065
60849 71404.52592 -0.6187024425133688 0.43414626404215867 0.6319337789662423 -0.17141764217160477
60849 71824.52592 -0.5074574087042871 0.5601171714400919 0.5784427976400496 -0.3068544646366313
60849 72244.52592 0.37109063853331564 -0.6584343552579763 -0.49630259616526284 0.42712957149859004
60849 72664.52592 -0.2163390840732994 0.7242050958717183 0.3895549864552388 -0.5262806212883196
60849 73084.52592 -0.0508693969479869 0.7541414310097778 0.26348277003991316 -0.5993828796193356
60849 73504.52592 0.11712805653622331 0.7467386711156176 0.12433521203533641 -0.6428087822056078
60849 73924.52592 0.2793450309135681 0.7023457266450743 -0.020986040667638206 -0.6543977537128289
60849 74344.52592 0.42775285884879416 0.6231477566342606 -0.16527649970275834 -0.6335598186393895
60849 74764.52592 0.5549783640237017 0.513081485276033 -0.3013554467132122 -0.5813185870663312
60849 75184.52592 0.6547099418387184 0.3776319310449402 -0.4224638006999188 -0.500273279129508
60849 75604.52592 -0.7220156477568668 -0.22355190878869316 0.5226026653327842 0.39446723901768305
60849 76024.52592 -0.7536176602778946 -0.05816908946245411 0.5969598089859548 0.26891590805274646
60849 76444.52592 -0.747781580934047 0.11030624490103733 0.6417184998195316 0.1298175894899434
60849 76864.52592 -0.704778870677227 0.27316261503207095 0.6545416774012023 -0.015624395687309481
60849 77284.52592 -0.6267733872831057 0.42243027341563083 0.6348432337655141 -0.16025558847604118
60849 77704.52592 -0.5177125155209917 0.550664956452741 0.5836376146843159 -0.29683158816647126
60849 78124.52592 0.38310856359093914 -0.6515233051067978 -0.5035399836041551 0.4185602660524875
60849 78544.52592 -0.22973874241312103 0.7200722851187108 0.39862046475079976 -0.519439832435107
60849 78964.52592 -0.0651875861378365 0.7530442003996433 0.27410636887862994 -0.5945928938342238
60849 79384.52592 0.10245053528570663 0.7489002811036745 0.13616212462127084 -0.6403999786080034
60849 79804.52592 0.2650225610355547 0.7078835964616181 -0.008469221611330324 -0.6546694801867724
60849 80224.52592 0.41462160010899374 0.6319716040561338 -0.15274235306501133 -0.6366872026120349
60849 80644.52592 0.5439204126096643 0.5247994902831781 -0.28960209677065507 -0.5872535272700278
60849 81064.52592 0.6464643712012353 0.3915887938730273 -0.4122496681152957 -0.5087162710384715
60849 81484.52592 -0.7170997008885213 -0.23886026272456815 0.514579056096991 0.4048730528240592
60849 81904.52592 -0.7522127233265723 -0.07418381029599762 0.5914392511146963 0.280842292748931
60849 82324.52592 -0.7499814512176572 0.09423183328554786 0.6389501433572133 0.1427967041948027
60849 82744.52592 -0.71048490212044 0.25797766835282526 0.6547160909171131 -0.0023594033912765202
60849 83164.52592 -0.6357034942610043 0.4088824580473609 0.6379513383859792 -0.14735770335152246
60849 83584.52592 -0.5294136559372358 0.5394332874931423 0.5895215598391772 -0.28495129362102267
60849 84004.52592 0.3969861767168993 -0.6431640120443006 -0.5118985847316382 0.4082914009093546
60849 84424.52592 -0.24508786464997662 0.7149925896489071 0.40902358436575803 -0.5112897835680384
60849 84844.52592 -0.08123922275907919 0.7514799443755413 0.2860264797506109 -0.5889541024293042
60849 85264.52592 0.08647750303040466 0.750911317493521 0.1490144798103692 -0.6375331517157488
60849 85684.52592 0.24989438279601012 0.7133655476157974 0.004690763389177488 -0.6547063384912669
60849 86104.52592 0.4010665231850668 0.6406618315235669 -0.1399089015804414 -0.6396276736255752
60850 124.52592 0.5325961537231941 0.536290736273905 -0.27771187152167304 -0.5929668621786401
60850 544.52592 0.637937341182118 0.40533157615937904 -0.4018909001791188 -0.5169390355224308
60850 964.52592 -0.7118088437631803 -0.25418473858315427 0.5062758167195667 0.4152145060289603
60850 1384.52592 -0.750440730418576 -0.09033362837737934 0.5856177440951104 0.29279754697395544
60850 1804.52592 -0.75183421913487 0.07806488288566119 0.6359147564415466 0.15576778722764392
60850 2224.52592 -0.7158756217012676 0.24261855335469892 0.6546282256362048 0.010964397944752284
60850 2644.52592 -0.6443696522146688 0.3950866602995239 0.6408182851037023 -0.13433617396243466
60850 3064.52592 -0.540911523757807 0.5279031652155254 0.595196978638108 -0.2728983844611482
60850 3484.52592 0.41072277477090285 -0.6344764641364383 -0.5200855660237315 0.3978158151144672
60850 3904.52592 -0.26035309501618875 0.7095696642657889 0.41929223649115754 -0.5029126941005468
60850 4324.52592 -0.09726014071955842 0.7495663244600282 0.2978484577348863 -0.5830755409787354
60850 4744.52592 0.070480357057579 0.7525737756306875 0.1618039858668468 -0.6344168201266491
60850 5164.52592 0.23468239128384 0.7185078657356733 0.017829748280985887 -0.6544866096212382
60850 5584.52592 0.38736007800832123 0.6490354494785423 -0.12704543712735314 -0.6423119274859324
60850 6004.52592 0.5210503150422826 0.5475063965207556 -0.26573603323879474 -0.598437695672411
60850 6424.52592 0.6291266023279103 0.41885755935333885 -0.3913922345630459 -0.5249477897273686
60850 6844.52592 -0.7061887581598353 -0.2693662493891507 0.4977843830746297 0.4253821452596499
60850 7264.52592 -0.7483134883153594 -0.10642894841451374 0.579568156020467 0.3046318346327497
60850 7684.52592 -0.7533286378540754 0.061857752311356484 0.6326259491731326 0.1686831061508621
60850 8104.52592 -0.7209335271502223 0.22711581469345654 0.6542798455042169 0.024313369035265688
60850 8524.52592 -0.6527372320372882 0.38108637010467383 0.6434343885325576 -0.12124137943159727
60850 8944.52592 -0.5521554074772425 0.5161197403401611 0.6006382688257873 -0.2607268487264137
60850 9364.52592 0.4242587367853099 -0.6254977541157253 -0.5280612485528114 0.38718006358071
60850 9784.52592 -0.27548156150088493 0.7038284366528534 0.42937951363224947 -0.49433660020755815
60850 10204.52592 -0.1132244403096712 0.7473175086133976 0.30953470744840716 -0.5769618985004599
60850 10624.52592 0.05445836661423936 0.7539006908926025 0.17451257788761806 -0.6310415158580168
60850 11044.52592 0.21936965070492007 0.7233303743606582 0.03094957052067319 -0.6539971329917718
60850 11464.52592 0.373481961929171 0.6571204954882341 -0.1141398010315509 -0.6447293884594627
60850 11884.52592 0.5092711454196159 0.5584766924996213 -0.2536624584790629 -0.6036572218867539
60850 12304.52592 0.6200404799143595 0.4321817566604922 -0.380753688515212 -0.5327244702090218
60850 12724.52592 -0.700263292197322 -0.28438917295185456 0.48911776190937745 0.4353365765628817
60850 13144.52592 -0.7458558104775033 -0.12241523710208944 0.573308078750176 0.31627751507492274
60850 13564.52592 -0.754473769839512 0.045699987373581566 0.6290926199734832 0.18144783623154137
60850 13984.52592 -0.7256362243476716 0.21159161643917326 0.6536589914915499 0.037563021834820375
60850 14404.52592 -0.6607628635424722 0.36698639980260267 0.6457628224401484 -0.10818409160874816
60850 14824.52592 -0.5631015327354775 0.5041453907357347 0.605800332569035 -0.24851568540057145
60850 15244.52592 0.43757102192778147 -0.6162447527775505 -0.5357950495415892 0.3764275100599565
60850 15664.52592 -0.29048743527079546 0.6977533173697805 0.43928832260619244 -0.48557504844369787
60850 16084.52592 -0.1291901018593548 0.7447095713713707 0.32112615086060425 -0.5706098203877071
60850 16504.52592 0.03832070099441525 0.7548817425436121 0.18720952659798576 -0.6274055082644514
60850 16924.52592 0.20385771338991893 0.7278449650467463 0.0441250912960672 -0.6532508827897963
60850 17344.52592 0.3593574700537414 0.66494187229691 -0.10113324847240131 -0.6469053881645086
60850 17764.52592 0.49722734223396664 0.5692189754705897 -0.2414619528047459 -0.6086467394530891
60850 18184.52592 0.6106760698473565 0.44530701461880645 -0.3699677634008269 -0.5402779418884899
60850 18604.52592 -0.6940383143968877 -0.2992476429369331 0.48027674323200553 0.445079674054292
60850 19024.52592 -0.7430736463703141 -0.1382749830549418 0.566844692755534 0.32773263405703923
60850 19444.52592 -0.7552718858935527 0.029614617134288982 0.625323430977395 0.19405658839999446
60850 19864.52592 -0.7299819644671544 0.1960666682445461 0.6527731910566101 0.0507085219063587
60850 20284.52592 -0.6684494462626931 0.3527898777043044 0.6478120732703728 -0.0951533378585424
60850 20704.52592 -0.5737590392433528 0.4919806567522544 0.6106925330768384 -0.23624188517779784
60850 21124.52592 -0.4506744905324832 0.6067257025002898 0.543293434586215 -0.3655251967297611
60850 21544.52592 -0.305381724903472 0.6913600023901361 0.44902259285270424 -0.4765942302398613
60850 21964.52592 -0.14513741026243496 0.7417609772827762 0.3326156918230525 -0.563996973640716
60850 22384.52592 0.022117855991296394 0.7555261545268201 0.1998751358101757 -0.6234909464917093
60850 22804.52592 0.18821012161529452 0.7320455467444851 0.057330147842199405 -0.6522265877450224
60850 23224.52592 0.3450448479090086 0.6724808754055925 -0.08804754159006348 -0.6488151936916421
60850 23644.52592 0.48495570340561134 0.5797120282520536 -0.22914566629727473 -0.6133874743189961
60850 24064.52592 0.6010525002037328 0.45821924078520637 -0.35903241735107033 -0.5476008972455375
60850 24484.52592 0.6875283139966465 0.3139228890503826 -0.47126119411060163 -0.45460985922947134
60850 24904.52592 -0.7399780335999266 -0.15399071455374988 0.5601775993482873 0.3389991545847882
60850 25324.52592 -0.755731656403653 0.013614350303859254 0.6213176220217583 0.20651567867942178
60850 25744.52592 -0.733978277074189 0.18054919689018212 0.6516228614115859 0.06376145207954856
60850 26164.52592 -0.6757994968822751 0.33851033907456063 0.6495834859449156 -0.08214064244295624
60850 26584.52592 -0.5841172067133014 0.4796463794460023 0.6153139608357848 -0.2239088410634343
60850 27004.52592 -0.46354224811613487 0.5969579710056176 0.5505526064344753 -0.3544877890880046
60850 27424.52592 -0.3201254892618236 0.6846627131423111 0.458566450343033 -0.46741143650672273
60850 27844.52592 -0.1610164410402292 0.7384819929117181 0.343968316203078 -0.557138985629524
60850 28264.52592 0.005906645724789791 0.7558328022642582 0.2124649952617721 -0.6193064769127284
60850 28684.52592 0.1724803949162963 0.7359189370468577 0.07052106359165172 -0.6509228917892222
60850 29104.52592 0.33058253840127805 0.6797182464827941 -0.0749183684406312 -0.6504502508053303
60850 29524.52592 0.47247628901366506 0.5899406453991723 -0.2167334308611385 -0.6178695745649269
60850 29944.52592 0.5911651206383642 0.4709190368063186 -0.3479508589505882 -0.5546974496692637
60850 30364.52592 0.6807187367847072 0.3284414358497098 -0.4620610466604589 -0.4639480722734547
60850 30784.52592 -0.7365581037972015 -0.16961887834279574 0.5532896146044354 0.3501174063243331
60850 31204.52592 -0.7558564245400438 -0.002387283585337526 0.6170596444020987 0.2188898389806614
60850 31624.52592 -0.7376510093634473 0.16494030423858522 0.6502055397279696 0.07680130552165293
60850 32044.52592 -0.6828601423757176 0.32405420739811386 0.651091937146104 -0.06906653318017916
60850 32464.52592 -0.5942407836710011 0.46706169316088175 0.6196955557105464 -0.2114442811625845
60850 32884.52592 -0.47624426101991074 0.5868860739476179 0.5576102396228674 -0.3432593199312711
60850 33304.52592 -0.3347752736003531 0.6776264163042002 0.4679600564415071 -0.45799709790324755
60850 33724.52592 -0.17685603535055294 0.7348538616427756 0.35521213041609345 -0.5500328055616723
60850 34144.52592 -0.010321300412134849 0.7557902249620716 0.2249860844214129 -0.6148624792799643
60850 34564.52592 0.15667260860201204 0.7394527155102615 0.08368914219943357 -0.6493531417620647
60850 34984.52592 0.31597404674254453 0.6866403631523078 -0.06175877096112495 -0.6518214998637114
60850 35404.52592 0.45977990252014406 0.5998983434956076 -0.20423120806578227 -0.6221045188405112
60850 35824.52592 0.5809705520923525 0.48344867837393873 -0.3366844047949071 -0.561599683536145
60850 36244.52592 0.6735483258809112 0.3429118166893631 -0.4526051106526862 -0.4731730682201723
60850 36664.52592 -0.7327598904075964 -0.1853453891239809 0.5460964964517119 0.36123212246904757
60850 37084.52592 -0.7556325154750901 -0.018633601585203618 0.6124832610718132 0.23137965631314433
60850 37504.52592 -0.7410457720984037 0.1489691113578746 0.6484964957831969 0.09006476821288105
60850 37924.52592 -0.6897454178461021 0.30914372965544096 0.6523665165129784 -0.0556717262867917
60850 38344.52592 -0.6043067122968588 0.45397338162553386 0.6239245988059202 -0.19859421253729956
60850 38764.52592 -0.4890001813862906 0.576307428238164 0.5646030139412463 -0.33162027593340726
60850 39184.52592 0.3495683955316093 -0.6701189083782229 -0.47736396346668475 0.44818102577285995
60850 39604.52592 -0.19277780235759012 0.7308414622185893 0.36643286726052665 -0.542618125214779
60850 40024.52592 -0.02640445143082868 0.7554034224836551 0.2373006070772025 -0.6102105342628956
60850 40444.52592 0.14119174627916573 0.7425703411055724 0.09647369387438046 -0.6475700778164674
60850 40864.52592 0.3017360984376076 0.6930234439863598 -0.04906159778407727 -0.6528911031770985
60850 41284.52592 0.4473403787561566 0.6092402380746061 -0.1921261339935299 -0.6259396668064708
60850 41704.52592 0.5708480548571664 0.49536786424323276 -0.3256699786222547 -0.5680512673738768
60850 42124.52592 0.6661755420403211 0.3570269917753969 -0.4431106009178819 -0.4820735106654261
60850 42544.52592 -0.7286438408165141 -0.2009172567694608 0.5387178844006779 0.3721470814063315
60850 42964.52592 -0.7550723185104922 -0.034549963523835985 0.607760079158959 0.24351546156330048
60850 43384.52592 -0.7439846462040312 0.1335315798845236 0.646602946115104 0.1027657212375483
60850 43804.52592 -0.6959367549637684 0.2949525628894078 0.6533148502450324 -0.043066520462889814
60850 44224.52592 -0.613382697955584 0.4416402088239646 0.6275945672928607 -0.18665650511873663
60850 44644.52592 -0.5005155628948513 0.5663360018935085 0.5707885507941829 -0.3208553171471568
60850 45064.52592 0.36302526322747325 -0.6629232662244244 -0.4857933456281883 0.43903328655164203
60850 45484.52592 -0.20778572633200787 0.7267139325922821 0.3768954571698854 -0.5354080373636944
60850 45904.52592 -0.04243641609729971 0.7546694736502048 0.24949121469518054 -0.6053323631851044
60850 46324.52592 0.12495703209219969 0.7454728285471631 0.10982155228892143 -0.645441886370456
60850 46744.52592 0.28626258673817057 0.6995574104766256 -0.03531414437590772 -0.6537783049996435
60850 47164.52592 0.4336064141842399 0.6190898276392742 -0.1788338788604801 -0.6298664196983152
60850 47584.52592 0.55972255596592 0.50790020041504 -0.3136874429751407 -0.5747592842930488
60850 48004.52592 0.6582606914852989 0.3714049781191216 -0.4331329881121177 -0.49106722440282924
60850 48424.52592 -0.7241993981631624 -0.2163698056790984 0.5311441491278306 0.3828906263383519
60850 48844.52592 -0.7541658299036625 -0.05054175322999961 0.6027740534968052 0.2556225197770893
60850 49264.52592 -0.7466168224629327 0.11790945929938644 0.6444483271083595 0.1155293621133472
60850 49684.52592 -0.7019044467291651 0.2804528439493018 0.6540330951729835 -0.030283005151740792
60850 50104.52592 -0.6223290453444389 0.42894111165843785 0.6310903265823151 -0.17447372794816382
60850 50524.52592 -0.5119432246532917 0.5560231932444327 0.5768354676234501 -0.3098599467460894
60850 50944.52592 0.376350028321206 -0.6554413561758166 -0.494060841863597 0.42972220018759494
60850 51364.52592 -0.22237698921654075 0.7223696245131276 0.38698145711187676 -0.528181741542926
60850 51784.52592 -0.05762914225640439 0.7536480818505711 0.2609312932263285 -0.600506711786789
60850 52204.52592 0.109837156274827 0.7478383747113521 0.12211022094345897 -0.6432438560543601
60850 52624.52592 0.27190994806376406 0.7052493613692344 -0.022729591410063178 -0.6543482896031589
60850 53044.52592 0.42072389847453184 0.6279028111421405 -0.1665516525293064 -0.6332377184375125
60850 53464.52592 0.5489873212881378 0.5194686873227267 -0.3023238043956315 -0.5808317495211758
60850 53884.52592 0.6502721688406464 0.38519863456294884 -0.42329090162322786 -0.4995927651248727
60850 54304.52592 -0.7194358617114195 -0.2316723394418044 0.5233904214291276 0.39344940561315983
60850 54724.52592 -0.7529104856768853 -0.06652345508102286 0.5975505759254476 0.26764480135628577
60850 55144.52592 -0.7489455265182317 0.10198795697096456 0.6420093864344335 0.1284640131371415
60850 55564.52592 -0.7077004034697962 0.26545931956292174 0.6545208867634185 -0.017143435370616265
60850 55984.52592 -0.6313474018473167 0.41553795941759414 0.6344928472374095 -0.16170185301433604
60850 56404.52592 -0.523848992870863 0.5448096119791231 0.5830591806646346 -0.29800454896867706
60850 56824.52592 0.39049397433395727 -0.6470997678073993 -0.5027913877588543 0.4194963252616238
60850 57244.52592 -0.23801933638736017 0.7173524564407954 0.3977616991597372 -0.5201325594746363
60850 57664.52592 -0.07382564401897775 0.7522216646461478 0.27308803953790234 -0.5950926517639978
60850 58084.52592 0.09404538672956585 0.7499776170083527 0.13488633216253784 -0.6406986160567981
60850 58504.52592 0.25736526884322886 0.7106774309888898 -0.010065484197193116 -0.6546750289297434
60850 58924.52592 0.40808803656294595 0.6361799658367293 -0.15462467953031664 -0.6362628497424035
60850 59344.52592 0.5385779913524421 0.5302447954924119 -0.2914553433328906 -0.5863684736807444
60850 59764.52592 0.6424915948237805 0.3980219579805784 -0.4139083058816487 -0.507408105836205
60850 60184.52592 -0.7146134718309991 -0.24610946053207405 0.5158531001942616 0.403302985774004
60850 60604.52592 -0.7513678759865767 -0.08202638961195538 0.592250943592511 0.2792074607821725
60850 61024.52592 -0.7509295449896128 0.08608607148505937 0.6393202688892888 0.1412926061239216
60850 61444.52592 -0.7133268915378319 0.24992306449902088 0.6547443788602038 -0.0036063820316567653
60850 61864.52592 -0.6404210695323947 0.40140100877559737 0.6377612315161479 -0.1483195719651416
60850 62284.52592 -0.5358107575535429 0.5330428078425175 0.5891968904512649 -0.2856907793048696
60850 62704.52592 0.40470425228171936 -0.6383052948864948 -0.5114602815765077 0.40888775852871756
60850 63124.52592 -0.2536212899163642 0.7119837332208617 0.40841514372604504 -0.5118129299903219
60850 63544.52592 -0.0899182424976906 0.7504673855475635 0.28507221089859686 -0.5894465603164691
60850 63964.52592 0.07815869868422615 0.7518008079739387 0.14765471764258312 -0.6378752599902354
60850 64384.52592 0.24233495614542863 0.7159461715897004 0.0029560965812352527 -0.6547412541676649
60850 64804.52592 0.3945277911402055 0.6446840677241978 -0.14187208070122356 -0.6392202965786662
60850 65224.52592 0.5272334868105552 0.5415319085035206 -0.27967898604755 -0.5920706944458011
60850 65644.52592 0.6338912193108793 0.4115847701400578 -0.40364782172992003 -0.515604824533298
60850 66064.52592 -0.7091982192268717 -0.26130656227790644 0.5076192423101701 0.41361754217197505
60850 66484.52592 -0.7494371760706052 -0.09811955582672943 0.5864717697464092 0.2911483044398451
60850 66904.52592 -0.7526115899915021 0.0699006539908036 0.6363099046199886 0.15427053660573697
60850 67324.52592 -0.7185585115972051 0.23447366511110346 0.6546760664326842 0.009747503311272424
60850 67744.52592 -0.6489411790453246 0.3874862003916856 0.6406471759470478 -0.135281139100582
60850 68164.52592 -0.5471430523288151 0.5214098880460071 0.5948671461070376 -0.2736773418071473
60850 68584.52592 0.4182503842565242 -0.6295159444714673 -0.5195979064201026 0.398490034215804
60850 69004.52592 -0.26867615560835323 0.706443350388047 0.4185800606468455 -0.5035291937205927
60850 69424.52592 -0.10567082930906432 0.7484153082121916 0.2966989189699724 -0.5836762405210912
60850 69844.52592 0.06259149601328279 0.7532619079495697 0.16006053116646726 -0.6348696157650809
60850 70264.52592 0.22768974083023016 0.7207453934265877 0.015526379553914041 -0.6545551094544779
60850 70684.52592 0.38143512733972434 0.6525262217487341 -0.1296998658960535 -0.6417902448216207
60850 71104.52592 0.5162307963783439 0.5520431309803697 -0.2684130321457109 -0.5972508606794273
60850 71524.52592 0.625442791604557 0.4243293326493143 -0.3937547019319502 -0.5231855947842671
60850 71944.52592 -0.7037100385330303 -0.27576887583568827 0.49954655291736433 0.4233166075841352
60850 72364.52592 -0.7472459648363036 -0.1136681219578084 0.5806481262676202 0.302573593607156
60850 72784.52592 -0.7539292127598443 0.05401056166950634 0.6331007423275142 0.1669043182180034
60850 73204.52592 -0.7234166470342943 0.2190703907552871 0.6543314169107375 0.02295464074150944
60850 73624.52592 -0.6571483679832761 0.3734250290863902 0.6432512744862954 -0.1222193437247231
60850 74044.52592 -0.5582800850530774 0.5094854628257105 0.6003083692777235 -0.2614914369105053
60850 74464.52592 0.4317102672376403 -0.6203748861617703 -0.5275777040381106 0.3878440562690778
60850 74884.52592 -0.28366741383883876 0.700565547890444 0.428611129135221 -0.4950082942904875
60850 75304.52592 -0.12153429471008399 0.7460091338493081 0.30832860075562757 -0.5776099560939062
60850 75724.52592 0.046573813101577134 0.7544287231240244 0.1727601176197712 -0.6315236523034083
60850 76144.52592 0.21232913375058415 0.7254287389804167 0.028651690722686956 -0.6541013409562316
60850 76564.52592 0.3674906173817848 0.6604918991393393 -0.1168017591111207 -0.6442502979248137
60850 76984.52592 0.5043928522794359 0.5628930507440806 -0.25638218385277933 -0.6025009873820264
60850 77404.52592 0.616295269793804 0.43752095998008317 -0.38318818134415955 -0.5309636218104252
60850 77824.52592 -0.697706541879317 -0.290636989120678 0.49096938984065536 0.4332260151620241
60850 78244.52592 -0.7446750441910874 -0.12947769550427465 0.5744760299839081 0.3141208300954144
60850 78664.52592 -0.754911707182575 0.038024095030125694 0.629628267759398 0.17952918145563335
60850 79084.52592 -0.7279097081225561 0.20367956115893307 0.6537298636449633 0.036046616564906354
60850 79504.52592 -0.6649448367779033 0.3593807687019515 0.6455603094226207 -0.10929645020663868
60850 79924.52592 -0.5690370302672029 0.49745637183702546 0.605442946070553 -0.24934485227659048
60850 80344.52592 0.4449249476711596 -0.6109740145175737 -0.535314658311166 0.3770819024048956
60850 80764.52592 -0.2987015851161648 0.6942922798070704 0.43858879729848826 -0.4861845947103391
60850 81184.52592 -0.1376392031025733 0.7432087175001568 0.32005933479283827 -0.5711902259431848
60850 81604.52592 0.030226145890869218 0.7552635813371255 0.18564449184280263 -0.6278530285495411
60850 82024.52592 0.1965701920045968 0.7298621640475097 0.042032066461466316 -0.6533717827517048
60850 82444.52592 0.35313208613278063 0.6682860924771122 -0.10362384709207177 -0.6464932533747139
60850 82864.52592 0.4921603085607318 0.5736262665111886 -0.2440820902042641 -0.607581328126003
60850 83284.52592 0.6067847133920208 0.4506240743319485 -0.3723764569075587 -0.5385963512383005
60850 83704.52592 -0.6913663787938339 -0.30541518885485536 0.4821754751679469 0.4429908620240588
60850 84124.52592 -0.7417845432814762 -0.14512073163144745 0.5681288385427842 0.32546165275723676
60850 84544.52592 -0.7555419049540613 0.022243285267048038 0.6259684440126873 0.19189886195403097
60850 84964.52592 -0.7320019014085769 0.18845509827707987 0.6528915645005713 0.04889271184543358
60850 85384.52592 -0.6723274162175903 0.3453817960276066 0.6475869514052649 -0.09653186388213496
60850 85804.52592 -0.5794243552281344 0.48532403368564875 0.6102866408901795 -0.23723029917473246
60850 86224.52592 -0.4578887992704416 0.6013211725017401 0.542811944449181 -0.36620470773476543
60851 244.52592 -0.3137228435042669 0.6876324525411812 0.4484812136622365 -0.47707880760713417
60851 664.52592 -0.1538900251403435 0.7400095763931002 0.33182642217472436 -0.5644421250717654
60851 1084.52592 0.013474803270646474 0.7557429024642213 0.19878296037111604 -0.6238240374639847
60851 1504.52592 0.1800933143207994 0.7340983679089912 0.05595805502712061 -0.6523301928072063
60851 1924.52592 0.33777375065237303 0.6761769222809276 -0.0895973779980259 -0.6485876756467085
60851 2344.52592 0.47877350871415514 0.5848447613989484 -0.23070674602955424 -0.6127862023203515
60851 2764.52592 0.596144736862736 0.4646044511641873 -0.3604108453597635 -0.5466792288137023
60851 3184.52592 0.6840663488184889 0.32141920312976585 -0.47228038693992397 -0.45353518318366826
60851 3604.52592 -0.7382374102146082 -0.16216821367252005 0.560887480267448 0.3378050193723081
60851 4024.52592 -0.7558441965724181 0.005342707155156363 0.621769032502516 0.2051201506652508
60851 4444.52592 -0.7358511239206128 0.17279911885027685 0.6517780623570844 0.0620398692727777
60851 4864.52592 -0.6792520401276299 0.3315508615086438 0.64933033924522 -0.0840285829406661
60851 5284.52592 -0.589001033133953 0.4736518532148566 0.614638107468582 -0.22572483638427498
60851 5704.52592 -0.46973929297592615 0.5921059015155561 0.549557178552183 -0.3560091368584404
60851 6124.52592 -0.32750341996196003 0.6811713382385965 0.45744351499324704 -0.46850031853359764
60851 6544.52592 -0.16935801076449894 0.7366163917270525 0.34292380230201747 -0.5577790077115098
60851 6964.52592 -0.0030362111397325736 0.7558503161259693 0.21163752566771502 -0.6195890886413626
60851 7384.52592 0.16342822361459014 0.7379827171066556 0.0699489438557791 -0.6509837710968825
60851 7804.52592 0.3220068495934224 0.6838228136361079 -0.07530383022211104 -0.6504054746998946
60851 8224.52592 0.4649747333528509 0.5958679298213179 -0.2170629863493465 -0.6177568838232445
60851 8644.52592 0.5852166569726317 0.4782808755310722 -0.3483229570741869 -0.5544727099489228
60851 9064.52592 0.6766335460255372 0.33675396333938107 -0.46250097749762187 -0.4635263297611805
60851 9484.52592 -0.7344901886220562 -0.17831176763357698 0.5537766188951918 0.3493716255026087
60851 9904.52592 -0.7557711335519183 -0.010923468870077238 0.6174839151043893 0.21772525371405188
60851 10324.52592 -0.7393746775848947 0.156988310792427 0.6504007891480336 0.07522346639439505
60851 10744.52592 -0.6861806455318262 0.31694139042933317 0.6509055986764095 -0.07089554528989943
60851 11164.52592 -0.5989682242822174 0.46096916156934853 0.619069875573624 -0.21330022864384607
60851 11584.52592 -0.4820260659682175 0.5821342453133544 0.5564860868257877 -0.3450997353374484
60851 12004.52592 -0.3412083548688779 0.6743999633659123 0.46628181958573084 -0.4597203635945984
60851 12424.52592 -0.18358379063922536 0.7331930447692163 0.3529996678811486 -0.5514673021969461
60851 12844.52592 -0.016818884464309212 0.7556647709216509 0.22216127939601138 -0.6158995413624144
60851 13264.52592 0.15065288402894828 0.7406937032966795 0.08040241391255577 -0.6497784224390996
60851 13684.52592 0.3105470101441344 0.6891014109465934 -0.06522538952115127 -0.6514947800894241
60851 14104.52592 0.45501878945828494 0.603502590771525 -0.20753603096433104 -0.6210244117774649
60851 14524.52592 0.5769999036233074 0.48815619011312994 -0.33953527588291144 -0.55990217154789
60851 14944.52592 0.6705124714387205 0.34876639309421736 -0.4547410905673893 -0.47115344553846816
60851 15364.52592 -0.7309805067798076 -0.19216478707787166 0.5475172089842181 0.3591171106775392
60851 15784.52592 -0.755394731035056 -0.026041105176015072 0.6132899619756841 0.22929475289581133
60851 16204.52592 -0.7424977492405752 0.1414579232163631 0.6487935744048612 0.08805479057358172
60851 16624.52592 -0.6928442898122227 0.30208968483998544 0.6522152870323413 -0.05765268206420078
60851 17044.52592 -0.6088124306448122 0.4478811281137769 0.6233053200704637 -0.20060009308009566
60851 17464.52592 -0.4947521012454152 0.5713492836447276 0.5635640900427947 -0.3334304587258638
60851 17884.52592 0.35622813226189487 -0.6665756388635332 -0.4759232336521164 0.4497504987534615
60851 18304.52592 -0.20002710048962044 0.7288645311907946 0.36466198818994683 -0.5438449122783934
60851 18724.52592 -0.033670338748428355 0.755089370286154 0.23510697861834817 -0.6110900586446952
60851 19144.52592 0.1342373349669393 0.7438339765670788 0.09396309261678952 -0.6479678158915525
60851 19564.52592 0.29542342892883294 0.6957110691866818 -0.05177936396565317 -0.6527097389486135
60851 19984.52592 0.4419145320560241 0.6131566294642261 -0.19487788736923994 -0.625118471264669
60851 20404.52592 0.5664855562701059 0.500314028222512 -0.3282441763045597 -0.5666001662753491
60851 20824.52592 0.6630148731130343 0.36281474430883703 -0.44530009604408244 -0.480088079216878
60851 21244.52592 -0.7267864923392746 -0.20745676588312548 0.5403138897567434 0.369870227753499
60851 21664.52592 -0.7546766730072799 -0.041947015669242485 0.6086170360071381 0.2414308815727458
60851 22084.52592 -0.7453436325390335 0.12560266064547962 0.6468913408527921 0.10108627108550154
60851 22504.52592 -0.6992303438142536 0.2870038216504105 0.6532566340260885 -0.04428885580329395
60851 22924.52592 -0.6185462388337561 0.4343439107818629 0.6273497262570573 -0.18755862698507475
60851 23344.52592 -0.507245114730628 0.5602897271144496 0.5703960860191293 -0.32159931642649
60851 23764.52592 0.37082592350103166 -0.658567115729057 -0.4851820733798267 0.439745203738222
60851 24184.52592 -0.216066155984355 0.7242718603259806 0.37593013359074895 -0.5361177326264533
60851 24604.52592 -0.050622075008105394 0.7541430081352246 0.24804655283528912 -0.6059526684726776
60851 25024.52592 0.11732108954020716 0.7466916150112938 0.1078715450369331 -0.6457949549139179
60851 25444.52592 0.27947190435020275 0.7022762487489298 -0.03765297193478547 -0.6536710019776619
60851 25864.52592 0.4278180342236682 0.6230819402019797 -0.1813222344746156 -0.6291763446540766
60851 26284.52592 0.5550162406134607 0.5130176475299061 -0.31601657294958124 -0.5735009952906658
60851 26704.52592 0.6547333610825536 0.37756509519698844 -0.435028849347859 -0.48940650282715814
60851 27124.52592 -0.7220341556924367 -0.22344769815243262 0.5324721949449239 0.38106582871522904
60851 27544.52592 -0.7536073295869334 -0.0581184238017534 0.6035987396648358 0.2537061352878023
60851 27964.52592 -0.7478049616302228 0.11004078440811522 0.6447728305658218 0.11378383932793704
60851 28384.52592 -0.7049344157835178 0.2727138452291466 0.6539771371229554 -0.03175739574881346
60851 28804.52592 -0.627146494109133 0.42184537822500917 0.6307702024428175 -0.1756778401138549
60851 29224.52592 -0.5183353109963257 0.5500562574881109 0.5763243465906849 -0.3108325377101558
60851 29644.52592 0.38393745580248034 -0.6510176456358626 -0.4933673688196912 0.4305307125938771
60851 30064.52592 -0.23048943560669669 0.7198181341446265 0.385927269728247 -0.5289580477791748
60851 30484.52592 -0.06545745770453547 0.7530068907656473 0.25921021393225674 -0.6012536974385314
60851 30904.52592 0.10309728568939847 0.7487963162802521 0.11937334104133948 -0.6437585198327329
60851 31324.52592 0.2666904065201802 0.7072394948539124 -0.02656413656088479 -0.6542039977236905
60851 31744.52592 0.4169117094757053 0.6304437693135427 -0.17109141433261854 -0.6320229490908078
60851 32164.52592 0.5462231917608806 0.522381585159015 -0.30691253699781107 -0.5784136918355913
60851 32584.52592 0.6482422231763403 0.3886154296311577 -0.42725809848865687 -0.496196115683954
60851 33004.52592 -0.7180540097354372 -0.2359394512500792 0.5262434510343778 0.38961371214332363
60851 33424.52592 -0.7524189336254671 -0.07193245824003439 0.5991524859462459 0.2640222876158267
60851 33844.52592 -0.7498191235510508 0.09540249875317894 0.6425674527423962 0.12560538947406746
60851 34264.52592 -0.7104534086788502 0.25801886957913933 0.6544642117947788 -0.01894234720262306
60851 34684.52592 -0.6361848299320562 0.4081038180954629 0.6342408467450362 -0.16266125580594018
60851 35104.52592 -0.5304889830448523 0.5383566863963859 0.5827540157783558 -0.298582106253107
60851 35524.52592 0.3983972161883922 -0.642277997855006 -0.5023620985685148 0.41998923025066026
60851 35944.52592 -0.24631254404858524 0.7145621128812553 0.39688169136159007 -0.5207840632555429
60851 36364.52592 -0.08176260438484712 0.7514149433921019 0.2714769201277814 -0.5958109945353356
60851 36784.52592 0.0869956778706815 0.7508428374333304 0.13241496652412257 -0.6411965861943602
60851 37204.52592 0.25140943998468046 0.7128225910249076 -0.013247916278760444 -0.6546004429615041
60851 37624.52592 0.4031241438987023 0.6393571301947242 -0.15807389496864724 -0.6353943880807778
60851 38044.52592 0.5346631974409108 0.5342163278287344 -0.2948723804011337 -0.5846353219401074
60851 38464.52592 0.6395442211711952 0.4027753267738257 -0.4168455242660389 -0.5049703300275559
60851 38884.52592 -0.7126908042915213 -0.25167823315265075 0.5180203619434662 0.40048069747170656
60851 39304.52592 -0.7506621769933869 -0.08840836629034536 0.5935467059784948 0.27639204877040063
60851 39724.52592 -0.7517212603883177 0.0790537519267299 0.6398408132660784 0.1388142091628572
60851 40144.52592 -0.7158626802668189 0.24262297004524785 0.6547087922460292 -0.005578060897384687
60851 40564.52592 -0.6447775800506881 0.3943991577717216 0.6373935458499361 -0.14980201708181592
60851 40984.52592 -0.5418054014041828 0.5269716578877814 0.5886194008349788 -0.28683615489147457
60851 41404.52592 0.4118850914493552 -0.6337151162065959 -0.5106383292748405 0.4098832999872238
60851 41824.52592 -0.26134388454696356 0.7092038971020432 0.4071790593077149 -0.5127713135565036
60851 42244.52592 -0.09765174807694364 0.7495177727077664 0.28333073731545666 -0.5902634477798756
60851 42664.52592 0.07098361497426815 0.7525292094547232 0.145290154993953 -0.6383979058427958
60851 43084.52592 0.2359878140413947 0.7180816322702742 9.25167812381863E-5 -0.6547278155544239
60851 43504.52592 0.38915442649210386 0.6479622928164116 -0.1450015517224959 -0.6384968672027834
60851 43924.52592 0.5228296814960722 0.5458092096138152 -0.2826926456090339 -0.5906151868738418
60851 44344.52592 0.6306242045134871 0.4166039345238441 -0.40636789432518844 -0.5134388073399756
60851 44764.52592 -0.7071793528429627 -0.2667678887996651 0.5098839636961962 0.41079264840480534
60851 45184.52592 -0.7487097168215888 -0.10363936655912737 0.5881530558397249 0.2876953676070446
60851 45604.52592 -0.7530775526662427 0.06487374680150435 0.6372893766463135 0.15009279483009821
60851 46024.52592 -0.7199868524024852 0.23010244108341618 0.6547107281057217 0.005065715970192501
60851 46444.52592 -0.6510919503395548 0.3838906128215964 0.6395703049027085 -0.1402037612803243
60851 46864.52592 -0.5498793560857798 0.5185417269947039 0.5926458616323348 -0.27842064184630005
60851 47284.52592 0.42148777412376137 -0.6273657812366377 -0.5163424199792429 0.4026794483550403
60851 47704.52592 -0.2724077230872412 0.7050221451182734 0.4145525151448503 -0.506837271204804
60851 48124.52592 -0.11006552371537721 0.7477877286748488 0.29239064376195306 -0.5858385483843148
60851 48544.52592 0.057516951340933375 0.753670981162407 0.15593559275509497 -0.635889883057009
60851 48964.52592 0.2221856148467036 0.7224658874081714 0.011864697659816825 -0.6546264759663764
60851 49384.52592 0.37595878257597054 0.6557004159942541 -0.1328145441304583 -0.641149167617314
60851 49804.52592 0.5113432144566296 0.55657424409732 -0.2710494826625398 -0.596058223485783
60851 50224.52592 0.6216434199066717 0.4298724766798458 -0.39602707771084183 -0.5214706760688309
60851 50644.52592 -0.7013323250392625 -0.2817556097219689 0.5015393460525909 0.42095727883760753
60851 51064.52592 -0.7463282989047259 -0.11953301610841965 0.582271058339378 0.2994433885300245
60851 51484.52592 -0.7542868510027245 0.048729642196350995 0.6341313133482279 0.16295473545454522
60851 51904.52592 -0.72473907136927 0.2146477492762614 0.6544807570176138 0.018291004759022702
60851 52324.52592 -0.6591905284940488 0.3698042082568665 0.642289214368117 -0.12718985732217733
60851 52744.52592 -0.5609143811618263 0.5065782625835414 0.5981892582715624 -0.2663139729195675
60851 53164.52592 0.43487834995306873 -0.6181487133642264 -0.5244202985781496 0.39211776209125254
60851 53584.52592 -0.28743862391381625 0.699014693052 0.42472530783605783 -0.4983632302482957
60851 54004.52592 -0.12595630958240908 0.7452613318889302 0.30411399911422476 -0.5798579401976587
60851 54424.52592 0.04156111906983592 0.7547064725013163 0.16860586135383343 -0.6326633206243387
60851 54844.52592 0.20693469618861707 0.7269702188378361 0.024856713862623194 -0.6542740069818953
60851 55264.52592 0.3621248321085925 0.6634297049430128 -0.12011700003151803 -0.6436602666570146
60851 55684.52592 0.499566860982334 0.5671559270275569 -0.2592323835086371 -0.6013033154625048
60851 56104.52592 0.6124873767214467 0.4428048244084965 -0.38565137668428273 -0.5292032846638035
60851 56524.52592 -0.6952441013781996 -0.29642650579137275 0.4931105458019702 0.43082357848894487
60851 56944.52592 -0.7436247404099497 -0.13525312746074658 0.576207811018015 0.3109877738499526
60851 57364.52592 -0.7551369944216298 0.032715278888466426 0.6307549767238863 0.17563026368245038
60851 57784.52592 -0.7291473629514427 0.1991147971047873 0.6539919696377898 0.03149483011798407
60851 58204.52592 -0.666936626183341 0.3556233014458167 0.6447379131234904 -0.11419556692414452
60851 58624.52592 -0.5716140375236692 0.4944606584281373 0.6034560522778161 -0.25417876060358774
60851 59044.52592 0.44799270879732983 -0.6086991682276007 -0.5322426586887997 0.3814519730389865
60851 59464.52592 -0.302306841765835 0.692701325443653 0.43470770973647904 -0.48969853404501584
60851 59884.52592 -0.14184925526619155 0.7423897919184865 0.31576092015060203 -0.5736124361808225
60851 60304.52592 0.0254319056847972 0.7554139071469652 0.18133813970358537 -0.629141896674382
60851 60724.52592 0.19136720978257915 0.7312164664191875 0.03804372492501849 -0.6536464986912246
60851 61144.52592 0.3478866841419528 0.6710015133844147 -0.10712393069864305 -0.645953781244614
60851 61564.52592 0.4873576853684496 0.577677449222962 -0.2470739362025782 -0.6064039257961015
60851 61984.52592 0.6029104290544135 0.4557479908815042 -0.3749357522553422 -0.5368574904251742
60851 62404.52592 -0.6887720665235725 -0.31115019557262263 0.48436347531314317 0.4406479546696435
60851 62824.52592 -0.74057358849384 -0.15103127390857599 0.5698563652209938 0.3224965695073772
60851 63244.52592 -0.7556557513707468 0.01665545126223845 0.6271087813072309 0.18825928335920866
60851 63664.52592 -0.733214304241627 0.1835577871399139 0.653231751669209 0.04462736208809124
60851 64084.52592 -0.6743559082625873 0.3413398121749623 0.6469064000733918 -0.10120944204859088
60851 64504.52592 -0.5820308009599827 0.4821522838227517 0.6084553138103811 -0.24197407512850688
60851 64924.52592 -0.460896706376047 0.5989877483371913 0.5398298444135868 -0.37063680669093824
60851 65344.52592 -0.3170549338470226 0.6860790366536677 0.444507080476199 -0.48081719997745653
60851 65764.52592 -0.15770636925029127 0.7391868228265634 0.32728930142533674 -0.567109561927831
60851 66184.52592 0.009262749493111996 0.7557900019032732 0.19401479991917475 -0.6253430513783619
60851 66604.52592 0.17569648633123086 0.7351466424685165 0.05123119947336447 -0.6527369477505063
60851 67024.52592 0.3334953064310124 0.6782797807123102 -0.09408396296158984 -0.6479703909738372
60851 67444.52592 0.4749526030013269 0.5879306193257814 -0.23483118672113648 -0.6112380268803714
60851 67864.52592 0.5931031319128781 0.4684526614714035 -0.36409711650833937 -0.5442555177724948
60851 68284.52592 0.6820344059905488 0.3256687078615304 -0.475455943921543 -0.45023394713703563
60851 68704.52592 -0.7372217119196713 -0.16665165012736177 0.5633037390935043 0.3337967532905821
60851 69124.52592 -0.7558462378506052 6.859025270607352E-4 0.6232211241495665 0.20072723950316307
60851 69544.52592 -0.7369431889028282 0.16800503289738739 0.6521991795181505 0.05766520169677325
60851 69964.52592 -0.6814520157138848 0.3269677268903441 0.6487902553174696 -0.08824092280080267
60851 70384.52592 -0.5921627479837868 0.4696682841438396 0.6131790069042773 -0.22970957372638123
60851 70804.52592 -0.4735759760026867 0.5890230500870111 0.5471748325153586 -0.35969062273165564
60851 71224.52592 -0.33165383785666164 0.6791467949216203 0.4541152344605707 -0.4717464537370244
60851 71644.52592 -0.17349315758912215 0.7356449311694659 0.33868085295798206 -0.560376604931078
60851 72064.52592 -0.006911094858042047 0.7558194244397765 0.2066099795845196 -0.6212902306840762
60851 72484.52592 0.15995290964876424 0.738738613095542 0.06438932324790841 -0.6515630002296369
60851 72904.52592 0.31896999798998493 0.6852396332974278 -0.08102737185394054 -0.649722517965261
60851 73324.52592 0.4623620968504507 0.5978940582912129 -0.2225266204002642 -0.6158131938090925
60851 73744.52592 0.5830630127650385 0.480905205929937 -0.35315240460894926 -0.5514082744879318
60851 74164.52592 0.6750267568886602 0.3399717340170014 -0.46640685209103877 -0.4595897582370379
60851 74584.52592 -0.7335639048064416 -0.18210897225379447 0.5565689379775225 0.3448932256052084
60851 75004.52592 -0.7557023879922175 -0.015198630232692504 0.6191091241589569 0.2130417677476395
60851 75424.52592 -0.7403289231182395 0.15244838347508238 0.6509118793639483 0.07061374705618433
60851 75844.52592 -0.6882195457009069 0.31250113971509197 0.6504062761553773 -0.07528990987975008
60851 76264.52592 -0.6020028414019 0.45700650279284816 0.6176401125382148 -0.21738980365433608
60851 76684.52592 -0.48602077022629514 0.5788099103325919 0.5542808397194606 -0.3486196341706898
60851 77104.52592 -0.346089637173744 0.6719134846859589 0.46352446273658787 -0.4624924913799958
60851 77524.52592 -0.18918673692365717 0.731772052376973 0.3499191034668976 -0.5534208732611143
60851 77944.52592 -0.023064345322104184 0.7555054116243476 0.21910338622199357 -0.6169872892752682
60851 78364.52592 0.1441553907827574 0.741991638885209 0.07750345890833478 -0.6501237151419382
60851 78784.52592 0.3043161318997418 0.6918829216162746 -0.06795557572910492 -0.6512079194609299
60851 79204.52592 0.44957401725813606 0.6075802988524516 -0.21014823246129635 -0.6201347465238016
60851 79624.52592 0.5727549593379895 0.49314750272643926 -0.34206809154806106 -0.5583428318274374
60851 80044.52592 0.6677076588491236 0.35414069260440095 -0.4571680820903833 -0.46877307609727137
60851 80464.52592 -0.7295686492812403 -0.19752199026448009 0.5496041869410456 0.3558790342866201
60851 80884.52592 -0.7552176187026942 -0.03115372113277834 0.6147367391862678 0.2253320562087154
60851 81304.52592 -0.7434054193566647 0.13669793286297122 0.649358501973549 0.08363966485346852
60851 81724.52592 -0.6947520349581493 0.29771771686878973 0.6517832705370785 -0.06214772105182246
60851 82144.52592 -0.6117115773956986 0.4439420344844693 0.6219216249029768 -0.20478747172592748
60851 82564.52592 -0.49844478776707085 0.5681536793838989 0.5612854004207175 -0.3372134182160197
60851 82984.52592 -0.36059867831996306 0.6642419883716317 0.4729067050576162 -0.4528911816204258
60851 83404.52592 -0.2049206060051505 0.727522694251108 0.3611119915394834 -0.5461834894524719
60851 83824.52592 -0.03920658911383084 0.7548395596722988 0.2315087305212013 -0.612440846299666
60851 84244.52592 0.1283689381277947 0.7448864846201154 0.09051924961166109 -0.6484379740607198
60851 84664.52592 0.2896013948011998 0.6981732665719727 -0.054931875671383086 -0.6524320738656589
60851 85084.52592 0.4365976946202345 0.616974954346563 -0.19770560587295302 -0.6242089811655721
60851 85504.52592 0.5621575650818551 0.5051981042151827 -0.3308160009816762 -0.5650792165821682
60851 85924.52592 0.659945060926924 0.36840455434912484 -0.44756629534227005 -0.4779487547494785
60851 86344.52592 -0.7251031969983828 -0.21332329915856107 0.5421850509853146 0.367088401106441
60852 364.52592 -0.7543540015242383 -0.04765038365202488 0.6099509246328317 0.23799023270239042
60852 784.52592 -0.7462185571564975 0.12039743310905576 0.6474884475215468 0.09706200792360797
60852 1204.52592 -0.7010846030458739 0.2824878900212791 0.6529245885199658 -0.04868729885060711
60852 1624.52592 -0.621191630927414 0.4305807267201834 0.6259824393145589 -0.19200828396882474
60852 2044.52592 -0.5105353518680811 0.5573146651991427 0.568008693835911 -0.3257608665474176
60852 2464.52592 0.37465086182391905 -0.6564147551575849 -0.4819078230710917 0.4433071745515564
60852 2884.52592 -0.2202255145746981 0.7230300499547226 0.37191856323501493 -0.5388922451789253
60852 3304.52592 -0.054893980506413136 0.7538531702779575 0.24348016883517637 -0.6077906349640708
60852 3724.52592 0.11306420090121293 0.7473561748484121 0.1030410931980725 -0.6465738685587796
60852 4144.52592 0.2753597241654107 0.7039068793053657 -0.0424393826850234 -0.653368981794701
60852 4564.52592 0.4240216375155313 0.6256794964028053 -0.18577982607528107 -0.6278667652641104
60852 4984.52592 0.5517419376170298 0.5165443942436551 -0.31991596939612493 -0.5713287106171007
60852 5404.52592 0.6522195022086443 0.3818959141847619 -0.43822754438893413 -0.48654069820163864
60852 5824.52592 -0.7204928308851952 -0.2283704031432027 0.5348833149062214 0.37767297897278856
60852 6244.52592 -0.7531668838065256 -0.06357994146606148 0.6050927664620747 0.25011993154407525
60852 6664.52592 -0.748619763835244 0.10436289277168591 0.6453984254175413 0.11017126792475213
60852 7084.52592 -0.7070452321630439 0.26719789807054334 0.6537952737278728 -0.03527127717118659
60852 7504.52592 -0.6304530804592753 0.4168905092913312 0.6298272728687373 -0.1790218504902524
60852 7924.52592 -0.5226519952148029 0.5459594615324703 0.5746625250270199 -0.31388873919070526
60852 8344.52592 0.38901465717476397 -0.6479993160087304 -0.49104557507660285 0.4331728594373232
60852 8764.52592 -0.2360529115348965 0.7180133290081251 0.383041038193901 -0.5310512643633445
60852 9184.52592 -0.07135610755356322 0.7524694238169622 0.25599622186802456 -0.602630904057094
60852 9604.52592 0.09689770499886972 0.7496217325309897 0.11622117565579275 -0.6443374358303068
60852 10024.52592 0.26035268978701137 0.7095945991798974 -0.029331265304855712 -0.6540884180376574
60852 10444.52592 0.4108922171853174 0.6343779252545854 -0.17341226455319161 -0.6313956131529229
60852 10864.52592 0.5410376106988459 0.5277381193240906 -0.30884121015517735 -0.5773975130977284
60852 11284.52592 0.644344895331478 0.39501815507884186 -0.4288919088496732 -0.49480505609952924
60852 11704.52592 -0.7157214831867238 -0.2428758577959802 0.5276218571882443 0.38777474391983174
60852 12124.52592 -0.751714611661823 -0.07881959781481648 0.6002281065550559 0.2616081682894432
60852 12544.52592 -0.7505875788767542 0.08904480889570957 0.6431692108076834 0.12256702131356749
60852 12964.52592 -0.712420870201484 0.25249706186269116 0.6543661391525679 -0.02250985079094876
60852 13384.52592 -0.6390746042311709 0.40353924055307194 0.633258156719449 -0.16650477022868765
60852 13804.52592 -0.5341150932309058 0.5347383268135102 0.5808367118226883 -0.3023321074888272
60852 14224.52592 0.4027023383751183 -0.6395679212709475 -0.49964477743091845 0.4232479145068274
60852 14644.52592 -0.2513378694740524 0.7127926884206893 0.3936765776561875 -0.523234756975454
60852 15064.52592 -0.08752199181359395 0.7507496751222211 0.2681791576235842 -0.5973229994476738
60852 15484.52592 0.08063650575686963 0.7515362107731655 0.12937331994779275 -0.641836133231622
60852 15904.52592 0.2448170877784302 0.7150965118766113 -0.01585877919742084 -0.6545609760411627
60852 16324.52592 0.3968933296810461 0.6432232086580268 -0.16031422052021282 -0.6348534786841461
60852 16744.52592 0.5293227357672647 0.539481567095469 -0.29681160191822736 -0.5836779532677341
60852 17164.52592 0.6355256932535045 0.4090447543251395 -0.4185634918922156 -0.5035812600055068
60852 17584.52592 -0.710257892217738 -0.2583988362075582 0.5195471766665097 0.3985404611916512
60852 18004.52592 -0.7498577846394965 -0.09482289248885928 0.5948550622852445 0.27362269048675497
60852 18424.52592 -0.7522454356618634 0.07369333088145012 0.6406999357610211 0.13490622604355168
60852 18844.52592 -0.7171918967957936 0.2386005257297601 0.6546706367202914 -0.010579683746786143
60852 19264.52592 -0.6464818051705856 0.39155859271558086 0.6360643582048002 -0.1554518455197317
60852 19684.52592 -0.5437561006486171 0.524927498045762 0.5858876452350865 -0.2924313457270149
60852 20104.52592 0.4142590414417383 -0.6321385829115107 -0.5067513535267203 0.41472077868999535
60852 20524.52592 -0.2645279507493288 0.7079957385206058 0.40269991152878953 -0.516333011499098
60852 20944.52592 -0.1019738490431838 0.7489155092876775 0.2789270214077827 -0.5923905897195524
60852 21364.52592 0.06545704801970584 0.7530040236890164 0.14152343296355785 -0.639274145492297
60852 21784.52592 0.22967618707516227 0.7200982075352017 -0.002839369119397769 -0.654751371574133
60852 22204.52592 0.382740019715174 0.651742544285455 -0.14717300293681468 -0.6380296548619901
60852 22624.52592 0.5171656369144358 0.5511462822066356 -0.28444219774076956 -0.5898051506634122
60852 23044.52592 0.6262321714185816 0.42313985154171146 -0.40782973681108414 -0.5123093199330152
60852 23464.52592 -0.7044024167552035 -0.27396212601993286 0.5111470921961935 0.40925620204884255
60852 23884.52592 -0.7476313730093856 -0.1110226453889743 0.5891387840879343 0.2857215346912538
60852 24304.52592 -0.7536574443737997 0.05750580788944214 0.6378263830568234 0.14788861915504575
60852 24724.52592 -0.7221266622763852 0.2232340921544965 0.6547463264069784 0.002621409180541968
60852 25144.52592 -0.6546992091733328 0.37766871530331014 0.6390624851247613 -0.14259883272707483
60852 25564.52592 -0.5548061966963062 0.5132411215716798 0.591636069203736 -0.28060719315864996
60852 25984.52592 0.427535037168244 -0.6232400783491197 -0.5149180982976964 0.40453052885834884
60852 26404.52592 -0.27932008833947863 0.7022953303322849 0.4128271767965082 -0.5082669370928208
60852 26824.52592 -0.1175257848894995 0.7466371114417424 0.2904809452326467 -0.5868062151688463
60852 27244.52592 0.04988930915091331 0.754201043406551 0.1539381955262442 -0.6363920764081198
60852 27664.52592 0.21480611370017905 0.7246810461706543 0.009859349630598566 -0.6546743526845186
60852 28084.52592 0.3692413140885164 0.6594946345273882 -0.13476529995399258 -0.6407542375420413
60852 28504.52592 0.5056611966707782 0.5617325692487908 -0.2728906225136896 -0.5952259931914264
60852 28924.52592 0.6172875803797023 0.4360971057136499 -0.3976891824242574 -0.5202102187384212
60852 29344.52592 -0.6984991596145025 -0.2886957663565816 0.5029377070600426 0.4192938603447547
60852 29764.52592 -0.7451194958316921 -0.12681937093178158 0.5833097303827882 0.2974282140765251
60852 30184.52592 -0.7547168855374102 0.04145301531676876 0.6347178587291925 0.16067765873352827
60852 30604.52592 -0.7267364207894875 0.20776784398750842 0.654550402780147 0.015826178414723172
60852 31024.52592 -0.6626441013104865 0.3635687987124722 0.6418046413538261 -0.12964307130685476
60852 31444.52592 -0.5657032803666204 0.5012193876581573 0.5971932849323216 -0.26855000363018006
60852 31864.52592 0.4407385785268244 -0.6139836259791666 -0.5229533504705823 0.39407284308769785
60852 32284.52592 -0.29402616580190377 0.6962724295927223 0.42282301174496434 -0.49997401767671545
60852 32704.52592 -0.13286413808717357 0.7440658891112013 0.3018027967433983 -0.5810577814205512
60852 33124.52592 0.034703069665910594 0.7550585148940051 0.16596508571701057 -0.633354502916627
60852 33544.52592 0.20045736903915226 0.728789175350615 0.022012751451178977 -0.6543688714045163
60852 33964.52592 0.3563044379196819 0.6665833188096639 -0.12299439711378463 -0.6431066823490875
60852 34384.52592 0.49462699427509055 0.5714826599801747 -0.2619553944357594 -0.6001092210609493
60852 34804.52592 0.6086310961185953 0.4481079550189643 -0.38805015299453244 -0.5274320129145736
60852 35224.52592 -0.6926529916312684 -0.3024604234477337 0.49505203991126456 0.42857088469909793
60852 35644.52592 -0.742422114062768 -0.14176997343371434 0.5775777647626336 0.3084065577042324
60852 36064.52592 -0.7554107554407202 0.02599548890651256 0.6314964369582319 0.17289035609324674
60852 36484.52592 -0.7309326390692168 0.19250814445588155 0.6541033255871822 0.028756406542753906
60852 36904.52592 -0.6701807467087584 0.3494968944988369 0.6442535967740557 -0.1168203343611567
60852 37324.52592 -0.5761948917774219 0.48913280803334047 0.6024341525968028 -0.25655727348877977
60852 37744.52592 -0.45368283282096417 0.6044888890287571 0.5307435590705036 -0.3835053386192934
60852 38164.52592 -0.30878773295007617 0.6898568286013601 0.4327878553411935 -0.49136785027186736
60852 38584.52592 -0.14868213564896393 0.7410706125754295 0.31342936682235767 -0.5748652030948443
60852 39004.52592 0.01862530955914412 0.7556308784341466 0.1786651960108667 -0.6298839743437397
60852 39424.52592 0.18491222700456877 0.7328947800536015 0.035156759753210524 -0.6537864421338583
60852 39844.52592 0.34205482474296917 0.6740155384091691 -0.11005485115934122 -0.6454374335203606
60852 40264.52592 0.482372056002293 0.5818732263286689 -0.2498572832540667 -0.6052372147141015
60852 40684.52592 0.5989804359358359 0.4609350579650411 -0.37739801286927155 -0.5351000369904728
60852 41104.52592 -0.6860726418965003 -0.3171065475298809 0.48635785703796997 0.43841054099128307
60852 41524.52592 -0.7392428298436022 -0.1575103105191635 0.5712744752208386 0.3199312653776356
60852 41944.52592 -0.7557937742196461 0.009940445776610785 0.6278982396997607 0.1855283239037284
60852 42364.52592 -0.734861406003528 0.176934590308586 0.6533902908458099 0.041880694207219606
60852 42784.52592 -0.6774621469048819 0.3351765067891833 0.6464631196414578 -0.10386136794334495
60852 43204.52592 -0.5864644715909622 0.4767771135811399 0.607457780223593 -0.2444136918681019
60852 43624.52592 -0.4664256627066631 0.5947121753385991 0.5383288003115084 -0.3727822855606926
60852 44044.52592 -0.3233671764578508 0.6831429838389215 0.4425518530856317 -0.48259422929807794
60852 44464.52592 -0.1644441490493653 0.737731917540033 0.32493933709982786 -0.568440117243022
60852 44884.52592 0.0024727694177916985 0.7558560688524588 0.19134894885142298 -0.6261478007337956
60852 45304.52592 0.1692282900241002 0.7366762318914039 0.04833383692879321 -0.6529423829324777
60852 45724.52592 0.3276645978340285 0.681130405869638 -0.09709010433403822 -0.6475112301470392
60852 46144.52592 0.4700053241252474 0.5919092833021194 -0.23777774617392178 -0.6100820756743656
60852 46564.52592 0.5891868504195813 0.4733864278895024 -0.36675293404990594 -0.5424540815114735
60852 46984.52592 -0.6792921107155109 -0.3313727204267376 0.4776307871852903 0.4479097895887176
60852 47404.52592 -0.7357905105187738 -0.1729034807701066 0.5648729341111552 0.33111218533415243
60852 47824.52592 -0.7558336035618569 -0.005846643086176813 0.6241253847282133 0.1978607708192306
60852 48244.52592 -0.7384042030037771 0.161508855847521 0.6524365028855301 0.05477893912518869
60852 48664.52592 -0.6843608586392852 0.3208582069069208 0.6483952163092789 -0.09101576616289676
60852 49084.52592 -0.5963983063485344 0.4642916768533837 0.6122038671165326 -0.23226864634908362
60852 49504.52592 -0.4789190737679499 0.5846936583975761 0.545675011968348 -0.36195114024444075
60852 49924.52592 -0.33779964406822205 0.6761136721682692 0.45214084887023887 -0.4736352558218406
60852 50344.52592 -0.18006017036455985 0.7340642866609475 0.3362704034367835 -0.5618275303593647
60852 50764.52592 -0.013540750149945097 0.7557268509134845 0.2038438410351492 -0.622206768981021
60852 51184.52592 0.15359392296809868 0.7400838790180829 0.061378841126773616 -0.651856883607707
60852 51604.52592 0.31316374705967875 0.6879081438290228 -0.08412940500162529 -0.6493328086546395
60852 52024.52592 0.4573434246209046 0.6017329621403242 -0.2255312993212377 -0.6147276366459608
60852 52444.52592 0.5789916583787286 0.4857850287121889 -0.35581926430196636 -0.5497037534513975
60852 52864.52592 0.6720150719885254 0.3458666511935836 -0.468470327988324 -0.4575014255790958
60852 53284.52592 -0.7318446651070902 -0.18885810123319757 0.557962678331719 0.3426567573268868
60852 53704.52592 -0.7555082071480235 -0.022532469105158992 0.6198690256741656 0.21086020909067926
60852 54124.52592 -0.7418274546573745 0.1449236740647829 0.6511386954793863 0.06861162774288596
60852 54544.52592 -0.6914471549511436 0.30526838117806326 0.6502087307173434 -0.07707563727816395
60852 54964.52592 -0.606816807562622 0.450578548031828 0.6170839918458167 -0.21899698883927482
60852 55384.52592 -0.4920771254622864 0.5736525157193552 0.5533498449715032 -0.3501240392712872
60852 55804.52592 -0.35290851545989016 0.66833622348784 0.4621327485318163 -0.46391334840068726
60852 56224.52592 -0.19625861509108836 0.7298855703776491 0.3479721481658598 -0.5546755756817303
60852 56644.52592 -0.02978214648588773 0.755248707908437 0.21644311060610347 -0.6179520958977999
60852 57064.52592 0.13812161036525888 0.743116600855229 0.07419053218663477 -0.6505350899200917
60852 57484.52592 0.2991425240054965 0.6941109376199258 -0.07171971764874677 -0.6508302687401626
60852 57904.52592 0.4452817413201994 0.6107037118077471 -0.21400505350006235 -0.6188432631188019
60852 58324.52592 0.5693012869565149 0.497094984445242 -0.3455901731122551 -0.5562014503372694
60852 58744.52592 0.6650881206442081 0.35898259500879426 -0.4599698363749403 -0.46606548669035563
60852 59164.52592 -0.7279596450433522 -0.20326965365896496 0.5515211375640962 0.35295982478141386
60852 59584.52592 -0.7548937324847206 -0.037637187932354065 0.6158058342108266 0.2224906049516247
60852 60004.52592 -0.74460895387443 0.12981515236244015 0.6497184849963691 0.08106430953981059
60852 60424.52592 -0.6975974596591917 0.29091627339442777 0.6515965867525176 -0.0644002661780977
60852 60844.52592 -0.616108465269189 0.43777487824277134 0.6212956132454545 -0.20677348951237867
60852 61264.52592 -0.5040736827830768 0.5631320166133632 0.5602216149041311 -0.33903362131900766
60852 61684.52592 -0.36692368347409593 0.660739137260678 0.4712797668253902 -0.45462752268073514
60852 62104.52592 -0.21153746991353392 0.7255995348717278 0.3588949258728239 -0.5476784147647715
60852 62524.52592 -0.04573199286648338 0.7544478030264794 0.22872589160500797 -0.6135157405042455
60852 62944.52592 0.12227822454477173 0.7458865006768562 0.08724797621942251 -0.6489138267565484
60852 63364.52592 0.284161107282745 0.7003793553213314 -0.05849124722339758 -0.6521502876989107
60852 63784.52592 0.4319252477697946 0.6202256952662584 -0.20126255030191773 -0.6231003555740087
60852 64204.52592 0.5582871141416739 0.5094341022768304 -0.33400774276743544 -0.5632328305347304
60852 64624.52592 0.6570339309876341 0.3735165368239096 -0.45018107018480824 -0.4755300351158385
60852 65044.52592 -0.7233518204406185 -0.21909429714804277 0.5441286396209518 0.364257953058956
60852 65464.52592 -0.7539061708334581 -0.053895050243852674 0.6111482822790467 0.2349863532331522
60852 65884.52592 -0.7472079300071168 0.11391243358245418 0.6479534795105387 0.09413052214870858
60852 66304.52592 -0.7035995883818252 0.27609060517741213 0.6527499594324098 -0.051372049041125765
60852 66724.52592 -0.6252123776571901 0.4246761470160941 0.6252865810205905 -0.1943613762438118
60852 67144.52592 -0.5158851073741221 0.5523342867096545 0.5668801221794468 -0.3277747988975711
60852 67564.52592 0.3810446676933269 -0.6527009093239828 -0.48040880772534517 0.44496501171444985
60852 67984.52592 -0.22735966651558623 0.7208018786229672 0.37014139981091115 -0.5401366289759859
60852 68404.52592 -0.06241993751589883 0.7532550686726721 0.24152339811431783 -0.608586067111918
60852 68824.52592 0.10562447695933155 0.7484330614772637 0.10091988139721376 -0.6469208606109486
60852 69244.52592 0.2684753428377798 0.706550373112489 -0.044708304078332116 -0.6532294605184141
60852 69664.52592 0.4180774189387773 0.6296549914200847 -0.18814685372166762 -0.6271735206367536
60852 70084.52592 0.5469904876275219 0.521558797514698 -0.32225509832955634 -0.5700258579929827
60852 70504.52592 0.6488122841875329 0.3876396298155183 -0.4403672677632424 -0.484618207217373
60852 70924.52592 -0.7184988231255788 -0.23454731030497525 0.5366375359744189 0.37518949262894363
60852 71344.52592 -0.7526081361605248 -0.06981523173211661 0.6063298418172914 0.24712537248326033
60852 71764.52592 -0.7493700690488154 0.09877980826350001 0.6460311742585491 0.10644609424173399
60852 72184.52592 -0.7089096479232911 0.26219283199541066 0.653573306115921 -0.039293300500294094
60852 72604.52592 -0.6334213543754288 0.4123552544535379 0.6287402057137577 -0.18282856906068384
60852 73024.52592 -0.526806953917885 0.5419426661462987 0.5729111336738342 -0.31708896673735393
60852 73444.52592 0.3944281756613204 -0.6447109791235658 -0.4889500148520774 0.4355479888808685
60852 73864.52592 -0.2428066246029279 0.7157518633313553 0.38102634883723946 -0.5325064644475108
60852 74284.52592 -0.07930553450901273 0.7516698774585613 0.25439662330878354 -0.6033120134447516
60852 74704.52592 0.08819214434239177 0.7506938617377338 0.115170872203701 -0.6445281544055448
60852 75124.52592 0.2515903849945502 0.7127473897732174 -0.029927692379176148 -0.6540625121336773
60852 75544.52592 0.4028834227179073 0.639495590641968 -0.17382265182739493 -0.631281255036356
60852 75964.52592 0.534496539746451 0.5343684277474698 -0.30935687399203093 -0.5771153757609013
60852 76384.52592 0.6397247418918255 0.40247177790327504 -0.42968583429312746 -0.49410404411483316
60852 76804.52592 -0.7131318780146563 -0.2504083997454124 0.528651206442402 0.386350177718639
60852 77224.52592 -0.7509499713390776 -0.08589108454749478 0.6012097485144449 0.2593139032761095
60852 77644.52592 -0.7513177380618727 0.08275179863813288 0.6437427536056013 0.11945318529040261
60852 78064.52592 -0.7143579391572165 0.2469956100996845 0.6542203911517608 -0.026107147599391298
60852 78484.52592 -0.6420900741022159 0.3987433148051839 0.6322837193029144 -0.17012173271530667
60852 78904.52592 -0.5382554377019375 0.5305861396843475 0.5791669825529946 -0.3054914703876641
60852 79324.52592 0.4080805274077136 -0.636164316947145 -0.4975993091258372 0.4256291490855674
60852 79744.52592 -0.2579861386168732 0.7104261117695475 0.3916366188707315 -0.5247462727424175
60852 80164.52592 -0.09526630435089538 0.749818131518495 0.2664445076534512 -0.598083961699982
60852 80584.52592 0.07222696876267487 0.7524031813476725 0.12806905983845807 -0.6420833540852389
60852 81004.52592 0.23639541556367322 0.7179379905119231 -0.016808037054101867 -0.6545225276264891
60852 81424.52592 0.3892009416251732 0.6479228855997684 -0.16112318528400188 -0.6346320827992272
60852 81844.52592 0.5230097316395443 0.5456242662067217 -0.29770991603115315 -0.5832013259873746
60852 82264.52592 0.6310123381378735 0.41600553666770107 -0.4196724012393339 -0.5026309761819335
60852 82684.52592 -0.7076356296854885 -0.26554756837517196 0.5207759983797514 0.39689880831419544
60852 83104.52592 -0.7489493650224903 -0.10187937055106631 0.5958694499773663 0.271357773192879
60852 83524.52592 -0.7529152433768935 0.06670229356411778 0.641202619450302 0.1323957746080688
60852 83944.52592 -0.7194774502590325 0.2316762262979595 0.6546081069332385 -0.012905466840832054
60852 84364.52592 -0.6504773254783894 0.38492121558482445 0.6355822355749267 -0.15732173611030678
60852 84784.52592 -0.5494877362391555 0.518951765532994 0.5852106792648888 -0.29373585693150256
60852 85204.52592 0.4215892084951293 -0.6272950114182411 -0.5060814990239589 0.415505745177972
60852 85624.52592 -0.27309234493897344 0.7047548258752724 0.4021281686132778 -0.5167534639932065
60852 86044.52592 -0.11121732619916157 0.7476149905514115 0.2784189611666449 -0.5926089894009441
60853 64.52592 0.05621543535258278 0.7537657589047405 0.14093429996331924 -0.6393860560136805
60853 484.52592 0.22110065339629098 0.7227939223786449 -0.003684620896659518 -0.6547288525863776
60853 904.52592 0.3753655380217841 0.6560354377513369 -0.14838030518158515 -0.6377315283990969
60853 1324.52592 0.5113161284808243 0.5565980857566023 -0.28597317711006287 -0.5890447603205072
60853 1744.52592 0.6220375627884028 0.4293065620429848 -0.4095200316548807 -0.5109388318972069
60853 2164.52592 -0.701828645634903 -0.2805239407967028 0.5127131514090373 0.40726906975411137
60853 2584.52592 -0.7466066503813432 -0.11779328729820285 0.5903005829209399 0.2832816140822282
60853 3004.52592 -0.7541629660627182 0.05063241279304359 0.6384091749537126 0.14528697370775615
60853 3424.52592 -0.724263089520925 0.21624735359658873 0.6547365582504326 3.1386375127771723E-4
60853 3844.52592 -0.6585683842340357 0.37090786110458845 0.6386335931389088 -0.14443744518883456
60853 4264.52592 -0.5604790853653341 0.5070595098331021 0.5910346118539289 -0.2818367185916847
60853 4684.52592 0.43492391161900157 -0.6181204643000874 -0.5143821358274535 0.40519045035274265
60853 5104.52592 -0.2880956965842588 0.6987491446306638 0.41248408165480427 -0.5085345463869088
60853 5524.52592 -0.1271369871220543 0.7450648126163514 0.29030774870150894 -0.5868867203731477
60853 5944.52592 0.04016380659409673 0.7547841997636519 0.15376366087820076 -0.6364309994181218
60853 6364.52592 0.2056973136334279 0.7273222818402738 0.009455218975309208 -0.6546766471600903
60853 6784.52592 0.36135485219757696 0.6638509070674259 -0.13556860415890462 -0.6405823893500581
60853 7204.52592 0.4993841279308464 0.5673189770403625 -0.27411946363672646 -0.5946622492778049
60853 7624.52592 0.6127707423423785 0.44241364557449686 -0.3992048606326436 -0.5190545855552434
60853 8044.52592 -0.695691027319365 -0.2953793770559148 0.5044466944384567 0.4174907790448796
60853 8464.52592 -0.7439133205059103 -0.13366941091318205 0.5844966752150637 0.2951086186856121
60853 8884.52592 -0.7550594163296167 0.03451528105055592 0.6353625522440614 0.15814044514889938
60853 9304.52592 -0.7287161616486411 0.2006907245267637 0.6546084441583688 0.013556315043329931
60853 9724.52592 -0.6663639464192257 0.3566933175989211 0.6414393084544959 -0.1314708395891971
60853 10144.52592 -0.5712276293050941 0.4949060673122297 0.5966362859626634 -0.2698001525735365
60853 10564.52592 0.4480794810942988 -0.6086405583491469 -0.5224940465160665 0.39469155135367323
60853 10984.52592 -0.30299079597833234 0.6924129006024348 0.4226888985004905 -0.5000950386838302
60853 11404.52592 -0.1430203703373054 0.742174764715651 0.30208623666608564 -0.5809179786379225
60853 11824.52592 0.024080353621420223 0.7554659626083828 0.16652729320053827 -0.6332140053164954
60853 12244.52592 0.19019990769520298 0.7315277101433748 0.022578846459883156 -0.6543557137350204
60853 12664.52592 0.34719010895038666 0.6713683051892438 -0.12272167953514806 -0.6431663986919819
60853 13084.52592 0.48724180999523425 0.5777790575474405 -0.2621779620969845 -0.6000245790322524
60853 13504.52592 0.6032398429302195 0.45531390485082324 -0.3887465140170586 -0.5269412564893781
60853 13924.52592 -0.6892457683907378 -0.3101000565925743 0.49598399216241806 0.4275255608444645
60853 14344.52592 -0.7408864989703847 -0.14949730832942063 0.5784525257872981 0.3068068217233107
60853 14764.52592 -0.7556183363597371 0.0183571703386819 0.632048609465857 0.17093419589531114
60853 15184.52592 -0.7328505323968924 0.18500697927854168 0.654204609911294 0.026811250523472784
60853 15604.52592 -0.6738796108742668 0.3422754359964156 0.6439794278956044 -0.11842420533261074
60853 16024.52592 -0.5817488820609417 0.4824867465582925 0.6019989489405695 -0.2576277218990385
60853 16444.52592 -0.46106817642725784 0.598848940845057 0.5304051691753366 -0.3840135925288051
60853 16864.52592 -0.31778112225298216 0.6857353876332877 0.43273833310104054 -0.4914465093496877
60853 17284.52592 -0.15886263560951597 0.7389310855084354 0.31375366729038257 -0.5747191924221423
60853 17704.52592 0.007973641582599235 0.7557955010902737 0.17922190103767546 -0.6297531990867976
60853 18124.52592 0.17461652289180277 0.7353931159883579 0.035676704739422534 -0.6537837621332041
60853 18544.52592 0.3328801075268829 0.6785688395471444 -0.10985192279948494 -0.6454980395522427
60853 18964.52592 0.4749005421116134 0.5879576738427046 -0.2501609324017317 -0.6051402785895743
60853 19384.52592 0.5934595580316793 0.4679836368674046 -0.3781565750352201 -0.534597674296132
60853 19804.52592 -0.6825060884356434 -0.32465773220252225 0.48733500122797124 0.4373641420458773
60853 20224.52592 -0.7375308680420742 -0.16524202874443578 0.5721773264509684 0.318365195517584
60853 20644.52592 -0.7558351991892323 0.0021968693517210587 0.6284741661717417 0.18365333616996743
60853 21064.52592 -0.7366512695649303 0.169237600684856 0.6535280150767468 0.040058395782370144
60853 21484.52592 -0.6810911060679322 0.32769229919771786 0.6462514842205928 -0.105317051916369
60853 21904.52592 -0.5920148450801347 0.4698349981623235 0.6071140748747642 -0.2453283469057601
60853 22324.52592 -0.4738652406615507 0.5887748216756958 0.5381028927381138 -0.3731503984727837
60853 22744.52592 -0.3324508346041873 0.678743113090928 0.442619750141216 -0.48256811517913434
60853 23164.52592 -0.174655255512912 0.7353559305015805 0.325308709987682 -0.5682617710210887
60853 23584.52592 -0.00815218233623768 0.7557924137302188 0.19186378636654705 -0.6260188948842504
60853 24004.52592 0.1589466236737394 0.7389394610828369 0.048779724869406904 -0.6529356646094546
60853 24424.52592 0.3184215020466722 0.6854761691198229 -0.09692096182075219 -0.647561962875286
60853 24844.52592 0.4623546170004363 0.5978792791076676 -0.23803229545749177 -0.6100075426347717
60853 25264.52592 0.5834268017725286 0.48044159132914066 -0.36740873501415705 -0.5420330854568738
60853 25684.52592 -0.6754720208395204 -0.3390585106562205 0.47848664045794187 0.4470205927223401
60853 26104.52592 -0.7338506881285695 -0.18089675568819613 0.565666717454473 0.3297888659111942
60853 26524.52592 -0.7557126914318186 -0.01394624049976895 0.6246385935710803 0.19629176703657794
60853 26944.52592 -0.7401141403253354 0.15341211159975823 0.6525770091245221 0.05328255312094656
60853 27364.52592 -0.687984988445806 0.3129766873641541 0.6482494073336331 -0.09216807870069807
60853 27784.52592 -0.6020043881686149 0.4569771047630875 0.6119726997513468 -0.23292070991460959
60853 28204.52592 -0.4864467945903469 0.5784309586970634 0.5455803455716924 -0.3621176998980379
60853 28624.52592 -0.3469812617049185 0.6714371891678436 0.4523305688065431 -0.4734692825846232
60853 29044.52592 -0.19039168326725675 0.7314456357875474 0.3367514151493035 -0.5615485493035777
60853 29464.52592 -0.024300336424282837 0.7554523367386511 0.20445730990211033 -0.6220116309148656
60853 29884.52592 0.14318345801712687 0.742163992252883 0.0618945013539659 -0.651812992088731
60853 30304.52592 0.30380770286044406 0.6920887024971912 -0.08392613659983235 -0.6493616181711395
60853 30724.52592 0.449596090170803 0.6075449914635346 -0.22578973426352444 -0.6146311373107514
60853 31144.52592 0.5731318250955995 0.4926891677838438 -0.35650565662407147 -0.5492549606567884
60853 31564.52592 0.6681359814151948 0.35330750745638634 -0.4694422062121402 -0.45649986915659524
60853 31984.52592 -0.7298403301427112 -0.19647076108221273 0.5589234811258414 0.3410819179949672
60853 32404.52592 -0.755247764074035 -0.030090025020353756 0.6205434283432799 0.20885702955709615
60853 32824.52592 -0.7432424871899083 0.13750085569387424 0.651353840773047 0.0665003310473831
60853 33244.52592 -0.6945745299973871 0.29809140791217625 0.6499800220216079 -0.0789538205575604
60853 33664.52592 -0.6117415475888968 0.4438743376267745 0.616588038350635 -0.22037931462106303
60853 34084.52592 -0.4988452073676024 0.5677849110421788 0.5528551519530595 -0.3508916283386626
60853 34504.52592 -0.36140562362821077 0.6637909081723187 0.46189432441681294 -0.46413493566979885
60853 34924.52592 -0.20610137788235575 0.7271791354183637 0.3481084743176104 -0.5545748075376856
60853 35344.52592 -0.040498815922995736 0.7547616067091929 0.2170235330284979 -0.6177342058348569
60853 35764.52592 0.12730122226124396 0.7450590034682627 0.07503669734150638 -0.6504236882323335
60853 36184.52592 0.28901409476754863 0.6984045207083773 -0.07085497717997971 -0.6509082505919099
60853 36604.52592 0.4365859564050057 0.6169696978360559 -0.2134078286476329 -0.6190300423193651
60853 37024.52592 0.5625306252418176 0.5047677016086218 -0.34540696184342395 -0.5562938915608318
60853 37444.52592 0.660453733937312 0.36747303609476 -0.46015632620174457 -0.46585468606430835
60853 37864.52592 -0.7254659163309573 -0.21205652124504157 0.5519076047160411 0.35231978641021283
60853 38284.52592 -0.754426477224162 -0.04634277231385605 0.6161628873977988 0.2214414913944866
60853 38704.52592 -0.7460468884006393 0.12138974235643546 0.6498527420204183 0.07981218232140948
60853 39124.52592 -0.7008921407770613 0.28293337508917826 0.6514585173678937 -0.06557981706607618
60853 39544.52592 -0.6212705194103672 0.43044643471827543 0.6209905749333949 -0.20762830826693596
60853 39964.52592 -0.5111030374017688 0.5567818092157537 0.5599636487552893 -0.3394236499682679
60853 40384.52592 -0.3757578914804963 0.6557761808755892 0.4713372956311913 -0.4545379646777958
60853 40804.52592 -0.22180401601954491 0.72254664765029 0.3593894526925468 -0.547328550086948
60853 41224.52592 -0.05675218291545362 0.7537171960737951 0.2295589733224945 -0.613182073974859
60853 41644.52592 0.1113029333014296 0.7476218235361588 0.08819690518831598 -0.6487638799487602
60853 42064.52592 0.27404096459785304 0.7044219935549444 -0.057713061645002624 -0.6521966016730817
60853 42484.52592 0.4232307225425741 0.6262152623680372 -0.20079469979646639 -0.6232268360774174
60853 42904.52592 0.5514776610433783 0.5168270186212454 -0.33395791097727023 -0.5632355953674247
60853 43324.52592 0.6522770369021107 0.38180029045505315 -0.4504474971345821 -0.4752475751267231
60853 43744.52592 -0.7206238747018053 -0.22796588702077095 0.5444566411604062 0.3637303279366716
60853 44164.52592 -0.7532163796778272 -0.06301553190520465 0.6113930614350206 0.23429181068241492
60853 44584.52592 -0.7485554428782727 0.1048243798440159 0.6480330626674942 0.09343312055913573
60853 45004.52592 -0.7069910153076825 0.26733915059053626 0.6526865916258491 -0.05190082800471427
60853 45424.52592 -0.6306266456339105 0.416625324822177 0.6251895191575758 -0.19460585209303705
60853 45844.52592 -0.5232067775614925 0.545424025000277 0.566891174729363 -0.32772198107569644
60853 46264.52592 0.3899690303436043 -0.6474225740761662 -0.48061035389577367 0.44472671797142954
60853 46684.52592 -0.2373945222142572 0.7175700890733197 0.37051829031800915 -0.5398640612504153
60853 47104.52592 -0.07296093651964335 0.752315440103707 0.24199043480581223 -0.6083903432716828
60853 47524.52592 0.09523630954957245 0.749833958037345 0.10133830564418535 -0.646845907868785
60853 47944.52592 0.25886028298962216 0.7101385832034047 -0.044474733297361374 -0.6532354434922544
60853 48364.52592 0.4096612169989311 0.635171508114568 -0.18809160149533535 -0.6271813071300355
60853 48784.52592 0.5400454600570995 0.5287529702573476 -0.32225551124294677 -0.570019809295515
60853 49204.52592 0.6436588597917573 0.39614094326290034 -0.4404060426420864 -0.4845803781486526
60853 49624.52592 -0.7153589323312997 -0.2439613529665482 0.5366754389677768 0.3751318826776769
60853 50044.52592 -0.7516534586776048 -0.079454167731383 0.6064311915710109 0.24687106589852006
60853 50464.52592 -0.7505777111222707 0.08915920716616794 0.6460714072021388 0.10618602610419922
60853 50884.52592 -0.712223574623994 0.2530613404374837 0.6535550842103788 -0.039538457589651334
60853 51304.52592 -0.638586361196779 0.4043156613383409 0.6286295437385381 -0.18319716708801567
60853 51724.52592 -0.5334001669150124 0.5354537343093215 0.5725952495000504 -0.3176605745118752
60853 52144.52592 0.40194950179252353 -0.6400431993211502 -0.48828895270636685 0.436297146078688
60853 52564.52592 -0.2507946755460712 0.7129835251219422 0.3799407664212065 -0.5332931066812095
60853 52984.52592 -0.08736719182426955 0.750764908182018 0.2528982051159619 -0.6039549025252732
60853 53404.52592 0.08034704353943085 0.7515630631971164 0.11338454260944207 -0.6448575502616741
60853 53824.52592 0.24417857170420268 0.7153088096656796 -0.031792069591826115 -0.6539873058754524
60853 54244.52592 0.396109445221025 0.6436977151198753 -0.17552457577057268 -0.6308261902114594
60853 54664.52592 0.5286580583852685 0.5401240574737181 -0.31074590508311584 -0.5763884474176432
60853 55084.52592 0.6351342976251101 0.4096494711781475 -0.4306691964701792 -0.4932704916731307
60853 55504.52592 -0.7101221292288533 -0.2587677135969748 0.5292400756243012 0.3855784930885769
60853 55924.52592 -0.7498278496793749 -0.0950358393633376 0.6015000615854913 0.2586968515354622
60853 56344.52592 -0.7522486182799349 0.073610540187268 0.64389212477041 0.11877051960783053
60853 56764.52592 -0.7172203325537707 0.23849692502122605 0.654206113470645 -0.026992080774031466
60853 57184.52592 -0.6465672953900464 0.3914081219325539 0.6319886526093859 -0.17129144050478531
60853 57604.52592 -0.543916935331694 0.5247550925411169 0.5784319629230215 -0.30692494942666676
60853 58024.52592 0.41449231279398546 -0.6319782605697919 -0.49630458969674446 0.42717836444255847
60853 58444.52592 -0.2648129874194097 0.7078824155980422 0.38977715240974314 -0.5261656952333933
60853 58864.52592 -0.10227169764956018 0.7488687261982686 0.26414798287919905 -0.5991343538163287
60853 59284.52592 0.06519347436840334 0.7530196426172615 0.12558884967733527 -0.6426030419855417
60853 59704.52592 0.2294795640599558 0.7201515801586496 -0.019173332947386167 -0.6544869857969228
60853 60124.52592 0.38262297224249936 0.6517988367889177 -0.16311184257602707 -0.6341549213594284
60853 60544.52592 0.5171208562479025 0.5511732793791123 -0.29919171424419855 -0.5824760546662232
60853 60964.52592 0.6262268810653504 0.42312496415215595 -0.42063511335838744 -0.5018677709839283
60853 61384.52592 -0.7044052232687634 -0.2739204155114361 0.5213382845120585 0.3962162042367142
60853 61804.52592 -0.7476238878878748 -0.1109852766358511 0.5961844036534549 0.27074886420787847
60853 62224.52592 -0.7536427662582031 0.05751005350713869 0.6413705625531114 0.13175346713690292
60853 62644.52592 -0.7221424314940567 0.22313134168432264 0.6546238344919362 -0.013796677465238931
60853 63064.52592 -0.654770582509294 0.3775162009098596 0.6353177246753499 -0.15851937119596
60853 63484.52592 -0.5549717751079244 0.5130445141418639 0.5844925110200598 -0.2952289957032733
60853 63904.52592 0.42782111313081506 -0.623031921462346 -0.5047693180505096 0.4171429677619784
60853 64324.52592 -0.2797272089723468 0.7021235623181471 0.40020228821159914 -0.518279191467703
60853 64744.52592 -0.11802090000654003 0.74655069828373 0.27600220196870423 -0.5937641843039608
60853 65164.52592 0.04937084399848707 0.7542263946469556 0.13829240083044103 -0.6399845914186407
60853 65584.52592 0.2143339246973717 0.7248102182067405 -0.006224084078147459 -0.6547307668685708
60853 66004.52592 0.36887079195588696 0.6596885929273549 -0.15052719309187038 -0.6372494514263988
60853 66424.52592 0.5054176472039785 0.5619335419805691 -0.28757217031235144 -0.588290696130587
60853 66844.52592 0.6171540853684977 0.4362611188208832 -0.41054641873825304 -0.5101457724801014
60853 67264.52592 -0.6984384836618007 -0.2888049175302885 0.513295951593704 0.4065743108314169
60853 67684.52592 -0.745093866048289 -0.12688619978998741 0.5906132009495185 0.2826854611476038
60853 68104.52592 -0.7547049133504018 0.04139812467625776 0.6385748382052355 0.14466812036246535
60853 68524.52592 -0.726732444572333 0.207723040398452 0.6547600136037443 -6.458166680490302E-4
60853 68944.52592 -0.6626758269528589 0.3634778968572219 0.638369496985828 -0.14570158608147138
60853 69364.52592 -0.5656918566378798 0.5012093733914602 0.5902522675249269 -0.28352098342064636
60853 69784.52592 0.4406046942892498 -0.6140631910305865 -0.5127862907557008 0.40723963560122695
60853 70204.52592 -0.2937092025628747 0.6963940377568504 0.40986812084077695 -0.5106646375313655
60853 70624.52592 -0.13234943405270633 0.7441476311904422 0.2866588398074562 -0.5886889160327593
60853 71044.52592 0.03534333156545875 0.7550187790920276 0.14940300729857137 -0.6374764572455841
60853 71464.52592 0.20117548840616076 0.72857937212585 0.004853356384140813 -0.6547342715247562
60853 71884.52592 0.35702168589899586 0.666185194601621 -0.13987191328739387 -0.6396629191728742
60853 72304.52592 0.49525503882318006 0.5709221964639718 -0.2776712660731085 -0.5930168295270899
60853 72724.52592 0.6091017618197021 0.4474498412912405 -0.40178700733094835 -0.517059845681928
60853 73144.52592 -0.6929037055109641 -0.30186353587474296 0.5060659256355124 0.4155239337379316
60853 73564.52592 -0.7425000439093652 -0.14132094326871356 0.5853579756666206 0.29339072260674465
60853 73984.52592 -0.7553929552046477 0.026270989589988136 0.6357236468898366 0.1566740665146542
60853 74404.52592 -0.7308867336683846 0.1926446343617804 0.654634001781789 0.01212233930956793
60853 74824.52592 -0.6701348859196171 0.3495626160866767 0.6410998788987977 -0.13310205627294913
60853 75244.52592 -0.5762122970880974 0.48909645734683227 0.5957974474392677 -0.27164212802893695
60853 75664.52592 -0.4538472588106504 0.6043540545089174 0.5210239978591097 -0.3966268222442874
60853 76084.52592 -0.30918307477453744 0.689671088410319 0.4205546817265814 -0.5018898044010683
60853 76504.52592 -0.14930041376035588 0.7409386507988802 0.29932126764960065 -0.5823453279077269
60853 76924.52592 0.017931891464091958 0.7556399610115433 0.1633007603648998 -0.6340501228256634
60853 77344.52592 0.18432202808559459 0.73303428116128 0.019174655775705512 -0.6544604382089585
60853 77764.52592 0.3417043558143472 0.6741820955665127 -0.12597730533944038 -0.6425312084050555
60853 78184.52592 0.482303691403189 0.5819171716684808 -0.26498689626282956 -0.5987800091729899
60853 78604.52592 0.5989963160330315 0.4609009128136249 -0.3908070598698967 -0.5253985191283573
60853 79024.52592 -0.6860926460640885 -0.3170509204198835 0.49730098884302204 0.42596633831024105
60853 79444.52592 -0.7392416152110839 -0.15750209408490468 0.5791724815398035 0.30540818804675735
60853 79864.52592 -0.755791984570923 0.009844425538096023 0.6323633169545271 0.16970032031330642
60853 80284.52592 -0.7349119369046097 0.17670605228729966 0.6542365066486955 0.02557360843261207
60853 80704.52592 -0.6776269283855778 0.33483075981790944 0.6437019415411771 -0.11982453280779959
60853 81124.52592 -0.5867662683783929 0.476397637118591 0.6012664715890338 -0.2592860732549915
60853 81544.52592 -0.46686472328455453 0.5943620967767211 0.5290389953335135 -0.3858610753679656
60853 81964.52592 -0.32389952372356295 0.6828857124084446 0.4306192252537926 -0.4932781012389293
60853 82384.52592 -0.16482287454910946 0.7376419890015825 0.31078674947164076 -0.576306613219048
60853 82804.52592 0.0026530030676223584 0.7558497544515042 0.17533066642346515 -0.6308274468361597
60853 83224.52592 0.16994881909531803 0.736503052828536 0.03119292309960372 -0.6539936189374141
60853 83644.52592 0.32877646692388524 0.6805852685020147 -0.11446316857008182 -0.6446765934451048
60853 84064.52592 0.47122954875698414 0.5909257455408982 -0.2543565168148724 -0.6033674154186887
60853 84484.52592 0.5902476108697898 0.4720572814031539 -0.3815247015761437 -0.5321734520097778
60853 84904.52592 -0.6799794063366906 -0.3299590550824005 0.4896871684171954 0.43469702784201386
60853 85324.52592 -0.736070985504245 -0.1717033980033577 0.5735658476328614 0.3158158733219519
60853 85744.52592 -0.755837976898866 -0.005120510097088134 0.629096947169649 0.18143804484066403
60853 86164.52592 -0.7383690296554193 0.16165968814676096 0.6536220461155414 0.038151567539742186
60854 184.52592 -0.6845130139384432 0.32052528063227165 0.6459457494829155 -0.10704936688026974
60854 604.52592 -0.5968468825355623 0.46371036951839467 0.6063874993795112 -0.2470641467412013
60854 1024.52592 -0.47959696069955293 0.5841369087362338 0.5367998438128748 -0.37498900626858606
60854 1444.52592 -0.3384714683532449 0.6757775482594425 0.4405213051477767 -0.4844612988569413
60854 1864.52592 -0.18046960491874486 0.733964324915748 0.3222949803577382 -0.5699588029740813
60854 2284.52592 -0.01346642242361538 0.7557278015048249 0.18800635916586647 -0.627174421044886
60854 2704.52592 0.15419588869152465 0.7399567230178002 0.04437092521864111 -0.6532372440137127
60854 3124.52592 0.3141720674386737 0.6874455750148368 -0.1014405193950504 -0.6468572597248115
60854 3544.52592 0.4585055209721167 0.6008485192741384 -0.24214162845081874 -0.6083758508482638
60854 3964.52592 0.5800379134612834 0.48454010429200783 -0.37072967360468434 -0.5397558849972228
60854 4384.52592 -0.6727869114498665 -0.34436941582033476 0.48084882477603186 0.4444680921515288
60854 4804.52592 -0.73223977793432 -0.1873300513726307 0.5671100082462857 0.3272897768191408
60854 5224.52592 -0.7555495651199434 -0.02118921333131743 0.6253351229383909 0.19404086143153407
60854 5644.52592 -0.741629812073816 0.14593918089275734 0.6527323060957082 0.05125928113704147
60854 6064.52592 -0.6911578667847337 0.3059218719356817 0.6479672568252135 -0.09407999540472256
60854 6484.52592 -0.606548815567462 0.4509383472337694 0.6112202709725866 -0.23486788132902114
60854 6904.52592 -0.49186958852226653 0.5738352220305238 0.544200564752375 -0.364174671232517
60854 7324.52592 -0.3527046863024577 0.6684536822331842 0.4501218631064792 -0.475562180290584
60854 7744.52592 -0.19596539224250692 0.7299738728273932 0.33362660856804033 -0.5634083741727705
60854 8164.52592 -0.029473515324534655 0.7552680857136466 0.20052019561519802 -0.6232921319472122
60854 8584.52592 0.13846089772099 0.7430590851404002 0.05745496486109291 -0.6522198270563535
60854 9004.52592 0.29949004423089814 0.6939663947709328 -0.0884358105430745 -0.6487645672729038
60854 9424.52592 0.4456039373195048 0.6104735629504392 -0.22986482031862357 -0.613124232406319
60854 9844.52592 0.5695652594587689 0.4967954188449746 -0.35979683380202104 -0.5471160438319757
60854 10264.52592 0.6652733292328787 0.35864345520582647 -0.47180951768991686 -0.45407273477564797
60854 10684.52592 -0.7280618329693861 -0.20291379528823134 0.5604128867899627 0.3386581689177512
60854 11104.52592 -0.7549142227222791 -0.03730006116143892 0.6213131209227206 0.20659919539591315
60854 11524.52592 -0.7445613915022323 0.13010535139967852 0.65157988223089 0.06437848160220176
60854 11944.52592 -0.6975019072608918 0.29114794601296984 0.6497340321767989 -0.08105337951699314
60854 12364.52592 -0.6159828944145092 0.4379507041671822 0.6158113711551125 -0.22257719933599057
60854 12784.52592 -0.503914059017724 0.5632741375110226 0.5513803040362314 -0.35323169090047457
60854 13204.52592 -0.3667526044323492 0.6608370486719481 0.4595224073366241 -0.46650410437657647
60854 13624.52592 -0.21133049599426681 0.7256640941313511 0.3447821331467489 -0.5566653614283184
60854 14044.52592 -0.045416898584171576 0.7544697091817849 0.2128933464627332 -0.6191842910491567
60854 14464.52592 0.12271958124666776 0.7458151888741844 0.07044425695094132 -0.6509510082070976
60854 14884.52592 0.28472513438730457 0.7001501886443945 -0.07546617252585104 -0.6504046186749051
60854 15304.52592 0.4325459261120169 0.619790827366165 -0.21755499183751992 -0.6176027668681858
60854 15724.52592 0.5588684031825631 0.5087930691284025 -0.3487610099222077 -0.5542215068807006
60854 16144.52592 0.6574773452640964 0.3727284573363721 -0.4626040048506451 -0.4634593533981901
60854 16564.52592 -0.7235628671603529 -0.21838966194630233 0.5534983565690377 0.349860403728464
60854 16984.52592 -0.7539409339722449 -0.053387351583655845 0.6170396986051875 0.21905448892264578
60854 17404.52592 -0.7471599764978382 0.1142124988934258 0.650159441607905 0.07746079720972551
60854 17824.52592 -0.7035363887448921 0.27624031248419734 0.6512324442043792 -0.06800105209494296
60854 18244.52592 -0.6251442609021242 0.42476568404343407 0.620147090406414 -0.21020550178506153
60854 18664.52592 -0.515737474791375 0.5524626876209644 0.5583287849271302 -0.34215318762833513
60854 19084.52592 -0.38064194289478265 0.652926032944994 0.4687315198760723 -0.4572636756693724
60854 19504.52592 -0.22660510463698236 0.7210286489501443 0.3557986690111487 -0.5497045761820498
60854 19924.52592 -0.0613336635681616 0.753332614309789 0.22517563497102128 -0.6148366346810212
60854 20344.52592 0.10694580465189468 0.7482319419297411 0.08338399363116157 -0.6494294923619698
60854 20764.52592 0.2698718352332541 0.7060024159284013 -0.06250389676339344 -0.6517845074412916
60854 21184.52592 0.41934703115371086 0.6287921552764055 -0.20520834268721447 -0.6218183247677637
60854 21604.52592 0.5479787839544205 0.5205006825228831 -0.3376414879285222 -0.561067302075661
60854 22024.52592 0.6494405529638748 0.386563496269871 -0.4532630313744097 -0.472597350719268
60854 22444.52592 -0.7187740453803225 -0.23366780032966064 0.5463999360465855 0.36084669967313154
60854 22864.52592 -0.7526406326170078 -0.06934340558095278 0.6125401647959566 0.23133982957555776
60854 23284.52592 -0.7494112225782295 0.09837354673664075 0.6484812012706677 0.09043006344578829
60854 23704.52592 -0.7092232472718257 0.26130354069121314 0.6524555634484365 -0.05499620783859167
60854 24124.52592 -0.633979190901489 0.4114703511892175 0.624206318166763 -0.19781053550508712
60854 24544.52592 -0.5272769625532394 0.5414642068568662 0.5650190045976751 -0.33098193590730435
60854 24964.52592 0.39430807229908105 -0.644767328874172 -0.4777145137841982 0.44786725606609723
60854 25384.52592 -0.2417253803541193 0.7161035973725122 0.36663050705838446 -0.5425371412326674
60854 25804.52592 -0.07715294373327712 0.7518798796594377 0.23731587670213303 -0.6102501491205858
60854 26224.52592 0.09124596443974402 0.7503130814960267 0.09619775335533878 -0.6476499409084997
60854 26644.52592 0.2550784671519445 0.7114882863266074 -0.049664849530415715 -0.6528803847080742
60854 27064.52592 0.40616666650243766 0.6373951282730509 -0.19296225791359503 -0.6257169140249972
60854 27484.52592 0.5370353888079469 0.5317958968687745 -0.3265712549812583 -0.5675714322104304
60854 27904.52592 0.6412542563777893 0.4000080474891236 -0.4438963356705114 -0.4813964933395342
60854 28324.52592 -0.7137440731406824 -0.2486225623057278 0.5391887033069295 0.3715262598999898
60854 28744.52592 -0.7510278831061179 -0.08509067561792277 0.607845687046774 0.24339333692331044
60854 29164.52592 -0.7513201770857828 0.08259542059574532 0.6465518728481155 0.10327954161882294
60854 29584.52592 -0.7145896334004898 0.24627527885769343 0.6534122791841358 -0.04198257104456558
60854 30004.52592 -0.6425598217312791 0.3979550007661166 0.6280257805797501 -0.18528980487091715
60854 30424.52592 -0.5386428605431405 0.5301712531149116 0.5715181993859931 -0.31960797694528775
60854 30844.52592 0.40791121398611563 -0.6362566617736651 -0.4865859897338571 0.43820084030924433
60854 31264.52592 -0.25684680374272795 0.7108261900229697 0.37740382561228397 -0.535090832847832
60854 31684.52592 -0.09299982720151032 0.7500905638557062 0.24941988203698953 -0.6053964821501461
60854 32104.52592 0.07559060801304002 0.7520592884701411 0.1089115479725004 -0.6456246288085963
60854 32524.52592 0.24041433209279636 0.716586420545571 -0.03701569917747647 -0.6537084126951888
60854 32944.52592 0.3931227457411366 0.6455333870751184 -0.1809392129479954 -0.6292870205002127
60854 33364.52592 0.5263083527575638 0.54242496489742 -0.3158475418122274 -0.5735982963754562
60854 33784.52592 0.6333137667579822 0.4124740386469582 -0.4349793711595032 -0.48946071031571764
60854 34204.52592 -0.7088594115004392 -0.262234773704406 0.5324324067009656 0.38113906973973105
60854 34624.52592 -0.749301560726598 -0.09917557303305809 0.6034669347188185 0.25404534143991325
60854 35044.52592 -0.7527320876700038 0.06860186784709901 0.6446481503772291 0.11452925449449272
60854 35464.52592 -0.7190679388786401 0.23289900283730172 0.6540380957364664 -0.03055360992798502
60854 35884.52592 -0.6499838237482427 0.38572555276881076 0.6312054246641678 -0.1741164514953611
60854 36304.52592 -0.5488334516561474 0.5196258411163243 0.5772362292664205 -0.3091426259991274
60854 36724.52592 0.4205384657738729 -0.6279892948236128 -0.4947232929339293 0.42898217657626336
60854 37144.52592 -0.2713506409358616 0.7054208282188036 0.38765418858739803 -0.5277068455586305
60854 37564.52592 -0.10862267262544334 0.7479917260119183 0.2612810815751127 -0.6003679615205632
60854 37984.52592 0.05959274363745478 0.7535011953771441 0.12184978943636512 -0.6433018593827386
60854 38404.52592 0.22493869758604637 0.7216017081266911 -0.023708097469511743 -0.6543175706576364
60854 38824.52592 0.3791180153117908 0.6538658520563694 -0.16807731573744508 -0.6328340966755361
60854 39244.52592 0.5142610636800519 0.5538689370921647 -0.3038490316957431 -0.5800349341588114
60854 39664.52592 0.6239286988117123 0.42654301401434364 -0.42451135311852894 -0.498562079452658
60854 40084.52592 -0.7027937412817802 -0.2780841916297945 0.524206539973964 0.3923743659176612
60854 40504.52592 -0.7469058570018525 -0.11584933951719922 0.5979701329547513 0.26672512330831144
60854 40924.52592 -0.7540536465737857 0.052138897941853446 0.6421398874847293 0.12783191429093377
60854 41344.52592 -0.7238562522199963 0.21757713171392928 0.6545140673078673 -0.01742565847459306
60854 41764.52592 -0.6577842531520346 0.37227879433724753 0.6344560564228697 -0.16184525961660362
60854 42184.52592 -0.5591005415420113 0.5085669802866332 0.5829357452325972 -0.29824843325603834
60854 42604.52592 0.43272132322959533 -0.6196584604784129 -0.5025052485001271 0.4198382117075299
60854 43024.52592 -0.28496197651041 0.700033478763226 0.3971832278381781 -0.5205720738552757
60854 43444.52592 -0.12312770101892531 0.7457422360647507 0.27218531719655625 -0.5955025102327862
60854 43864.52592 0.0446744344438606 0.7545349369508653 0.13379715930744146 -0.6409208562599085
60854 44284.52592 0.2102027053525184 0.7260355156493339 -0.011155514568444058 -0.6546470859730467
60854 44704.52592 0.3653336323184978 0.6616717565798037 -0.155532786082218 -0.6360278107874471
60854 45124.52592 0.5024458937955223 0.5646128753913647 -0.29222627765879094 -0.5859728896425168
60854 45544.52592 0.6147796039669157 0.4396256378140728 -0.4144954116731683 -0.506920990712303
60854 45964.52592 -0.6967373796854929 -0.29292067141016126 0.5162545748951038 0.4027849524367678
60854 46384.52592 -0.7443063210042847 -0.13150475710286333 0.5925730884690048 0.2785170267590272
60854 46804.52592 -0.7549720550339526 0.036480813841566054 0.6395171623951142 0.14037145486660946
60854 47224.52592 -0.7281859120378289 0.20261923417626326 0.6547278132302585 -0.0047131766552325986
60854 47644.52592 -0.6653173310047092 0.3586472397700235 0.6374764882485081 -0.14949492767469827
60854 48064.52592 -0.5695396343271968 0.49684904775830513 0.5886594414412304 -0.2867850949303453
60854 48484.52592 0.4456572680117765 -0.6104162869605346 -0.5107372491702332 0.40979143279431435
60854 48904.52592 -0.2998699554212748 0.6937695077774326 0.40762361945650016 -0.5124498656211005
60854 49324.52592 -0.1393555903166473 0.7428699465766866 0.2844136847972482 -0.5897737852945832
60854 49744.52592 0.027991273996259447 0.7553282510732174 0.14718052595819064 -0.6379918608332016
60854 50164.52592 0.19399071074681884 0.730526604060495 0.00264630644211787 -0.654745356582236
60854 50584.52592 0.3505172784268109 0.6696301092977328 -0.14210494560699485 -0.6391708212052557
60854 51004.52592 0.48987172917836236 0.5755435531041486 -0.2799546037796529 -0.591946557769053
60854 51424.52592 0.6050387718584488 0.45291946187567633 -0.40397199582681625 -0.5153626608418255
60854 51844.52592 -0.6902908070201718 -0.3077781910615332 0.508011967797972 0.4131525474015167
60854 52264.52592 -0.741322309218832 -0.14734408292297235 0.5868581856965087 0.2903935690800484
60854 52684.52592 -0.7555690705410879 0.020363016644233012 0.6365697561199891 0.15323078276952337
60854 53104.52592 -0.7323374019079149 0.18702976779405697 0.654698264067888 0.008484029240893068
60854 53524.52592 -0.6728113918872113 0.34437092208921577 0.6403644598413477 -0.13662670872971988
60854 53944.52592 -0.5799914486809584 0.48459863775393563 0.5943133048763002 -0.2748922978022535
60854 54364.52592 -0.4585327278765201 0.6007929240936126 0.5188665430720966 -0.39946603147899323
60854 54784.52592 -0.31450500695204575 0.6872438317350176 0.4178039630046207 -0.5042046854620632
60854 55204.52592 -0.15501309365332233 0.7397469172579542 0.29612100281072234 -0.5840015333008569
60854 55624.52592 0.012050693871116146 0.7557384335621407 0.15985673830707042 -0.6349488357593007
60854 56044.52592 0.1785124207498666 0.734451947719782 0.015699098981588226 -0.6545740526631098
60854 56464.52592 0.3362333116675012 0.6769051877843419 -0.1292882145060406 -0.6418964748817289
60854 56884.52592 0.4774616375321155 0.5858698492626632 -0.26796777806981154 -0.5974781789541969
60854 57304.52592 0.5951424878415551 0.4658329898543206 -0.3934203329915715 -0.5234744371198561
60854 57724.52592 -0.6834317686152686 -0.32269199931563874 0.4994379326773707 0.42350046355114657
60854 58144.52592 -0.7379050479931308 -0.16353274063143383 0.5807357406015775 0.30248831791618785
60854 58564.52592 -0.7558206860519483 0.003747977348384591 0.63325949475585 0.16644355050083462
60854 58984.52592 -0.7362677423977351 0.17085390161827793 0.6543921754523557 0.022127731765536653
60854 59404.52592 -0.680209547842193 0.3294957057781657 0.6430778294951343 -0.12328201859920557
60854 59824.52592 -0.5904419773092185 0.4717971211949211 0.5998788268963439 -0.2625474069664974
60854 60244.52592 -0.47145606284430813 0.5906957617430165 0.5269584529365439 -0.38874475783591667
60854 60664.52592 -0.3292011213387032 0.6803165106883804 0.42796499577282465 -0.4956228701213185
60854 61084.52592 -0.17059893301564602 0.7363008835509676 0.3077081923822129 -0.5779902086340724
60854 61504.52592 -0.003305799789065905 0.7558219110866999 0.1719773475643721 -0.6317801059971154
60854 61924.52592 0.16400351560499515 0.7378241026873237 0.02781988693025717 -0.6541746664722163
60854 62344.52592 0.3229995204908259 0.6833179884394582 -0.11753879838145086 -0.6441525186730187
60854 62764.52592 0.46587897435115677 0.5951211269202277 -0.256914559261759 -0.6023143156110843
60854 63184.52592 0.5856807374220697 0.4776687026699042 -0.38348267390846746 -0.5308029042068282
60854 63604.52592 -0.6765921314014238 -0.3367861536714559 0.49107347020060016 0.4331801256821523
60854 64024.52592 -0.7342119764337061 -0.17936581867541868 0.5744732676866742 0.3142310319901628
60854 64444.52592 -0.7557133287777593 -0.013076567100067188 0.6296145730206422 0.17975499308934417
60854 64864.52592 -0.7399758969053887 0.15399682353007188 0.6537610669437751 0.03629211608944994
60854 65284.52592 -0.687647538315949 0.31367790809821655 0.6456272517161838 -0.10914433040955267
60854 65704.52592 -0.6011424105363187 0.4580853365703266 0.6054640472345596 -0.24939710138688836
60854 66124.52592 -0.48467563417092696 0.5798993699061793 0.5351508444062697 -0.37738551132056264
60854 66544.52592 -0.34402452661464444 0.672945516509229 0.43813400310106204 -0.4866518799145191
60854 66964.52592 -0.18627549839608434 0.7324957759380998 0.31929057271254807 -0.5716685290507295
60854 67384.52592 -0.019363469515441132 0.7555864338081274 0.184613314112162 -0.6281975177808051
60854 67804.52592 0.14834216425419353 0.7411395126530371 0.040891769127913515 -0.6534789119064132
60854 68224.52592 0.30855671160586023 0.6899709388211924 -0.10472681249910912 -0.6463475489618233
60854 68644.52592 0.45337481109024885 0.6047133976885204 -0.245020868001073 -0.6072378130262372
60854 69064.52592 0.575699607425104 0.48966651697844266 -0.3730784224359319 -0.5381534677705776
60854 69484.52592 -0.6695636832254308 -0.35056902263181583 0.48262565193111573 0.4425588261176518
60854 69904.52592 -0.7304182855781215 -0.194268626568558 0.568340580008744 0.32517351358868146
60854 70324.52592 -0.7553007632912339 -0.028426378565627287 0.6260506926051541 0.19176346957105772
60854 70744.52592 -0.7429723395084934 0.1388823026530939 0.6529309751606135 0.04883595407955854
60854 71164.52592 -0.6939573730691325 0.29949075487145477 0.6476041245009718 -0.09662996449779288
60854 71584.52592 -0.610546553575984 0.4454936040709733 0.6102212513658744 -0.23748342895833607
60854 72004.52592 -0.496798948424553 0.569559646995603 0.5425366896430563 -0.36666954298067356
60854 72424.52592 -0.35829064875106503 0.6654660133612033 0.44782579278527657 -0.4777393174053469
60854 72844.52592 -0.20194046129480606 0.7283369930397313 0.33079656333849206 -0.5650830986194211
60854 73264.52592 -0.035557605540641773 0.7550025205739376 0.19729370132654486 -0.6243252726200416
60854 73684.52592 0.13263587510334232 0.7441179943230319 0.05392767566353621 -0.6525242838069455
60854 74104.52592 0.2942605739636806 0.6961976550117193 -0.09214090058390467 -0.6482511814153024
60854 74524.52592 0.44117913351736926 0.6136791544072694 -0.2335385847453386 -0.6117340901322947
60854 74944.52592 0.5660622676044119 0.5007889194390767 -0.36317699157069827 -0.5448728660478974
60854 75364.52592 0.6627660306217922 0.36327027435101195 -0.4746378166143935 -0.4511040228886187
60854 75784.52592 -0.7266215625681238 -0.20804445638157268 0.5624853771478417 0.3351847393226671
60854 76204.52592 -0.7546320242263538 -0.04277682878483394 0.6225261458908387 0.2028838303400422
60854 76624.52592 -0.745530238065593 0.12448278785889946 0.6519251402894951 0.0606820493660084
60854 77044.52592 -0.6997802725711513 0.28565047871246335 0.6492821319689991 -0.0845227024968856
60854 77464.52592 -0.6195453784027342 0.43291053199880336 0.6146703470781761 -0.22568198822041677
60854 77884.52592 -0.5086294151233417 0.5590319365125609 0.549660926621461 -0.3558823931805845
60854 78304.52592 -0.3723840626618811 0.6576907448883671 0.4573257974187626 -0.46864283732807654
60854 78724.52592 -0.21749853719554582 0.7238484820315514 0.3421516545375831 -0.5582741321927883
60854 79144.52592 -0.0516783421185908 0.7540761406637426 0.20984224914869587 -0.6202134741439965
60854 79564.52592 0.11677449576862267 0.7467789962941633 0.06702332140441168 -0.6513007924298779
60854 79984.52592 0.27940189632380685 0.7023024625929218 -0.07911901905282402 -0.6499584695891708
60854 80404.52592 0.42803395600941724 0.6229295517594927 -0.22121527521812898 -0.6162868715604878
60854 80824.52592 0.5552898889242321 0.5127166750070651 -0.35217276041985396 -0.5520408474438043
60854 81244.52592 0.6549026768681184 0.3772702694311733 -0.46550087584575534 -0.46051988254703813
60854 81664.52592 -0.722046708554343 -0.22341369882067566 0.5556619862534241 0.34637353663062004
60854 82084.52592 -0.7535599974039882 -0.05874888871362846 0.6183441857746175 0.215282062202452
60854 82504.52592 -0.7480012410668174 0.10869020010288047 0.6505785136324965 0.07367619265290772
60854 82924.52592 -0.7056657754069507 0.27080485056471737 0.6508292660208178 -0.07156684162886745
60854 83344.52592 -0.6285569815158758 0.41973260366829407 0.6190345585232108 -0.2133937153701094
60854 83764.52592 -0.5203271668115913 0.5481676762169629 0.5566322699749637 -0.34486570466086736
60854 84184.52592 -0.3862025801449652 0.6496739835083288 0.46657135128225724 -0.4594371082144323
60854 84604.52592 -0.23276237230817262 0.7190839990792655 0.35322218844334435 -0.5513383406737983
60854 85024.52592 -0.0676349379615797 0.7528107347399778 0.22219505313627397 -0.6158984260322121
60854 85444.52592 0.1009197939685255 0.749085924074126 0.08004310180738998 -0.6498296510566557
60854 85864.52592 0.26443941972028495 0.7080734331470689 -0.06608651389888104 -0.6514110677982186
60854 86284.52592 0.4148283716078116 0.6318026421424365 -0.20893581268518485 -0.6205551302411648
60855 304.52592 0.5445373426746571 0.5241242884914529 -0.3413171926842635 -0.5588160579513483
60855 724.52592 0.6470856651472305 0.39052419427690443 -0.45659287476621474 -0.4693548149940135
60855 1144.52592 -0.7174371789792678 -0.2377898028963635 0.5490616641853527 0.35675088336090977
60855 1564.52592 -0.752257108320326 -0.07354224692569494 0.6142675749891926 0.22666302569135113
60855 1984.52592 -0.7499749834462965 0.09410150159699243 0.6491233336092531 0.0855647670827705
60855 2404.52592 -0.7108101129045173 0.2570007140715525 0.6520294030380793 -0.05964288669393328
60855 2824.52592 -0.6366976530544158 0.40727982609047564 0.6228733622847525 -0.2019109120646979
60855 3244.52592 -0.5312020028739187 0.5376352084519678 0.5630284571309743 -0.3343228547919826
60855 3664.52592 -0.3994130738458715 0.6416325214859171 0.475338026670459 -0.450367254819498
60855 4084.52592 -0.24772486687791412 0.7140602010221927 0.3640144674037626 -0.5442829109637933
60855 4504.52592 -0.08358908802497876 0.7511981677067239 0.23449453300501438 -0.611331735793238
60855 4924.52592 0.08485707635671659 0.7510682027276449 0.09318053758361826 -0.6480842683318919
60855 5344.52592 0.24917508798268162 0.7135829129288777 -0.0528531214755003 -0.6526237426381734
60855 5764.52592 0.4009702607696005 0.6406815080848302 -0.19611479398801693 -0.6247311763915292
60855 6184.52592 0.5327736666886494 0.5360674258717719 -0.32951732651131926 -0.5658641767519631
60855 6604.52592 0.6382739901731574 0.40474400262316046 -0.4466725726658606 -0.47882378662414066
60855 7024.52592 -0.7120921261485503 -0.2533049201409096 0.5416366829248357 0.3679553301962421
60855 7444.52592 -0.7505327034878563 -0.08932842824492783 0.6096665141619715 0.23880501337302584
60855 7864.52592 -0.7516797408532656 0.0792344766794936 0.6474305519478982 0.09763782720100951
60855 8284.52592 -0.7154044644258991 0.24389023829477546 0.6529695788247675 -0.0484224439017262
60855 8704.52592 -0.6436637765058159 0.3961620939627604 0.626066539163753 -0.1918156058844882
60855 9124.52592 -0.5399884220864378 0.5287982924309825 0.5680850438700393 -0.32567507252759087
60855 9544.52592 0.4094974044761213 -0.6352365154195334 -0.4818725005937897 0.44337945191050177
60855 9964.52592 -0.25872486690312085 0.7101439293079316 0.37174083389391915 -0.5390415525067689
60855 10384.52592 -0.09512802149635033 0.7498215695747023 0.24314298276826252 -0.6079471714361967
60855 10804.52592 0.07313896327582345 0.7522986619907976 0.10250115337647965 -0.6466768348829922
60855 11224.52592 0.23765454893054547 0.7175025033994106 -0.04311893104374118 -0.6533385269321281
60855 11644.52592 0.390305058743472 0.6472337154838476 -0.18649758803187205 -0.6276696012382015
60855 12064.52592 0.5235955285004807 0.5450304591714253 -0.3205598727030231 -0.5709911462731354
60855 12484.52592 0.6309985245925891 0.4159806684238035 -0.4387186297552195 -0.4861346617608788
60855 12904.52592 -0.7072658981708694 -0.26645728040734834 0.5351891782554186 0.3772903530184188
60855 13324.52592 -0.7486548020056123 -0.1038372858017596 0.6052409956534794 0.2498342304241878
60855 13744.52592 -0.7531294911313167 0.06392490124106408 0.6454504227732452 0.11001512773906744
60855 14164.52592 -0.7204223156504438 0.22862797550245184 0.6538145320777528 -0.03531987506280039
60855 14584.52592 -0.6520595453634074 0.3821774098414634 0.6298483526537786 -0.17902466133652611
60855 15004.52592 -0.5514146812378663 0.5168615191694395 0.5746939931649628 -0.313883471271284
60855 15424.52592 0.4234278102293191 -0.6260219080314617 -0.4910342779565889 0.433232960496663
60855 15844.52592 -0.2744858761363069 0.7041862584510464 0.3830284240647718 -0.5311011613326196
60855 16264.52592 -0.11195626692982875 0.7474808740452711 0.2560205536327096 -0.6026538088731005
60855 16684.52592 0.05605106601186477 0.7537538510046575 0.11636492219832642 -0.6443388976123975
60855 17104.52592 0.22124034379911567 0.7227239029803523 -0.029016594035612298 -0.6541260640022442
60855 17524.52592 0.37546760450457173 0.6559452417972819 -0.17293398140617608 -0.6315486963062407
60855 17944.52592 0.5111315576247248 0.5567293754751405 -0.3082730385442489 -0.5777236943296324
60855 18364.52592 0.6215254791283421 0.42999708751291327 -0.4283377420824165 -0.495313397994072
60855 18784.52592 -0.7012082027368601 -0.2819999353829146 0.5272111100224401 0.3883703623186004
60855 19204.52592 -0.7462540101424011 -0.11984784770896037 0.6000746391625874 0.26201502472149446
60855 19624.52592 -0.7542720566510197 0.048567724244481726 0.6432272046734878 0.12236667800134121
60855 20044.52592 -0.7247717747789592 0.21443577281338927 0.6543561067319659 -0.023264982361186355
60855 20464.52592 -0.6592534910134699 0.3696277345165382 0.6329565990924665 -0.16770842593031218
60855 20884.52592 -0.561009963681704 0.5064286825334412 0.5801100007281063 -0.3037600981243797
60855 21304.52592 0.4350175422512478 -0.6180220556868183 -0.49850429644162664 0.4246197629027196
60855 21724.52592 -0.28763898833154 0.698912141625506 0.3922835145560369 -0.524308377663013
60855 22144.52592 -0.12621497740552085 0.7452008437890726 0.2667657724671604 -0.5979811907866144
60855 22564.52592 0.04125649993548867 0.7547051092398298 0.12820529582649243 -0.6420915054899972
60855 22984.52592 0.20661051315276782 0.7270404251485406 -0.016600501128260454 -0.6545599586110274
60855 23404.52592 0.3618147437410537 0.6635752601059178 -0.16059414020917082 -0.634797201882173
60855 23824.52592 0.4992995000693547 0.5673679996873262 -0.29674711557248845 -0.5837248594678
60855 24244.52592 0.6122746681662593 0.4430770609834439 -0.41834881918767874 -0.5037724826113921
60855 24664.52592 -0.6950981836014086 -0.29674734851592843 0.5193697316253825 0.398791434429285
60855 25084.52592 -0.7435553002691522 -0.13559633258748227 0.5947281302218785 0.27392992014977885
60855 25504.52592 -0.7551428234935829 0.03238095720276893 0.6406131548482545 0.13537198961431485
60855 25924.52592 -0.7292159497673274 0.1988175064715788 0.6546877966893463 -0.009979308162770512
60855 26344.52592 -0.6670613506854051 0.3553568073707552 0.6362281936885996 -0.15480432627277835
60855 26764.52592 -0.57177535270648 0.49425064711066885 0.5861530158134303 -0.2919141756079793
60855 27184.52592 0.4481748187794844 -0.608553496836088 -0.5069955917090448 0.4144362958141351
60855 27604.52592 -0.302498323586213 0.6926156066715536 0.402767042376923 -0.516291676475103
60855 28024.52592 -0.142026747566001 0.7423550567415454 0.2787060389120497 -0.5925034317031721
60855 28444.52592 0.025271059664957716 0.7554161548457086 0.14100804590600824 -0.6393938829323469
60855 28864.52592 0.1912211021772265 0.7312480850551549 -0.0035584775085265325 -0.6547503840572504
60855 29284.52592 0.3477517303822002 0.6710637124597093 -0.1479348777867019 -0.6378538231994942
60855 29704.52592 0.48723053555436036 0.577778563475929 -0.28507217781525157 -0.5895016456692657
60855 30124.52592 0.6027903309168713 0.4559079639989514 -0.40822982569061206 -0.5119962448417686
60855 30544.52592 -0.6886742290569849 -0.3113791873223321 0.5113067787248216 0.4090674589420402
60855 30964.52592 -0.7405207801377967 -0.151319984376856 0.5891257546769991 0.2857657811714927
60855 31384.52592 -0.7556667719232318 0.016336384896426054 0.6377619696176006 0.14819083119112583
60855 31804.52592 -0.7332922700242157 0.18324883337777653 0.6547458629369577 0.0031885349857140913
60855 32224.52592 -0.6744934394731498 0.34106180178909246 0.6392039447086614 -0.14196395506234932
60855 32644.52592 -0.5821893039585265 0.48195597844441385 0.5918986421107486 -0.2800536496199002
60855 33064.52592 -0.4610433312857553 0.5988734307369958 0.5152202707733498 -0.40415063184222527
60855 33484.52592 -0.3171691930949012 0.6860269180514648 0.4130532104456263 -0.5080923301929476
60855 33904.52592 -0.15778131082315677 0.7391712204897386 0.2905465216511827 -0.5867824839845134
60855 34324.52592 0.009212453900162872 0.7557880585957601 0.15381393561246243 -0.6364281690722011
60855 34744.52592 0.17565270658660376 0.7351509312907307 0.00957498920567282 -0.6546812617395453
60855 35164.52592 0.3334398521215069 0.6782983601038504 -0.1351244196128876 -0.6406797881328045
60855 35584.52592 0.47487748543122377 0.5879829160484695 -0.2732170129343151 -0.5950797661733312
60855 36004.52592 0.5930085063784206 0.46856861158794566 -0.3979182785587387 -0.5200436627690311
60855 36424.52592 -0.6819416572311577 -0.32586452657163745 0.5030451159203148 0.4191819387852747
60855 36844.52592 -0.7371629757600346 -0.1669173333165867 0.5833136962906078 0.2974466048333358
60855 37264.52592 -0.7558459546715324 3.8839406743962736E-4 0.6346802005462229 0.16086573591456474
60855 37684.52592 -0.7370025146403125 0.1677274455157977 0.6545464266580374 0.01624108320881024
60855 38104.52592 -0.681549007264546 0.3267497530474486 0.6418989635499845 -0.1291946987054765
60855 38524.52592 -0.5922607948486358 0.46953405710659857 0.5973671545361791 -0.26817420230817934
60855 38944.52592 -0.47364391381531956 0.5889641587631194 0.5232035795052714 -0.3937520501420003
60855 39364.52592 -0.3316788206736529 0.679134170592076 0.42316292637752106 -0.49969898538055935
60855 39784.52592 -0.17348093237343176 0.7356481737898207 0.30228351817996846 -0.5808190812458618
60855 40204.52592 -0.006888542469859511 0.7558174338984939 0.16658910096107943 -0.6331987255504515
60855 40624.52592 0.1599583789830666 0.7387315312262808 0.022744495696155317 -0.654348324427221
60855 41044.52592 0.31893785313336204 0.6852455800819708 -0.12222385731188667 -0.6432561461195757
60855 41464.52592 0.46228906407084974 0.5979399322048984 -0.261231090100061 -0.6004289935374816
60855 41884.52592 0.5829557478180462 0.48102375564721905 -0.38744524392883023 -0.527887228057164
60855 42304.52592 -0.6749121858741711 -0.3401865858046198 0.4945965342961238 0.4291164136448379
60855 42724.52592 -0.7334855986005118 -0.18239783067569001 0.5772900705728569 0.30897586059178994
60855 43144.52592 -0.7556877741244883 -0.01550057473330845 0.6313624774210514 0.17342762849807386
60855 43564.52592 -0.740369511651869 0.15219232139641403 0.6540916768520042 0.0292328889656314
60855 43984.52592 -0.688286957979754 0.31231807993331445 0.6443367280125312 -0.1163987171572335
60855 44404.52592 -0.6020575467064364 0.4569098146344887 0.6025959118285745 -0.2561997244182616
60855 44824.52592 -0.4860305037206787 0.5787842293491029 0.5309817918164436 -0.3831990371454336
60855 45244.52592 -0.346046258900071 0.6719244580860791 0.43311189203632683 -0.4911044678107777
60855 45664.52592 -0.18910961032191442 0.731783164384753 0.313907726886824 -0.5746241333321098
60855 46084.52592 -0.02298528696819014 0.7554966653305432 0.17929888341808461 -0.629720871229823
60855 46504.52592 0.14420623184700077 0.74196684926444 0.0358914624379453 -0.6537595584105477
60855 46924.52592 0.30431928852206924 0.6918622007138343 -0.10930592261816108 -0.6455762396010437
60855 47344.52592 0.4495275908244014 0.6075909521761769 -0.24918720662030738 -0.6055277995088455
60855 47764.52592 0.572676479502397 0.4932102210375419 -0.37687066734875946 -0.5354940034967154
60855 48184.52592 -0.6676102801485081 -0.3542886053501222 0.4860037317123845 0.4388353571907493
60855 48604.52592 -0.7294968768252756 -0.1977273569668054 0.571077651247916 0.32032563939568404
60855 49024.52592 -0.7551928225695441 -0.03132979954542886 0.6278169472307253 0.18587125966587972
60855 49444.52592 -0.7433990622354711 0.1366161118902247 0.6533870113454996 0.04218157944429999
60855 49864.52592 -0.6947095502872017 0.29775763985145026 0.6465221583216202 -0.10357667425150216
60855 50284.52592 -0.6115807651030007 0.44408108411263203 0.6075856191566158 -0.24413249247785423
60855 50704.52592 -0.4982032397070871 0.5683341103659557 0.538552299190549 -0.37249334487541347
60855 51124.52592 -0.36027140604063307 0.664395137494744 0.4429000344465931 -0.48231024740311307
60855 51544.52592 -0.20466628075717022 0.7275718311643525 0.32542125067900884 -0.5682006279684031
60855 51964.52592 -0.039087082148572656 0.754821877498182 0.1919505128714706 -0.6259961133007214
60855 52384.52592 0.1283677160939238 0.7448594416806401 0.04903905431276524 -0.6529175390170986
60855 52804.52592 0.2895332646540615 0.69816842645446 -0.096324826966408 -0.6476518082046526
60855 53224.52592 0.4365249640547867 0.6169855631712441 -0.23701801488609495 -0.610407430504155
60855 53644.52592 0.5620995218716702 0.5052149772844159 -0.3661120240798421 -0.5429216702833919
60855 54064.52592 -0.6599750922002947 -0.36829184899589723 0.4771850156375059 0.44842887115955066
60855 54484.52592 -0.7251569861915096 -0.21304474416692823 0.5646145669161293 0.33161675649250083
60855 54904.52592 -0.7543511618435763 -0.047241701679069 0.6240098684218708 0.19832859188687804
60855 55324.52592 -0.7461088116524235 0.12087394370336914 0.6524286621992519 0.05520843820556465
60855 55744.52592 -0.7008588299543534 0.28295523288515445 0.6484769756996599 -0.09061373320499116
60855 56164.52592 -0.6208883793471818 0.43095785252157937 0.6123780370187873 -0.23187515933932118
60855 56584.52592 -0.5102213829647788 0.5575576498096013 0.5459629798024801 -0.3615633169854197
60855 57004.52592 -0.3744006750430168 0.6565209431204829 0.4525682746267282 -0.4732719541372711
60855 57424.52592 -0.22018480023571152 0.7230123686534412 0.33684751921154776 -0.5615207185138642
60855 57844.52592 -0.055209847350093655 0.7538023453573792 0.20455235792728338 -0.6220066155240491
60855 58264.52592 0.11244655046241953 0.7474191124871448 0.06218434464400781 -0.6518079094788792
60855 58684.52592 0.2745991438179011 0.7041680617119381 -0.08328762000348078 -0.649465798509424
60855 59104.52592 0.4233091775997884 0.6261198311994128 -0.22472640736225605 -0.6150458023372429
60855 59524.52592 0.5512118141297954 0.5170622456015382 -0.35513372942692334 -0.5501747034902272
60855 59944.52592 0.6519768653323562 0.38225114305442653 -0.4680883448656375 -0.4579339822571886
60855 60364.52592 -0.7204373540480393 -0.22845726705333028 0.557834278784491 0.3429259591162064
60855 60784.52592 -0.7531552923596183 -0.06338635086842824 0.6198812559665562 0.21091824154303754
60855 61204.52592 -0.7485286600174432 0.10478592588676583 0.651180976043137 0.06846963785541521
60855 61624.52592 -0.7068169304526714 0.26770498685920474 0.6502045667822395 -0.0773168039412953
60855 62044.52592 -0.6301290378596793 0.41731962714488796 0.6170327867845731 -0.2192082673590349
60855 62464.52592 -0.5223051874802898 0.5462483916679832 0.5533374887185566 -0.3501822515633282
60855 62884.52592 -0.3887163505304452 0.6481448932241912 0.4622956467805226 -0.46377853678827385
60855 63304.52592 -0.23588981653034402 0.7180401469560039 0.34834930000963876 -0.5544610960197981
60855 63724.52592 -0.07147876332308759 0.7524340749600515 0.21720842820929342 -0.6177007754144896
60855 64144.52592 0.09639308470828659 0.7496609708425458 0.07537746589432417 -0.6504114387456473
60855 64564.52592 0.25949673265552187 0.7098775764439597 -0.07016511906024543 -0.6510085470025877
60855 64984.52592 0.4098390895765257 0.6350256592362414 -0.21226791747017837 -0.6194486774378772
60855 65404.52592 0.5400177678723445 0.5287474744267918 -0.3439362042333979 -0.557238554020612
60855 65824.52592 0.6435203402838141 0.39632566058472857 -0.45858609153496305 -0.46744661626090417
60855 66244.52592 -0.7152254672408773 -0.24428691385377121 0.5505582812475867 0.3544883829966395
60855 66664.52592 -0.7515538081486385 -0.08018660363347643 0.6152810826958577 0.22397805993360242
60855 67084.52592 -0.7507064310503238 0.08786739274429793 0.6495634589130594 0.08238014637585367
60855 67504.52592 -0.7127172307790033 0.2515923661845248 0.6517111603873187 -0.06330871705377913
60855 67924.52592 -0.6394450775110454 0.40291004374966743 0.6215986249658803 -0.20588501386225544
60855 68344.52592 -0.5345626482292137 0.5342642720994502 0.56072810311053 -0.3382136263639916
60855 68764.52592 -0.40316802963434295 0.6392591609919551 0.4720417688239905 -0.45385001206801934
60855 69184.52592 -0.2518138050344643 0.7126148660512649 0.35994722140253627 -0.5469989561977209
60855 69604.52592 -0.08768587510084258 0.7507218741082899 0.22974426368663184 -0.6131438887783386
60855 70024.52592 0.08087091124355508 0.7515000117255393 0.08803830772119424 -0.6488119022218531
60855 70444.52592 0.24527691937018445 0.7149240677818539 -0.05793049906266502 -0.6522015542827766
60855 70864.52592 0.3974382474691276 0.642870191412434 -0.20094334210762543 -0.6232034416662242
60855 71284.52592 0.5297966639656563 0.5390016260871434 -0.33386782117787717 -0.5633160923568703
60855 71704.52592 0.6358289342893207 0.40856798488642415 -0.4501227925540293 -0.4755872576822427
60855 72124.52592 -0.7103584360454137 -0.25812367843852096 0.5440023466310865 0.3644509649162042
60855 72544.52592 -0.74982324144517 -0.0950914912938263 0.6109835579915063 0.23541836533332341
60855 72964.52592 -0.7523528662924157 0.07254814536888979 0.6478493360091918 0.0948323205324549
60855 73384.52592 -0.7178320239912498 0.23664660744277316 0.6528170501159608 -0.05045262724920201
60855 73804.52592 -0.647891041003561 0.38920875041512615 0.6255954448446659 -0.19334964953995323
60855 74224.52592 -0.5458463688109128 0.522747539022344 0.5674090330929183 -0.3268543119901946
60855 74644.52592 0.41666726646284724 -0.6305543326065097 -0.48103600769050175 0.44429042527914253
60855 75064.52592 -0.2667094554924399 0.707181489411776 0.37069020831425664 -0.5397677063739559
60855 75484.52592 -0.103441251014652 0.7487196013027353 0.24184859570127126 -0.608463740062561
60855 75904.52592 0.06494064237204879 0.753051691892872 0.10098733935114547 -0.6469137651931401
60855 76324.52592 0.23003309025054322 0.7199839509458021 -0.04483430241727644 -0.6532210752088564
60855 76744.52592 0.38363468105093135 0.6512139895050142 -0.18834475336003703 -0.6271132475475704
60855 77164.52592 0.5181362315108037 0.5502326715624541 -0.3224045535387512 -0.5699422397037317
60855 77584.52592 0.6269155840149035 0.4221283913811602 -0.4403860951855779 -0.48460763394359124
60855 78004.52592 -0.7046543817453423 -0.27332609243573974 0.5364925714900659 0.37540747224432713
60855 78424.52592 -0.7476169164125396 -0.11115457654474757 0.6060825321410876 0.24774497096896061
60855 78844.52592 -0.7537403423082474 0.05644371816464773 0.6457930041947284 0.10789346036689859
60855 79264.52592 -0.7227188998810659 0.2213077245613332 0.6536876464462137 -0.03731948134415681
60855 79684.52592 -0.6560081546546184 0.3753870837640435 0.6293258749356424 -0.1807948602871706
60855 80104.52592 -0.5567626224794194 0.5111175022738712 0.5737897443095525 -0.31549898637608487
60855 80524.52592 0.4298377503042277 -0.6216569671856866 -0.4897406897052102 0.4346678966866076
60855 80944.52592 -0.2814961371925324 0.7014299856258692 0.3812931322085058 -0.5323264480947781
60855 81364.52592 -0.1191395166802629 0.7463851542280676 0.2538452715152932 -0.6035541029953023
60855 81784.52592 0.0492209063932361 0.7542461980267338 0.1136880723866423 -0.644798416044158
60855 82204.52592 0.21516397887264538 0.7245725704010112 -0.032157820973152694 -0.6539609521740746
60855 82624.52592 0.37031044470154345 0.6588890793608837 -0.17630452351170708 -0.630596598970548
60855 83044.52592 0.506834427361419 0.5606666762496939 -0.3114330997259938 -0.5760044841660545
60855 83464.52592 0.6182693038821869 0.43469896414705883 -0.4311086043838834 -0.49287447658880723
60855 83884.52592 -0.6990973183954932 -0.2872430094157348 0.5294084279652489 0.3853324659996693
60855 84304.52592 -0.7453611655130512 -0.1253902547217094 0.6015581954687799 0.25853772341806525
60855 84724.52592 -0.7546494347469859 0.04262407843254732 0.6438486244027595 0.1189385027167619
60855 85144.52592 -0.7265332782764385 0.2084562377096996 0.6542116751197332 -0.02650427614255761
60855 85564.52592 -0.6624490185083355 0.3639089615045152 0.6321692898531853 -0.17056832818717435
60855 85984.52592 -0.5656136748629157 0.5013098964394996 0.578843913846873 -0.3061197183167393
60856 4.52592 0.44086077594814316 -0.6138891376689299 -0.49690200390607864 0.42646254395506084
60856 424.52592 -0.2942651291700539 0.6961662594225797 0.39032553302499123 -0.5257438076333962
60856 844.52592 -0.13291326194617184 0.7440509106062408 0.26424425004930807 -0.5990803648432578
60856 1264.52592 0.03521757638692712 0.7550252136354123 0.12487345548379482 -0.6427311017865618
60856 1684.52592 0.2014596805289574 0.7284991530012068 -0.020592969711318843 -0.654430218431395
60856 2104.52592 0.35757659064245395 0.665883803092995 -0.16490472053368896 -0.6336751342357015
60856 2524.52592 0.4958718537188841 0.5703834979844619 -0.30090493414263436 -0.5815754383783964
60856 2944.52592 0.609571728859833 0.4468077780613824 -0.4219031924791999 -0.5007822011758644
60856 3364.52592 -0.6931386426276105 -0.3013218560673986 0.5219823094809467 0.3953459620906591
60856 3784.52592 -0.7425457084793298 -0.1410709963217599 0.5963024524109756 0.270459294653322
60856 4204.52592 -0.7553953829645788 0.026117327842652745 0.6412568766802775 0.13223206378338062
60856 4624.52592 -0.731021678593431 0.19211246356210213 0.6546307099599634 -0.012599220128906276
60856 5044.52592 -0.6705237251429772 0.3488029079879526 0.6356890752751745 -0.15695179188313374
60856 5464.52592 -0.5767320607724251 0.4884740607695431 0.5852289370234396 -0.2937351073721345
60856 5884.52592 -0.4542231768321389 0.6040644127391832 0.5056483366816094 -0.41606159460073583
60856 6304.52592 -0.3090640672262177 0.6897174123759401 0.40085464767142576 -0.5177691038052026
60856 6724.52592 -0.1485363006697282 0.7410830478946392 0.276093618787762 -0.593721481143492
60856 7144.52592 0.01936267661842543 0.7555922484316808 0.13758721353026454 -0.6401368600050341
60856 7564.52592 0.18645699630455614 0.7324787847698337 -0.007918729352246752 -0.6547105559838151
60856 7984.52592 0.3440384872705474 0.6729745636811174 -0.15281275947986508 -0.6367032404935222
60856 8404.52592 0.48445871372059196 0.5800999295629468 -0.29001736969751074 -0.5870892195356606
60856 8824.52592 0.600759638052494 0.45856920136485724 -0.4127038032366203 -0.5084070373634323
60856 9244.52592 -0.687237181913306 -0.31451503748921633 0.5148236849979181 0.4046503680390997
60856 9664.52592 -0.7397285990528439 -0.15509942752511335 0.5914251002654335 0.28100198949601907
60856 10084.52592 -0.7557423318143826 0.011808002658804181 0.638822588249371 0.14359595996873978
60856 10504.52592 -0.7345545640974201 0.17808467726415983 0.6547631047111209 -8.46638307043473E-4
60856 10924.52592 -0.6771882099774948 0.33566084273204766 0.6384651697458283 -0.14529333758062915
60856 11344.52592 -0.5863750586742174 0.47684139762239114 0.5906551481368904 -0.2826889952893831
60856 11764.52592 -0.4664958257647072 0.5946249045565372 0.513587412720065 -0.4062398760839987
60856 12184.52592 -0.32338275085329815 0.6831110690708546 0.4109651853629526 -0.50979454703147
60856 12604.52592 -0.16411344433445538 0.7377831515574912 0.28783733327598365 -0.5881262349522828
60856 13024.52592 0.00337877423922268 0.7558287100906669 0.15032928017601227 -0.6372696857760309
60856 13444.52592 0.17070085954933825 0.7363082893214904 0.005340114337138373 -0.6547387286578088
60856 13864.52592 0.32951715507600654 0.6802019371337016 -0.13988824927336538 -0.639667919271717
60856 14284.52592 0.47189910194766543 0.5903600144592702 -0.278076597433293 -0.5928403637308778
60856 14704.52592 0.5907844709089819 0.47134226429768583 -0.40234278439629184 -0.5166531357339893
60856 15124.52592 -0.680337110490664 -0.3291566208221325 0.5065534416719701 0.4149710180102351
60856 15544.52592 -0.7362340889197053 -0.17088691575060333 0.5856422798583736 0.2928824822008037
60856 15964.52592 -0.7558160129902207 -0.004348179833434916 0.6358037012752246 0.15645095488499774
60856 16384.52592 -0.7381883838514326 0.16234754947635685 0.654651489192344 0.012353575356075454
60856 16804.52592 -0.684205561705396 0.32110864096019603 0.6412674610920452 -0.13239347935854545
60856 17224.52592 -0.5964376979198661 0.4641863256380094 0.5962404307623441 -0.2707221385758262
60856 17644.52592 -0.4791092845088866 0.5844996034729049 0.5216844370903377 -0.39580279829119097
60856 18064.52592 -0.33792298898210194 0.676022721875202 0.4211768156635548 -0.5014094364622126
60856 18484.52592 -0.17986364061314492 0.7340885889770561 0.29965785209556145 -0.5822097439896853
60856 18904.52592 -0.012804302184429127 0.7557165077462523 0.1631709054849069 -0.6341166023442487
60856 19324.52592 0.1548911832178509 0.7397863274952166 0.018564638750648395 -0.6545076509870393
60856 19744.52592 0.31485897297083576 0.687102613979461 -0.1269284098795793 -0.6423729475684541
60856 20164.52592 0.4591237096424263 0.6003432752553276 -0.2660263942780253 -0.5983505065154667
60856 20584.52592 0.5805307306579767 0.4839114255153509 -0.39180289207675245 -0.5246944794618191
60856 21004.52592 -0.6731157507669171 -0.3436804181629318 0.4980502230707728 0.4251410725159299
60856 21424.52592 -0.7323965260836338 -0.18664193699002882 0.5795951056825359 0.30467955199862884
60856 21844.52592 -0.7555477142217515 -0.02055112512701553 0.63250854592788 0.16928745410838703
60856 22264.52592 -0.7414978218880727 0.1464959624180868 0.6542667436906736 0.025591819607931086
60856 22684.52592 -0.6909258184007624 0.30638713535933904 0.6438090826783129 -0.11940813127439819
60856 23104.52592 -0.6062358301941809 0.4513190253370598 0.6015817486789166 -0.25862841145936677
60856 23524.52592 -0.491495707858627 0.5741249838371633 0.5295584525953201 -0.38520165806415524
60856 23944.52592 -0.35228210129617915 0.6686530068691999 0.43119097783188753 -0.49282331331574286
60856 24364.52592 -0.1954868609137587 0.7300835988365224 0.31131885030303424 -0.5760585034230408
60856 24784.52592 -0.028925764921310732 0.7552725429670616 0.1759069612800615 -0.6307007427750502
60856 25204.52592 0.13905109075081834 0.7429301333240836 0.031759938468176506 -0.6539961142610593
60856 25624.52592 0.3001018518194904 0.6936812290966868 -0.11393989891294015 -0.6447968132436229
60856 26044.52592 0.4461832586782074 0.6100304969778675 -0.2538914353901864 -0.6035912784887989
60856 26464.52592 0.5700517823649892 0.49622294083394397 -0.38112654106417393 -0.5324906741991541
60856 26884.52592 -0.6656173349945967 -0.357996748562934 0.48936499244916815 0.43510205186632234
60856 27304.52592 -0.7282437772499037 -0.2022527471265404 0.5733258670211332 0.31631041301390345
60856 27724.52592 -0.7549406424163553 -0.036680091289359736 0.6289612056717919 0.18200823907414476
60856 28144.52592 -0.744460603896473 0.13064394527515877 0.6536110034895996 0.03877144472880594
60856 28564.52592 -0.6973084898399491 0.29158949295491504 0.6460737332593061 -0.10641977630031116
60856 28984.52592 -0.6157227274614089 0.4383020854381414 0.6066543461269023 -0.24646969207876365
60856 29404.52592 -0.503611743212783 0.5635366673429778 0.5371848110562941 -0.3744784578965332
60856 29824.52592 -0.3664255415763379 0.6610150961407136 0.4409916650047475 -0.4840637525687206
60856 30244.52592 -0.21096012403977232 0.7257700981657873 0.3228096691468528 -0.5696907127370489
60856 30664.52592 -0.04496746927625711 0.7544942271530832 0.18852474262973096 -0.6270365294908695
60856 31084.52592 0.12323373972946892 0.7457260474348633 0.0448785505244977 -0.6532166740617432
60856 31504.52592 0.28528902702885334 0.6999150294990731 -0.10096852284409577 -0.6469424085132487
60856 31924.52592 0.4331099402625464 0.6193933407607597 -0.24171334165673788 -0.608557581114665
60856 32344.52592 0.5593677398638143 0.5082469392549914 -0.37034980638066206 -0.540031296548068
60856 32764.52592 -0.6578544349515243 -0.3720800094023019 0.4805245357843158 0.44483725060640045
60856 33184.52592 -0.7237808378311642 -0.217698044564438 0.5668541541523591 0.32775788030412256
60856 33604.52592 -0.753995255834464 -0.052719110112451374 0.6251755329332044 0.19459548460782983
60856 34024.52592 -0.7470741993217794 0.11480472166811787 0.6526937562455131 0.051873665270064075
60856 34444.52592 -0.7033477273060108 0.2767290317885002 0.6480664499753713 -0.09344995385332412
60856 34864.52592 -0.6248873749087638 0.4251501424240972 0.6114571846266705 -0.2342717149910115
60856 35284.52592 -0.5154410310488114 0.5527488824967454 0.5445551953587402 -0.3636603575009813
60856 35704.52592 -0.38033063304573655 0.6531197441479654 0.4505639105558231 -0.47515825982063037
60856 36124.52592 -0.22625499312865166 0.7211520879753833 0.33411107526228884 -0.5631324297891003
60856 36544.52592 -0.06090265251734199 0.7533795987788183 0.20099927793497357 -0.6231447162014919
60856 36964.52592 0.10745670604234973 0.7481686828770707 0.0578984842237113 -0.6521843633613993
60856 37384.52592 0.2704316638633906 0.7057970655239398 -0.08803331727697546 -0.6488199692727442
60856 37804.52592 0.41990664823197354 0.628428263851426 -0.22950348513511373 -0.613257265977427
60856 38224.52592 0.5484767620551588 0.5199892996160975 -0.35947314850407436 -0.5473238760321137
60856 38644.52592 0.6498199835183414 0.3859448206472391 -0.4715251551222597 -0.45436176393125527
60856 39064.52592 -0.7190020442990386 -0.23299831639209864 0.560177440074609 0.3390414141129498
60856 39484.52592 -0.752709646412872 -0.06869068115255923 0.6211529397173156 0.2070719778249667
60856 39904.52592 -0.7493416474041285 0.09895576163369503 0.6515214098428446 0.0649207610980834
60856 40324.52592 -0.7090508176330681 0.26178679456586373 0.6497981394922984 -0.08047974973342924
60856 40744.52592 -0.6337389946456554 0.41184974672404556 0.6160041607785997 -0.22202150051809516
60856 41164.52592 -0.5269923194104306 0.5417512628932147 0.5516857348381995 -0.35274284459370325
60856 41584.52592 -0.39400579133695895 0.6449640518084648 0.4599185728208026 -0.46610697768025433
60856 42004.52592 -0.24137873431030207 0.7162333796312236 0.345225604532091 -0.556385958216277
60856 42424.52592 -0.07673198696251177 0.7519348790872854 0.21332744817837943 -0.6190295143549097
60856 42844.52592 0.09168117126767354 0.7502697706269448 0.07085032169547534 -0.6508994285095254
60856 43264.52592 0.25549665299287444 0.7113463004359715 -0.07510637241001429 -0.6504359568696243
60856 43684.52592 0.4065435211972719 0.6371618744451326 -0.21723344585503435 -0.6177027935245528
60856 44104.52592 0.5373487612269346 0.5314855385644527 -0.3484688233950431 -0.554390575520911
60856 44524.52592 0.641488030956041 0.3996399950050016 -0.4623383204673838 -0.46370708206791766
60856 44944.52592 -0.7138900716618506 -0.24821438872642582 0.5532705366532009 0.35020322112065694
60856 45364.52592 -0.7510790865842488 -0.08466628443990445 0.6168755059401619 0.21949131223349347
60856 45784.52592 -0.7512748293648327 0.08301883158602726 0.650087528336325 0.07797570048739592
60856 46204.52592 -0.7144486296068189 0.2466833994998023 0.651277216368529 -0.06744214930901682
60856 46624.52592 -0.6423270799781401 0.39832845508337894 0.6203191245697957 -0.20965339942535366
60856 47044.52592 -0.5383319369454085 0.5304843577325551 0.5586145875585818 -0.34166476908285187
60856 47464.52592 -0.4075286229369488 0.6365009143691147 0.46911115684441845 -0.45686073372362246
60856 47884.52592 -0.2564124605982567 0.7109822811617135 0.356222939657886 -0.5494197513609498
60856 48304.52592 -0.09253575445371214 0.750145706472526 0.22558603460115023 -0.6146783664661103
60856 48724.52592 0.07607576661684777 0.7520059765143611 0.08359515264916026 -0.6493930546856078
60856 49144.52592 0.24082048439693376 0.7164427580824402 -0.06249199873729233 -0.651774515288739
60856 49564.52592 0.393431235007541 0.6453337662973642 -0.20530629211500961 -0.6217761010322658
60856 49984.52592 0.52635883126789 0.5423594439698423 -0.3377356206047653 -0.5610055836243867
60856 50404.52592 0.6331634607662472 0.41268413180924196 -0.45332422930136346 -0.4725388686993759
60856 50824.52592 -0.708756522959822 -0.2624876361235112 0.5465732275829693 0.36058582741662226
60856 51244.52592 -0.7493000909480991 -0.09912172031913324 0.6128168033707819 0.23060751022584294
60856 51664.52592 -0.7526582019939174 0.06929400187587782 0.6486704422661791 0.08905408247525198
60856 52084.52592 -0.7186775683543318 0.23406159441657254 0.6523022346935542 -0.056740791123070566
60856 52504.52592 -0.6491905058802236 0.38703425384771195 0.623656106383882 -0.19952251600664078
60856 52924.52592 -0.5477589785050294 0.5207369108751915 0.5642610019584139 -0.3322690066620365
60856 53344.52592 0.4194614935924449 -0.6286893812586176 -0.4771178224415731 0.4485089751548605
60856 53764.52592 -0.2706193502997386 0.7056825042769259 0.3665340175713643 -0.5426142131973587
60856 54184.52592 -0.10848900920651904 0.7479910838347518 0.23790775019484572 -0.610032274377617
60856 54604.52592 0.0590703677534605 0.7535205857835744 0.09747661313249698 -0.6474687083914303
60856 55024.52592 0.22391797688709175 0.7218938560259922 -0.04793865516970787 -0.6530175231946197
60856 55444.52592 0.3779592932565059 0.6545048632239238 -0.19120698420115176 -0.6262667529495526
60856 55864.52592 0.5134988098448456 0.5545388741595311 -0.32518504443900986 -0.5683839338044363
60856 56284.52592 0.6236760835142616 0.4268683637823679 -0.4431282852354667 -0.48212951131241755
60856 56704.52592 -0.7028470747241873 -0.2778844492171773 0.5390336988794826 0.37179146561913173
60856 57124.52592 -0.7469942828380988 -0.11512056218872575 0.6080496542763221 0.24294529323078368
60856 57544.52592 -0.7539483064251112 0.05327356632966583 0.646766288465076 0.10206491304231596
60856 57964.52592 -0.723449554028097 0.2188293852154383 0.6533164897189755 -0.043726504594543913
60856 58384.52592 -0.6571580178477473 0.3733270837630677 0.6274931044239319 -0.1871433461488806
60856 58804.52592 -0.5584990769856256 0.5091888437052136 0.5706987159906872 -0.3211050887465545
60856 59224.52592 0.43244464236506636 -0.6198173851875219 -0.4858340599322369 0.43907095840970006
60856 59644.52592 -0.28524237548998976 0.6998872270909402 0.37712043955891267 -0.5353268446908628
60856 60064.52592 -0.1240795635016299 0.7455537839711013 0.2498789651016263 -0.6052390601467801
60856 60484.52592 0.0432366692553323 0.7545874226712362 0.1102859857614945 -0.6454187890995283
60856 60904.52592 0.20860222318292324 0.7264623443422886 -0.03489574262878015 -0.6538500301156481
60856 61324.52592 0.36393261198346494 0.6624038311791363 -0.17857350789420912 -0.6299886670825532
60856 61744.52592 0.5015118211781867 0.5653981191377369 -0.3136340400715727 -0.5748430646728124
60856 62164.52592 0.6143694381831852 0.4401453313160562 -0.43327511221582066 -0.49101421352291275
60856 62584.52592 -0.6967205434586758 -0.29288678266124546 0.5314015117407032 0.3826359238031462
60856 63004.52592 -0.7443566548796434 -0.13105593282837302 0.6030295721367454 0.2551721927159113
60856 63424.52592 -0.7549077082224254 0.03718274447162706 0.6445850362249579 0.11507357061807413
60856 63844.52592 -0.7279760296908825 0.2032527757851447 0.6540724222697615 -0.030470900172132054
60856 64264.52592 -0.6650470192780799 0.3590808696582599 0.6311748700396212 -0.17433208145741944
60856 64684.52592 -0.5693457788928991 0.49702843589292817 0.5771217999548455 -0.30941646043406706
60856 65104.52592 0.44566956482497266 -0.6103788617464817 -0.4946476296432212 0.4291153768045738
60856 65524.52592 -0.3001357509605506 0.693633839534696 0.387844279426752 -0.5276053852678586
60856 65944.52592 -0.13986113470393702 0.7427587520556428 0.261941645427086 -0.6001123841706835
60856 66364.52592 0.02735668513392752 0.755335552645969 0.1230720310068081 -0.6430964856624168
60856 66784.52592 0.19338336758152616 0.7306691786750606 -0.022005131906417407 -0.6544014048326317
60856 67204.52592 0.35007714663621686 0.669840719079983 -0.16617718116024696 -0.6333597294800881
60856 67624.52592 0.4896642144938014 0.5757005513424831 -0.30231446885108665 -0.5808646952186153
60856 68044.52592 0.6050833859924014 0.4528393207802655 -0.4235552307748178 -0.4994112654261306
60856 68464.52592 -0.6904470497299762 -0.30739923949911857 0.5237444266932645 0.3930398893016827
60856 68884.52592 -0.741435106829911 -0.14671723082063196 0.597827836496515 0.26711404764695534
60856 69304.52592 -0.7555320835730418 0.02125210419379605 0.6421571315442018 0.12788212215175696
60856 69724.52592 -0.7320552892008361 0.18807200149816164 0.6545325476047122 -0.01763859211050919
60856 70144.52592 -0.6722890248262264 0.34535474304325275 0.6344161803831662 -0.16209157480808298
60856 70564.52592 -0.5793508321310149 0.48534285113583425 0.5829322242794235 -0.2983034563277537
60856 70984.52592 -0.4579656489014157 0.6012156257690426 0.5027411366488088 -0.419593357047639
60856 71404.52592 -0.31419367462900105 0.6873846216802948 0.39787516784997634 -0.5200769822910034
60856 71824.52592 -0.15508129528699083 0.7397342106336409 0.27349441059981794 -0.5949318421810953
60856 72244.52592 0.011648129569721976 0.7557460012034743 0.13565147575924677 -0.6405552121923789
60856 72664.52592 0.177938919376211 0.734590530833593 -0.008982344345714205 -0.6547013139370511
60856 73084.52592 0.335701674361182 0.6771691753480207 -0.15337489525800857 -0.6365708407507961
60856 73504.52592 0.4771557420064516 0.5861215566002752 -0.2904295829719027 -0.5868854880583687
60856 73924.52592 0.5951520822059158 0.4658279687357395 -0.4132549828707303 -0.5079553343769608
60856 74344.52592 -0.6836626996821876 -0.3222227029359627 0.5156213248417367 0.4036241966784915
60856 74764.52592 -0.7381386656226534 -0.1625260476044273 0.5923090568289187 0.2791174938289052
60856 75184.52592 -0.7558229654964347 0.005124693935635324 0.6394389317092061 0.14079501040459722
60856 75604.52592 -0.7359280214854459 0.1723469543620493 0.6547420842742386 -0.004390625794639601
60856 76024.52592 -0.6795732935282931 0.3308188036017933 0.6375637510092361 -0.14916943824262197
60856 76444.52592 -0.5896951145204699 0.4727383102329372 0.588874903682394 -0.28636429554301657
60856 76864.52592 -0.4708489783102456 0.5911917881546791 0.5111826068503627 -0.40925035332463466
60856 77284.52592 -0.32895504600720477 0.6804513718560175 0.4083818503506626 -0.5118581566702153
60856 77704.52592 -0.1709631644289817 0.7362316966051783 0.2855231969349426 -0.5892461194902684
60856 78124.52592 -0.0045519515553624264 0.7558290278724427 0.1485873785303408 -0.6376704096191989
60856 78544.52592 0.16222265171846997 0.7382297316489393 0.004213795473996687 -0.6547388170153549
60856 78964.52592 0.3212302906838864 0.6841638638794759 -0.14056623947391902 -0.6395092180952614
60856 79384.52592 0.4646266949776673 0.5961138961773919 -0.27863002727318137 -0.5925669287093952
60856 79804.52592 0.5851593633946015 0.4783298872064891 -0.40302551310200574 -0.5161002559828053
60856 80224.52592 -0.6766883410139493 -0.33663287093099825 0.5074516465095101 0.41384058017469744
60856 80644.52592 -0.7345274340392643 -0.17815345071107477 0.5865978499961911 0.29091881861316027
60856 81064.52592 -0.7557669353118389 -0.010915418753239885 0.636484948824751 0.15357116605126817
60856 81484.52592 -0.7394436863874828 0.1566146654295834 0.6546889481183034 0.008789905905018124
60856 81904.52592 -0.6865098527339977 0.31619421868933395 0.6404382428011929 -0.13625085439844659
60856 82324.52592 -0.5997122886994977 0.45997752680107035 0.5945452571557848 -0.27437525911485294
60856 82744.52592 -0.4834308320271944 0.5809544052471345 0.5193592492988343 -0.39881396645202155
60856 83164.52592 -0.34344520344948526 0.6732552813091206 0.4186339483912495 -0.5035060433314293
60856 83584.52592 -0.18661025930120365 0.7324217699487294 0.2973113748896544 -0.5833874427770377
60856 84004.52592 -0.02056355387168902 0.7555630127013561 0.1613072679921383 -0.6345720127635075
60856 84424.52592 0.14663104289784454 0.7414862017319028 0.0172315267595843 -0.6545232038556158
60856 84844.52592 0.30680155081054855 0.6907581637617214 -0.12788020352467266 -0.6421624569867546
60856 85264.52592 0.452049383193426 0.605711034942298 -0.266883026871105 -0.5979456056128268
60856 85684.52592 0.5750208663072266 0.4904740665363591 -0.39276495946123596 -0.5239483562203316
60856 86104.52592 -0.669477932430999 -0.3507520437304804 0.4991697969138136 0.4237945441553351
60857 124.52592 -0.7306106398039186 -0.19357979611769816 0.5807058713040977 0.30251553112739166
60857 544.52592 -0.7553649119060494 -0.02690810292135396 0.6332916251527674 0.16625739493239614
60857 964.52592 -0.7425784361188432 0.14100795947463018 0.654384331861737 0.02179834374355644
60857 1384.52592 -0.6929659059531936 0.30178815657989816 0.6429948663197266 -0.12361134098881645
60857 1804.52592 -0.6090965734146689 0.44747956247148285 0.5997751726831407 -0.26274159864351104
60857 2224.52592 -0.4952228429924068 0.5709346951057469 0.5269486993899076 -0.3887325274714103
60857 2644.52592 -0.35704487008744545 0.666137737372053 0.4281818191090707 -0.4954188181503889
60857 3064.52592 -0.20137548661285146 0.7284930716275159 0.3083597724057427 -0.5776331091134085
60857 3484.52592 -0.03583842907884913 0.7549850582977631 0.1733660161240032 -0.6313932159926771
60857 3904.52592 0.13151988081847285 0.7443092910979858 0.029771244959633212 -0.6540794088704077
60857 4324.52592 0.2925503132053732 0.6969088126983639 -0.11542767564128709 -0.6445222049881948
60857 4744.52592 0.43934562906850033 0.6149823781409585 -0.25510102542158064 -0.6030717698776431
60857 5164.52592 0.5645443257360127 0.5024868141756315 -0.3822662142677386 -0.5316664812533385
60857 5584.52592 -0.6618469241289304 -0.36492471158080036 0.4905563131760421 0.4337546628013035
60857 6004.52592 -0.7262898411582551 -0.20916354123568628 0.5744844729275609 0.3141994112235197
60857 6424.52592 -0.7546068114915245 -0.04303468006692497 0.6298193696061685 0.1790087652351717
60857 6844.52592 -0.7454060658098558 0.12514998287894344 0.653822874150411 0.03497038857331798
60857 7264.52592 -0.6992157355932864 0.28699210323702157 0.6453542265554476 -0.11068337745727713
60857 7684.52592 -0.6184321827179773 0.43447495849633305 0.6049155299038763 -0.2506997157944151
60857 8104.52592 -0.5071621541484775 0.5603479457776378 0.5345951009030638 -0.3781597640583941
60857 8524.52592 -0.3709893734838043 0.6584677669927792 0.43794486269473376 -0.4868176063300588
60857 8944.52592 -0.2166482302445155 0.7240930228966989 0.31976469761596416 -0.5714047398147927
60857 9364.52592 -0.05171357486317992 0.7540607491842027 0.18587104373551178 -0.6278296327948377
60857 9784.52592 0.11579460131648843 0.746916128600196 0.0427869074736368 -0.6533583914603786
60857 10204.52592 0.2777308082745512 0.7029464782424888 -0.1025234880790464 -0.6466999159221781
60857 10624.52592 0.42615723691561397 0.6241914994482791 -0.24293931144295206 -0.6080752193574267
60857 11044.52592 0.5536734458621628 0.5144306611793136 -0.37147425132132306 -0.5392714444424025
60857 11464.52592 -0.6538679731021881 -0.37901419805973147 0.4816960761262921 0.4435919314695749
60857 11884.52592 -0.7216265319034665 -0.22468816657126847 0.5680170623717743 0.32577138166259634
60857 12304.52592 -0.753502065911336 -0.0591910155261105 0.6260803088583443 0.19171465047871689
60857 12724.52592 -0.7478776790071684 0.10936456650895393 0.6530039098117697 0.04800273539811493
60857 13144.52592 -0.7050154980892197 0.27241815612485304 0.647401309019716 -0.09804611541056978
60857 13564.52592 -0.627205223647165 0.42170050247492347 0.609646391094003 -0.23898445863311873
60857 13984.52592 -0.5182732087061795 0.5500736530797935 0.5416219128099101 -0.36804559620920047
60857 14404.52592 -0.3836965076340078 0.6511298033392725 0.4467423501506381 -0.47877786270326955
60857 14824.52592 -0.2302640475652286 0.7198659577272926 0.32980671106495024 -0.5656845451669741
60857 15244.52592 -0.06554648596846398 0.7529745283833352 0.19660886597257482 -0.6245622239649609
60857 15664.52592 0.10229359660462084 0.748876676453927 0.05377816129814669 -0.6525547125907544
60857 16084.52592 0.26502994546091596 0.707826273873078 -0.0916577719987145 -0.6483362914847279
60857 16504.52592 0.41470701964647855 0.6318510825613196 -0.23256655379471278 -0.6121234314891684
60857 16924.52592 0.5439810150092899 0.524662615135959 -0.3620252124794128 -0.5456661443752904
60857 17344.52592 0.6464516861849967 0.3915177583808078 -0.4736339053778178 -0.4522001614081955
60857 17764.52592 -0.7170107943482333 -0.23898948802132514 0.5618447233080419 0.33631837935850317
60857 18184.52592 -0.752127356763767 -0.07459758332869412 0.6222798010743045 0.20373386793557885
60857 18604.52592 -0.750017238048227 0.09354197200211505 0.6519226881988492 0.06099877634879874
60857 19024.52592 -0.7107373163369356 0.2571149202001609 0.6492691653342637 -0.08481707329767993
60857 19444.52592 -0.6361582077668864 0.40806536815988653 0.6143880706965238 -0.22652304206230936
60857 19864.52592 -0.5300192691478894 0.5387610734605218 0.5490027744335093 -0.3569482227437371
60857 20284.52592 -0.3976337118297969 0.6427069959904285 0.45638410275711677 -0.4696048331011923
60857 20704.52592 -0.24564989493171327 0.7147533766851142 0.34119044914021057 -0.5589032269121077
60857 21124.52592 -0.0815068772964925 0.7514069730868438 0.20906788388834374 -0.6205117321020545
60857 21544.52592 0.08652704697776842 0.7508565404881669 0.06669697566804311 -0.651367054113259
60857 21964.52592 0.2501696660001373 0.7132108426119307 -0.07886725261325965 -0.6500195294446126
60857 22384.52592 0.40140764142775404 0.6403813714096301 -0.2204666354451869 -0.6165858149604222
60857 22804.52592 0.5328426537281985 0.535971850855282 -0.35115510607963135 -0.5527232335743244
60857 23224.52592 0.6380213384088573 0.40511563064375755 -0.46451284072805665 -0.4615603084558202
60857 23644.52592 -0.711764739337067 -0.25419039963111706 0.5549804860725129 0.3475267711278187
60857 24064.52592 -0.7503636668460639 -0.09064102538830728 0.6180456197521763 0.21623640743185138
60857 24484.52592 -0.7518490489090394 0.07747752351782862 0.6505544807289407 0.07415597486120319
60857 24904.52592 -0.7160769679358417 0.24186001601087725 0.6508441064331151 -0.07169001163557996
60857 25324.52592 -0.6447464303083144 0.39436638405783386 0.6188312775569358 -0.21406785290436695
60857 25744.52592 -0.5415065641314256 0.5272196349701538 0.556146254941937 -0.3457042675735636
60857 26164.52592 -0.41140095635231266 0.6339865796172524 0.46584734693360547 -0.4602135583971216
60857 26584.52592 -0.26092608156488445 0.7093233886986753 0.3524354408768927 -0.5518760460630026
60857 27004.52592 -0.09744427333942794 0.7495112836663532 0.221459039006363 -0.6161926186611979
60857 27424.52592 0.07109510423351229 0.7524810370887443 0.07927922546981064 -0.6499481359191522
60857 27844.52592 0.23610767003834493 0.7179975608528507 -0.06685374157208678 -0.6513549324264257
60857 28264.52592 0.38941722089399555 0.6477536506388503 -0.20968510698057127 -0.6203237800260327
60857 28684.52592 0.5233836803083688 0.5452244820943235 -0.34209009884931557 -0.5583673983866799
60857 29104.52592 0.6312354297226309 0.4156219720125815 -0.45736890675836844 -0.46862980248156766
60857 29524.52592 -0.7076113614216082 -0.265550034372976 0.5497686570886802 0.35570179099138455
60857 29944.52592 -0.748831220228873 -0.10257664992279349 0.61478713466743 0.22531447700617252
60857 30364.52592 -0.75302199132342 0.06517924297765036 0.6493475620755809 0.0840076811647085
60857 30784.52592 -0.7201343097784978 0.22952651062487828 0.6518971573461634 -0.06127195968961366
60857 31204.52592 -0.6518590957492548 0.38251403399983475 0.6223903137447944 -0.2034527720105912
60857 31624.52592 -0.5515289571729703 0.5167398551370311 0.5622666437823665 -0.33563663805128535
60857 32044.52592 -0.42399242928423037 0.6256445179649709 0.474406373115814 -0.4513734043972188
60857 32464.52592 -0.27541459552875264 0.7038301880475855 0.3630239093746894 -0.5449619327851729
60857 32884.52592 -0.11304349387349835 0.747323011857378 0.23352772953179343 -0.6117142175730551
60857 33304.52592 0.055132973182351726 0.7538256698740828 0.09227170402558894 -0.6482230691229512
60857 33724.52592 0.2207571190728739 0.7228742847185909 -0.053727060749659085 -0.6525584003094533
60857 34144.52592 0.37552173864250843 0.6559175863443303 -0.19714843880828767 -0.6244101511079
60857 34564.52592 0.5115831088654117 0.5563213765249676 -0.33071552006897287 -0.5651694378949328
60857 34984.52592 0.6221249184715293 0.4291468578706056 -0.44771909253967634 -0.4778505774528563
60857 35404.52592 -0.7016771891771392 -0.2808608331326781 0.5423457936996733 0.3669160049067888
60857 35824.52592 -0.746413663162511 -0.11891286463491255 0.6099969193531104 0.237970864704811
60857 36244.52592 -0.7542743176506193 0.04865253505723597 0.6474598467335015 0.09746246166102977
60857 36664.52592 -0.7250054757716166 0.21366510829122165 0.6530218333158754 -0.04771547770740204
60857 37084.52592 -0.6600928144202469 0.36813836222731894 0.6264668306361604 -0.19050179190765934
60857 37504.52592 -0.5626813312876419 0.5045829921461041 0.5690671084202886 -0.32395732677533795
60857 37924.52592 0.4374697336570067 -0.6163023716761864 -0.48355837760000836 0.44154604998032004
60857 38344.52592 -0.2905170626787014 0.6977355973712197 0.37404290600396034 -0.5374539765614159
60857 38764.52592 -0.12902007277068372 0.7447348805029655 0.24585525236097447 -0.6068599290371729
60857 39184.52592 0.03904740847545136 0.7548353913099892 0.10531214692435686 -0.6462261087478819
60857 39604.52592 0.20531403990170266 0.7274190558099503 -0.040586678448631654 -0.6534985721455785
60857 40024.52592 0.3612682001949137 0.663884174366924 -0.18435518658506836 -0.6282963120473174
60857 40444.52592 0.4990933711241015 0.5675619494007149 -0.3187477149509979 -0.571995747104782
60857 40864.52592 0.6121627633004413 0.44324670048557013 -0.4372674832584458 -0.48742821196751435
60857 41284.52592 -0.6950073242328432 -0.2969837138745446 0.5341813097064555 0.3787028139798833
60857 41704.52592 -0.7435115900153898 -0.13588393841355098 0.604714617462718 0.2510902272509385
60857 42124.52592 -0.7551727560101023 0.031843412953174305 0.645257579474821 0.11109798270848767
60857 42544.52592 -0.729480276984573 0.19786579165031684 0.6538594265752794 -0.03428562765578197
60857 42964.52592 -0.6677722063503091 0.3540292761631691 0.6301584679522885 -0.17788720390586665
60857 43384.52592 -0.57312709311377 0.4926900499080163 0.5753525507046918 -0.3126520306318215
60857 43804.52592 -0.4502145264023087 0.6070543561676918 0.4921381018896725 -0.431962935380577
60857 44224.52592 -0.3050759486957809 0.6914926909651756 0.3845958163377206 -0.5299552640786122
60857 44644.52592 -0.1448673302940166 0.7418141027540486 0.25802623001116376 -0.6017871369470406
60857 45064.52592 0.02255238522643311 0.7555085336578969 0.1186439749533081 -0.6439113702195138
60857 45484.52592 0.18895650442616904 0.7318412080995748 -0.026697948704658265 -0.6542102911888207
60857 45904.52592 0.3461297675583596 0.6719043770595297 -0.1708179302543883 -0.632107527879433
60857 46324.52592 0.4861052969811351 0.5787258829918801 -0.3063977460345641 -0.5787040813983342
60857 46744.52592 0.6019436825173348 0.45702318501091654 -0.426691990707411 -0.4967167769525149
60857 47164.52592 -0.688087840224019 -0.31267031356734076 0.5259252649171046 0.390096161057013
60857 47584.52592 -0.7402561448004473 -0.15260689599884758 0.5992207505473041 0.26394406129386905
60857 48004.52592 -0.755688206845505 0.015226599938132853 0.642808775820841 0.12450045147171675
60857 48424.52592 -0.7334847875387359 0.18246211790551933 0.6544115856800758 -0.021286580429381693
60857 48844.52592 -0.674855627859161 0.34033520318911203 0.6334575624289003 -0.165750860084283
60857 49264.52592 -0.5827943546039405 0.48121518063411356 0.5810847500809231 -0.3018662011428988
60857 49684.52592 -0.46182299404300065 0.5982641893529076 0.499864778950311 -0.42300671942183565
60857 50104.52592 -0.31800903496191985 0.6856307672968247 0.3938648853064461 -0.5231167716113638
60857 50524.52592 -0.1584342316096162 0.7390230032826431 0.26830933185278744 -0.5972886214503702
60857 50944.52592 0.00911357442888337 0.755779014939436 0.12932176085724306 -0.6418651770481766
60857 51364.52592 0.17613384623594083 0.7350229619921818 -0.016033917968316092 -0.6545693447060891
60857 51784.52592 0.33431867592793957 0.6778477717895248 -0.16049590697597835 -0.6348184662167001
60857 52204.52592 0.47585873503167975 0.58716533670944 -0.29689541542682346 -0.5836509607286477
60857 52624.52592 0.59379999020096 0.46753716864220346 -0.4185013893694422 -0.5036538043847363
60857 53044.52592 -0.6823658071941772 -0.32494122279826876 0.5193437045227152 0.3988385932570063
60857 53464.52592 -0.7372670140423808 -0.16639330868876032 0.5945318164899076 0.27437663167596776
60857 53884.52592 -0.7558301686747146 3.313004460018837E-4 0.6404058732773922 0.1363853505072577
60857 54304.52592 -0.7371268069390078 0.16710002345251507 0.6547146358145629 -0.008390369734165076
60857 54724.52592 -0.6820045513190388 0.3257556821734811 0.636699209795087 -0.15286315369675732
60857 55144.52592 -0.5930566497536673 0.4684984054333003 0.5871369860397446 -0.2899365687759577
60857 55564.52592 -0.47465246748002016 0.5881241920176854 0.508415801880326 -0.4127085439835942
60857 55984.52592 -0.3326187627620145 0.678647526208773 0.4043783334372376 -0.515053839201206
60857 56404.52592 -0.17404916391461242 0.7354880216976999 0.2802042368843205 -0.5918190974545378
60857 56824.52592 -0.0068867237955527105 0.7557909211963483 0.14212410895099617 -0.6391661709817131
60857 57244.52592 0.16084694040854267 0.7385092051366009 -0.0032317870963469598 -0.65476863947648
60857 57664.52592 0.32041313731081594 0.6845216502639451 -0.14827299595338925 -0.6377935797964507
60857 58084.52592 0.46393372579416675 0.5966240624161813 -0.28579072674546796 -0.5891764478685927
60857 58504.52592 0.5844885326833801 0.47911334286695956 -0.40914061204206115 -0.5112998331960652
60857 58924.52592 -0.6760530651908383 -0.33785149056365993 0.512165811322941 0.4080377495794953
60857 59344.52592 -0.7340852283145524 -0.17985678104858097 0.5897626813045972 0.2845178300592539
60857 59764.52592 -0.7557088387734238 -0.012867677679548318 0.6381143865839121 0.14679442600281623
60857 60184.52592 -0.7397603719145134 0.15497605123616306 0.654778220617513 0.001580345883153464
60857 60604.52592 -0.6869799479706769 0.315106639432203 0.6388389626794788 -0.143705033435009
60857 61024.52592 -0.6000557366966524 0.45948771170553837 0.5911199954332061 -0.2817468840077779
60857 61444.52592 -0.48343067805747725 0.5809224389781067 0.5140818992274817 -0.4056398652638581
60857 61864.52592 -0.343040573199649 0.6734340905661975 0.4116697515165801 -0.5092521050407272
60857 62284.52592 -0.18594159669847551 0.7325678489632694 0.2890602517023352 -0.5875493512619453
60857 62704.52592 -0.01990094648427968 0.7555581166912421 0.15235462634965696 -0.6368076259443427
60857 63124.52592 0.14700306522236048 0.7413888511948046 0.008241287362236364 -0.6547249432562435
60857 63544.52592 0.3067049157175433 0.690775009450544 -0.13628698211289758 -0.6404590849537964
60857 63964.52592 0.4514575357101997 0.6061223229661689 -0.27421191790631066 -0.5946508615403763
60857 64384.52592 0.5741416100968302 0.4914639839736399 -0.3987682842394179 -0.5194308611325746
60857 64804.52592 -0.6686173371924122 -0.3523340794569294 0.5037583826570035 0.41837667808061
60857 65224.52592 -0.7300551173377741 -0.19556567384704693 0.5838761722937234 0.29641560061729144
60857 65644.52592 -0.7552633532041049 -0.028946168633721042 0.635035768084271 0.15958997425258212
60857 66064.52592 -0.7428933118724779 0.13919400842057217 0.6546122311495423 0.01474388091287999
60857 66484.52592 -0.6935408888823084 0.3003982160163868 0.6415975856442457 -0.13082234273236606
60857 66904.52592 -0.6097248651795089 0.44658123918621595 0.5966722413074651 -0.26978328718039524
60857 67324.52592 -0.49571609173108044 0.5704776974836137 0.5221439504372596 -0.39520431183684
60857 67744.52592 -0.3573088971172152 0.6659770816252659 0.42182168255484004 -0.5008705889921835
60857 68164.52592 -0.20146660946840772 0.7284550100272301 0.3007834751955003 -0.5816302989742281
60857 68584.52592 -0.03590021774136113 0.7549722784498514 0.16505361635923074 -0.6336287058404969
60857 69004.52592 0.13131815021764492 0.7443347244680499 0.02128533374746933 -0.6544221083839902
60857 69424.52592 0.2920942161273637 0.6970892722888686 -0.12353216952763828 -0.6430297959321258
60857 69844.52592 0.43861942228605977 0.6154881965907593 -0.26236099330436397 -0.5999616583109669
60857 70264.52592 0.5636978656346656 0.5034230978948554 -0.3883930165558316 -0.5272198454871847
60857 70684.52592 -0.6610731649650058 -0.3663114737595044 0.4953594296859293 0.42827235513925144
60857 71104.52592 -0.7257859931838249 -0.2108891737175037 0.5778666514338103 0.3079457446817421
60857 71524.52592 -0.7544945873385484 -0.04487325736655777 0.6317212063620615 0.17219937828752466
60857 71944.52592 -0.7456843915678693 0.12344490461877393 0.6541731060651002 0.027815301487807947
60857 72364.52592 -0.6997440126876695 0.2856859255006026 0.6440621996200332 -0.11800742222092306
60857 72784.52592 -0.6190156953923232 0.43363294074395986 0.6019046883417198 -0.25786195475866763
60857 73204.52592 -0.5076300986101202 0.5599165779492424 0.5298787648523912 -0.384751352539785
60857 73624.52592 -0.37126195050142724 0.6583085704156157 0.4316802978866842 -0.4923885768818033
60857 74044.52592 -0.21678636193866377 0.7240488649404431 0.31229150575321263 -0.5755266543699308
60857 74464.52592 -0.05184591248308758 0.7540509111296849 0.17765423180074802 -0.6302048862922076
60857 74884.52592 0.11551972672616916 0.7469577540488517 0.03436940141768731 -0.6538562920471105
60857 75304.52592 0.277220686240881 0.7031470672908967 -0.11060803871300583 -0.645367147174698
60857 75724.52592 0.4254181212587165 0.6246978562336301 -0.2502438160034652 -0.605103332558857
60857 76144.52592 0.5528435121624239 0.5153316448586802 -0.3777015595096106 -0.5349195068523591
60857 76564.52592 -0.6531207814666102 -0.38032095216081907 0.48663920894053025 0.4381455220422402
60857 76984.52592 -0.7211403073325101 -0.22628565363520353 0.5715595353143834 0.3194857707167372
60857 77404.52592 -0.7533798408859765 -0.06087356826349646 0.6281372319391233 0.18481569707507564
60857 77824.52592 -0.7481386936180252 0.10764235990968825 0.6534762884205947 0.04087001268205665
60857 78244.52592 -0.7056535989566853 0.27079105952201765 0.646281104615564 -0.10509963929199284
60857 78664.52592 -0.628187562005416 0.4202548797651669 0.6069923682649306 -0.24561451065315237
60857 79084.52592 -0.5196898975048773 0.5487521719268501 0.5376588620233391 -0.3737865866035095
60857 79504.52592 -0.38547114841286256 0.6500965918409296 0.4416801913112923 -0.4834304744441511
60857 79924.52592 -0.2321597285338637 0.7192710777083159 0.32379073619456644 -0.5691313876197488
60857 80344.52592 -0.06738945815691415 0.7528255213172875 0.1898642039552446 -0.6266290604808502
60857 80764.52592 0.10066118429608009 0.7491112238290546 0.04657066689335349 -0.653093311322781
60857 81184.52592 0.2637086718559332 0.7083335787239596 -0.09900465634074794 -0.6472397976507149
60857 81604.52592 0.41371776758502526 0.632515948768878 -0.23966704978455744 -0.609361049448548
60857 82024.52592 0.5432916822210503 0.525399316889811 -0.3684687497367198 -0.5413136672102411
60857 82444.52592 -0.6459923252714934 -0.3923135357211883 0.4790067364405832 0.44647122172074044
60857 82864.52592 -0.7167693798073845 -0.23977534813487125 0.5658606799287573 0.3294709843186547
60857 83284.52592 -0.7520797393932477 -0.07526911418735928 0.6247213402163235 0.1960455893968424
60857 83704.52592 -0.7501312861552052 0.09277445649273577 0.6525961173812747 0.053049611991991014
60857 84124.52592 -0.7111324100170153 0.2560741221335353 0.6482083021225123 -0.09242692495361146
60857 84544.52592 -0.6370862123202468 0.4066499038780896 0.6118473048690262 -0.23323783842226567
60857 84964.52592 -0.5316669788047116 0.5371615797917852 0.5453282567652552 -0.3624979354667166
60857 85384.52592 -0.40005340355037233 0.6412258648480039 0.4519114695004536 -0.47388045780727556
60857 85804.52592 -0.24866656243236715 0.7137292935954873 0.33614230258345024 -0.5619286330181553
60857 86224.52592 -0.08491955132137183 0.751046368168513 0.20368194092447764 -0.6222794304856147
60858 244.52592 0.08315941612834 0.7512535382813825 0.06102333878253525 -0.6519039690420123
60858 664.52592 0.24727973107894707 0.714234850626946 -0.08480023856824732 -0.649253596282836
60858 1084.52592 0.3991999732575445 0.6417781832437011 -0.22645361950019935 -0.6143931177014023
60858 1504.52592 0.5313820170964768 0.5374416384082488 -0.3569029017876249 -0.5490081565032617
60858 1924.52592 0.6372342293173981 0.40637991314715494 -0.4696513046715904 -0.45630642686362144
60858 2344.52592 -0.7114287805258442 -0.25517086530705096 0.559036150141689 0.3409332817029163
60858 2764.52592 -0.7502838022121004 -0.09141388992033367 0.6206156225203133 0.20869586951233782
60858 3184.52592 -0.7519253177357962 0.07686763929585276 0.651407508934506 0.06609039174302178
60858 3604.52592 -0.7162905659040175 0.241268058546313 0.649892779232272 -0.07973032436876659
60858 4024.52592 -0.6451970760906609 0.3936536218960513 0.6161860859900664 -0.22152260923983613
60858 4444.52592 -0.5422209761360655 0.5265037515304777 0.5519955807183384 -0.35226565476896804
60858 4864.52592 -0.41250565372820547 0.6332821151519492 0.4605330756132435 -0.4655127651709949
60858 5284.52592 -0.2624785910073694 0.7087589273052676 0.34633630153992573 -0.5557130000850423
60858 5704.52592 -0.09957679032937877 0.7492360322952627 0.2150767817374276 -0.6184430521039281
60858 6124.52592 0.06821040919442725 0.7527517442886801 0.07320680746109748 -0.6506557575932392
60858 6544.52592 0.2326788363620823 0.7191192647042618 -0.07232334485755855 -0.6507667600830607
60858 6964.52592 0.38576743904610483 0.6499354110673025 -0.21436520773383788 -0.618720455557932
60858 7384.52592 0.5198633680683423 0.5485798787806284 -0.3458527484433042 -0.5560468249454201
60858 7804.52592 0.6282747319728161 0.4200758731579636 -0.4602272189791065 -0.4658304722383649
60858 8224.52592 -0.7056204512328325 -0.27077674901056054 0.551823109619653 0.35252090248231
60858 8644.52592 -0.7480509946914711 -0.10807636275845493 0.6160984285953502 0.22172490937272624
60858 9064.52592 -0.753449000860707 0.05997343893522048 0.6498687778306331 0.07992722518144184
60858 9484.52592 -0.7215343774917256 0.2250683796167537 0.6514577472006251 -0.06584200943625053
60858 9904.52592 -0.6538755108555999 0.37904618241113525 0.6207724380700603 -0.20835639667508568
60858 10324.52592 -0.5538225459878223 0.51427343784044 0.559318020411425 -0.34053894157700443
60858 10744.52592 -0.42636239077783256 0.6240271469130519 0.47014754154230215 -0.4558141296926812
60858 11164.52592 -0.27784751397016205 0.7028696197730471 0.3577051019704875 -0.5484725304014559
60858 11584.52592 -0.1153825735923583 0.7469614317915764 0.22736307483554466 -0.6140370618524656
60858 12004.52592 0.052819411340880106 0.7539865980018856 0.08570711461637713 -0.6491291168352264
60858 12424.52592 0.21835755204408328 0.7235970262211202 -0.06017154590901761 -0.6520020768158533
60858 12844.52592 0.3729999679900691 0.657345905536622 -0.2029926099851061 -0.6225442832803787
60858 13264.52592 0.5090955329392295 0.5585835142259546 -0.3356603545553316 -0.562261791655892
60858 13684.52592 0.6199387708978198 0.4322704519297144 -0.45161894961209165 -0.47419247260732855
60858 14104.52592 -0.7000952397821154 -0.2847355774730477 0.5451614014417245 0.36275522399216703
60858 14524.52592 -0.7456954490978854 -0.1232386640401884 0.6117613650231262 0.23344926889012513
60858 14944.52592 -0.7545264657502025 0.04431012245873675 0.6481870199342147 0.0926283580713926
60858 15364.52592 -0.726137078721242 0.20973098585417357 0.6526472935387432 -0.05281445555310412
60858 15784.52592 -0.6618574184085648 0.3649231408080696 0.6248674895004726 -0.19574595670332645
60858 16204.52592 -0.5647406181997997 0.5022498042231852 0.5661099508205871 -0.32913931988596046
60858 16624.52592 0.4395214545227968 -0.6148156678045311 -0.4791909112589808 0.4463167666613265
60858 17044.52592 -0.292448187877291 0.6969053886623594 0.36842085533856256 -0.5413529440321317
60858 17464.52592 -0.13086633295790295 0.7443910712465153 0.23932868574841404 -0.6094897178169241
60858 17884.52592 0.03743031840776517 0.7548958971513618 0.09814083466860028 -0.6473789711586904
60858 18304.52592 0.20389332342269692 0.7277956842482001 -0.047965387050295225 -0.6530239477220243
60858 18724.52592 0.36016822132723186 0.6644553687243517 -0.19163857510781793 -0.6261410159460958
60858 19144.52592 0.4983964214131394 0.5681433875234823 -0.32562337967916877 -0.5681403989703903
60858 19564.52592 0.6117275581168108 0.44380866293972554 -0.4432464546154127 -0.482033033941621
60858 19984.52592 -0.694647391854551 -0.2977720971092261 0.5387420909767987 0.37222807334051283
60858 20404.52592 -0.7432308216303161 -0.13730383166841093 0.6075418445162097 0.2442304459925907
60858 20824.52592 -0.7552395119527441 0.029725479035037302 0.6464052255954575 0.10435497019502318
60858 21244.52592 -0.7301649854710875 0.1952460564689713 0.6535203802682468 -0.040610146507592856
60858 21664.52592 -0.66919837436802 0.35128175742088263 0.6285252440445487 -0.18365914146928833
60858 22084.52592 -0.5751953632616216 0.490242934056431 0.5725306843920923 -0.3178376552889784
60858 22504.52592 -0.4526357516202463 0.6052254412027372 0.4881434978754791 -0.43650769427126823
60858 22924.52592 -0.30745184704824546 0.6904155096114091 0.37939732655339986 -0.5337203897536361
60858 23344.52592 -0.14681355174649927 0.7414084515797722 0.2516284121516281 -0.6045183464111845
60858 23764.52592 0.021247817926681314 0.7555242616616498 0.1112129834124501 -0.645262189032083
60858 24184.52592 0.18818254744880156 0.732017339492277 -0.034685168203986504 -0.6538615163970039
60858 24604.52592 0.3456544439090597 0.6721244562381797 -0.17875098441487178 -0.6299363509936255
60858 25024.52592 0.4857450804553776 0.5790033502369276 -0.3137014928445968 -0.5748027580091138
60858 25444.52592 0.6017442957943812 0.4572620340611837 -0.4330416482514182 -0.4912129533764843
60858 25864.52592 -0.688015258651285 -0.3127987681322922 0.5309834487422119 0.38320818321084
60858 26284.52592 -0.7402061667492752 -0.15278496479866793 0.602615798593313 0.256136261633447
60858 26704.52592 -0.7556830226497819 0.014814430335143484 0.644353743755855 0.11632693084814152
60858 27124.52592 -0.7336665822182764 0.18167067498470044 0.6541200743084264 -0.029258167637350823
60858 27544.52592 -0.6752618999342167 0.33949534824359356 0.6314353339004171 -0.17336001303721077
60858 27964.52592 -0.5834061857758887 0.4804527564798802 0.5774462277578426 -0.30880127143124286
60858 28384.52592 -0.4627146599428917 0.597562318518903 0.4948687522336592 -0.4288581782162353
60858 28804.52592 -0.3192354255400118 0.6850534522907159 0.3878479728654778 -0.5276025592517525
60858 29224.52592 -0.16004362973775704 0.738672177318651 0.261674649589717 -0.6002298133196868
60858 29644.52592 0.006937581638186903 0.7557986940231989 0.12264701841783225 -0.6431779792149732
60858 30064.52592 0.1735307228843159 0.7356382336606282 -0.02239749244108042 -0.6543866057035929
60858 30484.52592 0.33159790101036835 0.6791815350352075 -0.16635360204850394 -0.633310155925377
60858 30904.52592 0.47338777913098623 0.5891624145690331 -0.30215445502194643 -0.5809426349812947
60858 31324.52592 0.5918626230408203 0.46999326562696536 -0.4230630098777393 -0.49982262392345583
60858 31744.52592 -0.681146511806618 -0.32749916374745364 0.5231003675185644 0.3938905085177077
60858 32164.52592 -0.7367400738040666 -0.16873011861071557 0.5972596982373245 0.26837485647178727
60858 32584.52592 -0.7558329705270689 -0.0015577811309444452 0.6418290701893412 0.12949725341512386
60858 33004.52592 -0.7374415877236884 0.1657224178704698 0.654572420201334 -0.015840821395978245
60858 33424.52592 -0.6824600729360731 0.32480597655711463 0.6348384050213898 -0.16040425789475413
60858 33844.52592 -0.5936399586848682 0.4677649168913818 0.5836081559644427 -0.29696650024878135
60858 34264.52592 -0.475431771417916 0.5875049508402898 0.5034480114922518 -0.41873937382227255
60858 34684.52592 -0.3337604973351761 0.6781005970598323 0.39837976862518365 -0.5196893982330407
60858 35104.52592 -0.17557330208040514 0.7351396496686332 0.27355930348084967 -0.5949025286219033
60858 35524.52592 -0.008814018927424372 0.7557842524639764 0.13526927384761994 -0.6406361684689315
60858 35944.52592 0.15825972452478962 0.739081356763051 -0.0096100829018476 -0.654690960671709
60858 36364.52592 0.3174639692982667 0.6859108342736632 -0.15395230899394816 -0.6364288194125314
60858 36784.52592 0.46101389786658015 0.5989031213950136 -0.29068010691954105 -0.5867591606429474
60858 37204.52592 0.5818776334669976 0.4823074436394971 -0.4130891690374664 -0.5080898423553805
60858 37624.52592 -0.6740512843022691 -0.3418676312432709 0.5151115111143937 0.40427901250995263
60858 38044.52592 -0.732955237421539 -0.1844823904111127 0.591701391577252 0.28041456946827975
60858 38464.52592 -0.7556248458120034 -0.01790323204030013 0.6390441284902499 0.14259441965320466
60858 38884.52592 -0.7408755613432663 0.14964771984296446 0.6547544093853394 -0.0023719065236818765
60858 39304.52592 -0.6893770433159228 0.3098701294777891 0.6380006063482444 -0.14729229886754794
60858 39724.52592 -0.6037222511166642 0.4546867515033672 0.5896138033191872 -0.28484199909673663
60858 40144.52592 -0.4882795348345661 0.5768759164432441 0.5120752270985377 -0.40813751932588604
60858 40564.52592 -0.34884691658289224 0.670466821984011 0.4092973399154306 -0.5111318391055496
60858 40984.52592 -0.1921969231600188 0.7309723089041882 0.28628034150274034 -0.5888831738232773
60858 41404.52592 -0.026019797895964054 0.7553917097554941 0.1490695554735519 -0.6375614500430858
60858 41824.52592 0.14152365882974094 0.7424742518628675 0.004411990555428975 -0.6547393173251909
60858 42244.52592 0.30217884371121273 0.6927888475378011 -0.1405572810455285 -0.6395116964416586
60858 42664.52592 0.4479529255144995 0.6087419536210983 -0.2786216528511347 -0.5925718395157431
60858 43084.52592 0.571398904935125 0.4946814173426187 -0.40271048529405623 -0.5163505125484661
60858 43504.52592 -0.6665359142511467 -0.3562982560001835 0.5067851891580849 0.41466878328928974
60858 43924.52592 -0.7287831420683987 -0.20032599846068866 0.5858329495224188 0.2924797111450697
60858 44344.52592 -0.7550517634055527 -0.034440555780103695 0.635953794452856 0.15579940313344384
60858 44764.52592 -0.7440085912155266 0.13321248426493826 0.6546577778506639 0.011350952959186773
60858 45184.52592 -0.6961370220734021 0.29438008330126436 0.6409725745213655 -0.1337451747382648
60858 45604.52592 -0.613745990459314 0.4410673669975814 0.5955127806332617 -0.27228654955281445
60858 46024.52592 -0.5010828672527855 0.5657888336032335 0.520619033639231 -0.3971835567192746
60858 46444.52592 -0.36361554147779357 0.6625690502733304 0.4199267295831052 -0.5024415721229142
60858 46864.52592 -0.20815764244527515 0.7265824575125976 0.2984219436766377 -0.5828315981986879
60858 47284.52592 -0.04239799408231284 0.7546444631869642 0.16212045854726323 -0.634374574836886
60858 47704.52592 0.12547109519988478 0.7453518841628408 0.017768643264561745 -0.6545164996856697
60858 48124.52592 0.2871582119525982 0.6991461243213509 -0.12748630290647572 -0.6422476942160703
60858 48544.52592 0.4346787023446077 0.6182855948007144 -0.2664566925436433 -0.5981456177124739
60858 48964.52592 0.5606592119292046 0.5068105134267834 -0.3921858030692892 -0.5243993205848956
60858 49384.52592 -0.6588662477483332 -0.37027223564412187 0.4984445315543645 0.4246725656934832
60858 49804.52592 -0.7244595637249674 -0.2154135056739238 0.5800052769122018 0.3038901789375567
60858 50224.52592 -0.7542040558042286 -0.04956477668874409 0.6329109754466277 0.16775956687904656
60858 50644.52592 -0.7464500354325084 0.11874662478156103 0.6543468654330369 0.023275811559496897
60858 51064.52592 -0.7016277127693308 0.2810365806078666 0.6432660783141916 -0.1222527935247124
60858 51484.52592 -0.6220523118999526 0.42926935735524113 0.6002914043463757 -0.2615893154614662
60858 51904.52592 -0.5117731793395588 0.5561300708253532 0.52763435586093 -0.38782669292828315
60858 52324.52592 -0.37634279653194985 0.6554116114797868 0.4289689290974021 -0.4947599184503616
60858 52744.52592 -0.22248682336429834 0.722309153383626 0.30921399635318014 -0.5771965045171259
60858 53164.52592 -0.05778045226381651 0.7536094419124315 0.17428310778720515 -0.6311573708170221
60858 53584.52592 0.10975947686200938 0.7478157549335765 0.030762133651552538 -0.6540475097768564
60858 54004.52592 0.27199362277474787 0.7051733860336804 -0.11436222851954711 -0.6447257133756222
60858 54424.52592 0.42098893352491523 0.6276744813007809 -0.25398603517590224 -0.6035595722950434
60858 54844.52592 0.5493543635819977 0.5190285056312844 -0.3811897312494065 -0.5324599349674859
60858 55264.52592 -0.6506419568845445 -0.3845168010964471 0.4896181934102168 0.43484008359133747
60858 55684.52592 -0.7196839207923211 -0.23081895983072304 0.5737802945872832 0.31552152934306354
60858 56104.52592 -0.7529627524441963 -0.06562015510052165 0.6294233939005264 0.18046406813265117
60858 56524.52592 -0.7487734701123103 0.10299656068978938 0.6537688629109477 0.03628047450310216
60858 56944.52592 -0.7072400273354368 0.26656903710495555 0.64552245410986 -0.10978730997474716
60858 57364.52592 -0.6304484609731038 0.4168246449758731 0.6050813378369965 -0.25033682908987415
60858 57784.52592 -0.5223586952927388 0.5461864630103522 0.5345485947034844 -0.37825856365301064
60858 58204.52592 -0.3885367845103716 0.6482418946609328 0.4375852056451798 -0.4871763550186019
60858 58624.52592 -0.2357989943331877 0.7180605515132347 0.3191609658047083 -0.5717728189924494
60858 59044.52592 -0.07174136113126536 0.7523983540200528 0.1852124919128441 -0.6280495416847172
60858 59464.52592 0.09562351266954724 0.7497460012809861 0.04232648562653385 -0.6534107023935369
60858 59884.52592 0.2582386893485467 0.7103190953718264 -0.10258425586539797 -0.646711707426298
60858 60304.52592 0.40828841798260157 0.6360038886867754 -0.24253198387715327 -0.6082580522386666
60858 60724.52592 0.5384754094281188 0.5302976119435588 -0.370722078573364 -0.5398090557469585
60858 61144.52592 -0.6423239918011396 -0.3982382613450949 0.48081519608602813 0.44457049381424263
60858 61564.52592 -0.7145492273932991 -0.24622483752418906 0.5672681289994388 0.32710793454042386
60858 61984.52592 -0.7513730163400821 -0.08175596429799928 0.6256463760259224 0.19318686493481102
60858 62404.52592 -0.7507999470393131 0.08694329199923662 0.6529092179878109 0.04949602578637349
60858 62824.52592 -0.7127963066405194 0.2513195295064001 0.6476225435807912 -0.09666933523233968
60858 63244.52592 -0.6393353785852635 0.40305363791699267 0.6100891685606882 -0.2378849407929049
60858 63664.52592 -0.5341833268199393 0.5346239802279411 0.5422629045676014 -0.367118939095662
60858 64084.52592 -0.4027193010821056 0.6395282296342181 0.44763889552678754 -0.47795421040976427
60858 64504.52592 -0.25159862523903714 0.7126793653955482 0.33103793362765127 -0.564977999940493
60858 64924.52592 -0.08831376817014085 0.7506363385380206 0.19827500067615736 -0.6240455029280273
60858 65344.52592 0.07915840143598021 0.7516678326228471 0.05587321356789429 -0.6523860826901263
60858 65764.52592 0.24272954455450846 0.7157752711242196 -0.08925939853021764 -0.6486762591782087
60858 66184.52592 0.39449455868934263 0.6446603057499005 -0.23009527886999023 -0.6130605973284264
60858 66604.52592 0.5270376584393041 0.5416752902796195 -0.35976480286188994 -0.54716402760877
60858 67024.52592 0.6337445550576682 0.41176310444008823 -0.4718246882591707 -0.45409299521767055
60858 67444.52592 -0.7091950675911572 -0.2612565117735842 0.560634931409262 0.3383428214755041
60858 67864.52592 -0.7494825773658409 -0.09761166210542077 0.621664405975834 0.2056239188148764
60858 68284.52592 -0.7524831696873634 0.07098355931209636 0.6517780913256577 0.06257582051022116
60858 68704.52592 -0.7179822168970724 0.23612299900595501 0.649421636890893 -0.0836600448120374
60858 69124.52592 -0.647824068950832 0.3892787018477234 0.6147637881848054 -0.22550288847907618
60858 69544.52592 -0.545557176568441 0.5230206035782188 0.5495962254911325 -0.356034835729942
60858 69964.52592 -0.4163732183282913 0.630728334520512 0.45724098800780355 -0.4687705088607535
60858 70384.52592 -0.2667948585888294 0.7071342832350185 0.34238313654221547 -0.5581714760857795
60858 70804.52592 -0.10422972754955227 0.7485959945733246 0.2107381077254579 -0.6199432641427878
60858 71224.52592 0.0633423785324895 0.7531713262617673 0.0687980825484835 -0.6511432409359627
60858 71644.52592 0.22778401169915657 0.7206790825676013 -0.07651320397883866 -0.6502936518071291
60858 72064.52592 0.38110675916489456 0.652674357778485 -0.2181243397049939 -0.6174103928875295
60858 72484.52592 0.5158077251226925 0.5523922076202563 -0.34910866242291166 -0.5540111745131663
60858 72904.52592 0.6251628268456922 0.4246942424997553 -0.4629485653717455 -0.4631251085161598
60858 73324.52592 -0.7036656911102483 -0.2758252530042746 0.55394925456309 0.34916364118914417
60858 73744.52592 -0.7473021028689861 -0.11316025064662312 0.6175084001663947 0.21775605719502855
60858 74164.52592 -0.7538172439846624 0.05518921620538834 0.6503999444023486 0.07545611577218131
60858 74584.52592 -0.7228568098628502 0.2207938472423865 0.6509564455104615 -0.07059614368500985
60858 75004.52592 -0.6559786782238064 0.3753998284866047 0.6191571574117035 -0.21309940617898168
60858 75424.52592 -0.556569866281756 0.5113025637501643 0.5566191280654782 -0.34492726555209324
60858 75844.52592 -0.4296695909447146 0.621757531310095 0.46652351068806913 -0.45951869260331146
60858 76264.52592 -0.2816868715356853 0.7013420808383415 0.35344005432973086 -0.5512276481138989
60858 76684.52592 -0.11996044654411113 0.746243164268546 0.2229996540489813 -0.6156312088754434
60858 77104.52592 0.047535670230064435 0.7543420658976077 0.08166353858682106 -0.6496456527512416
60858 77524.52592 0.21265118248557746 0.7252990165056455 -0.06365842989889321 -0.6516658772302235
60858 77944.52592 0.3673619692296481 0.6605205535055533 -0.20588887967887318 -0.6215847095810925
60858 78364.52592 0.5041043327824147 0.5631045918451416 -0.33807221595332165 -0.5608022977068866
60858 78784.52592 0.616077812725876 0.437779359446646 -0.453649255443849 -0.47222845545840003
60858 79204.52592 -0.6976730725915864 -0.29066230518365455 0.5468611046959023 0.3601536342961383
60858 79624.52592 -0.7447326034862833 -0.12902378885871826 0.6130086219816092 0.2301013702464451
60858 80044.52592 -0.7548304773531896 0.0390966040476774 0.6487398609025573 0.08853812109382826
60858 80464.52592 -0.7274097027067044 0.20533221284238298 0.652234506101285 -0.05748004721820652
60858 80884.52592 -0.6638551984309401 0.3613093986316207 0.6233146003051419 -0.2005759283242007
60858 81304.52592 -0.5673792677415245 0.49929223945817514 0.5634537096539011 -0.33362845087190807
60858 81724.52592 -0.4428679675071235 0.6124315978471333 0.47569229954147507 -0.45001370809283175
60858 82144.52592 -0.29660402677201275 0.6951667159001653 0.36447499678320144 -0.5439919715649223
60858 82564.52592 -0.135842079783607 0.7435173297801914 0.2353395901873473 -0.6110189743101679
60858 82984.52592 0.03147519436183989 0.7551850836090818 0.09469544879750218 -0.6478715718499063
60858 83404.52592 0.19719409331461418 0.7296576521285288 -0.050576601481795755 -0.6528064090024406
60858 83824.52592 0.35325754310521956 0.6681756893456772 -0.1933947258178371 -0.625578801137424
60858 84244.52592 0.49203550927715556 0.5736852440243763 -0.32677005403404946 -0.5674571615423023
60858 84664.52592 0.606636954610446 0.4507742394669184 -0.4440911740944303 -0.481224707829321
60858 85084.52592 -0.691330979082365 -0.3054382380817933 0.5395225961006844 0.3710583894419936
60858 85504.52592 -0.7418132479769282 -0.1448595075081872 0.6082587524867936 0.24238423676801996
60858 85924.52592 -0.755493028399865 0.022979582137202144 0.646823791961538 0.10159333145682951
60858 86344.52592 -0.7316384912654483 0.18972297706840704 0.6532599941698928 -0.04429097073073515
60859 364.52592 -0.671447071489842 0.34700459112772747 0.627240570861819 -0.1879252782063476
60859 784.52592 -0.577946011485904 0.48702519062824967 0.5700813309718438 -0.3221678872551137
60859 1204.52592 -0.4558611407792155 0.6028210960966777 0.4846760310994222 -0.44032543795014195
60859 1624.52592 -0.3113451350441523 0.6886855617166059 0.3753411921082993 -0.5365588443723042
60859 2044.52592 -0.15157518919540103 0.7404633948393291 0.24752526081582257 -0.6061931772805212
60859 2464.52592 0.01552168488216415 0.7556754172617461 0.10759587108612322 -0.6458613392748657
60859 2884.52592 0.18178022926707144 0.7336456249054331 -0.03758538914553405 -0.6536875276670853
60859 3304.52592 0.33911053128983815 0.6754623380331624 -0.18092759130408645 -0.6293011077155346
60859 3724.52592 0.47982604322470707 0.5839314953823604 -0.3154149546460876 -0.5738504886548833
60859 4144.52592 0.5969641682676846 0.4634982244886579 -0.4344039393367019 -0.4899963216077121
60859 4564.52592 -0.6846886002800628 -0.32002941254170636 0.5319923642482136 0.3817942117637911
60859 4984.52592 -0.7385528185975166 -0.16061245707803307 0.6032729428351463 0.2545685157595948
60859 5404.52592 -0.7558036447152149 0.006843201808248581 0.6446510830902371 0.11462548710820383
60859 5824.52592 -0.7355282235169489 0.17401023384059167 0.6540289584971531 -0.03106110712568013
60859 6244.52592 -0.6787212787326548 0.3325419196120966 0.6309198418785308 -0.17519546403997302
60859 6664.52592 -0.5882264071690693 0.47455071845636027 0.5764770485582027 -0.31058899208945606
60859 7084.52592 -0.46861214444734217 0.5929575845021848 0.49344991879990624 -0.4304778027891374
60859 7504.52592 -0.3259067051314059 0.6819095284725413 0.38603463172945374 -0.5289248317428974
60859 7924.52592 -0.16722289493124515 0.7370815665347523 0.25960288008822363 -0.6011269519289486
60859 8344.52592 -4.5013974185257753E-4 0.7558306649580239 0.12046448537649755 -0.6435900178267994
60859 8764.52592 0.1662500471624217 0.7373181425866374 -0.024545444975126066 -0.6543091009317054
60859 9184.52592 0.3247613804301327 0.6824757317309047 -0.1683405500467487 -0.6327862044872967
60859 9604.52592 0.4673484353968043 0.593958459791379 -0.3038891481394968 -0.5800432515058364
60859 10024.52592 0.5869884956771286 0.4760526399524321 -0.4245180833752851 -0.49860082914531567
60859 10444.52592 -0.6777263819436886 -0.33449176660520796 0.5242473180646579 0.39238623675258794
60859 10864.52592 -0.7349600557053492 -0.17627125555343715 0.5980578325814939 0.26662518611551067
60859 11284.52592 -0.7557676042669592 -0.009235019708726934 0.6422313741672467 0.12754961696065645
60859 11704.52592 -0.7390573885551497 0.15831275055265978 0.6545306569239231 -0.01791280495152695
60859 12124.52592 -0.6856388911013257 0.318017778166571 0.6343195060326486 -0.1624892859416847
60859 12544.52592 -0.5981851207416772 0.46192118151476674 0.5826041634416101 -0.29895780995279037
60859 12964.52592 -0.4811090160054579 0.5828492922777134 0.5019951420672042 -0.42050171765470357
60859 13384.52592 -0.3403137408966573 0.6748223868573758 0.39656277863249584 -0.52109429718268
60859 13804.52592 -0.18283700590619914 0.7333550367101238 0.2715964496813793 -0.5958157331957755
60859 14224.52592 -0.016500404308291392 0.755644157407125 0.13333061888364126 -0.6410558400812243
60859 14644.52592 0.15055836835556388 0.7406772811060476 -0.01144128569118523 -0.6546743006665191
60859 15064.52592 0.3102005673021496 0.6892128281338817 -0.15564493778585825 -0.6360313977491654
60859 15484.52592 0.4546357103428901 0.6037412473532215 -0.29222728935870135 -0.5860086078544049
60859 15904.52592 0.5767573659941574 0.488389825265008 -0.4144741764648225 -0.5069886353685887
60859 16324.52592 -0.670481159158065 -0.34877206336966626 0.5163154373300924 0.4027796323072436
60859 16744.52592 -0.7310566993523144 -0.19179030050814752 0.592625448309247 0.27850971433570887
60859 17164.52592 -0.7553971253740277 -0.025230913935740208 0.6395641502420998 0.14034344189780854
60859 17584.52592 -0.7422414603026223 0.14262259592099522 0.6547617994500311 -0.00483691239785511
60859 18004.52592 -0.6922258676769752 0.3034070706099949 0.6374431659115333 -0.14977886317969527
60859 18424.52592 -0.6078596548270412 0.44910798967846394 0.5884753949764653 -0.287237468217174
60859 18844.52592 -0.4933962006390179 0.5724779603877443 0.5103286671858447 -0.410358167353337
60859 19264.52592 -0.35460073329727193 0.667414841511799 0.4069473727157884 -0.513039555116888
60859 19684.52592 -0.19841992234198283 0.7292816621066412 0.283519508273424 -0.5902495067013375
60859 20104.52592 -0.03260153588550634 0.7551116121953612 0.14619117875268398 -0.6382567917699972
60859 20524.52592 0.1347466460279214 0.7437092692202902 0.0017110581594477078 -0.6547800673050632
60859 20944.52592 0.2954684389653942 0.6956508958605407 -0.14285737682163585 -0.639030517699602
60859 21364.52592 0.44171298398630626 0.6132555728470365 -0.28043973932596356 -0.5917438590781928
60859 21784.52592 0.5662848068452183 0.5004944436964109 -0.4042707576481211 -0.515162094758444
60859 22204.52592 -0.6629668134581542 -0.3628540460321861 0.5081951684686125 0.4129765323554979
60859 22624.52592 -0.7268525007512158 -0.20715232057698013 0.5869759614801797 0.2902284942518472
60859 23044.52592 -0.7546985315155622 -0.04112998620468716 0.636650858534564 0.1530167804205105
60859 23464.52592 -0.7450842912540679 0.12695038588734645 0.6547259613871768 0.008180093832849823
60859 23884.52592 -0.6984825707007746 0.2887219643283847 0.6402959586152671 -0.13705039628746965
60859 24304.52592 -0.6172378463608187 0.43613630196661424 0.594091001672391 -0.2754241254114094
60859 24724.52592 -0.5054447019390598 0.5618719640580623 0.5184435760568921 -0.4000522562523702
60859 25144.52592 -0.3687265509134347 0.6597183127892665 0.4171641176448911 -0.5047638827922668
60859 25564.52592 -0.21391553676349429 0.7248902245621214 0.2953290361444856 -0.5844271262316908
60859 25984.52592 -0.04868461649673392 0.7542488609935547 0.15899789478248288 -0.6351835429710295
60859 26404.52592 0.1188835987829183 0.7464149515437002 0.014868538818724944 -0.6546070092855972
60859 26824.52592 0.28061906557398175 0.7017807719178326 -0.13000874663871156 -0.6417588441153169
60859 27244.52592 0.4286129883589509 0.6224921421383253 -0.26853987618834774 -0.5972275731099458
60859 27664.52592 0.5555793094182032 0.5123633401542861 -0.3939095758871853 -0.5231163203692976
60859 28084.52592 -0.655179567849749 -0.37674388489232763 0.4998847123557105 0.4229882426516146
60859 28504.52592 -0.7223434723135854 -0.22238102592791917 0.581103832280873 0.3018027889561021
60859 28924.52592 -0.7536731921883455 -0.05697321464123837 0.6334874006821332 0.16560339781256606
60859 29344.52592 -0.7475971227291645 0.11124944849202865 0.6544261692467896 0.0211776132334665
60859 29764.52592 -0.7044260180721047 0.27392660419715975 0.6428874392279992 -0.12427365392132331
60859 30184.52592 -0.6263399763722239 0.42297706976294963 0.5994650596746529 -0.2634962517419469
60859 30604.52592 -0.5172735379711624 0.5510127264771313 0.5263529914024888 -0.38957103410891075
60859 31024.52592 -0.38270048190855993 0.6517187349590172 0.42722615791728863 -0.4962669056481664
60859 31444.52592 -0.22932545213163313 0.7201695736921576 0.30703375799194293 -0.5783561995742962
60859 31864.52592 -0.06474947117914362 0.7530463023177651 0.1717521817019965 -0.631846469190235
60859 32284.52592 0.10297024858388602 0.7487847456137265 0.028027555036882798 -0.6541658725441231
60859 32704.52592 0.2656506306537661 0.7075933946835631 -0.11710528347897133 -0.6442264220091857
60859 33124.52592 0.4153277885922055 0.6314450262744701 -0.2565338332250499 -0.6024702475867204
60859 33544.52592 0.5446158671871393 0.5240115962045279 -0.38338053429327934 -0.5308717078317348
60859 33964.52592 -0.647087059753793 -0.39048838642917666 0.49136060239237045 0.43285322637094437
60859 34384.52592 -0.7174985460136145 -0.2375576325721262 0.5749829637412508 0.31329985490325923
60859 34804.52592 -0.7523049361270837 -0.07288620155155141 0.6300534090444087 0.1782065836430578
60859 35224.52592 -0.7497955169562903 0.09536079925705243 0.6538633304334912 0.03428915035005175
60859 35644.52592 -0.7101198566263544 0.25883129298075935 0.645253478252836 -0.11128387035635975
60859 36064.52592 -0.63528480088272 0.409434872980835 0.6046780204270502 -0.2512783280885842
60859 36484.52592 -0.5290467891388871 0.5397290614152802 0.534178080055595 -0.37875561243859207
60859 36904.52592 -0.3967098699246332 0.6432929277066425 0.4372766949614532 -0.48742648708352454
60859 37324.52592 -0.24475077470415377 0.7150780002031721 0.3187140575071406 -0.5719981306389766
60859 37744.52592 -0.0807856417027058 0.7514994549831605 0.18443966488489844 -0.6282549317529001
60859 38164.52592 0.08708616515252834 0.7508042959192791 0.041110501661722705 -0.6534667824161405
60859 38584.52592 0.250644798560435 0.7130553479018169 -0.10422991777594923 -0.6464250768833436
60859 39004.52592 0.4018826744883482 0.6400953497769175 -0.24445122563960547 -0.6074634618010805
60859 39424.52592 0.5333917429638448 0.5354402869931053 -0.37268215302617796 -0.5384282314464064
60859 39844.52592 -0.6385606682053442 -0.40428506109661 0.482485248332153 0.4427209589991367
60859 40264.52592 -0.7121743749799676 -0.2530736934001769 0.568433078358069 0.32503107660507663
60859 40684.52592 -0.7505354288176977 -0.08929368304577177 0.626236938295074 0.1911818646534436
60859 41104.52592 -0.751704986411354 0.07893969321324931 0.6530098896247266 0.047814456935185726
60859 41524.52592 -0.7156006220638321 0.24328547862942426 0.6474060248895481 -0.09794572234979003
60859 41944.52592 -0.6440031977117188 0.39559013506514157 0.6096877826032294 -0.23884960565297372
60859 42364.52592 -0.5404959931372195 0.5282662658418896 0.541734632931669 -0.3678619595153411
60859 42784.52592 -0.4102646650104567 0.6347346442766357 0.4469469405442911 -0.4785742035849493
60859 43204.52592 -0.25977984984931607 0.7097566429038696 0.33003788410318496 -0.5655395057136045
60859 43624.52592 -0.09656036793542466 0.7496370397588301 0.1968643777946236 -0.6244716332399168
60859 44044.52592 0.0713500492024768 0.7524659519523277 0.05401284233173362 -0.6525233899980356
60859 44464.52592 0.23570905640082204 0.7181358497244247 -0.09148184263668627 -0.6483465235034495
60859 44884.52592 0.3884605501520392 0.6483339024347006 -0.23246905820695532 -0.6121435198593042
60859 45304.52592 0.5220829825946866 0.5464749729885947 -0.36199841252015524 -0.5456662097977465
60859 45724.52592 0.6298942437179781 0.417656079126203 -0.47358882231840416 -0.45222811575017147
60859 46144.52592 -0.7066833468037693 -0.2680165983747988 0.5618658641793598 0.33626254774477393
60859 46564.52592 -0.7484884108972446 -0.10506448022083979 0.6223206815943751 0.2035768233575584
60859 46984.52592 -0.7532068455366894 0.06301442999150628 0.6519246589465456 0.06085119971656667
60859 47404.52592 -0.7206491118537115 0.22790298933822759 0.6492533063868915 -0.08482469676247406
60859 47824.52592 -0.6524635930238003 0.38147897115003754 0.6144712602716998 -0.2262523472781897
60859 48244.52592 -0.5520442870310429 0.5161850049763117 0.5493104444703815 -0.3564522147353618
60859 48664.52592 -0.42436087059229843 0.6253918017778559 0.45698556681113317 -0.4690065431371944
60859 49084.52592 -0.2755707361653633 0.703766108641838 0.34193415385138465 -0.5584398518429198
60859 49504.52592 -0.11288486134410476 0.7473424278754124 0.2097113574674804 -0.6202881992475376
60859 49924.52592 0.05559791040254334 0.7537849466374649 0.06688332114035574 -0.6513399634099393
60859 50344.52592 0.2212945110317167 0.7227003534018756 -0.07926407304464579 -0.6499616491027841
60859 50764.52592 0.37571027216851716 0.6557953210591568 -0.22120086751404072 -0.6163152314157195
60859 51184.52592 0.5115315925282555 0.5563495297827863 -0.352170313556185 -0.5520749050678881
60859 51604.52592 0.6220150994024413 0.42928355402369167 -0.46566643648754574 -0.46039940952302444
60859 52024.52592 -0.7016224403070256 -0.28097009865757644 0.556009837178944 0.3458826620086791
60859 52444.52592 -0.7464601694605455 -0.11855558888047985 0.6188122636387282 0.21404011335366455
60859 52864.52592 -0.7541862851886044 0.04981406542467913 0.6508545946335318 0.07148358387559879
60859 53284.52592 -0.7243630724788174 0.21578377730372864 0.650503767572488 -0.07470173395297487
60859 53704.52592 -0.6586103790288523 0.37075399198433845 0.6178369044771277 -0.21691335949929197
60859 54124.52592 -0.560197249253092 0.5073150566127635 0.5545118080018172 -0.348320441619227
60859 54544.52592 -0.4340580057475213 0.6186875162164487 0.46369984279048915 -0.4623871329529855
60859 54964.52592 -0.2865243501969632 0.6993635027113497 0.3499619890695831 -0.5534628208163406
60859 55384.52592 -0.12483857432616687 0.7454257088459197 0.21888926145180312 -0.6171250555380591
60859 55804.52592 0.04288045191849198 0.754603903174526 0.07708255477301262 -0.650224957923565
60859 56224.52592 0.2083822665838284 0.7265185511110761 -0.06845246899898118 -0.651200341947693
60859 56644.52592 0.3635719197839813 0.6625918026395775 -0.21056727411403292 -0.6200395030089706
60859 57064.52592 0.5008571480542933 0.5659684110829823 -0.3422863700967544 -0.5582668857680096
60859 57484.52592 0.6134920708416872 0.44136082440552094 -0.4571448746296384 -0.46887809214582593
60859 57904.52592 -0.6959029277913555 -0.2948161485253564 0.5494842091548293 0.3561876718102218
60859 58324.52592 -0.7438923302086891 -0.13364494120219422 0.6146346371009306 0.22580410453212785
60859 58744.52592 -0.7550439519965061 0.034177302544221404 0.6493481652990406 0.08418730763641603
60859 59164.52592 -0.7287742491772334 0.20034181888447136 0.6518836462604981 -0.061635712702451044
60859 59584.52592 -0.6663619030986451 0.3566158491002845 0.6220913393331302 -0.20442435225761948
60859 60004.52592 -0.5709242288862526 0.4952009915766131 0.5614495678162374 -0.3370398872702415
60859 60424.52592 -0.4472268385194923 0.6092256136742162 0.472983291268141 -0.45290077581330257
60859 60844.52592 -0.30144648344044794 0.6930530492464523 0.3611039724292135 -0.5462704546718815
60859 61264.52592 -0.14067179572373956 0.7425937055053846 0.23124997086355048 -0.6126087539427162
60859 61684.52592 0.027016886707919466 0.7553337827981643 0.08995961456114653 -0.6485739989734688
60859 62104.52592 0.19329439172735333 0.7306752608597695 -0.055727997838292236 -0.6524149994836073
60859 62524.52592 0.3499643121904415 0.6698786353300298 -0.19860023543485528 -0.6239755929575035
60859 62944.52592 0.48931066525490985 0.5759781915616646 -0.3316028482654677 -0.5646802163484932
60859 63364.52592 0.6044665743252593 0.45363578707324786 -0.448173411600801 -0.4774676181104011
60859 63784.52592 -0.6897977927974162 -0.30881881084584256 0.5426144505791753 0.36657810237687716
60859 64204.52592 -0.741044634890955 -0.14860405775606841 0.6102471751484898 0.23741960395268674
60859 64624.52592 -0.755579341013893 0.0188554789790617 0.6476245432996328 0.09657526216077975
60859 65044.52592 -0.7327405497411449 0.18530846325932226 0.6529565760281089 -0.048987447689808464
60859 65464.52592 -0.6736906723626993 0.34257026299565985 0.6260108367818834 -0.19208572334826135
60859 65884.52592 -0.5813574122016261 0.48291009893482517 0.5681219834798289 -0.32566671231787114
60859 66304.52592 -0.46029724283582457 0.5994142206843572 0.4821344087122354 -0.44314269960680347
60859 66724.52592 -0.3164989201623207 0.6863133765649216 0.37229234672495354 -0.5387028784535757
60859 67144.52592 -0.15706307847760717 0.7393047566228148 0.24401852281793282 -0.607630337241132
60859 67564.52592 0.010153871053772868 0.7557548504263693 0.10364269988420136 -0.6465212260400681
60859 67984.52592 0.17692005209325562 0.7348207946156523 -0.04190889823655333 -0.6534380913417424
60859 68404.52592 0.33500825651581684 0.6774935904742864 -0.18543931700565383 -0.6280001294912043
60859 68824.52592 0.47652799117064626 0.5866100789239429 -0.3197785324106646 -0.5714467421772528
60859 69244.52592 0.5943832820494975 0.4667841434954706 -0.43817357618374125 -0.48664668347335777
60859 69664.52592 -0.6828522770771402 -0.3239051184666268 0.5348718763940231 0.3777701917362219
60859 70084.52592 -0.7375651149557101 -0.16504544288683967 0.6051063287673135 0.25020798122442256
60859 70504.52592 -0.75582205314877 0.0018740238350210157 0.6454109954138244 0.11033657148733546
60859 70924.52592 -0.7367631148174802 0.16865993951129823 0.6538441108185166 -0.034954487500648786
60859 71344.52592 -0.6813274461604564 0.32714719072745996 0.6299952050663677 -0.17853198117140387
60859 71764.52592 -0.5922121777542272 0.46955266165522075 0.5750027545951754 -0.3133318794186988
60859 72184.52592 -0.47379572565544054 0.5888126326337533 0.49154478975704224 -0.4326673244702543
60859 72604.52592 -0.3320812818419259 0.6789158871079133 0.38384868448549175 -0.5305237298193698
60859 73024.52592 -0.17394643814144442 0.7355194527629959 0.25714400997900344 -0.6021882840084535
60859 73444.52592 -0.0071926079358446676 0.7557944439584304 0.11768648462988013 -0.6441062926319764
60859 73864.52592 0.15998593270640427 0.7387008834102166 -0.02765445254946414 -0.6541870813759753
60859 74284.52592 0.319348506303603 0.6850247558105959 -0.17170271240074847 -0.6318827375411652
60859 74704.52592 0.462964397187435 0.5973850276928282 -0.3072841497820185 -0.578248689508291
60859 75124.52592 0.5835849332536873 0.4802281466631469 -0.42754557598298937 -0.49599831984507997
60859 75544.52592 -0.6753754244855568 -0.33923327168875067 0.5266712364586075 0.38910953736378917
60859 75964.52592 -0.7337214183554936 -0.18139850204139898 0.5997020976480445 0.262878028332675
60859 76384.52592 -0.755692746651275 -0.014566607176031077 0.6429956670455934 0.1235834081688294
60859 76804.52592 -0.740188535037574 0.1529820134319126 0.6544006744316588 -0.021844758379030126
60859 77224.52592 -0.6879851479055559 0.31293172220152426 0.6333549537003107 -0.16616761454818954
60859 77644.52592 -0.6017001622337679 0.45734809855651426 0.5809154534420895 -0.30220335449291397
60859 78064.52592 -0.4856593081999425 0.5790765246403954 0.49970938623303274 -0.4231972876564316
60859 78484.52592 -0.3456590508932693 0.6721113340017989 0.393794991964823 -0.5231746166867346
60859 78904.52592 -0.18855864839993175 0.7319150436188012 0.26836374892713394 -0.5972661913249848
60859 79324.52592 -0.022222000483753244 0.7555081635375985 0.12970476000408618 -0.641786781380567
60859 79744.52592 0.14515260484314074 0.7417665836251118 -0.01531966729248793 -0.6545825880043161
60859 80164.52592 0.3053536516515977 0.6913865743196417 -0.1595743510598054 -0.6350431314150459
60859 80584.52592 0.4505148258349205 0.606838747199733 -0.29595991466208776 -0.584115447076346
60859 81004.52592 0.5734612349712327 0.4922812827466895 -0.4177297128465627 -0.5042848774727149
60859 81424.52592 -0.668091011645084 -0.3533708014874079 0.518846428611858 0.3994769834820465
60859 81844.52592 -0.7297180623204695 -0.19689553070486826 0.5943282763600355 0.2748046568575883
60859 82264.52592 -0.755216765152843 -0.030616190013080115 0.6403843122806799 0.13644859517766864
60859 82684.52592 -0.7433124547970215 0.13703499352277218 0.6547020856015193 -0.008554776610800875
60859 83104.52592 -0.6946794157095433 0.2977953045572266 0.6366493598483886 -0.15302306550893968
60859 83524.52592 -0.6117787824356166 0.443788130272389 0.5871679378093829 -0.2898493222341707
60859 83944.52592 -0.4987231673116635 0.5678691915459687 0.5087138595864895 -0.412322680365958
60859 84364.52592 -0.36109131322292604 0.6639478100907193 0.4051523634990125 -0.514429714676208
60859 84784.52592 -0.20562960087215193 0.7273015292248446 0.2815552305855247 -0.5911646174817078
60859 85204.52592 -0.03996182150311772 0.7547760891866426 0.14398631463586642 -0.6387362908210645
60859 85624.52592 0.12778869911630186 0.7449549531144712 -8.025006237795289E-4 -0.6547606602424494
60859 86044.52592 0.28935648842440903 0.6982349435044009 -0.14567225503345052 -0.6383732296937038
60860 64.52592 0.43661316703287584 0.6169189847735066 -0.2833190386567152 -0.5903475509682264
60860 484.52592 0.5621166475825147 0.5051976993796516 -0.40676734793867797 -0.5131671108937483
60860 904.52592 -0.6598461865154427 -0.36853280561945023 0.5100831249367268 0.4106114793549587
60860 1324.52592 -0.7249998052415916 -0.21360151147578696 0.5882062747796007 0.28768568786927584
60860 1744.52592 -0.7542954269770986 -0.04820635463298604 0.6372120891428665 0.15058323168473556
60860 2164.52592 -0.7463316045976435 0.11950188468414757 0.6547300376959978 0.00608385356831958
60860 2584.52592 -0.7015192070232096 0.2813087856956039 0.6399194950836289 -0.1387054760271032
60860 3004.52592 -0.6220472143372656 0.4292782861913743 0.593491043427874 -0.2766691119563909
60860 3424.52592 -0.5118054110401958 0.5561052903588211 0.5176946643690562 -0.40099172279327405
60860 3844.52592 -0.3762809480876217 0.6554528455577118 0.41628955303656584 -0.5054673316735666
60860 4264.52592 -0.2221505961041261 0.7224182317495619 0.2942669287590913 -0.5849512678207558
60860 4684.52592 -0.0570804088439308 0.7536666649565601 0.15770219155103612 -0.6354985474723496
60860 5104.52592 0.11079282690444889 0.7476655535170916 0.013339821653119005 -0.654632124745467
60860 5524.52592 0.27321932593781545 0.704701248316792 -0.13170717136502227 -0.6414051539907248
60860 5944.52592 0.4222003925108822 0.6268645126558204 -0.27027570898219716 -0.5964383895010518
60860 6364.52592 0.550261383335304 0.5180723645081359 -0.3954038992616815 -0.5219858155079741
60860 6784.52592 -0.6511286563043353 -0.3836994873526538 0.5009560766215495 0.4217216921626936
60860 7204.52592 -0.7198387972471069 -0.23034882395834336 0.5817484070451304 0.3005666584624779
60860 7624.52592 -0.7529701587608897 -0.06558793815077676 0.6337782810621143 0.16449696908661302
60860 8044.52592 -0.7488505762189755 0.10246237520838293 0.6544577265942411 0.020232653416255852
60860 8464.52592 -0.7076405093822818 0.26550999126382147 0.6427304151015555 -0.12508783923168637
60860 8884.52592 -0.6313151878052553 0.4155137827639572 0.5991173034415346 -0.26428750764375214
60860 9304.52592 -0.5236897483078661 0.544918062817343 0.5257764698251707 -0.390349146419996
60860 9724.52592 -0.3901248659742619 0.6473016567892519 0.42635355666279956 -0.4970168999012354
60860 10144.52592 -0.2372812212312773 0.717586164471157 0.30580952475626777 -0.5790062635057699
60860 10564.52592 -0.07244667847399457 0.7523426448345283 0.16988677994681378 -0.6323531493878837
60860 10984.52592 0.09610917748793252 0.7496942139570035 0.025397670531960532 -0.6542756069834286
60860 11404.52592 0.25989155954752463 0.7097256698992191 -0.12036545066953021 -0.6436287820220448
60860 11824.52592 0.4104960541599317 0.6345893590058085 -0.2598886578507889 -0.6010384517451768
60860 12244.52592 0.5405494750728782 0.5281903172671817 -0.38629534758971024 -0.5287694754561525
60860 12664.52592 -0.6439234136180749 -0.39565476552115025 0.4936120655204902 0.43031043757669224
60860 13084.52592 -0.715491081675195 -0.24349015705606566 0.5765314665124686 0.31047789547897653
60860 13504.52592 -0.7516695786384024 -0.07903865236932865 0.6309561593473456 0.1750430260331845
60860 13924.52592 -0.7505497321187595 0.08911799113374483 0.6540386187825479 0.031089683397570924
60860 14344.52592 -0.7122778341650785 0.2527928969683815 0.644734803727508 -0.11433753129174135
60860 14764.52592 -0.638788961140782 0.4039203019283083 0.6035375274148738 -0.2540462670789819
60860 15184.52592 -0.5337471668640977 0.5350577633567919 0.5325020983603267 -0.38114126905653417
60860 15604.52592 -0.40235463338529287 0.6397556089278736 0.43513901036567915 -0.48936443628106985
60860 16024.52592 -0.2509417701031819 0.712909150785645 0.316124155987889 -0.5734581839546079
60860 16444.52592 -0.08691421936702436 0.7507969164553152 0.18126474754829114 -0.6292002860848566
60860 16864.52592 0.08129886008954258 0.751434788399838 0.03750392004362618 -0.6537046046281095
60860 17284.52592 0.24540252849690988 0.7148567983189675 -0.10804176102888466 -0.6458206676611208
60860 17704.52592 0.39730002552501814 0.6429266911222208 -0.24816384938070907 -0.605980745090965
60860 18124.52592 0.5295129022646404 0.5392472535028789 -0.37594271846370153 -0.5361861228705954
60860 18544.52592 -0.6355405298898827 -0.4089757446724093 0.4850867493339541 0.43990671824553096
60860 18964.52592 -0.7101980424734136 -0.2585078209918873 0.5702603885822616 0.32186260448670634
60860 19384.52592 -0.7497722973293428 -0.09533483061027515 0.6272411395296674 0.18793968477017803
60860 19804.52592 -0.7523311856855555 0.0725307838317294 0.6532505316418926 0.04473047452582968
60860 20224.52592 -0.717731146630172 0.23686465594400302 0.647001059602498 -0.10073115106416877
60860 20644.52592 -0.6476264187462651 0.3895923133496503 0.6087533581094889 -0.24128240738018045
60860 21064.52592 -0.5454551916923206 0.52311567910234 0.5403548757101878 -0.3699259769594707
60860 21484.52592 -0.41636991737336176 0.6307204723397292 0.44524619509719016 -0.4801912154855851
60860 21904.52592 -0.2666578521570602 0.7071754903778951 0.32805502964716066 -0.5667241950146187
60860 22324.52592 -0.10379812542573372 0.7486448716544594 0.1946349639181725 -0.6251991971557171
60860 22744.52592 0.06416539075629299 0.7530890796708481 0.05159462801908385 -0.6527462256261461
60860 23164.52592 0.2289659527389128 0.7202899262962791 -0.09400271655373803 -0.6480127343216183
60860 23584.52592 0.3824839887782291 0.6518521002130591 -0.23496781458451715 -0.6112159715562866
60860 24004.52592 0.5171328312187174 0.5511349586458373 -0.3643255054367409 -0.5441422776465987
60860 24424.52592 0.6261800710370028 0.42317510890050863 -0.4756060608623433 -0.45013355875133515
60860 24844.52592 -0.7042663984378089 -0.27426097229487856 0.5633503160085743 0.33380560294929856
60860 25264.52592 -0.7475217203560783 -0.11162936624573071 0.6232403370476416 0.20080250114031858
60860 25684.52592 -0.7536824376700828 0.05684316690759957 0.6522415925163525 0.057554691514496756
60860 26104.52592 -0.7223588052559384 0.2223712098777063 0.6487864445770172 -0.08845875208169848
60860 26524.52592 -0.6552221555550347 0.37669029910848445 0.6131322331047198 -0.22990695978024236
60860 26944.52592 -0.5556101200828516 0.5123244559337524 0.5470672379558718 -0.35991455023246466
60860 27364.52592 -0.4284259836959619 0.6225996085819919 0.4538291672240498 -0.47208049193376245
60860 27784.52592 -0.2800311964345379 0.7019931236901158 0.3380748086174595 -0.5607972959042361
60860 28204.52592 -0.11769088631800942 0.7465930314220652 0.20547367854731957 -0.6217139761449194
60860 28624.52592 0.05076643486274384 0.7541185523375087 0.06241478889387244 -0.6517916632168905
60860 29044.52592 0.21648350394192573 0.7241492662834289 -0.08355963238655985 -0.6494309204970307
60860 29464.52592 0.3713004227244916 0.6582982643935742 -0.22522578771712742 -0.6148599317960322
60860 29884.52592 0.5075807539369626 0.5599567920065454 -0.3555643129129943 -0.5498947069223648
60860 30304.52592 0.6186660199364488 0.4340981356247106 -0.4681807766712777 -0.45784050146161515
60860 30724.52592 -0.6991802846370629 -0.28699489856973287 0.5576067668612068 0.34330096318008807
60860 31144.52592 -0.7452625616698834 -0.12586605291565903 0.6195434041458948 0.21191371186403277
60860 31564.52592 -0.7546927205802957 0.04145314381088024 0.6510063073001486 0.07008082638447394
60860 31984.52592 -0.7269648396062315 0.20685202185958015 0.6504326081457431 -0.07531125606186728
60860 32404.52592 -0.6633198560998845 0.36226219059535547 0.6177490090754608 -0.21716131228874283
60860 32824.52592 -0.5667382884860969 0.500001580679732 0.554416757507041 -0.34846547989291277
60860 33244.52592 -0.4418936638507165 0.6131228683641428 0.4634495261989492 -0.4626282252559667
60860 33664.52592 -0.29497811953884406 0.6958495514559204 0.3493275219280353 -0.553851598495066
60860 34084.52592 -0.13336746091406526 0.7439571809184724 0.2177736024841494 -0.6175074828617466
60860 34504.52592 0.03475170387633565 0.7550323575552703 0.0754677490716996 -0.6504022424409934
60860 34924.52592 0.20135018428276097 0.7285106911119875 -0.07077554991289894 -0.6509386282587317
60860 35344.52592 0.3577389708596406 0.6657747409145678 -0.21331242409695927 -0.6190837042067124
60860 35764.52592 0.49627181891780436 0.570012037466324 -0.34514342240839324 -0.5564859179347899
60860 36184.52592 0.6100757168151082 0.4460968177815927 -0.45970623674642536 -0.4663426045453147
60860 36604.52592 -0.6935716669211842 -0.3002996715635912 0.5513654670178625 0.3532344432287762
60860 37024.52592 -0.7427645865375129 -0.13986496847140714 0.6157088640257314 0.22280294957740845
60860 37444.52592 -0.7553406100365031 0.027302086162342205 0.649671077293222 0.0815024554816083
60860 37864.52592 -0.730749657181051 0.19307773833083844 0.6516586162727561 -0.06377282593943526
60860 38284.52592 -0.6701782345827108 0.3494252314568286 0.6215657072525594 -0.2059592510196333
60860 38704.52592 -0.5765061692436548 0.4887155237044227 0.5607832388385035 -0.33811230789800645
60860 39124.52592 -0.4542542488652495 0.6040275252172747 0.4722044691923004 -0.4536813479112628
60860 39544.52592 -0.3093713296100046 0.6895742568378778 0.360107953180528 -0.5468994302227396
60860 39964.52592 -0.14901323411985015 0.7409857113116081 0.23001076501754497 -0.6130499813760838
60860 40384.52592 0.0188393840027096 0.7556023016412768 0.08838804540101884 -0.6487663622560828
60860 40804.52592 0.18593346162830585 0.7326047107723143 -0.05779150326859631 -0.6522110300746874
60860 41224.52592 0.34350650613577893 0.6732374656537659 -0.20083815697769758 -0.6232324043118155
60860 41644.52592 0.48401658367230643 0.5804625862135755 -0.33387560526249505 -0.5633100504580396
60860 42064.52592 0.600466292118107 0.4589540192740278 -0.45026539391275056 -0.47546031933984056
60860 42484.52592 -0.6870996173256204 -0.31482716604268224 0.5442443276756062 0.3641099877584339
60860 42904.52592 -0.7397060512270827 -0.15522973596075554 0.6112368812156844 0.2347938710727219
60860 43324.52592 -0.7557420359265745 0.011880587769291321 0.6479817689074593 0.0939811360400184
60860 43744.52592 -0.7344958894788662 0.17831286537794552 0.6527471712250792 -0.05139494952826471
60860 44164.52592 -0.6770395426855307 0.33594836764450065 0.6253279100210891 -0.1942193524492849
60860 44584.52592 -0.5861710757634027 0.4770834342386798 0.5670446958048935 -0.3274983659088064
60860 45004.52592 -0.46631585984251717 0.5947638731699536 0.48070849722795234 -0.44466256276423016
60860 45424.52592 -0.3233033046879457 0.6831503778236779 0.3704942741271578 -0.5399208528073444
60860 45844.52592 -0.1642044691799157 0.737764883308642 0.24183994135422476 -0.608484438604401
60860 46264.52592 0.0031052551779386295 0.7558289516567697 0.10111541509976338 -0.6469069686260235
60860 46684.52592 0.17032121369136788 0.7363911273861823 -0.04468654128992926 -0.6532395461858922
60860 47104.52592 0.32913491456186983 0.680379314815099 -0.188306194742967 -0.6271323409054192
60860 47524.52592 0.47160008890143673 0.5905922619961397 -0.32254210717504056 -0.5698778161303742
60860 47944.52592 0.5906174363187102 0.471552186920626 -0.4406914569350385 -0.48435588022771275
60860 48364.52592 -0.6802961390991087 -0.3292567983538662 0.5368934177750786 0.3748767555002611
60860 48784.52592 -0.7362630133566923 -0.17079348437525355 0.6064503685903868 0.24690952046137693
60860 49204.52592 -0.7558209352645582 -0.004059644796683239 0.6459873545164257 0.1068577133612869
60860 49624.52592 -0.738094076384464 0.16277205509231543 0.6536428910767057 -0.0383844165264374
60860 50044.52592 -0.6839877365561693 0.3215657639405871 0.6290764691379659 -0.18171139666786162
60860 50464.52592 -0.5961370318404632 0.46456820353560585 0.5734723669694359 -0.3161114801056978
60860 50884.52592 -0.4788026032374371 0.584750717746999 0.4894993962671324 -0.4349770181073202
60860 51304.52592 -0.3376882379134589 0.6761431834158756 0.3812116991801909 -0.5324234122418927
60860 51724.52592 -0.17976874135617574 0.734113673596426 0.2539472056401662 -0.6035487806445536
60860 52144.52592 -0.01286598923221022 0.7557135974998282 0.11400463986385176 -0.6447746637116395
60860 52564.52592 0.15473222521695615 0.7398133718591394 -0.031657499368339 -0.6540121681066519
60860 52984.52592 0.31469132136122324 0.6871680467438787 -0.17577974500181073 -0.6307701079166866
60860 53404.52592 0.45901390534397973 0.6004124633396314 -0.31113342245122194 -0.5762005744539772
60860 53824.52592 0.5805140335375277 0.48391902142764986 -0.4309617439452777 -0.4930495034194243
60860 54244.52592 -0.6731737679919916 -0.343555824385543 0.5293254941975885 0.3855139359487706
60860 54664.52592 -0.7324692018380342 -0.18633674581079704 0.6014118972413556 0.25898111007552005
60860 55084.52592 -0.755552272530178 -0.02008174852604594 0.6437336833672379 0.1197682418217325
60860 55504.52592 -0.7413716714569916 0.14707021903968823 0.6542929804950108 -0.025280251336569585
60860 55924.52592 -0.6906512483121339 0.30697132365943236 0.6326013403160089 -0.16907100249911677
60860 56344.52592 -0.6058516291774602 0.45181306869628335 0.5796950702641277 -0.3045691709443569
60860 56764.52592 -0.49107221061932804 0.574471259293857 0.49810434604284126 -0.425115180458202
60860 57184.52592 -0.3518962603921555 0.6688425987962826 0.3917653167923248 -0.5247271067098215
60860 57604.52592 -0.19521033221288955 0.7301458301297167 0.26591748432328655 -0.5983877375687897
60860 58024.52592 -0.02878279904486968 0.755263980710316 0.12680259858421447 -0.6423931591424683
60860 58444.52592 0.13911474513668787 0.7428996735543602 -0.018654514170880168 -0.6545220942179324
60860 58864.52592 0.3001234588339053 0.6936470800401789 -0.16319330720164882 -0.6341510721380949
60860 59284.52592 0.4462150848472429 0.60997788246332 -0.2995809828692072 -0.5822974460389224
60860 59704.52592 0.5701241609966274 0.49610480974760357 -0.4210253444933839 -0.50157364173909
60860 60124.52592 -0.6657207732638376 -0.35776017491717027 0.521507959079101 0.3960466612728664
60860 60544.52592 -0.7283332328479556 -0.20185508663077323 0.5961078665094087 0.2709993310252439
60860 60964.52592 -0.7549444323676505 -0.03613644122879353 0.6412115387716624 0.13266809789275205
60860 61384.52592 -0.7443211378868055 0.13128327404232157 0.6546779307453628 -0.012147125033921494
60860 61804.52592 -0.6970051171104934 0.29224069292932137 0.6358695749207474 -0.15636216872404138
60860 62224.52592 -0.6152849300039306 0.43887084188205083 0.5856762329321512 -0.2929166933348161
60860 62644.52592 -0.5031042944133864 0.5639592593731263 0.5064894457989408 -0.4150957287233936
60860 63064.52592 -0.36591888713102205 0.661273020755811 0.4021284869138059 -0.5168307654094251
60860 63484.52592 -0.21053005229648203 0.7258756802901073 0.27774709033434214 -0.5929908495535335
60860 63904.52592 -0.044658157086086 0.7544927143178894 0.1395250262956693 -0.6397492947116791
60860 64324.52592 0.12344990493138555 0.7456661106381226 -0.005651195670181027 -0.6547596783597355
60860 64744.52592 0.28543045273943174 0.6998275048128756 -0.15053580994934995 -0.6372675184561355
60860 65164.52592 0.43322025757134985 0.6192810622168594 -0.28789856540335806 -0.5881543933764841
60860 65584.52592 0.5594803792114283 0.508082217192639 -0.4109040240770084 -0.50989415455305
60860 66004.52592 -0.6579723571265135 -0.3718209409763884 0.5134612478657795 0.4064223321237767
60860 66424.52592 -0.7238778963747007 -0.21729460386384608 0.5905465049578648 0.28291106686349876
60860 66844.52592 -0.7540079761644087 -0.05217783289907391 0.6384159862646798 0.14551451513888564
60860 67264.52592 -0.7469463612206193 0.11544376335022412 0.6547846182306112 9.872646080864682E-4
60860 67684.52592 -0.703052598350839 0.27739233016653303 0.6388663281407311 -0.14359788955585195
60860 68104.52592 -0.6244430130948864 0.42574798003162295 0.591405239171607 -0.2811572940123492
60860 68524.52592 -0.5149071799260938 0.5532084616209229 0.5146554710081261 -0.4049206591580297
60860 68944.52592 -0.3797595798103349 0.6534264086896991 0.4123062190289896 -0.5087437190955572
60860 69364.52592 -0.2257280945238158 0.7212976354006088 0.2894348409559791 -0.5873704294130959
60860 69784.52592 -0.06048804709689493 0.7533935492352876 0.1521653921077338 -0.6368555955424743
60860 70204.52592 0.1077474340131522 0.7481034539999865 0.007336716743502723 -0.6547349732252715
60860 70624.52592 0.27061936643702916 0.7056966454840179 -0.13782955067604713 -0.6401253143113965
60860 71044.52592 0.4200331410757629 0.628311281463533 -0.2761021643499126 -0.5937715796709836
60860 71464.52592 0.5485828186516094 0.5198434631652639 -0.40060797198815856 -0.5180086077123961
60860 71884.52592 -0.6499240598926063 -0.3857337043508548 0.5051927495848674 0.4166395462115434
60860 72304.52592 -0.7190998500446146 -0.23264754110826155 0.5847365759627426 0.2947094569460915
60860 72724.52592 -0.7527384028651787 -0.06819629896507605 0.6353551054158749 0.15829735209860085
60860 73144.52592 -0.7492416070928654 0.09955793832247474 0.6546190040752174 0.014113490760587488
60860 73564.52592 -0.7087897254388849 0.26242515417924317 0.6415966609847488 -0.13078183428707507
60860 73984.52592 -0.6333293461480421 0.41243617439419217 0.5968889354151037 -0.26928412529854256
60860 74404.52592 -0.5265117631342617 0.5421910706105714 0.5226260006783697 -0.3945583222368351
60860 74824.52592 -0.3934906051192217 0.645260045664776 0.4223581846753926 -0.5004180062600734
60860 75244.52592 -0.2409218414763101 0.7163720883492039 0.30108278047209014 -0.5814781652281188
60860 75664.52592 -0.07642769197341154 0.7519503975271846 0.16485991599209962 -0.633680215611474
60860 76084.52592 0.09183468149142766 0.7502318541186804 0.02046455197621836 -0.6544461463355313
60860 76504.52592 0.2555119893347436 0.711317005357557 -0.1249103912089285 -0.6427590025533609
60860 76924.52592 0.4064915898293854 0.6371682837657039 -0.26403993612486115 -0.5992195571676758
60860 77344.52592 0.5373009093670992 0.5315076318584552 -0.3900206853937265 -0.5260144817726153
60860 77764.52592 -0.6414876182949028 -0.3996172763554917 0.4966284132256712 0.42680192969280684
60860 78184.52592 -0.7139757080579323 -0.24794448301285085 0.5786744661639902 0.30642794235592374
60860 78604.52592 -0.7511360841994535 -0.08408767319927411 0.6320648480391544 0.17093236704230166
60860 79024.52592 -0.7511768125029857 0.08379672256299284 0.6542003382654223 0.02708178463399395
60860 79444.52592 -0.71415472464725 0.24748504902918342 0.644048567098822 -0.11804923967983554
60860 79864.52592 -0.6419030049349025 0.39898066242331315 0.6021189221929155 -0.2573475603246292
60860 80284.52592 -0.5379475880406476 0.5308567808382658 0.5304400269967763 -0.3839750623659592
60860 80704.52592 -0.407387409820094 0.6365825094160413 0.4325067709023429 -0.4916666555190405
60860 81124.52592 -0.2566449977946398 0.710893474990187 0.31312409799569363 -0.575080091446182
60860 81544.52592 -0.09314675016450269 0.750065728127007 0.1781693888259852 -0.6300640882548929
60860 81964.52592 0.07503736084409605 0.7521024381111038 0.03431422819098764 -0.6538607273789604
60860 82384.52592 0.239581624140026 0.716846343815961 -0.11131026934694205 -0.6452456808611953
60860 82804.52592 0.392310960557564 0.646003326813517 -0.2514553669301924 -0.6046007032862865
60860 83224.52592 0.5255194460125102 0.5431651069463421 -0.3790356261283449 -0.5339784383139142
60860 83644.52592 -0.6326870718282083 -0.4134135005055441 0.48779794606151333 0.43686326300041406
60860 84064.52592 -0.7084787725902598 -0.2632394960648493 0.5723342419094418 0.3181136778550518
60860 84484.52592 -0.7491664015631483 -0.10012897216460852 0.6284850062297526 0.18365861985371262
60860 84904.52592 -0.7527877509922034 0.06784126645669125 0.6535243585166323 0.04017558147776844
60860 85324.52592 -0.7192063499824356 0.23240960187133444 0.6462590036702189 -0.10524876853496255
60860 85744.52592 -0.6500945282113129 0.3854982564532597 0.6070593724178832 -0.24545288146773306
60860 86164.52592 -0.5488546644457117 0.5195755751328055 0.5378439920763578 -0.3735286056367925
60861 184.52592 -0.4205324016523933 0.6279747856735957 0.44205206421715987 -0.48310468869595946
60861 604.52592 -0.27142971678760813 0.7053764091648733 0.3243823209909441 -0.5688111638028883
60861 1024.52592 -0.10893312402820518 0.7479308570491526 0.19066716994856495 -0.6264016585761734
60861 1444.52592 0.05896341670866812 0.7535292657952942 0.04749624581946373 -0.6530398668635031
60861 1864.52592 0.22400528549944687 0.7218634484049501 -0.09808078554997376 -0.6473908814859267
60861 2284.52592 0.3780556138527142 0.6544467819799189 -0.23886695033057687 -0.6096851174420659
60861 2704.52592 0.5133134118104485 0.5547124313103263 -0.36771833999664283 -0.5418363980348835
60861 3124.52592 -0.623179759614874 -0.4276021457688425 0.47833869359160613 0.44720854906106733
60861 3544.52592 -0.7022908730341788 -0.2793096331562143 0.5653369478873125 0.33040549909541467
60861 3964.52592 -0.7466980199722898 -0.11708050150077218 0.6244011702412525 0.19712280877448982
60861 4384.52592 -0.7541298470404364 0.050726485861124035 0.6525127034269972 0.054241767129591584
60861 4804.52592 -0.7243385968288014 0.21587510543731256 0.6483957957733167 -0.09118348545652034
60861 5224.52592 -0.6588623176362407 0.37031004756719793 0.6123182656087591 -0.23202856865408256
60861 5644.52592 -0.5609330094124411 0.5065081918967875 0.5460614844641531 -0.36141453440302457
60861 6064.52592 -0.4353380753611536 0.6177978364231747 0.4528511634503225 -0.47300361226250703
60861 6484.52592 -0.2881930642684613 0.6986879361489468 0.33721183580547276 -0.5613092760503632
60861 6904.52592 -0.126709584814504 0.7451182504002792 0.20480067045603065 -0.6219326003815229
60861 7324.52592 0.041175613145184656 0.7547053403788654 0.062122391098268524 -0.6518168658526511
60861 7744.52592 0.20716342572831786 0.7268729660998596 -0.08376752111552613 -0.649401269324183
60861 8164.52592 0.36292567930081643 0.6629526938881519 -0.22553388924540663 -0.6147464044403381
60861 8584.52592 0.5005029696492252 0.5662874562186051 -0.3559080943945198 -0.5496769256992962
60861 9004.52592 0.6133030249719604 0.44163009387265817 -0.46862271760137814 -0.45740027141899386
60861 9424.52592 -0.6957666887676459 -0.29514912124076903 0.5581262240936159 0.3424774868675464
60861 9844.52592 -0.7438195015022816 -0.13408118575677305 0.6200071570568458 0.21058468607484904
60861 10264.52592 -0.7550746718094569 0.03361698669883037 0.6512096494459736 0.0682504993797386
60861 10684.52592 -0.7289607048274607 0.1996769691005782 0.6501857528796775 -0.07748474417938886
60861 11104.52592 -0.6667469035333546 0.3559004174634238 0.6169635243266828 -0.21940708541075626
60861 11524.52592 -0.5715386702106534 0.49449568353391565 0.553190411708129 -0.3504253641138928
60861 11944.52592 -0.44798845376015856 0.6086744265158467 0.4619673048914685 -0.4641206707468438
60861 12364.52592 -0.30227800705527835 0.6927018066225822 0.3478477799521147 -0.5547919750094488
60861 12784.52592 -0.14170450157553224 0.7424068592567711 0.21655695205162445 -0.6179441528810167
60861 13204.52592 0.025791506782079338 0.755384292484642 0.07460635679688238 -0.6505100002082083
60861 13624.52592 0.19196609215068758 0.7310322865439839 -0.07099672535767991 -0.6509226378634826
60861 14044.52592 0.34866200446601026 0.6705631401019901 -0.21308466345609653 -0.619172680258185
60861 14464.52592 0.4881739559583891 0.5769466889098792 -0.34465315560367904 -0.5568059888437714
60861 14884.52592 0.6035979081827793 0.4547936202246021 -0.4591916135521897 -0.46687834634271697
60861 15304.52592 -0.6892114703662576 -0.3101292293992328 0.5510252578974336 0.35380584413896565
60861 15724.52592 -0.7407443535477279 -0.15010787665321162 0.6155947164945074 0.22317834365786893
60861 16144.52592 -0.7556179617371608 0.017362508142647903 0.649695177024423 0.08146297418078254
60861 16564.52592 -0.7330695763595605 0.18400795770665399 0.6516232092738885 -0.06432154267614242
60861 16984.52592 -0.6741898841154662 0.34158498953779515 0.6212579303550251 -0.20694511120060174
60861 17404.52592 -0.5818871469665008 0.48226752360047875 0.5600825076451357 -0.33931249388341755
60861 17824.52592 -0.4607566990161425 0.5990555630763711 0.4711296532017373 -0.4548324378636712
60861 18244.52592 -0.31685352605798367 0.6861429136201932 0.35884110857954915 -0.5477634561622515
60861 18664.52592 -0.15722198261574397 0.7392632740955796 0.2287124256521123 -0.6135647366889542
60861 19084.52592 0.010127610077559463 0.7557462427417705 0.0872861939811412 -0.6489423460031718
60861 19504.52592 0.17688232649779878 0.7348193421411553 -0.05838379611979299 -0.6521844135968049
60861 19924.52592 0.3348292787213141 0.6775696299459152 -0.2010982069760789 -0.6231759477362122
60861 20344.52592 0.47620644950243324 0.5868581027177862 -0.33382177973116883 -0.5633719944263132
60861 20764.52592 0.5940625849934102 0.46717797576092895 -0.45001939347201025 -0.475727789364834
60861 21184.52592 -0.6826473163124613 -0.3243198559543153 0.544032932835084 0.3644687099821101
60861 21604.52592 -0.7374841212118965 -0.1653751728138552 0.6111399473114306 0.23510888536439048
60861 22024.52592 -0.7558148967657614 0.0017076994254678537 0.6479824471861246 0.09412583985449949
60861 22444.52592 -0.7367474910836206 0.16868738128639435 0.652759274954526 -0.05150757941867055
60861 22864.52592 -0.6812251477805299 0.32733564665204745 0.6252345159884504 -0.19459052515209802
60861 23284.52592 -0.5919794900468286 0.46982808094656314 0.5667488920955065 -0.32805114087056986
60861 23704.52592 -0.47344669475310386 0.5890791809780871 0.4801957343866309 -0.44524824810708874
60861 24124.52592 -0.3315231053253929 0.6791770167282368 0.3698738209391489 -0.5403742843320868
60861 24544.52592 -0.17314985809729344 0.7356960070467471 0.24117700167329167 -0.6087726716273002
60861 24964.52592 -0.006266217826247004 0.7557902379754635 0.10056487301332306 -0.6470151134331875
60861 25384.52592 0.16090189649334574 0.7384876893001165 -0.04500512671496211 -0.6532388927692452
60861 25804.52592 0.3201162639467438 0.6846505703751573 -0.18833905886206542 -0.6271423865030189
60861 26224.52592 0.4635237774490026 0.5969347492948217 -0.32235295488754373 -0.570002794115086
60861 26644.52592 0.5840226947321334 0.47967968492167773 -0.44040456130622624 -0.484632555955466
60861 27064.52592 -0.6756206462549177 -0.3387237971404024 0.5366289758731542 0.37527626338233094
60861 27484.52592 -0.7338082060239225 -0.18100454837644891 0.6062991044801146 0.24731410421890931
60861 27904.52592 -0.7556852108648733 -0.014355915282635457 0.6459575153634023 0.10711049492019775
60861 28324.52592 -0.7401717292389567 0.15299894429586686 0.6536531633503271 -0.0384015145778584
60861 28744.52592 -0.6880248206752121 0.31281092306832153 0.6289975019515711 -0.18202558908755162
60861 29164.52592 -0.6017953214835341 0.4572009558562247 0.5731779147304692 -0.3166650518606612
60861 29584.52592 -0.4857846102257451 0.5789556274525641 0.48896410948994173 -0.4355890190759372
60861 30004.52592 -0.345755005263494 0.6720503062791481 0.38053159117828533 -0.5329142241305506
60861 30424.52592 -0.188734175691845 0.7318594981716662 0.2533295900944119 -0.6038089140153811
60861 30844.52592 -0.022443067279173053 0.7554904280888786 0.11362864632920525 -0.6448403310359687
60861 31264.52592 0.14494273648166667 0.7417949448350908 -0.031680820858511566 -0.6540093183954198
60861 31684.52592 0.3052072711443908 0.6914375002603337 -0.17544786090310657 -0.6308571573493159
60861 32104.52592 0.4504566912416621 0.6068680011950521 -0.31058119515127486 -0.5764887853718768
60861 32524.52592 0.5733585474168332 0.4923868052104791 -0.43024765725434955 -0.4936619932563377
60861 32944.52592 -0.6680181440018783 -0.35349096461926627 0.5287097664395642 0.38634425075086576
60861 33364.52592 -0.729641793861793 -0.19714456554376014 0.6010019258227004 0.25991067327855577
60861 33784.52592 -0.7551864093257583 -0.031112489751238682 0.6435597398000223 0.12064974703527125
60861 34204.52592 -0.7434120049468587 0.1364306665965005 0.6543102456232712 -0.024563521436080284
60861 34624.52592 -0.6948954298534223 0.2972594582032329 0.6327231995797946 -0.16857790125356087
60861 35044.52592 -0.6120037630765738 0.44345863851423817 0.579832085018815 -0.30428700775738826
60861 35464.52592 -0.49892087173865457 0.5676844102088445 0.49829842443367267 -0.4248659251532144
60861 35884.52592 -0.3611115362211646 0.6639300867857431 0.39205308775630066 -0.5244899185393527
60861 36304.52592 -0.2052889793914209 0.7273929454680771 0.2662545375275778 -0.5982177355024502
60861 36724.52592 -0.03898808630061094 0.7548223452043202 0.12697200376830142 -0.6423404600100546
60861 37144.52592 0.12912935308803775 0.7447176624034623 -0.018528790621499567 -0.6545058421385498
60861 37564.52592 0.29071770184000817 0.697662360230232 -0.16299496539095096 -0.6341790679390552
60861 37984.52592 0.4377755633147874 0.6160870355233815 -0.2992459442218783 -0.5824441481302639
60861 38404.52592 0.5630658525387037 0.5041316195686711 -0.4205515302800574 -0.5019407995322094
60861 38824.52592 -0.6604635128933157 -0.36741587303719014 0.5209667402212051 0.3967205313066514
60861 39244.52592 -0.7252621459559221 -0.2126946756171518 0.5956308302333836 0.27199211143526836
60861 39664.52592 -0.7543308060362329 -0.04756589445096552 0.6409328551937278 0.13389397254179433
60861 40084.52592 -0.7462546848458794 0.11993809043279416 0.6546764991170171 -0.010838879683726082
60861 40504.52592 -0.701368502392627 0.2816635135043891 0.6361423094039971 -0.15514783658831816
60861 40924.52592 -0.6217626976181088 0.42967767918902733 0.5861346812134467 -0.2919492684289428
60861 41344.52592 -0.511285109611336 0.5565777806218576 0.5070257674696637 -0.4144075070864065
60861 41764.52592 -0.3753311299275663 0.6559979466453362 0.40264687456676457 -0.516399778568906
60861 42184.52592 -0.2206659049164178 0.7228785874124687 0.2781759708032792 -0.592765750980626
60861 42604.52592 -0.05502508758169366 0.7538261353579685 0.13984365530836818 -0.6396578377991559
60861 43024.52592 0.11336456541985336 0.7472852356020081 -0.005465732349714832 -0.6547391677059654
60861 43444.52592 0.2760797191994471 0.703590244154647 -0.1504629451185004 -0.6372610604167068
60861 43864.52592 0.4250396851173073 0.624948139084 -0.28792644152238217 -0.5881151705262193
60861 44284.52592 0.5528922274180281 0.5152717721789772 -0.4110585755985033 -0.5097411432121183
60861 44704.52592 -0.653247617689789 -0.38009575893096326 0.5136989034786132 0.40608890724837665
60861 45124.52592 -0.7211391990410397 -0.2262745096454753 0.5907571358242862 0.28242540318433335
60861 45544.52592 -0.7533282510415503 -0.061426202506236274 0.6385357561879984 0.14489808797138318
60861 45964.52592 -0.748317224181009 0.10632249085758629 0.6547646601048288 3.1592669415787377E-4
60861 46384.52592 -0.7064112797301529 0.26877428335329956 0.6387029769929774 -0.14422896955270811
60861 46804.52592 -0.6296721145628774 0.41800443335761245 0.5911417943052759 -0.2816677135577217
60861 47224.52592 -0.5218193824105188 0.5467115451271302 0.5143633698474146 -0.4052670012777043
60861 47644.52592 -0.38814151776855266 0.6484947890038792 0.41210823246970474 -0.5088884706395245
60861 48064.52592 -0.23518968564929435 0.7182764554431029 0.28937606125211324 -0.5873893431911166
60861 48484.52592 -0.07050506690593067 0.752528374839992 0.15221456743220754 -0.6368365614996494
60861 48904.52592 0.09776126734241665 0.7494804339926376 0.00741545847864216 -0.6547265266089068
60861 49324.52592 0.2612547448660555 0.7092234272166915 -0.13781871957853067 -0.64012037079421
60861 49744.52592 0.4117285242377209 0.6337889423630101 -0.2761424851001828 -0.5937478646615083
60861 50164.52592 0.5418630046635003 0.5268445412401016 -0.40081434868512894 -0.5178485989463196
60861 50584.52592 -0.6450828225584093 -0.39377499627400103 0.5055346674117877 0.4162260256090908
60861 51004.52592 -0.7162515507162969 -0.24127186570928746 0.5850965455212526 0.29399597842956354
60861 51424.52592 -0.7519078743425585 -0.07680679858414222 0.6356381846153116 0.15716030813109708
60861 51844.52592 -0.7502897909510167 0.09132060432519214 0.6546494531410119 0.012643983649758913
60861 52264.52592 -0.711570503526898 0.2547895660263594 0.6412703766104457 -0.1323706902470234
60861 52684.52592 -0.6377413982484098 0.40557989955639695 0.5962293899878489 -0.27074225483050063
60861 53104.52592 -0.5324865568063641 0.5363180747175318 0.5217800935878638 -0.39568487902271793
60861 53524.52592 -0.40101042495815176 0.6406034947352741 0.42159735974867085 -0.5010723179949038
60861 53944.52592 -0.249742666220393 0.7133321354898939 0.300575194376766 -0.5817563215573394
60861 54364.52592 -0.08609927721082211 0.7508907764467214 0.16464499089561416 -0.6337523043618831
60861 54784.52592 0.08190528577233777 0.7513674973519899 0.020469062142577526 -0.6544611719426618
60861 55204.52592 0.24600607170827885 0.714645675360172 -0.12485113427573796 -0.6427867186258024
60861 55624.52592 0.39810680113807745 0.6424217593932955 -0.26413551414108205 -0.5991975368065665
60861 56044.52592 0.530513740072951 0.5382592123429255 -0.39033360980706283 -0.5258059194957493
60861 56464.52592 -0.6365844512172133 -0.4073488431961434 0.4971245841776912 0.426256148602458
60861 56884.52592 -0.7110049291614601 -0.2562771408965509 0.5791637936397921 0.3055541161541779
60861 57304.52592 -0.7501387572483769 -0.09238452602914282 0.6324589321321715 0.16956604433218536
60861 57724.52592 -0.7519872630486192 0.07596500690961382 0.6542988405450347 0.025248786095420576
60861 58144.52592 -0.7165474850339204 0.24040421829161399 0.6436761346157603 -0.12019379037735306
60861 58564.52592 -0.6456816446003169 0.3927989859760809 0.6012031008270615 -0.2595361285029865
60861 58984.52592 -0.542990244952651 0.5256687222266776 0.5290588125586698 -0.3859154845466068
60861 59404.52592 -0.41361169837755607 0.6325269635219354 0.4308611091013474 -0.493146740886433
60861 59824.52592 -0.2639356537134357 0.708192000372424 0.31145733326278263 -0.576017700130996
60861 60244.52592 -0.10130075757025427 0.748982758377521 0.17671269164603978 -0.6305042496130412
60861 60664.52592 0.0663796171927279 0.7528915150827624 0.03319759519686846 -0.6539465059245092
60861 61084.52592 0.23093604259335296 0.7196525003465241 -0.11208493881775432 -0.6451401316508976
60861 61504.52592 0.38428662163061583 0.6507804248998048 -0.25198942213807085 -0.6044087707284521
60861 61924.52592 0.5187700605864648 0.5495800567848753 -0.3795346680762338 -0.533659836554815
60861 62344.52592 -0.6276381672559801 -0.42098938171282985 0.48833585261916046 0.43630994320015365
60861 62764.52592 -0.7053525664834064 -0.2714264309610963 0.5728795266920149 0.3171978837068841
60861 63184.52592 -0.7479846379326212 -0.10840793459400343 0.6289106498958571 0.18231317994439816
60861 63604.52592 -0.7534317360088088 0.059912653727382095 0.6536626269571723 0.0384221709113904
60861 64024.52592 -0.7214878119638174 0.22513549755316947 0.6459591182196427 -0.10726678198795592
60861 64444.52592 -0.6538352636140705 0.37906757142437303 0.6062602829629026 -0.24749887605984813
60861 64864.52592 -0.5539244634393385 0.5141324736498208 0.5366109988872794 -0.375345339940905
60861 65284.52592 -0.4267736929162368 0.6237247221755206 0.4405181496862843 -0.48453632039165007
60861 65704.52592 -0.2786877295424211 0.7025208523964507 0.32275391810271753 -0.5697609232827389
60861 66124.52592 -0.11694297820459518 0.7467047150047124 0.18911405443757043 -0.6268909656810782
60861 66544.52592 0.05058352262390217 0.7541240423445973 0.04612271584265289 -0.6531545996776713
60861 66964.52592 0.21574199471546227 0.7243618647052433 -0.09924821458358825 -0.6472287637141185
60861 67384.52592 0.37044001347381306 0.6587717798200405 -0.2398694631838763 -0.6093082792496227
60861 67804.52592 0.5069997656680749 0.5604681839417628 -0.36876930867043434 -0.541143095109112
60861 68224.52592 -0.6185575673363043 -0.4342340035515104 0.47948247050219756 0.4460088861578091
60861 68644.52592 -0.69942940072802 -0.2863602166401488 0.5663932017603026 0.3286260499759006
60861 69064.52592 -0.7455203006120041 -0.12427021650405122 0.6251205870397015 0.19488623944384142
60861 69484.52592 -0.7545433815523183 0.04389386708822282 0.6527500564369003 0.05152647483825719
60861 69904.52592 -0.726115366809911 0.2097693898234027 0.6479671202767306 -0.09429680915018623
60861 70324.52592 -0.6617377330213234 0.36511855217775585 0.6110808854179564 -0.2353120630741771
60861 70744.52592 -0.5646969004284863 0.5022888087928826 0.5439946862514221 -0.364545120030572
60861 71164.52592 -0.4398703663880935 0.6145650791944699 0.4500883084297168 -0.4756514888268251
60861 71584.52592 -0.29346072702197656 0.6964830662754704 0.33403479425142557 -0.5632165625375904
60861 72004.52592 -0.13266342069736234 0.7440764827347134 0.2015472849494639 -0.6230002380252451
60861 72424.52592 0.03468177122908553 0.7550283202010577 0.05909986859755769 -0.6521016914335785
60861 72844.52592 0.20043273815724164 0.728754806126624 -0.0863582683008599 -0.6490650194843457
60861 73264.52592 0.35647092332870095 0.6664443828250329 -0.2276974809158681 -0.613949690615373
60861 73684.52592 0.4950771022565217 0.5710393243375875 -0.3579294131615082 -0.5483605456952709
60861 74104.52592 0.6092735856079597 0.44718001736188673 -0.4705140578363158 -0.4554473090611547
60861 74524.52592 -0.6932442740015096 -0.30104332326876665 0.559738692069534 0.33982038002407133
60861 74944.52592 -0.7427415397690581 -0.1399674781939273 0.6211091423138352 0.20728613914995184
60861 75364.52592 -0.7553066962177757 0.028101893056538204 0.6515946261294302 0.06439348922426724
60861 75784.52592 -0.7303233623126597 0.19466049071730193 0.649673466408428 -0.08160555654419574
60861 76204.52592 -0.6690983095922503 0.351473897011642 0.615497410042398 -0.22346474006281833
60861 76624.52592 -0.5747591262968507 0.4907590252020662 0.5508259759308951 -0.3541161817270929
60861 77044.52592 -0.4520820367276582 0.6056489409371699 0.4589420455752909 -0.467101050323187
60861 77464.52592 -0.30723387856807743 0.690525088666873 0.344476633223707 -0.5568826581466536
60861 77884.52592 -0.14736410950529025 0.7413113707678128 0.2130938048445779 -0.6191383537925267
60861 78304.52592 0.019697230515977507 0.7555754761844521 0.07124814628817656 -0.6508774235976674
60861 78724.52592 0.1858286748869938 0.7326248150893987 -0.0741418120309874 -0.6505625070765529
60861 79144.52592 0.342934081912408 0.6735213903703119 -0.21598098214453368 -0.618156426423295
60861 79564.52592 0.4833064848915194 0.581045845462115 -0.3473109016483891 -0.5551357534236131
60861 79984.52592 0.5998946448619655 0.45969453602713695 -0.46154612887870283 -0.46452397088827996
60861 80404.52592 -0.6868209869668488 -0.3154328156310079 0.5529505671457691 0.3507488289048882
60861 80824.52592 -0.7396613844293254 -0.15544574861292096 0.616904100806335 0.21946978386691335
60861 81244.52592 -0.7557352398606281 0.012315297284125558 0.6501925343125534 0.07721560081888679
60861 81664.52592 -0.7342376411372726 0.17936704859249303 0.6511445404179154 -0.06879924200406258
60861 82084.52592 -0.676285095690764 0.33745907018348686 0.6197559457529512 -0.21133483622274793
60861 82504.52592 -0.5848322183241939 0.478721762054931 0.5576379471072185 -0.34327346371525924
60861 82924.52592 -0.464514187608426 0.5961715025240714 0.467946045936816 -0.4580748925457216
60861 83344.52592 -0.3213932754365332 0.6840502590436527 0.3552095974768694 -0.5500979435217049
60861 83764.52592 -0.1625507881057111 0.7381297807831964 0.22502121292336705 -0.6149041565493433
60861 84184.52592 0.004201500970721709 0.7558212124453013 0.08380560040339165 -0.6493791369826527
60861 84604.52592 0.17074747793230657 0.7362884824539433 -0.06154465074844004 -0.6518717859745721
60861 85024.52592 0.3289831518113444 0.6804484160289187 -0.203940809174808 -0.6222284028402545
60861 85444.52592 0.47115781164947157 0.59094338755204 -0.3364013149385239 -0.5618099185114416
60861 85864.52592 0.5901673667957004 0.4721197094626696 -0.45231676003615356 -0.4735134715049939
60861 86284.52592 -0.6800440008766965 -0.3297857075640167 0.5458983408269933 0.36163039894407717
60862 304.52592 -0.7362176367297644 -0.1710027398819833 0.6124193494342874 0.231698499691689
60862 724.52592 -0.7558256156937424 -0.003703604824734474 0.6485184768519341 0.09020924095748016
60862 1144.52592 -0.7378780763715859 0.1637540599980077 0.6523899734653006 -0.05574831626409494
60862 1564.52592 -0.6832886310392818 0.32304866040404945 0.6238567991249009 -0.19889420275424394
60862 1984.52592 -0.5948298283762333 0.4662428310204796 0.5643757464654404 -0.332076970893024
60862 2404.52592 -0.4769827129770295 0.586240881767897 0.4769647874334701 -0.44867996569226937
60862 2824.52592 -0.33568666151507437 0.6771443712431211 0.3660382321533974 -0.5429603838003632
60862 3244.52592 -0.17794810641538114 0.734561930746804 0.2371099835760798 -0.6103540751148131
60862 3664.52592 -0.011561084599466575 0.7557374552503978 0.09657006384619424 -0.6476121237463663
60862 4084.52592 0.15535979398605954 0.7396832165638028 -0.048709616690431626 -0.6529620561627658
60862 4504.52592 0.3146953917831041 0.6871686059167154 -0.1916398454588464 -0.6261312059508503
60862 4924.52592 0.45865114171880444 0.6006959020991676 -0.32521696181290755 -0.5683638721369314
60862 5344.52592 0.5800720876076408 0.4844568459149587 -0.44281031086344663 -0.48242819799184755
60862 5764.52592 -0.6728915133807237 -0.34411893832951196 0.5385645866239063 0.3724880582485697
60862 6184.52592 -0.7324004027584553 -0.18662709978303663 0.6076512848239165 0.24396698899168398
60862 6604.52592 -0.7555644202373132 -0.019821920807338914 0.6465806194415871 0.10326180750642433
60862 7024.52592 -0.7411944177937748 0.1479802568548849 0.6533900068090632 -0.042593163941667275
60862 7444.52592 -0.690014187614875 0.30840548938536066 0.6277428667675231 -0.18629376862807862
60862 7864.52592 -0.6046123697749256 0.4534748789164421 0.5709410813581887 -0.32067225967396834
60862 8284.52592 -0.48931150358587255 0.575983371060088 0.48586193574266956 -0.4390393924435204
60862 8704.52592 -0.3499226331774667 0.6698931665791914 0.3768017232319079 -0.5355536924810775
60862 9124.52592 -0.19337533628958561 0.7306478911900265 0.2491960363452303 -0.605525370140908
60862 9544.52592 -0.027431850773488132 0.7553254628975027 0.10938989873012692 -0.6455732249076218
60862 9964.52592 0.13979995394931258 0.7427808851057419 -0.035765703077773485 -0.6537991618843306
60862 10384.52592 0.3001815291530296 0.6936319094140788 -0.17918581186331523 -0.6298081204817961
60862 10804.52592 0.4458772664938252 0.6102334663074295 -0.31385043990602346 -0.5747229603845745
60862 11224.52592 0.5696838502086171 0.49661847681961235 -0.4331020288530995 -0.4911751539890661
60862 11644.52592 -0.6654288475683 -0.35831341635519276 0.5310124929562118 0.3831992651457248
60862 12064.52592 -0.728255488131599 -0.2021585486869687 0.6026443636994018 0.2561164502727771
60862 12484.52592 -0.7549619339914084 -0.03591282483935958 0.64438361577292 0.11624329210508251
60862 12904.52592 -0.7441743361516854 0.13214416921443015 0.6541222518007747 -0.029437317386445994
60862 13324.52592 -0.696427811380689 0.2936219602126117 0.6313694150206663 -0.1736292308134446
60862 13744.52592 -0.6141276478326242 0.4404912064881423 0.5772738092214236 -0.30914345919196917
60862 14164.52592 -0.5014335324383363 0.5654465935368101 0.4945701666869119 -0.4292259458924979
60862 14584.52592 -0.36402611932410484 0.6623198322437037 0.38742875908145324 -0.5279359628810204
60862 15004.52592 -0.20875787208360763 0.726390175008827 0.26120472111199206 -0.6004577904920348
60862 15424.52592 -0.043337360669634443 0.7545707336168875 0.1221861020842967 -0.6432848805906355
60862 15844.52592 0.12414374240833731 0.745550287251511 -0.022801245027184735 -0.6543876554652083
60862 16264.52592 0.285525973642744 0.6997864767861273 -0.1666750095522826 -0.6332402754668789
60862 16684.52592 0.43292884382777685 0.6194818845755224 -0.30239365034955046 -0.5808380936999373
60862 17104.52592 0.5590903536569234 0.508507401403635 -0.4232735605001638 -0.4996775881976426
60862 17524.52592 -0.6577216101649368 -0.37225938518246265 0.5233034387430106 0.39367339847309724
60862 17944.52592 -0.7238210461869269 -0.21748093886562683 0.5974383198251512 0.26805333113298285
60862 18364.52592 -0.7540291944340433 -0.05186068520283057 0.6419452442845657 0.12906101894789948
60862 18784.52592 -0.7468025450507157 0.1163578180448739 0.6545828954612344 -0.016372228168352765
60862 19204.52592 -0.7024939008770229 0.27879270244068677 0.6347147372880912 -0.16097872705954494
60862 19624.52592 -0.6233341917900231 0.4273597593048537 0.5833422811697793 -0.297539752759214
60862 20044.52592 -0.5133191995764906 0.5546746789450797 0.5030578106607376 -0.4192519994186659
60862 20464.52592 -0.3779888326242671 0.6544443236668974 0.3979082020868999 -0.5200924267315298
60862 20884.52592 -0.22410754294020754 0.721793644808487 0.2731572860943459 -0.5951259031204694
60862 21304.52592 -0.05931063695002253 0.7534769454056344 0.1350111516127912 -0.6407235987748269
60862 21724.52592 0.10834097806491724 0.7480057935392449 -0.009742943465751577 -0.6547172216738192
60862 22144.52592 0.27067518051195694 0.705661555168663 -0.15402789356452715 -0.636437054401956
60862 22564.52592 0.4197591872582507 0.6284796905488558 -0.2907799754814623 -0.5867388764509366
60862 22984.52592 0.5482565201810363 0.5201723791607362 -0.41326901888519363 -0.5079805134716385
60862 23404.52592 -0.6497533061240536 -0.38600360842512405 0.5153999451835832 0.4039613248423727
60862 23824.52592 -0.7190973772014901 -0.2326262593355504 0.5920162025009258 0.27982280383462294
60862 24244.52592 -0.7527759511683493 -0.06767438964046328 0.6392632569144258 0.14174283999038007
60862 24664.52592 -0.7490860095618944 0.10064027366910144 0.6547749028592945 -0.0033929603662804903
60862 25084.52592 -0.7082121501759574 0.26394359964647873 0.6377806375906043 -0.1483414468829562
60862 25504.52592 -0.6322177485387028 0.4141142383176848 0.5891428214282336 -0.28586859221467076
60862 25924.52592 -0.5249374869049998 0.5436971169630673 0.5113166155236557 -0.4091324950885055
60862 26344.52592 -0.3917681570002501 0.6462940593210011 0.4082172039341978 -0.5120355597604088
60862 26764.52592 -0.23936081045619753 0.7168841477316451 0.28500400149429983 -0.5895390065814663
60862 27184.52592 -0.07526893373574489 0.7520555284556287 0.1478001500043651 -0.6378888503432993
60862 27604.52592 0.09247761521063311 0.750139496722346 0.003343767746295436 -0.654772819655305
60862 28024.52592 0.2556989237588799 0.7112350047204737 -0.1412984257855834 -0.6393728046447816
60862 28444.52592 0.4064114812569441 0.6372041224539359 -0.2790406500402284 -0.5923992993373413
60862 28864.52592 0.5371934901239889 0.5316013021565115 -0.4031006734749798 -0.5160746619995279
60862 29284.52592 -0.6415197126528956 -0.399549375946641 0.5073054524672367 0.41406996070158025
60862 29704.52592 -0.7140770634490258 -0.24762439422865334 0.586373754583679 0.2914479829649671
60862 30124.52592 -0.7512006036462856 -0.08341423999035015 0.6363336111643336 0.1543348727632453
60862 30544.52592 -0.7510392951640398 0.08491347644953529 0.6547046977820603 0.009562287323516152
60862 30964.52592 -0.7136150534526347 0.24899584196245111 0.640587659692141 -0.13565425323722474
60862 31384.52592 -0.6408245643176447 0.4006854675995689 0.5947077394778201 -0.27407615442937905
60862 31804.52592 -0.5363383174728356 0.5324667426581522 0.5193803892262133 -0.39882877085367363
60862 32224.52592 -0.405398950284327 0.6378396801740683 0.4183864552416363 -0.5037509380379814
60862 32644.52592 -0.2545261879021975 0.7116464107552066 0.2967592183756224 -0.5837034966832874
60862 33064.52592 -0.09120044004261951 0.7502959440604725 0.16054411631599924 -0.6347945043703133
60862 33484.52592 0.07657829389446714 0.7519367419089515 0.016433368892907935 -0.6545661505595847
60862 33904.52592 0.2406210758588783 0.7164864691412578 -0.12851703580133939 -0.6420529642473795
60862 34324.52592 0.39289528722677003 0.6456359980228142 -0.26719966821530483 -0.5978225394192741
60862 34744.52592 0.5258745427378463 0.5428094628243263 -0.3927564312207096 -0.5239811428891308
60862 35164.52592 -0.6329738803913952 -0.41296101176367084 0.4989839251642052 0.4240546096119081
60862 35584.52592 -0.7087084370297914 -0.26260079376684065 0.5804670775781462 0.3030365427530181
60862 36004.52592 -0.7492730308143648 -0.09927041218761185 0.6331244838359197 0.1669990973803686
60862 36424.52592 -0.7526783854987742 0.06894314249002201 0.6543752982099331 0.022694937744354774
60862 36844.52592 -0.7187828813516886 0.23368186627953128 0.6431896280095505 -0.1226827504941737
60862 37264.52592 -0.6493081848950281 0.3868007976137714 0.6001521868148807 -0.2619186451075807
60862 37684.52592 -0.5477401433416509 0.5207397322357974 0.5274222470026378 -0.3881193630956153
60862 38104.52592 -0.41914321377420755 0.6288987278994063 0.42862447061867026 -0.49506203609285393
60862 38524.52592 -0.2697770658327435 0.7060095851089546 0.308562093125624 -0.5775467385163654
60862 38944.52592 -0.1071198645534419 0.7481934726202576 0.1732486647489225 -0.6314402286117091
60862 39364.52592 0.06076215321475974 0.7533861744675207 0.029414305394028374 -0.6541039913470085
60862 39784.52592 0.2256229360863685 0.7213582915203329 -0.11585306975618691 -0.6444490454603069
60862 40204.52592 0.37937014622144266 0.6536840938856774 -0.25540628494307605 -0.6029452936779243
60862 40624.52592 0.5144293090784049 0.5536759238369037 -0.3823607630779447 -0.5316067194674253
60862 41044.52592 -0.6240900665505876 -0.42627164808485085 0.4904097602486537 0.433938172928778
60862 41464.52592 -0.70290587594105 -0.27776024240660274 0.5741988520608283 0.3147511010271408
60862 41884.52592 -0.7469457343187293 -0.11548965084991912 0.6295673176996782 0.17994222132131865
60862 42304.52592 -0.75400542468484 0.05251592543313878 0.6537646770383434 0.036189006323547004
60862 42724.52592 -0.7237133093931342 0.21795113847818393 0.645578527508459 -0.10938332534399782
60862 43144.52592 -0.6575471693894372 0.37263266986066185 0.605390416420804 -0.24955772295462864
60862 43564.52592 -0.5588056045206776 0.5088493462610778 0.5351907824588399 -0.37733203619232825
60862 43984.52592 -0.4324101373219907 0.619850886232005 0.43846767859013996 -0.4863665765760935
60862 44404.52592 -0.28465503185921487 0.700142153927133 0.32003662019316137 -0.5712696726300482
60862 44824.52592 -0.12254618094596405 0.7458214619735597 0.1855098502444372 -0.6279481474273714
60862 45244.52592 0.04593339906385769 0.7544367313094349 0.04150364459728276 -0.6534468523045455
60862 45664.52592 0.2118403480240306 0.7255281840821762 -0.10432007212337369 -0.6464130595862458
60862 46084.52592 0.36701482643705774 0.6607025804244572 -0.2447500799782183 -0.6073463721357821
60862 46504.52592 0.5038362611247145 0.5633318483450448 -0.3728572114936567 -0.5383156606055581
60862 46924.52592 -0.6156645690304094 -0.43834639495661387 0.48239840108258103 0.4428333310649841
60862 47344.52592 -0.6971287181534428 -0.291946470003653 0.5680966471569796 0.32564552579014827
60862 47764.52592 -0.7443298756018469 -0.13127713561678844 0.6258500731727156 0.192486456304066
60862 48184.52592 -0.7549776634357105 0.03589497699241613 0.6528702810852803 0.04980636922619473
60862 48604.52592 -0.7284682098112008 0.20149158135335976 0.6477783845343529 -0.09549017995716005
60862 49024.52592 -0.665936277221974 0.3574273220280844 0.6106816328561707 -0.2363102355796108
60862 49444.52592 -0.5702868138953298 0.49594544825497594 0.5432368963962714 -0.36565658293818715
60862 49864.52592 -0.4461360683190948 0.6100380126614194 0.44864875875382426 -0.4770015963511428
60862 50284.52592 -0.29965876170398437 0.6938411776080695 0.3315959047791527 -0.5646531702940991
60862 50704.52592 -0.13824691146752144 0.7430587925664879 0.19798155973121687 -0.624143192116776
60862 51124.52592 0.02994871108395328 0.7552296948673247 0.05456396940547136 -0.6524982420955142
60862 51544.52592 0.19635398686749814 0.7298624869615461 -0.09131224387812945 -0.6483887229783428
60862 51964.52592 0.352822758882241 0.6683779411000611 -0.2324662149744674 -0.612165408660937
60862 52384.52592 0.4916771362037247 0.5739600284800827 -0.36193428806529504 -0.5457353301411911
60862 52804.52592 0.6061653558938186 0.451372387501434 -0.4733971855798185 -0.45246174843900583
60862 53224.52592 -0.6907567118952803 -0.3066881122632676 0.5614657909853343 0.3369773468962371
60862 53644.52592 -0.7413769105195327 -0.1469771848624769 0.6219001163320973 0.20493469443834547
60862 54064.52592 -0.7555547149434292 0.02001825921870111 0.651766328176627 0.06274548174780101
60862 54484.52592 -0.7325159474368875 0.18620497971983851 0.6495464249667766 -0.08268938318220317
60862 54904.52592 -0.673242129336543 0.34345286370285566 0.6152200214100937 -0.22425318494253121
60862 55324.52592 -0.5804959903189768 0.4839444215349909 0.5503251751323046 -0.3549146428429684
60862 55744.52592 -0.4587676534634066 0.600581485747081 0.4579597474842789 -0.46808865484824974
60862 56164.52592 -0.31412428323226194 0.687397448864412 0.3426981942428645 -0.55800414840859
60862 56584.52592 -0.1538627922776197 0.7399697111970948 0.21035074571202436 -0.6200996947603002
60862 57004.52592 0.013992141750052778 0.7556829094439571 0.06755994679572733 -0.651293492929663
60862 57424.52592 0.1809426289246318 0.7338260039964853 -0.07841765025638327 -0.6500844814519579
60862 57844.52592 0.3387163854181107 0.6756279291553573 -0.22030990172054854 -0.6166535970854428
60862 58264.52592 0.4795553089762204 0.5841178069036389 -0.3511020927971425 -0.5527751927540451
60862 58684.52592 0.5965983758060812 0.4639275807868914 -0.46440645078622445 -0.4617014470834053
60862 59104.52592 -0.6841927890697656 -0.3210345024749828 0.5547377383799408 0.3479699947160444
60862 59524.52592 -0.738131907972893 -0.16243017738391408 0.617755383167406 0.21715434712438614
60862 59944.52592 -0.7557968722397415 0.0041936479606234645 0.6504125006614785 0.07561137621210573
60862 60364.52592 -0.7362572802579002 0.17077205664301429 0.6510688268372107 -0.06979616506637809
60862 60784.52592 -0.6803285176033398 0.32917528785008526 0.6195698455244013 -0.21196684769398555
60862 61204.52592 -0.5905940044955604 0.47155824685804265 0.5573046744768363 -0.3438648593275195
60862 61624.52592 -0.47138276051196465 0.5907248191954726 0.4672317436404291 -0.45884308735483886
60862 62044.52592 -0.3286154599343684 0.6805832176902935 0.35379343500065924 -0.5510431640451449
60862 62464.52592 -0.16948631347566034 0.7365445902791161 0.22269821242545526 -0.6157775265934167
60862 62884.52592 -0.002056237747169981 0.755808295422745 0.08060475874155831 -0.6498095608135565
60862 63304.52592 0.16530103104983296 0.7375079390807273 -0.0653504906610921 -0.651526609047639
60862 63724.52592 0.3243571117154196 0.682641340539611 -0.2079567192698751 -0.6209245261514671
60862 64144.52592 0.4672401497445542 0.5940166399185541 -0.3401352417419728 -0.5595881443451846
60862 64564.52592 0.5869209266167836 0.4761100338447393 -0.45536625384696056 -0.47062154267419853
60862 64984.52592 -0.6775453925426121 -0.3348317204423751 0.5480016677216325 0.358488677930261
60862 65404.52592 -0.734738888543154 -0.17714096686665803 0.6135677520280866 0.2287235387779687
60862 65824.52592 -0.7557322457061534 -0.010759541327153524 0.6488931613248301 0.08769646661201042
60862 66244.52592 -0.7394854862147778 0.1562128705479177 0.6522486485619717 -0.057710096187361566
60862 66664.52592 -0.6867228622799785 0.3156253280835281 0.623408362006426 -0.20038557052498526
60862 67084.52592 -0.5999094853700836 0.4596521247395257 0.5636700970266101 -0.33332349947678885
60862 67504.52592 -0.48327754201597806 0.5810372613881307 0.4759075069444035 -0.44983392835082825
60862 67924.52592 -0.34257124114231374 0.6736704171262251 0.3644194416077845 -0.5440694665292871
60862 68344.52592 -0.18481562194979742 0.7328526101854266 0.23476495055562602 -0.611273797588553
60862 68764.52592 -0.01783596969907689 0.7556065695642958 0.09338238157366018 -0.6480897476644744
60862 69184.52592 0.15012257577834173 0.7407550856250431 -0.05273195280025782 -0.6526595257223957
60862 69604.52592 0.3104744051932792 0.6890770124373157 -0.19608423860429933 -0.6247635440879334
60862 70024.52592 0.45537666490043277 0.6031713385948834 -0.32964508462251535 -0.5658184757906286
60862 70444.52592 0.5775905944371483 0.4874018511041617 -0.44672559380107996 -0.4788160237513472
60862 70864.52592 -0.6710791079761197 -0.3476297308922186 0.5415335496512423 0.3681681893372981
60862 71284.52592 -0.7313075564687833 -0.1908492065959198 0.6094595882012334 0.2394260815845848
60862 71704.52592 -0.7554114243722323 -0.024839049824199235 0.6472521798314634 0.09900109714121841
60862 72124.52592 -0.7423019428657076 0.14229625115494973 0.6531484674616865 -0.04622425745745715
60862 72544.52592 -0.6926453137726122 0.3024398598266305 0.6268855966269432 -0.1891746527380695
60862 72964.52592 -0.608828195073585 0.44779206471237915 0.5697046790499919 -0.32287315517492426
60862 73384.52592 -0.49488879418495246 0.5711926846570642 0.48433070249673293 -0.44073548643539107
60862 73804.52592 -0.35635168577137266 0.6664907517660658 0.37487748587272873 -0.5369082085831316
60862 74224.52592 -0.2000377302778261 0.7288500625030647 0.24671633563704098 -0.606542284250987
60862 74644.52592 -0.033695781891064217 0.7550721274084217 0.10619856203203004 -0.646105674109119
60862 75064.52592 0.13439257537423524 0.7437787416619306 -0.03966421835860621 -0.6535736905032794
60862 75484.52592 0.29577767095346785 0.6955229894630574 -0.18352110374766473 -0.6285565567019031
60862 75904.52592 0.4424763278443037 0.6127098337993698 -0.31823996017170403 -0.5722977255003563
60862 76324.52592 0.5671416904963713 0.49953275764614624 -0.43706209926559764 -0.4876413111344276
60862 76744.52592 -0.6635982210255619 -0.3617179860198128 0.5340912609692045 0.37887204251277906
60862 77164.52592 -0.7271381098381701 -0.20618901489778604 0.6045828699143512 0.25146731947229384
60862 77584.52592 -0.7547329464251272 -0.04066802998320533 0.6451590299249749 0.11177708631019449
60862 78004.52592 -0.74512390914804 0.12675293278113445 0.6539206907267917 -0.0333434294384995
60862 78424.52592 -0.6988136874046869 0.28792997576564144 0.630470874858481 -0.17681129858310335
60862 78844.52592 -0.6180383130199111 0.43500913936753366 0.5759246409148384 -0.31161915906011706
60862 79264.52592 -0.5066890746711868 0.5607607046856591 0.49288116335162757 -0.4311400845461317
60862 79684.52592 -0.37017044898478374 0.6589215929841432 0.38534450956764515 -0.5294391201485906
60862 80104.52592 -0.2152075984657538 0.7245199361767222 0.258596967409798 -0.6015680843358773
60862 80524.52592 -0.049480007603757065 0.7542071848233075 0.11891758636115758 -0.643880314082105
60862 80944.52592 0.11876833781207422 0.7464401055496402 -0.026730550723007684 -0.6542222316754787
60862 81364.52592 0.28111966778683234 0.7015842510345066 -0.17104587781008762 -0.6320558351664416
60862 81784.52592 0.42951044272535166 0.6218759298564474 -0.30684175100083494 -0.5784801183254207
60862 82204.52592 0.5565151845100688 0.5113516433462191 -0.42730871575175755 -0.49620319194804546
60862 82624.52592 -0.6558428199743562 -0.37560142600281493 0.5264698097813301 0.3893883712459146
60862 83044.52592 -0.7226366255276162 -0.22145306946226476 0.5994695758510039 0.2634218538785623
60862 83464.52592 -0.7537114155413125 -0.056552648820803 0.6428087186909863 0.12457066736962724
60862 83884.52592 -0.747631620426801 0.11103914872168358 0.6544486608446253 -0.02035234403788042
60862 84304.52592 -0.704721151551067 0.27316921253933985 0.6338469502178485 -0.16427027599875577
60862 84724.52592 -0.6270452759705719 0.42193245762296877 0.5819761796582955 -0.3001515440532767
60862 85144.52592 -0.5183360354363707 0.5500165057120553 0.501299186362693 -0.42131784149796947
60862 85564.52592 -0.3838722218155808 0.6510332065000103 0.39570555370094146 -0.5217422698257405
60862 85984.52592 -0.23028632578445102 0.7198659135843467 0.27038679210939315 -0.5963658753390096
60863 4.52592 -0.0651988012854007 0.753007925859271 0.13156074038351245 -0.6414202612124186
60863 424.52592 0.10316853903937784 0.748754324987134 -0.013849285327239842 -0.6546231058108676
60863 844.52592 0.2664046712047779 0.707302883679671 -0.1585624075217359 -0.6353024042293614
60863 1264.52592 0.41638955472933736 0.630737292367844 -0.2953538014356209 -0.584428215186701
60863 1684.52592 0.5456488232319375 0.5229303227441784 -0.41739374346843866 -0.5045727917492921
60863 2104.52592 -0.6477858983017479 -0.3893257649680949 0.5186346024901118 0.3997712193159094
60863 2524.52592 -0.7178023373059814 -0.23663738004771745 0.5941145943907014 0.27530056965831845
60863 2944.52592 -0.7523475644766989 -0.07243018024911037 0.6402063920059105 0.13734186124352346
60863 3364.52592 -0.7498026167567879 0.09526863862613548 0.6547259662486602 -0.007336996575887386
60863 3784.52592 -0.7103071496661563 0.25829607119333126 0.6369807521047185 -0.1516654680121266
60863 4204.52592 -0.6357531065595224 0.40869301868576335 0.5877981922244975 -0.28858497742441047
60863 4624.52592 -0.5297142818395167 0.5390639108227128 0.509504014266235 -0.4113618104666009
60863 5044.52592 -0.39734320028881825 0.6428942173331648 0.4058750098018485 -0.5138782763672415
60863 5464.52592 -0.2451884330968857 0.7149196144010681 0.28202153991647394 -0.5909622900348743
60863 5884.52592 -0.0808193722769617 0.7514843457078481 0.1441033928601543 -0.6387282046277565
60863 6304.52592 0.08756863119552226 0.7507331152594579 -9.946895381062193E-4 -0.6547751790317765
60863 6724.52592 0.25158673612017746 0.7127038507942433 -0.1460242629678595 -0.638305765206728
60863 7144.52592 0.40307719377474366 0.6393200616802379 -0.28374548650396714 -0.5901585663874427
60863 7564.52592 0.5345149986080896 0.5342918533732917 -0.407301237521967 -0.5127685965374649
60863 7984.52592 -0.6394087145844539 -0.4029105011437709 0.5105787332102223 0.410035341129245
60863 8404.52592 -0.7126231884476246 -0.25176011648804103 0.5885157409156117 0.28711366691123913
60863 8824.52592 -0.750634479576548 -0.08832082210375745 0.6373520574927393 0.15009885163962242
60863 9244.52592 -0.7516357971107329 0.07941560020070551 0.6547550169951708 0.005714776122339397
60863 9664.52592 -0.7155805425998732 0.24327611949096498 0.6398799916558358 -0.1389777428814278
60863 10084.52592 -0.6441861287511799 0.3952506923692029 0.5934073900797464 -0.27689129835546994
60863 10504.52592 -0.5408687439252524 0.5278586900302051 0.5175275539674108 -0.40123738122067376
60863 10924.52592 -0.4106441711358088 0.6344719676026352 0.41589320701607924 -0.5058157049721823
60863 11344.52592 -0.2599870884506845 0.7096662103799375 0.29354333633333474 -0.5853314389115017
60863 11764.52592 -0.09642119906394298 0.7496392496668557 0.15658991159473962 -0.6357857715588928
60863 12184.52592 0.07190756372966309 0.7523939654366513 0.01186585063807905 -0.6546692482785567
60863 12604.52592 0.23663207791261084 0.7178086685924431 -0.13341677000977673 -0.6410584532446807
60863 13024.52592 0.38956328232355586 0.6476428423960428 -0.27201215003736845 -0.59565811334231
60863 13444.52592 0.523125224076376 0.5454431767006476 -0.3970334887348724 -0.5207649659383431
60863 13864.52592 -0.6307329840428086 -0.4163459463503575 0.502306643782259 0.4201428226333066
60863 14284.52592 -0.7071207019895465 -0.2668013856104009 0.5826708025278398 0.2988177861770354
60863 14704.52592 -0.7485880709003666 -0.10420209014307218 0.634234042071167 0.16280357610799556
60863 15124.52592 -0.7531428575887366 0.0634961278574931 0.6545162364497081 0.01877695486192107
60863 15544.52592 -0.7205538943158437 0.22811429860269586 0.6425226533610152 -0.12621644931304654
60863 15964.52592 -0.6523629206480859 0.38159612735046966 0.5987877186394845 -0.2650665640195776
60863 16384.52592 -0.5518354835177707 0.5163716714869562 0.5253722898839382 -0.3909243571825401
60863 16804.52592 -0.42383819907720355 0.6257197972573737 0.4257981322001599 -0.4975257450002355
60863 17224.52592 -0.2747710784478672 0.7040585415952023 0.30502567674399533 -0.5794495327311089
60863 17644.52592 -0.11210559379844183 0.7474417715563011 0.16911094745008337 -0.6325856633092565
60863 18064.52592 0.05605375746903526 0.7537304960629368 0.024846331897662156 -0.6543171825418868
60863 18484.52592 0.22137648126517376 0.7226507716287084 -0.12059852778990734 -0.6436026032436393
60863 18904.52592 0.37567596617589877 0.6557891174285037 -0.2599978646127631 -0.6010069153486943
60863 19324.52592 0.5113289449918563 0.5565108159827805 -0.3864460492192872 -0.5286755836526775
60863 19744.52592 -0.6216532855516421 -0.4297799855952568 0.49370565072624584 0.4302221367916388
60863 20164.52592 -0.7012496027334005 -0.2818628057429639 0.5765279268360324 0.3105123233997302
60863 20584.52592 -0.7461961136134156 -0.12011970054222668 0.6308390254633077 0.17551279589358876
60863 21004.52592 -0.7543189201487355 0.047507761167855614 0.6540109715155287 0.031868926429642175
60863 21424.52592 -0.7252178317882737 0.21282400939934457 0.6449113724460787 -0.1133770663283277
60863 21844.52592 -0.6602786314944924 0.3677319007508012 0.6039453204502895 -0.2530917380480056
60863 22264.52592 -0.5626509439099141 0.504566085503975 0.5330727363556498 -0.3803556735882588
60863 22684.52592 -0.43714827983536864 0.6164937292805412 0.43576733001592727 -0.48881867526265704
60863 23104.52592 -0.2899841198636609 0.6979280892666023 0.3168359022251545 -0.5730799276721703
60863 23524.52592 -0.1284583930209742 0.7448038361028774 0.18217721357356867 -0.6289492426607074
60863 23944.52592 0.03942690498434407 0.7547834022533568 0.03847690742477506 -0.6536566854559267
60863 24364.52592 0.2053613802188444 0.727366991760619 -0.10712871724701054 -0.6459778639804375
60863 24784.52592 0.36113240264835783 0.6639141908879849 -0.24741544618675426 -0.6062894786182473
60863 25204.52592 0.4990132198726293 0.5675871822250691 -0.3754107401120633 -0.5365606891812612
60863 25624.52592 -0.6121682844457716 -0.4431940230847737 0.48476418818691436 0.44026438792177575
60863 26044.52592 -0.6950312338280838 -0.2968730751675202 0.5701035229834659 0.3221489319023609
60863 26464.52592 -0.7435441616475819 -0.1355868977145548 0.62727982003161 0.18782518528953587
60863 26884.52592 -0.7551168302921946 0.03255126151980669 0.6532983974884088 0.044047608584521544
60863 27304.52592 -0.7291046924697588 0.1991257269914822 0.6468046879748537 -0.10197542783653445
60863 27724.52592 -0.6669436829710483 0.35551590582840265 0.6082059358371179 -0.24265222863291333
60863 28144.52592 -0.5716549975190657 0.4943511653851711 0.5393885086162105 -0.3713320964670042
60863 28564.52592 -0.4479801393323678 0.6086753295336911 0.4437580307458404 -0.48156717924852244
60863 28984.52592 -0.30212410729036676 0.6927663205116198 0.32610721903252865 -0.5678467492674946
60863 29404.52592 -0.14122156024299337 0.7424966100410534 0.19219535516820893 -0.6259522349603399
60863 29824.52592 0.026851838458257383 0.7553437180770866 0.04858075871672283 -0.6529737791178158
60863 30244.52592 0.19350959627210174 0.7306197251792014 -0.09737907489720439 -0.647507659492798
60863 30664.52592 0.3506515310325856 0.6695206886154295 -0.23857371441679595 -0.6098099163590225
60863 31084.52592 0.4902686481505601 0.5751689788729974 -0.36779393941831545 -0.5417978557635423
60863 31504.52592 -0.6054119065392675 -0.4523907814676494 0.47859183790793997 0.44695509500561564
60863 31924.52592 -0.6904338264917039 -0.30742802044341705 0.5655195180972143 0.3301163705927957
60863 32344.52592 -0.7412767253139629 -0.14751006035737138 0.6244115276656943 0.1971290001987684
60863 32764.52592 -0.7555741921509135 0.019476552945995228 0.6524951088030441 0.05457505867097119
60863 33184.52592 -0.7327177506882332 0.18542668128585027 0.6484853781755134 -0.09059998888660525
60863 33604.52592 -0.673823403378669 0.3423187818091403 0.6125808261211156 -0.23135385051618484
60863 34024.52592 -0.5816879291378715 0.4825205856603779 0.5464568093962214 -0.3608295899365269
60863 34444.52592 -0.46073240453681374 0.5990892685069092 0.45325488121520724 -0.47262851418864976
60863 34864.52592 -0.31681810214005063 0.686175423564831 0.3374641412209629 -0.5611662246090717
60863 35284.52592 -0.1570281034218975 0.7393193263661031 0.20476899337414978 -0.6219475602893147
60863 35704.52592 0.010695064424972117 0.7557510195416625 0.06176543892150571 -0.651852009748775
60863 36124.52592 0.17797391652809885 0.7345667143012599 -0.08438892602310437 -0.649319286977499
60863 36544.52592 0.33638206196461096 0.6768114543828285 -0.2263169754235209 -0.6144542214354023
60863 36964.52592 0.4779860322316211 0.5854243666081985 -0.3568919071354985 -0.5490317209360932
60863 37384.52592 0.5957254397094026 0.4650781181274621 -0.469587307933474 -0.4564003776837286
60863 37804.52592 -0.6838098613167816 -0.32189535555669835 0.5588490016770103 0.3412847007434695
60863 38224.52592 -0.7380188107272525 -0.1630357324578612 0.6203829245265479 0.20945790009103987
60863 38644.52592 -0.7558195093143085 0.0036474174951344313 0.6512851863809236 0.067462372373492
60863 39064.52592 -0.7364432541096037 0.1700524085486049 0.6501423261978123 -0.07777189408374709
60863 39484.52592 -0.680851316311189 0.3281328186930334 0.6170268812759641 -0.21919891915049086
60863 39904.52592 -0.5916914893845936 0.47020771976531145 0.5534901460048663 -0.3499350510287008
60863 40324.52592 -0.4732401799123322 0.5892629813115575 0.46254741659783816 -0.46353290969576744
60863 40744.52592 -0.3312264973574441 0.6793401151150792 0.3485708192100707 -0.5543323907539321
60863 41164.52592 -0.17262863742354098 0.7358363377976046 0.2171452078010865 -0.6177314920310636
60863 41584.52592 -0.005315928407528179 0.755812909451341 0.07479343349224676 -0.6504802296137108
60863 42004.52592 0.1623457837322713 0.7381851024951259 -0.07135680263588438 -0.6508723436098652
60863 42424.52592 0.3219492928486332 0.6838031316659722 -0.21396085175156712 -0.6188559475967069
60863 42844.52592 0.4654779176977773 0.5954251901542017 -0.34583985755187807 -0.5560521054668085
60863 43264.52592 0.5857630880384059 0.477567675151836 -0.46039132633445135 -0.46567214537460333
60863 43684.52592 -0.6768754267506848 -0.33623147799272135 0.5519549728652642 0.35232620935322706
60863 44104.52592 -0.734429984142515 -0.17850443753865874 0.6161094502215784 0.2217158305559092
60863 44524.52592 -0.755730652228166 -0.01220010494294854 0.6498218647684176 0.08033606158549325
60863 44944.52592 -0.7398471880545403 0.15458730806940998 0.6515494660959967 -0.06490143096777311
60863 45364.52592 -0.6875843510681873 0.31378905213923586 0.6212376999049024 -0.20694905445680611
60863 45784.52592 -0.6014389818593481 0.4576763183185687 0.5603132213901761 -0.3388991482516802
60863 46204.52592 -0.4855396529958976 0.579167860401959 0.4716627298095674 -0.4542577507920228
60863 46624.52592 -0.34548328645513704 0.6721969730951869 0.3595399525670728 -0.5472874479191837
60863 47044.52592 -0.18814071529568555 0.7320179931572898 0.22943148494734228 -0.6132812753189677
60863 47464.52592 -0.021309391428764486 0.7555267613339005 0.08778210736554463 -0.648860173205065
60863 47884.52592 0.14667576660425133 0.7414553369850249 -0.05832471781207879 -0.6521720862162225
60863 48304.52592 0.3073710382084446 0.6904762040557816 -0.20152743523050776 -0.6230187391666442
60863 48724.52592 0.4527416539658308 0.6051598657445287 -0.33464654825987766 -0.5628660758955873
60863 49144.52592 0.5755131774441774 0.48985932299319823 -0.45100440961211047 -0.47478147475989824
60863 49564.52592 -0.6696185570697775 -0.35044425032990684 0.5448367766337479 0.36325294529548724
60863 49984.52592 -0.7305030024494791 -0.19392372382957282 0.6115931028906753 0.23390773660767142
60863 50404.52592 -0.7553026963944925 -0.028062424580484628 0.6481096141463897 0.09318940496049744
60863 50824.52592 -0.7429206277300514 0.139051477680452 0.6527084630174551 -0.05201239999712106
60863 51244.52592 -0.6940016129786952 0.29932424597046003 0.6252043149611473 -0.19464408933010907
60863 51664.52592 -0.6108922269715554 0.4449754080524793 0.5668992505590473 -0.32776945094052573
60863 52084.52592 -0.4975749040164916 0.5688520288359763 0.480556928764969 -0.4448501122829499
60863 52504.52592 -0.3595222194484727 0.6647806127454987 0.37031865384860163 -0.5400690745194758
60863 52924.52592 -0.20350380542790644 0.7278820948399732 0.24157364748059706 -0.6086181315329451
60863 53344.52592 -0.03724417062400276 0.7548964697024836 0.10068968274994616 -0.6469975112571706
60863 53764.52592 0.1309683435486363 0.7443798318307316 -0.045301632523146625 -0.6532179736064494
60863 54184.52592 0.2926159816657068 0.6968465170292045 -0.18898859790913317 -0.6269482664769249
60863 54604.52592 0.4394908733744097 0.6148380016366467 -0.32303941281823034 -0.569620524323085
60863 55024.52592 0.5644768839612768 0.5025222064881943 -0.4409324771922396 -0.48416508549948023
60863 55444.52592 -0.6616056834706604 -0.3653191793776369 0.5370427155257339 0.37470646975855126
60863 55864.52592 -0.7260332681059615 -0.2099864298424912 0.6065942500137514 0.24662686134246603
60863 56284.52592 -0.7545103364508885 -0.04431002704625099 0.6460957120692185 0.1063536766534056
60863 56704.52592 -0.74564838942197 0.12352184018042522 0.6536186554791764 -0.03915976966808342
60863 57124.52592 -0.6998985862115988 0.28523788778909337 0.6288037177462299 -0.18272164879165637
60863 57544.52592 -0.6195230054352846 0.43286382091536696 0.5728710670805002 -0.3172363453027261
60863 57964.52592 -0.5084834794802386 0.5591082796162861 0.48856628501025984 -0.4360567255661356
60863 58384.52592 -0.3723094034648196 0.65768923343675 0.3800734145075189 -0.5332680188213484
60863 58804.52592 -0.21771080649987654 0.7237474686102041 0.2527303520736214 -0.6040852386495124
60863 59224.52592 -0.052374630833341075 0.7539881237430419 0.1128808861205331 -0.6449935758192958
60863 59644.52592 0.11553931323343722 0.7469226311287477 -0.03255532107313418 -0.6539857806367654
60863 60064.52592 0.2777546364065023 0.7028965963786132 -0.17638790986458383 -0.6306156055852535
60863 60484.52592 0.4262683329959238 0.6240730468885799 -0.31149922377083167 -0.576017685511695
60863 60904.52592 0.5537077090678229 0.5143529515985765 -0.43118035179686753 -0.49288164738101714
60863 61324.52592 -0.6537430885821444 -0.3791908456903982 0.529487016082705 0.38532814129714493
60863 61744.52592 -0.7214293162468617 -0.22526382150858487 0.6015704035789775 0.25866774425266104
60863 62164.52592 -0.7533970942866959 -0.06024718755322862 0.6438542057920518 0.11922607263587905
60863 62584.52592 -0.7480889898934581 0.10771687626006139 0.654277401491173 -0.02609635351765963
60863 63004.52592 -0.7057762781906651 0.27035502780773485 0.6323345389579345 -0.17012064813910288
60863 63424.52592 -0.6285450744025539 0.41964903659104386 0.579098800140871 -0.3057292187670326
60863 63844.52592 -0.5202045077989929 0.5482178156180461 0.49718149128386413 -0.42621011418001165
60863 64264.52592 -0.3861170048907446 0.6496804087546205 0.3906244646306262 -0.5255868649868131
60863 64684.52592 -0.2329413373669957 0.7189918234045257 0.26471461945467695 -0.5989284276690131
60863 65104.52592 -0.06827364828938914 0.7527186122051991 0.12570371786784887 -0.6426133947431661
60863 65524.52592 0.09975217156458056 0.7492003564209788 -0.019522556760994843 -0.6544976699609729
60863 65944.52592 0.2628560623196705 0.708611665541109 -0.1637834027107536 -0.633996210522855
60863 66364.52592 0.4129884980130462 0.6329486579312931 -0.2999458752148893 -0.5821073516744802
60863 66784.52592 0.5427205857791175 0.5259416099131213 -0.4212648816459455 -0.5013738008964899
60863 67204.52592 -0.6455964074376884 -0.3929089806653884 0.5217032901253588 0.39579475576163403
60863 67624.52592 -0.7165120358388591 -0.24045845094275758 0.5962880987119842 0.2706117868879878
60863 68044.52592 -0.7519612963029647 -0.07615088695670318 0.6413424135016065 0.1320422656652286
60863 68464.52592 -0.7502047612538497 0.09189115669285966 0.6546592024701545 -0.013044544255889561
60863 68884.52592 -0.7113373665415872 0.25538991201193645 0.635590149922888 -0.1574811262507854
60863 69304.52592 -0.637273931392162 0.4062848515679587 0.585066261163352 -0.29412926716448345
60863 69724.52592 -0.5316744125547913 0.5371084313566543 0.5055698381023872 -0.4162162788758243
60863 70144.52592 -0.39974996613697455 0.6413862307922429 0.4010097155535124 -0.5177015313433974
60863 70564.52592 -0.248069093095991 0.7139169714742902 0.2765879188254654 -0.5935346713135703
60863 70984.52592 -0.08414697495125456 0.7511141281932114 0.1384766504976466 -0.6399773982743905
60863 71404.52592 0.08391344820757662 0.7511458868259185 -0.006478502168763773 -0.6547491267073733
60863 71824.52592 0.24783260059805737 0.7140137735872423 -0.15111142350535575 -0.6371253180455906
60863 72244.52592 0.39952295118846404 0.6415439731797464 -0.28827355388771064 -0.5879635193439761
60863 72664.52592 0.5314794931829585 0.5373115446198604 -0.4111678918773611 -0.5096732453575838
60863 73084.52592 -0.6371522656620638 -0.4064746176208784 0.51369736174713 0.40611623474776015
60863 73504.52592 -0.71128849829073 -0.25552103791498193 0.5907756426293627 0.2824213367612867
60863 73924.52592 -0.750201611424097 -0.09196110136582684 0.6385827808959731 0.1447505785668502
60863 74344.52592 -0.7519820056699189 0.07610609969618312 0.6547754736515459 -6.198446912632203E-5
60863 74764.52592 -0.7165572310569196 0.240396106667754 0.6385701949725351 -0.14485700746517133
60863 75184.52592 -0.6456809856279152 0.39281059617819336 0.5907645194483248 -0.28247687142434574
60863 75604.52592 -0.5428387530383686 0.5258380443993566 0.5136938895974744 -0.4061268607864141
60863 76024.52592 -0.41314882184457935 0.6328480597940402 0.41118273620983364 -0.5096470755987415
60863 76444.52592 -0.2630303356504826 0.7085479209350792 0.28830074258465144 -0.5879264988851155
60863 76864.52592 -0.09994174595089986 0.7491830309353189 0.15115758431909843 -0.6370932571277688
60863 77284.52592 0.06806310548400836 0.7527566323834143 0.006545904347291546 -0.6547381287285248
60863 77704.52592 0.23271220745927002 0.7190950070879004 -0.13839253290568543 -0.6399960203912481
60863 78124.52592 0.385888618811365 0.6498484636807207 -0.2764974483841916 -0.5935790673201804
60863 78544.52592 0.51997265324854 0.5484654109288496 -0.40088742196888627 -0.5177870293812524
60863 78964.52592 -0.6283803316564842 -0.41991784656762754 0.5054529704148524 0.4163225379679746
60863 79384.52592 -0.7056884157978339 -0.27061696651768724 0.5849732969282684 0.29423894902337505
60863 79804.52592 -0.748073991707031 -0.10795226224750773 0.6355297299018873 0.15758672030976595
60863 80224.52592 -0.7534439183679305 0.060032246484743514 0.6546340952027394 0.013137452358242629
60863 80644.52592 -0.7215322592742694 0.2250571971157111 0.6413460429059625 -0.13196859513479603
60863 81064.52592 -0.6539050535250768 0.3789814887551825 0.5963070746302794 -0.2705532940127515
60863 81484.52592 -0.5538993074791649 0.5141838315270786 0.5217248398938139 -0.39574453376895646
60863 81904.52592 -0.4264578552021714 0.6239608889309417 0.4212710361727824 -0.5013354375094415
60863 82324.52592 -0.27797205547316967 0.7028219452195553 0.2999797964230739 -0.5820523785981744
60863 82744.52592 -0.11577609799317683 0.7469013215334946 0.16384876861929204 -0.6339462848277725
60863 83164.52592 0.05211238975826076 0.7540319539343178 0.019626212243288726 -0.6544730117221484
60863 83584.52592 0.21742653299518455 0.7238684331297458 -0.1255696111417595 -0.6426293387526655
60863 84004.52592 0.3720236433387036 0.65788955975296 -0.26456642793524787 -0.5989860943082375
60863 84424.52592 0.5082268864556941 0.5593714136424843 -0.39044956057498503 -0.5256978163640789
60863 84844.52592 -0.6193258859418237 -0.43316306151961964 0.49701516977335736 0.42635798356836957
60863 85264.52592 -0.6997910221961152 -0.28551714910255244 0.5789719385013877 0.30588229312925624
60863 85684.52592 -0.7456315420837745 -0.12369367894275761 0.6322718043247455 0.17019354481092747
60863 86104.52592 -0.7545425422416877 0.044143079010417384 0.6542423973271917 0.026150068116548766
60864 124.52592 -0.7261338440590167 0.209746449154153 0.6438488053245308 -0.11914186275811886
60864 544.52592 -0.6618309946619336 0.36497057529989446 0.6016206239372106 -0.2585127434450013
60864 964.52592 -0.564815246431603 0.5021704926131897 0.5296383751595523 -0.3850866464906093
60864 1384.52592 -0.4398919341434745 0.6145607832387416 0.4314559827285732 -0.49260112154583907
60864 1804.52592 -0.2932141532348289 0.6965948272494824 0.31190204739857696 -0.5757588208795605
60864 2224.52592 -0.1320912552324156 0.7441823641665898 0.17693846879437136 -0.6304262743693773
60864 2644.52592 0.035527489494893316 0.7549899767105379 0.033237280496583504 -0.6539290601754927
60864 3064.52592 0.2014067930938708 0.7284848691195519 -0.1121264348360301 -0.6451145338391266
60864 3484.52592 0.3573937641455287 0.6659475184109548 -0.25198343040352705 -0.6043905615363728
60864 3904.52592 0.49576890829445325 0.5704372122129394 -0.3794028910765545 -0.5337302902534274
60864 4324.52592 -0.6095643833637127 -0.4467832923813037 0.4879663788673681 0.4366975672916068
60864 4744.52592 -0.6932854229430824 -0.3009455448780347 0.5724399245799052 0.3179616865278686
60864 5164.52592 -0.742692098845016 -0.1402176657248164 0.6285632388614852 0.18345491894148838
60864 5584.52592 -0.7553309646725522 0.027342961760735994 0.6535539435977494 0.03993418406343434
60864 6004.52592 -0.7306249432969151 0.19350399374952942 0.6462267628440789 -0.10551951297946957
60864 6424.52592 -0.6698111412802339 0.35010072921573476 0.6069564716258866 -0.2457363545976368
60864 6844.52592 -0.575889356394422 0.4894248306562957 0.537669145113722 -0.3738003139663663
60864 7264.52592 -0.45354802436921193 0.6045471797937464 0.4418140363100021 -0.4833396883286913
60864 7684.52592 -0.30866533764187776 0.6898813885905747 0.3239875860550971 -0.5690530933902012
60864 8104.52592 -0.14843324838825045 0.7410906004708916 0.19003215606249876 -0.6266099842237141
60864 8524.52592 0.019069435895156292 0.7555816370465437 0.04671044904975806 -0.6531086282711901
60864 8944.52592 0.18557981169118332 0.7326754169330709 -0.09888898122890898 -0.6472772484076079
60864 9364.52592 0.34289195888257074 0.6735268016420464 -0.23956623457721427 -0.6094216694982254
60864 9784.52592 0.48325177505413536 0.5810707041183386 -0.36837001428493765 -0.541413050542892
60864 10204.52592 -0.5997193535358305 -0.4598953626369533 0.47892450954848786 0.4466142256728184
60864 10624.52592 -0.6865803109050765 -0.3159126593369282 0.5658138632456365 0.3296381963717288
60864 11044.52592 -0.7395141219495568 -0.1560563404255011 0.6247462741832882 0.19610551992301495
60864 11464.52592 -0.755729206047677 0.01145506701875472 0.6526444019587276 0.052890766283713836
60864 11884.52592 -0.7344815969954887 0.17827450439544587 0.6481787061735682 -0.09284045250144957
60864 12304.52592 -0.6769032469288496 0.33616810970994804 0.6116366730982619 -0.23386657827169544
60864 12724.52592 -0.5859093358835794 0.477369909785252 0.5448765960712377 -0.3632323146553795
60864 13144.52592 -0.4660410645502923 0.5949549838917982 0.4512268104121743 -0.4745826154215894
60864 13564.52592 -0.32322515842930377 0.683169058113844 0.33531323178535866 -0.5624682849582303
60864 13984.52592 -0.1645096708383982 0.7376799835100012 0.20286265054522573 -0.6225845766986937
60864 14404.52592 0.0023384918869734945 0.7558128157132685 0.06036896532569541 -0.651994714000643
60864 14824.52592 0.16916247247694638 0.7366354874203968 -0.0851887382256519 -0.6492265363168099
60864 15244.52592 0.32776821834682673 0.6810119906673466 -0.22664965850303104 -0.614345664841467
60864 15664.52592 0.4701988280715192 0.5916790706445078 -0.3569030864189443 -0.5490438291667189
60864 16084.52592 0.5893600075112132 0.47308803115066267 -0.46945902500147474 -0.4565640373190131
60864 16504.52592 -0.679370814975046 -0.33111603845469495 0.5587594446002376 0.3414752522632421
60864 16924.52592 -0.735780623476206 -0.17277541170663563 0.620403252104694 0.20946440271436917
60864 17344.52592 -0.7557880727420517 -0.005891020663114764 0.6513458968721005 0.06706867826549803
60864 17764.52592 -0.7383911434136232 0.16130562082591063 0.6500539120007023 -0.07866973694422075
60864 18184.52592 -0.6844292699228756 0.32056232315226074 0.6165709215101343 -0.2205372308618409
60864 18604.52592 -0.5965615966923283 0.4639830446343075 0.5525318889670301 -0.35148614100459696
60864 19024.52592 -0.47912494068829703 0.5844611669844862 0.46108215926230817 -0.46502438420751224
60864 19444.52592 -0.33798625962142387 0.6759763287146181 0.3467821410202233 -0.555484867475304
60864 19864.52592 -0.1800095925303169 0.7340406806500064 0.21518541910089012 -0.618446490130164
60864 20284.52592 -0.012861447132759777 0.7556986651083109 0.0726789477296037 -0.6507471715559627
60864 20704.52592 0.15467977705992897 0.7398057535881002 -0.07322965528138976 -0.650691194895092
60864 21124.52592 0.31434673565909904 0.6873060164268002 -0.21530941878352475 -0.6184160603890332
60864 21544.52592 0.4583049506304916 0.6009359748402175 -0.3465605029053757 -0.5556332821172552
60864 21964.52592 0.5795514012555447 0.48505558030340007 -0.4605786615184469 -0.46551966002859907
60864 22384.52592 -0.6722183624177509 -0.34540635228943206 0.5518419229240235 0.3525442059232036
60864 22804.52592 -0.7318299206539938 -0.18880839423168014 0.6159472930267935 0.22222801289708943
60864 23224.52592 -0.7554659711247339 -0.02285920665935179 0.6497719968888974 0.08090102102249651
60864 23644.52592 -0.7418868849153004 0.14439351474336143 0.6516014974901586 -0.06457438624805746
60864 24064.52592 -0.6916105819855785 0.30477051182716125 0.6212175039222373 -0.2070713665063443
60864 24484.52592 -0.606947500805147 0.4503181120043294 0.5599586605365784 -0.3395211742400217
60864 24904.52592 -0.49199144824311425 0.5736752536341748 0.4707471182876058 -0.4552343010443336
60864 25324.52592 -0.35247159749506485 0.6685401471970208 0.3580062484024999 -0.5483150286558177
60864 25744.52592 -0.1954339876274886 0.7300881020074312 0.2274284634984518 -0.614046589256824
60864 26164.52592 -0.028804132744275058 0.7552632309803378 0.08561717047919198 -0.6491667536042861
60864 26584.52592 0.13896902656289903 0.7429237514285764 -0.060202785193366595 -0.6520180471999317
60864 27004.52592 0.2996677675709433 0.6938407819454702 -0.20285638901986272 -0.6226021874537285
60864 27424.52592 0.445413928839848 0.6105627215315679 -0.3353244820696609 -0.5624740765547597
60864 27844.52592 0.56911028492422 0.4972752643353833 -0.4511399986441846 -0.4746614548254081
60864 28264.52592 -0.6647495173059491 -0.35958151568713115 0.5446753575629977 0.3635078646759568
60864 28684.52592 -0.7276880816177418 -0.20420724194984288 0.6113963977638114 0.23444381631462258
60864 29104.52592 -0.7548256855317633 -0.0387077882179612 0.6480360222855125 0.09375076220035686
60864 29524.52592 -0.7447488323341209 0.12886778611282834 0.652738174349841 -0.051721815375895555
60864 29944.52592 -0.6978154809264259 0.29030635116702197 0.6251534441952833 -0.19483056295736945
60864 30364.52592 -0.6161836264537137 0.4376108892541744 0.5664937399238942 -0.32848027448168093
60864 30784.52592 -0.5038175160007119 0.5633280623782302 0.47957084261017113 -0.4459161486493076
60864 31204.52592 -0.36633417900339255 0.6610526246939077 0.3687096943564673 -0.541167125726209
60864 31624.52592 -0.21067954212634965 0.7258416562217955 0.23951079554702967 -0.6094280920987
60864 32044.52592 -0.04466041986131378 0.7544987735580464 0.09846802850327648 -0.6473338357910026
60864 32464.52592 0.12334569425312675 0.7456861847454928 -0.04727254288201462 -0.6530721708038042
60864 32884.52592 0.28504300246405756 0.6999870233359644 -0.19048311237847074 -0.6264861034421612
60864 33304.52592 0.43250260183408207 0.6197864349581693 -0.32411581230140474 -0.5689949162029421
60864 33724.52592 0.5585458191069386 0.5091215002183134 -0.4416460252504345 -0.4834983498980172
60864 34144.52592 -0.6570521032336526 -0.3734689242683715 0.5373616998770492 0.37422706976821823
60864 34564.52592 -0.7232397905431375 -0.21945250671165326 0.6066248574802415 0.24651792016031435
60864 34984.52592 -0.7538500826100635 -0.05456223167372147 0.6460438397316178 0.10658505039831495
60864 35404.52592 -0.7472998059995741 0.11318564722212784 0.6536280997271784 -0.038759727333209364
60864 35824.52592 -0.7037731316589706 0.27557210585878855 0.6288874320883415 -0.18238418623556604
60864 36244.52592 -0.625252012924444 0.4245675745003579 0.572887714931135 -0.31717812203523194
60864 36664.52592 -0.5155462742508004 0.552623638245272 0.4883080988585179 -0.436319096703155
60864 37084.52592 -0.38013328722349465 0.6532201229082021 0.37935249325146375 -0.5337544761745342
60864 37504.52592 -0.22585836729513317 0.7212665426953737 0.2515249971202827 -0.6045640976229744
60864 37924.52592 -0.060503587569998164 0.7533987981132141 0.11128782239424652 -0.6452476946719535
60864 38344.52592 0.10758098582659971 0.7481303692651036 -0.034246972515003325 -0.6538764615318351
60864 38764.52592 0.27015226163339506 0.7058764408329159 -0.17791025186409531 -0.6301620014671393
60864 39184.52592 0.4192498720541511 0.6288357205484162 -0.31264255572352734 -0.5753692846299612
60864 39604.52592 0.5476139315544896 0.5208684841554851 -0.4318654764350892 -0.4922471070961163
60864 40024.52592 -0.6489951033779299 -0.38730374011415064 0.5297711800840119 0.3848943562036914
60864 40444.52592 -0.7184502876421618 -0.23466001840518017 0.601595402250709 0.2585475429003011
60864 40864.52592 -0.7525406498796433 -0.07037255499146819 0.6438033738793194 0.11936284834194472
60864 41284.52592 -0.7495049079882634 0.09755220407231359 0.6542605483880214 -0.025866874669043503
60864 41704.52592 -0.7093615280289113 0.2608669192004228 0.6323410118046918 -0.1699985817858102
60864 42124.52592 -0.6339363617591144 0.4114961281318378 0.5789829087217092 -0.30589935792719836
60864 42544.52592 -0.5269053407918635 0.5418060533021662 0.4967492633323157 -0.42668153443633133
60864 42964.52592 -0.3936410739635783 0.6451705697212727 0.3897493109783975 -0.5262101438077694
60864 43384.52592 -0.24088769418029188 0.7163878668132632 0.2633985643663523 -0.5994853954559602
60864 43804.52592 -0.07631294779415376 0.7519637128955267 0.12405687253030032 -0.6429127474746021
60864 44224.52592 0.09180454457476232 0.7502336072928205 -0.021241981651769038 -0.65442359240734
60864 44644.52592 0.25518475511906424 0.7114295529213742 -0.16531094611246075 -0.633577953436134
60864 45064.52592 0.4058398305161553 0.6375772675693147 -0.30107958238015486 -0.5814983619231067
60864 45484.52592 0.5364405028835443 0.5323695133945743 -0.42192581999651374 -0.5007922628139774
60864 45904.52592 -0.640628104644463 -0.40098733200832054 0.5219603383697664 0.3954266003665042
60864 46324.52592 -0.7133123970144963 -0.2498347421666241 0.596305909597897 0.2705314917908723
60864 46744.52592 -0.7508822622978988 -0.08627315985183216 0.6412939256794126 0.1321925525219095
60864 47164.52592 -0.7513964785359177 0.08171950855556277 0.654645360063572 -0.012833803508532157
60864 47584.52592 -0.7146960977036594 0.24588273027355265 0.6355895524633545 -0.15740740668665326
60864 48004.52592 -0.6424418079999022 0.3980894671107104 0.5849283551161932 -0.294367319671175
60864 48424.52592 -0.5381596201600432 0.5306258136441967 0.5050978723413686 -0.416769250880934
60864 48844.52592 -0.40709664928165407 0.6367580321488978 0.40009603838948066 -0.5183962641672453
60864 49264.52592 -0.25589373808073224 0.7111551449952588 0.2752460645618352 -0.5941517975240536
60864 49684.52592 -0.09215424931257789 0.7501769385076968 0.1368393337753426 -0.6403258170625131
60864 50104.52592 0.07589779581436064 0.7520013485203189 -0.008149846888717376 -0.6547267188757718
60864 50524.52592 0.24000052611976375 0.7166869828429807 -0.1525614850791195 -0.6367766557876595
60864 50944.52592 0.39214601282461975 0.6460794801839334 -0.28931893283914223 -0.587449882978822
60864 51364.52592 0.5249406818601896 0.5436971703982064 -0.41175489468082105 -0.5092038630406578
60864 51784.52592 -0.6319133115768018 -0.41456533596857637 0.5138985324450092 0.40586875614682044
60864 52204.52592 -0.7078193661689385 -0.2649666011113912 0.5907588636845856 0.2824684232790916
60864 52624.52592 -0.7488721023270274 -0.10218943009323629 0.6385281965715003 0.14501598848632297
60864 53044.52592 -0.7529483557380401 0.06581391816750853 0.6547803050032307 2.3226428592922754E-4
60864 53464.52592 -0.719712631571833 0.23076714917394256 0.6386001336788221 -0.14474156308216726
60864 53884.52592 -0.6506876779904495 0.38445346067673625 0.5906728628596339 -0.282677645678399
60864 54304.52592 -0.5492361145627768 0.5191413721254456 0.5133032396853473 -0.40663461527054107
60864 54724.52592 -0.42048408700197876 0.6279830943001103 0.4103836110460903 -0.5103093744349034
60864 55144.52592 -0.27096208514554193 0.7055362626828369 0.2871323047592786 -0.5885177737475222
60864 55564.52592 -0.10817432141829757 0.7480219418171774 0.1497487240472639 -0.6374455352357302
60864 55984.52592 0.059723658810907666 0.7534478515801794 0.005140573780816327 -0.6547694205051533
60864 56404.52592 0.22448517799811912 0.721687874427739 -0.13955906564937934 -0.6397626778409296
60864 56824.52592 0.378084449706399 0.654398466782095 -0.27726838302443146 -0.5932428165081056
60864 57244.52592 0.513058041330843 0.554913865120505 -0.401276944374335 -0.5175121857853956
60864 57664.52592 -0.6228114561868259 -0.42809724530644316 0.5055313410033284 0.41626518214577707
60864 58084.52592 -0.7019473027112716 -0.280113997897032 0.5849167978307649 0.294412078580204
60864 58504.52592 -0.74650097820089 -0.11818427775111318 0.6354825973938822 0.15789437750308602
60864 58924.52592 -0.7541674400632776 0.04976311166680596 0.6546567401132724 0.013403644649977012
60864 59344.52592 -0.7244391824057511 0.21543640376416856 0.641383841381558 -0.13191586312148157
60864 59764.52592 -0.658783372540959 0.3703932643560628 0.5962928752782786 -0.27064387056717754
60864 60184.52592 -0.5605593427033889 0.5068830030816259 0.5216936884889065 -0.395826401198476
60864 60604.52592 -0.4346977091702139 0.6182187233518387 0.4213319315571956 -0.5013211697002966
60864 61024.52592 -0.28720201395610645 0.699073971952489 0.29998062522702384 -0.5820843662275521
60864 61444.52592 -0.12521676003386617 0.7453523671179093 0.16350975573315993 -0.6340624351106388
60864 61864.52592 0.04302901090239812 0.754581805726709 0.018860198949357063 -0.6545220359793634
60864 62284.52592 0.20922196152595307 0.7262584109465613 -0.12680353448852572 -0.6424140059072697
60864 62704.52592 0.3647507006653144 0.6619232814708571 -0.2659045378730861 -0.5984223195616247
60864 63124.52592 0.5021818026750586 0.5647720478051671 -0.39177820282277254 -0.5247435667761398
60864 63544.52592 -0.6147534649544008 -0.43958264687886606 0.4982281382228223 0.4249870541234742
60864 63964.52592 -0.6968249152848494 -0.2926125791246102 0.5799286623959552 0.3041309956383014
60864 64384.52592 -0.7443543733495768 -0.13100638498497685 0.6328764755334612 0.16805136323419465
60864 64804.52592 -0.7548920035702665 0.037153333268159026 0.6543717447425246 0.023565068541343128
60864 65224.52592 -0.7278791489803034 0.20351021736479732 0.6433191844278222 -0.12213092505571221
60864 65644.52592 -0.6647820644728883 0.3595152789789528 0.6003485717181591 -0.26152468979394006
60864 66064.52592 -0.5688067109956061 0.49761078481059057 0.527658152611247 -0.3878392790183004
60864 66484.52592 -0.44477375902060085 0.6110136222571775 0.4288969999014568 -0.4948595964295099
60864 66904.52592 -0.2986459774345209 0.6942668365438156 0.30880680651121756 -0.5774447991712852
60864 67324.52592 -0.1375787387572762 0.7431753146374153 0.17326203156165287 -0.6314608545069638
60864 67744.52592 0.03019168737037477 0.7552114478440899 0.029207233251469122 -0.6541338307905785
60864 68164.52592 0.1963705031819936 0.7298476370612701 -0.11620731141937013 -0.6444043085895784
60864 68584.52592 0.3527652096231135 0.668398903166077 -0.25579008168359113 -0.6028026602780117
60864 69004.52592 0.49168354437929 0.573947413030552 -0.38266091486608844 -0.5314153587317587
60864 69424.52592 -0.6062998332760289 -0.4511859004558785 0.4905773286789747 0.43378068189521635
60864 69844.52592 -0.6910002671086044 -0.3061339111893919 0.5742618418327985 0.3146807847494424
60864 70264.52592 -0.741566158782438 -0.14600981814237787 0.6295589854333375 0.1800451304946523
60864 70684.52592 -0.755515591903191 0.021322005107643812 0.6537654461946573 0.03650073768105644
60864 71104.52592 -0.7321391218059863 0.18765813612801638 0.6456763963511831 -0.10889775691476809
60864 71524.52592 -0.6725359153613197 0.344819290404305 0.6056414140841943 -0.24898509405239647
60864 71944.52592 -0.5796194356195926 0.4849888336670551 0.5355952800242435 -0.3767822143971857
60864 72364.52592 -0.4580531208526931 0.6011314614337654 0.43904073697530144 -0.48587193356665265
60864 72784.52592 -0.31384398327201596 0.6875351190265 0.3207439327456051 -0.5708946872025119
60864 73204.52592 -0.1541278327363009 0.7399248146385197 0.18655971917224928 -0.6276554397442395
60864 73624.52592 0.013198697731538948 0.755705942175776 0.04313606246489891 -0.6533556485203432
60864 74044.52592 0.17988930603336178 0.7340926574188165 -0.10243454054708807 -0.6467263507864222
60864 74464.52592 0.3377190814162435 0.676136704076448 -0.2429537994888392 -0.6080776519178646
60864 74884.52592 0.4788435009785302 0.584714734999402 -0.3714246075249346 -0.5393156229613152
60864 75304.52592 -0.5963153791159002 -0.4643131791179148 0.48152066759837164 0.443800728934613
60864 75724.52592 -0.6842526833464025 -0.32094763533714865 0.5677349156662448 0.3262942632627522
60864 76144.52592 -0.7383365637275869 -0.16158460561207597 0.6258519023474065 0.19250696148519197
60864 76564.52592 -0.75580462246517 0.005682903214296326 0.6529181021097237 0.04924458557826688
60864 76984.52592 -0.7358462520401159 0.17259991137007713 0.6476469934779845 -0.09639987444225886
60864 77404.52592 -0.6794883956035748 0.33093453988344457 0.6103313024105419 -0.23722047097597737
60864 77824.52592 -0.5895467491841807 0.47288693100310836 0.5428311313350619 -0.36626075938642805
60864 78244.52592 -0.47048869409403343 0.591458434053372 0.4484896415084977 -0.47715233518909156
60864 78664.52592 -0.32804478402229925 0.6808800342618716 0.3318363280455102 -0.5645118687933744
60864 79084.52592 -0.16919039342205894 0.7366321449940479 0.19857438318335957 -0.623951847563981
60864 79504.52592 -0.0017453605794222195 0.7558261610083647 0.05526661282788957 -0.6524334215522205
60864 79924.52592 0.16594002562703378 0.7373800590543302 -0.09092734953208416 -0.648434093421222
60864 80344.52592 0.32528430962525834 0.6822159554571939 -0.23251031866384508 -0.6121359814175967
60864 80764.52592 0.46836304363735487 0.5931516204439683 -0.3624208138890887 -0.5453974405691857
60864 81184.52592 0.5880453194804752 0.4747515744928185 -0.47416893438535096 -0.45163864584151353
60864 81604.52592 -0.6784499038540776 -0.3330464611467746 0.5622544949705648 0.3356421689290519
60864 82024.52592 -0.7352462752048167 -0.1751228044031439 0.6224503080805194 0.2032253235841627
60864 82444.52592 -0.7557797028981995 -0.00878261562335666 0.6519240468497093 0.060950336250261646
60864 82864.52592 -0.7391473855124091 0.15789765588287713 0.649331772937186 -0.08424797570929021
60864 83284.52592 -0.6861711616871812 0.316864206758124 0.6148109612491949 -0.2253301872192231
60864 83704.52592 -0.5993623608682126 0.46039279243482495 0.5499743063854329 -0.3554314270916527
60864 84124.52592 -0.4828728099374405 0.5813950906161246 0.4578939346906565 -0.4681311168936513
60864 84544.52592 -0.34233057389623045 0.6738098299956464 0.3429945097076082 -0.5578036011783656
60864 84964.52592 -0.18464188150963812 0.7329098970062311 0.2109091461358381 -0.6198933702977861
60864 85384.52592 -0.017638222861791744 0.7556213958770212 0.0682013036955149 -0.6512094757920618
60864 85804.52592 0.15029402860463656 0.7407285485043805 -0.07795272455117462 -0.6501202159073589
60864 86224.52592 0.31062435196976373 0.6890167147661029 -0.2201048849531971 -0.6167027795916206
60865 244.52592 0.4552624227405543 0.6032676299915256 -0.3510517746620353 -0.5527811000309654
60865 664.52592 0.5773467555047438 0.48770606139769945 -0.4645661642735267 -0.461510347225576
60865 1084.52592 -0.6708839641474524 -0.34802974253987823 0.5550799357723613 0.3473849016010586
60865 1504.52592 -0.7312390030937921 -0.19115216119922565 0.6181194984597149 0.21605244096555076
60865 1924.52592 -0.7554210544333124 -0.024829357607165068 0.6505726855649503 0.07401158231308372
60865 2344.52592 -0.742223870668897 0.14274055571182553 0.65083466541868 -0.07171539481669748
60865 2764.52592 -0.6922781192737131 0.30329311153919825 0.618872516167144 -0.21391844894882264
60865 3184.52592 -0.6080040093562329 0.4489185809186409 0.5562163190450851 -0.3455815949101973
60865 3604.52592 -0.4935956713156734 0.572316237903405 0.4659674025079196 -0.46009979014399144
60865 4024.52592 -0.354759279454406 0.6673432741170019 0.3526197421701333 -0.5517772427018529
60865 4444.52592 -0.19823339430476328 0.7293429541962282 0.22167097376987124 -0.6161366373903178
60865 4864.52592 -0.0315875143839009 0.7551596043166738 0.07945179567695604 -0.6499412381954529
60865 5284.52592 0.1366722791193682 0.7433569193959096 -0.06677392235075869 -0.65136965065962
60865 5704.52592 0.2979464724482018 0.6945877247717898 -0.20950470841627683 -0.6203898526760672
60865 6124.52592 0.4443824973611836 0.6113182489349394 -0.34176548720458 -0.5585790421363599
60865 6544.52592 0.5687614648603443 0.4976759885730863 -0.4570296519251055 -0.4689913685228475
60865 6964.52592 -0.664856501267056 -0.3593824532035825 0.5495283767615485 0.35613010008439555
60865 7384.52592 -0.7279394212729209 -0.20330682466879854 0.614715492864026 0.2256000816331254
60865 7804.52592 -0.7548930275432423 -0.037364640443542325 0.6493678195594522 0.08403472812906124
60865 8224.52592 -0.7444968604973954 0.13030873444782662 0.6518819313048893 -0.06159550368602625
60865 8644.52592 -0.6973270967168778 0.2914738866353438 0.6221886606588933 -0.20410576704637592
60865 9064.52592 -0.6157417522281817 0.438231411095124 0.5617727458625643 -0.3364917634929265
60865 9484.52592 -0.503764862609734 0.5633765882387507 0.4736033990670195 -0.4522472812703536
60865 9904.52592 -0.3668853949081723 0.6607486385890344 0.36199247744745994 -0.5456810330928338
60865 10324.52592 -0.21188519670188846 0.7254908882667992 0.23246915354312178 -0.6121484518573884
60865 10744.52592 -0.04638851784327011 0.7543934574697524 0.09141060099988735 -0.6483692765422933
60865 11164.52592 0.12146557854204991 0.7459930713725946 -0.05423530445250145 -0.6525327443465749
60865 11584.52592 0.283402011076397 0.7006490446398513 -0.1972730268155502 -0.624385753564372
60865 12004.52592 0.4313592293175012 0.6205739612773876 -0.33056601078177594 -0.5652815991901079
60865 12424.52592 0.55777648673525 0.5099472032224909 -0.44728738126538525 -0.4783024559121509
60865 12844.52592 -0.6566924658042385 -0.3740726708747165 0.5419279905990423 0.36761215331635805
60865 13264.52592 -0.7231347052158255 -0.21975440671172217 0.6097410869525476 0.23874673971622318
60865 13684.52592 -0.7538330504908274 -0.054628942506312374 0.6474012803330356 0.09809685444234147
60865 14104.52592 -0.7472868262194533 0.11318579032647313 0.6530731006927057 -0.0474014913124387
60865 14524.52592 -0.7038049038629383 0.275454593322457 0.6264664542697153 -0.1905864790345075
60865 14944.52592 -0.6254944032122508 0.42418474314957794 0.5688531299387583 -0.3243920032740559
60865 15364.52592 -0.5161953163204165 0.5519946461406285 0.48303944550166256 -0.4421732693530826
60865 15784.52592 -0.38163441428055506 0.6523243265063399 0.3735180735583184 -0.5378776771814113
60865 16204.52592 -0.2281904730011722 0.7205141313696084 0.24548530366972196 -0.6070629787842315
60865 16624.52592 -0.06337628100829999 0.7531453019176659 0.10521435506453353 -0.6462859589169945
60865 17044.52592 0.10471116209951281 0.748519711269097 -0.04039039074583328 -0.6535460432967185
60865 17464.52592 0.267754716629498 0.7067693494111278 -0.18411367968402495 -0.6284000727314061
60865 17884.52592 0.4175145964547776 0.6299656386516371 -0.3186748606449944 -0.5720762091350527
60865 18304.52592 0.546439614526864 0.5220700822417201 -0.4372761885903156 -0.4874793449940033
60865 18724.52592 -0.6484089625551283 -0.3882447101067244 0.5342837008705018 0.37864599474502286
60865 19144.52592 -0.7182801071253091 -0.23512108000382806 0.6048230220090256 0.25095991212493984
60865 19564.52592 -0.7525274555698432 -0.0703205126965004 0.6453561071987242 0.110783342651266
60865 19984.52592 -0.7494319910972789 0.09796694218226573 0.6538623985483202 -0.03490175818010427
60865 20404.52592 -0.7091523656222587 0.2613779240635556 0.6299232461199127 -0.1788329028516077
60865 20824.52592 -0.6337204034598937 0.4117924497390062 0.5747452967200456 -0.3138363785075984
60865 21244.52592 -0.5269350461009942 0.5417500534607534 0.4911017788718721 -0.4332036236629337
60865 21664.52592 -0.39415453002603457 0.6448324265526925 0.3831869784940564 -0.5310377459641806
60865 22084.52592 -0.24194951917159963 0.7160060432266879 0.2563413648563634 -0.602565250324868
60865 22504.52592 -0.0779176503501818 0.7517765243947923 0.11690564567004852 -0.6442778648558882
60865 22924.52592 0.08988840081252263 0.7504425914152052 -0.028248527367689503 -0.6541849991332388
60865 23344.52592 0.2532694587924006 0.7120894684496484 -0.1720074674108371 -0.6318200703689393
60865 23764.52592 0.4042305102815987 0.6385735114405489 -0.30732137624183875 -0.57825179355432
60865 24184.52592 0.5353285645626031 0.5334628778865582 -0.427511914884104 -0.49605871478330105
60865 24604.52592 -0.640086595456461 -0.40182359435276743 0.526653148253276 0.3891830042194706
60865 25024.52592 -0.7131567995810251 -0.25023647323051784 0.5997025793166706 0.26295608575850543
60865 25444.52592 -0.7508717649480754 -0.08624160543000808 0.6430101443821254 0.12366055279795199
60865 25864.52592 -0.751348824303132 0.08202150470433965 0.6544258443153204 -0.021776851850469507
60865 26284.52592 -0.7145693195407485 0.2462021247985907 0.6333883640969186 -0.1661155668273147
60865 26704.52592 -0.642381303289001 0.39815882483249887 0.5809532148437145 -0.3021740782322016
60865 27124.52592 -0.5384081100612156 0.5303560079154266 0.49974567210954 -0.4231943703502044
60865 27544.52592 -0.4078532243656577 0.6362621785170497 0.39382225695471224 -0.5231923331723918
60865 27964.52592 -0.25707305612064274 0.7107221078709578 0.2683387194159315 -0.5973121971485879
60865 28384.52592 -0.09350507879343449 0.7500037434909969 0.12948808877778664 -0.6418598132411787
60865 28804.52592 0.07452446833775467 0.7521323023598233 -0.01564253021800556 -0.654597903001732
60865 29224.52592 0.23873587104467867 0.7171035979604791 -0.15987319224239266 -0.6349867526735509
60865 29644.52592 0.39109336390805244 0.6467151634821211 -0.29612513715860134 -0.5840508378319276
60865 30064.52592 0.524153391532682 0.544458407448216 -0.4177291448653134 -0.5043120326086155
60865 30484.52592 -0.6313901051436495 -0.41536616942202925 0.5187196123211969 0.3996841805972667
60865 30904.52592 -0.707530081193535 -0.2657445362261943 0.5941429495344135 0.275272921281302
60865 31324.52592 -0.7487732620584076 -0.10292627853767343 0.6402557280449264 0.137176477278205
60865 31744.52592 -0.7530118807459382 0.06510221214669173 0.6547316908877767 -0.00782447290907145
60865 32164.52592 -0.7199403247982338 0.23005694648188543 0.6367756456710556 -0.152566402543466
60865 32584.52592 -0.651120896971022 0.3837205331497781 0.5872003457835637 -0.289820433852696
60865 33004.52592 -0.5500524942551803 0.5182827848577994 0.5085137965746988 -0.41260020258948576
60865 33424.52592 -0.4217467284491054 0.627146290067986 0.4046120646463707 -0.5148847492779711
60865 33844.52592 -0.2725881596555895 0.7049217614914836 0.28066134196580605 -0.5916166127799959
60865 34264.52592 -0.10966367671676058 0.7478170078014947 0.14255115581091432 -0.6390796263602475
60865 34684.52592 0.058935827785033534 0.7535212300162155 -0.002855512124912763 -0.654770318637495
60865 35104.52592 0.22444375500218142 0.7217134661967766 -0.14797698324557318 -0.637853812389872
60865 35524.52592 0.3787618406153684 0.6540226120517023 -0.2856929120677615 -0.5892142657921388
60865 35944.52592 0.5142091868202089 0.5538674517342083 -0.40913284121731225 -0.5113023335919791
60865 36364.52592 -0.6240420514636332 -0.42633171254295305 0.512144547951531 0.40806954173127763
60865 36784.52592 -0.702854095459706 -0.2778806622438664 0.589655022162619 0.2847550050215625
60865 37204.52592 -0.7468796383102732 -0.11588716980308798 0.6379544880476478 0.14749590140885102
60865 37624.52592 -0.7540570364989522 0.05166797004347388 0.6547663268045016 0.0030763388865865104
60865 38044.52592 -0.7241011787022714 0.21662630072795772 0.6393301949354028 -0.14144762521428744
60865 38464.52592 -0.6584740268701403 0.3709736224223606 0.5923947307337741 -0.27903227484130355
60865 38884.52592 -0.5603226637717836 0.5071696812997064 0.5161888814945618 -0.4029472241565142
60865 39304.52592 -0.43441151627334146 0.6184458515120167 0.4143906002303987 -0.5070422011207378
60865 39724.52592 -0.28688785774413417 0.6992275736682766 0.29195545167807574 -0.5861212942185322
60865 40144.52592 -0.12502722353964454 0.7454066682932687 0.15491865336566168 -0.6361896753934838
60865 40564.52592 0.04313884883820163 0.7545967091473643 0.01009069354258664 -0.6546915488752795
60865 40984.52592 0.20929278791107703 0.7262601273461327 -0.13535079461557664 -0.6406425826875076
60865 41404.52592 0.3649593811373205 0.661832761062962 -0.273970541171878 -0.5947454826004385
60865 41824.52592 0.502457423235003 0.5645568189195409 -0.3989129856688668 -0.5193077757093961
60865 42244.52592 -0.6149395023543015 -0.43936215466959677 0.5039477741744053 0.41814703920151836
60865 42664.52592 -0.6968591337627177 -0.29258987298058886 0.5838931519130443 0.2963904537425733
60865 43084.52592 -0.744285559198779 -0.13152395624334107 0.6349102174240007 0.1600920707370252
60865 43504.52592 -0.7549752360599019 0.03588152981381729 0.6545752806274578 0.016003460438305545
60865 43924.52592 -0.7284699635952745 0.2014639315978495 0.6419875316631621 -0.1288247087855309
60865 44344.52592 -0.6660680802469026 0.3571682293174251 0.5977619906388365 -0.26732895651230243
60865 44764.52592 -0.5707686976501616 0.49538558722901666 0.5240036107936668 -0.39272946110993534
60865 45184.52592 -0.44720900805479175 0.6092537505643515 0.424277882928174 -0.4988008105405472
60865 45604.52592 -0.3014206676360916 0.6930837995076575 0.30344023365272577 -0.5802623997663654
60865 46024.52592 -0.14058951944538506 0.742625858312981 0.16744614442528866 -0.6330112244693054
60865 46444.52592 0.027309953656106688 0.7553342445185953 0.023044856972995263 -0.6543647912715952
60865 46864.52592 0.19393429036598625 0.730511839159084 -0.12257388802671185 -0.6432088197799132
60865 47284.52592 0.35086364987327634 0.6694119298466861 -0.2620319980015611 -0.6001013242776992
60865 47704.52592 0.4903646330660021 0.5750875039226209 -0.38844082348977055 -0.5271912519348965
60865 48124.52592 -0.6054782396887131 -0.4523016642279542 0.495485776509004 0.4281508508427253
60865 48544.52592 -0.6905114584532566 -0.3072569661700176 0.5778706428896757 0.30798149712446393
60865 48964.52592 -0.7413520973015497 -0.14713815212753656 0.6316165362913835 0.17264988589154343
60865 49384.52592 -0.7555573947957751 0.020097965100507622 0.6541359693677481 0.02890032089020342
60865 49804.52592 -0.7325022111646815 0.18626781830937053 0.6443912782262861 -0.11620968568502667
60865 50224.52592 -0.6733364700613035 0.34326913638541 0.6028759296021222 -0.25558738544179954
60865 50644.52592 -0.5809319335446043 0.483422843528945 0.5315903048287024 -0.3824031782747678
60865 51064.52592 -0.45979953285967856 0.5997990184464267 0.43399350253682545 -0.4903826738461944
60865 51484.52592 -0.3158606967695257 0.6866098878093102 0.31484487546374323 -0.5741703463197801
60865 51904.52592 -0.15620282716955752 0.7394857234678976 0.1800072441811189 -0.629570435784366
60865 52324.52592 0.011281696586622375 0.7557322040051049 0.03614983396220313 -0.6537849406771459
60865 52744.52592 0.17828650022344425 0.734477571415803 -0.10957707288313646 -0.6455613727784396
60865 53164.52592 0.3365291927434279 0.6767199872115729 -0.2499283948700514 -0.6052552839732215
60865 53584.52592 0.4779711326033908 0.5854143447055266 -0.37775179643577694 -0.5349179579153928
60865 54004.52592 -0.5956806480172886 -0.4651113908794097 0.4867746169485074 0.4380484356170651
60865 54424.52592 -0.6838186956747027 -0.32184548931179435 0.5715967772287125 0.319506802301844
60865 54844.52592 -0.7380875263261407 -0.16266137738207065 0.628089816993273 0.18512498907301245
60865 55264.52592 -0.7557995945078455 0.004455547426574598 0.6534612497403164 0.0416595262422614
60865 55684.52592 -0.7361469567040683 0.17125392391229677 0.6465206810128803 -0.10378227547428938
60865 56104.52592 -0.6801471820876509 0.3295496827699365 0.6076509958666623 -0.24404320213174485
60865 56524.52592 -0.5905750373279648 0.47158075139639133 0.5387732526137352 -0.37223124864189494
60865 56944.52592 -0.4717652972192807 0.5904178754244191 0.44320614385503704 -0.4820918488919586
60865 57364.52592 -0.32963275235257083 0.6800899203150663 0.3256893605644179 -0.5681077268242848
60865 57784.52592 -0.17122163018967773 0.7361407659192574 0.19204703943144677 -0.6260174604215244
60865 58204.52592 -0.004338486836319091 0.7557939293929686 0.04887876933681735 -0.6529682838644045
60865 58624.52592 0.16279828193818416 0.7380569967104064 -0.09674820128824128 -0.6476174600427945
60865 59044.52592 0.32194449007400827 0.6837723358821454 -0.23762824711897795 -0.6101966520429486
60865 59464.52592 0.46513269686378467 0.5956589244962638 -0.3666902534390001 -0.5425682242898295
60865 59884.52592 -0.5852486996323846 -0.47815616962426655 0.4775196538287996 0.44813571296659244
60865 60304.52592 -0.6764559455975759 -0.3370196805184915 0.5647316587638178 0.331516579070746
60865 60724.52592 -0.7342254356178892 -0.17924187412881942 0.6240089679337525 0.19848971809331134
60865 61144.52592 -0.7556982401756962 -0.012596489728946263 0.6524321740027811 0.055621547693938914
60865 61564.52592 -0.7397922252761794 0.15471471460989347 0.6485860947697901 -0.09003831504071348
60865 61984.52592 -0.6872560684620638 0.3144413210416517 0.6126262290823651 -0.2312895488861735
60865 62404.52592 -0.6007268821659316 0.45857109904962184 0.5463474987656591 -0.36103209102810935
60865 62824.52592 -0.4845719713392898 0.5799498727213571 0.4530905269450343 -0.47281827811063654
60865 63244.52592 -0.34437879344923006 0.6727411868467114 0.3373306208010383 -0.5612758630232703
60865 63664.52592 -0.18693586116812824 0.7323076872757281 0.20466312547053317 -0.6220075884093678
60865 64084.52592 -0.01994900240457322 0.755544977237792 0.06158333725371421 -0.6518905715275394
60865 64504.52592 0.14778834982571476 0.7412127734058841 -0.08435512448257185 -0.6493430843316033
60865 64924.52592 0.3081462220692956 0.6901072593173422 -0.2260487650204847 -0.6145728860718155
60865 65344.52592 0.4531589803174653 0.6048234517215924 -0.3564455427109529 -0.5493469813211936
60865 65764.52592 0.5756551887173463 0.48966744429436176 -0.46908471482485947 -0.45695341996608857
60865 66184.52592 -0.6696070706244256 -0.35043255312584615 0.5584201851019568 0.34203843870268835
60865 66604.52592 -0.7304658264968961 -0.19400144919631399 0.6201305563133019 0.21028839044628947
60865 67024.52592 -0.755284467721502 -0.028084532534005946 0.6512323729346392 0.06821310939190907
60865 67444.52592 -0.7428692742958777 0.13922030043824662 0.6502291491810167 -0.07723343063940326
60865 67864.52592 -0.6937959406691812 0.29975019982009904 0.617141455835847 -0.21893705467003088
60865 68284.52592 -0.6103942589044852 0.44562939359701564 0.5535152396826868 -0.3499345248726084
60865 68704.52592 -0.4967380563787537 0.5695683604850157 0.4624348073523431 -0.4636779432197212
60865 69124.52592 -0.35839008104830916 0.66538629824123 0.34834128492870703 -0.5545051606010866
60865 69544.52592 -0.20221007648554754 0.7282418761386034 0.21688697054334785 -0.6178469849520712
60865 69964.52592 -0.03598302613170665 0.7549567253192729 0.07463276635007676 -0.6505194193200844
60865 70384.52592 0.132021664378041 0.7441907480387379 -0.07132402354583518 -0.6508942266863555
60865 70804.52592 0.29344863798221715 0.6964941011904905 -0.2137017839266276 -0.6189631745264087
60865 71224.52592 0.4402712163774442 0.6142801495822365 -0.34540702880940266 -0.5563408472400813
60865 71644.52592 0.565213307829897 0.5016983972328872 -0.45989964640584263 -0.46618124168795033
60865 72064.52592 -0.6621150311826299 -0.3644085847957613 0.5515344064690455 0.3530153924264678
60865 72484.52592 -0.7262669317668777 -0.20920581093012341 0.6158619533635524 0.2224484814383423
60865 72904.52592 -0.7545475535496255 -0.04379409009237334 0.6497560794880421 0.0809759487353201
60865 73324.52592 -0.7456179260420818 0.12373597443104851 0.6516041273718686 -0.06446222295460514
60865 73744.52592 -0.6999121590077229 0.28521266682483415 0.6213132463222537 -0.2067523985358252
60865 74164.52592 -0.6196234621409124 0.43272637028674826 0.5603173547056546 -0.3389087128396423
60865 74584.52592 -0.5086611472719417 0.5589598639872675 0.4715650757330384 -0.4543721900119118
60865 75004.52592 -0.37243920008400394 0.6576336826446434 0.35937169739191394 -0.5474111478639128
60865 75424.52592 -0.217695279960076 0.7237698128559393 0.2292779080807704 -0.6133495446706457
60865 75844.52592 -0.052112442695097835 0.7540224028698164 0.08774794744086391 -0.648871949622338
60865 76264.52592 0.11608241576025659 0.7468526588101961 -0.0581650401858852 -0.6521907749114351
60865 76684.52592 0.2785197018059437 0.7026087302808983 -0.20118176793527826 -0.6231321241032499
60865 77104.52592 0.42710905167624913 0.6235157973099755 -0.33416293133781466 -0.5631527712804401
60865 77524.52592 0.5544687890765244 0.5135585912681675 -0.4504917009174551 -0.4752674643599814
60865 77944.52592 -0.6543028927074729 -0.3782671371325672 0.5444132862150795 0.36388991653062186
60865 78364.52592 -0.7217385794937665 -0.22435017735858417 0.6113494492835366 0.23454694977809554
60865 78784.52592 -0.7534802296802701 -0.059489763275652044 0.6480333603854337 0.09370845945770878
60865 79204.52592 -0.7480370948683881 0.10822187830202616 0.6527300172360593 -0.05169191771115898
60865 79624.52592 -0.7057031256804687 0.2705968066686717 0.6252338142042215 -0.19453314422271356
60865 80044.52592 -0.6285335817460426 0.4196963854570277 0.5668671878913377 -0.3278140813692474
60865 80464.52592 -0.5202626484446479 0.5481861941344159 0.480434336079249 -0.4449736193415026
60865 80884.52592 -0.386131086577501 0.6496932630316753 0.37009965717090476 -0.5402107845199979
60865 81304.52592 -0.23280900915384106 0.719053507215314 0.24134168636205405 -0.6087004266813709
60865 81724.52592 -0.06791039680497916 0.7527675288092371 0.10055968916017699 -0.6470061626385278
60865 82144.52592 0.10037532237974474 0.7491309758820666 -0.04523587274942755 -0.6532084594122635
60865 82564.52592 0.2636818119872812 0.7083177677482897 -0.18878040623831524 -0.6269926635453406
60865 82984.52592 0.4138826230307594 0.6323793651958718 -0.3229105061386888 -0.5696721143367475
60865 83404.52592 0.5435211261672648 0.5251366566823592 -0.4409550777362065 -0.4841228115230662
60865 83824.52592 -0.6461854323295052 -0.39197533192195505 0.5370734294305798 0.37463563312834997
60865 84244.52592 -0.7168601731114177 -0.23947932000888617 0.6065776949998112 0.24662653430534576
60865 84664.52592 -0.7520671980855302 -0.0752833881493823 0.6460514339281387 0.10651237370336386
60865 85084.52592 -0.7501422732132731 0.09253434776995341 0.6536199986131095 -0.03879254869444958
60865 85504.52592 -0.7112146636256059 0.25577359094243857 0.6289441728415951 -0.18216146647666237
60865 85924.52592 -0.6371829454051563 0.40645253836738543 0.5732181802683414 -0.3165677588595686
60865 86344.52592 -0.5316274566716083 0.5371737626786822 0.48911835433345713 -0.4354076612286866
60866 364.52592 -0.39967109150511076 0.6414498668753948 0.3807075608361071 -0.5327915540085759
60866 784.52592 -0.24785953390117013 0.7140004463204134 0.25335403155637853 -0.6038052242260536
60866 1204.52592 -0.08372340632558992 0.7511682945009396 0.11338074334053677 -0.6448886660574343
60866 1624.52592 0.08458764224219541 0.7510745670907115 -0.03225098416200443 -0.6539814978040196
60866 2044.52592 0.24871157854509815 0.7137103536440971 -0.1762874562864608 -0.630620975352765
60866 2464.52592 0.400481517611874 0.640948982585946 -0.3115359281195339 -0.5759725004408036
60866 2884.52592 0.5323590078779685 0.536445570534887 -0.43126965885102253 -0.49277430730427424
60866 3304.52592 -0.6378115653382231 -0.4054482693157613 0.5295561144274815 0.38519920781606953
60866 3724.52592 -0.7116564600993711 -0.2545057539014783 0.6015683518602305 0.2586260274412424
60866 4144.52592 -0.7503070560243422 -0.0911206825270498 0.6438099951913672 0.11935255752425691
60866 4564.52592 -0.7519223559245718 0.0767024738220766 0.6542667747548068 -0.02577767682236481
60866 4984.52592 -0.7164333513074136 0.240762412569834 0.6324375090917053 -0.16964525021898
60866 5404.52592 -0.6455510205396033 0.39302205633454584 0.5793602023220846 -0.30518731801985965
60866 5824.52592 -0.5427356746864158 0.5259437247167073 0.49760701930010764 -0.42568584683667804
60866 6244.52592 -0.413094504153049 0.6328827169451529 0.3912274150803154 -0.5251223732809741
60866 6664.52592 -0.2629680997166105 0.7085680408045318 0.2654190330920398 -0.5986082583412535
60866 7084.52592 -0.09987875752333385 0.7491850425341466 0.12648928376435703 -0.6424534745267426
60866 7504.52592 0.06809290108734221 0.752745125780959 -0.018665709329031832 -0.6545148766298301
60866 7924.52592 0.23268498720164832 0.7190922731434034 -0.16288584818361898 -0.6342177858574487
60866 8344.52592 0.3858037312335177 0.649884147409531 -0.29905688647442813 -0.5825556235796747
60866 8764.52592 0.5198973837989481 0.5485182602704824 -0.4204524359869876 -0.502049975143372
60866 9184.52592 -0.6282776221207176 -0.42004591097915134 0.5210164811193716 0.3966994940934751
60866 9604.52592 -0.7055947527015282 -0.27081789197758427 0.5957931761238283 0.27170610156779273
60866 10024.52592 -0.7480153348266418 -0.10824676144078975 0.6410862781404725 0.13328196232710704
60866 10444.52592 -0.7534553072013529 0.059665241776387795 0.6546810935076032 -0.011739879793638152
60866 10864.52592 -0.7216348012772081 0.22466308236316418 0.6359005819341323 -0.15620551496191915
60866 11284.52592 -0.6540963074932916 0.37861349678551337 0.5856405574984416 -0.29297607067540865
60866 11704.52592 -0.5542414143863011 0.513790434158585 0.5064218306252538 -0.4151780025632041
60866 12124.52592 -0.42706139414869315 0.6235316418022608 0.4021959318103678 -0.5167836004889684
60866 12544.52592 -0.2787270599691202 0.7025104411512281 0.2780167901741126 -0.5928717993763581
60866 12964.52592 -0.1165375299030595 0.7467702580575478 0.13999829983977768 -0.6396512032715397
60866 13384.52592 0.05150462079223041 0.7540593912357892 -0.005039347053913856 -0.6547643190549022
60866 13804.52592 0.21707999466267278 0.7239553472064159 -0.14990241278049832 -0.637412109871688
60866 14224.52592 0.3718778471093099 0.6579506913286488 -0.28730129015235323 -0.5884434750137785
60866 14644.52592 0.5082656472463543 0.5593086116947882 -0.4104468990969756 -0.5102678235348276
60866 15064.52592 -0.6194740289047972 -0.43291092583914076 0.513227175914676 0.4067406098537526
60866 15484.52592 -0.6999471615006551 -0.285077397211182 0.5905096407971042 0.2830251098968939
60866 15904.52592 -0.745744626165085 -0.12288101755394601 0.6385351538502182 0.14504504599703724
60866 16324.52592 -0.7544404112811366 0.045474625822529924 0.6547913259168638 -2.0913222069473254E-4
60866 16744.52592 -0.7256077688437012 0.21146908622453914 0.6384697411975242 -0.14536361628753913
60866 17164.52592 -0.6607299808960796 0.36690633629252595 0.5904213924838472 -0.2832281978032854
60866 17584.52592 -0.563061213945875 0.5040996846018423 0.5130495658332396 -0.4069713998949375
60866 18004.52592 -0.43748238153142616 0.6162518579597593 0.41021190592932605 -0.5104596023629743
60866 18424.52592 -0.290308912613334 0.6977902655815255 0.2870766970867256 -0.5885545433574565
60866 18844.52592 -0.1287549137727533 0.7447494370349602 0.14968446563085352 -0.6374676532690003
60866 19264.52592 0.0390339257273845 0.754798076514987 0.004983518393121622 -0.6547758249019358
60866 19684.52592 0.20476233258451437 0.7275272001787987 -0.1398478265015984 -0.6397023882848382
60866 20104.52592 0.36030209624238685 0.6643541776093448 -0.27768349138012244 -0.5930495803483031
60866 20524.52592 0.49804245222971916 0.5684266417329906 -0.4017638635695555 -0.5171369902403286
60866 20944.52592 -0.6112276874782241 -0.44447697997660407 0.5059995834316097 0.41569862869383817
60866 21364.52592 -0.6942994603048736 -0.2985654691511453 0.585281736655628 0.2936872635786068
60866 21784.52592 -0.7431206051264615 -0.13785595437419132 0.6356798378705958 0.15709438502020262
60866 22204.52592 -0.7552235838932906 0.02976601990425897 0.6546692008578275 0.012631699751277096
60866 22624.52592 -0.7299282528156171 0.1960454982630973 0.641245478641098 -0.13257128073102226
60866 23044.52592 -0.6684188153143181 0.3527108675761316 0.5960061714480952 -0.2712710357249364
60866 23464.52592 -0.5738858120331346 0.491744236296381 0.5212916474846878 -0.396355521065443
60866 23884.52592 -0.4510055834304519 0.6064260162595061 0.42079288151400196 -0.5017716625969683
60866 24304.52592 -0.3057924297775371 0.691145351618656 0.2994228190837816 -0.5823702157894026
60866 24724.52592 -0.14542817066459762 0.7416747206076568 0.1631849601488089 -0.6341450344912705
60866 25144.52592 0.022160496212278634 0.7554847781640026 0.018827228442336738 -0.6545205862608856
60866 25564.52592 0.18868961777047452 0.7318659037589205 -0.1264925809573901 -0.6424703526416679
60866 25984.52592 0.34591940911883357 0.6719627562310836 -0.2655679336495141 -0.598564523882204
60866 26404.52592 0.48600114270303885 0.5787645662913591 -0.3914438788465154 -0.5249820528461044
60866 26824.52592 -0.6019917073290901 -0.45691729249338536 0.49787865669996334 0.42538149387363017
60866 27244.52592 -0.6881471722840969 -0.31249404816182663 0.5796075707771503 0.3047228298612462
60866 27664.52592 -0.7402809917356842 -0.15238944730843237 0.6326768148062887 0.16876479973747932
60866 28084.52592 -0.7556558989397274 0.015536172060495904 0.6543377595172754 0.024184421126244696
60866 28504.52592 -0.7334517256364308 0.18245256907802535 0.6434455820202857 -0.12139773134760845
60866 28924.52592 -0.6749168097293727 0.34012985357586883 0.6006645993205302 -0.26077005536351466
60866 29344.52592 -0.5830933744335464 0.4808024141999764 0.5282281080327416 -0.3870480862571535
60866 29764.52592 -0.4626343599393202 0.5976101460120476 0.4298069059824761 -0.49406233003211797
60866 30184.52592 -0.3195325515890453 0.6849083283622549 0.31029875186288336 -0.5766404554029767
60866 30604.52592 -0.16079586145470773 0.7385020770498525 0.17556539472721291 -0.6308218173988358
60866 31024.52592 0.005877102093541782 0.7557951912761535 0.032153199265437325 -0.6539917891623882
60866 31444.52592 0.17241979677780767 0.7358795207100951 -0.11297770570300253 -0.6449719239569005
60866 31864.52592 0.3307025703905252 0.6795928936317168 -0.2527330427429446 -0.6040822112662007
60866 32284.52592 0.4728774618471926 0.5895466645571714 -0.38017949926336575 -0.5331840064427358
60866 32704.52592 -0.5917756056942551 -0.4700826629918197 0.4888952673188286 0.43566654686005885
60866 33124.52592 -0.6813159030876219 -0.3271300988002834 0.5733362279291719 0.31635440316639124
60866 33544.52592 -0.7369263530930839 -0.16788367589181225 0.6292079957875567 0.18125098488832117
60866 33964.52592 -0.7558219812050453 -2.72640403778484E-4 0.6537255891415101 0.03709329448937895
60866 34384.52592 -0.737069996870306 0.16727572022316034 0.6456764599001881 -0.1088511013641608
60866 34804.52592 -0.6816311553962834 0.3264868493708239 0.6054836587694679 -0.24934884027037152
60866 35224.52592 -0.592298183976771 0.4694302416513033 0.5351637437358909 -0.3773829313464029
60866 35644.52592 -0.4736261347520507 0.5889452698011651 0.43829760766850956 -0.48653567266000775
60866 36064.52592 -0.3316545405917327 0.6791260065875012 0.3198158241235164 -0.5714113855372466
60866 36484.52592 -0.17349575379023413 0.7356265674684103 0.1856637383679973 -0.6279185878014942
60866 36904.52592 -0.0069982284446671065 0.7557914375826693 0.04251856628206456 -0.6533930663824618
60866 37324.52592 0.15972337558197233 0.7387467918777545 -0.102616201772725 -0.6466927677937687
60866 37744.52592 0.31859102803404477 0.6853626761781573 -0.24268954185366864 -0.6081772317614179
60866 38164.52592 0.46188477234233444 0.5982059990376533 -0.3708819267560947 -0.5396838298479212
60866 38584.52592 -0.5825518374183807 -0.481471498639178 0.4808830694271123 0.4444884995778539
60866 39004.52592 -0.6745802847859703 -0.34080596107316163 0.5672266637619476 0.32717984074904166
60866 39424.52592 -0.7332933176484709 -0.18310665227689724 0.625547761156844 0.19350158318656294
60866 39844.52592 -0.7556518741911483 -0.016173655690949675 0.6528565261311773 0.05007009267943247
60866 40264.52592 -0.7404429343462591 0.15167554409080855 0.64771275399628 -0.09595300210005442
60866 40684.52592 -0.688381157503202 0.3120181101867949 0.6103294431046393 -0.2372215247181287
60866 41104.52592 -0.6020935939283664 0.45680528701405915 0.5425836636584206 -0.36662678821579947
60866 41524.52592 -0.48596539176363146 0.5788082009984978 0.4479100639926568 -0.4776978951586419
60866 41944.52592 -0.3458988362420465 0.67198446197497 0.3311203308251909 -0.5649338053832718
60866 42364.52592 -0.18892160683366316 0.7318192814566826 0.19808382147508402 -0.6241089371491477
60866 42784.52592 -0.022835819254627607 0.7554828239515204 0.05543391495955971 -0.6524195805963079
60866 43204.52592 0.14424780467773202 0.7419298782719858 -0.08984136218993677 -0.6485839623463009
60866 43624.52592 0.3042232660421682 0.6918671925831404 -0.2306723930553148 -0.6128280666776726
60866 44044.52592 0.44931275372640683 0.6077110925175421 -0.3601991880138159 -0.5468654517558376
60866 44464.52592 0.5723843401318438 0.4935167265251553 -0.47205216411480766 -0.4538547809225493
60866 44884.52592 -0.6673185940110243 -0.3548112796942439 0.560679778172641 0.3382795238218841
60866 45304.52592 -0.7293033497869207 -0.19839721348766107 0.621611942004073 0.20580029938713088
60866 45724.52592 -0.7551470644458622 -0.03200530917393676 0.6517387323232819 0.06296980254946805
60866 46144.52592 -0.7434681155377483 0.13608769058558415 0.6494852844636462 -0.08309131672448204
60866 46564.52592 -0.6948565947252966 0.2973269148057978 0.6149607401556471 -0.22493178202746167
60866 46984.52592 -0.6119129997311391 0.44356719820297885 0.5500246320332433 -0.35536393401004207
60866 47404.52592 -0.49868341579833275 0.5678834864109692 0.4578387563978419 -0.46819533296425236
60866 47824.52592 -0.36074522228796596 0.6641253638516894 0.342933755722897 -0.5578501813848011
60866 48244.52592 -0.20495028882564728 0.7274845964299254 0.21101891129003986 -0.6198649531514414
60866 48664.52592 -0.03901524379989497 0.7548133876576227 0.06863564414328845 -0.6511710289294924
60866 49084.52592 0.12884612224944053 0.7447541003833585 -0.07715252230843396 -0.6502211124263062
60866 49504.52592 0.29033444601248204 0.6978036218662329 -0.21911699104230653 -0.6170605796885412
60866 49924.52592 0.43746323615288013 0.6162862733098907 -0.35021810195470376 -0.5533212696144085
60866 50344.52592 0.5629189485445234 0.5042720534362723 -0.46392815437242296 -0.4621716359463127
60866 50764.52592 -0.660489546746014 -0.367348462438505 0.5546177951468755 0.34814905872302687
60866 51184.52592 -0.7253635781338538 -0.21232009120483547 0.6178277286376574 0.21692569260937286
60866 51604.52592 -0.7543637370821961 -0.04686096855343029 0.6504712588585084 0.07501028729877766
60866 52024.52592 -0.7460842911636378 0.12089355759059925 0.6509673046470648 -0.07060132075589087
60866 52444.52592 -0.7009288171794495 0.28270565777639534 0.6192877829289299 -0.2127415009432902
60866 52864.52592 -0.6210974479315999 0.43060550484631693 0.5569637769848174 -0.34439542751858476
60866 53284.52592 -0.5105459372283624 0.5572316121424813 0.46706843253048164 -0.45900202150123837
60866 53704.52592 -0.37474607703574786 0.6563120786345694 0.3540395922882638 -0.5508863769209111
60866 54124.52592 -0.22043070550945812 0.7229298818554929 0.22347876468912484 -0.6154997414475724
60866 54544.52592 -0.055242469510879945 0.7537871637058353 0.08185959905699979 -0.6496554374719564
60866 54964.52592 0.11268097779822667 0.7473604730570379 -0.06382439918678022 -0.6516761209549132
60866 55384.52592 0.2750679998702433 0.7039512857070612 -0.20637693329968732 -0.6214489071521293
60866 55804.52592 0.42391244246528614 0.6256738591022186 -0.3387457475162287 -0.5604299971440894
60866 56224.52592 0.5517704989543326 0.5164335479533179 -0.45430423091030014 -0.4716496292896195
60866 56644.52592 -0.6523180102896632 -0.3816443316339293 0.5473451315880516 0.35950260709803594
60866 57064.52592 -0.7205820141444094 -0.2279716473556494 0.6132752617395345 0.22952982863201715
60866 57484.52592 -0.7531683102253831 -0.06306718177538885 0.6488286085465544 0.08821260559972711
60866 57904.52592 -0.7484843652595805 0.10493247027539992 0.6522722381194436 -0.057456583804793016
60866 58324.52592 -0.7067675263492517 0.26774771733284486 0.6234414091827842 -0.2002788877475483
60866 58744.52592 -0.6300738114214891 0.41734632482419803 0.563748192050717 -0.33319215668451835
60866 59164.52592 -0.5221871056085654 0.5463243522636746 0.4761268296488758 -0.449614914063508
60866 59584.52592 -0.38847603317757695 0.6482662267526748 0.3649232020875402 -0.5437539218034569
60866 60004.52592 -0.23554861869544794 0.718135862959164 0.235625448951227 -0.6109651204194033
60866 60424.52592 -0.07100536509021106 0.7524582346314344 0.09467199985613071 -0.6479213345051943
60866 60844.52592 0.09703281372271289 0.7495472536116004 -0.050962531492602395 -0.6528141910591605
60866 61264.52592 0.26028431106221633 0.7095471816991492 -0.1940778293056191 -0.6254028066212054
60866 61684.52592 0.4106951678162248 0.634425120290922 -0.327593187003748 -0.5670246464704858
60866 62104.52592 0.5408098546468265 0.5278917135796349 -0.44488786765685623 -0.4805515841848515
60866 62524.52592 -0.644159689303449 -0.3952447078726362 0.5401294933786119 0.37027023369118195
60866 62944.52592 -0.7156305340879697 -0.24304640845053413 0.6086165157726207 0.24163468035250799
60866 63364.52592 -0.7516724590656384 -0.07886651146283293 0.6469598977564169 0.10105185969048548
60866 63784.52592 -0.7505194627300574 0.0891899178671184 0.6532868742432846 -0.044519148191328795
60866 64204.52592 -0.7122338701614669 0.2528416722090382 0.6272903848146757 -0.18788500767334257
60866 64624.52592 -0.6387010946910031 0.40401612661139297 0.5702418093192441 -0.3219567672572761
60866 65044.52592 -0.5335441419962935 0.5352389966505707 0.48493773483803887 -0.4400968738085757
60866 65464.52592 -0.4019862318442416 0.6399796979528541 0.3756035723666622 -0.5364280119841272
60866 65884.52592 -0.25055470407015984 0.7130426283150733 0.24766083373430678 -0.6061820369392968
60866 66304.52592 -0.08676051825480341 0.7508100045873762 0.10746284518906081 -0.6459169345879808
60866 66724.52592 0.0813032072477432 0.7514237294573483 -0.038044574692423 -0.6536855342105354
60866 67144.52592 0.24535505340117975 0.7148572140393666 -0.18166688135045686 -0.6291082621669966
60866 67564.52592 0.3972993715048441 0.642909729144523 -0.3163038966691701 -0.5733865489572204
60866 67984.52592 0.5296229576982876 0.5391260611885336 -0.4352884157857369 -0.4892510683779839
60866 68404.52592 -0.6357395249893177 -0.4086629617747011 0.5326987554831248 0.38086989372568636
60866 68824.52592 -0.710382190358453 -0.25800238723025154 0.6037104698666874 0.2536248812288758
60866 69244.52592 -0.7498608860006526 -0.0946129850989021 0.6448250291642358 0.11383196589857285
60866 69664.52592 -0.7522349303573289 0.07342833624387983 0.6540287069867311 -0.0315806811836753
60866 70084.52592 -0.7173934643569166 0.23784245430684778 0.6308742666447753 -0.17542874312008658
60866 70504.52592 -0.6470515560192088 0.39052158703008344 0.576493218838649 -0.31060061582308435
60866 70924.52592 -0.5446863761264186 0.5239060371150496 0.4935599430188131 -0.4303926098156657
60866 71344.52592 -0.4153499880765746 0.6313937917892253 0.3861548533825734 -0.5288768252664291
60866 71764.52592 -0.265482979751986 0.7076239044195279 0.259622108023838 -0.6011518596671958
60866 72184.52592 -0.10251296650117148 0.7488264706754372 0.12023951015460138 -0.6436555512948521
60866 72604.52592 0.06550213220784962 0.7529725054002855 -0.02508253851601809 -0.6543032500676081
60866 73024.52592 0.23028409927754873 0.7198626204411227 -0.16915961068098498 -0.6325757404657768
60866 73444.52592 0.3837034486065049 0.6511262470552285 -0.3048702358309517 -0.5795346523096172
60866 73864.52592 0.5181772820225582 0.5501482349270629 -0.4254958145091478 -0.49777759676139316
60866 74284.52592 -0.6270187552833468 -0.4219346486338149 0.525040072449819 0.39134582548823793
60866 74704.52592 -0.7048223295952087 -0.2728461353075182 0.5985676364865499 0.2655131912026968
60866 75124.52592 -0.7477244607403226 -0.1102934068419653 0.6424409707442935 0.12654285569290796
60866 75544.52592 -0.753617484561641 0.057677472114489745 0.6545115739839625 -0.018670717567969987
60866 75964.52592 -0.7222235622405002 0.22278741864755594 0.634197332521869 -0.16294979490366593
60866 76384.52592 -0.6550947381730641 0.37689696374313 0.5824962191379558 -0.29916169111228297
60866 76804.52592 -0.5555247859673823 0.5124138873308474 0.5019300710910801 -0.4205834328416739
60866 77224.52592 -0.42846932126516774 0.6225746841182666 0.39649702335885145 -0.5211572832621431
60866 77644.52592 -0.28022582060659285 0.7019226009502029 0.271418745568047 -0.5959110808626835
60866 78064.52592 -0.11815631505978666 0.7465247303398844 0.1329109258037153 -0.6411509946997311
60866 78484.52592 0.04972743060275429 0.7541872666770953 -0.01215970138057217 -0.6546608977861098
60866 78904.52592 0.21515536720461603 0.7245388397347141 -0.15662665756273614 -0.6357827677907342
60866 79324.52592 0.36997193690676267 0.6590366719116161 -0.29335119435998436 -0.5854370228681219
60866 79744.52592 0.5064750213738981 0.5609496204386258 -0.4155192708988799 -0.506124798410169
60866 80164.52592 -0.6179876652358635 -0.4350634111411678 0.5171529168797144 0.40170130005433247
60866 80584.52592 -0.6989250343510719 -0.287627085529981 0.5931737524465316 0.27734338902411726
60866 81004.52592 -0.7452454462515584 -0.12598916114896266 0.6397999039000238 0.1392553018158248
60866 81424.52592 -0.7546698702532992 0.04183691742683289 0.6547446350153657 -0.0057028230451551445
60866 81844.52592 -0.7267504369153709 0.2075773323667837 0.6372885251341163 -0.150362193596629
60866 82264.52592 -0.6628727418776285 0.3630613973642241 0.588293626525078 -0.2875704414739874
60866 82684.52592 -0.5661815867155836 0.5006226884097409 0.5101595593878547 -0.41055152987026766
60866 83104.52592 -0.4414908357718833 0.6134120805030346 0.4067637742735004 -0.5131809557662477
60866 83524.52592 -0.2949683137467108 0.6958560595797272 0.28321537542838027 -0.5903957057368886
60866 83944.52592 -0.13389584178898592 0.7438627822981435 0.14565903212705653 -0.6383756817290999
60866 84364.52592 0.03377066951342556 0.7550716679512207 9.066174279540152E-4 -0.6547713312163383
60866 84784.52592 0.19977518808447006 0.7289328676704505 -0.1438985505187933 -0.6387800527678822
60866 85204.52592 0.355940075946398 0.6667237115373638 -0.2816007363674106 -0.5911744075029354
60866 85624.52592 0.4944798039112611 0.5715548259454762 -0.40532204747868317 -0.514323674634957
60866 86044.52592 -0.6085633527395347 -0.4481517512035643 0.5089590567561159 0.41203316873950846
60867 64.52592 -0.6925627083542847 -0.30261993968589523 0.5874083382603842 0.28936052122509265
60867 484.52592 -0.7423374664806975 -0.1421120195754538 0.6368148936128563 0.1523353242818351
60867 904.52592 -0.7553996413516326 0.02546442275055244 0.6547238896954489 0.007718373006501373
60867 1324.52592 -0.7310614336905721 0.19185107178810437 0.64021876956118 -0.1373399924479746
60867 1744.52592 -0.6704824447773038 0.3488130582415138 0.5939731548090325 -0.27564221921153
60867 2164.52592 -0.5767195057073515 0.48844613136521764 0.5183097691412685 -0.4002124082331102
60867 2584.52592 -0.4543887752891356 0.6039158198327985 0.4169432051132568 -0.5049503808858875
60867 3004.52592 -0.3095675189576832 0.6894781456285057 0.29490259185093814 -0.5846539995815135
60867 3424.52592 -0.14915279525686012 0.7409465212569852 0.15799943035789818 -0.6354430551283227
60867 3844.52592 0.018866211552526713 0.7555848384538066 0.013056225613510384 -0.6546488775924996
60867 4264.52592 0.18588152787657614 0.7325943269884106 -0.13248735537537537 -0.6412493355351772
60867 4684.52592 0.3434196068204572 0.6732535332911733 -0.2712157383857263 -0.5960156682622688
60867 5104.52592 0.48374487127068044 0.5806608705662551 -0.3962975946109023 -0.5213176281482955
60867 5524.52592 -0.6001978888296232 -0.45927922134933813 0.5017930404403197 0.42074794788194586
60867 5944.52592 -0.6869424176581911 -0.3151415507696963 0.5824239202345638 0.29929633298621056
60867 6364.52592 -0.7396567559092925 -0.15540821449650286 0.6341838855518199 0.16299377169433968
60867 6784.52592 -0.7557240862572164 0.012002887597492254 0.6545156317038636 0.018609782247773595
60867 7204.52592 -0.7343534061597499 0.1788048331476725 0.6424215914731208 -0.12668230071225084
60867 7624.52592 -0.6766137334604735 0.3367501964235456 0.5985053948700565 -0.2656773479482594
60867 8044.52592 -0.5853816594909552 0.4780211227300936 0.5249445512098778 -0.39148095370086167
60867 8464.52592 -0.4652090611404831 0.5956144705572379 0.4253993614740795 -0.4978547128962993
60867 8884.52592 -0.3220306632395941 0.6837410667993837 0.3047822928225025 -0.5795706682427658
60867 9304.52592 -0.1627593080690109 0.7380736079363882 0.1689166733939649 -0.6326325271073059
60867 9724.52592 0.0045057836617930815 0.7558053522951202 0.02471966742918364 -0.6543140724436797
60867 10144.52592 0.17146711428778239 0.736101768396833 -0.1206382490454888 -0.643583427496478
60867 10564.52592 0.329887883001148 0.6799853340247879 -0.25996306384555057 -0.6010100960851262
60867 10984.52592 0.47196566137538454 0.5902683535432373 -0.38637474364256996 -0.5287213280765116
60867 11404.52592 -0.5907063588411648 -0.4714087023637706 0.49364332522385124 0.43029768814421704
60867 11824.52592 -0.680335346753784 -0.3291373390707013 0.5765583147494064 0.31047212061663604
60867 12244.52592 -0.7363666385562376 -0.17027427134388023 0.6309930891314453 0.1749816207721656
60867 12664.52592 -0.7558066763511292 -0.0027476340182962843 0.6540738353439538 0.03059634633108127
60867 13084.52592 -0.7375665505223334 0.16502326815851798 0.6445493242137373 -0.11540828901115645
60867 13504.52592 -0.6825729141114109 0.3244879529586957 0.602897986910191 -0.2555695652572326
60867 13924.52592 -0.5936809960263759 0.46765975680187966 0.5312827913979783 -0.3828522200399383
60867 14344.52592 -0.4754855187276427 0.5874272805489131 0.4334023800148102 -0.4909226910061412
60867 14764.52592 -0.3340228530545223 0.6779494202269065 0.3142562923729506 -0.5745052653852052
60867 15184.52592 -0.1763510160950821 0.7349338023759953 0.17980172540007267 -0.6296379632698067
60867 15604.52592 -0.010206660544098491 0.7557415208649689 0.03665590438188625 -0.6537636594329691
60867 16024.52592 0.15638584158849547 0.739446279806448 -0.10824717658627885 -0.645790381309726
60867 16444.52592 0.31540359802586154 0.6868183829692688 -0.24791197260406128 -0.6060864072121918
60867 16864.52592 0.4591244585317109 0.6003057375736227 -0.37554244714161517 -0.5364751843366469
60867 17284.52592 -0.5804202454685727 -0.4840079148622926 0.4848133907199272 0.44023249900422473
60867 17704.52592 -0.6731716789750913 -0.3435378848615445 0.5702206533476328 0.3219782893092506
60867 18124.52592 -0.7325942241208927 -0.18581173664057518 0.6273850376741003 0.1875305730114125
60867 18544.52592 -0.7555759957856701 -0.018704502644205808 0.6533400380667344 0.0436102147699838
60867 18964.52592 -0.740918194080317 0.14924539955109437 0.6467442471636793 -0.10241054220284904
60867 19384.52592 -0.6894350494656938 0.3096370394461789 0.6079942787652795 -0.24320191890675832
60867 19804.52592 -0.6037904660920592 0.45452870036140086 0.5390969789612687 -0.37177302333405426
60867 20224.52592 -0.48818109803180343 0.5769142940541055 0.44341918646627665 -0.4819009627652772
60867 20644.52592 -0.3483792136585618 0.670676870918598 0.32572998072949166 -0.56808840681662
60867 21064.52592 -0.19129729227343162 0.7311780707410365 0.19184632155563927 -0.6260822340091112
60867 21484.52592 -0.024627394445401986 0.7554037358059715 0.04833455620875937 -0.6530103047037734
60867 21904.52592 0.1430992496207487 0.7421285378682192 -0.09743471342349576 -0.6475139493938636
60867 22324.52592 0.30362489026239486 0.6921045373115267 -0.23826299422440522 -0.60994588368901
60867 22744.52592 0.44903442534799665 0.6078898673269177 -0.36718857845213515 -0.5422273894852205
60867 23164.52592 -0.5721892052069643 -0.493715832075478 0.4778718432148045 0.4477529364115062
60867 23584.52592 -0.6670570118127713 -0.3552692963481688 0.5648964447782829 0.3312260206272292
60867 24004.52592 -0.7290266847334539 -0.1993538431788619 0.6240401552268606 0.19837344283145017
60867 24424.52592 -0.7550624102944864 -0.03359777158271426 0.6524177156431672 0.05570521178406806
60867 24844.52592 -0.7438470768146075 0.13390973874111733 0.6486103268345172 -0.08980173777978884
60867 25264.52592 -0.6958462820094127 0.2949610085414441 0.6127291854154618 -0.23099545578646247
60867 25684.52592 -0.6133206040794242 0.44159275157540806 0.5464406370914575 -0.36088267969354265
60867 26104.52592 -0.5002567077022818 0.5664796338142656 0.4529244599644343 -0.4729730271785644
60867 26524.52592 -0.3623255908931398 0.6632508150597547 0.3368576003509636 -0.5615563013557043
60867 26944.52592 -0.2064465288501226 0.7270505674515522 0.20406498716293053 -0.6222015622837219
60867 27364.52592 -0.040265059195259904 0.7547377861632225 0.06106885162573285 -0.6519357288157738
60867 27784.52592 0.12814331052986325 0.7448649165032412 -0.08516273707328018 -0.6492325133134154
60867 28204.52592 0.29005563445444316 0.6979103361198816 -0.22703749293740666 -0.6142010000471844
60867 28624.52592 0.4373555181077218 0.6163573606017246 -0.3574247589620396 -0.5486996414193559
60867 29044.52592 0.5627719516465673 0.504434614552254 -0.4698759803522496 -0.4561249973082433
60867 29464.52592 -0.6602161228479988 -0.367838148754194 0.5589271533136874 0.3411893971701075
60867 29884.52592 -0.7250586003603269 -0.21335438613141158 0.6203492183959338 0.20961101878853214
60867 30304.52592 -0.7542564157857065 -0.04853178467449602 0.6512609235695894 0.06783166335637941
60867 30724.52592 -0.746436509545238 0.11868490657608262 0.6502087194356049 -0.07729845625146253
60867 31144.52592 -0.7019138351142051 0.28024289173156247 0.6171883101490049 -0.21876809530783015
60867 31564.52592 -0.622705228054033 0.42827514303139913 0.5536663273109141 -0.3496744183060192
60867 31984.52592 -0.5125402663042375 0.555401286083306 0.46260744869446796 -0.4634935115470186
60867 32404.52592 -0.3767409101539401 0.655176393857479 0.3483900366826619 -0.5544678186229963
60867 32824.52592 -0.22203423404601264 0.7224481290692516 0.21666443301654567 -0.6179207256449302
60867 33244.52592 -0.056195088364864504 0.753725694923985 0.0740564342109613 -0.6505807662442677
60867 33664.52592 0.11244747417155432 0.7474042713131495 -0.07225194640337948 -0.6507857381782587
60867 34084.52592 0.27539170416350883 0.7038358436585179 -0.21486452429995204 -0.618552948951645
60867 34504.52592 0.4244632257986871 0.6253151021849996 -0.3466086542634801 -0.5555847673520177
60867 34924.52592 0.5522646041922497 0.5159246943431836 -0.4609316069501945 -0.4651532762838311
60867 35344.52592 -0.6525603514733243 -0.3812602304478648 0.5522517309150893 0.35188584806033396
60867 35764.52592 -0.7205719495398675 -0.22805617066366146 0.6162183186306605 0.22145300255933167
60867 36184.52592 -0.7531194805795622 -0.06383499193201046 0.649840366461104 0.0802722859666314
60867 36604.52592 -0.7487028457446827 0.10347309689988884 0.651564131977723 -0.06481935599708104
60867 37024.52592 -0.7075090542873831 0.2658215900426831 0.6212840785314789 -0.20682338874470604
60867 37444.52592 -0.6314159740469407 0.415338235136756 0.5603547605328029 -0.338837070728784
60867 37864.52592 -0.5239929357642396 0.5446175687393158 0.47160866009643587 -0.454321888985876
60867 38284.52592 -0.39039552240314157 0.6471375907400638 0.35928544918151767 -0.5474652872513095
60867 38704.52592 -0.2372027311837069 0.717614750733056 0.22890551099870274 -0.6134869198962165
60867 39124.52592 -0.07207778584399666 0.7523781599359951 0.08699570821876894 -0.6489712196936532
60867 39544.52592 0.09651391672902128 0.7496356711378169 -0.05914975393716321 -0.6520987126536528
60867 39964.52592 0.26012171430343284 0.7096301430596844 -0.20218237950863832 -0.6228033712377927
60867 40384.52592 0.4106626360097395 0.6344725946289844 -0.335016354520148 -0.5626408874711534
60867 40804.52592 0.5407805733377749 0.5279555232491486 -0.45114786081864916 -0.4746419120241509
60867 41224.52592 -0.6441303939670732 -0.3953382855901342 0.5449135364674926 0.3631431030447463
60867 41644.52592 -0.7156275393516647 -0.24312849164452305 0.6117113748998294 0.23361283203261995
60867 42064.52592 -0.7516864790719543 -0.07895563396179946 0.648203606672429 0.0925501450185445
60867 42484.52592 -0.7505541619843669 0.08908928104838945 0.6526214447708915 -0.053073531589487855
60867 42904.52592 -0.7122957208605587 0.2527309569172312 0.6247557772987468 -0.19606654021346004
60867 43324.52592 -0.6387952202855378 0.4039033048870678 0.5659704871196973 -0.3293633169482418
60867 43744.52592 -0.5337499401418834 0.535059542818127 0.4792096494560367 -0.44629631289762556
60867 44164.52592 -0.4022243598595604 0.6398518968006065 0.3686439721121271 -0.5412085885512404
60867 44584.52592 -0.2508041382897498 0.712974320941193 0.23980684998973734 -0.6093090977436497
60867 45004.52592 -0.08701412590457606 0.750797447765886 0.099111992299287 -0.6472314480182189
60867 45424.52592 0.08105579279321824 0.7514663885892565 -0.046477444253245966 -0.6531217899067294
60867 45844.52592 0.24512365405641534 0.7149525771675572 -0.18976719790141353 -0.6266941975350857
60867 46264.52592 0.39709580449869025 0.6430526285240414 -0.3236714317351289 -0.5692407603785861
60867 46684.52592 0.5294543537951718 0.5393105893249486 -0.4415569207892262 -0.4835800463133798
60867 47104.52592 -0.6356168622180121 -0.40887799535083263 0.537559558148948 0.3739514819127222
60867 47524.52592 -0.7103116702322153 -0.2582359292252061 0.6069221434317457 0.24579879536183746
60867 47944.52592 -0.7498442218378774 -0.09484880502847522 0.6462281106311677 0.10548258714636109
60867 48364.52592 -0.7522690423303496 0.07320574693672995 0.6535508932558601 -0.04004293310037741
60867 48784.52592 -0.717471449958846 0.23764432795097873 0.6285348210724581 -0.18358613941714627
60867 49204.52592 -0.6471641777167539 0.3903544518772259 0.5724038385054583 -0.31804995620821164
60867 49624.52592 -0.5448094530686309 0.5237890572994259 0.4879075602778623 -0.43677671174656496
60867 50044.52592 -0.41549187693177664 0.6313073758892102 0.3792296748476107 -0.5338561145726106
60867 50464.52592 -0.26563705505254337 0.7075691134267313 0.2517698465813903 -0.6044789897588704
60867 50884.52592 -0.10267307580023068 0.7488050123343757 0.11185040959853451 -0.6451656987792171
60867 51304.52592 0.06534173867570175 0.7529859834394887 -0.03359658071673822 -0.6539218880681744
60867 51724.52592 0.23012810355145785 0.7199100564799299 -0.17738318263742586 -0.6303219598366309
60867 52144.52592 0.38355971596224425 0.6512048576512414 -0.31239710031421597 -0.5755190955803801
60867 52564.52592 0.5180497519624759 0.550259271283931 -0.4319466549648656 -0.4922004430334836
60867 52984.52592 -0.626919299864968 -0.4220720855786257 0.5300968274446276 0.38447977783658305
60867 53404.52592 -0.7047510064232613 -0.27301227344289186 0.6019773243457918 0.2577083981332882
60867 53824.52592 -0.7476895116207287 -0.11047838119124034 0.6440397141308287 0.11818531264078304
60867 54244.52592 -0.7536235167771371 0.05748825537843569 0.6542235541902996 -0.027170509686350163
60867 54664.52592 -0.7222699915984477 0.22260859578396514 0.6320368299073065 -0.17117510905558683
60867 55084.52592 -0.65517582852804 0.3767395952850144 0.5785679200594623 -0.3067100796112632
60867 55504.52592 -0.5556319426967337 0.5122814460727951 0.4964273818526287 -0.4270839716163135
60867 55924.52592 -0.4285926193744088 0.6224713249383381 0.3896897514470368 -0.5262886222069024
60867 56344.52592 -0.28036226321965374 0.7018498290969565 0.26364231601834726 -0.5994135033208781
60867 56764.52592 -0.1182994533625127 0.7464835840048827 0.12454980873078059 -0.6428490050474387
60867 57184.52592 0.04958075824901121 0.7541779348550638 -0.02069313735558311 -0.6544686280148095
60867 57604.52592 0.21500625113322136 0.7245615769094602 -0.16490979819221321 -0.6337093905729329
60867 58024.52592 0.36982555643196346 0.6590940407632174 -0.3009677218112837 -0.5815862220410044
60867 58444.52592 0.50639867797001 0.5609904721464508 -0.42214233623566927 -0.5006455003978559
60867 58864.52592 -0.61792519131932 -0.4351135444862993 0.5224050807224606 0.3948893426935075
60867 59284.52592 -0.6988611440865661 -0.2877199477202655 0.5967782225078946 0.26956647809062145
60867 59704.52592 -0.7451974949561812 -0.12612309032977198 0.6415906050900985 0.1309013180102545
60867 60124.52592 -0.754652602104829 0.04167851349537859 0.6546449281190558 -0.014225671767001796
60867 60544.52592 -0.726770205819978 0.20741464149768266 0.6353086793382494 -0.1586414711929513
60867 60964.52592 -0.6629259474461673 0.3629141856960466 0.5845297479223713 -0.2952074792700654
60867 61384.52592 -0.5662449485198737 0.500516865443173 0.5047814682681949 -0.41718724210559416
60867 61804.52592 -0.4415412439543227 0.6133478052636401 0.4000223585595175 -0.518486173699961
60867 62224.52592 -0.2949472060443939 0.6958414825054527 0.2753931630264332 -0.5941122643318483
60867 62644.52592 -0.13377354694569035 0.7438637039685702 0.13711368738411633 -0.6402899849190673
60867 63064.52592 0.03396879038623225 0.7550418623077716 -0.007925449891596395 -0.6547481154509145
60867 63484.52592 0.200002305298941 0.7288479777311111 -0.15254484519837921 -0.6367964929518546
60867 63904.52592 0.35613915907285887 0.6665924008562681 -0.2895906382910692 -0.5873301735052647
60867 64324.52592 0.49467155866333584 0.5713582999848964 -0.4122900666268161 -0.5087893896779009
60867 64744.52592 -0.6087296874161541 -0.4478855327008657 0.5145536176001453 0.405069490174336
60867 65164.52592 -0.6927314055145777 -0.3021752541696865 0.5913859127318193 0.2812045835395225
60867 65584.52592 -0.7424409922188225 -0.14144441764858343 0.638929417170546 0.14333195618315467
60867 66004.52592 -0.7553477873992077 0.026253869019675392 0.6547960109853966 -0.0016243245462328121
60867 66424.52592 -0.7308380380018911 0.19260282199764178 0.6382247246474622 -0.14645516725866065
60867 66844.52592 -0.6701579809958786 0.3493849487193315 0.5900594310131511 -0.28398645388179017
60867 67264.52592 -0.5763422565911144 0.48885901339978555 0.5126995210477542 -0.4074133888357791
60867 67684.52592 -0.45406110435396846 0.6041420360359231 0.40998420646305356 -0.510640641016835
60867 68104.52592 -0.30926145169539054 0.6896029502881004 0.2869027048516237 -0.5886356796848367
60867 68524.52592 -0.14915163124106848 0.7409383888817511 0.14958454605794524 -0.6374861240529724
60867 68944.52592 0.01824256335925786 0.7555923995405037 0.004928642089063982 -0.6547694579971375
60867 69364.52592 0.18467107206496558 0.7328921950717304 -0.13991046791912393 -0.6396801439094141
60867 69784.52592 0.3419609009493025 0.6739868593506786 -0.2778026433730831 -0.5929841034795769
60867 70204.52592 0.4823808673706701 0.581785156411278 -0.40195793250053424 -0.5169763544632585
60867 70624.52592 -0.5990208682900716 -0.4608051022374031 0.5062633804471813 0.4153673635749173
60867 71044.52592 -0.6860471720671936 -0.3170792017138719 0.5855113794054351 0.29321746558799144
60867 71464.52592 -0.7391683767869283 -0.1577012786834101 0.6358063402236444 0.156558983106082
60867 71884.52592 -0.7557561582792512 0.00948483506484714 0.6546720568962333 0.012131160127334666
60867 72304.52592 -0.7349649238141109 0.1762584216477727 0.6411590653208576 -0.13294578789129866
60867 72724.52592 -0.6777771293732647 0.3343943448584522 0.5958919129033755 -0.27149845885672946
60867 73144.52592 -0.5870874560236272 0.475919084844756 0.5211502012800133 -0.3965246667813204
60867 73564.52592 -0.46739789952755517 0.5938943105391381 0.4206345726979008 -0.5018917290389687
60867 73984.52592 -0.3246276016082913 0.6825099832989944 0.29931001005298746 -0.582417857601684
60867 74404.52592 -0.1654829353256823 0.7374683347100802 0.16287262317140613 -0.6342147601855401
60867 74824.52592 0.0018114739364805373 0.7558179533483494 0.018385162623429395 -0.6545211423275796
60867 75244.52592 0.16896094179151178 0.736682477920546 -0.12696291601951817 -0.6423640282811534
60867 75664.52592 0.32768161895455694 0.6810549411316726 -0.2659509635550154 -0.5983803211533725
60867 76084.52592 0.47012574073458707 0.5917440515657836 -0.3916919933350486 -0.5247839057102297
60867 76504.52592 -0.5892681334153131 -0.47322326600417935 0.497979828688609 0.42525156986521995
60867 76924.52592 -0.6792499139010822 -0.33140399468467047 0.5795900352936282 0.3047397869670877
60867 77344.52592 -0.7356832851316173 -0.17326335954199035 0.6325557665473701 0.1691836706832057
60867 77764.52592 -0.7557963072767117 -0.006561789562153679 0.6542869764215885 0.025247520862932422
60867 78184.52592 -0.738570609662351 0.16053183602267157 0.6436953220118152 -0.11999715240904177
60867 78604.52592 -0.6847957333106026 0.31980134178275027 0.6012478684054178 -0.2593894873958622
60867 79024.52592 -0.5971158835338047 0.4632887368984421 0.5290168401233271 -0.38594993297138946
60867 79444.52592 -0.4799237642500034 0.5838265615197884 0.4306082070430198 -0.4933521040791088
60867 79864.52592 -0.33900242980421447 0.6754900659364741 0.31087177674663036 -0.5763239209250035
60867 80284.52592 -0.18133164454419184 0.7337364884683047 0.1757391465500277 -0.6307656875155527
60867 80704.52592 -0.014703028149269125 0.7556828275673578 0.03190211720849515 -0.6539950611439356
60867 81124.52592 0.15267238288093907 0.7402376165723152 -0.11353165241714659 -0.6448643100809861
60867 81544.52592 0.3125385468393444 0.6881444938574733 -0.2533711138841946 -0.6038045138637794
60867 81964.52592 0.45692738516481324 0.6020012710339105 -0.3806310267454344 -0.5328525648232528
60867 82384.52592 -0.5787453988764808 -0.4860420530060907 0.48905280146300595 0.43548162231041815
60867 82804.52592 -0.6719043873393743 -0.346057547111428 0.5732249281159257 0.31654675823298767
60867 83224.52592 -0.7318554178328168 -0.1887846721360234 0.6290524459560008 0.18177187679071768
60867 83644.52592 -0.7554992553970564 -0.02229256398974069 0.6536618400407755 0.03808038287312969
60867 84064.52592 -0.7417309153938574 0.14525932742807238 0.645899875590043 -0.1074631455751297
60867 84484.52592 -0.6912553928087426 0.3056035059211715 0.6061684328617051 -0.24765360906617953
60867 84904.52592 -0.6065854593149654 0.45082713114688955 0.5364369181272154 -0.3755587986450229
60867 85324.52592 -0.4919322776702951 0.573746158771268 0.4401616197457619 -0.4848460869019341
60867 85744.52592 -0.352970548201108 0.6682949791251735 0.32209950278062566 -0.5701276377155966
60867 86164.52592 -0.19625622048479024 0.7298828168074194 0.1878178861024617 -0.6272790537793328
60868 184.52592 -0.029552711158741116 0.7552454911801916 0.04397648326458657 -0.6532969877741964
60868 604.52592 0.1386542640487714 0.742990357037044 -0.10209118738052661 -0.6467748556262015
60868 1024.52592 0.29977948194945075 0.693798040090445 -0.24290474368971435 -0.6080903117644701
60868 1444.52592 0.44570541202094116 0.6103567750846076 -0.37134702776629336 -0.5393632150719035
60868 1864.52592 -0.5695704026344935 -0.4967599875757174 0.4813712293432845 0.44396037069437727
60868 2284.52592 -0.665299736695518 -0.3585826909145858 0.567587513017219 0.32655647168025514
60868 2704.52592 -0.7281951897446889 -0.20242735992247898 0.6257793360227123 0.1927567176377647
60868 3124.52592 -0.7549632943644127 -0.0360849371082158 0.6529194328892842 0.04923937075008783
60868 3544.52592 -0.7442160437664204 0.1319315116159436 0.6476107014165983 -0.09662782132538947
60868 3964.52592 -0.6965789005794059 0.29326585727649473 0.6101935295875188 -0.23756436743121778
60868 4384.52592 -0.6145204562167289 0.4399475340620873 0.5426062873378045 -0.3665913161892351
60868 4804.52592 -0.5021961534432217 0.5647799806332044 0.4482643486812838 -0.47736953258888853
60868 5224.52592 -0.36522252446757675 0.661672179992005 0.33188149600968964 -0.5644972156286764
60868 5644.52592 -0.21033607796046155 0.7259425670986442 0.1991830200697969 -0.6237725932568022
60868 6064.52592 -0.045099503837438 0.7544699888717482 0.056657005608394706 -0.6523274134673258
60868 6484.52592 0.12245356741084096 0.7458269587997067 -0.08875507164721896 -0.6487447946710911
60868 6904.52592 0.2841455698247117 0.700341836325129 -0.2299344330934972 -0.6131172513636425
60868 7324.52592 0.4320282271239295 0.6201047448096129 -0.35992624823092856 -0.5470601541578104
60868 7744.52592 0.5586448457333467 0.5089985606164542 -0.4721729423025856 -0.4537500569512496
60868 8164.52592 -0.6575815159150531 -0.37251821668404256 0.5609953306088082 0.33778834675061753
60868 8584.52592 -0.7238183832451693 -0.21750954341210602 0.6218981523734999 0.20498593775045526
60868 9004.52592 -0.7540415291760943 -0.05171394265138764 0.6518473880637324 0.061984055108681935
60868 9424.52592 -0.7467502735203453 0.11667053689676193 0.6493653299033825 -0.08412302382215027
60868 9844.52592 -0.7023369009883099 0.2791704912004154 0.6145970348591376 -0.225958401249902
60868 10264.52592 -0.6231139950719765 0.42767406627721377 0.5493506292684233 -0.35642352377717934
60868 10684.52592 -0.5131443913019115 0.5548401220722524 0.45696565531507016 -0.4690604038678889
60868 11104.52592 -0.37799803382659963 0.654450537487228 0.34211719770802057 -0.5583617138005743
60868 11524.52592 -0.2243838798463854 0.7217198552974485 0.21051237672877776 -0.6200458565126566
60868 11944.52592 -0.059844891618232435 0.7534418463917198 0.06862440970850799 -0.6511794402813996
60868 12364.52592 0.10763794171671831 0.7481089312013215 -0.07664966117743191 -0.6502860370646057
60868 12784.52592 0.2699497427750798 0.7059359633151924 -0.21825394276536722 -0.6173708517101302
60868 13204.52592 0.419165583821147 0.6288691062956053 -0.34925783203697197 -0.5539339556731269
60868 13624.52592 0.5478544212333556 0.5205863994113075 -0.46313249567265524 -0.46298339639241226
60868 14044.52592 -0.6495443143674385 -0.38634537694711085 0.5541544921285344 0.34891579534078854
60868 14464.52592 -0.7190391456923236 -0.23279713341603675 0.6176865866837928 0.2173740607024094
60868 14884.52592 -0.7527760112449661 -0.06761684981302449 0.6504917452081578 0.07494483258722187
60868 15304.52592 -0.7490271166073602 0.10099766717338898 0.6509043185128368 -0.07128406521612572
60868 15724.52592 -0.7080087989618805 0.26444723108933765 0.6189241475192693 -0.21383194845318065
60868 16144.52592 -0.6317722647634643 0.4147673613498749 0.5561461942536121 -0.34573581250968066
60868 16564.52592 -0.5241442335618774 0.5444470204598729 0.46570922803920006 -0.46039676286365355
60868 16984.52592 -0.39058033246987633 0.6470040259953435 0.3521879062354767 -0.5520837553623623
60868 17404.52592 -0.23786221127621326 0.7173762258451458 0.22134667675887257 -0.6162779954912943
60868 17824.52592 -0.07359456906256821 0.7522118153196513 0.07971403164711566 -0.649928378713049
60868 18244.52592 0.09415210524569906 0.7499159546530194 -0.06572811049666595 -0.6514915636638677
60868 18664.52592 0.25719589879852695 0.7106738587001836 -0.20786690604962219 -0.6209543345293331
60868 19084.52592 0.4076022712753865 0.6364183029416414 -0.3397657239688639 -0.5598137055735073
60868 19504.52592 0.5380146061264619 0.5307442640057067 -0.45496679284540376 -0.4710159522007682
60868 19924.52592 -0.6419743150979889 -0.39879271654168646 0.5477669989930654 0.3588658005465293
60868 20344.52592 -0.7142750044649243 -0.24701839781108184 0.6135332899640846 0.22884499392672944
60868 20764.52592 -0.7512449614275248 -0.08289168648712361 0.6489439890396456 0.08735946045157024
60868 21184.52592 -0.7509577639227328 0.08546404565388319 0.6521713241468062 -0.05857386503587789
60868 21604.52592 -0.7133606993245113 0.24965322198387402 0.6229963806572423 -0.2016563688562584
60868 22024.52592 -0.640333989020396 0.40142500294894645 0.5628684457256187 -0.3346781473581626
60868 22444.52592 -0.5357124296712906 0.5330687530849891 0.4749374167835055 -0.45087065475489546
60868 22864.52592 -0.40441510266969605 0.6384463115089546 0.36332839513451926 -0.544818510462195
60868 23284.52592 -0.2529427583637339 0.712196495332628 0.23356108201704945 -0.6117559431622165
60868 23704.52592 -0.08885660625934565 0.750561397837522 0.09211722886858954 -0.6482873650980934
60868 24124.52592 0.07962392793141748 0.751598894122091 -0.05389542136117477 -0.6525752186618211
60868 24544.52592 0.24410706281157005 0.7152789950349897 -0.19718344259025317 -0.6244248482527739
60868 24964.52592 0.39637251492330816 0.6434774776370278 -0.33056855074885244 -0.565287536076167
60868 25384.52592 0.5288680809946074 0.5398667765921261 -0.4474227107861201 -0.47817918640391355
60868 25804.52592 -0.6350786334902033 -0.4096928922132486 0.5420019838720512 0.36750607183136486
60868 26224.52592 -0.7098563010151611 -0.25945255130781847 0.6097274875207799 0.23879027721105842
60868 26644.52592 -0.7496134986463346 -0.09656560566714614 0.6473581384993725 0.09839779960937205
60868 27064.52592 -0.7524654830105311 0.0710319909309548 0.6531143193453366 -0.04681708030399406
60868 27484.52592 -0.7182602466367735 0.23520859740828579 0.6267059177469777 -0.1897862652233474
60868 27904.52592 -0.6485905721427457 0.38795738044452205 0.5693471959584306 -0.32351678648942245
60868 28324.52592 -0.5467778468235256 0.5217212921158786 0.48375466969396674 -0.44138679083684457
60868 28744.52592 -0.41775044703764364 0.6298082849601809 0.3740547598928005 -0.5375026742230254
60868 29164.52592 -0.26788290206918836 0.7067192388280323 0.24566236772406805 -0.6069898428586106
60868 29584.52592 -0.10464393479939074 0.7485308274770961 0.10498185424268029 -0.6463203984912772
60868 30004.52592 0.06395365581782855 0.7531035030545253 -0.04106554640369071 -0.6534972566836861
60868 30424.52592 0.22913586652594028 0.7202260861766594 -0.18485688351564528 -0.628171212392721
60868 30844.52592 0.3828884720411819 0.6516034890001213 -0.319398492672143 -0.5716589140209404
60868 31264.52592 0.517562239486314 0.5507254369131719 -0.43798621210479155 -0.48682532740275947
60868 31684.52592 -0.6265075574388659 -0.42269432959810443 0.5347617094549105 0.3779519788259573
60868 32104.52592 -0.7044028790943843 -0.2739268897734342 0.6050060418226543 0.25049617230744253
60868 32524.52592 -0.7475007524336633 -0.11179085539136471 0.645347838548194 0.1107772406370022
60868 32944.52592 -0.7537572529335836 0.055787598389501 0.6538785396116356 -0.03435990324934288
60868 33364.52592 -0.7228738826158863 0.2206559645051555 0.63019015773437 -0.17783323720515024
60868 33784.52592 -0.6563092144426227 0.37477175452179623 0.5753886772277823 -0.31262152384060987
60868 34204.52592 -0.5572378993105682 0.5105471982295007 0.4920709203981165 -0.43208065364061665
60868 34624.52592 -0.43045999938809293 0.6211977608273634 0.3842597841024282 -0.5302470642930783
60868 35044.52592 -0.282244020763518 0.7011117835941825 0.25727773653321795 -0.6021534239153432
60868 35464.52592 -0.11996799787766281 0.7462329908035702 0.11745058657391691 -0.6441656329198466
60868 35884.52592 0.04825949379935104 0.7542786720757098 -0.028218358272809742 -0.6541700316938416
60868 36304.52592 0.21406218291876952 0.7248577677763256 -0.17245421904627786 -0.6316788271515138
60868 36724.52592 0.3691800925970771 0.6594756340727147 -0.30805551811210363 -0.5778405879263656
60868 37144.52592 0.505909425304786 0.5614563107312366 -0.4282736937324686 -0.4953827891485511
60868 37564.52592 -0.6175015102521356 -0.4357495716035197 0.5271736557235012 0.3884612366695039
60868 37984.52592 -0.698498262769028 -0.28865392016781805 0.5999243880125223 0.26243060025119286
60868 38404.52592 -0.7449932493582301 -0.12744698985503278 0.6430257883336296 0.12353201498183079
60868 38824.52592 -0.7547644926368137 0.039988814229565704 0.6544252048793648 -0.021426773201020256
60868 39244.52592 -0.7273338389876425 0.20550053972523138 0.6335682560477753 -0.1653671060541281
60868 39664.52592 -0.6639878872633627 0.36100522292726295 0.5814208889707542 -0.3012392146703864
60868 40084.52592 -0.567739397586684 0.49884926316883804 0.5004458806768498 -0.4223450124926169
60868 40504.52592 -0.4432529905687436 0.6121385072370996 0.3945519103560815 -0.5226299114514661
60868 40924.52592 -0.2967014739440939 0.6951199690771873 0.26898246146861843 -0.5970133159082931
60868 41344.52592 -0.13539567583746837 0.7435925993281628 0.13000692956939855 -0.641744696474259
60868 41764.52592 0.032606934419364436 0.755123205708364 -0.01541654694576596 -0.654589995423673
60868 42184.52592 0.19895907070781715 0.7291556335389985 -0.16004319989573831 -0.6349279679054596
60868 42604.52592 0.35537114685742965 0.6670264593855698 -0.29664793340332246 -0.583769692659977
60868 43024.52592 0.49408498443741095 0.5718949475489908 -0.4184424613936169 -0.5037083517515586
60868 43444.52592 -0.6082603622332814 -0.448560372698852 0.5194162995165588 0.39877265650571986
60868 43864.52592 -0.6923079103706482 -0.3031989278533015 0.5946319518709289 0.27421343730934183
60868 44284.52592 -0.7421658828637768 -0.14299378959595913 0.6404643501394545 0.13619102265003938
60868 44704.52592 -0.7554367594764071 0.024219912521160476 0.6547182313912768 -0.008528525847466507
60868 45124.52592 -0.7314633046457389 0.1902953762853578 0.6366935433164292 -0.15287392066771652
60868 45544.52592 -0.6713585479349538 0.34711329344141545 0.5872155200332665 -0.2897723152114165
60868 45964.52592 -0.5779717621654177 0.4869572394396214 0.5086122238445943 -0.412474114160636
60868 46384.52592 -0.4558286738452674 0.602828766231821 0.4046745914197138 -0.5148360649402614
60868 46804.52592 -0.31100270474242697 0.6888348601234656 0.28056451340087324 -0.5916649448308658
60868 47224.52592 -0.150730060768537 0.7406311357557972 0.1424888841117654 -0.6390953664629205
60868 47644.52592 0.01699546916300418 0.7556324544167539 -0.002654986749212714 -0.6547699587682712
60868 48064.52592 0.18383205481655487 0.7331135111377131 -0.14762909077785114 -0.6379310362142311
60868 48484.52592 0.34147300418498705 0.6742435374207535 -0.28519460155344944 -0.5894538819144362
60868 48904.52592 0.48210715046316965 0.5820199313712398 -0.4085193813691299 -0.5117982121937155
60868 49324.52592 -0.598804303330706 -0.4610948781418546 0.5115187199834743 0.40886858374108914
60868 49744.52592 -0.6858473225553996 -0.3175255171814423 0.589152261170608 0.28581569103148774
60868 50164.52592 -0.7390259998179812 -0.15839413341259476 0.6376788657021155 0.1487196501151403
60868 50584.52592 -0.7557726554565575 0.0085151337726987 0.6547646064314824 0.004300688968373947
60868 51004.52592 -0.7352543007598474 0.17506750076268945 0.6395660705530081 -0.14038420419775968
60868 51424.52592 -0.6784107092897125 0.333116333553546 0.5927674123123818 -0.2782430821087105
60868 51844.52592 -0.5879251403313112 0.47488559845400447 0.5165620334488651 -0.4024815068379712
60868 52264.52592 -0.4681846821721841 0.5932720155302303 0.41462598511097865 -0.5068695211183836
60868 52684.52592 -0.3251505574790619 0.6822560454048177 0.29202634562216095 -0.5861095605278938
60868 53104.52592 -0.16597190826517672 0.7373512795747538 0.15489151824866806 -0.6362193283380437
60868 53524.52592 0.0014615993865993607 0.7558106333602607 0.010028438435284049 -0.6547118302347564
60868 53944.52592 0.1688686836477432 0.7366939026021163 -0.13537854471521554 -0.6406544397588548
60868 54364.52592 0.3277300037411498 0.68101800846554 -0.2739064224810344 -0.5947964261132517
60868 54784.52592 0.4701782691559151 0.5916856087194687 -0.3986714876839711 -0.5195205294843208
60868 55204.52592 -0.5892288529192331 -0.47325265595906985 0.5035535016096739 0.41865875547014053
60868 55624.52592 -0.6791097383903315 -0.33165871824408855 0.5834756175197239 0.2972686690454959
60868 56044.52592 -0.7355228484732478 -0.1738747284445725 0.6346234237197396 0.16132832438341962
60868 56464.52592 -0.7557700115040411 -0.007573114638131229 0.6545604640065289 0.017462434120616734
60868 56884.52592 -0.7388407635855057 0.1592039639281772 0.642300362405894 -0.1273525358491137
60868 57304.52592 -0.685455443469748 0.31834753278144606 0.5983464445962129 -0.2660586695237133
60868 57724.52592 -0.598078642503984 0.4620191016033787 0.5247111963040546 -0.3918143024538108
60868 58144.52592 -0.48090217526877216 0.5829948257642449 0.4249116800767119 -0.49829729588697036
60868 58564.52592 -0.33970184649763113 0.6751141304150952 0.3038483962591631 -0.5800859578465113
60868 58984.52592 -0.18154374129950648 0.7336613145718806 0.16758001450894636 -0.6330085972819164
60868 59404.52592 -0.014354600676580597 0.7556670655636023 0.022950944776787278 -0.6543962756585364
60868 59824.52592 0.1535581091201049 0.7400301348432117 -0.12283380615476383 -0.6431851698484115
60868 60244.52592 0.3138177964023576 0.6875348225270126 -0.2624759808874751 -0.5999338446287854
60868 60664.52592 0.45840455646713074 0.600846795037033 -0.38897224020554483 -0.5268291828034763
60868 61084.52592 -0.5800805509880277 -0.484408751494428 0.4959889648972819 0.42760924047681487
60868 61504.52592 -0.6728471680603217 -0.3441655777419051 0.5782506524879973 0.3073319482709064
60868 61924.52592 -0.7322488475926477 -0.18714860804589553 0.6318159854002335 0.17203367199026748
60868 62344.52592 -0.7555052198258606 -0.021134368039294665 0.6541841386613287 0.0284308639930831
60868 62764.52592 -0.7415961492594356 0.145802807576124 0.6443687620971706 -0.1164714176948854
60868 63184.52592 -0.6912308454468276 0.30559386427565766 0.6028729212698778 -0.25564926993726894
60868 63604.52592 -0.6068106121278593 0.4504840733616536 0.5316627557273296 -0.3823345326136876
60868 64024.52592 -0.4923748513008943 0.5733385892529282 0.4341305263408604 -0.49028619599055784
60868 64444.52592 -0.3534444330177175 0.6680235013918946 0.31496968637723505 -0.5741217040143352
60868 64864.52592 -0.19682624637249532 0.7297123962823356 0.18001506950710933 -0.6295822600750087
60868 65284.52592 -0.030275227745137422 0.7552013630252957 0.03596024747847656 -0.6538051487033445
60868 65704.52592 0.13786903639469913 0.7431200454707596 -0.1099623736679382 -0.6455021326072022
60868 66124.52592 0.29899783325295787 0.694117528542997 -0.2502580852097131 -0.6051215109930947
60868 66544.52592 0.445094341717159 0.610780731383909 -0.3779351985179068 -0.5347923997802666
60868 66964.52592 -0.5692366323634553 -0.4971147322982685 0.48693575492875596 0.43788145642342013
60868 67384.52592 -0.6651451272241258 -0.35883261013907763 0.5717519658661849 0.31925038317742244
60868 67804.52592 -0.7281022558952499 -0.20269828471756943 0.6282243229280954 0.1847016795114201
60868 68224.52592 -0.7549302159299653 -0.03639613657089033 0.6535176846276751 0.04086962438696266
60868 68644.52592 -0.7442648632037424 0.1315496092564435 0.64635136044262 -0.1048543397230939
60868 69064.52592 -0.6967592649917225 0.29279082987652344 0.6071855734283557 -0.24520549750951814
60868 69484.52592 -0.6148900216112694 0.4394027628256909 0.538057813415306 -0.3732683522169833
60868 69904.52592 -0.5027906244955728 0.5642326740403211 0.44244770193106636 -0.48278681477498836
60868 70324.52592 -0.36602391200781664 0.661218846165043 0.3250922842582067 -0.5684462507840514
60868 70744.52592 -0.21128290591564203 0.7256622931725982 0.1917356841748165 -0.6261079757911915
60868 71164.52592 -0.04608920989595371 0.7544066775076886 0.04887088978456862 -0.6529609374186496
60868 71584.52592 0.12153703701044803 0.7459729083900845 -0.09654506389316228 -0.6476358693128609
60868 72004.52592 0.2833926927157944 0.7006433366210755 -0.23737721300693024 -0.610278260557297
60868 72424.52592 0.4314615198143437 0.6204976044933965 -0.36663971329087264 -0.5425854774829858
60868 72844.52592 -0.5582715310314011 -0.509411029230161 0.47780381359933877 0.4478133725654602
60868 73264.52592 -0.6573607980810127 -0.37291833775685296 0.5652115119822575 0.33067301255725473
60868 73684.52592 -0.7237064829967763 -0.2179028525940375 0.6244439894261504 0.19707099575881645
60868 74104.52592 -0.7540232695229595 -0.052051844811678745 0.6525809121207481 0.05364389625353175
60868 74524.52592 -0.7468179087063713 0.116265356061417 0.648241078056193 -0.09235195144607761
60868 74944.52592 -0.7025661334878057 0.2786041813271197 0.6117395789505048 -0.2335706012504554
60868 75364.52592 -0.6236201159222307 0.4269429451927267 0.5450128728782058 -0.3630132793223256
60868 75784.52592 -0.5140214684906949 0.5540340844787613 0.45146770886224374 -0.47434699432074673
60868 76204.52592 -0.37925921607858537 0.6537256767684161 0.33578377685218164 -0.5621871945855913
60868 76624.52592 -0.22594845166870162 0.7212371957002326 0.20363895806302804 -0.622330603044704
60868 77044.52592 -0.061532771931307094 0.7533120702850526 0.0614584979976808 -0.6518876404451666
60868 77464.52592 0.10604842038151494 0.7483418070705702 -0.0838695379895954 -0.6493875367778095
60868 77884.52592 0.268649834160745 0.706438999767725 -0.22526537743835692 -0.6148387723136327
60868 78304.52592 0.41826604195316636 0.6294794715689811 -0.35575401570091764 -0.5497710371916109
60868 78724.52592 0.547353936500802 0.5211336466679682 -0.46875103871230583 -0.4572700014365204
60868 79144.52592 -0.6493347911170229 -0.3867342213949412 0.5585009688740864 0.3418737176411309
60868 79564.52592 -0.7189829971104494 -0.2330324380617068 0.6204192492000093 0.20937833674759396
60868 79984.52592 -0.7527760209012606 -0.06781941600770407 0.6513871752334569 0.06650967681335317
60868 80404.52592 -0.7491078523446126 0.1005286703201496 0.6499353122083071 -0.07947013240202214
60868 80824.52592 -0.7083087135879508 0.2636924420262213 0.6162635957805469 -0.22132384143887665
60868 81244.52592 -0.6325419969610132 0.41362561453809454 0.5521543918832176 -0.3520369307368637
60868 81664.52592 -0.5256678199240592 0.543003506077681 0.46086410302580716 -0.4652148041774367
60868 82084.52592 -0.3930232037340639 0.6455471352676241 0.3469432407100234 -0.5553665863193457
60868 82504.52592 -0.24111214601723707 0.7163118899700587 0.2159769471629362 -0.6181554558722775
60868 82924.52592 -0.07732084809280625 0.7518577278528767 0.07434258154643686 -0.650541792729053
60868 83344.52592 0.09041785356469755 0.7503949793508112 -0.07108231334443765 -0.65090651513981
60868 83764.52592 0.2539284044936231 0.7118685443116793 -0.21319376995463746 -0.619121924553979
60868 84184.52592 0.40515727116508643 0.6380007928384439 -0.3449739843114211 -0.5565927812214969
60868 84604.52592 0.5364708550694913 0.532334358720242 -0.45976383476825083 -0.46630072745612333
60868 85024.52592 -0.641194643686841 -0.4000857834106919 0.5517332774990211 0.35269134568365296
60868 85444.52592 -0.7139885400294592 -0.24790850438479342 0.6162053255285745 0.22147852029151613
60868 85864.52592 -0.7511963381228289 -0.08351582640790912 0.6499522230175458 0.0793175650458763
60868 86284.52592 -0.7510401395083777 0.08491346941709443 0.6513674545785278 -0.0666997052068302
60869 304.52592 -0.7136152380512151 0.24898471597342695 0.6204564398441811 -0.2092694662119242
60869 724.52592 -0.640892969858791 0.40056929717304207 0.558844058500787 -0.3413118187614412
60869 1144.52592 -0.5365853999374098 0.5322174363823556 0.46966524406377397 -0.4563280262082517
60869 1564.52592 -0.40593358416926956 0.637503438442733 0.3573925272048632 -0.5487056339380016
60869 1984.52592 -0.25538439776714783 0.711342055007886 0.22756408340952822 -0.613991757352043
60869 2404.52592 -0.09230454104179206 0.7501594228509297 0.08654174993989844 -0.6490387026428888
60869 2824.52592 0.0753867040108376 0.7520495293205492 -0.058814563199707404 -0.6521343400425639
60869 3244.52592 0.2395317382857453 0.7168378935261223 -0.2014137831332702 -0.623057355885303
60869 3664.52592 0.3920816948894615 0.6461155373390619 -0.33424079357666225 -0.5631072267791504
60869 4084.52592 0.5253806530648106 0.5432758425115642 -0.4506247117096226 -0.47514618542629894
60869 4504.52592 -0.632719203198218 -0.41334384727563034 0.5447109070226955 0.3634601788285823
60869 4924.52592 -0.7086310493384331 -0.2628038786321 0.6117181412557863 0.23361736439743006
60869 5344.52592 -0.7492771646751766 -0.09920823678483875 0.6482690870701372 0.09213385371090564
60869 5764.52592 -0.7526259875075078 0.06940359720182372 0.652548284456769 -0.05401851605073341
60869 6184.52592 -0.7185169385715479 0.2344499086466932 0.6243476373513868 -0.1973744589734672
60869 6604.52592 -0.6487745613168067 0.3876656938677998 0.5651722244285916 -0.330737411129464
60869 7024.52592 -0.5468408622608122 0.5216684982817449 0.47793074221027754 -0.44767092256774266
60869 7444.52592 -0.417840508136758 0.629757995891815 0.3670008117311797 -0.542332536880276
60869 7864.52592 -0.2681436968047805 0.7066257668361781 0.23785856669665525 -0.6100838350227467
60869 8284.52592 -0.10494557187360216 0.7484915665443587 0.09671551498669295 -0.6476055210673805
60869 8704.52592 0.06347120854956727 0.7531463865152905 -0.0492540185353708 -0.652928761674913
60869 9124.52592 0.22867541191639543 0.7203727794286027 -0.19272246213486574 -0.625802418684885
60869 9544.52592 0.38246171889945735 0.651850752396793 -0.32654294940302336 -0.5676119558037709
60869 9964.52592 0.5171862424956112 0.5510701195013555 -0.44405131899036 -0.4813091938338123
60869 10384.52592 -0.6262026656282796 -0.42312977200289903 0.5394491400902828 0.37124930014838575
60869 10804.52592 -0.7041953886478296 -0.27443488925928633 0.6080921434572801 0.24293680501296275
60869 11224.52592 -0.7474085583115896 -0.11235059797823488 0.6466865812693136 0.10273390726888461
60869 11644.52592 -0.7537914665694737 0.055206203136476825 0.6534104511474921 -0.04249096837596208
60869 12064.52592 -0.7230372018439144 0.22008959501756656 0.6279414684571938 -0.1856536751765214
60869 12484.52592 -0.6565935856252193 0.37425493426361917 0.5714692345057597 -0.3197514996189273
60869 12904.52592 -0.5576297271380511 0.5101042012419963 0.48667386548167757 -0.4381681640013678
60869 13324.52592 -0.43093857906007965 0.6208546516513298 0.3776467297259797 -0.5349900841397515
60869 13744.52592 -0.28277958544422116 0.7008868672316875 0.2497704051703657 -0.605316487549428
60869 14164.52592 -0.12052616935063648 0.7461342420304276 0.10941638922931449 -0.6455890249526863
60869 14584.52592 0.04770440467394671 0.7543046044173973 -0.03637834183459613 -0.653777844359063
60869 15004.52592 0.21353345454930317 0.7250024167805973 -0.18033576798152195 -0.6294870691579364
60869 15424.52592 0.3686952206981443 0.6597320776904971 -0.3152599663957723 -0.5739586862211105
60869 15844.52592 0.5054841845637001 0.561817781654597 -0.43443823730715353 -0.49001014003603227
60869 16264.52592 -0.6171535939378612 -0.4362103528144056 0.53199069769355 0.3818741509380323
60869 16684.52592 -0.6982533460137893 -0.28920169836272663 0.6031594337907644 0.2549575256270471
60869 17104.52592 -0.7448713568362518 -0.128062409613737 0.6445271587810644 0.11554835612181327
60869 17524.52592 -0.7547824086284138 0.03933374921823735 0.6541289459754931 -0.029524461629593872
60869 17944.52592 -0.7275009658606402 0.20484428644834038 0.6314972305572519 -0.17318317117961235
60869 18364.52592 -0.6643011733695631 0.3603904991392806 0.5776803020270734 -0.3083960243580826
60869 18784.52592 -0.5681875122308291 0.49831017603737665 0.49522228393923445 -0.42849131717287847
60869 19204.52592 -0.4438154115594567 0.6117054186942401 0.38810502773783423 -0.5274645472892271
60869 19624.52592 -0.2973405286512842 0.6948228219373913 0.2616226624909729 -0.6003027891051893
60869 20044.52592 -0.13606511718872752 0.7434477993171755 0.12208288045574003 -0.6433252862079152
60869 20464.52592 0.031937155270572205 0.7551291578518077 -0.023508711220290086 -0.654375514190441
60869 20884.52592 0.19832588157921785 0.7293039550964343 -0.16790386733157364 -0.6329224890234392
60869 21304.52592 0.3547960770482103 0.6673063606361891 -0.3038765561646646 -0.5800698262961006
60869 21724.52592 0.4935855929703642 0.5722982399870482 -0.42466913701303133 -0.4985018665846981
60869 22144.52592 -0.6078536574975586 -0.4490809396165096 0.524326067897201 0.392329472845787
60869 22564.52592 -0.6920165568620215 -0.30382253039958607 0.5979869961173534 0.2668642117725223
60869 22984.52592 -0.742013039213918 -0.14370065773648744 0.6421085485406332 0.128309713169607
60869 23404.52592 -0.7554443545066141 0.023459436482641406 0.6545835351181915 -0.016549248809948687
60869 23824.52592 -0.7316454745454354 0.18952401920796394 0.6347983374288066 -0.16064437904286274
60869 24244.52592 -0.6717150685889972 0.3463852817719553 0.5836579050923795 -0.29691674426582426
60869 24664.52592 -0.578489639744477 0.48631689903171105 0.5035697364226668 -0.4186443968139209
60869 25084.52592 -0.45648663239613096 0.6023114461888057 0.39839986096219376 -0.5197291862296112
60869 25504.52592 -0.31175269584478216 0.6884795984044754 0.2733549231934077 -0.5950488931005998
60869 25924.52592 -0.1515110889606644 0.7404576518833847 0.13467935404683598 -0.6408028770868814
60869 26344.52592 0.01621539070203896 0.755635510309501 -0.010667985449729082 -0.6547046897266923
60869 26764.52592 0.1831013842338561 0.7332819787390259 -0.1554493117935989 -0.6360872064513804
60869 27184.52592 0.3408173743752881 0.6745624163032792 -0.2924211297448271 -0.5859171841768898
60869 27604.52592 0.48154485526375357 0.5824764557258647 -0.4147810449160933 -0.50674689507915
60869 28024.52592 -0.5983501537317648 -0.46167725565039336 0.5164992443700608 0.40256643639212036
60869 28444.52592 -0.6855226556606369 -0.3182152922447226 0.5926097607893566 0.2785882046583724
60869 28864.52592 -0.7388539520263191 -0.15917150424246762 0.6394500473602013 0.1409358249109015
60869 29284.52592 -0.7557763716856751 0.007679198906268998 0.654774601066137 -0.0036507128721959994
60869 29704.52592 -0.7354498773722821 0.17421625605850885 0.6378275252320713 -0.14811556992559133
60869 30124.52592 -0.6787999791016675 0.3323080800256733 0.5893728036001571 -0.28537979377965306
60869 30544.52592 -0.5884947276829295 0.47417467045514383 0.511679584452972 -0.4086763269901798
60869 30964.52592 -0.46891034978298674 0.592699360322954 0.4084995653517079 -0.5118189692133575
60869 31384.52592 -0.325977319996227 0.6818663855539393 0.28494188218029753 -0.5895804804089375
60869 31804.52592 -0.16683131655436229 0.7371634939929693 0.14718008140377384 -0.6380402170543752
60869 32224.52592 6.931157075446615E-4 0.7558173816291264 0.0020084222942230675 -0.6547790249067205
60869 32644.52592 0.16812403356030484 0.7368704720482475 -0.14320828389951812 -0.6389425672040966
60869 33064.52592 0.32727841805644686 0.6812450206074877 -0.28135676377981633 -0.5912972437339125
60869 33484.52592 0.4702067167532389 0.5916764119932859 -0.40552365286482334 -0.5141743225580805
60869 33904.52592 -0.5896841693027732 -0.4727040353098528 0.5094279144061128 0.41146892409915714
60869 34324.52592 -0.6797442514517189 -0.3303867617313407 0.5878893402316706 0.2884067681816634
60869 34744.52592 -0.7359986515978266 -0.17190971033390348 0.6370955956466764 0.1512026400123395
60869 35164.52592 -0.755803245211674 -0.005197217287948254 0.654743577220932 0.006729899546176773
60869 35584.52592 -0.7383363697526901 0.1615814007895869 0.6401023268323487 -0.137912534612002
60869 36004.52592 -0.6845450244729666 0.32032518054857906 0.5939638048053814 -0.27567532852422705
60869 36424.52592 -0.5970761760770874 0.46333501448575465 0.5185865503550382 -0.39986084342369643
60869 36844.52592 -0.48017133287434904 0.5836214104911392 0.4176148991045173 -0.5043999765542502
60869 37264.52592 -0.33948614508573555 0.6752466025985946 0.2959260177388726 -0.5841395167244682
60869 37684.52592 -0.18187800282983071 0.7336003642951598 0.1594522185592821 -0.6350794340782606
60869 38104.52592 -0.015078751070537482 0.7556733071269021 0.01490196417175202 -0.6546055420066862
60869 38524.52592 0.1526521476403006 0.7402384880141096 -0.13054623679637398 -0.6416400725809555
60869 38944.52592 0.3129149445394134 0.6879698117716612 -0.26959156500524245 -0.5967429628012259
60869 39364.52592 0.45744565595037 0.601604896822508 -0.39504996440080054 -0.5222552494693008
60869 39784.52592 -0.5794204157521566 -0.4852349552892943 0.5009933391900888 0.42169265355488383
60869 40204.52592 -0.6726194239575978 -0.3446625211314291 0.5820258566246246 0.30006125918326804
60869 40624.52592 -0.7323184610873632 -0.1869717282567245 0.6340518934094809 0.1634914090929001
60869 41044.52592 -0.7555583681717205 -0.020042238333917176 0.6545041685609797 0.018818987872733398
60869 41464.52592 -0.7412182266884766 0.1478251718273758 0.6424016688132866 -0.12674129123889097
60869 41884.52592 -0.6900745254717225 0.30824556245909945 0.5983977155807007 -0.26589847029843816
60869 42304.52592 -0.6047695292429381 0.4532516789136635 0.5247551157222446 -0.39172541477998807
60869 42724.52592 -0.4896488921488787 0.5756943719075978 0.425211143351092 -0.49801148193726347
60869 43144.52592 -0.3505138939981308 0.6695896879061722 0.30477559065223353 -0.5795700986995138
60869 43564.52592 -0.19423854912798857 0.7304264826791109 0.16940242281537116 -0.632496133251389
60869 43984.52592 -0.028466952589752095 0.7552903042847923 0.02572706798218781 -0.6542662354398847
60869 44404.52592 0.13875435073002715 0.7429735310108302 -0.11926033895294194 -0.6438280313279447
60869 44824.52592 0.29929218198827917 0.6940097731194255 -0.25848850274149027 -0.6016297188187107
60869 45244.52592 0.4452743962611847 0.6106713785095882 -0.38511636829094975 -0.5296192617133804
60869 45664.52592 -0.5693817664986524 -0.49697461381709 0.492789161186465 0.43125338238368477
60869 46084.52592 -0.6653455456074799 -0.35849746776907565 0.576071340699002 0.31134656087501555
60869 46504.52592 -0.7282762214645081 -0.2021363062349162 0.6307327006048813 0.17587188330928874
60869 46924.52592 -0.7549842939370915 -0.035608842622101775 0.6540158079292782 0.03152854601847855
60869 47344.52592 -0.7441022906330573 0.132555503240291 0.6447349402068302 -0.11427019082790338
60869 47764.52592 -0.696264631872224 0.2940022172082052 0.6034303241656506 -0.2542638443779095
60869 48184.52592 -0.6139673704807503 0.4407122291514428 0.5322474752677123 -0.3814831898425738
60869 48604.52592 -0.5014200324514372 0.5654656383753764 0.43481240452629777 -0.48965777410676
60869 49024.52592 -0.3642971711792664 0.662182273774172 0.31603013354684045 -0.573521718909073
60869 49444.52592 -0.20937064508225148 0.7262229224779536 0.18176974445499508 -0.6290659423670844
60869 49864.52592 -0.04421037615418317 0.7545235509910737 0.038598390285216895 -0.6536434945040883
60869 50284.52592 0.1231835387662368 0.7457061081473965 -0.1065318931174185 -0.6460643712491111
60869 50704.52592 0.2846831185093186 0.7001209422736147 -0.24655388527833014 -0.6066278677079345
60869 51124.52592 0.43237296190764796 0.6198607177070212 -0.3745850579474211 -0.5371334534521859
60869 51544.52592 -0.558849962804658 -0.5087729235848427 0.48419738035141624 0.44089650504510713
60869 51964.52592 -0.6577131421063735 -0.37229340770504404 0.5698498525977524 0.32261770995134
60869 52384.52592 -0.7239088114259932 -0.21722279199313005 0.6271788170332417 0.18819410948087248
60869 52804.52592 -0.7540676867595618 -0.0513596693433082 0.6532786634924064 0.0443970266527479
60869 53224.52592 -0.7466984604194273 0.11700622926947088 0.6468653426015181 -0.10156859780669182
60869 53644.52592 -0.7022341880722415 0.279429851533312 0.6083139888098424 -0.24236376419103972
60869 54064.52592 -0.6229993873777795 0.42783916794439336 0.5396311644837865 -0.37097657071226653
60869 54484.52592 -0.5130519407932422 0.5549200360091121 0.44432145443832105 -0.4810612277140488
60869 54904.52592 -0.37794598923417994 0.6544722853262377 0.3271880389699001 -0.5672484853366115
60869 55324.52592 -0.2243675895761411 0.7217164136955306 0.19402496190478344 -0.6254109985506341
60869 55744.52592 -0.059832905306899845 0.7534340401210957 0.05135905760448848 -0.652778230206337
60869 56164.52592 0.10768509474017586 0.7480917712215638 -0.09387914877693115 -0.648034974076478
60869 56584.52592 0.27005953909371966 0.7058815628819497 -0.23462207706384658 -0.6113522270198009
60869 57004.52592 0.4193463390045893 0.6287378579241755 -0.3639591625802514 -0.5443997446272816
60869 57424.52592 0.548074482372549 0.5203497824896313 -0.4754144148488356 -0.45036829349877106
60869 57844.52592 -0.6497483689298672 -0.3859999942616091 0.5633705317982666 0.33383334974857315
60869 58264.52592 -0.7191744464453386 -0.23237083581581142 0.6233431878001745 0.20058708947840714
60869 58684.52592 -0.752812051745171 -0.06716051661292917 0.6522869143507775 0.05731719743891908
60869 59104.52592 -0.7489747559704085 0.10133949699332312 0.6487585268823732 -0.08876651995893649
60869 59524.52592 -0.707919419550805 0.2646706214105029 0.6129897165232822 -0.23031101802070963
60869 59944.52592 -0.6317995787065966 0.4147201187975619 0.5468473959128446 -0.36026995571937936
60869 60364.52592 -0.5245192346355844 0.5440826036847429 0.4537134560931713 -0.4722264209305973
60869 60784.52592 -0.3915054157210176 0.6464422783463096 0.33828490682288676 -0.5607131281175574
60869 61204.52592 -0.23935333420819 0.7168784214357621 0.20627991075160812 -0.6214852441558859
60869 61624.52592 -0.07551954180843588 0.7520187726614095 0.06417980603419628 -0.6516483076532035
60869 62044.52592 0.09205493271279193 0.7501728522316569 -0.0811099285757381 -0.6497597714727364
60869 62464.52592 0.2552478124123546 0.7113713322473821 -0.22252331183659907 -0.6158593651188262
60869 62884.52592 0.40608066508141727 0.6373854361501637 -0.35312966606709495 -0.5514868431558827
60869 63304.52592 0.5370225003927085 0.5317427454956716 -0.466403083241858 -0.4597006097746416
60869 63724.52592 -0.6414815218006228 -0.3995787220048608 0.5566399894234006 0.3449495967297768
60869 64144.52592 -0.7141204518065397 -0.24745344466455044 0.6192415071659152 0.21292892907765654
60869 64564.52592 -0.7512291997023955 -0.0829871964101393 0.6510231316278098 0.07026163129335024
60869 64984.52592 -0.7509217762305627 0.08572167621453551 0.6503775638035068 -0.07600858313850192
60869 65404.52592 -0.7132553675674014 0.24993555175718432 0.6173736117656141 -0.21828610606175494
60869 65824.52592 -0.6400964619336226 0.40179596930764727 0.5536375505385538 -0.34974559482837947
60869 66244.52592 -0.535029574733888 0.5337529495086172 0.4622789673768631 -0.463841890488459
60869 66664.52592 -0.40335767115376836 0.6391184662600482 0.3478981179561297 -0.5547946239189733
60869 67084.52592 -0.2517736908761853 0.7126162070512996 0.21630696385800885 -0.6180610385851323
60869 67504.52592 -0.08786784969795898 0.7506825418569862 0.07410307468960986 -0.6505871937428043
60869 67924.52592 0.08014734350108854 0.7515464926787008 -0.07157000827987345 -0.6508701918100727
60869 68344.52592 0.24400939894770038 0.7153145134704973 -0.21352470555197306 -0.6190248461593372
60869 68764.52592 0.3957291612087808 0.6438745435022388 -0.3448290330887841 -0.5567018422260094
60869 69184.52592 0.5279364204872294 0.5407782514311471 -0.45909361956551836 -0.46698508239175424
60869 69604.52592 -0.6341871658905901 -0.4110733378023548 0.5507516939056434 0.3542568577003932
60869 70024.52592 -0.7092659388445597 -0.2610664106051113 0.6153145975020925 0.22399576636522925
60869 70444.52592 -0.7494213874415627 -0.09805275254873394 0.6495686964749421 0.0825454439846588
60869 70864.52592 -0.7525612577409309 0.07000714199057576 0.6517362921860111 -0.06316928735809826
60869 71284.52592 -0.7183851437595675 0.2348250113075966 0.6215850323710337 -0.20594185301252782
60869 71704.52592 -0.648460800595247 0.3881741550450766 0.5604920562907937 -0.3386267418284177
60869 72124.52592 -0.5462044759029296 0.5223241929090512 0.4714294986693758 -0.4545242961491226
60869 72544.52592 -0.4167661169693238 0.6304634041143855 0.3588724948976396 -0.5477521631401894
60869 72964.52592 -0.2667173142356799 0.7071634594897763 0.22853141610842762 -0.6136408621505204
60869 73384.52592 -0.10359472559050285 0.7486798184482407 0.08695967130652466 -0.6489874250279422
60869 73804.52592 0.06441316341271128 0.7530659518229136 -0.05871613861532393 -0.6521464802100235
60869 74224.52592 0.2290338741519748 0.720258904132179 -0.20130130510035527 -0.6230958032872181
60869 74644.52592 0.38223236089067525 0.6519885812107337 -0.3338228924801658 -0.5633574253659313
60869 75064.52592 0.5165646544655058 0.5516625217847393 -0.449832067543678 -0.47589970668662385
60869 75484.52592 -0.625488606249042 -0.4242036211980578 0.543680431519342 0.3650025747827371
60869 75904.52592 -0.7036709178103857 -0.27581074857564986 0.6107813711476923 0.2360546272729558
60869 76324.52592 -0.7472162598003038 -0.1136990262574298 0.6478052243154296 0.09533511350910005
60869 76744.52592 -0.7538736193508939 0.054223594759281485 0.6528450836435115 -0.050275884683030396
60869 77164.52592 -0.7231696907294564 0.21968933808351018 0.6255283057521996 -0.1935885633126971
60869 77584.52592 -0.6564781054023063 0.3744775740340038 0.5670728741215573 -0.3274620575097548
60869 78004.52592 -0.5570519739655312 0.5107522778562776 0.48031786443213265 -0.44510668167652173
60869 78424.52592 -0.42990252203381607 0.6215880117770837 0.3696250803868402 -0.5405455254768079
60869 78844.52592 -0.2814886364843464 0.7014201991684406 0.24061392089380587 -0.6089981878468917
60869 79264.52592 -0.11928306436077532 0.7463471568628322 0.09978461480686958 -0.6471325232495388
60869 79684.52592 0.048572629244562904 0.7542614719406209 -0.045774293649164646 -0.6531730595142136
60869 80104.52592 0.21382132165940623 0.7249303889059466 -0.18888533181233735 -0.6269598911179572
60869 80524.52592 0.36840471373468553 0.659910343239961 -0.32255272638172117 -0.5698737092432846
60869 80944.52592 0.5048148577597747 0.5624425152745534 -0.44027374821554116 -0.48474674112246574
60869 81364.52592 -0.6164068344102717 -0.43730256235815024 0.5363123891422917 0.3757367492005423
60869 81784.52592 -0.6977091802508152 -0.29056896082114864 0.6059703660127659 0.24813603993658
60869 82204.52592 -0.7446652122857795 -0.12937945559176392 0.6457837715995125 0.10815728556533896
60869 82624.52592 -0.754851224543946 0.03839777870796312 0.6537048915611656 -0.037351762258347625
60869 83044.52592 -0.7276195810402535 0.20449725100623467 0.6292197481951098 -0.18119913934393198
60869 83464.52592 -0.6641750665243548 0.36066583961552595 0.5734097456600282 -0.3162165345517189
60869 83884.52592 -0.5676172101163232 0.498991428591105 0.48899090983941373 -0.43555269149299525
60869 84304.52592 -0.44282467044648227 0.6124502644562698 0.3802166916258237 -0.5331474957462736
60869 84724.52592 -0.29614443341512187 0.6953579103754253 0.25261373779900387 -0.6041209734074582
60869 85144.52592 -0.13496580663101987 0.743669558719653 0.11261577986355188 -0.6450251968720901
60869 85564.52592 0.032630953667141964 0.7551194066647978 -0.03274355982215461 -0.653955473890348
60869 85984.52592 0.19841267003504726 0.7293001811697263 -0.17630855324758177 -0.6306099841955505
60870 4.52592 0.3543090866939429 0.6675867794892886 -0.311067063337947 -0.5762206565574768
60870 424.52592 0.49275140179346066 0.5730424755363409 -0.4304663734891641 -0.4934744963590814
60870 844.52592 -0.6069871955925473 -0.4502840290107276 0.5286827126902032 0.38640060417536765
60870 1264.52592 -0.691401408718749 -0.3052660557393689 0.6008978090146675 0.2601894508938251
60870 1684.52592 -0.7417694322400314 -0.14504876691149093 0.6435068959247252 0.12098693941530311
60870 2104.52592 -0.7554906392256974 0.022533969276276218 0.6543175060397546 -0.0243867907056005
60870 2524.52592 -0.7317442801646368 0.18921305588661758 0.632675612658657 -0.16873143475766
60870 2944.52592 -0.6715853446939858 0.34667450464429406 0.5795429553650259 -0.3048276160531806
60870 3364.52592 -0.5779637467020621 0.4869685340788882 0.49751439112576246 -0.42579218515366757
60870 3784.52592 -0.4556264615912803 0.6029818681031831 0.3907378128844031 -0.5254915373428181
60870 4204.52592 -0.3107991353918412 0.6889245489431373 0.26464077399288427 -0.5989592006502831
60870 4624.52592 -0.15076506380860458 0.7406199052857597 0.1255679576349611 -0.6426388872801617
60870 5044.52592 0.016470436123078025 0.7556383844650405 -0.019514233788206912 -0.6544910628393932
60870 5464.52592 0.1827070728202393 0.73338778461159 -0.16347541064478885 -0.63406330365231
60870 5884.52592 0.33986560437696 0.6750489192952395 -0.29929391382044834 -0.5824289490314255
60870 6304.52592 0.4803153698002676 0.5834953516343031 -0.4203643745472608 -0.5021196199774347
60870 6724.52592 -0.597189900137676 -0.46317942245500315 0.5207657652642399 0.39702904618749585
60870 7144.52592 -0.6847229087245875 -0.31993207331402934 0.595551097493284 0.27224418636083253
60870 7564.52592 -0.7385148929000884 -0.16073925362331884 0.640970181967371 0.13385018168872498
60870 7984.52592 -0.7557870839971936 0.006593553285723382 0.6546858493462762 -0.011351096151138546
60870 8404.52592 -0.7355515750242625 0.17378637006508457 0.6359088253027297 -0.15614782726964388
60870 8824.52592 -0.6787845866939043 0.33233951318367416 0.5855427680319499 -0.29315797729058285
60870 9244.52592 -0.588290405635981 0.47443000472182156 0.5060634248489485 -0.41560844467654645
60870 9664.52592 -0.46863941574865386 0.5929171007507359 0.40147281879017543 -0.5173451318189558
60870 10084.52592 -0.32587862396672423 0.6819159165296116 0.27705227114650344 -0.5933260859575435
60870 10504.52592 -0.16709501837396984 0.7371045162352243 0.1389814075559447 -0.6398752654494523
60870 10924.52592 -2.2396691058568067E-4 0.7558173581688118 -0.005829574105579178 -0.6547565097005822
60870 11344.52592 0.16654135409562915 0.7372283726813502 -0.15025543267767721 -0.637323786501372
60870 11764.52592 0.3250635634419223 0.6823001634609607 -0.2872293569921244 -0.5884721430496744
60870 12184.52592 0.4676030881173917 0.5937264084108849 -0.410047520596375 -0.5105852865010463
60870 12604.52592 -0.5871449505586727 -0.4758346933653609 0.5126613456564885 0.40745612805923687
60870 13024.52592 -0.6777772354028574 -0.33437396862590296 0.5899983538216498 0.2841021132669847
60870 13444.52592 -0.7349494787894988 -0.17629059119752855 0.6381880404511563 0.14658416049281475
60870 13864.52592 -0.7557517499437516 -0.009367899231161277 0.654789032817848 0.0016903912029607423
60870 14284.52592 -0.7390699865741145 0.15813658940352363 0.6389117134689137 -0.1433882715893328
60870 14704.52592 -0.6857099604486089 0.31779501265668075 0.5913214309754887 -0.28133102449109226
60870 15124.52592 -0.5984477629482023 0.4615384330791263 0.51448164985322 -0.4051557500239455
60870 15544.52592 -0.4815189855450058 0.5824890515096496 0.41210753857603516 -0.5089335399439686
60870 15964.52592 -0.34072776445426756 0.674603034135474 0.2892718755182401 -0.5874837179866089
60870 16384.52592 -0.18307905176653522 0.7332852662218654 0.1520898284331377 -0.6369014548840136
60870 16804.52592 -0.016384289453971742 0.7556299443412623 0.007373920850979864 -0.6547522948147588
60870 17224.52592 0.15109591787178017 0.7405403938028885 -0.13768591358711532 -0.6401660237379273
60870 17644.52592 0.31108085318659934 0.6887811975559069 -0.27589908147636993 -0.5938761331411152
60870 18064.52592 0.45565989771160204 0.6029349377488139 -0.4004154541043698 -0.518180453677749
60870 18484.52592 -0.5776713651836262 -0.4872848747454282 0.5050651604563282 0.4168434099088546
60870 18904.52592 -0.6711164615069135 -0.3475395326444188 0.5847050091743523 0.29485423617468876
60870 19324.52592 -0.7313507482190389 -0.1906523493087985 0.6353918356835108 0.15828764932623848
60870 19744.52592 -0.7554126069342247 -0.024407884554456267 0.6546464237020233 0.013932278728392661
60870 20164.52592 -0.7421425442985031 0.14301927180127977 0.6415481647486304 -0.1310949432405388
60870 20584.52592 -0.6921940780197252 0.3034112736425169 0.5967382150390738 -0.26965248022784555
60870 21004.52592 -0.6080085057304013 0.4488673449144781 0.5223962071667739 -0.39489994475396006
60870 21424.52592 -0.4937292997590075 0.5721731515133185 0.42216946079084244 -0.5006218229585746
60870 21844.52592 -0.35499312316638926 0.6672013284207021 0.3009942746989896 -0.5815709040664365
60870 22264.52592 -0.19867304365886312 0.7292099836368419 0.1648728554439451 -0.6337182047451694
60870 22684.52592 -0.03250587268053584 0.7551056829507472 0.020555425872508186 -0.6544740256755514
60870 23104.52592 0.1352899535359452 0.7435901521249367 -0.12479610879913507 -0.6428034266894115
60870 23524.52592 0.29640902158827537 0.6952231826538441 -0.26396887096444666 -0.5992719360886979
60870 23944.52592 0.44285271794463743 0.6124067638617663 -0.3900396275619695 -0.5260309066174025
60870 24364.52592 -0.5673450463604177 -0.4992762838420566 0.49673890292028955 0.426723860463308
60870 24784.52592 -0.6637299896876347 -0.36145136081567353 0.5787997727937955 0.3062780396430684
60870 25204.52592 -0.7273061705225488 -0.20555010854510355 0.6322284012580802 0.1704762031474579
60870 25624.52592 -0.7547822182625729 -0.03940597394004213 0.6542682643091573 0.026153594979453326
60870 26044.52592 -0.7447903052116795 0.12855174956619775 0.6438300340166211 -0.1193513143803589
60870 26464.52592 -0.6979088149655314 0.2900412375942468 0.6014997274678264 -0.25883864538421586
60870 26884.52592 -0.6165350244677327 0.4370916037114264 0.5294287529592138 -0.38540976779214786
60870 27304.52592 -0.5047595997095612 0.562472653068124 0.43122446866321196 -0.4928364015347081
60870 27724.52592 -0.36816080542061796 0.6600328994811319 0.31177805224279065 -0.5758547031103103
60870 28144.52592 -0.21345352678842505 0.7250272423770597 0.1769639314793824 -0.6304417948296734
60870 28564.52592 -0.0482121113760914 0.7542731108219459 0.03339233785431634 -0.6539362494771697
60870 28984.52592 0.11949763208031479 0.7463004678086229 -0.11190585280462247 -0.6451612261938084
60870 29404.52592 0.28145343517106824 0.7014226981284044 -0.25178800289438796 -0.6044774304960693
60870 29824.52592 0.4295965774895466 0.6217896791144664 -0.3792788885471375 -0.5338275941335789
60870 30244.52592 -0.5566227466147381 -0.5112130917334761 0.4880854944578456 0.4365831454502177
60870 30664.52592 -0.6560373572294461 -0.3752445208136705 0.5726475905138684 0.31761812384903987
60870 31084.52592 -0.7228718342682544 -0.2206579115397142 0.6287513580509523 0.1828609500294258
60870 31504.52592 -0.753810790037541 -0.05503808629518336 0.6536240569009655 0.03893191647306335
60870 31924.52592 -0.7472545831473691 0.11341467111844324 0.6459823657262356 -0.1070256208161533
60870 32344.52592 -0.7035427138883605 0.2761224676718273 0.6062184487943599 -0.24755448879545958
60870 32764.52592 -0.6250230020942963 0.4248834224563537 0.5364511015824022 -0.3755536443516907
60870 33184.52592 -0.5156638656013329 0.5525037375860307 0.4401910050900461 -0.48483221500264606
60870 33604.52592 -0.3807559646509692 0.6528541842927883 0.3220850242772939 -0.5701469517329748
60870 34024.52592 -0.2269894434482786 0.7209091777747246 0.18799063242916145 -0.6272362171320267
60870 34444.52592 -0.06197046264245089 0.7532737528039655 0.04455113705525595 -0.6532637379218249
60870 34864.52592 0.1061438200208338 0.7483245124489082 -0.10112137053345029 -0.6469299668131979
60870 35284.52592 0.2690348866857017 0.7062880023040209 -0.24180045080830745 -0.6085310423768917
60870 35704.52592 0.4186270594038796 0.6292354791278384 -0.3704965345147447 -0.5399503818446516
60870 36124.52592 -0.5474690755357693 -0.5210110240980083 0.48079078118726093 0.4445957139083757
60870 36544.52592 -0.6491595880460528 -0.3870252683766116 0.5672094694431624 0.3272257457167711
60870 36964.52592 -0.7187469104512288 -0.23375087484058762 0.6255540824808922 0.19350839030792005
60870 37384.52592 -0.7526922930427249 -0.06869787405259623 0.6528662375442138 0.05000589934798155
60870 37804.52592 -0.7491753893807434 0.099983376348751 0.6476802959680673 -0.0961758525557866
60870 38224.52592 -0.7082860090148967 0.2637357541913904 0.6101815714685667 -0.237598045520157
60870 38644.52592 -0.6320879405878994 0.4143102913182685 0.5422521346675855 -0.36711638525073526
60870 39064.52592 -0.5245199259081962 0.5441098627328919 0.44738820426747394 -0.47819148809277073
60870 39484.52592 -0.3911260040010693 0.6466991759359038 0.33046713507311304 -0.5653247716795606
60870 39904.52592 -0.23867905620774008 0.7171281784071681 0.19742039880218235 -0.6243273740586637
60870 40324.52592 -0.07476179513843807 0.7521172390325892 0.05487452559573139 -0.6524715466426998
60870 40744.52592 0.09264216811084013 0.7501227096652667 -0.0902117479117438 -0.6485331060715935
60870 41164.52592 0.2554708541224416 0.7113151080729524 -0.2308333505803695 -0.6127653906520458
60870 41584.52592 0.4058754958664234 0.6375432007319874 -0.3601970920800942 -0.5468654349221953
60870 42004.52592 0.5365132055246454 0.5322907862402276 -0.47197722031965517 -0.4539356812156998
60870 42424.52592 -0.640886250429721 -0.4005779807605233 0.5606128434558231 0.33840114522904835
60870 42844.52592 -0.713676442913328 -0.24880192234003137 0.6215941467298963 0.20587436708249132
60870 43264.52592 -0.7510893213380629 -0.08445041606199165 0.6517485357818077 0.06290313748259627
60870 43684.52592 -0.7511098898807181 0.08425987181116075 0.6494521616853739 -0.08334324812447166
60870 44104.52592 -0.7136874797689454 0.24876366610055817 0.6147787098197033 -0.2254195146869102
60870 44524.52592 -0.640678896256961 0.40090259551262897 0.5494402171065861 -0.35626269609386185
60870 44944.52592 -0.5358214947282983 0.5329832479654633 0.45676479114558605 -0.4692441888239497
60870 45364.52592 -0.404503346609099 0.6384144648867042 0.3415013462560652 -0.5587314597467709
60870 45784.52592 -0.2534160992240711 0.7120509209646355 0.2095208969318298 -0.6203746935170322
60870 46204.52592 -0.09010312812911767 0.7504320808884044 0.06742031390545959 -0.6512968751251126
60870 46624.52592 0.07742971741457154 0.7518454051464798 -0.07782340974137836 -0.6501358646601885
60870 47044.52592 0.2410786910985958 0.7163214748109408 -0.2191659123306328 -0.6170339636479892
60870 47464.52592 0.39294580160981024 0.6455911615627575 -0.3497685705585905 -0.5535951554689342
60870 47884.52592 0.5256393762525842 0.543025046178069 -0.4632640900053947 -0.4628319654772928
60870 48304.52592 -0.6325953466014885 -0.41353623560266545 0.5540338512531695 0.34908079432604144
60870 48724.52592 -0.7084121229599241 -0.2634032172713003 0.6175018846787064 0.21785874229139224
60870 49144.52592 -0.7491739915536836 -0.0999990990098615 0.6503994954411796 0.0756241159062128
60870 49564.52592 -0.7527045185373576 0.0685521197063239 0.6509697641342165 -0.07053283519224923
60870 49984.52592 -0.7187414749074202 0.23376058131079702 0.6191116683313701 -0.21323091944906125
60870 50404.52592 -0.6490836689679415 0.38714566581314347 0.5565014800984034 -0.34513001429823503
60870 50824.52592 -0.5470731405172983 0.5214202951077228 0.4661284415028148 -0.4599523136113925
60870 51244.52592 -0.41783877554734294 0.629755291246463 0.35252480283623344 -0.5518562260058811
60870 51664.52592 -0.2679223642745323 0.7067064845948284 0.22144004141928939 -0.6162368533359456
60870 52084.52592 -0.10482729404058816 0.7485049728112302 0.07943757404138839 -0.6499547799127311
60870 52504.52592 0.06324791149177114 0.7531607501644196 -0.06633120867296938 -0.6514205683425115
60870 52924.52592 0.22799715385482572 0.7205813813446288 -0.208644125887804 -0.620683010421648
60870 53344.52592 0.3813580783267047 0.6524901162253917 -0.3405155158282931 -0.5593494862814564
60870 53764.52592 0.5158641270035176 0.5523052456292855 -0.4555122666093863 -0.4704802791718828
60870 54184.52592 -0.624960113537155 -0.4249659535796457 0.5480367534182562 0.35844736250744835
60870 54604.52592 -0.7033180583044152 -0.27668086694864863 0.6135818024310492 0.22871112446253342
60870 55024.52592 -0.7470563886003322 -0.11466860884489115 0.648910668354202 0.08759455972324816
60870 55444.52592 -0.7539359517658838 0.05317623299177044 0.6522177475679751 -0.05800757396265479
60870 55864.52592 -0.723484789372444 0.2186085315834565 0.6232259654124934 -0.20092154066028073
60870 56284.52592 -0.657054342689101 0.3734427096272207 0.5632285832413572 -0.3340564269694661
60870 56704.52592 -0.5578704537907607 0.5098372071094308 0.47513382078218325 -0.45065999532138434
60870 57124.52592 -0.4309181807062302 0.6208618117136301 0.3633571694999742 -0.5448042764750187
60870 57544.52592 -0.2826356053765654 0.7009376794127511 0.23355583072008254 -0.6117639725331511
60870 57964.52592 -0.12047068355850157 0.7461356995772063 0.09225786282734783 -0.6482721796945405
60870 58384.52592 0.047422735030669246 0.7543136749196157 -0.05341812218491391 -0.6526166319162523
60870 58804.52592 0.21276812162548298 0.7252168235964915 -0.19627265208809438 -0.6247137994593082
60870 59224.52592 0.3674873045968827 0.6603956961789466 -0.3293029177541376 -0.5660302057196719
60870 59644.52592 0.5040528226208814 0.5630953518845284 -0.44603174331943435 -0.4794893749035404
60870 60064.52592 -0.615810481947179 -0.4381006192032565 0.5407742306714362 0.3693352531500653
60870 60484.52592 -0.6972950203402967 -0.29149705091945916 0.60890415869958 0.24092498714795052
60870 60904.52592 -0.7444577292917803 -0.1304181651561271 0.6470475021771241 0.10051527954186876
60870 61324.52592 -0.7548804026900345 0.037282040252804516 0.6532518883440154 -0.045028851685308874
60870 61744.52592 -0.7279119391823867 0.20335710620980807 0.6270942510674271 -0.18852823774674393
60870 62164.52592 -0.6647359947850553 0.3595797845927705 0.5697318866677015 -0.3228529279151748
60870 62584.52592 -0.5684243226701677 0.49803780823400157 0.4839477674465129 -0.44118781641152444
60870 63004.52592 -0.4438288537070365 0.6116968576750446 0.37405258823762605 -0.5375198267601925
60870 63424.52592 -0.2972765444257853 0.6948534576023419 0.24561816415652116 -0.6070231017257209
60870 63844.52592 -0.136146626137116 0.7434358354291798 0.10511483661711948 -0.6463111680252432
60870 64264.52592 0.031471965744497926 0.7551503867045257 -0.0403887691047875 -0.653548893474989
60870 64684.52592 0.1973347643702231 0.729573190875992 -0.18371571460782685 -0.6285145074953381
60870 65104.52592 0.353350586882578 0.6680728967517741 -0.3178580686486775 -0.5725279168480466
60870 65524.52592 0.4919365278606645 0.5737150077631314 -0.43628962028925244 -0.48836554920633374
60870 65944.52592 -0.6063378455589964 -0.4511225733237184 0.5332345718386676 0.3801364653340873
60870 66364.52592 -0.6909430294618791 -0.30625145601214326 0.6039460264015174 0.2530947903894916
60870 66784.52592 -0.7415314144792584 -0.14615279418090735 0.6449062078402279 0.11343061836488615
60870 67204.52592 -0.7555030226682684 0.02135554750269265 0.6540137939789722 -0.03201688016032497
60870 67624.52592 -0.732029412765484 0.1880201406160833 0.6307015828355469 -0.17605930528564698
60870 68044.52592 -0.6721466511023112 0.3455405197861299 0.5760096980429849 -0.31150193636365836
60870 68464.52592 -0.5787710150525281 0.4859808379887082 0.49259401054054164 -0.43150652141357504
60870 68884.52592 -0.45662749620684473 0.602207162338482 0.3846625130768841 -0.5299741638697844
60870 69304.52592 -0.3119223945820036 0.6884070585366195 0.2576928975725567 -0.6019921195961354
60870 69724.52592 -0.15193365520697974 0.7403753978391499 0.11807369626530369 -0.6440644664474325
60870 70144.52592 0.01532515012525984 0.7556572786033584 -0.027188733849128746 -0.6542231957207614
60870 70564.52592 0.18164295068741168 0.7336466599898931 -0.17094129751267337 -0.6320976898833981
60870 70984.52592 0.33891737422590906 0.6755200951576918 -0.3061682936613592 -0.5788510952243675
60870 71404.52592 0.4795065759458534 0.5841563917817245 -0.4262873439778351 -0.4971054756583987
60870 71824.52592 -0.5965424908858917 -0.4640128628729995 0.525428784655104 0.39083719361381036
60870 72244.52592 -0.6842633246853999 -0.32091960558897104 0.5987186249110809 0.2651986376731351
60870 72664.52592 -0.7382740978307195 -0.16185132073286043 0.6424941055541264 0.12632034981533624
60870 73084.52592 -0.7557976197733871 0.005402753042727175 0.6545078309760737 -0.018980711141504257
60870 73504.52592 -0.7358361901856849 0.17258118361715047 0.6340558350865901 -0.16350545638285857
60870 73924.52592 -0.6793712144603593 0.3311404026250944 0.5821446314146499 -0.29984731919269897
60870 74344.52592 -0.5892581766884637 0.47322901613812324 0.5013834905223274 -0.4212406615254257
60870 74764.52592 -0.4699428461021494 0.5918857525780777 0.3957446240778836 -0.5217386029478254
60870 75184.52592 -0.327367956676515 0.681204177984456 0.2704833272753818 -0.5963470956615816
60870 75604.52592 -0.16832490775664108 0.7368283105806162 0.13156963532785598 -0.6414360429655698
60870 76024.52592 -8.110859610406178E-4 0.7558207617761082 -0.013992446913373762 -0.654628543249623
60870 76444.52592 0.16670684702035962 0.7371946464626238 -0.15882155204541076 -0.6352390061931529
60870 76864.52592 0.3258353865665594 0.6819380911606607 -0.29564609471927217 -0.5842817191752782
60870 77284.52592 0.46875463444836446 0.5928299592587717 -0.41773051835904057 -0.5043044181046904
60870 77704.52592 -0.5883357590699798 -0.47438519701923815 0.5189835160450801 0.3993442493914934
60870 78124.52592 -0.6786665343882963 -0.33260578083968906 0.5944076939548878 0.27470825073272304
60870 78544.52592 -0.7353874182101385 -0.17452902366965375 0.6403819089665366 0.13658687969024916
60870 78964.52592 -0.7557835306971803 -0.007986568656304765 0.6547219094941348 -0.008166435964147454
60870 79384.52592 -0.7389246640103964 0.1588869816845294 0.6367890505030168 -0.15246302216527508
60870 79804.52592 -0.6856471509293056 0.31796673847430373 0.5874654299506907 -0.2892568171355516
60870 80224.52592 -0.598516462940997 0.46147662570392 0.5091169690552122 -0.4118461840755069
60870 80644.52592 -0.48177082965006957 0.5823051024378494 0.405544293304398 -0.5141512049401087
60870 81064.52592 -0.3411056841610738 0.674433513549758 0.2817961622938672 -0.5910814418930632
60870 81484.52592 -0.18344764293065488 0.7332126792374946 0.14397009544533368 -0.6387634467672858
60870 81904.52592 -0.01659933428441286 0.7556435257016143 -0.0010950984652059784 -0.6547718113403322
60870 82324.52592 0.15114870644709083 0.740547700669345 -0.14617211122825663 -0.638260828714869
60870 82744.52592 0.3113631078323577 0.6886734206521504 -0.2839475047638737 -0.5900472432836302
60870 83164.52592 0.4561365745402573 0.6025983393836406 -0.40760699409398676 -0.5125145901380991
60870 83584.52592 -0.5782202159894226 -0.4866682336573454 0.5109542486225028 0.4095621662026396
60870 84004.52592 -0.6715581371191712 -0.34673444180901486 0.588873712862461 0.28637850064556003
60870 84424.52592 -0.7316107788067752 -0.18973864493958095 0.6375907246159254 0.1490737496475312
60870 84844.52592 -0.7554615402725023 -0.02352794021615758 0.6547548220171951 0.004518876355283105
60870 85264.52592 -0.7420239495292327 0.14374035419843467 0.6396024657905827 -0.14017080528609982
60870 85684.52592 -0.6920013428966062 0.3039016252638806 0.5929106834763372 -0.2779116136668061
60870 86104.52592 -0.6078417025908676 0.4491278342302901 0.5169540065223568 -0.40195921217398106
60871 124.52592 -0.4936539484382175 0.5722651985064956 0.4154296267823245 -0.5061981301438968
60871 544.52592 -0.35499915315689934 0.6672210306916484 0.2932759277985728 -0.5854749590157936
60871 964.52592 -0.19869897640077802 0.7292222551871295 0.1565067790328354 -0.6358138465257323
60871 1384.52592 -0.0324612542457726 0.7551246164547192 0.01188091888647851 -0.6546693244404519
60871 1804.52592 0.13548134341143866 0.7435716603698281 -0.13342407590682298 -0.6410491458934324
60871 2224.52592 0.2968297531055628 0.6950601985164259 -0.2722003832667697 -0.595558871530784
60871 2644.52592 0.44326802872553495 0.6121249901292011 -0.39728001114735056 -0.5205622382692244
60871 3064.52592 -0.5678626484836509 -0.49870912176560894 0.5027389064144238 0.41961269797533285
60871 3484.52592 -0.6642571439522766 -0.3605104992597496 0.5832012951214075 0.2977765538126926
60871 3904.52592 -0.7276269841100101 -0.20446090735281833 0.6346505735860534 0.16116252295843103
60871 4324.52592 -0.7548596693571759 -0.03815481306304343 0.6545694798275984 0.016428204294033532
60871 4744.52592 -0.7445023693230846 0.13028042870819445 0.6418863168093514 -0.12932589942021536
60871 5164.52592 -0.6970989578017439 0.29201309635913414 0.5972639474861208 -0.2684346691837139
60871 5584.52592 -0.6151257701337579 0.43909396345838575 0.5230117561585033 -0.3940500997230623
60871 6004.52592 -0.5028008336577159 0.5642406598606059 0.42293203898615445 -0.49995228755571064
60871 6424.52592 -0.36583031681545986 0.6613382234569822 0.3020974271848571 -0.5809794127004441
60871 6844.52592 -0.21102363747551703 0.7257449609804887 0.166511342572972 -0.6332750183234587
60871 7264.52592 -0.04597366807036227 0.7544172818676425 0.02282984133934963 -0.6543850433865481
60871 7684.52592 0.12132840564863777 0.7460082375658773 -0.12197745449861741 -0.6433293309500594
60871 8104.52592 0.28279472827458824 0.7008840749713933 -0.2608857119766794 -0.6006057778593354
60871 8524.52592 0.43055141384133283 0.6211265232828767 -0.3871016075211564 -0.5281852587570879
60871 8944.52592 -0.5572418023709869 -0.510531633443762 0.49432952097867194 0.4295082649176557
60871 9364.52592 -0.656476907762881 -0.3744621124198171 0.5771614575137608 0.30935553639261965
60871 9784.52592 -0.723172480298447 -0.21965068767078488 0.6313580858781018 0.17367241157156432
60871 10204.52592 -0.753891778722648 -0.05383958122211465 0.6541348749866233 0.029258345723297146
60871 10624.52592 -0.7470701930757424 0.11458082634278809 0.644338644532605 -0.11655501711321631
60871 11044.52592 -0.7030746093281242 0.2772944026654097 0.6024768185815251 -0.25654549506943836
60871 11464.52592 -0.6241514689451242 0.42615123015870704 0.530673163410877 -0.3836874593772346
60871 11884.52592 -0.5143381329080838 0.5537306808016698 0.43258345703109335 -0.4916402860614391
60871 12304.52592 -0.3792231275265871 0.6537413130244658 0.31318526525501444 -0.57508877994719
60871 12724.52592 -0.22556450897364685 0.7213522321816 0.17844961239636728 -0.6300217022084927
60871 13144.52592 -0.06097291604432665 0.7533502032634436 0.03505713470416312 -0.6538476673188595
60871 13564.52592 0.10653253922096079 0.7482632898176361 -0.10999286232064778 -0.6454877515777767
60871 13984.52592 0.2688336167638574 0.706356072089586 -0.24965312692290587 -0.6053617944150842
60871 14404.52592 0.4180354366209748 0.6296159955485592 -0.37710944270339586 -0.5353676681519361
60871 14824.52592 -0.5467758302174534 -0.5217166302481129 0.48606463623548035 0.43884976770398143
60871 15244.52592 -0.6486329536196839 -0.3878759544864594 0.5710778868001242 0.3204646355180675
60871 15664.52592 -0.718431717688407 -0.23467052689656856 0.627835903968483 0.18603141808159682
60871 16084.52592 -0.7525861189007399 -0.06969635413697808 0.6534317014121251 0.04223225600876143
60871 16504.52592 -0.7493144681467233 0.09882159127827864 0.6465289999518252 -0.10374185820831795
60871 16924.52592 -0.7087999052772083 0.26230704312678377 0.6074922231999492 -0.24443998886574853
60871 17344.52592 -0.6331698152439822 0.4126243927384401 0.5383510846685217 -0.37284742887320727
60871 17764.52592 -0.5261644899360274 0.542493710286608 0.4425081922783798 -0.4827400994286163
60871 18184.52592 -0.39313693829830093 0.6454550332672594 0.3247473816499375 -0.5686565623352189
60871 18604.52592 -0.24048182835382284 0.7165037857740971 0.1907277650103626 -0.6264293534446971
60871 19024.52592 -0.07574999211022881 0.7519976607563003 0.04709163997050779 -0.6531032340734815
60871 19444.52592 0.09285183707279354 0.7500753250158484 -0.0989805542837968 -0.6472776784566644
60871 19864.52592 0.25665492209921104 0.7108649452590255 -0.23996110326854472 -0.6092765788065986
60871 20284.52592 0.4076886172026393 0.6363591037036322 -0.3689741966925293 -0.5410130541049932
60871 20704.52592 -0.5384152207672418 -0.5303383123991424 0.47957534143067604 0.4459347669104108
60871 21124.52592 -0.6423666993478033 -0.3981666816342381 0.5662983328313116 0.32883812953771824
60871 21544.52592 -0.7144747844511907 -0.2464511589957037 0.6249311110596141 0.19557278707145118
60871 21964.52592 -0.7512638967655009 -0.08273443534733314 0.652665986083152 0.05277007897075451
60871 22384.52592 -0.7510121966974743 0.08497285791606571 0.6482216908530303 -0.09256853318946302
60871 22804.52592 -0.7137568393027791 0.24850984584972985 0.6118356050149519 -0.23334785900075844
60871 23224.52592 -0.6412859978965617 0.3998985555708053 0.5452484770862348 -0.3626810063807259
60871 23644.52592 -0.5370915865967738 0.531679595487189 0.4516600955201746 -0.474186243436317
60871 24064.52592 -0.40622557099767165 0.6372995699948976 0.33560172066466787 -0.5623179960119081
60871 24484.52592 -0.25513750114763983 0.7114174097776692 0.20279508513802563 -0.6226269171961898
60871 24904.52592 -0.09131554741090435 0.7502685868344086 0.0598315428127932 -0.6520572865133764
60871 25324.52592 0.07709481913225148 0.7518624391699225 -0.08615615200793199 -0.6491042896943496
60871 25744.52592 0.24167919168642507 0.7161014085934791 -0.22785356566257678 -0.6138995793540512
60871 26164.52592 0.3942451935741266 0.6447821656929473 -0.3581923873163754 -0.5482015138766108
60871 26584.52592 0.5271783847785451 0.5415188007973365 -0.4706601904158496 -0.4553233182728677
60871 27004.52592 -0.6338923874775175 -0.41153245810837286 0.55969264782141 0.3399494329984863
60871 27424.52592 -0.7091684238947306 -0.261339152927112 0.6209490763906621 0.20785629224920515
60871 27844.52592 -0.7493769568779842 -0.0984056327467019 0.6514944884282485 0.06561584786945801
60871 28264.52592 -0.752628041745762 0.06929014253108659 0.6499096368233741 -0.07979580747176618
60871 28684.52592 -0.7187891210361105 0.23358231022177875 0.616294571734198 -0.2212747267144486
60871 29104.52592 -0.649485157737748 0.38645581636995324 0.5522582128007947 -0.3518974257738719
60871 29524.52592 -0.5480469396791278 0.5203900507698103 0.4608701677366949 -0.46522836914625865
60871 29944.52592 -0.4193915824927895 0.6287210168035091 0.3465534580669889 -0.5556269290320324
60871 30364.52592 -0.26986620900515423 0.7059687577777214 0.2149501636155305 -0.6185279051430292
60871 30784.52592 -0.10688565433224212 0.7482167454889106 0.07259674376647789 -0.6507510057329574
60871 31204.52592 0.06144321782790781 0.7533127189270342 -0.07340617836328192 -0.6506582908591956
60871 31624.52592 0.22672283596539436 0.7209878228505399 -0.21575357358053246 -0.6182424366219754
60871 32044.52592 0.38071879105872597 0.6528719696141886 -0.3473391122928289 -0.5551278541908178
60871 32464.52592 0.5157601159139374 0.552414314705356 -0.46160022906133535 -0.4644945169445777
60871 32884.52592 -0.6251592511456184 -0.4246907779963912 0.5528816537214575 0.35090672659568095
60871 33304.52592 -0.7035549445937948 -0.2761067749537769 0.6167258027592004 0.22005629500940574
60871 33724.52592 -0.7471628075893193 -0.11404240630324457 0.6500680745999162 0.07844467417083976
60871 34144.52592 -0.7539180012633435 0.053567712254605486 0.6513459621524864 -0.06698197640070531
60871 34564.52592 -0.7235095229571437 0.21855544519149261 0.6205144497503137 -0.2091155307922883
60871 34984.52592 -0.6573914079132023 0.37286672415272415 0.5590439004283024 -0.34099392988061317
60871 35404.52592 -0.5587324652747785 0.508911941322594 0.4698735165427799 -0.45612010115643786
60871 35824.52592 -0.43231235843213534 0.6199137546753016 0.35731876898575143 -0.5487588348643894
60871 36244.52592 -0.2843865559208346 0.7002497075214115 0.22694777932181032 -0.6142225487464316
60871 36664.52592 -0.12230680157146083 0.7458560439555315 0.08524842621690636 -0.6492091448923868
60871 37084.52592 0.045860545555508676 0.7544286707610514 -0.060708037922816434 -0.6519576099921115
60871 37504.52592 0.21173992110092046 0.7255379455427159 -0.20363164265309588 -0.622330337923705
60871 37924.52592 0.367072205785397 0.6606494963928914 -0.3363915414962006 -0.5618193388140641
60871 38344.52592 0.5041364985045741 0.5630490768861989 -0.45237871777624655 -0.47347188258255213
60871 38764.52592 -0.6161524668808623 -0.4376590512468436 0.5458594823254863 0.36172934353421315
60871 39184.52592 -0.6976285144632214 -0.29075829802634856 0.612263729660556 0.2321792266306476
60871 39604.52592 -0.7446176440322675 -0.12963642662966438 0.6483918181933663 0.09125245852264795
60871 40024.52592 -0.7548762086112769 0.03781690621979419 0.6525343735447342 -0.054135779473546954
60871 40444.52592 -0.7279120065601353 0.20343501466602318 0.6244987227286446 -0.19687470844098784
60871 40864.52592 -0.6650048708567061 0.3591234614921888 0.5656153228894292 -0.3299669190319094
60871 41284.52592 -0.5691640633968615 0.49722218482704217 0.47869393889182993 -0.44684950567458515
60871 41704.52592 -0.44502388683006144 0.6108546707218231 0.36793108690653087 -0.5416982801299786
60871 42124.52592 -0.29875570682756875 0.6942431368227953 0.2388327752721143 -0.6096969739700413
60871 42544.52592 -0.13765472489607367 0.7431798480850125 0.0978476916725336 -0.6474262269544545
60871 42964.52592 0.030265843196611172 0.7552203541827938 -0.047995929268302706 -0.6530104027787655
60871 43384.52592 0.19665798628033898 0.7297771697361619 -0.19142883542877223 -0.6261836151884074
60871 43804.52592 0.35324821148109986 0.668150071608833 -0.32530272377352554 -0.5683038982798209
60871 44224.52592 0.4922684397257734 0.573457682157887 -0.4429673921050549 -0.48228410667956173
60871 44644.52592 -0.6068530049552852 -0.45046424776257377 0.538612209840789 0.3724356041987137
60871 45064.52592 -0.6913845719507791 -0.30530470130565107 0.6075596117415037 0.24422885007635414
60871 45484.52592 -0.7417418575293095 -0.1451861301865957 0.6464652165768187 0.10403234183030488
60871 45904.52592 -0.7555027073268723 0.02204388536973551 0.6534727940056254 -0.041267830498509794
60871 46324.52592 -0.731996832047793 0.1882215580211989 0.6282446848060511 -0.18455866000004795
60871 46744.52592 -0.6723329912230436 0.34521504724664887 0.5719743314994902 -0.31881073409356847
60871 47164.52592 -0.5793832391905709 0.48527445075118864 0.4873631255258318 -0.43737964455478057
60871 47584.52592 -0.45761075333790246 0.6014775968885181 0.37846566091799405 -0.534397644434027
60871 48004.52592 -0.31311051064362605 0.6878802897714356 0.25073334940116343 -0.6049093341704422
60871 48424.52592 -0.1531205232287204 0.7401403530507504 0.11057049815358144 -0.6453840159859416
60871 48844.52592 0.01442975220350912 0.7556832640421233 -0.035066121511299786 -0.6538386298010715
60871 49264.52592 0.1812159809789821 0.7337595679737232 -0.1789216636305267 -0.6298767362972894
60871 49684.52592 0.3389787775737651 0.6754946562336324 -0.3138533302871755 -0.5747142288320795
60871 50104.52592 0.47991599987585015 0.5838229314427684 -0.4331744996833552 -0.49111227902467525
60871 50524.52592 -0.597076156557232 -0.4633296082170021 0.5309965186107362 0.38323417729059744
60871 50944.52592 -0.6847510749383766 -0.3198848075438381 0.6025643533990064 0.25633157294062847
60871 51364.52592 -0.7385359124455185 -0.16066402927777443 0.6442969561984383 0.116761329034589
60871 51784.52592 -0.7557913337556653 0.006396083632226667 0.6541604490779624 -0.02850713588069813
60871 52204.52592 -0.7357182945181602 0.17308800205080566 0.6317159502917439 -0.17231974003099312
60871 52624.52592 -0.6793209611128832 0.3312451111832861 0.578076611524348 -0.30761524558833087
60871 53044.52592 -0.5893604717779846 0.4730979593854322 0.49585858704545366 -0.42773451670897195
60871 53464.52592 -0.47019185233612143 0.5916809986340058 0.38903087567241323 -0.5267714833072762
60871 53884.52592 -0.327753826765999 0.6810095676818314 0.26291300953186486 -0.5997333967563806
60871 54304.52592 -0.1691028210152542 0.7366395742334807 0.1237553208913736 -0.6430015506582175
60871 54724.52592 -0.002081535871677567 0.7558071358502 -0.021550727014205105 -0.6544362511134996
60871 55144.52592 0.16506482748382892 0.7375511592595702 -0.16581191512411503 -0.6334653100253173
60871 55564.52592 0.32407826266455464 0.6827584273273128 -0.3018762788831769 -0.5811066355063456
60871 55984.52592 0.46707104115174847 0.5941385205554542 -0.42297484812877284 -0.49993633470676974
60871 56404.52592 -0.5869284688210668 -0.4761013428376816 0.5230857689740132 0.3939844694050514
60871 56824.52592 -0.6777194428390855 -0.3344916898903261 0.5972638549578662 0.2684912545187691
60871 57244.52592 -0.7349714644896254 -0.1761916174800413 0.6418629796251667 0.12955838723311203
60871 57664.52592 -0.7557515699445032 -0.009069442489933978 0.6546027762379408 -0.015890723108805644
60871 58084.52592 -0.739030222485716 0.1583014661186187 0.6348658799173881 -0.16037546755700988
60871 58504.52592 -0.6857784746529952 0.31763955364704916 0.5837489485576643 -0.29673247668453123
60871 58924.52592 -0.5987525293070355 0.4611404383693695 0.5038742447251466 -0.41827700182008143
60871 59344.52592 -0.48232214197514406 0.5818206865486908 0.39923467338551516 -0.5190970194783245
60871 59764.52592 -0.34223026192118317 0.673838579434057 0.274973202338353 -0.5943145250517117
60871 60184.52592 -0.18531108850032818 0.7327208804442039 0.13715508342396437 -0.640287743854948
60871 60604.52592 -0.019170097338423907 0.7555602470020465 -0.007523009251130866 -0.6547553931431565
60871 61024.52592 0.14811908266767895 0.7411359985987864 -0.15200797921706033 -0.6369236556958853
60871 61444.52592 0.30834817871985365 0.6900029511862797 -0.2891803265005737 -0.5875304815917174
60871 61864.52592 0.453501383488076 0.604554492694181 -0.4121613134566087 -0.508894303591036
60871 62284.52592 -0.5762667136143439 -0.4889408670532869 0.5147483608614641 0.4048303697794175
60871 62704.52592 -0.6703838986995266 -0.34894460629472 0.591710813524676 0.2805377038121823
60871 63124.52592 -0.7310890678825578 -0.1916386835559161 0.6391667407588395 0.14229992022236254
60871 63544.52592 -0.7553913162348201 -0.02489422826781562 0.6547942548246741 -0.00295306697781913
60871 63964.52592 -0.7421519747944361 0.14293842322052597 0.6378837453591369 -0.1479303244184513
60871 64384.52592 -0.6921523455407852 0.3034947286151405 0.589379486181541 -0.2853907874014058
60871 64804.52592 -0.6080062672827243 0.4488670395569147 0.5117905032592867 -0.40855506424219673
60871 65224.52592 -0.4939810408920297 0.5719578746863317 0.40902996277815357 -0.5114111950018533
60871 65644.52592 -0.3557481393596362 0.6668042326947524 0.2861964661011585 -0.5889880808587961
60871 66064.52592 -0.20008100008682922 0.7288307066761353 0.1493069455690946 -0.6375584917598125
60871 66484.52592 -0.03453346672285064 0.7550204316783512 0.005017994216685096 -0.6547720268600206
60871 66904.52592 0.1328749385355746 0.7440290876195385 -0.13965714862240652 -0.6397349828826493
60871 67324.52592 0.29396982008914735 0.6962609971369651 -0.277628763156771 -0.5930637728024153
60871 67744.52592 0.4407659020813783 0.6139120660619909 -0.40204202431115194 -0.5169135376382376
60871 68164.52592 -0.5658705581487952 -0.5009474345095197 0.506617331925273 0.4149470547812324
60871 68584.52592 -0.6628987596780768 -0.36297574854968734 0.5860190875851855 0.29222503206927386
60871 69004.52592 -0.7269122013108296 -0.20694305079351588 0.6362157248327651 0.1549282956378066
60871 69424.52592 -0.7547208515395003 -0.04056356580558948 0.6547166023719494 0.009859206821937215
60871 69844.52592 -0.7449054606702548 0.1278775137517019 0.6405765778064709 -0.1357381453610927
60871 70264.52592 -0.6980142183860474 0.28978554173657783 0.5945553570907837 -0.2744165047623855
60871 70684.52592 -0.616553666370398 0.43706659848318913 0.5190834599769808 -0.399232672202415
60871 71104.52592 -0.5047601852838028 0.5624755080675218 0.4180587211829683 -0.5040489696639658
60871 71524.52592 -0.36831432384451585 0.6599509750407897 0.296595973073125 -0.5838151232628991
60871 71944.52592 -0.21397065163255846 0.7248787560781761 0.1607015474779541 -0.6347774112747596
60871 72364.52592 -0.04923182947539846 0.7542103424233902 0.01698959836640046 -0.6545642366456069
60871 72784.52592 0.11798822503395023 0.7465424469911573 -0.1276130639358182 -0.6422367628115863
60871 73204.52592 0.2796342376241097 0.7021508704218791 -0.26611936545585624 -0.5983053832647279
60871 73624.52592 0.4278109701276862 0.6230205128644271 -0.3917443386754331 -0.52474716531326
60871 74044.52592 -0.5551019134543487 -0.5128663131117618 0.49818602586041844 0.42501846335408955
60871 74464.52592 -0.6550167920870456 -0.3770283944097345 0.5800120415434195 0.3039549696212394
60871 74884.52592 -0.722383876410754 -0.222262527704356 0.6329897631246849 0.16758539214262733
60871 75304.52592 -0.7537149638209577 -0.05637544429270328 0.654381829436002 0.02280315542121032
60871 75724.52592 -0.7474319605472125 0.11225255147598948 0.6431183729814254 -0.12305928397892069
60871 76144.52592 -0.7039186073807993 0.27516666976736975 0.5998216544412015 -0.2626706700330877
60871 76564.52592 -0.6254943001662783 0.4241921946666433 0.5267710870470106 -0.3890116762961046
60871 76984.52592 -0.5162455727363269 0.5519650109762994 0.4277463227527411 -0.4958409207191189
60871 77404.52592 -0.38174850693839285 0.6522798174333133 0.3077831393608576 -0.5779867267893324
60871 77824.52592 -0.22869404614276112 0.7203756618491867 0.17284072207496426 -0.6315726592141272
60871 78244.52592 -0.06455646746173278 0.7530611926254365 0.029514689402470505 -0.6541102244881157
60871 78664.52592 0.10276525262699976 0.7487996177053412 -0.11527636258840245 -0.644553950887923
60871 79084.52592 0.2652199547803414 0.7077324181083824 -0.25454653938770805 -0.603306936169739
60871 79504.52592 0.41490241635181496 0.6317007381210518 -0.3814975218316517 -0.5322309679068402
60871 79924.52592 -0.5443563176154687 -0.5242663326952107 0.48978943574516176 0.43465770498965955
60871 80344.52592 -0.6470158061178152 -0.39060810146113956 0.5739228234663889 0.3152910566619458
60871 80764.52592 -0.7175763314555852 -0.23733924194215456 0.629553485845751 0.18004638632455586
60871 81184.52592 -0.7523737489455956 -0.07216416310950495 0.6537959060041765 0.035734979396002904
60871 81604.52592 -0.7496241080293021 0.0965998123707406 0.6454096341233936 -0.1103565906138743
60871 82024.52592 -0.709506041330065 0.2604483953177104 0.604850761258565 -0.2508453055121901
60871 82444.52592 -0.6341508313670958 0.41115262291327836 0.53424765846091 -0.3786630206093374
60871 82864.52592 -0.5274929067358309 0.5412319949440564 0.43725996209403517 -0.4874657798674525
60871 83284.52592 -0.3950004997322732 0.644342317530306 0.3188390044063066 -0.5719609010414296
60871 83704.52592 -0.24329956870425595 0.715574884829417 0.18489702226205354 -0.6281488639075259
60871 84124.52592 -0.07983061302433993 0.7515962706423787 0.04200912967856784 -0.6534258582305078
60871 84544.52592 0.08752168289748759 0.7507367496826266 -0.10291873035089347 -0.6466390203519401
60871 84964.52592 0.25071389560530666 0.7130040529835818 -0.24290081500855032 -0.6080846627300996
60871 85384.52592 0.4018324025695572 0.6400979630694074 -0.3711246368884997 -0.5395107244661147
60871 85804.52592 -0.5333878966863549 -0.5354240988178246 0.4812204478541133 0.44412303097307804
60871 86224.52592 -0.638738553811777 -0.4039994427588536 0.567624416555005 0.3264966031302099
60872 244.52592 -0.7124530512974508 -0.25229474446530864 0.6258822831162943 0.1924301932994695
60872 664.52592 -0.7506962885523923 -0.08790694685059208 0.652963184941868 0.0486469953814446
60872 1084.52592 -0.7515027388532082 0.08070614368127635 0.6474847380379858 -0.09743544466006607
60872 1504.52592 -0.7149139538295572 0.24522286177485453 0.6097876387363234 -0.23858504212779041
60872 1924.52592 -0.642827936110973 0.3974523917027288 0.5418065870080092 -0.3677627810964836
60872 2344.52592 -0.5389480007787053 0.5298243305447885 0.44701206392749687 -0.4785409553242886
60872 2764.52592 -0.40856024695216203 0.6358249628284282 0.3302103549638069 -0.5654787906980183
60872 3184.52592 -0.25818729412384456 0.7103312019133916 0.1972358191760834 -0.6243932545881828
60872 3604.52592 -0.09526070755065794 0.7497898374907037 0.05466399329555144 -0.6524970843073522
60872 4024.52592 0.0722899510449875 0.7523512604433964 -0.09055718366099458 -0.6484914343108434
60872 4444.52592 0.2363520902550978 0.7178886012647263 -0.2313734591802459 -0.612568337406683
60872 4864.52592 0.38894284254696426 0.6480057358636587 -0.3609083289206216 -0.5464038887444066
60872 5284.52592 0.5225202169798913 0.5460246379086034 -0.472748793457901 -0.45314268826514786
60872 5704.52592 -0.630404097987211 -0.41686514856712514 0.5612973085118009 0.3372824522687887
60872 6124.52592 -0.7071031957679498 -0.2668879544870799 0.6220475633251914 0.20453048488097492
60872 6544.52592 -0.7486876228697479 -0.10355634881604281 0.6518899849450115 0.061501004137565866
60872 6964.52592 -0.753019361423767 0.06495885320028427 0.6492921954514687 -0.0846276174641464
60872 7384.52592 -0.7198741555262125 0.23023336958834603 0.6143781920998161 -0.22652424330649454
60872 7804.52592 -0.6509355045168317 0.3840182881602514 0.5489072602651519 -0.3570906648823135
60872 8224.52592 -0.5496421165438665 0.5187140400953586 0.45612945804196414 -0.46986722149504445
60872 8644.52592 -0.42112004661893626 0.6275714007800417 0.3407288262295085 -0.5592100770148036
60872 9064.52592 -0.27190691007869344 0.7051890949749335 0.2085696670472613 -0.6207041699293523
60872 9484.52592 -0.1094303012377781 0.747850773611714 0.06623091412142885 -0.6514274292613182
60872 9904.52592 0.05828749084180159 0.7535649241128535 -0.07925162331012715 -0.6499705022236517
60872 10324.52592 0.22305060088566128 0.7221322790539718 -0.22075219423173456 -0.6164753602008247
60872 10744.52592 0.37683494104405457 0.6551174526265298 -0.3513613835669264 -0.5525954475114553
60872 11164.52592 0.5121275089210089 0.5557734542365884 -0.4646855151122048 -0.4614202577013687
60872 11584.52592 -0.6222361821773621 -0.4289426715505611 0.555116079034514 0.3473851708259227
60872 12004.52592 -0.7016738513403101 -0.28082424060802896 0.6181498872680412 0.21606079955116356
60872 12424.52592 -0.7464284388094029 -0.11869411593021886 0.6506101104098595 0.0739106001367311
60872 12844.52592 -0.754190451530743 0.049442020205525426 0.6508187346645963 -0.07202238587706027
60872 13264.52592 -0.7244953007110043 0.21523184845386653 0.6186984247695456 -0.21446228070802137
60872 13684.52592 -0.6589372652833478 0.37010699876711606 0.5559533806936355 -0.346032264940451
60872 14104.52592 -0.5608337841451447 0.5065767536415833 0.46573358717833574 -0.4603669025955181
60872 14524.52592 -0.4349906525847279 0.6180220372042774 0.3524423052984751 -0.5519205695837796
60872 14944.52592 -0.2875313344810224 0.6989512815965399 0.22159185513785476 -0.6161898144100411
60872 15364.52592 -0.1255000963208856 0.7453131998784541 0.07944872761286499 -0.6499583521973425
60872 15784.52592 0.04290850092558754 0.7545900072015688 -0.06677446437234369 -0.6513785017082171
60872 16204.52592 0.2091590277966024 0.7262720673202394 -0.20964824678401725 -0.6203458696098118
60872 16624.52592 0.3649519536045318 0.6618058691151485 -0.34202068147853787 -0.5584307625891817
60872 17044.52592 0.5024615394743267 0.5645206909296209 -0.4572366076158829 -0.4688107032879603
60872 17464.52592 -0.6148794812295592 -0.4394134497796425 0.5495969102199851 0.35606499405623593
60872 17884.52592 -0.6967440453851251 -0.2928270624234392 0.6146318927217553 0.22589307909296905
60872 18304.52592 -0.7441783458315463 -0.13204046780457607 0.6492914268130834 0.08476171024939552
60872 18724.52592 -0.7549907730941564 0.03509813619943374 0.6520010613239433 -0.06042904442786972
60872 19144.52592 -0.7287040181447266 0.2005142986461259 0.6226710167009447 -0.202645688182093
60872 19564.52592 -0.6665508585860808 0.356208121229245 0.5626795695667297 -0.3349887002283656
60872 19984.52592 -0.5714521522432813 0.4945629103601974 0.47484528275928706 -0.45096776252169724
60872 20404.52592 -0.4479536388729413 0.6086842076911636 0.3633677879992354 -0.5447980574234947
60872 20824.52592 -0.302076211818364 0.6927805219606922 0.2336848057855826 -0.611716047026962
60872 21244.52592 -0.14103869754613416 0.7425226787759165 0.09222322363997959 -0.6482769734607097
60872 21664.52592 0.02710703824246103 0.755318215940035 -0.053918419670558146 -0.6525736779606682
60872 22084.52592 0.1937575070794705 0.7305295471112401 -0.19724278758750358 -0.6244036290673737
60872 22504.52592 0.3506645994290638 0.6694853332626624 -0.330642430976246 -0.5652427001665344
60872 22924.52592 0.4899320215208031 0.5754305390638789 -0.44739931158020196 -0.4782051494900012
60872 23344.52592 -0.6049956192605482 -0.4529293094156138 0.5420165409366614 0.36749613698499906
60872 23764.52592 -0.6902518403109148 -0.30782095393030534 0.6098911368974692 0.2383934948834485
60872 24184.52592 -0.7413113459441188 -0.14729467246231862 0.6475289370619014 0.09730387200014903
60872 24604.52592 -0.7555272768554598 0.02065494859661118 0.6529758299824814 -0.04872855922900071
60872 25024.52592 -0.732155992684205 0.1875375664442266 0.6259379043912447 -0.19229925479595775
60872 25444.52592 -0.6724591479298783 0.34493564432018037 0.5678440661288461 -0.3261459982969329
60872 25864.52592 -0.5795333428058254 0.4850738507377862 0.4816802603815712 -0.44365368325470206
60872 26284.52592 -0.45792629204766955 0.6012224644717786 0.3716444600843402 -0.5391803543848502
60872 26704.52592 -0.3136769121261588 0.6876109565556301 0.24319765329173024 -0.6079908458661569
60872 27124.52592 -0.15392565195413307 0.7399639968406723 0.10270327099605076 -0.6466932929734035
60872 27544.52592 0.0134287158480927 0.7556921944492802 -0.04287571378038927 -0.6533839988910999
60872 27964.52592 0.18013340185327503 0.7340168737226052 -0.18633779101596143 -0.6277335535611838
60872 28384.52592 0.3379580575553301 0.6759995052173116 -0.32058326055007325 -0.5709950904644119
60872 28804.52592 0.47909540091291636 0.5844947051805703 -0.43895965474221177 -0.4859505715076055
60872 29224.52592 -0.5965160448930609 -0.46405067654344234 0.5355699987984547 0.3768160747257692
60872 29644.52592 -0.6844236306958493 -0.3205842048497656 0.605652304931457 0.24894848237570888
60872 30064.52592 -0.7384160563249937 -0.16121122809062832 0.645707167733142 0.10869646377412327
60872 30484.52592 -0.7557930719871973 0.0060649200749835425 0.6537426462589137 -0.03688633274035473
60872 30904.52592 -0.7357409246169724 0.17298156855467428 0.6294043157892883 -0.1805903542549954
60872 31324.52592 -0.6792892998440057 0.33130516882410854 0.5739219278922804 -0.31530390564069727
60872 31744.52592 -0.5892599148235296 0.47322557205895294 0.49005272555570095 -0.4343715424692003
60872 32164.52592 -0.4701188527424298 0.5917460221536344 0.3819440054337721 -0.5319245118197682
60872 32584.52592 -0.3276923941266113 0.6810491682425464 0.2548766659065452 -0.6031812417872997
60872 33004.52592 -0.16901151817498458 0.7366707543187566 0.11513143052918133 -0.644589838703594
60872 33424.52592 -0.001987402915606632 0.7558167042996609 -0.03030987995978785 -0.6540783369811856
60872 33844.52592 0.16513663331265532 0.7375452926498454 -0.1742465483169151 -0.6311853721592862
60872 34264.52592 0.3241082251072071 0.6827579836289948 -0.3095557212337777 -0.5770360904312318
60872 34684.52592 0.46707239983387383 0.5941546686968563 -0.42953784146999674 -0.49428822130863165
60872 35104.52592 -0.5869089932035524 -0.4761496240519203 0.5282143363279971 0.3870516556088878
60872 35524.52592 -0.6777006058978298 -0.33456725752551963 0.6007218349857327 0.2606144967743376
60872 35944.52592 -0.7349918990372267 -0.1761787849252241 0.643505858136113 0.12102956100237466
60872 36364.52592 -0.7557705579285555 -0.008861856232986052 0.6543089779315349 -0.02474050667743025
60872 36784.52592 -0.7389176118967963 0.15889817768066586 0.6325315856838143 -0.1692806104396443
60872 37204.52592 -0.6853053371533595 0.31869184123133854 0.5792840416945978 -0.3053229507254099
60872 37624.52592 -0.5975488658241416 0.46272533221025486 0.49715139214241366 -0.4262172136059867
60872 38044.52592 -0.48006328642468327 0.5837140905597875 0.390256532021193 -0.52584878123267
60872 38464.52592 -0.33881845469057664 0.6755875165829736 0.2640212150677571 -0.599229805827852
60872 38884.52592 -0.18095656730873977 0.7338329234433444 0.12482570188378123 -0.6427771817415843
60872 39304.52592 -0.014395324437783167 0.7556885617977227 -0.020339855551962473 -0.6544569217897734
60872 39724.52592 0.1526855352786322 0.740231003028424 -0.16433286739210362 -0.6338295497741487
60872 40144.52592 0.3121392070333375 0.6883208109478929 -0.30012001365879076 -0.5819893075049417
60872 40564.52592 0.4562154473547005 0.6025385639228317 -0.42109091886880784 -0.5014949477581856
60872 40984.52592 -0.5778802628749441 -0.4870718932230343 0.5213355331989099 0.3962633397576956
60872 41404.52592 -0.6711503231457933 -0.3475227123859823 0.5959273069357603 0.2713961181842496
60872 41824.52592 -0.7313617409919206 -0.19069239479117434 0.6411405697132116 0.13298565430110118
60872 42244.52592 -0.7554359634634176 -0.02425751261962913 0.6546600977486658 -0.0121751633793495
60872 42664.52592 -0.7420536070392565 0.1435684485512058 0.6357107361789814 -0.15689615918627842
60872 43084.52592 -0.6918458268825421 0.30424512075202564 0.585210144939795 -0.2937913282984048
60872 43504.52592 -0.6074095053220383 0.4497066002715387 0.5057482261286181 -0.4159764395785023
60872 43924.52592 -0.49283882665027157 0.572967961575731 0.40116014465352806 -0.5175791188748783
60872 44344.52592 -0.35385144804982677 0.6678354350161824 0.2766610855426 -0.5935011610739925
60872 44764.52592 -0.19733330807367727 0.7295990952132442 0.13842464895558318 -0.6399869860788095
60872 45184.52592 -0.03109903889889277 0.7551870293000794 -0.0066352818535657205 -0.6547376372190694
60872 45604.52592 0.13661913025494368 0.7433672027533721 -0.1513197968601054 -0.6370578735069727
60872 46024.52592 0.2975416001304814 0.6947586925484455 -0.28846813002909144 -0.5878481889720225
60872 46444.52592 0.44372816635263074 0.6117930154999695 -0.4113005885264035 -0.509555145640411
60872 46864.52592 -0.5679585520704464 -0.49860078388709195 0.5137461101129045 0.40606067992490846
60872 47284.52592 -0.6641551624203919 -0.36070337880362385 0.5907956175678937 0.2824031356280654
60872 47704.52592 -0.7275658667195365 -0.2046877127685014 0.6386473718674666 0.1445004644733949
60872 48124.52592 -0.7548544603566416 -0.03827159086110552 0.6547742996434887 -8.03454430932349E-4
60872 48544.52592 -0.7445410932558518 0.1300574534136352 0.6382835351356259 -0.14607446060043933
60872 48964.52592 -0.6972521000264952 0.2916452025314158 0.5901035617624691 -0.28383158958139165
60872 49384.52592 -0.6154688738482438 0.4386095860336301 0.5127255505433715 -0.40734777056389887
60872 49804.52592 -0.5033585320895029 0.5637409605865406 0.410064611262955 -0.5105617809035722
60872 50224.52592 -0.36630958792627843 0.6610726464775034 0.2870463246325251 -0.5885615085846753
60872 50644.52592 -0.2111780112118528 0.7257004866418166 0.1498284153097545 -0.6374277192232893
60872 51064.52592 -0.04560931711931849 0.7544394131488702 0.005180621876691621 -0.654762646488381
60872 51484.52592 0.12224591012325464 0.745856759595248 -0.13975694084176413 -0.6397043294450688
60872 51904.52592 0.2841125299491842 0.7003471166785427 -0.27781692244931605 -0.5929685860875908
60872 52324.52592 0.431926594321563 0.6201674703812814 -0.40209982059411564 -0.5168630960678451
60872 52744.52592 -0.5582423716945151 -0.5094395015512144 0.5063408186600474 0.4152780081617688
60872 53164.52592 -0.6570992382879622 -0.3733787576643128 0.5856309117779764 0.29299373634350995
60872 53584.52592 -0.7234867569447884 -0.21862779844965716 0.6359526716174053 0.15599037705337226
60872 54004.52592 -0.7539442190489715 -0.05312571973880167 0.6546891209413391 0.011310498924782527
60872 54424.52592 -0.7470229417577908 0.11489338890806637 0.6409720896526439 -0.13383203637051655
60872 54844.52592 -0.70313968791495 0.2771313784857714 0.5955418831735027 -0.2722547404979405
60872 55264.52592 -0.6245266393962352 0.4256010104948872 0.5206883295053554 -0.3971321191582194
60872 55684.52592 -0.5151093754337485 0.5530089484365979 0.42013182763464363 -0.5023272655328158
60872 56104.52592 -0.3802956840204419 0.6531107182105015 0.29882706192441527 -0.5826868537521752
60872 56524.52592 -0.22676167651460621 0.7209693964416545 0.1627785067579544 -0.6342597489960183
60872 56944.52592 -0.062032123764084734 0.7532560524961323 0.018666044126360016 -0.6545295362288353
60872 57364.52592 0.10583500511608807 0.7483530039672017 -0.12644156521242894 -0.6424789986699753
60872 57784.52592 0.2686015571275635 0.7064335691086367 -0.2653967404301844 -0.5986396128841744
60872 58204.52592 0.4182190910072705 0.6294853908883273 -0.3913020277692865 -0.5250939512495517
60872 58624.52592 -0.546928840539465 -0.5215530491991229 0.4976310840613355 0.4256930401512266
60872 59044.52592 -0.6487123599633595 -0.3877421490594098 0.5794190678276493 0.30512594729274833
60872 59464.52592 -0.7184310563212076 -0.23466588825144014 0.6325406777435633 0.1693547436715901
60872 59884.52592 -0.7525635883301456 -0.0698929359677753 0.6543184503547673 0.025107539640424736
60872 60304.52592 -0.7493634625942135 0.09840852472565695 0.6436331463714691 -0.12044308233391213
60872 60724.52592 -0.7089491689256829 0.2618908511326394 0.600978425710337 -0.26005612817876467
60872 61144.52592 -0.6333437349874366 0.41235430573397513 0.5284811889214587 -0.3867134247100514
60872 61564.52592 -0.5263572245216095 0.5423062644542087 0.42977994773480177 -0.4941064503249283
60872 61984.52592 -0.39338679568286183 0.6453041558092283 0.3098355735128673 -0.5769153255579732
60872 62404.52592 -0.2410458682202211 0.7163163379751851 0.17460637460238823 -0.6311104557143628
60872 62824.52592 -0.076946345667163 0.7518773721688287 0.030857785805960464 -0.6540699306374813
60872 63244.52592 0.09084983632687792 0.7503203160672062 -0.11433322321056949 -0.6447430841866157
60872 63664.52592 0.25415013509557133 0.711763566209061 -0.2538553450254386 -0.6036205749063546
60872 64084.52592 0.40497423791547094 0.6380888611675128 -0.38087715041805126 -0.5327016690119858
60872 64504.52592 -0.535908820128768 -0.5328686419379944 0.4891466482893289 0.43541738988545814
60872 64924.52592 -0.6404687044076081 -0.40120884857051076 0.5732972577301891 0.3164831003106011
60872 65344.52592 -0.7133743110837554 -0.2496115008724459 0.6290852241332413 0.1817772584654417
60872 65764.52592 -0.7509422279447451 -0.08557424634068246 0.6536976272176968 0.037976714214896894
60872 66184.52592 -0.7512540383492634 0.08276777132196245 0.645874121432034 -0.10776588123667377
60872 66604.52592 -0.7142561979681218 0.24705938691955154 0.6059693758319201 -0.24819520251796118
60872 67024.52592 -0.6418033175892071 0.3990639121038716 0.5359749766236009 -0.37625432890688626
60872 67444.52592 -0.5375491214062099 0.5312183796447386 0.4394022569384711 -0.48556527038124137
60872 67864.52592 -0.40675172247581814 0.6369686883005801 0.321106162396102 -0.5707142532466154
60872 68284.52592 -0.25592938342817906 0.711139087867246 0.18697652732483472 -0.6275516924006809
60872 68704.52592 -0.09261445760303816 0.7501146758655877 0.04371736894087996 -0.6533294168693511
60872 69124.52592 0.07517358756999347 0.7520610622580008 -0.10162119812924754 -0.6468587345456503
60872 69544.52592 0.23924371558737112 0.7169220926747439 -0.24192282924379177 -0.6084887034920978
60872 69964.52592 0.3915778368728246 0.6464079376791715 -0.3703193193165443 -0.5400807138903325
60872 70384.52592 -0.5246953609855557 -0.5439272884838683 0.48049175227022073 0.44493320735040337
60872 70804.52592 -0.6319917260925415 -0.41444989214190975 0.5669725168803901 0.32765822156088986
60872 71224.52592 -0.7080454607325 -0.2643751568155943 0.6253957632811236 0.1940555107819733
60872 71644.52592 -0.7490162926083529 -0.10113401109015464 0.6528174484826545 0.050753169010923214
60872 72064.52592 -0.7528217133432029 0.0671717791311344 0.6478427064127689 -0.09511702137441837
60872 72484.52592 -0.7192456014788564 0.23217735269053716 0.610695755791598 -0.23628401450174547
60872 72904.52592 -0.6499754133387444 0.3856344243015141 0.5432326472188276 -0.3656724543145036
60872 73324.52592 -0.5485036162438723 0.5199140410368293 0.448836251749663 -0.476842942713282
60872 73744.52592 -0.4199430919393123 0.6283579103323692 0.33224848020256337 -0.5642916652390636
60872 74164.52592 -0.27070526069244655 0.7056523188881977 0.19927516167689205 -0.6237490493938987
60872 74584.52592 -0.10823882122206872 0.7480265762961349 0.05655636603830106 -0.6523357848498589
60872 75004.52592 0.0594816251130341 0.753473357778895 -0.08888452335875105 -0.6487213399438911
60872 75424.52592 0.2242651836821078 0.7217583952131558 -0.2299258478274113 -0.613110145755399
60872 75844.52592 0.3780565796807905 0.6544195678999744 -0.3596575471543487 -0.547224543021044
60872 76264.52592 0.5133002891176655 0.5547041727737029 -0.4716941551329416 -0.45423641191848946
60872 76684.52592 -0.6232900613483494 -0.4274354132709984 0.5604745555610233 0.3386395421017678
60872 77104.52592 -0.7024468652155456 -0.27892805829082884 0.6214986127204892 0.20617229259400607
60872 77524.52592 -0.7467808875229266 -0.11655147594170763 0.6516992086329689 0.06342082428857017
60872 77944.52592 -0.7540574890467454 0.05162925764095089 0.6495569991546466 -0.08250713797709996
60872 78364.52592 -0.7239053856932749 0.2172525655356803 0.6151714487401345 -0.2243354719775717
60872 78784.52592 -0.6578452421093925 0.37207106205422663 0.5502635080786253 -0.35498286422428793
60872 79204.52592 -0.5592082667940437 0.5083934428410926 0.4580873768398687 -0.4679510410345833
60872 79624.52592 -0.43295657688862205 0.6194694178985837 0.3432639326094624 -0.5576523248286185
60872 80044.52592 -0.28535880587955115 0.6998594338737248 0.21148804837635127 -0.6197095530318281
60872 80464.52592 -0.12379253445256841 0.7456155434943966 0.0693490072185362 -0.6510941444301036
60872 80884.52592 0.04380113556517977 0.7545544634767901 -0.07614980654531987 -0.6503308612802906
60872 81304.52592 0.20922970658710321 0.7262681441340774 -0.2178807036432455 -0.617483207607658
60872 81724.52592 0.36440357574158416 0.6621273455982283 -0.34889359937372844 -0.5541395749392352
60872 82144.52592 0.5016900821135422 0.5652331147823475 -0.4627305343960784 -0.46335627760921977
60872 82564.52592 -0.6143062430353252 -0.4402542466936895 0.553760761130694 0.3495040163831461
60872 82984.52592 -0.6965221100115155 -0.29341323982704776 0.6173574062409545 0.2182554785537873
60872 83404.52592 -0.7442069198521842 -0.1320063583364535 0.650333186446258 0.07613887580946439
60872 83824.52592 -0.7549719446584571 0.03595407533847345 0.6510424067216201 -0.06977429251023429
60872 84244.52592 -0.7282799923196892 0.20212711645491388 0.6194498650514513 -0.21221391629248534
60872 84664.52592 -0.6654775383882271 0.35825399745378117 0.5571360096616408 -0.3440831090702303
60872 85084.52592 -0.5697266599116936 0.49658235166854314 0.4672207937665454 -0.45882701628104233
60872 85504.52592 -0.44583437778965 0.6102658521636646 0.3542019106921836 -0.5507706453015432
60872 85924.52592 -0.29990523366033944 0.6937474736817884 0.22364122555123386 -0.6154314712599737
60872 86344.52592 -0.1392648067366885 0.7428781403338007 0.08209808525065147 -0.6496131822992538
60873 364.52592 0.028149364603677597 0.7552992471743427 -0.06342298344759462 -0.6516963907072729
60873 784.52592 0.19413949932712604 0.7304469978558087 -0.20578134146765883 -0.6216197210740821
60873 1204.52592 0.3505920995025031 0.6695439372543053 -0.33799411553738623 -0.5608529876130909
60873 1624.52592 0.48985283230528814 0.5755218442919813 -0.4535813977137365 -0.47231634004478057
60873 2044.52592 -0.6049578316438456 -0.45300952831092844 0.5467601925052117 0.360363262672474
60873 2464.52592 -0.690181996885151 -0.3080194399709125 0.6129014273832776 0.23048790876566955
60873 2884.52592 -0.7412444608120942 -0.14771732944610558 0.6486871856059139 0.08911327133136353
60873 3304.52592 -0.7555624042090353 0.019960121217956536 0.6523091703922854 -0.05674322099559689
60873 3724.52592 -0.7323873942593324 0.18669767463047618 0.6235581341956669 -0.19981975952346845
60873 4144.52592 -0.6728638177692593 0.3441806200584539 0.563852119768451 -0.3329636174505851
60873 4564.52592 -0.5799701893738758 0.48457640442753563 0.47616397887020045 -0.4495421592422799
60873 4984.52592 -0.45838065590545224 0.6008933506534092 0.3648919562751669 -0.5437538190007386
60873 5404.52592 -0.31410036094138366 0.687429066264975 0.23552476174693004 -0.6109912672981579
60873 5824.52592 -0.15441654868936058 0.739869532752875 0.09459766818873622 -0.647919659501209
60873 6244.52592 0.012811663980114461 0.75570951175748 -0.05094687446175399 -0.65279660774847
60873 6664.52592 0.1793642031830195 0.7342106663080389 -0.1939379756547359 -0.6254208516630773
60873 7084.52592 0.33707423047057844 0.676444216097501 -0.3273407480241026 -0.5671439150197466
60873 7504.52592 0.4781816676474702 0.5852430734773133 -0.44457947527189484 -0.48081381827031444
60873 7924.52592 -0.5956817241780752 -0.4651180718292417 0.5398312892966378 0.3706894142465002
60873 8344.52592 -0.6837955471777072 -0.3219141392166126 0.608416091308918 0.24212557995541442
60873 8764.52592 -0.7380646011777652 -0.16280130484071165 0.6468705545015512 0.10156212556521108
60873 9184.52592 -0.755802326959277 0.004354507188126279 0.6533030256548215 -0.04403450352106266
60873 9604.52592 -0.7361287697484136 0.1713113684712427 0.627395987697228 -0.18745965966739864
60873 10024.52592 -0.6800054209855626 0.32982699128371673 0.5704141361872823 -0.32161233883154294
60873 10444.52592 -0.5901945616621687 0.47205639643878833 0.48515248938442895 -0.4398411076851703
60873 10864.52592 -0.4711604668820387 0.5909166535150094 0.3758376290953696 -0.5362568410771961
60873 11284.52592 -0.32877040903255894 0.6805291771316191 0.24785534065558285 -0.6061004762625009
60873 11704.52592 -0.17009371752794541 0.7364205974697609 0.10756596197082664 -0.6458965820509462
60873 12124.52592 -0.0030717523775940806 0.7558113140680597 -0.037998528193942546 -0.6536787695184368
60873 12544.52592 0.16405495508031728 0.7377835108193711 -0.1816421133714975 -0.629100632273227
60873 12964.52592 0.32304409459583694 0.6832555931488979 -0.31626252078405276 -0.5733954353888949
60873 13384.52592 0.46605388637894274 0.5949417663716917 -0.4352053559588779 -0.48932031202712356
60873 13804.52592 -0.5860123908213376 -0.47723066103266765 0.5325877043920441 0.38103898895598004
60873 14224.52592 -0.6770493006162074 -0.33585304920866665 0.603644460352118 0.25381162179566474
60873 14644.52592 -0.7345998376901225 -0.17775376687375985 0.6448206530903919 0.1138990876869308
60873 15064.52592 -0.7557318354178835 -0.010875096806305556 0.6540254967391761 -0.031650826536512695
60873 15484.52592 -0.7394148242127262 0.15650605262726228 0.6308223804602997 -0.17559811370255854
60873 15904.52592 -0.686484021068962 0.3161127510764467 0.5763784781038752 -0.31080583553487195
60873 16324.52592 -0.5995906974350477 0.46005067253578313 0.4934044996175941 -0.43057679222856216
60873 16744.52592 -0.483072244803869 0.581203213173001 0.3860254949330001 -0.52898804198135
60873 17164.52592 -0.34256788737275284 0.6736732927505754 0.2594319951973918 -0.601254170084056
60873 17584.52592 -0.18488697921639924 0.7328335891852887 0.1197700212968604 -0.6437599533029309
60873 18004.52592 -0.017749431756225776 0.7555988660738568 -0.02609568479308806 -0.6542738925674879
60873 18424.52592 0.15013337945173313 0.740733412718502 -0.1705404632340129 -0.632210352696578
60873 18844.52592 0.3103532279329663 0.6891060672629353 -0.3063174615665252 -0.578777431066934
60873 19264.52592 0.4549787211202766 0.6034479763351829 -0.4267007948858877 -0.49676084268839277
60873 19684.52592 -0.5769412351507857 -0.4881539406758663 0.5258154060071343 0.39033664981764277
60873 20104.52592 -0.6703616304619108 -0.34900390746066073 0.5989012913934457 0.26481842864291394
60873 20524.52592 -0.7307841721828665 -0.19282890641196143 0.6424976982257045 0.12636539998607643
60873 20944.52592 -0.7553193828091745 -0.02719058679498604 0.6545365538874852 -0.01830851079709151
60873 21364.52592 -0.7427308360427622 0.13992954061299423 0.6343961335331684 -0.16221027899989018
60873 21784.52592 -0.6934955894111229 0.30042192972732185 0.5829340839019111 -0.2983259717685856
60873 22204.52592 -0.6098494087461732 0.4463635168730604 0.5025114679229596 -0.4199113407167856
60873 22624.52592 -0.49577541984497603 0.5704049004581369 0.3969676965669408 -0.5208278319111007
60873 23044.52592 -0.3568914009408526 0.6661935445101024 0.27150649425492157 -0.5959017643579719
60873 23464.52592 -0.20016858610774874 0.7288060294518072 0.13243196908689375 -0.6412769153291613
60873 23884.52592 -0.033608330264164814 0.7550601034751491 -0.013141857474184079 -0.6546617537775369
60873 24304.52592 0.13452724039969022 0.7437287573026425 -0.1579744096287487 -0.6354636441638177
60873 24724.52592 0.2958412966999391 0.6954644810106068 -0.2948193740508215 -0.5847124246189984
60873 25144.52592 0.4423219669006236 0.6127920299998251 -0.41687369432672905 -0.5050282452935103
60873 25564.52592 -0.5667634372436444 -0.49994236476668524 0.5181389238003069 0.4004608517175229
60873 25984.52592 -0.6631111687713844 -0.3625972946412627 0.5937075064518336 0.27625744614803044
60873 26404.52592 -0.7267470841903478 -0.20753702532558177 0.6399790887439493 0.13854177965617717
60873 26824.52592 -0.754627398875996 -0.04232073549031692 0.6547601560028179 -0.005965092151230682
60873 27244.52592 -0.7453861450387763 0.12505491301677635 0.6373267667699761 -0.1502509762801135
60873 27664.52592 -0.6993849428652291 0.2864635956228533 0.5884468830197471 -0.2872796128174964
60873 28084.52592 -0.6187317262092584 0.4339788585243236 0.5103800211962165 -0.41029944589261386
60873 28504.52592 -0.5072852380067252 0.5602011862170009 0.40686670941412423 -0.5131235709183974
60873 28924.52592 -0.37051441008786334 0.6587212583552925 0.2829907063712753 -0.5905265750290578
60873 29344.52592 -0.21524326284290435 0.7245039669220764 0.1449432643712961 -0.6385575853658837
60873 29764.52592 -0.049176043624480074 0.7542145831485987 -4.1128781807556186E-4 -0.654783865211842
60873 30184.52592 0.11912349820473726 0.7463614329384755 -0.14555659821086558 -0.638410119213952
60873 30604.52592 0.2814891077971491 0.7014083465738258 -0.2834371522693365 -0.5902995800960609
60873 31024.52592 0.4297997447464513 0.6216503982148243 -0.4071458031148955 -0.5128891272206524
60873 31444.52592 -0.5566822236615442 -0.5111537173143991 0.510532615753473 0.4101014842533817
60873 31864.52592 -0.6558856528762982 -0.37552063738018915 0.5885190917395355 0.2871298311055133
60873 32284.52592 -0.7226205039703171 -0.22149749109256936 0.6373642515510007 0.15008424143198618
60873 32704.52592 -0.7536910254716651 -0.05669593215729186 0.6547537389322482 0.005740274778004227
60873 33124.52592 -0.7476394382521978 0.1108537288084583 0.6398953978878016 -0.13885460360107266
60873 33544.52592 -0.7047547192634667 0.2730137109503069 0.59350435154743 -0.27665300288136985
60873 33964.52592 -0.6270647561539514 0.4218663433176112 0.5177778222282564 -0.4009048600029401
60873 34384.52592 -0.5183146509534193 0.5500225241530589 0.4163674004869514 -0.5054338070836493
60873 34804.52592 -0.383791033388774 0.651080628579931 0.2942037024825024 -0.5850150760655028
60873 35224.52592 -0.23012798594394157 0.7199189201870422 0.157319436076704 -0.6356165931397765
60873 35644.52592 -0.06496009745943904 0.753025262397293 0.012531582469203743 -0.6546572380798716
60873 36064.52592 0.10349574514332718 0.7486964500508492 -0.13293174841247 -0.6411485059504448
60873 36484.52592 0.2667484803722919 0.7071545401202022 -0.27172114839941003 -0.5957728779652228
60873 36904.52592 0.416688467947645 0.6305218518227522 -0.39693032736334627 -0.5208255276699467
60873 37324.52592 -0.5458592978771273 -0.5227015498576112 0.5023310193263223 0.4201003019757531
60873 37744.52592 -0.6478903936252275 -0.3891553245762308 0.5827395756899455 0.2986817003547732
60873 38164.52592 -0.7178420947109698 -0.2365300633624907 0.6342842259875121 0.16260312681534103
60873 38584.52592 -0.7523497454560186 -0.07238295649590855 0.6545107799026002 0.018606641622424192
60873 39004.52592 -0.7497890233823606 0.09527816825185126 0.6424911502402573 -0.1262680202301786
60873 39424.52592 -0.7102850789875289 0.2583033563225354 0.5988088935010488 -0.26495733947985417
60873 39844.52592 -0.6357096300969028 0.40873260597585176 0.5255375131814106 -0.39066769159139153
60873 40264.52592 -0.5296591273683107 0.5391116549973469 0.42620922170079334 -0.49715745149667134
60873 40684.52592 -0.39728489516179066 0.642938726271758 0.30564998466508286 -0.5791136272015789
60873 41104.52592 -0.24511264637217467 0.7149594928620618 0.16981016066552854 -0.6323900880703303
60873 41524.52592 -0.08069598306234467 0.7515068902394805 0.025450767024147287 -0.6542765552104628
60873 41944.52592 0.08778016817519761 0.7507083265788242 -0.12022133229849641 -0.6436446859414984
60873 42364.52592 0.2518482736114927 0.7126054309703888 -0.2598653269835186 -0.6010290830418826
60873 42784.52592 0.4033701286477475 0.6391312526893536 -0.38654242405415723 -0.5285723560277942
60873 43204.52592 -0.5347975399021854 -0.5340171829697125 0.4939383752985349 0.42993269358715525
60873 43624.52592 -0.6396346069418946 -0.4025808347601125 0.5767549208858644 0.3100806384153631
60873 44044.52592 -0.7127795642174337 -0.2513725892416007 0.6309824837325101 0.17498062588392907
60873 44464.52592 -0.7506948552024655 -0.08790947116510509 0.6540231143277986 0.03135163754875018
60873 44884.52592 -0.7515957137087838 0.07981307660814278 0.6448187401693977 -0.11376532100459165
60873 45304.52592 -0.7154558784841852 0.24362856840118666 0.6038325076591414 -0.2532870097247072
60873 45724.52592 -0.644004333288632 0.39553812395127647 0.5330265499078843 -0.38038231859520877
60873 46144.52592 -0.5406915799450086 0.5280439679876708 0.4358148425475176 -0.48876129783738853
60873 46564.52592 -0.410529563684499 0.634559002626121 0.31691294988464447 -0.5730327492583388
60873 46984.52592 -0.25993227805287705 0.7097003748881285 0.18218917825706726 -0.6289417238790141
60873 47404.52592 -0.09636282055661609 0.7496548571858053 0.03833411020254192 -0.6536530409223863
60873 47824.52592 0.07204322273757123 0.7523795117408799 -0.10747980784115874 -0.6458970005167756
60873 48244.52592 0.23686984783037152 0.717721136071081 -0.24794382379254576 -0.6060469505482099
60873 48664.52592 0.3899167108404446 0.6474215123791375 -0.37605235436039147 -0.5360923154607666
60873 49084.52592 -0.5235437874950944 -0.5450446074214822 0.48540335174523946 0.4395587157713301
60873 49504.52592 -0.6311315713918696 -0.4157707968701682 0.5705859296949515 0.32130870031252323
60873 49924.52592 -0.7074180549646728 -0.26606923517973313 0.6274573849206746 0.1872540726109302
60873 50344.52592 -0.7487145099678526 -0.10339122587185895 0.6532951022585668 0.044072058509685916
60873 50764.52592 -0.7530790433567232 0.06429414052234009 0.6469114214045252 -0.10121181160216945
60873 51184.52592 -0.7203284500358341 0.22881587874985831 0.608643334805099 -0.24150260598641793
60873 51604.52592 -0.6520382896182667 0.38214479972635673 0.5403316118235026 -0.36993671104393483
60873 52024.52592 -0.5514952190014017 0.5167406196171984 0.4452604432954257 -0.48018256225376493
60873 52444.52592 -0.4235707006117744 0.625915553635061 0.3280344908809343 -0.5667547565688814
60873 52864.52592 -0.27457230025700147 0.7041510384623996 0.19444034671174465 -0.6252793923795344
60873 53284.52592 -0.11188343883958941 0.7474834089363702 0.051107819290973085 -0.6527929536121022
60873 53704.52592 0.056407897488435395 0.7537026268507867 -0.09481816472127522 -0.6478888909512548
60873 54124.52592 0.22190653693700108 0.7224773030108804 -0.2360362415492672 -0.6107953242896084
60873 54544.52592 0.37636732636659237 0.6553790706359836 -0.3654867067863505 -0.5433648650570313
60873 54964.52592 -0.5120881033036194 -0.5558082796805695 0.4767058880772936 0.44899268030321643
60873 55384.52592 -0.6223388955799729 -0.4287977015038997 0.5641933256333058 0.3324345372311706
60873 55804.52592 -0.7017177100067159 -0.2807194533839959 0.623681147558382 0.1995261139174035
60873 56224.52592 -0.7463890827717111 -0.11893762794791375 0.652320558182447 0.05687765070630151
60873 56644.52592 -0.7542414678412658 0.048625207489952034 0.6487842414257607 -0.08851217691827601
60873 57064.52592 -0.7249165543796682 0.21380228621128144 0.6132667602348942 -0.22953965319337669
60873 57484.52592 -0.6598198404865108 0.36852970478493186 0.547472539531931 -0.3593013404510825
60873 57904.52592 -0.5620731317863942 0.5051993188568124 0.45455874559497833 -0.4714061831940345
60873 58324.52592 -0.4364147624269327 0.6170125134350638 0.33902624076942234 -0.5602668305996196
60873 58744.52592 -0.28905193779034105 0.6983191318669814 0.2065800705203441 -0.6213888008260239
60873 59164.52592 -0.12729333911525606 0.7450040686021383 0.06380513159610214 -0.651685697836889
60873 59584.52592 0.04081542291692844 0.7547001328279185 -0.08217798468010604 -0.6496218820171861
60873 60004.52592 0.20689560848151736 0.7269126925117209 -0.22407083319624618 -0.6152921309160089
60873 60424.52592 0.36267651217740204 0.6630488695679172 -0.3547845205590128 -0.5504179212664257
60873 60844.52592 0.5004033045049473 0.5663413693952141 -0.4678111988266287 -0.458264845263604
60873 61264.52592 -0.6132554734820768 -0.44167473268543267 0.5575590103861519 0.3434663079382609
60873 61684.52592 -0.6956978537185725 -0.29529832384340154 0.6196440847975869 0.2117654467612931
60873 62104.52592 -0.7437368274408193 -0.13448389280863027 0.6510841983218686 0.06970638979944
60873 62524.52592 -0.7550850289995854 0.032892646025157894 0.6504060933596705 -0.07574025705508677
60873 62944.52592 -0.7292044103104341 0.19866941560905985 0.6176577814086741 -0.21746322988193043
60873 63364.52592 -0.667327029643486 0.3547468054121581 0.5544045570032115 -0.34851818708805327
60873 63784.52592 -0.572413939239947 0.4934496597340849 0.4636744175233986 -0.46244540218977115
60873 64204.52592 -0.4490629059738076 0.6078703405482105 0.34986279654299934 -0.5535631663643037
60873 64624.52592 -0.30338136168341906 0.692215913826754 0.21860724406026882 -0.6172582529804527
60873 65044.52592 -0.14261501431311632 0.7422269949135255 0.07644546990540757 -0.6503200257143005
60873 65464.52592 0.025237379975803803 0.7553873117815784 -0.06953004735329923 -0.6510903596018032
60873 65884.52592 0.19182345795902617 0.7310430806984354 -0.21203160812250857 -0.6195339960781534
60873 66304.52592 0.34885081583577704 0.670434893271479 -0.3439519737054424 -0.5572407037886805
60873 66724.52592 0.48851749856563725 0.5766331060778578 -0.4587307682414693 -0.4673446232051524
60873 67144.52592 -0.6039166524062123 -0.4543678154446106 0.5506954060692428 0.354357354895871
60873 67564.52592 -0.6893862484776677 -0.3097561751033731 0.6153513563814638 0.22392056760089876
60873 67984.52592 -0.7407732218494548 -0.14997702306374275 0.6495799061198064 0.08250982916658653
60873 68404.52592 -0.7556138940926223 0.017142754085541664 0.6517614878557465 -0.06293434662098132
60873 68824.52592 -0.7331899531174036 0.18344991085049425 0.6217971777068358 -0.2052970838868851
60873 69244.52592 -0.6745583672815624 0.3408122504109586 0.561112112011727 -0.33759623347127277
60873 69664.52592 -0.5825187139099862 0.48148736914235907 0.4726062167397518 -0.45330478179693173
60873 70084.52592 -0.4615198017328883 0.5984722174130171 0.36055762050221063 -0.5466522476775941
60873 70504.52592 -0.31757693896761924 0.6858229833203614 0.23054018158866485 -0.6128971757632612
60873 70924.52592 -0.15787593646239512 0.7391358941674434 0.08905254966319809 -0.648708688116553
60873 71344.52592 0.009642749663443285 0.7557538993488667 -0.05685347326865881 -0.652311845343315
60873 71764.52592 0.17665492623092696 0.7348647977518626 -0.19990379700244346 -0.6235424909398442
60873 72184.52592 0.3348573979272749 0.6775428437540345 -0.33297480561359544 -0.5638563618135908
60873 72604.52592 0.47640511239881855 0.5866920437577591 -0.44945851455638086 -0.47625377517074263
60873 73024.52592 -0.5943059483719453 -0.46688194504400343 0.5436063935787646 0.3651215934205208
60873 73444.52592 -0.6827761807399122 -0.32408626596687845 0.610814334000211 0.23598861965303178
60873 73864.52592 -0.7374934415428203 -0.1653973019222869 0.6478200326648632 0.09526994004537993
60873 74284.52592 -0.7558189909123801 0.0014039459930796474 0.6528578251946532 -0.050123267989505296
60873 74704.52592 -0.7368576649342435 0.16817295799553209 0.6256849983429082 -0.1930723198061341
60873 75124.52592 -0.6814956364122868 0.32674872116696724 0.5675897779251889 -0.32655905248759887
60873 75544.52592 -0.5923941560811757 0.4693018315847277 0.48136545635962025 -0.44397325610422295
60873 75964.52592 -0.47382842245165346 0.5887860197317344 0.37115164951398083 -0.5395035700609314
60873 76384.52592 -0.3317308730427539 0.679096959488651 0.24246530753406814 -0.6082701062241771
60873 76804.52592 -0.17322583791894505 0.73569699638651 0.1017612563577865 -0.6468287140268525
60873 77224.52592 -0.006164174181483663 0.7557992809163523 -0.043974890322252956 -0.6532959964243858
60873 77644.52592 0.16115342104875824 0.738430057231363 -0.18748192502632155 -0.6273764047603261
60873 78064.52592 0.3204422334636999 0.6844901447367568 -0.32164042400523685 -0.5703836028645817
60873 78484.52592 0.4638254300648561 0.5966972796025367 -0.43980699009598295 -0.4851681547698651
60873 78904.52592 -0.5842290221208585 -0.47944068558452185 0.5361519863885458 0.3759709113875247
60873 79324.52592 -0.6757927125872543 -0.3384186776700957 0.6059928701189594 0.2480920183782032
60873 79744.52592 -0.733916498613701 -0.18063467229445893 0.6458305059831664 0.10789182438538214
60873 80164.52592 -0.7556989205644068 -0.01400930469222924 0.6536899858362349 -0.03758035733270369
60873 80584.52592 -0.7401170244799433 0.15324269528608922 0.6292323767385654 -0.18113553621624306
60873 81004.52592 -0.6879710634744901 0.31290874219267895 0.5736842746778222 -0.3157060149388282
60873 81424.52592 -0.6018371603518056 0.45714072712473347 0.4897759989512165 -0.4346652262084959
60873 81844.52592 -0.48594243468733483 0.5788332184592422 0.3816145228098262 -0.5321488620291217
60873 82264.52592 -0.3459534159760952 0.6719649542265191 0.2544867078689204 -0.603337260397418
60873 82684.52592 -0.1885824129954274 0.7319129394284333 0.11450087231846924 -0.6446934720038371
60873 83104.52592 -0.02189445195384752 0.7555106266763373 -0.031146004500263752 -0.654029244266981
60873 83524.52592 0.1458640021672501 0.7416068080666846 -0.17523329799604226 -0.6309012017537503
60873 83944.52592 0.30635106796127054 0.6909172378299666 -0.31057633580976896 -0.5764761341663469
60873 84364.52592 0.4515969638035974 0.6060093979750163 -0.4304432131597976 -0.4934890394872006
60873 84784.52592 -0.5744117937896439 -0.49116258387654615 0.5289014268182405 0.38610061909391935
60873 85204.52592 -0.6687514034187476 -0.3521264823722564 0.6011215970971576 0.25967542498465096
60873 85624.52592 -0.7300170854089892 -0.19579537556119175 0.6436026118022783 0.12047781538981421
60873 86044.52592 -0.7552409759342849 -0.029830363407725196 0.654303421246445 -0.024662737763457846
60874 64.52592 -0.7431781962718259 0.13764931214119455 0.6326971567455536 -0.168621301439954
60874 484.52592 -0.6943772588436109 0.298431967752437 0.579802373508131 -0.3043152817368512
60874 904.52592 -0.6112134811227741 0.44452917741017683 0.4981941392074829 -0.4249876358014748
60874 1324.52592 -0.4978510004006265 0.5686205886415959 0.3919467629492257 -0.5245881647412605
60874 1744.52592 -0.35978425519457885 0.6646566036127116 0.2662047384632452 -0.5982657655321859
60874 2164.52592 -0.20387968364324588 0.7277933865439382 0.1272288187897019 -0.6423104302203203
60874 2584.52592 -0.03798393763083056 0.7548677014957738 -0.01797608575930893 -0.6545294753189642
60874 3004.52592 0.1297423565634118 0.7445932990439252 -0.16225596569190318 -0.6343664095218506
60874 3424.52592 0.291047487567326 0.6974994408187662 -0.29848733791653353 -0.5828303347817072
60874 3844.52592 0.43798383883449565 0.6159159899361578 -0.4199442926514845 -0.50245839761139
60874 4264.52592 -0.5632651636026145 -0.5038967705480462 0.5206027627049779 0.3972318763227774
60874 4684.52592 -0.660727513018102 -0.3669422808013455 0.5955158663751151 0.27231116208616296
60874 5104.52592 -0.7255106430249192 -0.21185272112919104 0.6409556352851943 0.13389774084680645
60874 5524.52592 -0.7544049380788674 -0.04627982999760362 0.6546805590794645 -0.011168361608260777
60874 5944.52592 -0.7459641844160005 0.12162078606509145 0.63600212319357 -0.15571486524655065
60874 6364.52592 -0.7005771928542377 0.2835613401204765 0.5858153120236383 -0.29258329316658355
60874 6784.52592 -0.6205243263142922 0.43142990908157014 0.5066290442763498 -0.4149033688676125
60874 7204.52592 -0.5098401692086862 0.5578903492217827 0.40241465881465593 -0.5166079775589411
60874 7624.52592 -0.37398737515629027 0.6567637262397304 0.2783057213070102 -0.5927400582103401
60874 8044.52592 -0.21963839278256453 0.7231882778502432 0.14039894703021472 -0.6395669057015836
60874 8464.52592 -0.05439365278744596 0.7538596457043059 -0.004504150853243717 -0.6547645971951357
60874 8884.52592 0.11360872094122791 0.7472238148294861 -0.1492496749004826 -0.6375532633591239
60874 9304.52592 0.2760703207006593 0.7035596959752594 -0.28666192810239877 -0.5887392217306834
60874 9724.52592 0.42481089635930447 0.6250666327876025 -0.4098051286207906 -0.510771145882449
60874 10144.52592 -0.5524315276197334 -0.5157346600548398 0.5125519948052379 0.4075875615509114
60874 10564.52592 -0.6527579020446483 -0.38091342990819443 0.589940323777459 0.28422261453865894
60874 10984.52592 -0.7208139275813282 -0.22728066881410744 0.6381418987245028 0.14678452398150932
60874 11404.52592 -0.7532326503855733 -0.062403986753904114 0.6547839978027465 0.0020574381633494472
60874 11824.52592 -0.7483915631569257 0.10560551369461152 0.6390318846611667 -0.14281384407412331
60874 12244.52592 -0.706492399794048 0.26846509074624525 0.5916278897275702 -0.2806624737658374
60874 12664.52592 -0.6296181478669596 0.418031192256126 0.5149223700792777 -0.40458109566493683
60874 13084.52592 -0.5216777770158377 0.5468215424404647 0.41279419379499205 -0.5083694043311296
60874 13504.52592 -0.3879776308108041 0.6485850719835233 0.29024816999567205 -0.5869980938680524
60874 13924.52592 -0.2351099373665102 0.718299004948954 0.15332987851816746 -0.6366001925812323
60874 14344.52592 -0.07060105490542279 0.752509217681186 0.008793421494095982 -0.6547274578704625
60874 14764.52592 0.09745583875450207 0.7494982717884459 -0.13623210450476403 -0.6404650761602796
60874 15184.52592 0.2607723493080617 0.709369595050545 -0.27457321729005274 -0.594476330732494
60874 15604.52592 0.41123910121258306 0.6340748613308969 -0.3993381641195836 -0.5189995207509073
60874 16024.52592 -0.5412426628105067 -0.5274561738269058 0.504212710104274 0.41787068288523943
60874 16444.52592 -0.6444565792275148 -0.39478231058073654 0.5840962847348 0.29606447760903093
60874 16864.52592 -0.7158373692839481 -0.24247932182167334 0.6350947992442082 0.1594842788443323
60874 17284.52592 -0.7517516241554917 -0.07820357263100959 0.6546207471306253 0.01501246926620539
60874 17704.52592 -0.7504364671487673 0.08990773811577947 0.6417287101740548 -0.13017668738497523
60874 18124.52592 -0.711976092302914 0.253557904832765 0.5970703078375106 -0.26889678388688715
60874 18544.52592 -0.6382838703661374 0.4046691140551467 0.5228533735583057 -0.3942853772573175
60874 18964.52592 -0.5330258697260704 0.5357565848278941 0.42275511141574595 -0.5001264038102547
60874 19384.52592 -0.40143939774685516 0.6403281518986044 0.30174514779747785 -0.5811851113057168
60874 19804.52592 -0.24990747944760625 0.7132743579641367 0.1656926973076101 -0.6335075943080095
60874 20224.52592 -0.08619194396385554 0.7508746482496266 0.021575839556251884 -0.6544407494641314
60874 20644.52592 0.08171760581988857 0.7513707947148313 -0.12355473700527557 -0.643038403761568
60874 21064.52592 0.24559000699933942 0.7147637512340388 -0.26256817548047573 -0.5998802227184722
60874 21484.52592 0.3973848348609836 0.6428454975425946 -0.3886268694635618 -0.5270712623950148
60874 21904.52592 -0.5296052047745103 -0.539140996430581 0.4954948060245073 0.4281707722933984
60874 22324.52592 -0.6357215084537855 -0.40870058993219255 0.5778946673956714 0.30799309225040705
60874 22744.52592 -0.7104190163938104 -0.2579216452205775 0.6317010776236252 0.17243837914429685
60874 23164.52592 -0.7499380213803832 -0.09402425909911366 0.6541921271292297 0.02801898626061108
60874 23584.52592 -0.7521000284927982 0.0747553627366364 0.6440794358222274 -0.11797823203526743
60874 24004.52592 -0.7167842103649497 0.23964158069389463 0.6018811948818688 -0.25793668956083204
60874 24424.52592 -0.6459185345091486 0.39237496649512127 0.5298395833198275 -0.3848391201437009
60874 24844.52592 -0.5432274679149057 0.5254134142329892 0.43169346574252254 -0.4924280799081252
60874 25264.52592 -0.4139699408079621 0.6323024878713556 0.31243313188645183 -0.5755067245817111
60874 25684.52592 -0.2645803330057141 0.7079655098654594 0.1779781301715355 -0.6301633672375516
60874 26104.52592 -0.10234660439819544 0.7488477728562271 0.03488572561164583 -0.6538617375294082
60874 26524.52592 0.06493700454421429 0.7530129724139664 -0.1099495835291352 -0.6454965049470659
60874 26944.52592 0.22923660812643226 0.7201838067159407 -0.24954718240841064 -0.605402399888577
60874 27364.52592 0.3825670178940597 0.6517826474955968 -0.3770947035773444 -0.5353703781282556
60874 27784.52592 -0.5172933721384272 -0.5509744918323166 0.4862157765643858 0.43866718034481034
60874 28204.52592 -0.6265781314835407 -0.42259381224833065 0.5713559167794351 0.3199480135227419
60874 28624.52592 -0.7047706865139988 -0.2729907501608366 0.628102206490064 0.18509983241354816
60874 29044.52592 -0.7478118985237903 -0.10969812170726817 0.6535047947484418 0.040928837766772336
60874 29464.52592 -0.7535047251179162 0.059038478950206905 0.6462688548912671 -0.10526943728238443
60874 29884.52592 -0.7216366400051334 0.2246381454301824 0.6068295380994979 -0.24604100290345868
60874 30304.52592 -0.6539615535459372 0.37883656367673707 0.5372875670837046 -0.37435172600464867
60874 30724.52592 -0.554042849417967 0.5140075551800639 0.4412568724896907 -0.48386478142891326
60874 31144.52592 -0.42700626321528984 0.6235805071228103 0.32362691004309885 -0.5692790400210861
60874 31564.52592 -0.2791896714939815 0.7023391512164835 0.19024705067774803 -0.6265611731571072
60874 31984.52592 -0.11781722012638701 0.746577426353432 0.047633786775213474 -0.6530484449553722
60874 32404.52592 0.0493485302893571 0.7542043319588785 -0.09733681653996396 -0.6475076002323119
60874 32824.52592 0.21428090560332133 0.7247852507934083 -0.23767905205704473 -0.6101464594172628
60874 33244.52592 0.3689728741189028 0.6595839731216525 -0.3665529146213743 -0.5426296723807749
60874 33664.52592 -0.5057381723595135 -0.5616080722928866 0.47752769798252476 0.44809884156672136
60874 34084.52592 -0.6176515188716063 -0.43554393370450506 0.5649652977339629 0.33109257829975314
60874 34504.52592 -0.6989336439276026 -0.28761507098630545 0.624340660021893 0.1974033246200594
60874 34924.52592 -0.7453676255176269 -0.12526203340080327 0.6525682414425679 0.05377002956169117
60874 35344.52592 -0.7545788013377229 0.0433160436870938 0.6482065438221694 -0.09253555790689948
60874 35764.52592 -0.7261844307234108 0.20950089950725542 0.6115562150112875 -0.23401825048836364
60874 36184.52592 -0.6617677505501812 0.3650463599853915 0.5445778817691832 -0.36364753550788526
60874 36604.52592 -0.5647193082034637 0.5022649015346804 0.45074843371759493 -0.4750241268921968
60874 37024.52592 -0.44001013080121976 0.614479478201014 0.33483913802637444 -0.5627511060032292
60874 37444.52592 -0.29386051619527787 0.6963324235015871 0.202609649708278 -0.6226688388276227
60874 37864.52592 -0.13341663873665718 0.743953210811217 0.06052298345063811 -0.6519743776454158
60874 38284.52592 0.033594805131232086 0.7550772266417941 -0.0845622221456178 -0.6492911530745867
60874 38704.52592 0.19914500102307608 0.7290979649480911 -0.2256464432875231 -0.6146878140225017
60874 39124.52592 0.35519059745520004 0.6671154506756558 -0.3558475352232676 -0.549699141917431
60874 39544.52592 0.4939778182197831 0.5719860339966671 -0.46866803458068845 -0.4573490629506755
60874 39964.52592 -0.6084867194262018 -0.44826172769737654 0.5583826793984529 0.3420732657070795
60874 40384.52592 -0.6928160443564431 -0.3020560249379216 0.6203578414898361 0.209581094049688
60874 40804.52592 -0.7426055683831009 -0.14072446003446765 0.6513865709722794 0.0665517190716736
60874 41224.52592 -0.7553214233673489 0.027590157099194552 0.6498952939745967 -0.07977742477190165
60874 41644.52592 -0.7304118602736038 0.19427289693482674 0.6160483179207725 -0.22190319032224504
60874 42064.52592 -0.6692850195409539 0.35108416120309205 0.5516647506742949 -0.35279381688722145
60874 42484.52592 -0.5751541951479824 0.49028383608480125 0.46007852170025504 -0.4659905210921746
60874 42904.52592 -0.45283092293406113 0.6050942116409381 0.3459341649014875 -0.5559988343757822
60874 43324.52592 -0.3084087941297399 0.6900132242795511 0.2148988103236201 -0.6185339662009438
60874 43744.52592 -0.14895032801418762 0.7410014649990679 0.07338121355905788 -0.6506503101899673
60874 44164.52592 0.017851933661328576 0.7556173930121876 -0.07177928161774812 -0.6508236309265796
60874 44584.52592 0.18396439724200334 0.733080830742332 -0.21356679708348958 -0.6189820832051752
60874 45004.52592 0.3413056046422388 0.6743295393443363 -0.3450537881696324 -0.5565321552949457
60874 45424.52592 0.48205312819979856 0.5820723997778654 -0.4596763407385475 -0.4663841386398601
60874 45844.52592 -0.5990972410083204 -0.46073211245569606 0.5516237826764635 0.35287337495770366
60874 46264.52592 -0.6864208708158295 -0.3163139418765911 0.6161598026345156 0.22162801244501007
60874 46684.52592 -0.7395278552908402 -0.15608560613157596 0.6499634739329158 0.07926737891796791
60874 47104.52592 -0.7557323723289936 0.01188087188880941 0.6513338845035395 -0.0670193792472235
60874 47524.52592 -0.7343071543484898 0.17899774582990052 0.620291471261495 -0.20974103256322427
60874 47944.52592 -0.6764813564523134 0.33701360151463855 0.558511587713938 -0.34184735358903473
60874 48364.52592 -0.5852909614419726 0.47813393543329835 0.4691874347959275 -0.4568211699024193
60874 48784.52592 -0.4653886826930804 0.595482107972114 0.3568387329394636 -0.5490724467503765
60874 49204.52592 -0.3227436382805323 0.6834151407563428 0.22704157170705105 -0.6141924894129079
60874 49624.52592 -0.16433783795460802 0.7377314517369798 0.0861456576821949 -0.6490949898103939
60874 50044.52592 0.002173771629879902 0.7558174253427217 -0.05903051231176854 -0.6521124848378618
60874 50464.52592 0.16875856749622026 0.7367229271198185 -0.20145777005856372 -0.6230366292888896
60874 50884.52592 0.3273042260649166 0.6812259697536811 -0.33416798899252537 -0.5631472958879356
60874 51304.52592 0.46993278166551494 0.5918874176268928 -0.4505352496567104 -0.47523726115262177
60874 51724.52592 -0.5894498334113943 -0.47299538222566373 0.5446691245876398 0.3635379031207224
60874 52144.52592 -0.6797235522356038 -0.3304364473720312 0.6117366346697369 0.23359352856470167
60874 52564.52592 -0.7361230370414422 -0.1713840078607175 0.6483012128632746 0.09195615034617444
60874 52984.52592 -0.7558083984586861 -0.003830886495477498 0.6525310527533978 -0.054242182114265194
60874 53404.52592 -0.7378691652565035 0.16366945797521054 0.6242954120631917 -0.19752630702420662
60874 53824.52592 -0.683352493475101 0.32284249235246754 0.5651234654385097 -0.3308134876388485
60874 54244.52592 -0.5951193758715183 0.465832199245965 0.4780722135331523 -0.4475268140072437
60874 54664.52592 -0.4776687787815887 0.5856619940939333 0.36754317710102236 -0.5419820840375722
60874 55084.52592 -0.3368555766535404 0.6765553206943993 0.23902297483952492 -0.6096468125204733
60874 55504.52592 -0.17958042568236526 0.7341569533519036 0.0988055869826768 -0.6473035567164759
60874 55924.52592 -0.013454349636860647 0.7556903501178771 -0.046311301546437166 -0.6531510840254683
60874 56344.52592 0.15349972252922123 0.7400435962696831 -0.1892948386837049 -0.6268498822297063
60874 56764.52592 0.31315184576556065 0.6878377461644375 -0.32314618161828246 -0.5695539498156197
60874 57184.52592 0.4575830209009527 0.6014767449540509 -0.4411949302768919 -0.4839323689944768
60874 57604.52592 -0.5795145854867134 -0.4850997052252064 0.5374799410181292 0.37410751690086214
60874 58024.52592 -0.6727055122971088 -0.3444681769273881 0.6070641412219573 0.24552412763688514
60874 58444.52592 -0.7323859524522852 -0.18665402013122767 0.6463884107496639 0.10465713481619017
60874 58864.52592 -0.7555506654422696 -0.019658905246554413 0.6534890641311575 -0.04133718005905349
60874 59284.52592 -0.7411430027076483 0.14809101791948381 0.6281092274489435 -0.18508078869119138
60874 59704.52592 -0.6899827555353305 0.3083983015289415 0.5715846257453389 -0.31953919992623336
60874 60124.52592 -0.6046967845435472 0.45331836697979927 0.48678580677694633 -0.43804547166016944
60874 60544.52592 -0.4896009616545133 0.5757127613347773 0.3779777557491896 -0.5347696054770388
60874 60964.52592 -0.3504599843668553 0.6696001954109503 0.2505854480028002 -0.6049961247086106
60874 61384.52592 -0.1941440412550769 0.7304345651950329 0.1108960848240888 -0.6453491268950309
60874 61804.52592 -0.028289301564343637 0.7552767059160702 -0.0342533198293244 -0.653898710044791
60874 62224.52592 0.13903462538117073 0.7428954392553082 -0.17777906163997223 -0.6302145226200291
60874 62644.52592 0.2996572632028111 0.693823112200174 -0.3126429017253526 -0.5753863307269451
60874 63064.52592 0.44566990951601076 0.6103533007051006 -0.43218593273231104 -0.491998475219875
60874 63484.52592 -0.5697550556736973 -0.4965191868727159 0.5304008134405866 0.38408703532283306
60874 63904.52592 -0.6656171995951448 -0.3579630089820306 0.6023000138307661 0.2570037376053252
60874 64324.52592 -0.7284086933168954 -0.20160336464640405 0.644254529352896 0.11710234955755827
60874 64744.52592 -0.7549918355716537 -0.035040523541362674 0.6541638355093917 -0.028795246860091224
60874 65164.52592 -0.7439734408490352 0.13314381274234016 0.6315021809092743 -0.17315091667822605
60874 65584.52592 -0.6959640201333922 0.29465234986076355 0.5774416673556828 -0.3088287489900941
60874 66004.52592 -0.6133844294763715 0.44149272508030957 0.49468542564585205 -0.4291037695367993
60874 66424.52592 -0.5004113734723894 0.5663456761345655 0.3873975345349837 -0.5279812332454391
60874 66844.52592 -0.36276797377440206 0.6630175205516371 0.26099611178724824 -0.6005732214119377
60874 67264.52592 -0.2073083051712146 0.7268135112944081 0.12176761269838222 -0.6433801635927772
60874 67684.52592 -0.0417797880324734 0.754657874131132 -0.02334354668425094 -0.6543707062147897
60874 68104.52592 0.12570828508962664 0.7452755962454874 -0.16721312377482841 -0.6330888436374649
60874 68524.52592 0.28699402300112853 0.6991670922518888 -0.3028147539635117 -0.5806057463164523
60874 68944.52592 0.43420301515104426 0.6185750290770189 -0.4235161722174312 -0.4994664422225006
60874 69364.52592 -0.56008196546211 -0.5074189433909247 0.5233591942575228 0.393610672668125
60874 69784.52592 -0.658388736386141 -0.37110688648496865 0.5973922616366777 0.2681910444811837
60874 70204.52592 -0.7241799713016428 -0.21633227868288632 0.6418920734795345 0.12937650625042274
60874 70624.52592 -0.7541109161341586 -0.05072847227887664 0.6545902865298132 -0.015965746094945967
60874 71044.52592 -0.746616997864198 0.11749717759471127 0.6347934964770123 -0.1606072494877441
60874 71464.52592 -0.7020529217658705 0.27986801449600573 0.5834767080399916 -0.29723815481341287
60874 71884.52592 -0.6227739582975919 0.42816392507078016 0.503312598967406 -0.41893278441178106
60874 72304.52592 -0.5126911553252501 0.5552633021225619 0.39822789465090475 -0.5198509291028697
60874 72724.52592 -0.3772382261909933 0.6548977814675085 0.2734014213092472 -0.5950225872647962
60874 73144.52592 -0.22311391005825085 0.7221230499046222 0.13500765122513125 -0.6407272571427242
60874 73564.52592 -0.05794213392461808 0.7535958674554544 -0.010093667205362207 -0.6547015316559679
60874 73984.52592 0.11011948174983253 0.7477467331270425 -0.15471076017283164 -0.6362492463836232
60874 74404.52592 0.2727618273288693 0.7048514825135721 -0.2916753784526109 -0.5862685790277029
60874 74824.52592 0.42193004220827834 0.627021967506244 -0.414189077450244 -0.5072138600902334
60874 75244.52592 -0.5501918251574364 -0.5181369568132189 0.5161432470705493 0.40301265242884793
60874 75664.52592 -0.6511826657254044 -0.38362447123609345 0.5924845213361559 0.27884671937222105
60874 76084.52592 -0.7199718017294405 -0.22997543856138303 0.639492979722374 0.14071471585716286
60874 76504.52592 -0.7530408792762867 -0.06481379189161113 0.6547581774383261 -0.004509500756124542
60874 76924.52592 -0.7486957238452463 0.10351060115386665 0.637495775163888 -0.14946372534097205
60874 77344.52592 -0.7072014099635532 0.26662304769300493 0.5886047404245044 -0.2869194586190661
60874 77764.52592 -0.6306934304532623 0.4164280800069604 0.5105666403705706 -0.4100428717896714
60874 78184.52592 -0.5230511716967761 0.545525995937974 0.4073097669222151 -0.5127549251955382
60874 78604.52592 -0.3896952096660003 0.6475696990486538 0.2840138840762079 -0.5900230860647356
60874 79024.52592 -0.2372117408383788 0.7176215129378597 0.14675991208630312 -0.6381312422861176
