CIC_OEM_VERS = 2.0
CREATION_DATE = 2025-07-04T15:06:29.631987
ORIGINATOR = ISAE-SUPAERO


META_START
OBJECT_NAME = PLEIADES-NEO3
OBJECT_ID = PLEIADES-NEO3
CENTER_NAME = Earth
REF_FRAME = EME2000
TIME_SYSTEM = UTC
START_TIME = 2025-07-04T04:34:45.684
USEABLE_START_TIME = 2025-07-04T04:34:45.684
USEABLE_STOP_TIME = 2025-07-17T21:55:45.684
STOP_TIME = 2025-07-17T21:55:45.684
INTERPOLATION = lagrange
INTERPOLATION_DEGREE = 5
META_STOP



60860 16485.684 -1223.7709 -6894.348 14.683374 -1.0176237 0.19771198999999998 7.4733729
60860 16905.684 -1513.3366 -6118.9785999999995 3045.6622 -0.33784917999999997 3.4297756 6.7115083
60860 17325.684 -1498.0679 -4111.0235 5461.545099999999 0.40906865 5.9673433000000005 4.5958058
60860 17745.684 -1181.483 -1276.0338000000002 6776.0968 1.0725741 7.3014775 1.55719
60860 18165.684 -627.5038000000001 1815.3985 6725.5157 1.5203541 7.1678866 -1.7942248
60860 18585.684 52.592098 4541.6248 5319.1676 1.6628181 5.5915979 -4.788541
60860 19005.684 722.0585699999999 6355.1305999999995 2841.3748 1.469516 2.8823101 -6.8181889
60860 19425.684 1245.6721000000002 6886.634 -209.77303 0.98103292 -0.4027179 -7.4706019
60860 19845.684 1517.4636 6025.5729 -3218.866 0.29567763 -3.6088285 -6.6219618
60860 20265.684 1483.8362 3950.3964 -5579.9755000000005 -0.44943755 -6.087983599999999 -4.4343604
60860 20685.684 1152.2533999999998 1082.4753 -6816.8991 -1.102152 -7.3345498 -1.3565369
60860 21105.684 589.36236 -2002.9453999999998 -6681.826400000001 -1.5324593 -7.1072144 1.9881735
60860 21525.684 -91.70125 -4686.5938 -5203.036 -1.6553812 -5.4536887 4.9336978
60860 21945.684 -754.29876 -6429.1073 -2676.8832 -1.4458195 -2.7011347000000003 6.890025400000001
60860 22365.684 -1265.1336000000001 -6878.0796 389.34615 -0.94478485 0.60034553 7.4590174
60860 22785.684 -1521.1063000000001 -5941.6313 3376.721 -0.2533733 3.7816962 6.5220314
60860 23205.684 -1470.8491999999999 -3808.9944 5682.4996 0.48846544999999997 6.1994546 4.2697581
60860 23625.684 -1124.7464 -910.10211 6842.3147 1.1314119 7.3685324 1.1585826
60860 24045.684 -552.49189 2171.7596000000003 6622.604700000001 1.5470484 7.055689 -2.1875459
60860 24465.684 130.95642999999998 4816.7285 5066.790400000001 1.6514513 5.3184480999999995 -5.0984114
60860 24885.684 788.0694599999999 6495.254 2492.1634 1.4213897 2.5048356 -6.9729768000000005
60860 25305.684 1285.4218 6857.1639000000005 -588.71012 0.90638458 -0.81175564 -7.4468542
60860 25725.684 1523.6487 5836.499900000001 -3550.8001000000004 0.20866573 -3.9647996 -6.415960500000001
60860 26145.684 1454.9228 3639.8817000000004 -5795.7802 -0.53009846 -6.3154027 -4.0915527
60860 26565.684 1093.5389 710.97889 -6871.9569 -1.1612390000000001 -7.393013600000001 -0.94567663
60860 26985.684 512.38722 -2360.8167000000003 -6563.2995 -1.5588572 -6.9843174 2.3906841
60860 27405.684 -171.76584 -4957.4415 -4930.8561 -1.6432899 -5.168556400000001 5.2501056
60860 27825.684 -821.0184399999999 -6554.1293 -2302.9395 -1.3963894000000001 -2.3062065 7.0534946000000005
60860 28245.684 -1304.644 -6827.578 792.0846899999999 -0.8669978300000001 1.0265969 7.4307843
60860 28665.684 -1524.6997 -5721.501700000001 3726.7759 -0.16297967 4.1494502 6.3032689
60860 29085.684 -1435.5656999999999 -3455.0377000000003 5903.772599999999 0.57386638 6.437923700000001 3.9046437000000003
60860 29505.684 -1057.7635 -493.88276 6890.291 1.1934127 7.4201829 0.71787474
60860 29925.684 -466.937 2567.0102 6485.8005 1.5718138 6.9057645 -2.6106738000000003
60860 30345.684 217.94446 5110.8022 4771.4676 1.6336438 4.9997545 -5.412825799999999
60860 30765.684 858.89364 6624.4444 2092.949 1.3661324 2.0842481 -7.1228283
60860 31185.684 1326.6926 6802.4421 -1008.7628000000001 0.8233082 -1.2507838999999998 -7.3929480000000005
60860 31605.684 1527.3141 5610.4517000000005 -3906.7815 0.11573498 -4.32837 -6.1709298
60860 32025.684 1420.9641000000001 3290.5074 -6017.8685000000005 -0.61314661 -6.5291465 -3.7108911
60860 32445.684 1029.7654 310.82424 -6919.5285 -1.2178653 -7.4178647 -0.5097956
60860 32865.684 432.32354 -2731.0595 -6431.486400000001 -1.5786903 -6.820185 2.7949881999999997
60860 33285.684 -251.76569 -5224.707 -4649.7878 -1.6232646 -4.8503659 5.5455285000000005
60860 33705.684 -885.06674 -6665.2682 -1928.681 -1.3409118000000002 -1.8953205000000002 7.1861914
60860 34125.684 -1339.6315 -6760.267 1182.3195 -0.78629905 1.451565 7.372569700000001
60860 34545.684 -1523.1346 -5487.3516 4053.4552000000003 -0.07255299800000001 4.5052652 6.063602700000001
60860 34965.684 -1398.4986000000001 -3104.3229 6102.3094 0.65458308 6.6445343999999995 3.5301564
60860 35385.684 -990.75787 -92.012257 6913.5731 1.2503542 7.4442062 0.27882904000000003
60860 35805.684 -383.00654 2939.7598 6326.5407000000005 1.5926225 6.7322128 -3.0318454999999997
60860 36225.684 301.46621999999996 5377.487400000001 4462.5387 1.611188 4.6561239 -5.719518
60860 36645.684 924.92698 6729.804099999999 1696.6046000000001 1.3054452 1.6486066000000001 -7.2457761000000005
60860 37065.684 1361.3781000000001 6720.3707 -1414.5228000000002 0.7376616500000001 -1.6918794000000001 -7.3162255
60860 37485.684 1523.512 5356.452700000001 -4240.2622 0.021408219 -4.6904561000000005 -5.9086449000000005
60860 37905.684 1378.9237 2914.0489 -6210.1724 -0.69791289 -6.740346300000001 -3.3117149
60860 38325.684 957.1626 -114.21171000000001 -6928.5767000000005 -1.2760836 -7.4333450999999995 -0.050905528
60860 38745.684 343.12169 -3119.4622000000004 -6251.2739 -1.5979798 -6.632486 3.2215063
60860 39165.684 -339.86198 -5496.7288 -4313.0161 -1.5987545 -4.4940936 5.8505196
60860 39585.684 -954.44819 -6770.2330999999995 -1507.4431000000002 -1.2762339 -1.4455985 7.2947044
60860 40005.684 -1376.0893 -6674.338900000001 1604.5416 -0.69773372 1.8922868000000002 7.2710059000000005
60860 40425.684 -1519.3753000000002 -5227.1774000000005 4392.439 0.021447689000000002 4.8527801 5.782420600000001
60860 40845.684 -1355.3984 -2722.5296000000003 6290.0582 0.73787087 6.839399500000001 3.1193379
60860 41265.684 -918.35352 329.16523 6915.2276 1.3050336 7.4390494 -0.18042226
60860 41685.684 -296.07545000000005 3315.0501000000004 6142.5956 1.607386 6.5278343 -3.4450423999999997
60860 42105.684 385.54485999999997 5633.4468 4131.8125 1.5830495000000002 4.2971021 -5.998887300000001
60860 42525.684 989.0401800000001 6808.9042 1279.8256999999999 1.2412805 1.2037949000000001 -7.3478973
60860 42945.684 1392.882 6610.1149000000005 -1830.9726 0.6487619 -2.1341487000000003 -7.210416
60860 43365.684 1514.6352 5073.6934 -4568.742700000001 -0.074168171 -5.0422846 -5.6186521
60860 43785.684 1331.7454 2515.6334 -6386.5738 -0.78108162 -6.927622400000001 -2.890944
60860 44205.684 880.77047 -548.87405 -6915.3730000000005 -1.3295147999999999 -7.4152644 0.41529889
60860 44625.684 252.65743 -3503.002 -6049.665599999999 -1.6103316 -6.4112944 3.6365078
60860 45045.684 -426.25316 -5752.2266 -3963.6021 -1.5672042 -4.1153951 6.1271215
60860 45465.684 -1019.2487 -6842.5286 -1076.9885 -1.2081243 -0.98705274 7.3825092
60860 45885.684 -1406.7256000000002 -6553.0177 2027.4968000000001 -0.60537567 2.3413651 7.1458059
60860 46305.684 -1510.3378 -4940.668 4722.2933 0.11846755 5.1949508 5.467982
60860 46725.684 -1310.4105 -2335.6513 6465.1427 0.8170589300000001 6.997145000000001 2.6898937000000003
60860 47145.684 -847.2615000000001 738.63407 6906.0437 1.3506969 7.392194000000001 -0.62611801
60860 47565.684 -214.01293 3664.5394 5956.617700000001 1.6132925 6.3022713 -3.8182772000000003
60860 47985.684 462.1821 5853.0988 3806.1603 1.5516304 3.9408652 -6.246933100000001
60860 48405.684 1045.3556 6865.7970000000005 890.06199 1.1764525000000001 0.7818009300000001 -7.411746
60860 48825.684 1417.3031 6490.8829000000005 -2206.8374 0.56578765 -2.5312493 -7.0855697
60860 49245.684 1502.2737 4801.5763 -4855.7784 -0.15983181 -5.343691300000001 -5.3322425
60860 49665.684 1284.0033999999998 2143.0876000000003 -6521.827700000001 -0.8540843499999999 -7.0799306 -2.4964976
60860 50085.684 807.37249 -947.61613 -6873.2817000000005 -1.3756306 -7.37784 0.8533519900000001
60860 50505.684 167.7908 -3845.5872000000004 -5832.0685 -1.6180585 -6.1854176 4.0216085
60860 50925.684 -505.69514000000004 -5967.0751 -3609.9027 -1.5338907 -3.7429723 6.3781528
60860 51345.684 -1076.9741999999999 -6882.896 -656.42627 -1.1397583 -0.5433768999999999 7.4435214
60860 51765.684 -1430.7649 -6408.7108 2430.1891 -0.5162732 2.7612287 7.0016182
60860 52185.684 -1496.337 -4643.3998 5026.2723 0.20906123 5.4999024 5.1492283
60860 52605.684 -1261.4707 -1945.602 6610.8462 0.8899024 7.1268003 2.2688791000000004
60860 53025.684 -774.0886 1141.8107 6868.764400000001 1.3914136000000001 7.3249561000000005 -1.0613398
60860 53445.684 -131.88675 4000.706 5748.9101 1.6146809000000002 6.056524500000001 -4.1813608
60860 53865.684 536.64227 6057.3051 3473.7031 1.5143588000000001 3.5679677 -6.468803200000001
60860 54285.684 1097.0817 6894.8916 498.11906 1.1086851999999998 0.35182305 -7.4576658
60860 54705.684 1436.1722 6341.4366 -2578.0869 0.47814782000000006 -2.9426906 -6.9384059
60860 55125.684 1485.1005 4506.777099999999 -5132.0380000000005 -0.24913233 -5.6434424 -5.0136458
60860 55545.684 1234.1067 1761.8807 -6646.909000000001 -0.92542913 -7.202570700000001 -2.0761385
60860 55965.684 733.99034 -1339.4922 -6817.4574 -1.4144557 -7.3074165 1.2786332
60860 56385.684 86.00997100000001 -4169.6364 -5609.3618 -1.6182579000000001 -5.9380951 4.375658499999999
60860 56805.684 -579.31486 -6158.3455 -3266.4065 -1.4955386000000002 -3.369118 6.5893803
60860 57225.684 -1127.6718 -6903.769700000001 -262.24671 -1.0708718 -0.11993884 7.4696701
60860 57645.684 -1448.5147 -6256.4264 2795.1102 -0.43113723 3.1479388 6.8394178000000005
60860 58065.684 -1477.8741000000002 -4349.8392 5288.9553 0.29316387 5.7734597 4.833520099999999
60860 58485.684 -1210.8365000000001 -1570.693 6719.4062 0.9564894 7.2344297 1.8630244
60860 58905.684 -701.50721 1522.8924 6801.7677 1.4276116 7.2462245 -1.4775629
60860 59325.684 -51.852836 4311.5481 5519.3721 1.6133564 5.8061707 -4.5261083
60860 59745.684 608.1199200000001 6234.938700000001 3126.8924 1.4754777 3.1941127000000002 -6.6726919
60860 60165.684 1145.513 6902.564200000001 103.65074000000001 1.0395693000000001 -0.070978279 -7.4774075
60860 60585.684 1451.587 6176.3769 -2940.5697000000005 0.392766 -3.3281272 -6.76884
60860 61005.684 1464.2801000000002 4201.8506 -5388.9266 -0.33330191000000003 -5.9124127 -4.689071
60860 61425.684 1181.2265 1378.5567 -6746.0834 -0.99124179 -7.300375900000001 -1.6629199000000001
60860 61845.684 659.42247 -1724.2909 -6737.2267 -1.4496662 -7.2143267 1.7041856
60860 62265.684 4.6278346 -4482.7087 -5370.0385 -1.6130551 -5.6602686 4.723175
60860 62685.684 -651.21174 -6333.5145999999995 -2912.0341000000003 -1.4507819 -2.965757 6.7832648
60860 63105.684 -1174.2343 -6898.6766 134.09393 -0.99718652 0.32195177999999997 7.4749229999999995
60860 63525.684 -1460.3423 -6071.6953 3153.3435 -0.3418043 3.5485991 6.6548556
60860 63945.684 -1451.7165 -4019.1628 5534.533 0.38204787 6.0571669 4.4893312
60860 64365.684 -1150.435 -1156.2405 6797.042 1.0279478999999998 7.3420414 1.4198217
60860 64785.684 -617.47532 1939.6275 6687.0312 1.4665046 7.1476217 -1.9348584000000002
60860 65205.684 39.827024 4644.693700000001 5226.4975 1.6098909000000001 5.5123574 -4.9013257
60860 65625.684 689.04965 6412.8319 2709.1687 1.4285449000000001 2.7621291 -6.8802562
60860 66045.684 1199.1177 6886.0233 -356.65327 0.95865213 -0.5473697100000001 -7.4673719
60860 66465.684 1467.1059 5968.9978 -3350.3736000000004 0.29614751 -3.7420359 -6.544249
60860 66885.684 1439.4002 3848.338 -5667.7177 -0.42428069 -6.1765355 -4.304018
60860 67305.684 1122.7606 955.3385000000001 -6844.139400000001 -1.0575374 -7.3640175 -1.2033583
60860 67725.684 581.03707 -2129.2947000000004 -6644.9975 -1.4781164000000002 -7.0742931 2.1354083999999998
60860 68145.684 -77.138617 -4786.9815 -5110.330400000001 -1.6026072999999998 -5.3647675 5.0485015
60860 68565.684 -719.75561 -6482.870900000001 -2546.6321000000003 -1.4050598 -2.5716724 6.950980700000001
60860 68985.684 -1217.3411 -6873.2313 530.60088 -0.92391593 0.74567726 7.4527663
60860 69405.684 -1469.4559 -5877.2898 3500.8313 -0.25603048 3.9155129000000004 6.4478125
60860 69825.684 -1425.2271 -3695.9022000000004 5763.2036 0.46290135 6.2934691 4.1405413
60860 70245.684 -1093.8847 -769.80349 6861.483700000001 1.0878077000000002 7.401472200000001 0.99992604
60860 70665.684 -542.3378 2311.2965 6574.724 1.4936494 7.0189607 -2.3423087000000002
60860 71085.684 118.4688 4926.7311 4959.8599 1.5989212 5.2208442999999995 -5.215390500000001
60860 71505.684 755.28958 6547.8381 2341.889 1.3814502 2.3653229000000002 -7.0371839000000005
60860 71925.684 1239.521 6846.022599999999 -750.48868 0.8848216 -0.96951805 -7.4345955
60860 72345.684 1473.414 5761.4367 -3690.9453 0.21054624000000002 -4.1036594 -6.3282493
60860 72765.684 1410.2272 3514.4912999999997 -5885.965 -0.5044344500000001 -6.404916500000001 -3.9485665
60860 73185.684 1063.954 562.23706 -6896.0208 -1.1160912 -7.413012 -0.78013838
60860 73605.684 504.33377 -2502.886 -6519.6944 -1.5033158000000002 -6.9339053999999996 2.5414879999999997
60860 74025.684 -156.37828 -5066.039400000001 -4832.661 -1.5892559000000002 -5.062634 5.3554191
60860 74445.684 -785.61195 -6611.2469 -2172.3715 -1.3557548 -2.1685673000000003 7.0959351
60860 74865.684 -1256.5554 -6825.0331 925.93521 -0.8487104900000001 1.1677362 7.4063005
60860 75285.684 -1474.2666000000002 -5663.0521 3837.4410000000003 -0.17026349999999998 4.270447900000001 6.219644100000001
60860 75705.684 -1394.8468 -3359.5797000000002 5973.5363 0.5418372 6.510063100000001 3.7778719
60860 76125.684 -1034.5991 -379.57974 6903.768599999999 1.1442070000000002 7.437294 0.5759680899999999
60860 76545.684 -466.13576 2676.7782 6440.7868 1.516432 6.867365700000001 -2.7431628999999997
60860 76965.684 196.27804 5193.5441 4676.122200000001 1.5835713 4.9117223999999995 -5.5136918999999995
60860 77385.684 818.98949 6661.8563 1965.5237 1.3307107 1.959327 -7.1720258999999995
60860 77805.684 1276.1295 6783.358 -1143.4936 0.80878158 -1.3902673 -7.3774964
60860 78225.684 1475.4261999999999 5534.1512 -4020.9066000000003 0.12469967 -4.453374 -6.0905394
60860 78645.684 1377.1779 3168.1541 -6085.994900000001 -0.58267259 -6.612703000000001 -3.5787077
60860 79065.684 1002.4679000000001 166.3196 -6925.8012 -1.1709658 -7.437363500000001 -0.35316094
60860 79485.684 426.7358 -2868.9975 -6373.1315 -1.5238542 -6.7700228 2.9398839
60860 79905.684 -234.52776 -5328.8824 -4539.1085 -1.5712860000000002 -4.743132 5.644914
60860 80325.684 -848.61648 -6718.0716 -1790.9503 -1.3028138 -1.7578159 7.217546400000001
60860 80745.684 -1291.787 -6754.7475 1318.2418 -0.77155426 1.5862373 7.3351882
60860 81165.684 -1474.7241000000001 -5430.4412 4161.3933 -0.084703991 4.611612500000001 5.971048700000001
60860 81585.684 -1360.636 -3012.2803 6164.2365 0.61856629 6.7058784 3.4028777
60860 82005.684 -972.73634 12.139522999999999 6923.3319 1.1969513 7.4495108000000005 0.14980664999999999
60860 82425.684 -389.08878999999996 3034.0148 6285.3964000000005 1.5347571 6.6936932 -3.1359702000000005
60860 82845.684 273.27976 5447.342000000001 4378.536 1.5624505 4.575329300000001 -5.7980962
60860 83265.684 879.5875400000001 6754.1187 1583.7556000000002 1.2752237 1.53726 -7.2855596
60860 83685.684 1307.9627 6694.2323 -1532.6492 0.72943948 -1.8181115 -7.2982424
60860 84105.684 1471.5484 5279.0415 -4338.0008 0.036275177 -4.8041918 -5.830243
60860 84525.684 1337.1108000000002 2794.9191 -6262.2076 -0.6633502499999999 -6.817043399999999 -3.1842764000000003
60860 84945.684 931.82682 -256.18702 -6915.4174 -1.2300489000000001 -7.4543010999999995 0.1128421
60860 85365.684 339.64645 -3254.2403 -6175.7678 -1.5451678 -6.5739890999999995 3.3785963000000003
60860 85785.684 -321.62698 -5596.0175 -4182.9919 -1.5482868 -4.3627737 5.9641777000000005
60860 86205.684 -917.30523 -6801.4163 -1340.461 -1.239523 -1.2750788 7.342438100000001
60861 225.684 -1327.3583 -6630.3082 1774.3331 -0.6794087600000001 2.0763048 7.2337964
60861 645.684 -1468.694 -5116.916700000001 4529.067 0.017793776 5.0055249 5.6579413999999995
60861 1065.684 -1312.554 -2567.4964 6363.7006 0.71067084 6.9216235 2.9391296000000002
60861 1485.684 -891.0731 503.05981 6911.021900000001 1.2603576 7.4362414 -0.38141091
60861 1905.684 -289.75119 3470.2708 6057.738 1.5539749 6.445219 -3.6186941000000004
60861 2325.684 369.92071999999996 5741.5352 3984.5987999999998 1.5315469000000002 4.1445367 -6.1165031
60861 2745.684 954.46095 6848.0343 1101.6594 1.2029801 1.0242527000000001 -7.3781493000000005
60861 3165.684 1346.3794 6573.0498 -2003.5466000000001 0.6313330600000001 -2.3104047000000003 -7.153629700000001
60861 3585.684 1466.6384 4971.3953 -4703.9438 -0.06670147900000001 -5.1763903 -5.4862629
60861 4005.684 1292.1233 2370.8372000000004 -6456.0842999999995 -0.74987864 -6.994856700000001 -2.7150875
60861 4425.684 858.0931 -706.05077 -6908.1313 -1.2815886 -7.4066621 0.59914351
60861 4845.684 251.81193 -3641.1037 -5969.463 -1.5561953000000002 -6.3306303 3.7949007000000003
60861 5265.684 -405.02413 -5843.5608 -3827.2201 -1.5181198 -3.9774831 6.231897
60861 5685.684 -980.31822 -6871.994000000001 -915.1644 -1.173311 -0.81887414 7.4083234000000004
60861 6105.684 -1357.4836 -6510.036 2184.1009 -0.59301501 2.5042926000000003 7.0942762
60861 6525.684 -1460.1879 -4832.3943 4840.1077000000005 0.10724855 5.3267378 5.3482994
60861 6945.684 -1267.6224 -2176.9987 6515.6528 0.7867817300000001 7.0780768 2.5181641
60861 7365.684 -819.5635100000001 915.2104 6872.361900000001 1.3076342 7.397480400000001 -0.8265796400000001
60861 7785.684 -206.47307 3823.638 5842.0775 1.5628766 6.2163037 -4.0011462
60861 8205.684 448.52488 5959.3908 3626.6440000000002 1.5025073 3.7788553 -6.3667527
60861 8625.684 1012.8101 6890.1601 675.9287800000001 1.1384143999999998 0.5776949499999999 -7.441772200000001
60861 9045.684 1372.5215 6429.1233 -2411.9335 0.54539592 -2.733656 -7.0093649
60861 9465.684000000001 1455.8434 4673.2178 -5013.143599999999 -0.15498734 -5.4831816 -5.1660188
60861 9885.684000000001 1247.1323 1979.5591000000002 -6606.3796 -0.82153885 -7.1242423 -2.2929038
60861 10305.684000000001 789.08247 -1110.0895 -6875.3295 -1.3225214 -7.338294299999999 1.0336042
60861 10725.684000000001 173.41317999999998 -3977.8465 -5766.933900000001 -1.5594707 -6.0849455 4.1556566
60861 11145.684 -476.8994 -6048.794900000001 -3500.8903999999998 -1.4843512 -3.6066626999999998 6.4519505
60861 11565.684 -1031.2385 -6903.4836 -529.61899 -1.1100259000000001 -0.39224183 7.4546095999999995
60861 11985.684 -1377.5384 -6365.6517 2548.5177000000003 -0.51050922 2.9103121 6.9504668
60861 12405.684 -1445.461 -4541.4095 5110.1762 0.19266378 5.6272174999999995 5.0374209
60861 12825.684 -1221.2505 -1799.2694 6636.326599999999 0.85658743 7.2059097 2.1049355999999997
60861 13245.684000000001 -750.5211899999999 1306.3693 6819.6660999999995 1.3473183 7.326767200000001 -1.2552721
60861 13665.684000000001 -128.15505000000002 4146.9639 5620.156 1.5661853000000001 5.9607913 -4.371436800000001
60861 14085.684000000001 520.18123 6145.7436 3276.8695000000002 1.4681389 3.3918523 -6.5972737
60861 14505.684 1062.9783 6898.0801 267.2548 1.0718909 0.12811458 -7.4863538
60861 14925.684 1389.9226 6249.8584 -2796.8329 0.45832804 -3.1605250000000003 -6.8521615
60861 15345.684 1435.1882 4334.9130000000005 -5292.7895 -0.24584289 -5.799478000000001 -4.8306717
60861 15765.684 1190.7627 1544.3348 -6718.110000000001 -0.89743246 -7.2590278 -1.8424462000000001
60861 16185.684 707.04012 -1556.8065000000001 -6789.7963 -1.3664744 -7.256304 1.5053116
60861 16605.684 81.60441800000001 -4346.095 -5496.9997 -1.5610316 -5.7998813 4.5453657000000005
60861 17025.684 -560.1523000000001 -6264.8011 -3100.2051 -1.4428405 -3.180633 6.673208
60861 17445.684 -1089.5776 -6927.5021 -80.32246400000001 -1.0351284 0.07932841 7.461173
60861 17865.684 -1400.3469 -6200.1494 2955.6194 -0.41945503 3.3252199 6.7482603
60861 18285.684 -1430.0629 -4228.402400000001 5396.8165 0.28034759000000004 5.9036744 4.6774817
60861 18705.684 -1172.7737 -1408.018 6751.9653 0.92402178 7.297564400000001 1.664585
60861 19125.684 -679.91471 1695.0296 6747.0209 1.3829928 7.2261083 -1.6892095999999999
60861 19545.684 -50.161544 4456.474 5379.6246 1.5643689 5.6958052 -4.7125937
60861 19965.684 589.55634 6316.3330000000005 2922.2746 1.4295828 3.0064146999999997 -6.789933
60861 20385.684 1109.6848 6894.9411 -129.422 1.0043883 -0.29928435999999997 -7.4905181
60861 20805.684 1404.5535 6073.7796 -3154.8687999999997 0.37573599 -3.5423636000000003 -6.6673165
60861 21225.684 1414.8785 4021.9867999999997 -5539.576099999999 -0.32674758000000004 -6.0584335000000005 -4.495543700000001
60861 21645.684 1139.701 1157.9852 -6804.1112 -0.9604788 -7.3440943 -1.4253687
60861 22065.684 635.5191 -1938.9001 -6697.9217 -1.3992215000000001 -7.1513995999999995 1.9209287
60861 22485.684 3.9469290000000004 -4647.2666 -5245.530400000001 -1.5570078 -5.5259206 4.8768169
60861 22905.684 -628.39431 -6424.4221 -2739.3139 -1.4027673 -2.7919587000000003 6.8537994
60861 23325.684 -1134.6955 -6913.1957 317.61773 -0.96697515 0.50461758 7.4538834
60861 23745.684 -1413.2871 -6014.6736 3310.5847000000003 -0.33701673 3.7009416 6.5543814000000005
60861 24165.684 -1408.2796 -3909.1647000000003 5637.4823 0.3604353 6.154071500000001 4.3364572
60861 24585.684 -1120.6995 -1019.2549 6830.1414 0.9857260800000001 7.3726151 1.2450436999999999
60861 25005.684 -608.03579 2075.1648 6647.093 1.4139945 7.1106189 -2.1033437
60861 25425.684 27.091469 4751.4371 5121.554400000001 1.55837 5.4120308 -5.0381853
60861 25845.684 656.5695000000001 6466.1956 2558.1469 1.3875866000000001 2.610997 -6.9602552
60861 26265.684 1152.8618999999999 6869.1 -525.61438 0.9348382900000001 -0.72598682 -7.4701512
60861 26685.684 1415.1505 5877.5506 -3502.509 0.29284999 -3.9129378000000004 -6.4606287
60861 27105.684 1390.8295 3695.5404 -5768.201599999999 -0.40605007000000004 -6.2978901 -4.145666599999999
60861 27525.684 1085.9328 767.39962 -6867.8276 -1.0203536 -7.405371100000001 -1.0034701
60861 27945.684 562.84659 -2315.1536 -6584.015200000001 -1.4278598 -7.0230912 2.3305297
60861 28365.684 -73.079758 -4933.6635 -4976.6767 -1.5487449 -5.2335389 5.1925074
60861 28785.684 -694.34329 -6563.264 -2369.2098 -1.3591567 -2.3936452 7.0118824
60861 29205.684 -1176.3179 -6876.3166 714.68451 -0.8967374499999999 0.9286572 7.4219443
60861 29625.684 -1422.2393000000002 -5809.410400000001 3654.7635 -0.25436400000000003 4.064879100000001 6.338784700000001
60861 30045.684 -1382.8238000000001 -3576.9012000000002 5859.6414 0.43884078 6.3846142 3.9810042
60861 30465.684 -1065.9954 -626.81363 6885.8063 1.0442355 7.4237697 0.82115954
60861 30885.684 -535.07924 2448.9105 6525.1091 1.4409189 6.9718815 -2.5110147
60861 31305.684 103.65639999999999 5031.1158 4846.1238 1.548172 5.1102802 -5.3477546
60861 31725.684 721.2463100000001 6594.9338 2184.8408 1.3420545 2.2063458000000002 -7.108077100000001
60861 32145.684 1192.4822 6820.5016 -920.91908 0.8631356600000001 -1.151051 -7.4251873
60861 32565.684 1421.6817 5661.5332 -3839.3881 0.20973569 -4.2712542000000004 -6.2323396
60861 32985.684 1363.0717 3356.3714 -5978.564 -0.48358551 -6.5168239 -3.7816128
60861 33405.684 1029.5776 373.73526000000004 -6909.5153 -1.0767913 -7.4421227 -0.57791389
60861 33825.684 489.25438 -2684.2346000000002 -6448.9245 -1.4521373000000002 -6.871353500000001 2.7325234000000003
60861 34245.684 -149.15465 -5204.1401 -4691.9608 -1.5360868 -4.923659300000001 5.4909131
60861 34665.684 -757.65443 -6680.7453 -1991.9226 -1.3120549000000001 -1.9873606 7.1466596000000004
60861 35085.684 -1214.1494 -6817.0344000000005 1108.7185 -0.8245923900000001 1.3496099 7.365561899999999
60861 35505.684 -1426.9944 -5585.254599999999 3986.2936 -0.17170791 4.4155429 6.102647200000001
60861 35925.684 -1353.5688 -3232.9699 6062.054400000001 0.5153803400000001 6.5946326 3.612806
60861 36345.684 -1008.6082 -232.15160999999998 6918.4269 1.0993891000000002 7.4511894000000005 0.39453606
60861 36765.684 -461.05578 2814.9991 6381.1413 1.4636201000000002 6.8105985 -2.9109574
60861 37185.684 179.4575 5294.5635999999995 4553.8893 1.5336718 4.7916694 -5.6403091000000005
60861 37605.684 783.4790300000001 6702.1437000000005 1803.3129 1.2929807000000002 1.7938815 -7.2326907
60861 38025.684 1228.4731000000002 6749.3933 -1314.1831000000002 0.78943008 -1.5728103000000002 -7.3554311
60861 38445.684 1424.1531000000002 5426.7243 -4164.4268 0.12662959 -4.615464 -5.9830524
60861 38865.684 1331.7208 3006.0742000000005 -6170.0909 -0.55906871 -6.7138226 -3.4047358
60861 39285.684 970.85626 -21.025745 -6929.2907000000005 -1.1295405 -7.453811300000001 -0.15072214
60861 39705.684 415.04847 -3044.174 -6293.6557999999995 -1.4719143 -6.6968026 3.1248121
60861 40125.684 -223.95117000000002 -5457.2127 -4393.1651 -1.5190763 -4.5979133 5.7705475999999996
60861 40545.684 -818.0416 -6776.188099999999 -1609.6421 -1.2616014 -1.5752163000000001 7.257717700000001
60861 40965.684 -1247.9853 -6735.5268 1497.6004 -0.75079535 1.7656213 7.2854506
60861 41385.684 -1427.4749 -5343.0127 4303.5124000000005 -0.089381008 4.751861600000001 5.8473326
60861 41805.684 -1320.5671000000002 -2878.4432 6243.662700000001 0.58979773 6.7838974 3.2332899000000004
60861 42225.684 -948.6653299999999 163.68994 6927.4925 1.1510770000000001 7.4551949 -0.033676569
60861 42645.684 -386.11966 3172.5759 6215.0971 1.4820797 6.627314500000001 -3.3023184000000003
60861 43065.684 254.32835 5541.1866 4245.2417000000005 1.5149215999999999 4.456947100000001 -5.915015
60861 43485.684 843.1341500000001 6787.6131 1414.2958999999998 1.2404639 1.3746664000000002 -7.3334159
60861 43905.684 1260.7585 6656.1102 -1704.4687 0.71392942 -1.9897327 -7.2606624
60861 44325.684 1422.6127 5174.1309 -4476.7531 0.043898467 -4.943964200000001 -5.7133528
60861 44745.684 1296.9022 2645.9336000000003 -6342.085599999999 -0.63215148 -6.8880462 -3.0165389
60861 45165.684 910.00985 -415.44085 -6927.1224 -1.1783810000000001 -7.4404823 0.27637954000000003
60861 45585.684 340.52916 -3393.7221 -6118.8607 -1.4871304 -6.5002744 3.5059489
60861 46005.684 -297.1725 -5692.1009 -4081.433 -1.4977859000000002 -4.257643 6.0305346
60861 46425.684 -875.27324 -6849.436 -1223.7437 -1.2080355999999999 -1.1587959 7.3448671999999995
60861 46845.684 -1277.7078000000001 -6632.3021 1880.0211000000002 -0.6756107 2.1752143 7.182092400000001
60861 47265.684 -1423.6553999999999 -5083.7386 4605.4213 -0.0075401346 5.0727449 5.573781200000001
60861 47685.684 -1283.838 -2514.7545 6403.941400000001 0.6620108800000001 6.9517099 2.8437671
60861 48105.684 -886.22825 559.09137 6913.0776 1.1991762000000001 7.4356124 -0.46195741
60861 48525.684 -310.3906 3520.0888 6027.727900000001 1.4961424 6.422487100000001 -3.6834889
60861 48945.684 328.04690000000005 5770.0159 3922.0625 1.4916656000000001 4.1068781 -6.170329
60861 49365.684 899.91726 6850.9405 1020.2126999999999 1.1844572 0.95052892 -7.4094374
60861 49785.684 1289.0858 6541.092000000001 -2089.2929 0.63685316 -2.3998432 -7.1414292999999995
60861 50205.684 1416.9127 4904.8566 -4774.312900000001 -0.038167318000000006 -5.2556392 -5.424860300000001
60861 50625.684 1258.5393000000001 2277.3732999999997 -6492.8953 -0.70260957 -7.0396799 -2.6192844
60861 51045.684 847.01106 -808.37643 -6902.1589 -1.2233067000000002 -7.403296800000001 0.70192928
60861 51465.684 265.64607 -3732.2871 -5924.0938 -1.4978785000000001 -6.283055999999999 3.8754201
60861 51885.684 -368.91514 -5908.6862 -3756.4118 -1.4723372 -3.90379 6.270857
60861 52305.684 -929.48861 -6900.6904 -833.86798 -1.1514246000000001 -0.7387121200000001 7.4080755
60861 52725.684 -1303.4858000000002 -6507.8745 2256.3055 -0.59909661 2.5775236 7.0552548
60861 53145.684 -1415.7576999999999 -4808.442 4892.3072 0.073580275 5.3766674000000005 5.282157199999999
60861 53565.684 -1243.7646000000002 -2143.6146000000003 6543.4475999999995 0.73150336 7.0963808 2.4454266
60861 53985.684 -821.91778 951.72965 6876.4952 1.2431143 7.3913804 -0.8879015900000001
60861 54405.684 -234.69089000000002 3855.1304 5821.5616 1.5054438 6.1965828 -4.0513654
60861 54825.684 399.79420000000005 5979.309700000001 3587.803 1.4640821000000002 3.7434848 -6.4041767
60861 55245.684 953.20561 6891.4613 625.00336 1.1256574000000001 0.52426835 -7.4605989
60861 55665.684 1313.1353000000001 6404.7065 -2465.0489 0.5588518100000001 -2.8012222 -6.999354
60861 56085.684 1406.9323000000002 4619.7672999999995 -5054.3868 -0.11931245 -5.5502042000000005 -5.1199667
60861 56505.684 1216.664 1901.5482 -6621.1136 -0.77052787 -7.1693659 -2.2145430999999998
60861 56925.684 781.81451 -1199.0644 -6853.477900000001 -1.2645975 -7.3433772 1.1252999
60861 57345.684 190.22233 -4059.5297 -5708.5160000000005 -1.50448 -6.045971300000001 4.2333719
60861 57765.684 -439.47236 -6106.844099999999 -3417.1319 -1.4429405 -3.5365536000000004 6.4918714
60861 58185.684 -981.0340699999999 -6929.8171 -438.96734000000004 -1.0918133 -0.31482947 7.447288800000001
60861 58605.684 -1325.6615 -6362.0614000000005 2627.3968 -0.52124741 2.9724368 6.904544
60861 59025.684 -1404.1412 -4517.0599 5164.9333 0.15388924 5.6631314 4.9720518
60861 59445.684 -1200.7475 -1765.2522 6662.8445 0.79818824 7.2170642 2.0382952
60861 59865.684 -756.15776 1341.0447 6818.5825 1.2828832000000001 7.321878 -1.3107338
60861 60285.684 -159.39645000000002 4177.0189 5597.7973 1.5102401 5.9498113 -4.404938199999999
60861 60705.684 469.40722 6168.4397 3243.4062000000004 1.4327452 3.3683725 -6.6161538
60861 61125.684 1003.0323000000001 6909.1464000000005 229.60732000000002 1.0643856 0.097188244 -7.487122500000001
60861 61545.684 1333.0644 6247.4494 -2830.9835000000003 0.48025954000000004 -3.192712 -6.835095000000001
60861 61965.684 1392.9999 4319.8045999999995 -5316.582 -0.19912065 -5.8267595000000005 -4.7994968
60861 62385.684 1171.7706 1519.6547 -6726.8393 -0.8355735 -7.2764056 -1.8032853
60861 62805.684 715.03079 -1586.0697 -6781.6853 -1.3020478 -7.2603539 1.5450613000000002
60861 63225.684 114.91308000000001 -4374.006200000001 -5473.4076 -1.5069353 -5.7894147 4.5780951
60861 63645.684 -508.23476 -6285.4971 -3065.5521000000003 -1.4098187 -3.1572723000000003 6.6921768
60861 64065.684 -1029.4547 -6936.4457 -41.407761 -1.0297451000000002 0.11092608 7.4620753
60861 64485.684 -1344.0656000000001 -6195.2483 2990.976 -0.44282255 3.3583635 6.7306824
60861 64905.684 -1388.9127 -4210.496099999999 5421.4619 0.23287975 5.9313322 4.6449601000000005
60861 65325.684 -1155.0303000000001 -1380.6982 6760.9695 0.8619188900000001 7.3139546 1.6239616000000001
60861 65745.684 -689.18407 1726.2539 6738.7431 1.3186613 7.2280078 -1.7294249
60861 66165.684 -84.6198 4485.3772 5356.0571 1.5108725 5.6831668 -4.7440534
60861 66585.684 536.87508 6337.338900000001 2888.5222000000003 1.3978446 2.9820736 -6.8064202
60861 67005.684 1049.4902 6904.1191 -166.38604999999998 1.0009761 -0.33034185000000005 -7.4891274
60861 67425.684 1349.0983 6069.5532 -3187.5172000000002 0.40131396999999996 -3.5740767 -6.6485471
60861 67845.684 1375.4146 4005.376 -5561.2817000000005 -0.27747733 -6.0847495 -4.463345400000001
60861 68265.684 1124.1834 1132.3113 -6810.471500000001 -0.8976625500000001 -7.3600833 -1.385876
60861 68685.684 647.01589 -1968.4999 -6687.4547999999995 -1.3355996 -7.1537199000000005 1.9602752
60861 69105.684 40.084888 -4674.742200000001 -5219.9220000000005 -1.5052637 -5.5135593 4.9083182
60861 69525.684 -574.8747500000001 -6443.9271 -2703.3376000000003 -1.3731389999999999 -2.7669905 6.8707212
60861 69945.684 -1074.5038 -6920.4307 356.88265 -0.9653804500000001 0.53702334 7.4523012
60861 70365.684 -1358.4783 -6007.9218 3345.2465 -0.36381565 3.7339257 6.5344023
60861 70785.684 -1369.8527 -3889.6899 5660.541200000001 0.31054128 6.180566 4.3021864
60861 71205.684 -1106.398 -991.0154100000001 6837.048 0.9226886200000001 7.3871579 1.2037715
60861 71625.684 -620.78079 2106.4681 6636.692 1.3504468 7.1104436 -2.1430423999999997
60861 72045.684 -10.174213 4779.5922 5096.2862000000005 1.5072046000000001 5.397486799999999 -5.0682282
60861 72465.684 602.3141400000001 6485.7492 2523.3963 1.3592821 2.5852671000000003 -6.9747616
60861 72885.684 1092.6426999999999 6876.3728 -562.68839 0.93523992 -0.75778354 -7.466563600000001
60861 73305.684 1361.2194 5871.2668 -3534.3616 0.32186301 -3.9446287000000004 -6.4398010999999995
60861 73725.684 1354.1254 3677.0606000000002 -5788.3239 -0.35442719 -6.3233765 -4.1118742
60861 74145.684 1073.8573000000001 740.3880600000001 -6872.099700000001 -0.95671229 -7.4197772 -0.9631433500000001
60861 74565.684 577.77807 -2345.3095 -6571.3060000000005 -1.3650903 -7.0233188 2.3697473000000002
60861 74985.684 -34.184729 -4960.7738 -4949.1102 -1.4993205 -5.218973699999999 5.2227809
60861 75405.684 -639.27911 -6581.5548 -2331.992 -1.3328921 -2.3669176000000003 7.0266828
60861 75825.684 -1116.1021 -6881.7698 754.18957 -0.8988922800000001 0.96194575 7.4178092
60861 76245.684 -1368.926 -5800.7389 3688.6114 -0.28452402 4.0976282 6.3164430000000005
60861 76665.684 -1347.1034 -3555.8213 5881.0334 0.38663053000000003 6.4098903 3.9451081
60861 77085.684 -1055.0734 -597.62837 6890.5740000000005 0.98037072 7.436450300000001 0.77929756
60861 77505.684 -551.1976800000001 2480.3152000000005 6512.5645 1.3782247 6.969634500000001 -2.5501603
60861 77925.684 63.700697999999996 5058.536599999999 4819.169400000001 1.499357 5.0938178 -5.376284399999999
60861 78345.684 665.5315 6613.0582 2149.181 1.3171586 2.179252 -7.120482699999999
60861 78765.684 1132.3356 6825.921 -957.96547 0.8672941200000001 -1.1834709 -7.419309500000001
60861 79185.684 1369.3373000000001 5653.302900000001 -3870.2891 0.24207572 -4.3027723 -6.2094587
60861 79605.684 1329.1393 3336.2114 -5996.969400000001 -0.4297482 -6.5413315 -3.7463119000000003
60861 80025.684 1020.8926 345.61367 -6911.6138 -1.0124761 -7.4548822 -0.5368815100000001
60861 80445.684 507.51445 -2714.7079 -6433.9406 -1.3903249000000002 -6.8694963 2.7714898
60861 80865.684 -107.64751 -5230.666700000001 -4662.4495 -1.4890614 -4.9069746 5.5198753
60861 81285.684 -701.20351 -6697.648 -1953.5025 -1.2891231 -1.9590096000000001 7.1593013
60861 81705.684 -1154.032 -6820.5911 1148.4285 -0.83037177 1.3836678 7.358908400000001
60861 82125.684 -1375.2440000000001 -5574.5767000000005 4019.304 -0.20510229000000002 4.4480238 6.0779533
60861 82545.684 -1320.5699 -3210.2037 6081.7523 0.46099007000000003 6.618692 3.5752524
60861 82965.684 -1001.0123000000001 -201.94616000000002 6921.01 1.0348728 7.4619712 0.35204329
60861 83385.684 -480.42999 2846.561 6366.3877999999995 1.4019031 6.806212 -2.9496025
60861 83805.684 136.97643 5321.2835000000005 4525.158 1.4872862 4.773186399999999 -5.667372
60861 84225.684 726.48822 6718.8229 1766.6382 1.2714976999999998 1.7653194 -7.242981
60861 84645.684 1168.5718000000002 6752.906400000001 -1351.2933 0.7972918600000001 -1.6059371000000002 -7.3472136
60861 85065.684 1373.5248000000001 5416.4712 -4194.4305 0.16213470000000002 -4.6468092 -5.9579954
60861 85485.684 1300.6215 2984.2281000000003 -6186.869 -0.50323987 -6.7371664 -3.3678355000000004
60861 85905.684 965.53126 -50.181052 -6929.296700000001 -1.0647514 -7.4647047 -0.10904267000000001
60861 86325.684 436.53402000000006 -3074.8059 -6276.536 -1.4112067 -6.6927145 3.1633191000000003
60862 345.68399999999997 -179.98453 -5482.9698 -4361.942099999999 -1.4745344 -4.5791243999999995 5.7979754
60862 765.684 -760.38665 -6791.5594 -1570.3358 -1.2420672 -1.5454234 7.2680503
60862 1185.684 -1188.1596000000002 -6737.1426 1537.1651000000002 -0.7601655500000001 1.8001651 7.2762842
60862 1605.684 -1377.4325000000001 -5330.404 4335.3769 -0.12581002 4.7838192 5.8204739
60862 2025.684 -1290.3201999999999 -2854.1606 6261.4631 0.5335539 6.8065492999999995 3.1943899
60862 2445.684 -944.28972 194.69187 6927.8365 1.0862113 7.4640184000000005 -0.076426802
60862 2865.684 -408.53156 3204.0682 6198.2335 1.4215703000000002 6.6208369000000005 -3.3400922
60862 3285.684 209.63233 5566.997 4214.8517999999995 1.4711235999999999 4.4367258000000005 -5.9403856
60862 3705.684 785.2188100000001 6802.7548 1376.7856000000002 1.2224215 1.3449160999999998 -7.3414795999999996
60862 4125.684 1201.4243000000001 6657.7458 -1741.43 0.7253168799999999 -2.0232469 -7.2500492
60862 4545.684 1373.9188000000001 5162.0516 -4505.6583 0.082278881 -4.974685900000001 -5.6862476
60862 4965.684 1268.7188 2622.6825 -6357.1367 -0.57465229 -6.9099289 -2.9782928
60862 5385.684 907.9934499999999 -445.26301 -6925.0556 -1.1134195 -7.449363099999999 0.31835244
60862 5805.684 365.07167 -3424.1265 -6099.782099999999 -1.4277755 -6.4940226 3.5436237000000004
60862 6225.684 -251.00163 -5716.776 -4048.8119 -1.4558988 -4.2370244 6.0561784
60862 6645.684 -816.7270500000001 -6863.0897 -1183.9198999999999 -1.1919942000000001 -1.1278555 7.3528535
60862 7065.684 -1218.5129 -6631.9183 1919.0798 -0.68861182 2.2099102 7.1704994
60862 7485.684 -1375.6674 -5069.2946 4635.8498 -0.04700459 5.1037918 5.5450258
60862 7905.684 -1256.6894 -2489.2025 6419.7098 0.6039204 6.9726413 2.8039814
60862 8325.684 -885.39988 590.53933 6911.2717 1.1340625 7.4423035 -0.50436148
60862 8745.684 -336.09152 3551.1255 6009.1152 1.4371045 6.4140234000000005 -3.7196756
60862 9165.684 281.01126 5794.588400000001 3890.6232000000005 1.450807 4.0856125 -6.1932766
60862 9585.684000000001 841.08958 6864.5691 982.73161 1.1701474 0.9205663 -7.4148336
60862 10005.684000000001 1230.4358 6541.3418 -2125.1407000000004 0.6519838099999999 -2.4324944 -7.1284355999999995
60862 10425.684000000001 1370.3556 4891.9667 -4801.302 0.0032889698 -5.284566 -5.396468
60862 10845.684 1233.5118 2254.0233 -6505.6705999999995 -0.6433013 -7.0595862 -2.5810793
60862 11265.684 848.57327 -837.48011 -6898.072099999999 -1.1581716 -7.4103047 0.74274405
60862 11685.684 293.48604 -3761.274 -5903.6809 -1.4400160000000002 -6.2754133 3.9110501
60862 12105.684 -320.38237 -5931.5109 -3723.4119 -1.4333385 -3.8825086 6.2940952
60862 12525.684 -869.9851 -6912.358 -794.66499 -1.139067 -0.70777956 7.4137593
60862 12945.684000000001 -1244.9267 -6505.634400000001 2293.8579 -0.61588618 2.6116265 7.0418022
60862 13365.684000000001 -1369.8908000000001 -4792.486400000001 4920.5728 0.030956089 5.4066842 5.252153900000001
60862 13785.684000000001 -1219.8087 -2117.0652999999998 6556.6806 0.6715684199999999 7.1159037 2.4051356
60862 14205.684000000001 -824.69987 983.52283 6872.1196 1.1778987 7.3963987 -0.9299538199999999
60862 14625.684 -263.66327 3885.7667 5800.7055 1.4481124 6.1864352 -4.0863287999999995
60862 15045.684 350.49375000000003 6002.852400000001 3555.0193 1.4263063 3.7206495 -6.4250267999999995
60862 15465.684 893.5828 6903.5575 587.18101 1.1151326 0.49358976000000004 -7.4633803
60862 15885.684 1255.3138999999999 6403.3817 -2500.1652000000004 0.5778351300000001 -2.8333850000000003 -6.984014
60862 16305.684 1362.7123000000001 4605.6867 -5079.8062 -0.07465184100000001 -5.577828900000001 -5.0900504
60862 16725.684 1195.0439 1877.6628 -6631.8527 -0.7093961000000001 -7.1874951000000005 -2.1759059
60862 17145.684 787.18631 -1227.915 -6847.4088 -1.1993975000000001 -7.3484673 1.1654232
60862 17565.684 221.52465 -4087.5047999999997 -5686.6248 -1.4483038 -6.0367034 4.2673483
60862 17985.684 -388.49328 -6128.094 -3383.4772000000003 -1.4070088 -3.514247 6.5129201000000005
60862 18405.684 -920.56644 -6939.6302000000005 -400.06031 -1.0833367 -0.28357993 7.4507092
60862 18825.684 -1267.8001000000002 -6357.9655 2663.7529 -0.54191067 3.0062279 6.889106
60862 19245.684 -1360.4406000000001 -4499.517400000001 5191.2767 0.10826446 5.692193100000001 4.9406231
60862 19665.684 -1179.9368000000002 -1737.6344 6673.7136 0.7366572800000001 7.2350954000000005 1.9973576000000002
60862 20085.684 -762.40544 1373.2017 6811.768599999999 1.2177672 7.325086000000001 -1.3524803
60862 20505.684 -191.43635 4207.2572 5574.8464 1.4546702 5.9377937 -4.4386961000000005
60862 20925.684 418.04858 6190.9007 3209.3698 1.397991 3.3439096 -6.6348964
60862 21345.684 942.81523 6919.6583 191.52966 1.0577215000000002 0.065790023 -7.4873826
60862 21765.684 1276.3067 6244.4203 -2865.3342000000002 0.50309666 -3.2247588 -6.8174914
60862 22185.684 1351.2866999999999 4304.2211 -5340.3848 -0.1515504 -5.8535402 -4.767934
60862 22605.684 1153.5682 1494.7443 -6735.4214 -0.77308111 -7.2931412 -1.7637852
60862 23025.684 724.0204100000001 -1615.269 -6773.2768 -1.2372625000000002 -7.2636465 1.5851755
60862 23445.684 149.30121 -4401.5336 -5449.3715999999995 -1.4528329000000002 -5.7782027 4.6111559
60862 23865.684 -455.32026 -6305.5095 -3030.3143999999998 -1.3771896 -3.1332156 6.7114973
60862 24285.684 -968.56892 -6944.3910000000005 -1.7627801 -1.0250496 0.14338078999999998 7.4632363
60862 24705.684 -1287.3389 -6188.9614 3027.0616 -0.46699217 3.3923942000000005 6.7127656
60862 25125.684 -1347.6545 -4190.909799999999 5446.562400000001 0.18463654 5.959462900000001 4.6114902
60862 25545.684 -1137.4805000000001 -1351.6432 6769.9315 0.79917033 7.3300852999999995 1.5819854
60862 25965.684 -698.86424 1758.9367 6729.8643 1.2539588000000002 7.228885 -1.7708742
60862 26385.684 -119.59141000000001 4515.1775 5331.4526 1.4572568000000001 5.6689906 -4.776252400000001
60862 26805.684 483.68819 6358.6096 2853.6797 1.3663135 2.9562058 -6.8227991
60862 27225.684 988.9510200000001 6913.031400000001 -204.23596 0.99811586 -0.3622928 -7.48693
60862 27645.684 1293.5916000000002 6064.8713 -3220.6755000000003 0.42770994 -3.6058496 -6.6288894
60862 28065.684 1336.251 3988.3715 -5583.1318 -0.22736531 -6.1106842 -4.4304244
60862 28485.684 1109.2787 1106.4193 -6816.655 -0.83419787 -7.375568599999999 -1.3456577
60862 28905.684 659.34928 -1998.0623 -6676.4887 -1.2715640000000001 -7.1553260000000005 2.0004056
60862 29325.684 77.164528 -4701.8562999999995 -5193.4895 -1.4534610000000001 -5.5003766 4.9405791
60862 29745.684 -520.47839 -6462.6896 -2666.2279 -1.3438704000000001 -2.7410063 6.8883377
60862 30165.684 -1013.6516 -6926.4255 397.50895 -0.96441524 0.5707663300000001 7.4509796
60862 30585.684 -1303.2996 -5999.380099999999 3381.2003 -0.39135247 3.7680338000000004 6.5137865
60862 31005.684 -1331.3671000000002 -3868.1052000000004 5684.4695 0.25992621000000005 6.2074072 4.2666014
60862 31425.684 -1092.3225 -960.73613 6844.204 0.8590274600000001 7.400995600000001 1.1609877
60862 31845.684 -633.97386 2139.3387000000002 6625.9929 1.2864759 7.1087972 -2.1837725
60862 32265.684 -48.026193 4808.6111 5070.5021 1.4558605 5.381292800000001 -5.0983922
60862 32685.684 547.45903 6505.585599999999 2488.3459 1.3311344999999999 2.5583672 -6.9885739000000004
60862 33105.684 1031.9707 6883.6422 -599.68608 0.9361897 -0.78973225 -7.4620074999999995
60862 33525.684 1307.1302 5865.0893 -3565.8084 0.35168678999999997 -3.9757646 -6.4184447
60862 33945.684 1317.5937 3658.8987 -5807.8517 -0.30200563 -6.3483491 -4.0780558000000005
60862 34365.684 1062.227 713.7941800000001 -6875.6916 -0.89254128 -7.4340406 -0.9225598300000001
60862 34785.684 593.3203100000001 -2374.9835000000003 -6557.7198 -1.3020637 -7.0233385 2.4096294
60862 35205.684 5.357169700000001 -4987.2687000000005 -4920.3098 -1.4499908000000001 -5.203931300000001 5.2540605
60862 35625.684 -583.67301 -6598.9152 -2293.1082 -1.3070055 -2.3391534000000003 7.0424418
60862 36045.684 -1055.5289 -6885.7525000000005 795.63159 -0.90152354 0.9966793300000001 7.4138722
60862 36465.684 -1315.4649 -5790.035400000001 3724.2396000000003 -0.31521017 4.1313943 6.2931539
60862 36885.684 -1311.4636 -3532.5135 5903.657200000001 0.33387292 6.4350246 3.9076807
60862 37305.684 -1044.4563 -566.5432800000001 6895.959900000001 0.9159872299999999 7.4477687 0.73621265
60862 37725.684 -567.81836 2512.9202 6500.3103 1.3151301000000002 6.9655168000000005 -2.5896025
60862 38145.684 23.111726 5086.442900000001 4792.7166 1.4503941 5.0759202 -5.403969699999999
60862 38565.684 609.1931800000001 6631.3147 2114.5711 1.2924987000000001 2.1518824 -7.1315278
60862 38985.684 1071.7571 6831.6311 -993.4573100000001 0.87211198 -1.2149394 -7.4125457
60862 39405.684 1316.8876 5645.894200000001 -3899.4847999999997 0.27526123 -4.3328992 -6.186809500000001
60862 39825.684 1295.4033000000002 3317.2486000000004 -6013.7946 -0.37520311 -6.565278500000001 -3.7121041
60862 40245.684 1012.6016 318.67533000000003 -6912.4337000000005 -0.94787995 -7.4679994 -0.49634449
60862 40665.684 526.20337 -2744.1893 -6417.6988 -1.3286149 -6.8680904 2.8108508000000003
60862 41085.684 -65.819002 -5256.3032 -4631.3364 -1.44242 -4.8902203 5.549999
60862 41505.684 -644.62136 -6713.4338 -1912.9654 -1.266682 -1.9296442 7.1730566
60862 41925.684 -1093.981 -6822.4891 1190.5168999999999 -0.83658731 1.4191155000000002 7.3522777
60862 42345.684 -1323.7296000000001 -5561.776400000001 4054.4355 -0.23888632 4.481082000000001 6.0520695
60862 42765.684 -1287.973 -3185.3886 6102.9714 0.4061934 6.6417831 3.5362505
60862 43185.684 -993.99935 -170.37411 6924.675200000001 0.96990751 7.4706376 0.3090693
60862 43605.684 -500.55128 2878.5762000000004 6352.8103 1.3398915999999998 6.7997366 -2.9873268
60862 44025.684 93.676229 5347.8808 4498.411400000001 1.4409229000000001 4.7537697 -5.6924094
60862 44445.684 668.7754 6735.3919000000005 1732.8624 1.25048 1.7376629000000001 -7.251387
60862 44865.684 1108.2282 6757.0002 -1384.9812 0.8059915099999999 -1.6368792 -7.3385467
60862 45285.684 1322.8479 5407.724700000001 -4221.2122 0.19862901 -4.6762235 -5.9343357
60862 45705.684 1269.7933 2964.3482000000004 -6200.8953 -0.44668841 -6.7603355 -3.3333239
60862 46125.684 960.63514 -77.633651 -6927.281400000001 -0.9999079500000001 -7.4767564 -0.06850303099999999
60862 46545.684 458.34947 -3104.2639 -6257.5432 -1.3509755 -6.6897917 3.2022322
60862 46965.684 -135.93975 -5507.8552 -4328.4295999999995 -1.4306599000000002 -4.5605015 5.826799
60862 47385.684 -702.9210899999999 -6805.854200000001 -1528.1668 -1.2231020000000001 -1.51453 7.2794735
60862 47805.684 -1128.7283 -6737.1332999999995 1579.7574 -0.76994825 1.8360151 7.2667122
60862 48225.684 -1327.9453 -5315.843 4369.8122 -0.16262678 4.8157411 5.791992100000001
60862 48645.684 -1260.815 -2828.347 6281.1522 0.47679297000000004 6.8272709 3.1541584
60862 49065.684 -940.89834 226.17374 6929.8285000000005 1.0207482 7.4700345 -0.11885439
60862 49485.684 -432.13108 3234.9916000000003 6183.540400000001 1.3607311 6.6123306 -3.3758228
60862 49905.684 163.68023000000002 5591.960099999999 4187.9815 1.4273686 4.4160621 -5.9629741
60862 50325.684 726.17959 6817.403700000001 1343.8748 1.205003 1.3171126 -7.3476863
60862 50745.684 1141.3556 6659.973400000001 -1773.4852 0.7378996200000001 -2.053926 -7.2399484
60862 51165.684 1325.0418 5151.5262999999995 -4530.317900000001 0.1219906 -5.0039691 -5.6615722
60862 51585.684 1240.8906000000002 2601.6006 -6369.0625 -0.5162307899999999 -6.9320926 -2.9427524
60862 52005.684 906.5454599999999 -473.34696 -6920.696900000001 -1.048373 -7.4598048 0.35916246
60862 52425.684 390.06794 -3453.4536000000003 -6078.5124000000005 -1.3689847 -6.4891149 3.5819140000000003
60862 52845.684 -204.67342000000002 -5740.6807 -4013.5039 -1.4147793 -4.2164414 6.083329
60862 53265.684 -758.30963 -6875.705400000001 -1140.8528000000001 -1.1765017 -1.0956922 7.361752900000001
60862 53685.684 -1159.6172 -6629.902900000001 1961.4468000000002 -0.70188986 2.2459807 7.158203800000001
60862 54105.684 -1328.08 -5052.8912 4669.0021 -0.086732389 5.1347367 5.5143674
60862 54525.684 -1230.0896 -2462.143 6437.421200000001 0.5453668199999999 6.9915975 2.7626661
60862 54945.684 -885.3557900000001 622.45034 6911.085900000001 1.0683316999999999 7.4462704 -0.5466657699999999
60862 55365.684 -362.81094 3581.6432000000004 5992.5209 1.3775955 6.4036353 -3.7542241
60862 55785.684 232.87798 5818.282700000001 3861.9021000000002 1.4099305 4.0637446 -6.2144622
60862 56205.684 781.2978800000001 6877.4669 948.59509 1.1565021 0.8917009100000001 -7.4193521
60862 56625.684 1171.2143 6541.4237 -2157.6351 0.66824555 -2.4639076 -7.1162837
60862 57045.684 1323.7128 4879.1925 -4825.5533 0.045753788000000004 -5.3135976000000005 -5.3695009
60862 57465.684 1208.8171000000002 2230.8523999999998 -6516.6096 -0.5835553200000001 -7.0802225 -2.5432469
60862 57885.684 850.50656 -866.7724499999999 -6892.0608 -1.0932895 -7.4181757 0.78440907
60862 58305.684 321.47845 -3790.647 -5880.7323 -1.3828749 -6.2676775 3.9486170000000005
60862 58725.684 -272.0218 -5954.357400000001 -3687.0234 -1.3950956 -3.8596109000000003 6.3191984
60862 59145.684 -810.91953 -6923.1585000000005 -751.54803 -1.1271813 -0.67442895 7.419933200000001
60862 59565.684 -1186.9152 -6501.5747 2335.1423 -0.63274317 2.6475531 7.027037
60862 59985.684 -1324.5511000000001 -4774.3 4951.7598 -0.011562239 5.436649999999999 5.2198231
60862 60405.684 -1196.3500000000001 -2088.7426 6571.9115 0.61163353 7.1334115 2.3630331
60862 60825.684 -828.02259 1016.0293 6869.3026 1.1124873 7.3986467000000005 -0.97220448
60862 61245.684 -293.26253 3916.0736 5781.6260999999995 1.3905966 6.174332000000001 -4.1200142
60862 61665.684 300.62827000000004 6025.371400000001 3523.9228 1.3888184000000001 3.6982279 -6.4445779000000005
60862 62085.684 833.59898 6915.0167 551.44602 1.1052978 0.4642177 -7.4656767
60862 62505.684 1197.4743999999998 6402.0027 -2533.2079 0.59767736 -2.8642166000000002 -6.9691915
60862 62925.684 1318.7883000000002 4592.013599999999 -5103.5235999999995 -0.029414157 -5.6045867 -5.0611631
60862 63345.684 1173.8459 1854.3005 -6641.2862000000005 -0.6481798700000001 -7.205470999999999 -2.1382263
60862 63765.684 792.9018199999999 -1256.2615 -6840.3308 -1.1346514 -7.3537305 1.2051492000000001
60862 64185.684 252.8919 -4115.0191 -5663.7536 -1.3929528 -6.0273849 4.3015251
60862 64605.684 -337.82072 -6148.762 -3348.7295 -1.3719702 -3.4914517000000003 6.5341822
60862 65025.684 -860.74049 -6948.643400000001 -360.07036 -1.0755331000000001 -0.25193046 7.4538408
60862 65445.684 -1210.8042 -6353.049400000001 2700.9764 -0.5629798899999999 3.0396210999999997 6.873019
60862 65865.684 -1317.7303000000002 -4481.5313 5218.233 0.062442848 5.7198412 4.9087508
60862 66285.684 -1160.1490000000001 -1710.3198 6685.174900000001 0.6751715 7.2511176 1.956848
60862 66705.684 -769.61465 1404.2509 6805.9423 1.1528935 7.3266197 -1.3928101
60862 67125.684 -224.28268 4235.8459 5553.559200000001 1.3996318 5.9254467 -4.4704919
60862 67545.684 366.19315 6211.8056 3177.522 1.3640948000000002 3.3206344 -6.6523295
60862 67965.684 882.48457 6929.271 155.93176000000003 1.0519701000000001 0.036146279 -7.4876186
60862 68385.684 1219.7813 6241.205 -2897.4162 0.52664259 -3.2552372999999997 -6.8008447
60862 68805.684 1310.0328000000002 4288.984 -5362.447400000001 -0.10362386999999999 -5.8793113 -4.7378101
60862 69225.684 1135.861 1470.3773 -6742.7993 -0.71070074 -7.309570300000001 -1.725625
60862 69645.684 733.3526999999999 -1643.8869 -6764.1332999999995 -1.173089 -7.2670046 1.6244477
60862 70065.684 183.69898999999998 -4428.5007000000005 -5424.837500000001 -1.3996467000000001 -5.7669695 4.6438726
60862 70485.684 -402.78738 -6324.9179 -2994.7077000000004 -1.3454711 -3.1090383000000004 6.730451100000001
60862 70905.684 -908.4155300000001 -6951.7637 38.029104 -1.0211042 0.17542525 7.463776200000001
60862 71325.684 -1231.6069 -6182.4453 3063.0551 -0.49164881000000005 3.425224 6.694451600000001
60862 71745.684 -1307.5327 -4171.7316 5471.5145 0.13619959 5.9857806 4.5782245
60862 72165.684 -1121.0811 -1323.792 6779.0312 0.73655846 7.3443936999999995 1.5411704
60862 72585.684 -709.56961 1789.7862 6721.759599999999 1.1897124 7.2286802 -1.8105301
60862 73005.684 -155.32517 4542.890200000001 5308.3592 1.4044452 5.6551032 -4.806661600000001
60862 73425.684 430.13538 6378.0969000000005 2820.7853 1.33578 2.9317121000000004 -6.8383484
60862 73845.684 928.4579 6920.8276 -240.03868 0.99617994 -0.39259243 -7.4850797
60862 74265.684 1238.4656000000002 6059.7032 -3252.0962000000004 0.4547504 -3.6363099 -6.6102537
60862 74685.684 1297.6626 3971.3213 -5603.737099999999 -0.17697322000000001 -6.1357244 -4.3987112
60862 75105.684 1094.9715 1080.7296999999999 -6822.031 -0.77085313 -7.390535600000001 -1.3065514
60862 75525.684 672.13516 -2027.265 -6665.1298 -1.2080976 -7.1566713 2.039711
60862 75945.684 114.39523 -4728.5058 -5166.957 -1.4024726 -5.4869498000000005 4.972213300000001
60862 76365.684 -466.28113 -6480.9266 -2629.2939 -1.3154301000000002 -2.7150462 6.9052401
60862 76785.684 -953.3300300000001 -6932.0470000000005 437.63887 -0.9641991000000001 0.6037163799999999 7.448956
60862 77205.684 -1248.9321000000002 -5990.9726 3416.4612 -0.41945138 3.8006132 6.4930454
60862 77625.684 -1293.8706000000002 -3847.3626000000004 5707.8108 0.20902539 6.2324729 4.2316637
60862 78045.684 -1079.2899 -931.98845 6851.2085 0.79541567 7.4134423 1.1195698
60862 78465.684 -648.11137 2170.2531000000004 6615.7880000000005 1.2229215999999998 7.1065816 -2.2228662
60862 78885.684 -86.571974 4835.5859 5045.7817000000005 1.4052847 5.3656394 -5.127278400000001
60862 79305.684 492.28844000000004 6523.7165 2454.6162999999997 1.3039610000000001 2.5326691 -7.0020512
60862 79725.684 971.3890799999999 6889.7203 -635.41171 0.93804849 -0.82052792 -7.457948099999999
60862 80145.684 1253.4643 5858.147599999999 -3596.2690000000002 0.38217417000000004 -4.0060112 -6.3978624
60862 80565.684 1281.6923000000002 3640.2523 -5826.7169 -0.24925762 -6.3725966 -4.0448903000000005
60862 80985.684 1051.2808 686.98274 -6878.8334 -0.82839559 -7.4476258 -0.88259119
60862 81405.684 609.45359 -2404.612 -6543.9213 -1.2394529 -7.0227679 2.4490119
60862 81825.684 45.255036999999994 -5013.4701 -4891.5154 -1.4013312 -5.1883354 5.2847479
60862 82245.684 -528.01233 -6615.8335 -2254.5302 -1.2818649 -2.3113287999999996 7.0573857
60862 82665.684 -995.21999 -6889.4333 836.44141 -0.90492291 1.0306597 7.4092975
60862 83085.684 -1262.5758999999998 -5779.4857 3759.0804 -0.34656208 4.1638619 6.2698334000000004
60862 83505.684 -1276.6224 -3509.9197999999997 5925.61 0.28072277 6.4588532 3.8708131
60862 83925.684 -1034.7226 -536.64499 6900.99 0.85160866 7.4581939 0.6939971
60862 84345.684 -585.2392199999999 2544.0731 6488.0693 1.2524137000000002 6.9610706 -2.6282107999999997
60862 84765.684 -18.053815 5112.7793 4766.4580000000005 1.4021246 5.0583312 -5.431262800000001
60862 85185.684 552.6120500000001 6648.1408 2080.1354 1.2686857 2.1249421 -7.1428064000000004
60862 85605.684 1011.284 6836.0524000000005 -1028.9366 0.87771412 -1.2461790000000001 -7.4062293
60862 86025.684 1264.8341 5637.2643 -3928.8032000000003 0.30902713 -4.3628529 -6.1642724
60863 45.684 1262.2445 3297.1259 -6030.710400000001 -0.32034113000000003 -6.5886954 -3.6776256
60863 465.68399999999997 1004.9678 290.87726000000004 -6913.2001 -0.88318956 -7.4802035 -0.45562162
60863 885.684 545.53501 -2774.1059 -6401.3583 -1.2670768000000001 -6.865592800000001 2.8502278000000003
60863 1305.684 -23.47707 -5281.9137 -4600.2065999999995 -1.3962155 -4.8724372 5.579676
60863 1725.684 -587.7578199999999 -6728.8882 -1872.7043 -1.2449014999999999 -1.8999717 7.1859435000000005
60863 2145.684 -1033.9502 -6824.1153 1231.9908 -0.84355233 1.4539647 7.345014900000001
60863 2565.684 -1272.5311000000002 -5549.080900000001 4088.8031 -0.27328535 4.513095900000001 6.0261578
60863 2985.684 -1255.8873 -3161.1142000000004 6123.527599999999 0.35109667 6.6639082 3.4977068
60863 3405.684 -987.54551 -139.67739000000003 6927.898700000001 0.9050121799999999 7.478684 0.26662637
60863 3825.684 -521.14574 2909.5234 6338.9868 1.2781988 6.7929991 -3.0246769
60863 4245.684 50.067919 5373.250599999999 4471.4463 1.3950836 4.734599500000001 -5.7173543
60863 4665.684 610.99919 6750.8282 1698.8113 1.2300826999999999 1.7102131999999999 -7.2600661
60863 5085.684 1048.076 6760.013599999999 -1419.0638000000001 0.81525333 -1.6677565 -7.3300871
60863 5505.684 1272.5558 5397.9641 -4248.3926 0.23547141 -4.7052892 -5.9104647
60863 5925.684 1239.3968 2943.4037000000003 -6215.0268 -0.38999743000000003 -6.7829843 -3.2984023000000002
60863 6345.684 956.19632 -105.88307 -6925.129900000001 -0.93503004 -7.4880202 -0.027517492
60863 6765.684 480.61199 -3134.1301000000003 -6238.2334 -1.2908462 -6.6858091 3.2415313
60863 7185.684 -91.537891 -5532.6766 -4294.514 -1.3871241 -4.5407467 5.8556021000000005
60863 7605.684 -645.2970200000001 -6819.678 -1485.7153 -1.2047382 -1.4829515 7.2903728
60863 8025.684 -1069.4195 -6736.5268 1622.3671000000002 -0.7804506800000001 1.8716774 7.2565398
60863 8445.684 -1278.8721 -5300.9307 4404.0715 -0.20007674 4.8468100000000005 5.7632677999999995
60863 8865.684 -1231.9414 -2802.6005 6300.658200000001 0.41965678000000006 6.846905700000001 3.1141265
60863 9285.684000000001 -938.2165500000001 257.1328 6931.7958 0.95528732 7.4750123 -0.16072776
60863 9705.684000000001 -456.37445 3265.0234 6169.13 1.3002057 6.6032162 -3.4106680000000003
60863 10125.684000000001 117.2547 5615.8641 4161.9123 1.384265 4.3959007 -5.9844102999999995
60863 10545.684000000001 666.9876700000001 6831.3505000000005 1312.1607 1.1884276 1.2903904 -7.3533217
60863 10965.684 1081.47 6662.0155 -1804.2309 0.75119111 -2.083235 -7.229845
60863 11385.684 1276.5965 5141.4452 -4553.7937999999995 0.16219683000000001 -5.0316697999999995 -5.637586199999999
60863 11805.684 1213.4332 2580.9217000000003 -6379.1907 -0.45754863 -6.954232 -2.9089852
60863 12225.684 905.50148 -501.16376 -6915.0010999999995 -0.9833878300000001 -7.470829800000001 0.39938112000000003
60863 12645.684 415.39256 -3482.6982000000003 -6055.9263 -1.3104883 -6.4843777000000005 3.6205999
60863 13065.684000000001 -158.18116 -5764.415900000001 -3976.6582000000003 -1.3741391 -4.1952912 6.1109751
60863 13485.684000000001 -699.96154 -6887.8270999999995 -1096.1804 -1.1616405 -1.0627442 7.3703867
60863 13905.684000000001 -1101.0909 -6627.269700000001 2005.1338 -0.71595682 2.2817897 7.144932
60863 14325.684000000001 -1281.2104 -5036.2465999999995 4703.0673 -0.1272994 5.1641544999999995 5.48289
60863 14745.684 -1204.5385 -2435.6883 6455.8938 0.4861089 7.0081661 2.7215966
60863 15165.684 -886.58788 652.7576600000001 6912.0826 1.0022545 7.4480983 -0.58719871
60863 15585.684 -390.84313000000003 3609.9541000000004 5978.1116 1.3182958 6.3926698 -3.7860050000000003
60863 16005.684 183.56005 5840.3115 3837.4065 1.3696831999999999 4.0428649000000005 -6.232617
60863 16425.684 720.67162 6889.584400000001 919.674 1.1438729 0.86576725 -7.422622400000001
60863 16845.684 1111.6356 6542.0781 -2184.9303999999997 0.6857302100000001 -2.49218 -7.1054216
60863 17265.684 1277.203 4867.9707 -4845.4624 0.08934819299999999 -5.3412199000000005 -5.3455657
60863 17685.684 1184.7484 2210.2167999999997 -6524.5382 -0.52293173 -7.100893200000001 -2.5090923
60863 18105.684 853.31084 -893.87517 -6884.2705000000005 -1.0281268000000001 -7.427518200000001 0.82402504
60863 18525.684 350.34801000000004 -3818.4934 -5856.491400000001 -1.325964 -6.261420500000001 3.9858198000000002
60863 18945.684 -222.96097 -5976.145 -3649.2913 -1.3574410000000001 -3.8374341 6.3447287
60863 19365.684 -751.45944 -6933.052900000001 -706.9374300000001 -1.1161587 -0.64114549 7.4262283
60863 19785.684 -1128.9311 -6496.6871 2377.8064 -0.6506944499999999 2.6831538 7.0115936
60863 20205.684 -1279.7128 -4755.6353 4983.9987 -0.055221644 5.4651408 5.1867702
60863 20625.684 -1173.8569 -2060.7754 6588.0651 0.5506536599999999 7.1485394 2.3212113
60863 21045.684 -832.68703 1047.1804 6867.8596 1.0463843 7.398770000000001 -1.0125631
60863 21465.684 -324.3688 3944.5193 5765.0169000000005 1.3329773 6.161610800000001 -4.1508551
60863 21885.684 249.35447000000002 6046.4815 3496.6596 1.35173 3.6757496 -6.4621338999999995
60863 22305.684 772.51891 6925.4463 520.1085800000001 1.0965277000000002 0.43636049000000005 -7.4675984
60863 22725.684 1139.0556000000001 6400.1866 -2562.136 0.61881997 -2.8941342 -6.9559595000000005
60863 23145.684 1274.8278 4577.9845000000005 -5124.1258 0.016823275 -5.632355400000001 -5.0339893
60863 23565.684 1153.1662 1830.5606 -6649.2136 -0.58650131 -7.224449300000001 -2.0999299000000002
60863 23985.684 799.2323100000001 -1285.3889 -6831.1771 -1.0698927 -7.3597009 1.2469957
60863 24405.684 284.80727 -4143.3405 -5637.665900000001 -1.3379087 -6.0173286 4.3388342
60863 24825.684 -286.7665 -6169.5137 -3309.4635000000003 -1.3373840000000001 -3.4659872000000003 6.558258
60863 25245.684 -800.7169 -6956.2848 -314.70992 -1.0681175 -0.21617287999999998 7.457955200000001
60863 25665.684 -1153.7346000000002 -6344.9894 2743.3782 -0.58427944 3.0769580000000003 6.8550989
60863 26085.684 -1275.0342 -4459.1323 5249.1152999999995 0.016405701 5.7493221000000005 4.8729915
60863 26505.684 -1140.4896 -1678.4093 6698.7874 0.6133377900000001 7.2661748 1.9121052
60863 26925.684 -777.1199799999999 1439.0123 6800.745400000001 1.0875934999999999 7.3251445 -1.4359377
60863 27345.684 -257.59047 4266.7683 5532.111 1.3442082 5.9095269 -4.503195
60863 27765.684 313.8701 6233.1798 3144.347 1.3303552 3.2957802000000003 -6.6697632
60863 28185.684 821.81701 6938.7823 119.19432 1.0466817000000002 0.0055024926000000005 -7.4869992000000005
60863 28605.684 1163.1757 6237.6831 -2930.2127 0.55093239 -3.2857182 -6.7831549
60863 29025.684 1269.0363 4273.563400000001 -5384.8315999999995 -0.054866328000000006 -5.9044663 -4.7068814
60863 29445.684 1118.6970000000001 1445.9686000000002 -6750.0299 -0.64765202 -7.325477 -1.6868139000000002
60863 29865.684 743.46237 -1672.3016000000002 -6754.55 -1.1084719 -7.269706500000001 1.6644473000000002
60863 30285.684 218.99481 -4454.9766 -5399.5513 -1.34636 -5.7550249 4.6773523
60863 30705.684 -349.40519 -6343.499 -2958.0186000000003 -1.3140789 -3.0839468 6.750195700000001
60863 31125.684 -847.61693 -6957.837 79.19260799999999 -1.0177638 0.20880191 7.4647578999999995
60863 31545.684 -1175.5112 -6174.0521 3100.4197000000004 -0.51702413 3.4593157000000003 6.6756419
60863 31965.684 -1267.3502 -4150.2861 5497.4483 0.087063945 6.012618499999999 4.5436643000000005
60863 32385.684 -1104.8916000000002 -1293.6766 6788.4733 0.67336346 7.3581236 1.4987334
60863 32805.684 -720.69299 1822.4533000000001 6713.3912 1.1250675 7.2270062 -1.8513619000000001
60863 33225.684 -191.59883 4571.656900000001 5284.6253 1.3514602 5.639489800000001 -4.8374039
60863 33645.684 376.03144000000003 6397.910900000001 2787.2392000000004 1.3053869 2.9059709 -6.853442
60863 34065.684 867.54006 6928.5969000000005 -276.17721 0.99471622 -0.42324495 -7.4822809
60863 34485.684 1183.1756 6054.5613 -3283.4832 0.48252375000000003 -3.6662478000000003 -6.590902900000001
60863 34905.684 1259.2315 3954.5511 -5624.1305 -0.12582106 -6.160004799999999 -4.366707000000001
60863 35325.684 1081.0517 1055.3946 -6826.8556 -0.70698596 -7.4052656 -1.2670757000000001
60863 35745.684 685.47463 -2056.0099 -6652.9913 -1.1443639 -7.1577207 2.079723
60863 36165.684 152.22275 -4754.539900000001 -5139.2785 -1.3515594000000002 -5.4730247 5.004873
60863 36585.684 -411.58840000000004 -6498.2289 -2590.7605 -1.2873749 -2.6880471 6.9231887
60863 37005.684 -892.7044000000001 -6936.173900000001 479.69816 -0.9644743200000001 0.6382107600000001 7.4473026
60863 37425.684 -1194.4660000000001 -5980.4348 3453.5579 -0.4480365 3.8344795 6.471481600000001
60863 37845.684 -1256.4761 -3824.161 5732.4535000000005 0.15766652 6.2577249 4.1951271
60863 38265.684 -1066.5364 -900.98604 6858.8234 0.7314121 7.4247559 1.076633
60863 38685.684 -662.67549 2202.7681000000002 6605.711 1.1590732000000001 7.102493900000001 -2.2626656
60863 39105.684 -125.62832000000002 4863.303599999999 5021.0729 1.3546310000000001 5.3483571 -5.1558194
60863 39525.684 436.63622 6541.9806 2421.0997 1.2770147 2.5062649 -7.01461
60863 39945.684 910.48434 6895.8556 -670.51422 0.94042565 -0.85098216 -7.452976700000001
60863 40365.684 1199.7322 5851.5857000000005 -3625.8464 0.41333354000000005 -4.0351855 -6.3770369
60863 40785.684 1246.018 3622.3624 -5844.9048 -0.19592861 -6.3959771000000005 -4.0119232
60863 41205.684 1040.6545 660.85716 -6880.9430999999995 -0.76405334 -7.4613760000000005 -0.84239923
60863 41625.684 625.91544 -2433.6309 -6528.8481 -1.1769895 -7.0223119 2.4893373000000003
60863 42045.684 85.36025599999999 -5039.0103 -4860.894700000001 -1.3530768 -5.1722702 5.3170569
60863 42465.684 -472.33837 -6631.6634 -2213.4196 -1.2572139 -2.2819254 7.0738947
60863 42885.684 -935.0862099999999 -6891.164400000001 880.21939 -0.90870548 1.0669605 7.4050384000000005
60863 43305.684 -1209.9877 -5766.0787 3796.6542999999997 -0.37814007 4.198090199999999 6.2451244
60863 43725.684 -1242.1556 -3484.0544 5949.4709 0.2274335 6.4827591 3.8316149999999998
60863 44145.684 -1025.4218 -503.83127 6906.9888 0.7870771999999999 7.4669374 0.6498578700000001
60863 44565.684 -603.1496800000001 2577.221 6476.2401 1.1896054999999999 6.9540952 -2.6674548000000002
60863 44985.684 -59.714756 5140.01 4740.589400000001 1.3539459999999999 5.0387722 -5.4578370000000005
60863 45405.684 495.6224 6665.164900000001 2046.4192 1.2451934000000002 2.0972997 -7.1528581
60863 45825.684 950.57614 6840.649200000001 -1063.2114 0.88382007 -1.276861 -7.398977
60863 46245.684 1212.7955 5629.1991 -3956.7286000000004 0.34345423 -4.3917299000000005 -6.1417936
60863 46665.684 1229.4107 3277.7832000000003 -6046.808900000001 -0.26501378 -6.6115864 -3.6431003
60863 47085.684 997.6008800000001 263.44818 -6912.234200000001 -0.8186592100000001 -7.493326000000001 -0.41365884999999997
60863 47505.684 564.96008 -2803.9707000000003 -6382.473400000001 -1.2061696 -6.8634896 2.8922518
60863 47925.684 18.649393 -5307.3107 -4565.1814 -1.3507856 -4.8533051 5.6129417
60863 48345.684 -531.3953100000001 -6743.0594 -1827.1172 -1.2236502 -1.8665909 7.2017171
60863 48765.684 -974.54976 -6822.532400000001 1279.5004 -0.8505979499999999 1.4938889 7.3379256
60863 49185.684 -1221.9134 -5531.1795999999995 4128.5571 -0.3074047 4.5491192 5.9970763
60863 49605.684 -1224.2388 -3130.5438 6147.6625 0.29634457 6.6869778 3.4540949999999997
60863 50025.684 -981.41952 -103.00755000000001 6932.5834 0.8402744 7.484369200000001 0.21955325
60863 50445.684 -542.0335600000001 2944.9831000000004 6325.091 1.2165263 6.7819569 -3.0645101
60863 50865.684 6.1480859 5401.1013 4443.8213 1.3492179000000002 4.7114796 -5.7422486
60863 51285.684 552.9209599999999 6767.2484 1664.3416000000002 1.2098022000000002 1.6804463 -7.267279
60863 51705.684 987.7390200000001 6763.4265000000005 -1452.884 0.82498194 -1.69917 -7.3200873
60863 52125.684 1222.346 5388.5659000000005 -4274.8326 0.27305038000000004 -4.7342592 -5.8857745999999995
60863 52545.684 1209.5315 2922.7142000000003 -6229.3386 -0.33286973999999997 -6.8052511 -3.2614525
60863 52965.684 952.09771 -134.39006 -6920.7919 -0.8706959500000001 -7.500512 0.018050840000000002
60863 53385.684 502.84374 -3164.579 -6214.3813 -1.2318841 -6.6817340000000005 3.2875337
60863 53805.684 -47.701116999999996 -5557.3251 -4252.8682 -1.3448317 -4.5170857 5.8925127
60863 54225.684 -588.62301 -6830.6161 -1432.381 -1.1868473 -1.4424473 7.3075396
60863 54645.684 -1011.0006999999999 -6728.432400000001 1677.4348 -0.79016396 1.9196110000000002 7.2468687
60863 55065.684 -1230.1265 -5273.4827000000005 4449.3947 -0.23573858000000003 4.8887609 5.7274101
60863 55485.684 -1202.5721 -2760.8949 6326.9457999999995 0.36448674000000003 6.871295600000001 3.061504
60863 55905.684 -934.33525 304.3646 6934.934 0.89109655 7.476732200000001 -0.21583287
60863 56325.684 -479.11154 3308.5353 6151.0518 1.2398409 6.584590400000001 -3.4546520000000003
60863 56745.684 72.174025 5648.3335 4129.5238 1.3404891 4.3648236 -6.008496500000001
60863 57165.684 608.78396 6849.3655 1274.0526000000002 1.1709872000000001 1.254848 -7.3564233
60863 57585.684 1022.2628000000001 6665.2047 -1839.6724 0.7639361699999999 -2.1175374000000002 -7.2147098
60863 58005.684 1228.6895 5131.107900000001 -4579.8189 0.20219377 -5.061389699999999 -5.6083916
60863 58425.684 1186.5397 2558.8041000000003 -6391.0963 -0.39946538 -6.9769802 -2.8679026
60863 58845.684 904.54287 -532.48271 -6908.5086 -0.92103868 -7.4798428999999995 0.46045719
60863 59265.684 439.67506000000003 -3514.454 -6024.2341 -1.2550869 -6.471610399999999 3.6850651
60863 59685.684 -113.79536 -5788.6163 -3923.1609 -1.3352618 -4.1552477 6.1615428
60863 60105.684 -644.0905600000001 -6890.0341 -1026.0796 -1.1465346 -0.99877784 7.3968617000000005
60863 60525.684 -1044.2167 -6599.1350999999995 2078.9332 -0.72616004 2.3596125000000003 7.1341539
60863 60945.684 -1233.4801000000002 -4975.3006 4763.3805999999995 -0.16010456 5.2368103 5.4295051999999995
60863 61365.684 -1174.3717 -2349.5142 6486.1371 0.43640334000000003 7.0519620000000005 2.6350339
60863 61785.684 -879.40718 748.39453 6902.8364 0.94409918 7.4479767 -0.68407262
60863 62205.684 -408.02955 3696.1342999999997 5930.9096 1.2622874 6.3490966 -3.8653604
60863 62625.684 145.24114000000003 5901.4286 3764.8846000000003 1.3273148000000001 3.9718802 -6.2731068
60863 63045.684 669.1610000000001 6918.2262 839.30534 1.1253087000000002 0.79077443 -7.4195554
60863 63465.684 1058.4126 6542.0738 -2256.241 0.6959737500000001 -2.5536700999999997 -7.0659399
60863 63885.684 1234.2051999999999 4846.6483 -4895.4396 0.12697673 -5.3804417 -5.286259
60863 64305.684 1161.614 2175.6805 -6546.911599999999 -0.46657960000000004 -7.1203737 -2.4437356
60863 64725.684 855.56209 -932.63785 -6879.1692 -0.9658932600000001 -7.4280717 0.88866908
60863 65145.684 377.56192 -3853.3994 -5825.1621 -1.2714307 -6.2420596 4.0450927000000005
60863 65565.684 -176.54019 -5998.9281 -3595.1689 -1.3212614 -3.7949157000000002 6.3904787
60863 65985.684 -694.83859 -6933.4259 -638.74586 -1.1044444000000002 -0.5773916 7.4463272
60863 66405.684 -1072.8335 -6467.5976 2447.0998 -0.6646476800000001 2.7573135000000004 6.9951608
60863 66825.684 -1233.7159 -4692.639 5036.4395 -0.091579113 5.5340505 5.1334726
60863 67245.684 -1145.9559 -1970.3427 6609.1170999999995 0.50039064 7.1934716 2.229591
60863 67665.684 -827.56998 1147.1723000000002 6846.8935 0.98971518 7.397698500000001 -1.1162716000000001
60863 68085.684 -342.64916 4033.7976000000003 5703.058599999999 1.2799327 6.1126008 -4.2374155
60863 68505.684 211.26099 6107.8117 3407.5585 1.3125175 3.5937364 -6.506168
60863 68925.684 722.5430600000001 6949.9704 423.09882 1.0803707999999999 0.34752506 -7.4610725
60863 69345.684 1088.0862 6389.9912 -2647.1364 0.63056661 -2.9669137 -6.9072985000000005
60863 69765.684 1234.1217 4539.9891 -5182.619 0.054741847 -5.679467300000001 -4.9621729
60863 70185.684 1132.3702 1778.9359 -6674.321400000001 -0.53075508 -7.2431076999999995 -2.0206818
60863 70605.684 803.40798 -1339.2095 -6823.3557 -1.0089700000000001 -7.351835200000001 1.3229048
60863 71025.684 313.31557000000004 -4188.665 -5600.182 -1.2850344 -5.9849429 4.402889600000001
60863 71445.684 -239.679 -6196.3276 -3249.0036 -1.3032198000000002 -3.4105841999999997 6.6020691
60863 71865.684 -744.37519 -6956.369000000001 -242.22465 -1.0594794 -0.15083143999999998 7.4705954000000006
60863 72285.684 -1099.2032 -6315.5476 2813.6147 -0.60143807 3.1474425999999998 6.8304174
60863 72705.684 -1232.0581000000002 -4398.4406 5300.400000000001 -0.022785977 5.8098935 4.813011
60863 73125.684 -1117.4247 -1598.2879 6719.0878 0.5591246200000001 7.2955185 1.8277284999999999
60863 73545.684 -778.31475 1523.0791000000002 6784.360900000001 1.0280733 7.3141300000000005 -1.5220313
60863 73965.684 -282.89682 4338.420700000001 5483.393 1.2907939 5.8627675 -4.5675605
60863 74385.684 269.38732 6280.879 3076.6632999999997 1.2941083000000002 3.2276956 -6.6971064
60863 74805.684 767.3454300000001 6959.0926 49.794523999999996 1.0364185 -0.060283662 -7.4738638
60863 75225.684 1110.2639 6230.693700000001 -2987.5394 0.57059204 -3.3359633 -6.7454728
60863 75645.684 1228.2553 4240.817599999999 -5417.2751 -0.011156043000000001 -5.9486964 -4.6547175
60863 76065.684 1099.0102 1396.0912 -6754.5037 -0.59091404 -7.3559369 -1.616324
60863 76485.684 747.9327099999999 -1730.8713 -6724.9692000000005 -1.0516296 -7.2721656 1.7557999
60863 76905.684 246.24016 -4508.321400000001 -5336.706700000001 -1.2980786 -5.7141915 4.7633462
60863 77325.684 -305.20931 -6371.8768 -2864.8065 -1.2832141 -3.0056639 6.8094589
60863 77745.684 -795.00904 -6947.1385 188.26438000000002 -1.009052 0.31349154 7.4782735
60863 78165.684 -1124.137 -6118.0122 3203.3952999999997 -0.53132444 3.5661327000000003 6.6317491
60863 78585.684 -1226.1928 -4051.672 5570.7525000000005 0.053168993000000005 6.096163499999999 4.4442874
60863 79005.684 -1081.3528000000001 -1170.2974 6812.7110999999995 0.62456223 7.389530700000001 1.3693806
60863 79425.684 -719.32083 1946.2435 6682.7085 1.0699295 7.197610200000001 -1.9776787
60863 79845.684 -212.8525 4671.8168 5207.147 1.3006593 5.5590905 -4.929099900000001
60863 80265.684 336.37977 6457.527400000001 2681.6342999999997 1.2699607000000002 2.7978561 -6.8914182
60863 80685.684 817.8157600000001 6942.7211 -385.02918 0.98327631 -0.52961216 -7.462625699999999
60863 81105.684 1133.7916 6024.1071 -3372.8523999999998 0.4992762 -3.7505057 -6.5318629
60863 81525.684 1220.308 3887.5276000000003 -5675.2115 -0.085945539 -6.2231787999999995 -4.2829613
60863 81945.684 1060.24 967.1363299999999 -6826.278200000001 -0.6558076 -7.4459011 -1.1577414000000001
60863 82365.684 686.79592 -2152.0053 -6602.923400000001 -1.0917278 -7.150301000000001 2.2027558
60863 82785.684 174.36713 -4835.3954 -5039.4448 -1.3064253000000001 -5.4081484 5.1137008
60863 83205.684 -373.34078000000005 -6540.9395 -2453.9334 -1.2568786 -2.5746357 6.9854767
60863 83625.684 -845.7010300000001 -6925.814 628.65768 -0.9540167900000001 0.7715719000000001 7.4406962000000005
60863 84045.684 -1147.8792 -5916.6123 3584.7428 -0.46074681 3.9496828 6.3957976
60863 84465.684 -1220.0618000000002 -3721.4361000000004 5821.0673 0.12243446000000001 6.3238332 4.073352
60863 84885.684 -1048.7383 -783.28086 6892.7335 0.6793854300000001 7.4297949 0.94405567
60863 85305.684 -668.4705 2310.9165000000003 6587.5442 1.1008329000000001 7.054612100000001 -2.3736009
60863 85725.684 -154.85962 4943.5878 4964.3615 1.3035069000000001 5.2672881 -5.2263218
60863 86145.684 389.71209999999996 6584.7796 2343.6048 1.2452229 2.4113607000000004 -7.0408604
60864 165.684 855.62076 6898.3526 -750.2222800000001 0.93504604 -0.9463416600000001 -7.4381976000000005
60864 585.684 1148.2864 5815.4305 -3691.4843 0.43439484 -4.12249 -6.3252055
60864 1005.684 1208.0605 3553.1292000000003 -5881.993 -0.15462420000000002 -6.4643735 -3.925488
60864 1425.684 1022.904 570.4089200000001 -6876.695900000001 -0.7117678700000001 -7.4944332000000005 -0.7301973500000001
60864 1845.684 630.54698 -2528.1135 -6474.7253 -1.1243052 -7.006122599999999 2.6105634
60864 2265.684 110.5892 -5114.9717 -4758.8161 -1.3090722000000001 -5.1005598 5.4191829
60864 2685.684 -431.74371 -6667.5070000000005 -2077.8488 -1.229092 -2.1662515 7.1267366
60864 3105.684 -886.95086 -6874.0978 1023.9897 -0.9015562 1.1974419 7.3896833
60864 3525.684 -1163.7357 -5697.5981 3919.6477999999997 -0.39436464000000004 4.306983000000001 6.164217300000001
60864 3945.684 -1207.4341000000002 -3379.5632 6028.6241 0.18939837 6.5418803 3.7089921
60864 4365.684 -1010.2067 -387.04103000000003 6931.8263 0.73371328 7.4664312 0.51967086
60864 4785.684 -611.71276 2682.5451000000003 6450.3668 1.1318375 6.9026208 -2.7745419
60864 5205.684 -91.16551600000001 5216.2182 4677.893 1.3049303 4.9555487000000005 -5.5241201
60864 5625.684 447.57414 6703.1058 1964.8863999999999 1.2164683 2.0009445 -7.1745256
60864 6045.684 895.93613 6837.8549 -1144.8971999999999 0.8816493000000001 -1.3726639 -7.3788488
60864 6465.684 1162.8279 5588.0005 -4021.951 0.36720341 -4.4771868999999995 -6.0840833000000005
60864 6885.684 1193.8813 3204.9058 -6081.0881 -0.22181606 -6.6749622 -3.5519719000000003
60864 7305.684 982.9158000000001 172.08916000000002 -6904.0652 -0.7653466 -7.518519100000001 -0.30038568
60864 7725.684 572.89236 -2895.7616000000003 -6325.027900000001 -1.1534961000000001 -6.8390845 3.0095642
60864 8145.684 46.920456 -5377.648099999999 -4462.414 -1.3080275 -4.7763499000000005 5.7066705
60864 8565.684 -488.56624 -6772.1291 -1694.8708000000001 -1.1981148000000001 -1.7508734 7.2444296999999995
60864 8985.684 -925.50598 -6799.8117 1415.9686000000002 -0.84708498 1.6192208000000001 7.3143174
60864 9405.684000000001 -1176.3805 -5459.9366 4241.6988 -0.32756911000000005 4.6499844999999995 5.9124933
60864 9825.684000000001 -1191.7751 -3026.7019 6216.485000000001 0.25510989 6.738418800000001 3.3327257
60864 10245.684000000001 -969.47163 10.385106 6948.3692 0.7854331200000001 7.4786619000000005 0.09381213599999999
60864 10665.684000000001 -554.03312 3045.3217000000004 6292.308 1.1594473 6.7280316000000004 -3.1661715
60864 11085.684 -28.036944000000002 5471.6936 4376.4637999999995 1.3027698 4.6275554 -5.8034629
60864 11505.684 503.45053 6799.455 1580.3114 1.1846736 1.5842142 -7.2841533
60864 11925.684 933.22963 6755.1188 -1535.0333 0.82646656 -1.7938747000000002 -7.294966500000001
60864 12345.684 1173.9505 5342.7136 -4338.4121 0.29994408 -4.8165450000000005 -5.8232154000000005
60864 12765.684 1176.6111 2846.8625 -6259.601900000001 -0.28742352 -6.8632962 -3.1674047
60864 13185.684000000001 940.79501 -226.01805 -6908.4993 -0.8160473100000001 -7.517937 0.12952493999999998
60864 13605.684000000001 514.48658 -3253.2727999999997 -6154.7165 -1.1790848 -6.6499477 3.397779
60864 14025.684000000001 -15.959225 -5622.2488 -4151.8667000000005 -1.3033698999999999 -4.4371011 5.9746904999999995
60864 14445.684 -543.19181 -6854.4192 -1307.0810000000001 -1.1641531999999999 -1.3306372 7.3379219
60864 14865.684 -960.8521700000001 -6703.4988 1802.4868999999999 -0.79086806 2.0347616 7.215115
60864 15285.684 -1185.4165 -5204.946400000001 4549.2012 -0.26066291 4.9772247 5.6420347
60864 15705.684 -1172.8178 -2664.5749 6383.636 0.31926244000000004 6.9129746 2.9462871
60864 16125.684 -926.38772 407.26505 6942.064 0.83427169 7.4668874 -0.33190563
60864 16545.684 -495.39685 3397.8304 6113.656 1.1834152999999998 6.5318875 -3.5473555
60864 16965.684 34.489042999999995 5709.107900000001 4060.7137000000002 1.2969638 4.2846276 -6.0638295
60864 17385.684 557.32557 6873.4528 1190.6011 1.1499704 1.1623388000000001 -7.3697814
60864 17805.684 967.56577 6650.2366 -1920.017 0.76972976 -2.2089629 -7.187018500000001
60864 18225.684 1181.7979 5080.0239 -4640.4936 0.23272726000000002 -5.1398112000000005 -5.543227600000001
60864 18645.684 1156.4138 2479.7473 -6417.4830999999995 -0.35144054999999996 -7.0287692 -2.7727371
60864 19065.684 896.70834 -622.99855 -6890.4767 -0.86387384 -7.4924232 0.55822247
60864 19485.684 455.48477 -3599.7308 -5964.8011 -1.2011076 -6.4391036 3.7737881000000004
60864 19905.684 -77.92107000000001 -5848.1826 -3828.754 -1.2952093 -4.0839748 6.2219993
60864 20325.684 -595.59434 -6914.4215 -916.45359 -1.1276053 -0.90732799 7.4066615
60864 20745.684 -993.1787400000001 -6586.0112 2181.5243 -0.73350014 2.4420499 7.0924754000000005
60864 21165.684 -1191.2723 -4934.2824 4840.5355 -0.19414224 5.2869887 5.3543487999999995
60864 21585.684 -1151.1392 -2295.3951 6529.2612 0.38166091 7.0646704 2.5519104
60864 22005.684 -881.5472 801.2342 6913.0982 0.88034336 7.4312859 -0.75503043
60864 22425.684 -436.28983000000005 3738.0021 5915.575900000001 1.2041295 6.3153965 -3.9159865000000003
60864 22845.684 96.12371300000001 5927.0655 3732.5117000000005 1.2880074 3.9286593 -6.3040178
60864 23265.684 609.11372 6924.576900000001 797.88746 1.1128312 0.73742422 -7.4313547
60864 23685.684 999.0356700000001 6523.452 -2297.9086 0.71175314 -2.616445 -7.0558537
60864 24105.684 1186.5395 4800.688700000001 -4926.7336 0.1656418 -5.4460524 -5.2455476
60864 24525.684 1133.4651000000001 2104.545 -6553.9235 -0.41392994 -7.171231 -2.3695513999999998
60864 24945.684 850.7789399999999 -1018.0296 -6849.893099999999 -0.90901763 -7.442333400000001 0.98442856
60864 25365.684 395.90475000000004 -3934.5397000000003 -5755.6145 -1.2198493000000001 -6.2072945 4.1366341
60864 25785.684 -139.07708 -6055.219700000001 -3493.7317000000003 -1.2838553 -3.7179488000000003 6.4480412
60864 26205.684 -645.9812900000001 -6952.3426 -523.7778 -1.0885966 -0.48202543 7.4505763
60864 26625.684 -1022.7202 -6447.9889 2552.3732000000005 -0.6750093 2.8401878000000003 6.9468182
60864 27045.684 -1194.198 -4648.9030999999995 5115.2333 -0.12805505 5.5787081 5.0501578
60864 27465.684 -1127.0006 -1920.2762 6653.244900000001 0.4423164 7.193342800000001 2.150534
60864 27885.684 -835.18506 1191.2158000000002 6861.7531 0.9237644800000001 7.372192 -1.1746716
60864 28305.684 -376.88051 4064.9833 5698.6602 1.2217707 6.079248300000001 -4.2715079
60864 28725.684 156.77292000000003 6125.0323 3392.6025 1.2760801 3.5604757 -6.5238362
60864 29145.684 658.7851999999999 6952.620900000001 402.89713 1.0733266000000001 0.31021170000000003 -7.4690541999999995
60864 29565.684 1027.6029 6374.883 -2668.105 0.6524939500000001 -3.0155139 -6.9018913
60864 29985.684 1188.1428999999998 4505.1311 -5196.759099999999 0.098742595 -5.7346464 -4.9308271999999995
60864 30405.684 1107.7705 1721.9018 -6668.8688 -0.47476725 -7.2902536 -1.9586905
60864 30825.684 803.04458 -1410.4018999999998 -6786.9273 -0.95138459 -7.3676463000000005 1.4074428
60864 31245.684 335.82534000000004 -4257.0384 -5527.639400000001 -1.2352329 -5.9549322 4.4856908
60864 31665.684 -199.31858 -6242.9515 -3147.4817000000003 -1.2692588 -3.3397728000000004 6.6525336
60864 32085.684 -694.2479000000001 -6968.1032000000005 -129.75399000000002 -1.0471823 -0.055489897 7.469861700000001
60864 32505.684 -1049.3822 -6289.626700000001 2914.5055 -0.6153529600000001 3.2286970000000004 6.7787058
60864 32925.684 -1194.0520000000001 -4349.1297 5373.027400000001 -0.062231098000000006 5.8523082 4.7300835
60864 33345.684 -1100.1926 -1539.5074 6755.5522 0.501356 7.299189500000001 1.7426169
60864 33765.684 -787.0591 1577.0258999999999 6788.1335 0.96455835 7.289871000000001 -1.590614
60864 34185.684 -316.94787 4378.686900000001 5463.0793 1.2362133 5.823635400000001 -4.6137778
60864 34605.684 216.57637 6302.9931 3041.2277999999997 1.2609295999999999 3.1803272000000002 -6.7230635
60864 35025.684 706.3721700000001 6957.711700000001 5.9710079 1.0312440999999999 -0.11877103 -7.482592400000001
60864 35445.684 1053.2383 6204.9269 -3030.1829 0.59184448 -3.4054312 -6.7250661
60864 35865.684 1186.544 4194.0868 -5450.205400000001 0.031991642 -6.0047729 -4.599450399999999
60864 36285.684 1079.2725 1332.8477 -6762.2141 -0.53389682 -7.3852837000000005 -1.5409521
60864 36705.684 753.42196 -1798.7799 -6701.3095 -0.99098416 -7.2688489 1.8266506
60864 37125.684 275.16188 -4566.151400000001 -5280.7828 -1.2472864 -5.6827676 4.8209325
60864 37545.684 -258.74177 -6410.5758 -2789.7819 -1.2514226000000002 -2.9498930999999997 6.8360769
60864 37965.684 -740.46286 -6960.9494 266.13225 -1.0032375 0.37248286 7.465197600000001
60864 38385.684 -1073.1748 -6109.9907 3268.6426 -0.55438029 3.6081558 6.5883355
60864 38805.684 -1190.785 -4033.8106000000002 5614.6001 0.0034595826000000003 6.1082042 4.3937378
60864 39225.684 -1070.6233 -1151.8783 6836.6260999999995 0.55884521 7.3820288000000005 1.3275032000000002
60864 39645.684 -737.07704 1959.6625000000001 6692.464400000001 1.0026511 7.1835459 -2.0031315
60864 40065.684 -256.45462 4679.751700000001 5209.1061 1.2472898000000001 5.5477403999999995 -4.9422726
60864 40485.684 275.50337 6461.347 2679.0334 1.2424415 2.7880783 -6.9006188
60864 40905.684 751.81154 6940.3476 -391.79956 0.98655082 -0.54885248 -7.4710719
60864 41325.684 1075.8948 6014.492200000001 -3382.8248 0.52993423 -3.7850209 -6.5252821
60864 41745.684 1181.7721000000001 3868.911 -5685.9056 -0.034419908 -6.2555993 -4.2521612
60864 42165.684 1048.056 938.9207700000001 -6833.1539 -0.59123263 -7.4563331 -1.1173868
60864 42585.684 702.0700899999999 -2181.5545 -6592.932 -1.0277694 -7.1465098 2.240759
60864 43005.684 214.07044000000002 -4860.5996 -5015.3824 -1.2560641000000001 -5.3917120999999995 5.1415996999999996
60864 43425.684 -317.21436 -6557.2082 -2421.19 -1.2303937 -2.5492600000000003 6.9983385
60864 43845.684 -784.5119100000001 -6930.388 663.25687 -0.95680021 0.8010131 7.4365949
60864 44265.684 -1093.9961 -5908.912200000001 3614.2071 -0.49212398 3.977846 6.375877900000001
60864 44685.684 -1184.3095 -3703.0602000000003 5839.4655999999995 0.06898800000000001 6.3457118 4.0413926
60864 45105.684 -1038.2203000000002 -757.7851400000001 6896.157700000001 0.6147235600000001 7.4412335999999994 0.90578418
60864 45525.684 -685.20819 2338.512 6574.762900000001 1.03791 7.0528555 -2.4112662
60864 45945.684 -195.43546 4967.522900000001 4937.2105 1.254826 5.2517605000000005 -5.2558479
60864 46365.684 333.44467 6599.67 2306.9637000000002 1.2204567 2.3845951 -7.0555395
60864 46785.684 794.94951 6900.6004 -789.16108 0.93922298 -0.9786171 -7.4341314
60864 47205.684 1095.4418 5804.2516 -3724.7999 0.46688419 -4.1529226 -6.3029845
60864 47625.684 1173.771 3530.7682000000004 -5902.9552 -0.10026816 -6.4862038 -3.8900166
60864 48045.684 1014.1607 541.5535500000001 -6881.272599999999 -0.64654205 -7.503161100000001 -0.68938623
60864 48465.684 649.1814300000001 -2557.5288 -6462.5608 -1.0614290000000002 -7.000551000000001 2.6479196000000003
60864 48885.684 152.86920999999998 -5139.3315999999995 -4733.0209 -1.2612929 -5.0825640000000005 5.4456663
60864 49305.684 -374.34868 -6682.365400000001 -2044.0864 -1.2061388 -2.1397739000000002 7.137671800000001
60864 49725.684 -826.04544 -6876.9193 1058.751 -0.9080705 1.2273939 7.3834767
60864 50145.684 -1111.6087 -5688.0755 3948.4013 -0.4288985 4.3349421 6.14229
60864 50565.684 -1174.5336000000002 -3359.6191000000003 6045.5556 0.13396382 6.5627668 3.6755
60864 50985.684 -1003.0692 -360.53543 6933.289400000001 0.66856406 7.4762284 0.48061739000000003
60864 51405.684 -631.69776 2710.3603 6435.499 1.070016 6.8988024999999995 -2.8119863
60864 51825.684 -134.23593 5239.4963 4648.9868 1.2586742 4.9380046 -5.552279700000001
60864 52245.684 390.04215000000005 6716.6271 1927.2893000000001 1.1950652 1.9728928000000001 -7.186891
60864 52665.684 835.5228000000001 6838.4160999999995 -1183.7392 0.88959939 -1.4051588 -7.372226700000001
60864 53085.684 1111.7668 5575.2480000000005 -4054.1556 0.40303722 -4.5068764 -6.0596644
60864 53505.684 1162.5529 3181.4718 -6100.183900000001 -0.16529775000000002 -6.6952033 -3.5151944
60864 53925.684 977.71046 142.95291 -6906.469099999999 -0.69958085 -7.5253296 -0.25956758
60864 54345.684 594.9312 -2924.6839 -6310.9965999999995 -1.0918128 -6.8317328 3.0457992
60864 54765.684 91.77125199999999 -5400.857900000001 -4435.392 -1.2629544000000001 -4.757049200000001 5.731293399999999
60864 55185.684 -429.95216 -6785.4331 -1660.7562 -1.1787688 -1.7238116 7.2531411
60864 55605.684 -864.9429200000001 -6800.997 1450.1632 -0.85728627 1.6489848 7.306033800000001
60864 56025.684 -1126.0336000000002 -5448.995400000001 4269.113200000001 -0.36516656999999997 4.677099 5.8889971
60864 56445.684 -1161.7145 -3005.8033 6231.5605000000005 0.19777515 6.757977100000001 3.29836
60864 56865.684 -965.65799 37.208152000000005 6947.7747 0.71991379 7.4867778 0.054698676
60864 57285.684 -577.16639 3072.712 6275.5561 1.0988164999999999 6.722418 -3.2027042000000003
60864 57705.684 -73.44614999999999 5493.8514000000005 4346.2657 1.2591442 4.6085769 -5.8297642
60864 58125.684 444.91737 6811.389099999999 1542.3221 1.1668881 1.5554121 -7.2941753
60864 58545.684 873.39317 6753.9555 -1573.2618 0.83816537 -1.826237 -7.2859821
60864 58965.684 1124.9214 5328.4958 -4369.1044 0.33883251000000003 -4.8451429 -5.7969685
60864 59385.684 1148.3423 2822.5849 -6276.6278 -0.22914085 -6.8817552 -3.1298736
60864 59805.684 939.06861 -255.16656 -6908.840400000001 -0.7501122 -7.522773900000001 0.16972247999999998
60864 60225.684 539.72123 -3281.4699 -6139.1373 -1.1188932 -6.6409553 3.4323009000000004
60864 60645.684 31.15135 -5644.1818 -4124.1789 -1.2611968 -4.4168714 5.996899099999999
60864 61065.684 -483.74864 -6866.255 -1273.373 -1.1486103 -1.3036170999999999 7.3440319
60864 61485.684 -901.1170400000001 -6703.4717 1835.2482 -0.80502824 2.0633566 7.2047229
60864 61905.684 -1137.44 -5193.43 4574.5148 -0.30150692 5.002528000000001 5.6175206
60864 62325.684 -1146.2112 -2643.9138 6396.4340999999995 0.26010777 6.9305532 2.9120943
60864 62745.684 -926.42196 433.0522 6939.5007000000005 0.7687226899999999 7.473239400000001 -0.3697536
60864 63165.684 -522.0072299999999 3423.5476000000003 6095.6598 1.1245653 6.5250679 -3.5817659
60864 63585.684 -13.317385 5729.2476 4030.2401 1.2565879 4.265178700000001 -6.087725900000001
60864 64005.684 497.93484 6883.3315 1153.3399 1.1361451 1.1337934 -7.37755
60864 64425.684 908.5506899999999 6647.2432 -1956.6636 0.7853203 -2.2405347 -7.1762499
60864 64845.684 1135.0658 5064.4236 -4668.9897 0.27464092 -5.1670821 -5.5159034
60864 65265.684 1131.4291 2454.7156 -6432.0491 -0.29156180000000004 -7.0456126 -2.7350436
60864 65685.684 898.60085 -652.24284 -6888.6999000000005 -0.79804511 -7.4954255000000005 0.5974660199999999
60864 66105.684 483.91903 -3627.3484 -5947.6816 -1.1427292 -6.428593200000001 3.8063777
60864 66525.684 -28.669481 -5869.0380000000005 -3800.5006000000003 -1.2561774 -4.0629685 6.2415848
60864 66945.684 -535.50106 -6925.069 -883.32059 -1.115911 -0.88057639 7.410082
60864 67365.684 -934.4448100000001 -6585.112 2212.7000000000003 -0.7515491 2.4694802 7.080060400000001
60864 67785.684 -1145.7982 -4922.499900000001 4863.6279 -0.23811492 5.3106316 5.3288824
60864 68205.684 -1128.0593000000001 -2275.1828 6539.680200000001 0.32085413999999995 7.0805783 2.5178941
60864 68625.684 -885.42073 825.93127 6908.4171 0.81498732 7.4362794999999995 -0.79187475
60864 69045.684 -466.26489000000004 3762.1431000000002 5895.9943 1.1473029 6.3076178 -3.9489386
60864 69465.684 46.105002999999996 5945.2877 3701.1123 1.2509908 3.9085188 -6.326217
60864 69885.684 549.08723 6932.325400000001 760.4505 1.1030124000000001 0.70852883 -7.4372810000000005
60864 70305.684 941.05236 6518.290400000001 -2333.9393 0.73115291 -2.6477923999999997 -7.0431932
60864 70725.684 1142.2791000000002 4783.1808 -4953.8753 0.21049352 -5.4722929 -5.216687299999999
60864 71145.684 1111.9005 2078.2149 -6566.6530999999995 -0.3525412 -7.1862569999999995 -2.3311907
60864 71565.684 856.39333 -1047.8673000000001 -6846.504400000001 -0.84336848 -7.4429067 1.0231236000000001
60864 71985.684 427.62579 -3961.8039 -5737.3854 -1.1632967 -6.1947653 4.1672484
60864 72405.684 -87.59644100000001 -6075.094400000001 -3465.4129 -1.247967 -3.6960671000000005 6.4647869
60864 72825.684 -585.1668000000001 -6961.9306 -491.77587 -1.0808177 -0.45574179 7.4513156
60864 73245.684 -964.92035 -6446.4285 2581.4795 -0.69687202 2.8663134 6.9327036
60864 73665.684 -1151.0931 -4637.058599999999 5135.7871 -0.17493291 5.6008947 5.0241488
60864 74085.684 -1107.2155 -1900.5620000000001 6661.0932999999995 0.38008144 7.2080801 2.1168270000000002
60864 74505.684 -842.58149 1214.9874 6854.7255000000005 0.85877288 7.3762886 -1.2108133
60864 74925.684 -409.86153 4087.8377000000005 5677.063 1.1669848999999999 6.0705917000000005 -4.303593
60864 75345.684 104.88238000000001 6141.5740000000005 3359.6096000000002 1.2423221000000002 3.5393223 -6.5448245
60864 75765.684 598.3933499999999 6958.277 364.48843 1.0672908 0.28040083 -7.4732046
60864 76185.684 970.8180400000001 6367.3735 -2704.2556 0.67543471 -3.0470728 -6.8870216
60864 76605.684 1146.4003 4485.4195 -5223.0975 0.14624258 -5.7599418 -4.8999183
60864 77025.684 1089.5648 1694.0174 -6680.1286 -0.41209275 -7.3032252 -1.9192711999999998
60864 77445.684 812.1575799999999 -1440.9036 -6781.499900000001 -0.88618707 -7.36605 1.4464121
60864 77865.684 370.51734999999996 -4284.0535 -5507.4883 -1.1807048 -5.9403391 4.5154869
60864 78285.684 -145.98551 -6261.7987 -3117.7491 -1.2365781999999998 -3.3162724 6.6677739
60864 78705.684 -633.0602 -6976.08 -97.037544 -1.0431183000000002 -0.028035716000000002 7.4688169
60864 79125.684 -992.74661 -6286.063400000001 2943.545 -0.64068888 3.2555263 6.762664300000001
60864 79545.684 -1153.3873 -4335.1136 5392.6951 -0.11160255 5.8745859000000005 4.7021248
60864 79965.684 -1083.5972 -1517.7499 6761.7145 0.43810633000000004 7.3131744 1.7070954
60864 80385.684 -797.7241700000001 1602.3109 6778.7671 0.9001973600000001 7.2922062 -1.6279568
60864 80805.684 -352.61715000000004 4402.1331 5438.856 1.1835114000000002 5.8124239 -4.6459427
60864 81225.684 163.1139 6318.9980000000005 3005.8629 1.2303135 3.1565158 -6.7427186
60864 81645.684 645.84568 6961.8324 -33.987485 1.0287988000000001 -0.15052727999999999 -7.4841846
60864 82065.684 997.80698 6195.3387 -3066.6748 0.61816205 -3.4375773 -6.707156
60864 82485.684 1147.4011 4172.3603 -5475.6642 0.081945432 -6.0292037 -4.5659264
60864 82905.684 1064.4088000000002 1303.5386 -6771.6922 -0.47019359 -7.3964467 -1.4999935
60864 83325.684 765.91895 -1829.6136000000001 -6693.1925 -0.92649011 -7.2655729000000004 1.8663076
60864 83745.684 312.59918 -4592.7318 -5257.7915 -1.1950605 -5.6662364 4.8508414
60864 84165.684 -203.88037 -6428.1003 -2757.2869 -1.2221159000000001 -2.9241048999999997 6.8507997
60864 84585.684 -679.2516800000001 -6966.594700000001 301.22206 -1.0028239 0.40240053000000003 7.4627765
60864 85005.684 -1017.9625 -6103.1118 3299.2496 -0.5828347700000001 3.6370712 6.569798
60864 85425.684 -1152.634 -4015.8474 5634.585400000001 -0.04789964100000001 6.131276300000001 4.362422899999999
60864 85845.684 -1057.0742 -1126.2336 6841.6675000000005 0.49506553000000003 7.3948752 1.2886815
60864 86265.684 -750.70866 1987.9588 6680.813099999999 0.9391765900000001 7.1829429000000005 -2.0425349
60865 285.68399999999997 -294.45184 4704.746400000001 5182.1512999999995 1.1967027000000001 5.5327098 -4.9744199
60865 705.684 220.80731 6477.3348 2641.3941 1.214858 2.7608973000000003 -6.9181958
60865 1125.684 691.43219 6943.3109 -432.86924 0.98754473 -0.58253047 -7.4693725
60865 1545.684 1022.0179 6003.3051 -3418.9947 0.55939215 -3.8173521000000004 -6.5040322
60865 1965.684 1145.3232 3845.8086000000003 -5709.8185 0.017721015000000003 -6.2789167 -4.2162585
60865 2385.684 1036.5014 908.83617 -6840.268400000001 -0.5268153099999999 -7.4659484 -1.0751967
60865 2805.684 717.8809 -2212.3752999999997 -6582.4558 -0.9641469600000001 -7.141314500000001 2.2803573999999998
60865 3225.684 254.12894 -4886.3708 -4990.2311 -1.2062176 -5.373349500000001 5.1706916000000005
60865 3645.684 -260.97183 -6573.1901 -2387.0059 -1.2045106 -2.5218253 7.0116577
60865 4065.684 -723.4450899999999 -6933.861400000001 699.33587 -0.96008168 0.8322258299999999 7.4322554
60865 4485.684 -1040.3884 -5899.450400000001 3644.9182 -0.5237090799999999 4.007348 6.3550642
60865 4905.684 -1148.8479 -3682.4947 5858.5887999999995 0.015667116000000002 6.3682463 4.0078515
60865 5325.684 -1027.8841 -730.02435 6899.522900000001 0.55043732 7.4523182 0.86542587
60865 5745.684 -701.95028 2367.9790000000003 6561.0542000000005 0.97542014 7.049619 -2.4508488
60865 6165.684 -235.84086 4992.5481 4908.474099999999 1.2065487000000001 5.2341028 -5.2865183
60865 6585.684 277.51736 6614.7387 2268.4447999999998 1.1960836 2.3556825 -7.0704234
60865 7005.684 734.77411 6902.1988 -829.87111 0.94372633 -1.0126311 -7.429380500000001
60865 7425.684 1043.1796 5791.8637 -3759.4295 0.49943684000000005 -4.1842017 -6.2793335
60865 7845.684 1140.0397 3507.0725 -5924.5807 -0.046062612 -6.5078190000000005 -3.8529763
60865 8265.684 1005.8896 511.62169 -6885.857900000001 -0.58154434 -7.5110911 -0.64722883
60865 8685.684 668.1890400000001 -2587.5867000000003 -6449.9169 -0.99884033 -6.9937825 2.6865197
60865 9105.684 195.37366 -5163.7541 -4706.2543 -1.2139404999999999 -5.0630085 5.473207400000001
60865 9525.684000000001 -316.93822 -6696.572099999999 -2008.9984 -1.1837406000000001 -2.1114878 7.1491754
60865 9945.684000000001 -765.35811 -6878.3432999999995 1094.9233000000002 -0.9151129600000001 1.2590122 7.377116699999999
60865 10365.684000000001 -1059.8896000000002 -5676.5337 3978.3540000000003 -0.46379085 4.364133600000001 6.119487
60865 10785.684000000001 -1142.1379 -3337.2858 6063.1607 0.07844488 6.584124200000001 3.6404069
60865 11205.684 -996.39876 -331.67525 6934.6618 0.60367298 7.4853458 0.43963488
60865 11625.684 -651.99159 2740.0057 6419.8053 1.0086738 6.893253 -2.8508703
60865 12045.684 -177.37276 5263.7762 4618.8391 1.2130843 4.9183762 -5.580960500000001
60865 12465.684 332.74109000000004 6730.3068 1888.3943000000002 1.1743557 1.9429815000000001 -7.1989789
60865 12885.684000000001 775.57806 6838.4731 -1223.6147 0.8979559500000001 -1.438855 -7.364651100000001
60865 13305.684000000001 1061.2875 5561.7129 -4086.933 0.43902684000000003 -4.536702 -6.034127000000001
60865 13725.684000000001 1131.8364 3157.3461 -6119.4256 -0.10878104999999999 -6.7149543000000005 -3.477495
60865 14145.684000000001 973.09221 113.39263000000001 -6908.6642 -0.63393008 -7.5314302 -0.21791993
60865 14565.684 617.4821700000001 -2953.7137000000002 -6296.3998 -1.0303772 -6.8234784 3.0829836
60865 14985.684 136.99312 -5423.7388 -4407.3871 -1.2183077 -4.736549200000001 5.7569403
60865 15405.684 -371.18295 -6797.8061 -1625.2601000000002 -1.1600176 -1.6950740000000002 7.2626175
60865 15825.684 -804.50209 -6800.5021 1485.9046 -0.86819663 1.6805763 7.2977368
60865 16245.684 -1076.0891000000001 -5435.6412 4297.853 -0.40333817 4.7057937 5.8644376000000005
60865 16665.684 -1132.2296000000001 -2981.9907000000003 6247.2884 0.14020432 6.7782128 3.2619131
60865 17085.684 -962.4358000000001 66.94289900000001 6946.851900000001 0.65455719 7.4941619 0.013142245
60865 17505.684 -600.7443499999999 3102.4252 6257.5375 1.0387098000000001 6.7148188 -3.2411403
60865 17925.684 -119.03317 5517.3378 4314.2065999999995 1.2162156 4.5869724 -5.856924
60865 18345.684 386.48799 6823.5603 1502.3812 1.1497238 1.524211 -7.303770000000001
60865 18765.684 813.90333 6752.2285999999995 -1613.0522 0.8504119 -1.8599438000000001 -7.2756945
60865 19185.684 1076.4601 5313.394 -4400.7478 0.37822173 -4.873963 -5.769222
60865 19605.684 1120.8274 2797.4892999999997 -6294.0034000000005 -0.17049282 -6.8997365 -3.0909683
60865 20025.684 938.20519 -284.83916999999997 -6908.9753 -0.68403097 -7.5267759 0.21123581
60865 20445.684 565.82584 -3309.7896 -6122.7903 -1.0588179 -6.6308620000000005 3.4681897
60865 20865.684 79.023082 -5665.7077 -4095.1427000000003 -1.219421 -4.395185499999999 6.0205106
60865 21285.684 -423.75737 -6876.933 -1237.7553 -1.1336721 -1.274427 7.3513086
60865 21705.684 -841.11126 -6701.2031 1870.2192 -0.81986088 2.094869 7.194385400000001
60865 22125.684 -1089.4506999999999 -5178.4619 4601.7036 -0.34287049 5.030524000000001 5.5913181000000005
60865 22545.684 -1119.7555 -2618.8969 6410.04 0.20069292 6.9495515999999995 2.874593
60865 22965.684 -926.66135 463.36710999999997 6936.170099999999 0.70317969 7.4789162 -0.41157599
60865 23385.684 -548.7699 3453.0660000000003 6075.3106 1.065931 6.5155247 -3.6195538000000003
60865 23805.684 -61.174018 5751.735 3996.3376000000003 1.2164812999999999 4.2417732 -6.1132137
60865 24225.684 438.62977 6893.879900000001 1112.4416 1.1227019 1.1014761000000002 -7.3847032
60865 24645.684 849.80314 6643.6179 -1996.3217 0.8013928300000001 -2.2743945 -7.1633152
60865 25065.684 1088.8236000000002 5047.590099999999 -4699.465099999999 0.31711322999999997 -5.1949779 -5.4859799
60865 25485.684 1107.1561000000002 2428.4585 -6447.536099999999 -0.23120966 -7.061879 -2.6949555999999997
60865 25905.684 901.3674100000001 -682.2819000000001 -6886.8913 -0.73193133 -7.4971919 0.6387912
60865 26325.684 513.30006 -3655.1573 -5929.721500000001 -1.0843204000000002 -6.416537900000001 3.8407931
60865 26745.684 21.466888 -5889.3751 -3770.6657999999998 -1.217473 -4.0400782 6.2628888
60865 27165.684 -474.72052 -6934.2608 -847.93961 -1.1047960000000001 -0.8511826200000001 7.4148502
60865 27585.684 -875.27032 -6581.469900000001 2246.4375 -0.7701514700000001 2.5002648 7.067591800000001
60865 28005.684 -1100.0843 -4906.603099999999 4888.8456 -0.28247168 5.3372491 5.3013526
60865 28425.684 -1104.8603 -2249.8972000000003 6550.9602 0.25984251 7.0978693 2.4800394999999997
60865 28845.684 -889.23289 855.78282 6902.8204000000005 0.74955645 7.4402312 -0.8330787199999999
60865 29265.684 -496.20021 3790.5092000000004 5873.8127 1.0904274 6.2965552 -3.9852973
60865 29685.684 -3.8866686 5966.0825 3666.1117000000004 1.2139837 3.8840472 -6.3496846
60865 30105.684 489.11188000000004 6940.87 719.38674 1.0933114000000002 0.6757888900000001 -7.4421197
60865 30525.684 883.2098000000001 6512.6568 -2372.8023 0.7508681800000001 -2.6812496 -7.0280782
60865 30945.684 1098.3218000000002 4764.6755 -4982.741599999999 0.25577647 -5.4989970999999995 -5.1851366
60865 31365.684 1090.8164 2050.9217 -6580.0397 -0.29076839000000004 -7.200758700000001 -2.290431
60865 31785.684 862.6268000000001 -1078.3074 -6842.8448 -0.7774953299999999 -7.442329 1.0640585
60865 32205.684 460.02223 -3989.1026 -5717.997 -1.1067432 -6.1807658000000005 4.199956
60865 32625.684 -35.505661 -6094.2785 -3435.0522 -1.2123777 -3.6721162 6.483618900000001
60865 33045.684 -523.89949 -6969.740400000001 -456.94340000000005 -1.0734483000000001 -0.4263063 7.4535415
60865 33465.684 -906.8290000000001 -6441.5898 2613.6908 -0.7190789700000001 2.8962391 6.9182419
60865 33885.684 -1107.814 -4620.4389 5158.8195000000005 -0.22201085 5.6261537 4.9955115
60865 34305.684 -1087.3047 -1875.1702 6669.9146 0.31779989999999997 7.223838700000001 2.0787662
60865 34725.684 -849.8600500000001 1244.3075000000001 6846.7492 0.7937733100000001 7.378751 -1.2514751000000002
60865 35145.684 -442.7371 4115.0584 5652.8696 1.1121417 6.0581227 -4.3387432
60865 35565.684 53.070379 6160.683599999999 3323.2184 1.2085043 3.5136719 -6.5664851
60865 35985.684 538.07487 6964.7722 322.90025 1.0613189 0.24712288000000002 -7.4757557
60865 36405.684 914.17862 6359.6496 -2742.6549 0.69864429 -3.0801461 -6.869573099999999
60865 36825.684 1104.9378000000002 4465.2127 -5250.6231 0.19409183 -5.785204 -4.8666532
60865 37245.684 1071.7747 1665.8026000000002 -6691.6975 -0.34915593 -7.3155391000000005 -1.8779449
60865 37665.684 821.74019 -1471.3328999999999 -6775.4331 -0.8209416300000001 -7.3637132 1.4871598
60865 38085.684 405.64886 -4310.6287 -5485.9274000000005 -1.1263988 -5.9247407999999995 4.5473323
60865 38505.684 -92.360149 -6279.6143 -3085.6782000000003 -1.2043491 -3.2908418000000004 6.685284
60865 38925.684 -571.7753 -6981.9376 -61.153828000000004 -1.0394807000000001 0.0026450882 7.4692145000000005
60865 39345.684 -936.1444100000001 -6278.8713 2975.9505 -0.66620947 3.2860756 6.7459836
60865 39765.684 -1112.7861 -4316.08 5414.9643 -0.16093989 5.899476300000001 4.6712325
60865 40185.684 -1067.0174 -1490.348 6768.9214 0.37501592 7.3273866 1.6673549
60865 40605.684 -808.34464 1632.7901000000002 6768.6943 0.83595401 7.2922339 -1.6691508
60865 41025.684 -388.20392 4429.4134 5412.6583 1.1308728000000001 5.7972961 -4.6801072
60865 41445.684 109.75537 6337.1372 2968.1704 1.1997527000000001 3.1288166000000004 -6.7620645
60865 41865.684 585.46299 6966.7321 -75.76020100000001 1.0265011 -0.18465405999999998 -7.4838342
60865 42285.684 942.6068 6185.9499000000005 -3104.0696000000003 0.6447470200000001 -3.4701583 -6.6870997
60865 42705.684 1108.6157 4150.9007 -5501.2812 0.13219975 -6.053096 -4.5310223
60865 43125.684 1049.9936 1274.7361 -6780.8653 -0.40639373 -7.4070552 -1.4580838
60865 43545.684 778.8609100000001 -1859.695 -6684.5202 -0.86217775 -7.261738 1.9067898
60865 43965.684 350.34901 -4618.338900000001 -5233.8314 -1.1432784 -5.649160299999999 4.8820281
60865 44385.684 -148.92521 -6444.3 -2723.1767999999997 -1.1933786 -2.8970634 6.867228
60865 44805.684 -618.17726 -6970.1508 338.56208000000004 -1.0029029 0.43466913 7.4614402
60865 45225.684 -963.04839 -6093.0528 3332.2296 -0.6115557199999999 3.6686237000000004 6.5506782999999995
60865 45645.684 -1114.8406000000002 -3993.7635 5656.316900000001 -0.099285028 6.1559441 4.3287891
60865 46065.684 -1043.8616 -1096.1905 6847.274 0.43138772000000003 7.4073772 1.2467706
60865 46485.684 -764.61709 2020.0978 6668.4885 0.8758912900000001 7.1801117 -2.0845385999999997
60865 46905.684 -332.63026 4732.3946 5153.7304 1.1463625 5.5144522 -5.0076263
60865 47325.684 166.02835000000002 6494.644200000001 2602.2312 1.1874998 2.7308426 -6.9350507
60865 47745.684 631.0691800000001 6946.6857 -474.89852 0.9888080200000001 -0.6175278200000001 -7.4659037
60865 48165.684 968.30727 5992.3315 -3455.4008 0.58930611 -3.8494288 -6.481304000000001
60865 48585.684 1109.2517 3823.1681000000003 -5733.5138 0.07035295999999999 -6.301471899999999 -4.1796135
60865 49005.684 1025.4837 879.5077 -6846.9905 -0.46219869999999996 -7.4748935 -1.0326062
60865 49425.684 734.21891 -2242.2309 -6571.4376 -0.90076338 -7.1356660000000005 2.3205255000000005
60865 49845.684 294.54549 -4911.0109 -4964.2068 -1.1569172 -5.3545659 5.2008835
60865 50265.684 -204.62835 -6587.7393 -2351.3723999999997 -1.1792597 -2.4932577 7.0265232
60865 50685.684 -662.52183 -6935.1917 737.44101 -0.9638711200000001 0.86567554 7.4288789
60865 51105.684 -987.09232 -5886.803400000001 3677.7174 -0.55558253 4.0393849 6.3335299
60865 51525.684 -1113.7712 -3657.8394 5879.1193 -0.037727473000000004 6.3923107 3.9718683
60865 51945.684 -1017.9341999999999 -697.90796 6903.0519 0.48620638000000005 7.463060400000001 0.8217909800000001
60865 52365.684 -719.0274300000001 2401.2472000000002 6546.169900000001 0.91311648 7.0441384 -2.4933301
60865 52785.684 -276.49314000000004 5020.147400000001 4877.6311 1.1584864000000001 5.2130434999999995 -5.3185592
60865 53205.684 221.43931 6630.9788 2227.6776 1.1719772000000002 2.3236902 -7.084678
60865 53625.684 674.601 6903.9803 -872.26735 0.94871535 -1.0481677 -7.4228179
60865 54045.684 991.1770799999999 5779.345 -3794.9606000000003 0.53270603 -4.2155512 -6.2538986
60865 54465.684 1106.8695 3483.4095 -5946.4642 0.0087912062 -6.528691 -3.8146536
60865 54885.684 998.3770300000001 482.07227 -6890.3067 -0.51631788 -7.5180834999999995 -0.6042029800000001
60865 55305.684 687.9350000000001 -2616.8338 -6436.769 -0.93659465 -6.9862653 2.726136
60865 55725.684 238.38127 -5187.054400000001 -4678.4710000000005 -1.1673231000000002 -5.0426047 5.5022413
60865 56145.684 -259.3513 -6709.1511 -1972.1969 -1.1620959 -2.0815608 7.1623953
60865 56565.684 -704.7490799999999 -6877.2153 1133.4223000000002 -0.92256026 1.29339 7.3717129
60865 56985.684 -1008.32 -5661.1777999999995 4010.6448 -0.49863588 4.3963928999999995 6.0957076
60865 57405.684 -1109.8021 -3310.0343 6082.242200000001 0.023264319000000002 6.6073886 3.6022688
60865 57825.684 -989.6324000000001 -297.54803000000004 6935.956700000001 0.53914311 7.4941083 0.39454122
60865 58245.684 -672.0649599999999 2774.2584 6402.349 0.94754022 6.884976399999999 -2.8933928
60865 58665.684 -220.24153 5291.1735 4585.7713 1.1675355 4.8946473 -5.6113402
60865 59085.684 275.72202000000004 6745.3959 1846.3543000000002 1.1536907 1.9092500000000001 -7.2104333
60865 59505.684 715.9728100000001 6838.6548 -1266.0091000000002 0.90655953 -1.4747383 -7.3549667
60865 59925.684 1011.2736 5547.7455 -4121.2488 0.4753209 -4.567037999999999 -6.0061655
60865 60345.684 1101.6870000000001 3132.8558 -6139.2839 -0.052121764 -6.7340002000000005 -3.4378889
60865 60765.684 969.0211899999999 83.83276300000001 -6910.7531 -0.56852687 -7.536568 -0.17472210999999999
60865 61185.684 640.39545 -2982.2241000000004 -6281.0830000000005 -0.96964374 -6.8142382 3.1219413
60865 61605.684 182.21827 -5445.612099999999 -4377.822 -1.1746269 -4.7145627999999995 5.784819499999999
60865 62025.684 -312.81513 -6808.3113 -1587.26 -1.1421588999999999 -1.6636647 7.274195
60865 62445.684 -744.74548 -6796.7613 1524.7874 -0.8795030100000001 1.7159437 7.2901446
60865 62865.684 -1026.8563000000001 -5417.4231 4329.545 -0.44124936000000003 4.7381918 5.8382154
60865 63285.684 -1103.2287 -2952.0664 6264.7664 0.083415604 6.8003993000000005 3.2215418000000002
60865 63705.684 -959.31915 103.01944 6945.7788 0.5901455999999999 7.500599500000001 -0.033226196
60865 64125.684 -624.06359 3137.478 6237.5067 0.9793567000000001 6.703551000000001 -3.2832963
60865 64545.684 -164.10203 5544.3105000000005 4279.0654 1.1737671 4.5605521 -5.8853423000000005
60865 64965.684 328.73093 6837.3055 1459.3348999999998 1.1328126 1.4889215999999998 -7.3122445
60865 65385.684 755.15679 6750.6966 -1655.1537 0.86273618 -1.8960341 -7.2629435
60865 65805.684 1028.7296 5297.897400000001 -4433.6052 0.41747426000000004 -4.9032801 -5.7389033000000005
60865 66225.684 1093.9421000000002 2772.0402000000004 -6311.6504 -0.1122119 -6.9171757 -3.0501199000000003
60865 66645.684 937.7080400000001 -314.63068 -6908.4224 -0.61876849 -7.5303315 0.25488973
60865 67065.684 591.8806800000001 -3337.8752999999997 -6104.8061 -0.9999789600000001 -6.6199187 3.5070116
60865 67485.684 126.29403 -5686.379400000001 -4063.0685 -1.1789579000000001 -4.3711857 6.0477471
60865 67905.684 -364.8428 -6885.3341 -1197.6723000000002 -1.1196020000000002 -1.2407943000000001 7.3614512
60865 68325.684 -782.38665 -6694.4584 1910.3868 -0.83476355 2.1322178 7.1843793
60865 68745.684 -1042.5933 -5156.6141 4633.4704 -0.38347014 5.063828000000001 5.5618161
60865 69165.684 -1093.9729 -2585.3137 6426.1698 0.14264061 6.9709044 2.8308984
60865 69585.684 -926.9554300000001 502.37518 6932.5266 0.63912212 7.482779000000001 -0.460272
60865 70005.684 -575.0208700000001 3489.7182000000003 6052.0976 1.0084615000000001 6.5006545 -3.6622156
60865 70425.684 -108.13250000000001 5778.7545 3958.2313 1.1770384 4.2117918 -6.1401072999999995
60865 70845.684 380.39772 6906.3713 1067.4005 1.109414 1.0637374 -7.3901975
60865 71265.684 792.11138 6640.1354 -2039.0268999999998 0.8172695400000001 -2.3113084 -7.1470956
60865 71685.684 1043.5131 5030.1218 -4731.55 0.35919861 -5.2236507 -5.4527049
60865 72105.684 1083.6142 2401.5182999999997 -6463.3742 -0.17144791 -7.0777457 -2.6521619999999997
60865 72525.684 904.46974 -712.6253399999999 -6883.7411 -0.6669006399999999 -7.498991 0.68319629
60865 72945.684 542.48577 -3683.0507000000002 -5908.979200000001 -1.0274132999999999 -6.4035652 3.8795992000000004
60865 73365.684 70.77309100000001 -5908.9357 -3736.0041 -1.1802005999999998 -4.0137625 6.289291100000001
60865 73785.684 -415.2621 -6940.568700000001 -805.8281999999999 -1.0945055 -0.8152790599999999 7.423147
60865 74205.684 -817.56033 -6571.7929 2287.6508 -0.78855013 2.5392051 7.0547667
60865 74625.684 -1055.5251 -4881.4216 4920.3516 -0.32559563 5.3707621 5.2685325999999995
60865 75045.684 -1082.1647 -2213.257 6565.487700000001 0.20059855 7.1177019 2.4334436
60865 75465.684 -892.79946 896.88715 6896.6128 0.68582065 7.4411467 -0.883304
60865 75885.684 -525.28039 3827.8779 5847.787200000001 1.0347094 6.2782261 -4.0275821
60865 76305.684 -52.688646999999996 5992.4412 3625.7553 1.1774313 3.8511945 -6.3743981000000005
60865 76725.684 430.40475000000004 6951.7424 673.25966 1.0835605000000001 0.63650407 -7.4444621
60865 77145.684 826.54493 6507.219700000001 -2415.2437999999997 0.7702372900000001 -2.7182434 -7.0087446
60865 77565.684 1055.3691999999999 4745.4584 -5013.397599999999 0.30058891 -5.5266964 -5.149481799999999
60865 77985.684 1070.5027 2022.77 -6593.634400000001 -0.22966165000000002 -7.2151044 -2.2462049000000004
60865 78405.684 869.2262 -1109.4108999999999 -6837.549900000001 -0.7126925300000001 -7.4418346 1.1083619000000002
60865 78825.684 492.25245 -4016.8579 -5695.309 -1.0516235999999999 -6.1655185 4.237362600000001
60865 79245.684 15.827871 -6112.8546 -3399.3006 -1.1780735 -3.6441764 6.5074053
60865 79665.684 -463.80529 -6974.635200000001 -414.99102000000005 -1.0667163000000002 -0.39005017 7.4586475000000005
60865 80085.684 -849.9952900000001 -6430.6489 2653.4320000000002 -0.7410209099999999 2.9340793 6.902556400000001
60865 80505.684 -1065.4951 -4594.6765000000005 5187.8786 -0.26798249 5.657502000000001 4.9610142
60865 80925.684 -1067.7919 -1838.9578000000001 6681.602900000001 0.2570038 7.2411693 2.031987
60865 81345.684 -856.92072 1283.981 6837.9295 0.73013296 7.3774956000000005 -1.3004902
60865 81765.684 -474.92113 4150.2339 5624.945 1.0581633 6.0383656000000006 -4.3789351
60865 82185.684 2.19442 6184.4467 3281.9438999999998 1.1750365 3.4802535 -6.5887533000000005
60865 82605.684 478.75887 6972.9948 276.91136 1.0553545 0.20804941 -7.4757152
60865 83025.684 858.50855 6351.789 -2784.0333 0.7217178300000001 -3.1163072 -6.8482531
60865 83445.684 1064.3665 4444.0397 -5279.4981 0.24167727 -5.8115067 -4.8295827000000005
60865 83865.684 1054.7112 1636.4083 -6703.0741 -0.28672622999999997 -7.3279734 -1.8332538999999999
60865 84285.684 832.10419 -1503.0938999999998 -6770.262900000001 -0.75619678 -7.3585848 1.530222
60865 84705.684 441.3086 -4337.392 -5464.4759 -1.0727786000000001 -5.9064927 4.5806094
60865 85125.684 -38.518739000000004 -6296.5543 -3053.1897999999997 -1.1728935 -3.2629432 6.703957099999999
60865 85545.684 -510.58501 -6985.8323 -24.377789 -1.0365105000000001 0.036171959999999996 7.4706738999999995
60865 85965.684 -879.84537 -6268.3249000000005 3009.5278 -0.6920138100000001 3.3204114000000002 6.729398600000001
60865 86385.684 -1072.4749 -4291.9532 5437.986400000001 -0.20991447 5.9285165 4.6380438
60866 405.68399999999997 -1050.4427 -1456.3582 6775.3000999999995 0.3128868 7.3442031 1.6224344000000002
60866 825.684 -818.4979300000001 1670.2694 6755.2081 0.77291025 7.291387800000001 -1.7171007999999999
60866 1245.684 -422.85764 4462.4957 5380.313099999999 1.0791907 5.7774168 -4.7200786
60866 1665.684 57.640773 6358.5521 2922.5162 1.1696647 3.0939591 -6.7838798
60866 2085.684 526.4122900000001 6971.8898 -125.62999 1.0241769 -0.22560196 -7.4817984
60866 2505.684 888.64771 6174.452700000001 -3148.1379 0.6709554799999999 -3.506892 -6.6622338
60866 2925.684 1070.8842 4126.3737 -5531.3 0.18197379000000002 -6.0774007 -4.4904686
60866 3345.684 1036.6877 1243.6258 -6793.872200000001 -0.34285957 -7.413623800000001 -1.4118182
60866 3765.684 793.15148 -1889.2538000000002 -6680.1643 -0.79775478 -7.2521732000000005 1.9480657000000001
60866 4185.684 389.46464000000003 -4641.590099999999 -5214.362700000001 -1.0915967 -5.6292152 4.9120054
60866 4605.684 -92.76606100000001 -6457.521 -2693.9112000000005 -1.1653333000000001 -2.8695823000000003 6.8836502
60866 5025.684 -556.28267 -6970.5706 371.58521 -1.0040197 0.46784787 7.4625592
60866 5445.684 -907.69327 -6078.8856 3362.0787000000005 -0.6409461 3.7042287000000003 6.5344307
60866 5865.684 -1076.6826 -3965.0839 5675.5055 -0.15034141 6.1875994 4.2945278
60866 6285.684 -1029.9151 -1056.6514 6848.8633 0.36909325000000004 7.4258725000000005 1.1983912
60866 6705.684 -777.0925400000001 2063.2067 6648.4588 0.8143924600000001 7.1776895000000005 -2.136958
60866 7125.684 -368.69776 4769.6607 5113.2575 1.0973382999999999 5.4894271 -5.050170199999999
60866 7545.684 113.73752 6517.7817000000005 2548.1251 1.1604429 2.689299 -6.9552714
60866 7965.684 573.10347 6951.1215999999995 -531.61307 0.9893970799999999 -0.66297305 -7.4581448
60866 8385.684 916.57748 5979.1588 -3503.5069 0.6180108300000001 -3.8860623999999997 -6.4494095
60866 8805.684 1074.6839 3797.9164 -5765.046 0.12200636000000001 -6.3216540000000006 -4.1343106
60866 9225.684 1015.3534000000001 848.8125600000001 -6856.621700000001 -0.39830159 -7.4805705 -0.9840540999999999
60866 9645.684000000001 751.5105100000001 -2270.6785 -6562.9184000000005 -0.83832541 -7.1239695 2.3689708
60866 10065.684000000001 336.01537 -4932.7974 -4941.6038 -1.1084821999999999 -5.3250467 5.2397981
60866 10485.684000000001 -147.64229999999998 -6595.281400000001 -2315.7004 -1.1552901 -2.453078 7.051831600000001
60866 10905.684 -601.44115 -6923.084 780.15411 -0.96846183 0.91902296 7.435881800000001
60866 11325.684 -933.5964100000001 -5850.148400000001 3717.9399 -0.58609873 4.1013056 6.3123567000000005
60866 11745.684 -1076.8806000000002 -3592.4417000000003 5902.143 -0.08565495199999999 6.4538835 3.9122172
60866 12165.684 -1003.2555 -611.68675 6894.0916 0.43006032 7.4964312 0.73122788
60866 12585.684 -727.89637 2492.121 6496.1324 0.8587075700000001 7.030850099999999 -2.5935355
60866 13005.684000000001 -306.24561 5094.8686 4788.8817 1.1148463 5.1508866 -5.397266
60866 13425.684000000001 176.97851 6672.203 2115.4553 1.1468154 2.2309627 -7.115073000000001
60866 13845.684000000001 624.5045 6905.080900000001 -985.3884300000001 0.94762591 -1.1413908 -7.396476300000001
60866 14265.684000000001 945.6456800000001 5740.3765 -3886.5778 0.55825333 -4.2844101000000006 -6.1887381
60866 14685.684 1075.8791 3416.5391 -6001.1131 0.055421709 -6.5686325 -3.7254213000000003
60866 15105.684 989.73316 404.24953000000005 -6905.9547999999995 -0.45815395000000003 -7.5189414 -0.50710272
60866 15525.684 704.1373199999999 -2687.5851000000002 -6414.2248 -0.87856214 -6.9521348 2.8085340000000003
60866 15945.684 276.67154 -5237.8249000000005 -4626.5010999999995 -1.1221362 -4.9833286 5.5585716000000005
60866 16365.684 -206.56811 -6731.532400000001 -1903.1962 -1.1395151000000001 -2.0072417000000002 7.1865232
60866 16785.684 -648.1251500000001 -6866.9547999999995 1205.2525 -0.92704695 1.3729677999999998 7.360603500000001
60866 17205.684 -959.07618 -5618.7062000000005 4070.1767000000004 -0.52836297 4.470033900000001 6.0483234
60866 17625.684 -1077.2194 -3240.3001000000004 6114.9408 -0.024896624 6.6609362 3.5232199
60866 18045.684 -979.42461 -212.13263 6930.6675000000005 0.48257148 7.5129976 0.29534389
60866 18465.684 -685.46484 2858.4924 6354.543900000001 0.89347376 6.8596009 -2.9927147
60866 18885.684 -254.05285999999998 5355.450900000001 4500.5201 1.1259070999999998 4.8264515 -5.686234499999999
60866 19305.684 228.52432000000002 6773.653 1737.5838 1.1323490999999999 1.8129171 -7.2411461
60866 19725.684 664.8823199999999 6824.7619 -1376.2929 0.909773 -1.5745280000000001 -7.3312287
60866 20145.684 966.80858 5495.8648 -4211.161700000001 0.50325239 -4.6444842 -5.9352792
60866 20565.684 1073.4013 3056.2701 -6192.996099999999 -0.0042186843 -6.7721232 -3.3402071
60866 20985.684 963.42071 0.053256072 -6921.848599999999 -0.51005965 -7.5318901 -0.07418935500000001
60866 21405.684 659.42157 -3056.4019 -6252.9621 -0.91275803 -6.7733394 3.20465
60866 21825.684 222.59385999999998 -5496.9983 -4320.9085000000005 -1.1317516 -4.6490185 5.8378366999999995
60866 22245.684 -259.0959 -6829.1116 -1515.3156999999999 -1.1226584 -1.5853888 7.2923682
60866 22665.684 -688.54534 -6783.894 1596.8372 -0.88725754 1.7963954000000002 7.2721802
60866 23085.684 -979.3344000000001 -5372.3286 4386.6592 -0.47384098 4.8097495 5.7850611
60866 23505.684 -1073.378 -2881.0942000000005 6293.0268 0.033420381 6.8497965999999995 3.1386853
60866 23925.684 -952.32322 187.69277 6934.9539 0.53316963 7.5143836 -0.13381412
60866 24345.684 -640.51773 3218.7958 6184.0722000000005 0.9264322100000001 6.6730494 -3.3817319
60866 24765.684 -200.20174 5603.5927 4188.9889 1.1346031 4.4878805 -5.9573449
60866 25185.684 280.40068 6858.6913 1347.8088 1.1148529 1.3901944000000002 -7.3383529
60866 25605.684 704.4037500000001 6729.2739 -1766.0365 0.86942067 -1.9965116 -7.2336925
60866 26025.684 985.9440500000001 5238.6898 -4521.7834 0.44821375 -4.9789954 -5.6625702
60866 26445.684 1068.2448000000002 2689.2362000000003 -6361.4130000000005 -0.062795949 -6.9515687 -2.9478668
60866 26865.684 934.53854 -403.52564 -6911.017400000001 -0.56049317 -7.5234153 0.3578372
60866 27285.684 612.87248 -3415.7514 -6067.0652 -0.94494394 -6.5744062 3.5916428000000002
60866 27705.684 167.62582 -5739.0512 -3996.2689 -1.1389085 -4.2990337 6.0996987
60866 28125.684 -311.43126 -6904.655400000001 -1117.1851000000001 -1.1031776 -1.156508 7.374203400000001
60866 28545.684 -727.73282 -6678.2563 1987.8876000000002 -0.84533722 2.2147710000000003 7.1577983000000005
60866 28965.684 -997.69132 -5108.2833 4692.3054 -0.41842181 5.1318510999999996 5.5004413
60866 29385.684 -1067.5875 -2513.5922 6453.3822 0.091027097 7.012406100000001 2.7435706
60866 29805.684 -923.8992 584.1327600000001 6919.963900000001 0.5815578400000001 7.4876892 -0.5595710800000001
60866 30225.684 -595.39172 3564.8529 5998.5577 0.9562882300000001 6.4640061 -3.7545612999999998
60866 30645.684 -147.50751000000002 5830.3048 3871.1076000000003 1.1401606 4.137616100000001 -6.2043068
60866 31065.684 330.00088 6921.2751 962.51629 1.0947581 0.9672040399999999 -7.409004299999999
60866 31485.684 740.82088 6613.7361 -2140.9305 0.82778843 -2.4073536 -7.114197600000001
60866 31905.684 1001.7209 4967.680200000001 -4809.9304 0.39321929 -5.295789300000001 -5.3759423
60866 32325.684 1060.0273 2316.7576000000004 -6503.6185000000005 -0.1202107 -7.1100048 -2.5508463999999997
60866 32745.684 904.31138 -801.82456 -6880.610900000001 -0.60857339 -7.486699400000001 0.78605645
60866 33165.684 566.18412 -3758.9912000000004 -5866.010200000001 -0.9739165900000001 -6.353427300000001 3.9621469000000005
60866 33585.684 113.88435000000001 -5957.9636 -3665.1657000000005 -1.1429481000000001 -3.9381075 6.3378147
60866 34005.684 -361.39831 -6955.0066 -722.93499 -1.0814664 -0.72859942 7.4315765
60866 34425.684 -763.85405 -6549.9793 2365.5682 -0.80229461 2.6227031000000003 7.0231886999999995
60866 34845.684 -1012.7286 -4827.4277 4977.416200000001 -0.36282399 5.437750100000001 5.201952
60866 35265.684 -1058.5752 -2136.8177 6588.8483 0.14801549 7.1556804000000005 2.3416236
60866 35685.684 -892.65377 981.3859100000001 6878.7136 0.62866346 7.4402874 -0.9849440899999999
60866 36105.684 -548.13012 3903.051 5788.608200000001 0.9841443400000001 6.2347819 -4.1188715
60866 36525.684 -93.667625 6041.356900000001 3534.2088 1.1430287000000001 3.7712334000000003 -6.4339069
60866 36945.684 379.56632 6962.2970000000005 566.54006 1.0718759 0.53725568 -7.4560585
60866 37365.684 776.0847 6476.1567000000005 -2515.8489 0.78374116 -2.8130959 -6.9685617
60866 37785.684 1015.5648000000001 4679.5601 -5087.8212 0.33704581 -5.5945343 -5.0676218
60866 38205.684 1049.7256000000002 1936.6583 -6628.5222 -0.17708619 -7.2417283 -2.1428859000000005
60866 38625.684 871.16566 -1199.5897 -6822.787200000001 -0.65651448 -7.4283031 1.2225722
60866 39045.684 517.60713 -4093.3501 -5642.0203 -1.0017375 -6.1017157 4.335003700000001
60866 39465.684 59.140038000000004 -6166.888900000001 -3319.0436 -1.1430615 -3.5446628000000002 6.5571388
60866 39885.684 -410.6882 -6984.664900000001 -323.35403 -1.0558651000000001 -0.28232524000000003 7.4630308
60866 40305.684 -797.83835 -6395.281400000001 2737.9955 -0.75611966 3.0376269000000002 6.8628754
60866 40725.684 -1024.4004 -4518.9455 5246.5299 -0.30440477 5.743637 4.8780547
60866 41145.684 -1045.0148000000002 -1733.8807 6697.4915 0.20783812000000002 7.2915798999999994 1.9133502000000002
60866 41565.684 -855.71887 1399.5071 6799.5650000000005 0.67822077 7.374264600000001 -1.4360141000000002
60866 41985.684 -494.42420000000004 4251.397400000001 5531.2381 1.0129048 5.973136800000001 -4.501144
60866 42405.684 -33.697172 6251.5109 3149.0839 1.1431171 3.3610411 -6.6577992
60866 42825.684 433.51454 6986.258400000001 130.20429 1.0435699999999999 0.072321006 -7.473322100000001
60866 43245.684 813.25294 6311.0648 -2915.2076 0.73370247 -3.2323582 -6.779287
60866 43665.684 1029.0433 4363.460400000001 -5371.4764000000005 0.27639796 -5.8822162 -4.716844699999999
60866 44085.684 1037.6967 1537.3638 -6743.7285999999995 -0.23578071 -7.3447279 -1.7062118000000002
60866 44505.684 837.70439 -1597.8992 -6756.4409000000005 -0.70028959 -7.3296571 1.6468507
60866 44925.684 469.22914000000003 -4411.585 -5406.5365 -1.0243843 -5.8391145 4.6716214
60866 45345.684 6.2110807 -6335.8109 -2964.0195 -1.142579 -3.1673429 6.7586072
60866 45765.684 -458.01864 -6980.8602 78.308537 -1.0300534000000001 0.14877825000000003 7.4791368
60866 46185.684 -829.7196 -6215.358700000001 3104.8661 -0.70961041 3.4330477000000004 6.6848857
60866 46605.684 -1033.3493 -4190.4919 5500.9213 -0.24660966 6.0246623 4.5428238
60866 47025.684 -1029.0888 -1321.3876 6787.9043 0.26566731 7.3948935 1.4826898000000002
60866 47445.684 -817.76138 1812.5862 6704.9658 0.72335228 7.2733242 -1.8703469000000001
60866 47865.684 -441.97169 4581.9661 5269.8737 1.0355238999999998 5.6883853 -4.8464374
60866 48285.684 22.731173 6429.0433 2771.4017000000003 1.1394635000000002 2.9561084 -6.8470762999999994
60866 48705.684 482.82693 6980.8818 -286.87735 1.0138753 -0.37359625 -7.4656284
60866 49125.684 845.5685500000001 6125.4332 -3287.0634 0.68417374 -3.627666 -6.576504600000001
60866 49545.684 1038.2054 4037.2443 -5624.3435 0.21760694000000003 -6.145161 -4.3632671
60866 49965.684 1022.3053000000001 1137.9341000000002 -6828.943700000001 -0.29195600000000005 -7.4250659 -1.2751397
60866 50385.684 801.2200300000001 -1989.7543 -6659.2971 -0.7429293 -7.214243000000001 2.0697432
60866 50805.684 419.17526000000004 -4717.4277999999995 -5148.1774000000005 -1.045336 -5.5516308 5.0039892
60866 51225.684 -46.959018 -6498.006 -2601.0939 -1.1369738 -2.7677491 6.9278225
60866 51645.684 -503.58729 -6965.2982 473.16731 -1.0000711 0.5797091400000001 7.4586728
60866 52065.684 -858.56105 -6027.392 3451.4394 -0.6614289700000001 3.8094780000000004 6.4805159
60866 52485.684 -1040.4573 -3874.089 5732.4038 -0.1901834 6.2667486 4.1957452
60866 52905.684 -1013.039 -941.34873 6857.212500000001 0.31838644 7.4595254 1.0693377000000002
60866 53325.684 -782.0673800000001 2180.6129 6600.4825 0.7626882100000001 7.1527462 -2.2711007
60866 53745.684 -393.92406 4864.0188 5013.3449 1.0540649000000002 5.4062899 -5.1577922
60866 54165.684 73.602057 6567.4321 2413.0855 1.1336590000000002 2.5659094000000002 -7.0084927
60866 54585.684 526.17436 6945.5472 -674.71452 0.98443285 -0.79659798 -7.442222200000001
60866 55005.684 872.38277 5920.1485 -3625.5099 0.63699723 -3.9952686 -6.372196700000001
60866 55425.684 1042.0444 3695.2936 -5841.3027 0.16121559 -6.391988400000001 -4.0161873
60866 55845.684 1002.3775 728.9523800000001 -6880.198 -0.34643604 -7.4911463000000005 -0.84895288
60866 56265.684 760.9442 -2384.477 -6530.732400000001 -0.7835018300000001 -7.0809477 2.4840362000000002
60866 56685.684 366.43908000000005 -5018.2198 -4864.1051 -1.0629659999999999 -5.245902600000001 5.3163357
60866 57105.684 -101.80755 -6641.8456 -2215.9294 -1.12859 -2.3528848 7.0776943
60866 57525.684 -549.53281 -6927.731400000001 879.80211 -0.9668520899999999 1.0147456 7.4102462
60866 57945.684 -886.5943100000001 -5818.8463 3797.9995 -0.6108695000000001 4.1742329 6.2478578
60866 58365.684 -1045.4952 -3540.4221000000002 5951.1033 -0.1330587 6.489193 3.8303034
60866 58785.684 -994.70527 -551.71999 6907.4535000000005 0.37074632 7.499884600000001 0.64610761
60866 59205.684 -744.51116 2547.5374 6475.241400000001 0.8004409600000001 7.0064465 -2.6700133
60866 59625.684 -344.85786 5134.781400000001 4739.2175 1.0702981 5.1023417 -5.4564996
60866 60045.684 124.04230000000001 6686.0740000000005 2046.8278 1.1253296000000002 2.1661333 -7.1480576000000005
60866 60465.684 568.0756600000001 6888.624 -1060.717 0.9527141 -1.2186504 -7.3945246
60866 60885.684 897.18619 5697.501 -3953.1861000000004 0.5876100599999999 -4.3550334 -6.1418597
60866 61305.684 1044.444 3352.6557000000003 -6041.7514 0.10469022 -6.6104066 -3.6510059000000004
60866 61725.684 980.57366 327.63590000000005 -6906.848599999999 -0.40058572 -7.5327307 -0.41307434000000004
60866 62145.684 719.30162 -2763.3567000000003 -6377.861400000001 -0.8236855399999999 -6.9221023 2.9043262
60866 62565.684 312.86841 -5292.9836 -4556.8205 -1.0805088 -4.9101638 5.6355332
60866 62985.684 -157.05773000000002 -6750.6658 -1809.6473999999998 -1.1191876 -1.9085243 7.2252469
60866 63405.684 -595.2311800000001 -6841.3122 1305.2503000000002 -0.9313894 1.4846483000000001 7.3514032
60866 63825.684 -912.8761800000001 -5546.367700000001 4155.2001 -0.5552944700000001 4.5745496999999995 5.9859678999999995
60866 64245.684 -1045.9244 -3128.1634 6163.2768 -0.067755714 6.7349129 3.4107673
60866 64665.684 -968.10667 -80.10037 6924.947400000001 0.43174827 7.531068100000001 0.15554025999999999
60866 65085.684 -695.5904300000001 2984.3197000000005 6290.159900000001 0.84370414 6.811929600000001 -3.1260301
60866 65505.684 -283.27887 5448.8657 4387.7637 1.0861348 4.723164 -5.7779308
60866 65925.684 185.98560999999998 6817.5318 1600.6529 1.1102091 1.6823488 -7.2664149
60866 66345.684 617.81409 6814.282099999999 -1509.4106000000002 0.91093939 -1.6972149 -7.2892019
60866 66765.684 925.39735 5440.241900000001 -4315.3013 0.52882723 -4.7320532 -5.8431961
60866 67185.684 1047.1624 2973.7392000000004 -6252.3865000000005 0.041227295 -6.8121574 -3.2237653
60866 67605.684 958.9173499999999 -89.234655 -6932.232599999999 -0.45430016 -7.5246308 0.041948693
60866 68025.684 678.30508 -3134.1542000000004 -6217.677 -0.85929472 -6.7269718 3.3037948000000004
60866 68445.684 261.33438 -5548.6493 -4249.7415 -1.0924232999999999 -4.5713679 5.9084787
60866 68865.684 -208.17835000000002 -6843.8422 -1423.5416 -1.1054361 -1.4855502 7.323339600000001
60866 69285.684 -635.6337 -6754.1014000000005 1691.9136 -0.8950076299999999 1.9059861 7.2561141
60866 69705.684 -934.49445 -5297.5376 4464.1787 -0.50372669 4.9099964 5.717624600000001
60866 70125.684 -1044.3974 -2769.3565 6331.3665 -0.011329099 6.9186214 3.0241168
60866 70545.684 -943.61503 318.09902000000005 6917.9973 0.48234746 7.5282972 -0.27516362
60866 70965.684 -652.86791 3341.1176 6107.9501 0.87843797 6.6204274 -3.5158240999999997
60866 71385.684 -230.63713 5691.144 4064.5111 1.097753 4.378163499999999 -6.047925500000001
60866 71805.684 238.07233 6894.125400000001 1199.7763 1.0959285 1.2519883 -7.3591578
60866 72225.684 658.82187 6707.473599999999 -1907.5502 0.87333941 -2.1245735 -7.183205500000001
60866 72645.684 946.9955100000001 5170.4139000000005 -4630.1818 0.47565261 -5.0670666 -5.5597961
60866 73065.684 1045.0604 2595.2077000000004 -6420.8337 -0.016449213 -6.985782599999999 -2.8223203
60866 73485.684 933.73773 -500.12084000000004 -6921.6008 -0.50461373 -7.5027077 0.47837058000000005
60866 73905.684 635.36377 -3495.1436000000003 -6032.0097000000005 -0.89212821 -6.515646800000001 3.6865777
60866 74325.684 209.4683 -5788.045400000001 -3928.2115 -1.1013994 -4.2148984 6.1612253
60866 74745.684 -258.53557 -6914.245 -1031.332 -1.0891959 -1.0559511 7.3978212999999995
60866 75165.684 -674.33462 -6643.564200000001 2074.5605 -0.85669399 2.3233008 7.1369639
60866 75585.684 -953.76347 -5029.1227 4759.8192 -0.45106376000000004 5.231823400000001 5.429463800000001
60866 76005.684 -1040.4985 -2398.3794 6480.8468 0.044997241 7.0797836 2.6254809
60866 76425.684 -917.2958000000001 716.33997 6890.6533 0.5312358 7.498179 -0.70459987
60866 76845.684 -609.3076800000001 3686.8909 5908.7006 0.9102724600000001 6.4048544000000005 -3.8912508
60866 77265.684 -178.50164999999998 5914.1623 3732.5378 1.1060273 4.0189475 -6.2935572
60866 77685.684 288.31086 6948.2745 801.4029499999999 1.0787331 0.82090882 -7.4239833
60866 78105.684 696.99222 6580.8069000000005 -2291.9731 0.83406209 -2.5395398 -7.0530152
60866 78525.684 965.37805 4887.9807 -4922.9523 0.42233301 -5.3810663000000005 -5.261166599999999
60866 78945.684 1039.981 2213.7416000000003 -6563.077 -0.072924561 -7.135379 -2.4165932
60866 79365.684 906.28053 -904.0745000000001 -6885.110000000001 -0.5528836 -7.4584516 0.90919039
60866 79785.684 591.09744 -3840.7099 -5824.5508 -0.92254039 -6.2866157000000005 4.0559676
60866 80205.684 157.32364 -6006.1122000000005 -3591.931 -1.1078445 -3.8470413 6.3946887
60866 80625.684 -308.03696 -6961.3333 -634.3970600000001 -1.070351 -0.6235457 7.4480454
60866 81045.684 -711.20619 -6510.8297999999995 2451.6607999999997 -0.8164503999999999 2.7324237 6.9940062
60866 81465.684 -970.62032 -4744.1451 5040.875900000001 -0.39764709 5.5353201 5.1230763
60866 81885.684 -1034.035 -2019.3216000000002 6609.4553 0.10076607 7.217125 2.2183869
60866 82305.684 -888.94678 1112.5355 6841.6724 0.57827032 7.4423941000000005 -1.1308357000000002
60866 82725.684 -564.72246 4020.4792 5691.6285 0.93925216 6.1675563 -4.2519108
60866 83145.684 -126.64036 6117.654 3390.8972000000003 1.1110897 3.6472536 -6.5158354
60866 83565.684 336.99372 6980.2034 404.04981 1.0587898 0.38972714 -7.462327800000001
60866 83985.684 732.66524 6434.4311 -2664.6863 0.7931598400000001 -2.942522 -6.8996117
60866 84405.684 980.84712 4592.6241 -5195.8416 0.36877096000000004 -5.6744569 -4.9477231
60866 84825.684 1032.1701 1828.9752 -6681.393099999999 -0.12832751 -7.260624300000001 -2.0065772
60866 85245.684 876.7693399999999 -1301.156 -6825.149 -0.5990660400000001 -7.3908518999999995 1.3336846
60866 85665.684 545.78876 -4170.541 -5598.2572 -0.9503003800000001 -6.0393216 4.4099957000000005
60866 86085.684 105.29275 -6202.4016 -3244.6987999999997 -1.1115104 -3.4690807 6.6065147
60867 105.684 -356.30203000000006 -6984.7402 -236.46922 -1.0490465 -0.19138290000000002 7.4738033
60867 525.684 -745.9625 -6356.809 2819.7582 -0.77455122 3.1305295 6.8287449
60867 945.684 -984.90173 -4444.4828 5304.8363 -0.34373926 5.8188934 4.8011747
60867 1365.684 -1025.038 -1635.0299 6716.4108 0.15583183 7.329866699999999 1.8054088
60867 1785.684 -858.5365400000001 1503.9547 6770.514700000001 0.6234882900000001 7.3623721 -1.552263
60867 2205.684 -519.02349 4339.9224 5456.5935 0.96562915 5.9106386 -4.5977065
60867 2625.684 -74.827961 6300.4383 3039.1524 1.1133144 3.2644482 -6.7161973
60867 3045.684 384.48087 6988.9674 6.5238404 1.0363026 -0.041843862 -7.476109900000001
60867 3465.684 766.2126400000001 6267.017400000001 -3027.5337000000004 0.7504894000000001 -3.3350474 -6.7239902
60867 3885.684 993.68133 4282.558900000001 -5450.7811 0.31459875 -5.9488822 -4.6187568
60867 4305.684 1021.7327 1438.6169 -6777.1945000000005 -0.18308806000000002 -7.362121 -1.5906866
60867 4725.684 845.1421300000001 -1693.6322 -6742.4671 -0.6434999299999999 -7.2992385 1.7532447
60867 5145.684 499.27976 -4486.4547999999995 -5353.4801 -0.9755092399999999 -5.7724482 4.7490727
60867 5565.684 53.21922 -6378.212 -2886.9202 -1.1123197 -3.0801124 6.7961035
60867 5985.684 -403.46358000000004 -6985.2435000000005 161.99211 -1.0252212 0.24067754 7.4746364000000005
60867 6405.684 -778.72329 -6182.3201 3178.2651 -0.73100185 3.5173331 6.6410936000000005
60867 6825.684 -996.73834 -4131.0752999999995 5551.1893 -0.28938886 6.082352 4.4642161
60867 7245.684 -1013.6852 -1246.5036 6801.5196 0.21000664000000002 7.4180776 1.3877731000000002
60867 7665.684 -826.36779 1889.3017 6677.7826 0.66675398 7.258389 -1.9674036000000001
60867 8085.684 -472.54168 4644.2026 5204.758900000001 0.98937326 5.6350685 -4.9274337
60867 8505.684 -23.407234000000003 6462.018599999999 2678.8685 1.1126708 2.8720052999999997 -6.893992
60867 8925.684 430.42912 6974.7483 -389.48983000000004 1.0113296 -0.47210624 -7.465431
60867 9345.684000000001 797.35709 6079.438400000001 -3379.0459 0.7063052000000001 -3.7156757 -6.527088300000001
60867 9765.684000000001 1003.7369 3959.1394 -5686.8090999999995 0.2601751 -6.2035204 -4.2756552
60867 10185.684000000001 1008.6796 1044.2269000000001 -6850.1417 -0.23684212 -7.4397145 -1.1704636000000002
60867 10605.684000000001 811.55234 -2080.0256 -6637.3625 -0.68587425 -7.1841489 2.1664285
60867 11025.684 451.83565999999996 -4787.3215 -5091.0608 -0.9979661400000001 -5.4871032 5.0720902
60867 11445.684 1.4172757 -6532.9518 -2519.7743 -1.1102264 -2.6815423999999997 6.9629949
60867 11865.684 -449.20445 -6962.9262 559.70782 -0.9989194800000001 0.67124408 7.4507209
60867 12285.684 -809.2220400000001 -5987.9512 3526.1065 -0.6860099199999999 3.8918699 6.4318023
60867 12705.684 -1005.9905 -3804.7831 5779.2497 -0.23496905 6.3253946 4.1132007999999995
60867 13125.684000000001 -1000.0014 -854.63129 6864.5159 0.26294576000000003 7.4820331 0.96627092
60867 13545.684000000001 -792.5992900000001 2267.7268 6563.53 0.7078180700000001 7.131160700000001 -2.3755406
60867 13965.684000000001 -425.50246000000004 4932.8014 4936.3237 1.0103999000000001 5.3417302 -5.2408144000000005
60867 14385.684000000001 27.423630000000003 6602.237700000001 2310.2971000000002 1.1093768 2.4707597999999997 -7.0491927
60867 14805.684 474.77297 6937.7221 -783.7589200000001 0.98425217 -0.90029177 -7.430407100000001
60867 15225.684 826.21729 5872.2155 -3719.1228 0.66102156 -4.083832 -6.309074300000001
60867 15645.684 1011.2946999999999 3623.178 -5903.9597 0.20582263 -6.4376395 -3.9188337000000004
60867 16065.684 993.40377 646.9051400000001 -6900.549599999999 -0.28937495 -7.4928434 -0.74684102
60867 16485.684 776.4616800000001 -2459.1094 -6510.626200000001 -0.7260856800000001 -7.0455961 2.5719562000000002
60867 16905.684 403.92764 -5072.0841 -4812.3307 -1.0177254 -5.1840847000000005 5.3778508
60867 17325.684 -49.690658000000006 -6666.0598 -2145.0092999999997 -1.1054219 -2.274863 7.1064695
60867 17745.684 -493.22245000000004 -6917.798 954.86573 -0.9705005800000001 1.0986314 7.4023749
60867 18165.684 -837.29319 -5774.3562 3861.7997000000005 -0.6398346699999999 4.2528407 6.2020709
60867 18585.684 -1012.5618000000001 -3466.6422000000002 5988.1419000000005 -0.18054833 6.5474846 3.7496798
60867 19005.684 -983.89747 -460.57395 6905.1994 0.31467946999999996 7.5217852999999995 0.54245004
60867 19425.684 -757.13319 2638.2200000000003 6428.201400000001 0.7466960800000001 6.9812738 -2.7752947
60867 19845.684 -377.80003000000005 5204.8369 4652.1912 1.0287819999999999 5.031788499999999 -5.536978100000001
60867 20265.684 77.797255 6720.6984 1934.5392 1.1034647 2.0618906000000004 -7.181602
60867 20685.684 517.67062 6877.964900000001 -1175.2124 0.95517738 -1.3253873 -7.3713881
60867 21105.684 852.97272 5645.722400000001 -4046.9072 0.61459686 -4.4388388999999995 -6.0705606
60867 21525.684 1016.4744000000001 3275.1827000000003 -6101.678900000001 0.15135536 -6.6509247 -3.5491999
60867 21945.684 975.93272 247.21468 -6928.254900000001 -0.34092680999999997 -7.5215559 -0.32073626
60867 22365.684 739.7960600000001 -2830.3976000000002 -6362.4610999999995 -0.7643717000000001 -6.883889900000001 2.9690008
60867 22785.684 355.38635 -5340.442599999999 -4517.817900000001 -1.0350095 -4.8639775 5.6656450000000005
60867 23205.684 -100.37173 -6777.535 -1763.3882 -1.0981383 -1.8608707 7.2261777
60867 23625.684 -535.86549 -6850.2295 1346.5774 -0.94015232 1.5220885000000002 7.3295721
60867 24045.684 -863.3734499999999 -5542.2148 4184.534 -0.59269589 4.5995552 5.9522911999999994
60867 24465.684 -1016.9589000000001 -3117.5702 6177.3067 -0.12620585 6.748236299999999 3.3744448000000005
60867 24885.684 -965.85573 -65.30135700000001 6923.3735 0.36539241 7.5374256 0.11725414
60867 25305.684 -720.32866 3000.0134 6272.030400000001 0.78380255 6.809115 -3.165969
60867 25725.684 -329.95829 5463.2135 4356.647 1.0443255 4.7005769 -5.8127547
60867 26145.684 126.74091 6819.3496 1560.0678 1.0947232 1.6462023 -7.2867858
60867 26565.684 558.13473 6798.3977 -1554.3105 0.9242219 -1.7445973 -7.288149300000001
60867 26985.684 876.8370600000001 5404.205900000001 -4354.1639000000005 0.56725019 -4.7803335 -5.8141991
60867 27405.684 1018.5695000000001 2918.8514 -6273.014099999999 0.096737686 -6.8476248 -3.1692378
60867 27825.684 955.38539 -153.6893 -6926.4468 -0.3923406 -7.5329178 0.1102848
60867 28245.684 700.14804 -3195.3484 -6183.6633 -0.80230481 -6.7034035 3.3662518
60867 28665.684 304.12491 -5594.1934 -4193.9195 -1.0513045 -4.523581500000001 5.946714500000001
60867 29085.684 -153.13547 -6866.094700000001 -1357.2483 -1.0887885000000002 -1.4285925 7.3291939
60867 29505.684 -579.49018 -6752.9969 1753.7648000000002 -0.90683605 1.9557023 7.230892
60867 29925.684 -888.56994 -5271.6023 4509.3819 -0.54291327 4.9466229 5.6772876
60867 30345.684 -1018.1472 -2727.8928 6350.5876 -0.067879875 6.9463435 2.966462
60867 30765.684 -943.05016 366.56390000000005 6912.5245 0.4198988 7.5326617 -0.34181352
60867 31185.684 -677.63336 3385.6668 6075.2576 0.82272965 6.5996914 -3.5787799000000002
60867 31605.684 -275.39159 5721.8302 4008.3799 1.0598802 4.333287 -6.0947091
60867 32025.684 182.49219 6901.8727 1129.526 1.083033 1.1893588 -7.3778007
60867 32445.684 603.53696 6687.460099999999 -1978.2966000000001 0.88752532 -2.1918303999999997 -7.1662704
60867 32865.684 902.93511 5124.829900000001 -4686.366099999999 0.51383826 -5.1220581 -5.5085069
60867 33285.684 1020.8619 2531.5892000000003 -6450.2798 0.038420849 -7.0146337999999995 -2.7489335
60867 33705.684 934.2745699999999 -569.02248 -6918.5774 -0.44362593 -7.4986389 0.5564237200000001
60867 34125.684 660.71424 -3555.6911 -5998.4622 -0.83695969 -6.4810728 3.7511028000000004
60867 34545.684 254.75285000000002 -5829.3247 -3872.8315000000002 -1.0633164 -4.159573 6.1990110000000005
60867 34965.684 -202.43688 -6929.987099999999 -966.118 -1.0763529 -0.99211754 7.4037123000000005
60867 35385.684 -618.7555100000001 -6633.0113 2135.5745 -0.87201641 2.382651 7.1117619
60867 35805.684 -910.10132 -4996.300200000001 4804.7537 -0.49151035000000004 5.2771343 5.3796028
60867 36225.684 -1017.7163 -2350.7635 6501.3796 -0.012221993 7.1039548 2.5608980999999997
60867 36645.684 -920.15544 768.9813399999999 6883.8686 0.46911288 7.496366500000001 -0.77311177
60867 37065.684 -637.0719200000001 3733.2444 5874.6286 0.85597754 6.3777108 -3.9513209000000002
60867 37485.684 -225.45768 5944.4256 3677.1097000000004 1.0705015 3.9704183 -6.3335604000000005
60867 37905.684 231.685 6955.0543 735.0475799999999 1.0689635000000002 0.75944122 -7.4348636
60867 38325.684 642.07287 6561.2339 -2356.0259 0.8517241299999999 -2.6015691000000003 -7.0308947
60867 38745.684 923.10441 4845.1285 -4971.3289 0.46364942000000003 -5.4298424999999995 -5.209207
60867 39165.684 1018.6681 2155.1994 -6585.2667 -0.016110466 -7.1598425 -2.3461
60867 39585.684 910.1455500000001 -966.6881800000001 -6876.3825 -0.49181323 -7.4530039 0.98319393
60867 40005.684 619.3788900000001 -3894.8875000000003 -5786.8283 -0.86931417 -6.2527182 4.117532199999999
60867 40425.684 204.38368 -6041.3296 -3533.2644 -1.0731988 -3.7924083 6.4311219
60867 40845.684 -251.69723000000002 -6970.7519 -566.6564000000001 -1.0615246999999999 -0.55971168 7.4529836
60867 41265.684 -657.0059699999999 -6493.7811 2514.5625 -0.83531401 2.7924284 6.9665531000000005
60867 41685.684 -929.59822 -4704.7992 5086.435 -0.44046545 5.579788499999999 5.069509500000001
60867 42105.684 -1014.5648000000001 -1966.0463 6628.8967999999995 0.042722407 7.237913400000001 2.1497525
60867 42525.684 -895.02464 1169.0062 6831.5864 0.51681616 7.435778900000001 -1.201289
60867 42945.684 -595.12312 4068.5411000000004 5653.9775 0.88690594 6.1348545 -4.3107083
60867 43365.684 -175.20645000000002 6147.4836 3333.0942999999997 1.0784178 3.5944826 -6.5514014
60867 43785.684 280.06440000000003 6985.3723 337.59409000000005 1.0523012 0.32704825 -7.4671865
60867 44205.684 678.8205300000001 6413.4012999999995 -2726.3835 0.81404354 -3.0025244 -6.8722791
60867 44625.684 940.86513 4549.0778 -5240.113 0.41275186 -5.7195023 -4.8934699
60867 45045.684 1014.0119000000001 1771.3877 -6699.0108 -0.070164135 -7.2812006 -1.9360922
60867 45465.684 884.0056800000001 -1361.3299 -6812.2575 -0.5383477000000001 -7.3823376 1.4058931000000001
60867 45885.684 576.93409 -4221.2263 -5557.336700000001 -0.8990916999999999 -6.003459 4.4688928
60867 46305.684 154.09824 -6233.4723 -3184.0391 -1.0800806 -3.413425 6.6399468
60867 46725.684 -299.66366 -6990.031 -168.34718 -1.0438798999999999 -0.12753662 7.4752296
60867 47145.684 -692.97022 -6335.8641 2881.5776 -0.79680092 3.1894229999999997 6.797907599999999
60867 47565.684 -946.32428 -4401.978400000001 5348.0075 -0.38896022 5.8609546 4.7448752999999995
60867 47985.684 -1008.74 -1579.8562 6732.5734 0.09676793 7.3471549000000005 1.7353764
60867 48405.684 -867.8703399999999 1560.7126 6756.778200000001 0.5625964400000001 7.3518709 -1.6224360999999998
60867 48825.684 -552.1345799999999 4386.7002 5415.8005 0.9152437 5.8743948 -4.6542921999999995
60867 49245.684 -125.05976 6327.7243 2979.4907000000003 1.0835757000000001 3.2093701 -6.7479635
60867 49665.684 327.23571999999996 6991.018 -60.012456 1.0332257999999999 -0.10488451000000001 -7.476494
60867 50085.684 713.49292 6243.1266 -3087.5063999999998 0.77470787 -3.3935194 -6.6926855
60867 50505.684 956.0796899999999 4237.0381 -5491.8779 0.36113152000000004 -5.991036 -4.561837000000001
60867 50925.684 1006.7516 1380.4576000000002 -6790.8816 -0.12375497 -7.3790398999999995 -1.5193334
60867 51345.684 855.70555 -1752.8337 -6725.6871 -0.5832499299999999 -7.2871613 1.8244240999999999
60867 51765.684 533.2232 -4534.801 -5309.442900000001 -0.9263094700000001 -5.7337316000000005 4.805388700000001
60867 52185.684 103.72378 -6405.9728 -2824.4727000000003 -1.0840164 -3.0227959 6.8259042
60867 52605.684 -346.54643 -6986.956400000001 230.20152 -1.0235826 0.30466195 7.471963700000001
60867 53025.684 -726.89291 -6158.0705 3238.5119 -0.75646822 3.5748063 6.6065762999999995
60867 53445.684 -960.50156 -4086.1519 5591.462500000001 -0.33692113 6.1216995 4.405386000000001
60867 53865.684 -1000.4295000000001 -1190.2153 6814.0303 0.14997299 7.4319324 1.3167151
60867 54285.684 -838.82921 1945.5897 6660.2797 0.6064206600000001 7.2443489 -2.0368285
60867 54705.684 -508.24058 4689.1193 5160.8481 0.94094787 5.5958159 -4.9815791
60867 55125.684 -75.15140600000001 6486.4202000000005 2617.4131 1.0860291 2.8151711 -6.922005100000001
60867 55545.684 373.11515 6973.5086 -456.1132 1.0118941 -0.53529451 -7.4615887
60867 55965.684 746.0566600000001 6052.532200000001 -3437.3907999999997 0.7338150600000001 -3.7726518 -6.4919191000000005
60867 56385.684 968.72812 3911.4678 -5724.8464 0.30894782 -6.2427683 -4.2160959
60867 56805.684 996.9371 985.34349 -6860.034000000001 -0.17671779 -7.4528872 -1.0983207
60867 57225.684 825.3530400000001 -2138.3587 -6616.871700000001 -0.62642396 -7.1683704 2.2364441000000004
60867 57645.684 488.36412 -4833.3832 -5044.1698 -0.95102392 -5.445461000000001 5.1255592
60867 58065.684 53.326209000000006 -6557.473900000001 -2455.9376 -1.0851947 -2.6227098 6.988792800000001
60867 58485.684 -392.34905 -6961.1057 627.5527500000001 -1.0008549 0.73494506 7.4438105
60867 58905.684 -758.88344 -5960.661 3584.3441000000003 -0.71460807 3.9473371000000004 6.3938501
60867 59325.684 -972.36186 -3757.9218 5816.3535 -0.28459284 6.3615870999999995 4.0523377
60867 59745.684 -989.93722 -797.8824300000001 6873.3719 0.20228178 7.4921750000000005 0.89492088
60867 60165.684 -808.1901899999999 2322.8648 6542.6174 0.64839874 7.1136344000000005 -2.4433352
60867 60585.684 -463.61074 4975.294 4889.8778 0.96436319 5.300030800000001 -5.2918838
60867 61005.684 -25.499642 6623.442400000001 2247.7861000000003 1.0860824 2.4127421 -7.0733384
60867 61425.684 417.75681000000003 6933.0976 -849.75514 0.98838713 -0.9631587899999999 -7.4225411
60867 61845.684 776.6311800000001 5842.3438 -3775.2347000000004 0.69159787 -4.1389477 -6.270489899999999
60867 62265.684 979.05707 3573.5081 -5938.5365 0.25652436 -6.4739027 -3.8571814
60867 62685.684 984.93622 587.43159 -6906.4565 -0.22881943999999999 -7.5024120000000005 -0.6743352300000001
60867 63105.684 793.38261 -2516.5096000000003 -6486.375599999999 -0.6677943900000001 -7.0262814 2.6405433
60867 63525.684 442.78703 -5115.861900000001 -4762.6287999999995 -0.9733232500000001 -5.139665600000001 5.428291000000001
60867 63945.684 3.2704497999999997 -6687.41 -2079.8787 -1.0838417 -2.2146122 7.1281995
60867 64365.684 -436.84985 -6912.5627 1022.2195 -0.9761833400000001 1.1620456 7.3911752
60867 64785.684 -788.94277 -5744.122 3917.8766 -0.6717083300000001 4.3063949 6.1605964
60867 65205.684 -982.0575600000001 -3417.8961000000004 6021.8919000000005 -0.2321968 6.580643200000001 3.6867212
60867 65625.684 -977.4576400000001 -403.34793 6910.1813 0.25370374 7.528389000000001 0.47071929
60867 66045.684 -776.10715 2692.351 6403.6511 0.68873768 6.9603095999999995 -2.8417174
60867 66465.684 -418.55619 5244.8985 4604.446400000001 0.98549377 4.98725 -5.584110399999999
60867 66885.684 23.574724999999997 6738.7604 1872.6434 1.0837792 2.0032671 -7.201077000000001
60867 67305.684 460.93493 6870.3577000000005 -1238.7368999999999 0.96309312 -1.3870002 -7.3595442
60867 67725.684 805.15059 5613.5077 -4099.1557 0.6483718300000001 -4.4917126 -6.0294207
60867 68145.684 986.98685 3223.1351 -6131.0686 0.20392638 -6.6859356 -3.4860724000000003
60867 68565.684 970.6258100000001 185.93508 -6928.367700000001 -0.28032326999999996 -7.5295143 -0.246785
60867 68985.684 759.50946 -2888.6983 -6331.8514000000005 -0.70782899 -6.8617598 3.0386702
60867 69405.684 396.01318 -5383.6365000000005 -4461.5802 -0.9936231000000001 -4.8154447000000005 5.7156077
60867 69825.684 -47.045139000000006 -6796.5076 -1692.4473 -1.0800864 -1.7963506 7.2448588
60867 70245.684 -480.53105 -6839.861 1417.8881999999999 -0.9492620700000001 1.589348 7.314138700000001
60867 70665.684 -817.3244300000001 -5505.635200000001 4242.4006 -0.62706172 4.6548548 5.9048942
60867 71085.684 -989.52714 -3062.3752999999997 6210.2444000000005 -0.17898941 6.7800568000000005 3.3053357
60867 71505.684 -962.65358 -2.8375835 6925.2291 0.30476559 7.5397347 0.040950209
60867 71925.684 -742.10377 3057.1761 6243.089900000001 0.7275647199999999 6.7820308 -3.2340045
60867 72345.684 -372.00645000000003 5505.042 4300.6972000000005 1.0039385 4.6519793 -5.8584901
60867 72765.684 72.897649 6837.4214 1488.7158000000002 1.0783096 1.5830066 -7.3017981
60867 73185.684 503.092 6789.557 -1624.5446000000002 0.9350734 -1.8066665000000002 -7.2680059
60867 73605.684 831.58922 5368.483700000001 -4408.6665 0.6038412 -4.8295044 -5.7679518
60867 74025.684 992.75937 2866.9078 -6303.3245 0.1512718 -6.874054500000001 -3.1035505
60867 74445.684 954.41074 -210.94462 -6927.763400000001 -0.33064106 -7.5316391000000005 0.18017655
60867 74865.684 724.40422 -3246.4867999999997 -6157.2651 -0.74593737 -6.676303600000001 3.4261979
60867 75285.684 348.87935 -5629.6033 -4146.4452 -1.0117764 -4.4772238 5.9856620000000005
60867 75705.684 -96.833094 -6879.5774 -1299.0486 -1.0743213 -1.3722194 7.3407849
60867 76125.684 -523.00082 -6742.9309 1810.5895 -0.92037636 2.0118386 7.2133569
60867 76545.684 -843.8043700000001 -5247.1522 4554.6125 -0.58117023 4.9880444 5.6292951
60867 76965.684 -994.79465 -2695.0849 6379.5782 -0.12565296 6.9561887 2.9126332
60867 77385.684 -945.8587600000001 398.78431 6918.9228 0.35469186 7.524591000000001 -0.3882612
60867 77805.684 -706.8410799999999 3412.4046000000003 6064.07 0.76411578 6.5802248 -3.6134273
60867 78225.684 -325.58837 5739.3727 3985.7353 1.0203727 4.3070774 -6.1151839
60867 78645.684 121.18006 6916.6972000000005 1104.7435 1.0697290000000002 1.1581548000000002 -7.374404800000001
60867 79065.684 543.0711600000001 6690.4275 -1998.9374 0.90497226 -2.2173416 -7.1519661
60867 79485.684 855.66773 5117.1523 -4699.2926 0.55814644 -5.1456567 -5.486333
60867 79905.684 996.14935 2514.3631 -6451.8225 0.099426841 -7.0362972 -2.7162312
60867 80325.684 936.3896800000001 -593.92786 -6903.8823 -0.37918086 -7.5119138 0.60086518
60867 80745.684 688.2925200000001 -3582.5894 -5963.4655999999995 -0.78214647 -6.4755916 3.8015822
60867 81165.684 301.71688 -5849.7955 -3819.7489 -1.0279308 -4.1293284 6.2386011
60867 81585.684 -145.84785000000002 -6934.0737 -901.66172 -1.0667201 -0.94448865 7.417898500000001
60867 82005.684 -563.91381 -6616.0572 2199.2496 -0.88985941 2.4323427000000004 7.0937605
60867 82425.684 -867.83249 -4959.2418 4853.6763 -0.5338822400000001 5.3137035 5.3362454
60867 82845.684 -995.7712 -2296.0736 6521.4195 -0.070067759 7.128385100000001 2.4997957000000004
60867 83265.684 -923.18578 829.59097 6872.4298 0.40861612 7.4958785 -0.8499365299999999
60867 83685.684 -664.04673 3787.8139 5831.0431 0.8052602900000001 6.338197 -4.03439
60867 84105.684 -270.17733000000004 5976.0233 3602.9876000000004 1.0383114 3.9012494 -6.3946829
60867 84525.684 178.47248000000002 6952.1818 642.3526800000001 1.0612454 0.6660441899999999 -7.4598132
60867 84945.684 590.89453 6516.5036 -2449.1329 0.8688064799999999 -2.7038692 -7.0067521
60867 85365.684 883.55584 4759.6192 -5043.005 0.50118679 -5.5160977 -5.1338175
60867 85785.684 997.88584 2041.2016 -6616.5265 0.034312195000000004 -7.2045136 -2.2325513000000003
60867 86205.684 911.68584 -1087.6872 -6856.8069000000005 -0.43753572 -7.4405987 1.1061752
60868 225.684 642.82178 -3998.847 -5719.508 -0.8209164600000001 -6.1861415 4.2166159
60868 645.684 245.26807000000002 -6109.335599999999 -3434.0292000000004 -1.0399773 -3.6921428 6.4810722
60868 1065.684 -201.40888 -6995.4443 -458.64340000000004 -1.0507575 -0.45471083 7.445188
60868 1485.684 -607.6417700000001 -6478.0190999999995 2608.86 -0.85065779 2.8768714 6.9120016
60868 1905.684 -891.88004 -4660.1606 5151.286 -0.47972832 5.6317634 4.987386000000001
60868 2325.684 -997.0178900000001 -1906.6380000000001 6656.6459 -0.012296554000000001 7.2564445 2.0576975
60868 2745.684 -901.76241 1229.8647 6820.599099999999 0.45831581 7.4238398 -1.2917512999999998
60868 3165.684 -624.8654399999999 4118.3685000000005 5606.9312 0.83789393 6.0931467 -4.390648100000001
60868 3585.684 -221.71518 6173.5718 3257.038 1.0491561999999999 3.5234696 -6.6089882
60868 4005.684 226.41981 6976.299900000001 244.62103 1.0479675 0.23235026 -7.487663400000001
60868 4425.684 628.5834100000001 6362.3133 -2817.6793 0.8340971100000001 -3.1044418 -6.8424496
60868 4845.684 903.3602800000001 4458.7695 -5307.5518 0.45228777000000003 -5.8021307 -4.8121041
60868 5265.684 995.8761999999999 1654.7021000000002 -6723.9286 -0.018834554 -7.3195657 -1.819245
60868 5685.684 888.32098 -1482.0817 -6785.746 -0.484373 -7.3626169 1.5282883
60868 6105.684 602.77237 -4322.0568 -5484.1668 -0.8521853300000001 -5.9308603 4.5635218
60868 6525.684 196.52115 -6296.429099999999 -3081.3907000000004 -1.0494132 -3.3102265 6.6830977
60868 6945.684 -249.10983 -7008.647599999999 -59.419685 -1.0364156 -0.02281711 7.4610905
60868 7365.684 -644.74771 -6314.6596 2974.3917 -0.81540248 3.2712553 6.7383714
60868 7785.684 -910.97347 -4353.3057 5409.678400000001 -0.43068392 5.9090401 4.6596557
60868 8205.684 -994.31859 -1518.1628 6756.214599999999 0.040665407 7.3612713 1.6420342
60868 8625.684 -877.85553 1621.8146000000002 6741.5302 0.50463145 7.3352326 -1.7122777000000002
60868 9045.684 -584.5586 4434.8815 5365.093400000001 0.86827902 5.8280272 -4.7317077
60868 9465.684000000001 -173.1655 6350.398400000001 2901.2682999999997 1.0573063 3.1346658000000005 -6.8008821
60868 9885.684000000001 273.33191999999997 6977.3758 -152.8077 1.0321506999999999 -0.20119073 -7.4906038
60868 10305.684000000001 664.31471 6187.5073 -3175.8646000000003 0.7976262500000001 -3.4938688000000004 -6.656024500000001
60868 10725.684000000001 920.7069200000001 4143.8904 -5553.8550000000005 0.40276632 -6.068664 -4.475379299999999
60868 11145.684 991.4056 1263.5042 -6808.83 -0.07142452 -7.4106294 -1.4007668000000002
60868 11565.684 862.95505 -1870.9769 -6692.2826 -0.52961049 -7.2608555 1.9447787
60868 11985.684 561.56628 -4630.6283 -5230.898099999999 -0.88109971 -5.6565593 4.8950753
60868 12405.684 147.68877 -6462.5786 -2718.829 -1.0561704 -2.9178114 6.8629765
60868 12825.684 -295.78252000000003 -6998.7103 339.73896 -1.0195474 0.40884291 7.4524059
60868 13245.684000000001 -679.90047 -6130.5315 3329.8861 -0.7783633200000001 3.6547401 6.5426542
60868 13665.684000000001 -927.59961 -4032.1462 5650.0685 -0.38101797 6.166966500000001 4.3167123
60868 14085.684000000001 -989.15484 -1124.6254 6833.3723 0.093006641 7.4421639 1.2209206
60868 14505.684 -851.97491 2008.6069 6640.0338 0.549274 7.2227003000000005 -2.1274172
60868 14925.684 -543.1408299999999 4736.977400000001 5105.1703 0.89626357 5.5437308000000005 -5.0574395
60868 15345.684 -124.56460000000001 6506.4445000000005 2535.4225 1.0628775000000001 2.7353719 -6.9703898
60868 15765.684 319.25509999999997 6955.5516 -550.18442 1.0140391 -0.63408759 -7.4685743
60868 16185.684 698.24623 5992.4475 -3523.9256 0.75965949 -3.8716035000000004 -6.447456900000001
60868 16605.684 935.84765 3815.6483 -5782.188700000001 0.35278613999999997 -6.3148464 -4.1238429
60868 17025.684 984.78051 868.6244399999999 -6871.718900000001 -0.12334238 -7.4769155000000005 -0.97799701
60868 17445.684 835.9381500000001 -2253.1342000000004 -6577.393400000001 -0.57316172 -7.1351187000000005 2.3542552999999997
60868 17865.684 519.57293 -4923.429400000001 -4961.2910999999995 -0.90765644 -5.3639599 5.2098544
60868 18285.684 99.118602 -6607.1438 -2348.4471000000003 -1.0603879999999999 -2.516504 7.0197757
60868 18705.684 -341.19205 -6965.7798 736.5323900000001 -1.000528 0.8382140299999999 7.4191874
60868 19125.684 -713.02666 -5926.6372 3673.301 -0.73989087 4.0254636 6.3260286
60868 19545.684 -941.79337 -3698.3115000000003 5871.0836 -0.3308872 6.4044789 3.9604676
60868 19965.684 -981.5897 -727.9124 6887.6062 0.14473515 7.4989526 0.79647434
60868 20385.684 -824.1637 2388.4642999999996 6516.4623 0.59232176 7.0869204 -2.5352249000000002
60868 20805.684 -500.60206 5023.2931 4828.21 0.9220069 5.2416771 -5.3664343
60868 21225.684 -75.850316 6641.0113 2160.998 1.0659550999999998 2.3272692000000004 -7.116883700000001
60868 21645.684 364.29808 6910.8443 -945.93078 0.99378864 -1.0647141 -7.4218132
60868 22065.684 730.53274 5777.7570000000005 -3860.5084 0.72021638 -4.2363581 -6.2175418
60868 22485.684 948.92845 3475.1284 -5991.7437 0.30224634 -6.5398312 -3.758813
60868 22905.684 976.09171 471.32384 -6912.4011 -0.17473524000000001 -7.5183194 -0.5525088899999999
60868 23325.684 807.29135 -2627.3931000000002 -6441.5235999999995 -0.61521285 -6.9859723 2.7552976
60868 23745.684 476.72643 -5199.6547 -4676.3076 -0.9320877000000001 -5.0541489 5.5068628
60868 24165.684 50.639874000000006 -6729.835 -1971.4841000000001 -1.0623048 -2.107589 7.1532045
60868 24585.684 -385.58590000000004 -6910.06 1129.74 -0.97950171 1.2642673 7.3617819
60868 25005.684 -744.43856 -5703.5303 4003.6428 -0.7001510500000001 4.3828056 6.0891847
60868 25425.684 -953.92423 -3352.5276000000003 6072.0582 -0.28036504 6.6213759 3.5917591000000004
60868 25845.684 -971.97826 -328.75814 6918.602 0.19599460999999999 7.531789 0.36950003
60868 26265.684 -794.6767 2760.7645 6370.8025 0.63409552 6.9282623 -2.935083
60868 26685.684 -457.05565 5293.3281 4534.4236 0.94583779 4.9224711 -5.658190800000001
60868 27105.684 -27.008886999999998 6753.8882 1778.4098999999999 1.0668140000000002 1.9111274 -7.2399946
60868 27525.684 408.53204999999997 6843.389099999999 -1339.525 0.9713665499999999 -1.4921616 -7.3501706
60868 27945.684 761.2071800000001 5544.028200000001 -4185.1194 0.67922321 -4.5869124 -5.966645300000001
60868 28365.684 959.9711 3123.2391000000002 -6182.3212 0.2511637 -6.742713 -3.3811543000000004
60868 28785.684 965.3821300000001 72.758307 -6931.1129 -0.22550839 -7.5344844 -0.12558759
60868 29205.684 777.09984 -2992.5945 -6285.4842 -0.65566692 -6.8137868 3.1465299
60868 29625.684 433.14997999999997 -5458.4534 -4377.2683 -0.95430669 -4.7281803 5.7851199
60868 30045.684 2.4055045 -6830.3371 -1589.538 -1.0618826 -1.6925182 7.2629594
60868 30465.684 -428.80791999999997 -6831.8527 1517.8041 -0.9564673400000001 1.6856209 7.2806969
60868 30885.684 -773.96248 -5461.9861 4319.686 -0.65906061 4.7259572 5.8331155
60868 31305.684 -963.77851 -2995.782 6252.209400000001 -0.22936438 6.8174245 3.2116524
60868 31725.684 -960.08654 71.852227 6926.0008 0.24679239000000003 7.5408949000000005 -0.059085036
60868 32145.684 -763.29587 3124.668 6203.0312 0.674505 6.747181899999999 -3.3263125000000002
60868 32565.684 -412.39525000000003 5546.5201 4224.407200000001 0.9675061899999999 4.5866921000000005 -5.9318533
60868 32985.684 21.934915 6844.8618 1388.6254 1.0651125 1.4880342000000002 -7.3389814
60868 33405.684 451.81728000000004 6753.5745 -1729.7907 0.94661336 -1.9147103 -7.2534983
60868 33825.684 790.1014 5292.3753 -4496.6933 0.63669422 -4.9215931 -5.6955382
60868 34245.684 968.78754 2761.3899 -6353.0122 0.19971972 -6.9227827 -2.9926485
60868 34665.684 952.54411 -325.57715 -6927.6803 -0.27545812999999997 -7.525652600000001 0.30101083
60868 35085.684 745.33802 -3347.5099 -6109.7623 -0.6943380100000001 -6.6195351 3.5266182
60868 35505.684 388.89088000000004 -5699.1 -4065.0992 -0.9741592000000001 -4.3874276 6.043885599999999
60868 35925.684 -45.482052 -6908.5211 -1203.7063 -1.0590043 -1.2726967 7.3489329
60868 36345.684 -470.71446000000003 -6731.649 1899.681 -0.9313490600000001 2.1008277 7.1762568
60868 36765.684 -801.44149 -5203.1103 4620.638 -0.6166351600000001 5.0534893 5.5586988
60868 37185.684 -971.2352099999999 -2629.7307 6411.2363 -0.17805002 6.9914800999999995 2.8216144
60868 37605.684 -945.89325 471.8962 6910.232 0.29682392 7.5257380000000005 -0.48728188
60868 38025.684 -730.15228 3478.1549 6014.5225 0.7131616199999999 6.5441083 -3.7066094
60868 38445.684 -366.95204 5781.5283 3900.8630000000003 0.98670322 4.2350807999999995 -6.1856352
60868 38865.684 70.567775 6913.201599999999 994.9018199999999 1.0608028 1.0599178999999999 -7.4132609
60868 39285.684 493.76486 6641.4661 -2113.577 0.91966149 -2.3307260000000003 -7.1328375
60868 39705.684 816.89769 5023.2832 -4792.7124 0.59284303 -5.2401773 -5.4061965
60868 40125.684 975.13062 2390.217 -6502.0018 0.14801955 -7.0810303999999995 -2.5949448000000004
60868 40545.684 937.33212 -723.5961500000001 -6900.7233 -0.32468092000000004 -7.4933546 0.72693994
60868 40965.684 711.69429 -3692.6039 -5912.866599999999 -0.73142169 -6.4041448 3.8963223
60868 41385.684 343.56276 -5922.2122 -3737.9192000000003 -0.99176491 -4.031698400000001 6.2840604
60868 41805.684 -93.409295 -6964.7699 -811.88221 -1.0535541000000002 -0.84733079 7.4112147
60868 42225.684 -511.61809000000005 -6609.5162 2277.3417000000004 -0.9039195999999999 2.5104444 7.0476178
60868 42645.684 -827.10413 -4926.921 4908.0268 -0.57272205 5.3649778 5.2648004
60868 43065.684 -976.48125 -2254.7745 6550.302000000001 -0.12638065 7.1422457 2.4212031
60868 43485.684 -929.60176 870.39898 6872.5245 0.34596787 7.4850598 -0.9143360800000001
60868 43905.684 -695.51989 3819.9731 5807.0171 0.7498782300000001 6.3186798 -4.0745386
60868 44325.684 -320.96946 5997.124400000001 3565.3787 1.0033739000000002 3.8689949 -6.4187207
60868 44745.684 118.64621000000001 6958.292 598.9249599999999 1.0539178999999999 0.6282180700000001 -7.4630691
60868 45165.684 534.16834 6506.9412 -2489.4728999999998 0.8906552600000001 -2.7394104 -6.9891703
60868 45585.684 841.4579200000001 4736.8093 -5072.2267 0.54779864 -5.5426744 -5.099529400000001
60868 46005.684 978.95293 2009.9169 -6628.938099999999 0.096104789 -7.217512200000001 -2.1882623
60868 46425.684 919.7151600000001 -1121.0934 -6849.9678 -0.37314201 -7.4375225 1.1520648000000002
60868 46845.684 676.15838 -4027.6128 -5694.6008 -0.76684497 -6.1674263 4.2553598
60868 47265.684 297.19696000000005 -6127.4672 -3395.7209 -1.0070168 -3.6609827 6.5050257
60868 47685.684 -141.31316 -6998.8527 -414.34967 -1.0454863 -0.41690818 7.449114
60868 48105.684 -551.43388 -6465.4976 2650.2637000000004 -0.8741219200000001 2.9135492 6.894461000000001
60868 48525.684 -850.82737 -4633.8842 5181.3168 -0.5272018500000001 5.659361 4.9517157
60868 48945.684 -979.3555200000001 -1871.7782 6669.147400000001 -0.07432169500000001 7.268985300000001 2.0113939000000003
60868 49365.684 -911.0635699999999 1266.3186 6813.1016 0.39413912 7.418763200000001 -1.3389992
60868 49785.684 -659.29423 4149.1294 5581.1522 0.78448005 6.0716185 -4.4289867
60868 50205.684 -274.3768 6192.6335 3218.5519 1.0173031 3.4902576 -6.6304599
60868 50625.684 166.16217 6980.2122 201.44019 1.0443116000000001 0.19471808999999998 -7.488258
60868 51045.684 572.98146 6350.8258 -2856.7479 0.85955097 -3.1389617 -6.8227093000000005
60868 51465.684 863.73996 4434.5746 -5334.7213 0.50161544 -5.8271583 -4.7763156
60868 51885.684 980.2610999999999 1622.7825 -6733.8398 0.044169742 -7.330604500000001 -1.7743571999999999
60868 52305.684 899.8150400000001 -1515.2719 -6776.3793 -0.42049794 -7.3575071 1.5737127
60868 52725.684 639.01074 -4349.7836 -5457.142 -0.80022764 -5.9103097 4.600783900000001
60868 53145.684 250.20324 -6312.8584 -3041.7847 -1.019701 -3.277821 6.7046689
60868 53565.684 -188.73884 -7010.0357 -14.944144000000001 -1.0348081 0.015209712 7.4621939
60868 53985.684 -589.75837 -6300.2572 3014.8118 -0.84220209 3.3070264000000003 6.7182041
60868 54405.684 -872.36829 -4325.7481 5437.7832 -0.48058931000000005 5.934755 4.6222218
60868 54825.684 -979.85348 -1482.9292 6766.299900000001 -0.022435504999999998 7.3714616 1.5951927000000001
60868 55245.684 -890.47444 1657.6482 6731.6682 0.44096365 7.3278582 -1.7587485999999999
60868 55665.684 -621.77538 4464.156400000001 5337.5465 0.81686492 5.8047838 -4.7680734000000005
60868 56085.684 -227.49535 6367.463900000001 2861.9947 1.0287112999999999 3.1007785 -6.8197087000000005
60868 56505.684 212.93258 6979.2193 -195.64752 1.0323556 -0.2385304 -7.4885701000000005
60868 56925.684 610.148 6174.244900000001 -3213.5712000000003 0.8265745 -3.5273085 -6.6341092
60868 57345.684 883.76853 4118.5293 -5578.8792 0.4544599 -6.091947500000001 -4.4382447
60868 57765.684 979.14985 1231.2447 -6816.2496 -0.0076049920000000005 -7.4195908 -1.3556023000000001
60868 58185.684 877.7974 -1903.6373999999998 -6680.5369 -0.46660088000000005 -7.253733100000001 1.9894079
60868 58605.684 600.45952 -4657.042 -5202.0371 -0.83152406 -5.634344199999999 4.9305667
60868 59025.684 202.7845 -6477.134 -2678.3133 -1.0298916999999999 -2.8844845 6.8819527
60868 59445.684 -235.54009 -6998.0755 383.9326 -1.0217147 0.4465666 7.4505709
60868 59865.684 -626.55921 -6114.5223 3368.8785000000003 -0.80850843 3.6888975 6.5201245
60868 60285.684 -891.84081 -4003.8537 5675.9848 -0.43318865 6.1902254 4.278098699999999
60868 60705.684 -978.17641 -1089.7628 6841.085400000001 0.029172429000000003 7.4496549000000005 1.1744153
60868 61125.684 -868.03999 2043.0111000000002 6628.2627 0.48653093000000003 7.2130902 -2.1720587
60868 61545.684 -583.0822 4764.1241 5076.761 0.8473456 5.5193471 -5.0909676
60868 61965.684 -180.32291 6521.1732 2496.5247000000004 1.0378340000000001 2.7015868999999997 -6.9862941
60868 62385.684 259.00919 6955.3090999999995 -591.5229499999999 1.0181031 -0.6704129000000001 -7.4641772
60868 62805.684 645.77868 5977.6383 -3559.3011 0.79196596 -3.9035395 -6.4239771
60868 63225.684 901.78063 3789.4473 -5804.4044 0.40662598000000005 -6.3364182 -4.086093
60868 63645.684 975.9620500000001 836.25045 -6876.2483 -0.059021210000000005 -7.4841833 -0.9330135900000001
60868 64065.684 854.0599000000001 -2285.2102000000004 -6562.9813 -0.51139285 -7.1263579 2.3980018
60868 64485.684 560.89838 -4948.5915 -4930.2942 -0.86080133 -5.3402442 5.2436867000000005
60868 64905.684 155.28766000000002 -6619.9035 -2306.6562999999996 -1.0377482 -2.4821526 7.0363353
60868 65325.684 -281.47934000000004 -6963.1053 780.86875 -1.0065832000000001 0.87600268 7.4144841
60868 65745.684 -661.77448 -5908.8077 3711.2581 -0.77343591 4.0585034 6.3008866
60868 66165.684 -909.3141400000001 -3668.8920000000003 5895.0554 -0.38521952 6.4256263 3.9202453
60868 66585.684 -974.44777 -692.9230500000001 6892.996400000001 0.08045608400000001 7.5039069000000005 0.74981226
60868 67005.684 -843.8680400000001 2421.9619 6502.6158 0.53095619 7.0750338 -2.5785663
60868 67425.684 -543.25912 5048.7658 4798.5002 0.87602406 5.2157689000000005 -5.3977424
60868 67845.684 -132.86914000000002 6653.633400000001 2121.8037999999997 1.0447771000000001 2.2929899999999996 -7.1302216
60868 68265.684 304.47196 6908.4682 -986.5192099999999 1.0018372 -1.1007243000000002 -7.415055000000001
60868 68685.684 680.0401400000001 5761.0936 -3894.2307 0.75583439 -4.2673019000000005 -6.1921812
60868 69105.684 917.97582 3447.629 -6011.666700000001 0.35810104000000004 -6.5599210999999995 -3.7198536
60868 69525.684 970.88834 438.36741 -6914.312 -0.11009131 -7.523747999999999 -0.50713682
60868 69945.684 828.79051 -2659.2337 -6424.5206 -0.55487449 -6.9751889 2.7985005000000003
60868 70365.684 520.51467 -5223.7429 -4643.1671 -0.88807472 -5.0285399 5.5391006
60868 70785.684 107.88042 -6740.8469000000005 -1928.4261000000001 -1.0433390999999999 -2.0720179 7.1672434
60868 71205.684 -326.39522999999997 -6905.3509 1174.191 -0.98933316 1.3022018 7.3542081
60868 71625.684 -695.1785600000001 -5683.838400000001 4040.5452000000005 -0.73680714 4.4148685 6.0614437
60868 72045.684 -924.50022 -3321.8656 6094.0553 -0.33656954 6.640609400000001 3.5498524000000002
60868 72465.684 -968.3522700000001 -293.43619 6921.5757 0.13143625 7.53442 0.32243847
60868 72885.684 -817.65534 2793.6317000000004 6354.6451 0.57414069 6.9142099 -2.9775576000000004
60868 73305.684 -502.08128999999997 5317.3634 4502.9451 0.90266515 4.894852299999999 -5.687757700000001
60868 73725.684 -85.008203 6764.503900000001 1738.2919 1.0493169 1.8758720000000002 -7.251080600000001
60868 74145.684 349.32048 6838.753900000001 -1380.0441 0.98319574 -1.5283921 -7.3409923
60868 74565.684 712.80057 5525.1726 -4217.7802 0.7179414900000001 -4.617321700000001 -5.9390196
60868 74985.684 932.15924 3094.0116000000003 -6200.4028 0.30879274 -6.7613843 -3.3403641
60868 75405.684 963.72743 38.827733 -6930.6135 -0.16073489000000002 -7.5378194999999995 -0.079322572
60868 75825.684 801.8504399999999 -3024.4459 -6265.9377 -0.5968408399999999 -6.800577100000001 3.1894351000000003
60868 76245.684 479.26318 -5481.5559 -4341.9881 -0.91312065 -4.700365700000001 5.815752300000001
60868 76665.684 60.598704 -6839.5857000000005 -1545.2325 -1.0465175 -1.6555206 7.2744326
60868 77085.684 -370.21891999999997 -6825.0106 1562.3215 -0.96997473 1.7238396 7.270172
60868 77505.684 -726.7347900000001 -5440.304400000001 4355.4633 -0.69873752 4.7570866 5.8027742
60868 77925.684 -937.4117900000001 -2963.7257000000004 6272.165599999999 -0.28735118 6.8348308 3.168053
60868 78345.684 -959.93535 107.68974 6926.463900000001 0.18207045 7.5412395 -0.10665539
60868 78765.684 -789.46448 3157.0834 6184.4093 0.61604255 6.730897 -3.3680765999999998
60868 79185.684 -459.65787 5569.201 4190.8339 0.92721565 4.557347399999999 -5.9597942
60868 79605.684 -36.895241000000006 6853.5119 1347.2295 1.0513003 1.4516447000000001 -7.3477904
60868 80025.684 393.35534 6746.6669 -1770.5435 0.96215121 -1.951223 -7.2417001
60868 80445.684 743.8725000000001 5271.3337 -4528.5065 0.67837258 -4.951313600000001 -5.665395
60868 80865.684 944.13974 2730.4347000000002 -6369.3684 0.25894533000000003 -6.9397982 -2.9498659
60868 81285.684 954.38854 -360.38109000000003 -6924.8477 -0.21070509 -7.5266342 0.34814058000000003
60868 81705.684 773.24211 -3379.1786 -6087.8013 -0.63711043 -6.6037452000000005 3.569022
60868 82125.684 437.20123 -5721.0003 -4027.9006000000004 -0.93585003 -4.3574411 6.0727022
60868 82545.684 13.534204 -6915.8417 -1158.4481 -1.0471964 -1.2344857999999999 7.357739
60868 82965.684 -412.82135999999997 -6722.5878 1943.9693 -0.9484182600000001 2.1391837999999996 7.1628795
60868 83385.684 -756.2853700000001 -5179.3727 4655.0452000000005 -0.65918973 5.0837382 5.5258675
60868 83805.684 -947.8926700000001 -2596.158 6428.927900000001 -0.23760543 7.0072468 2.7762930999999997
60868 84225.684 -949.0840300000001 508.44973 6907.9173 0.23217661 7.5239605 -0.5355440300000001
60868 84645.684 -759.28788 3510.3369 5993.0531 0.6563755800000001 6.5255691 -3.747949
60868 85065.684 -416.17999 5803.0266 3864.7836 0.9493764200000001 4.2039855 -6.2119478
60868 85485.684 11.186020000000001 6920.0393 951.87398 1.0506337000000001 1.0223899 -7.4195305
60868 85905.684 436.29379 6632.4883 -2154.7763999999997 0.93876616 -2.3672565 -7.1180376
60868 86325.684 773.0017700000001 5000.447700000001 -4823.7365 0.63725034 -5.2685193 -5.3734066
60869 345.68399999999997 953.68209 2358.1371 -6516.5717 0.20866127 -7.0957871 -2.5507343000000002
60869 765.684 942.6468100000001 -758.4734000000001 -6895.802000000001 -0.26006712 -7.491683 0.7740462
60869 1185.684 742.68485 -3723.2689 -5889.1471 -0.6758573 -6.3860057 3.9372113
60869 1605.684 393.9875 -5942.3032 -3699.8442999999997 -0.9563533200000001 -4.0003074000000005 6.3102905
60869 2025.684 -33.66736 -6969.956 -766.93299 -1.0453484000000002 -0.8089895699999999 7.4171075
60869 2445.684 -454.52531 -6598.5172999999995 2320.1642 -0.92452073 2.5477986 7.0317505
60869 2865.684 -784.0830500000001 -4901.8327 4940.0964 -0.61798561 5.393511 5.2303626
60869 3285.684 -956.13636 -2220.6497999999997 6565.2085 -0.1872693 7.1559922 2.3753636
60869 3705.684 -936.0173199999999 906.65198 6867.430200000001 0.28158516 7.4812833 -0.96206623
60869 4125.684 -727.43872 3851.0462 5783.207200000001 0.69490424 6.2984607 -4.1143244999999995
60869 4545.684 -371.97922 6016.9607000000005 3527.9931 0.9690483000000001 3.8366833000000002 -6.4426437
60869 4965.684 58.889299 6963.152700000001 555.68524 1.0473233 0.59043382 -7.4665961
60869 5385.684 477.80654 6496.0961 -2529.748 0.91312278 -2.7751563000000004 -6.9717972
60869 5805.684 799.9151400000001 4712.630099999999 -5101.3753 0.59468821 -5.5693655 -5.0649721
60869 6225.684 960.62788 1977.2882 -6641.0832 0.15788559000000002 -7.230210100000001 -2.1433501
60869 6645.684 928.30408 -1155.6263999999999 -6842.5519 -0.30896125 -7.433701600000001 1.1987951000000001
60869 7065.684 709.9206800000001 -4057.0738 -5668.7733 -0.71320281 -6.1474122 4.2948017
60869 7485.684 349.32620000000003 -6145.6942 -3356.333 -0.97469298 -3.6283777 6.528978100000001
60869 7905.684 -81.31091400000001 -7001.8469000000005 -369.15453 -1.0409529 -0.37827257 7.452271700000001
60869 8325.684 -495.61776000000003 -6452.4248 2692.1855 -0.8982428 2.9500282 6.875971300000001
60869 8745.684 -810.40526 -4607.3257 5211.5333 -0.57514054 5.6859511000000005 4.9154767
60869 9165.684 -962.4575 -1837.1434 6681.7102 -0.13649561 7.280197 1.9650789
60869 9585.684000000001 -921.11472 1302.0022 6805.7838 0.33016716 7.4124857 -1.3856785
60869 10005.684000000001 -694.32233 4178.7007 5555.8819 0.73158071 6.0496682 -4.4663455999999995
60869 10425.684000000001 -327.35754 6210.5081 3180.9667000000004 0.9862662400000001 3.4574311 -6.6512417
60869 10845.684 105.95471 6983.1759 159.31364000000002 1.0415348 0.15771787 -7.4888076
60869 11265.684 517.7424500000001 6338.649200000001 -2894.815 0.88557931 -3.1728599 -6.803226800000001
60869 11685.684 824.65038 4409.939200000001 -5361.045700000001 0.5511804499999999 -5.8516551 -4.740959
60869 12105.684 965.2236899999999 1590.5898 -6743.0493 0.10717818 -7.3412998 -1.7297074000000001
60869 12525.684 911.84766 -1548.5944 -6766.3185 -0.35681381 -7.352013100000001 1.6193454999999999
60869 12945.684000000001 675.6594 -4377.421200000001 -5429.2794 -0.7486958 -5.889075399999999 4.638450700000001
60869 13365.684000000001 304.06638000000004 -6328.8585 -3001.204 -0.9906517800000001 -3.244514 6.7264181
60869 13785.684000000001 -128.50151 -7010.6372 30.452943 -1.0340181 0.05389787 7.4628768
60869 14205.684000000001 -535.25706 -6284.9322 3055.8961 -0.86984342 3.3427651000000003 6.697304600000001
60869 14625.684 -834.5690000000001 -4297.4235 5466.2345000000005 -0.5311277 5.9597672 4.5840606
60869 15045.684 -966.37932 -1447.344 6776.4908 -0.08575601299999999 7.3804268 1.5479919
60869 15465.684 -904.07353 1693.2846000000002 6721.8893 0.37756779 7.319176000000001 -1.8049496999999999
60869 15885.684 -659.7590500000001 4492.7570000000005 5310.3215 0.76618404 5.7808106 -4.8037030000000005
60869 16305.684 -282.23537 6383.700400000001 2823.3969 1.0010533000000001 3.0668074 -6.8378677
60869 16725.684 152.50156 6980.3249000000005 -237.59139000000002 1.0334006999999998 -0.27536771 -7.4861821
60869 17145.684 556.28204 6160.5351 -3250.3262000000004 0.8562700200000001 -3.5599362 -6.6122911
60869 17565.684 847.41463 4093.0169 -5603.0659000000005 0.5067383 -6.114607299999999 -4.401477799999999
60869 17985.684 967.66859 1199.0111000000002 -6822.935 0.056531314000000006 -7.4282251 -1.3105689
60869 18405.684 893.48212 -1936.1392 -6668.0156 -0.4035903 -7.246248700000001 2.0343582
60869 18825.684 640.12221 -4683.095 -5172.2043 -0.78229727 -5.611514199999999 4.9666159
60869 19245.684 258.43319 -6491.008400000001 -2636.5924 -1.0042924 -2.8502326 6.901423
60869 19665.684 -175.09992000000003 -6996.3205 429.44439 -1.0248816 0.48541656 7.4486993
60869 20085.684 -573.46808 -6096.9492 3409.0074 -0.83971929 3.7239042 6.4967448999999995
60869 20505.684 -856.73349 -3973.7857000000004 5702.554 -0.48616764 6.2136007 4.2380917
60869 20925.684 -968.10652 -1053.2668999999999 6848.8312000000005 -0.035052559000000004 7.4563539 1.1264471
60869 21345.684 -885.0662 2078.5643 6615.995900000001 0.42393343 7.2020420000000005 -2.2176944
60869 21765.684 -623.83023 4791.7447999999995 5047.5776 0.7989867500000001 5.49336 -5.124832400000001
60869 22185.684 -236.60435 6535.768099999999 2456.9034 1.0135957 2.6665363 -7.0018117
60869 22605.684 198.61667000000003 6954.5604 -633.3206600000001 1.0231257 -0.7072076100000001 -7.458994700000001
60869 23025.684 593.56932 5962.2841 -3594.8102000000003 0.8252256800000001 -3.9352501 -6.3997932
60869 23445.684 868.34046 3762.8172000000004 -5826.4497 0.46127037000000004 -6.357561800000001 -4.0477947
60869 23865.684 968.04219 803.61925 -6880.3241 0.005788492500000001 -7.4909808 -0.8873018100000001
60869 24285.684 873.20997 -2317.2988 -6547.763 -0.44950011 -7.1168839 2.4426721
60869 24705.684 603.21596 -4973.409 -4898.0932 -0.8142511600000001 -5.315543300000001 5.2784514
60869 25125.684 212.23429000000002 -6631.8432999999995 -2263.3059 -1.0158076999999999 -2.4465149000000004 7.053611200000001
60869 25545.684 -221.33893 -6959.0045 826.95435 -1.0135596 0.9153659000000001 7.4098369
60869 25965.684 -610.48702 -5888.9224 3750.7667 -0.8078934000000001 4.0927741 6.2747156
60869 26385.684 -877.14903 -3637.083 5919.9698 -0.4402825 6.4470655 3.8782318
60869 26805.684 -967.8761400000001 -655.6734200000001 6898.5235999999995 0.015706333 7.5079508 0.70124694
60869 27225.684 -864.2669300000001 2457.145 6488.2168 0.46946569 7.0614063 -2.6232226
60869 27645.684 -586.6152900000001 5075.1205 4767.9583 0.8301957 5.1878833 -5.4293176999999995
60869 28065.684 -190.46012 6666.424 2081.9281 1.0240843 2.2572644 -7.1429127
60869 28485.684 244.33563 6905.8588 -1027.4109 1.0106349000000001 -1.1371637 -7.407269400000001
60869 28905.684 629.58941 5744.1813 -3927.8693 0.79234796 -4.298005900000001 -6.1660586
60869 29325.684 887.40828 3419.9892000000004 -6031.106900000001 0.41476495999999996 -6.5797339 -3.6804579
60869 29745.684 966.3443000000001 405.33856000000003 -6915.4531 -0.044949985 -7.5290137999999995 -0.46090451000000005
60869 30165.684 851.0860200000001 -2691.0194 -6406.2935 -0.49438886000000004 -6.9639154 2.8429647
60869 30585.684 565.06867 -5247.465700000001 -4608.2328 -0.84436506 -5.0019157 5.572721400000001
60869 31005.684 165.672 -6750.9305 -1883.0528000000002 -1.0250655 -2.0347777000000002 7.1822828
60869 31425.684 -266.98663 -6898.9157000000005 1221.1616000000001 -1.0000177000000001 1.3421362 7.3464791
60869 31845.684 -646.0594100000001 -5661.6885 4079.6117999999997 -0.7742870900000001 4.4481914 6.0322081
60869 32265.684 -895.52737 -3288.4982000000005 6117.4241 -0.39341055 6.6597087 3.505811
60869 32685.684 -965.3952800000001 -255.78043 6925.0621 0.066482173 7.5354847000000005 0.27360987999999997
60869 33105.684 -841.4158000000001 2828.0193 6338.4731 0.5140425300000001 6.897949400000001 -3.0207334
60869 33525.684 -547.9170799999999 5342.124400000001 4471.5773 0.85960431 4.8652552 -5.7167527
60869 33945.684 -143.71785 6775.2651 1698.7349 1.0322152000000002 1.8398214000000002 -7.2609330000000005
60869 34365.684 289.63336 6834.2105 -1419.5201000000002 0.99574083 -1.5641786 -7.3309138
60869 34785.684 664.25567 5506.6912999999995 -4249.188099999999 0.75751158 -4.6470054 -5.9113148
60869 35205.684 904.53519 3065.4996 -6217.1713 0.36719804 -6.7798051 -3.3000524
60869 35625.684 962.51433 5.577549100000001 -6928.852 -0.095538414 -7.5414446 -0.032801999000000005
60869 36045.684 827.13828 -3055.7183999999997 -6244.8494 -0.5379909 -6.787467400000001 3.2333796
60869 36465.684 525.82799 -5503.9838 -4304.6102 -0.87235936 -4.6719193 5.8478769
60869 36885.684 118.99637 -6847.6961 -1498.2622 -1.0318604 -1.6169674 7.2869443
60869 37305.684 -311.73324 -6816.2931 1609.6731000000002 -0.98420001 1.7638731 7.2592996
60869 37725.684 -679.88881 -5416.1473 4393.6238 -0.73900884 4.7889931 5.770728500000001
60869 38145.684 -911.63802 -2929.2161 6293.6863 -0.34574156 6.8513313 3.1224739
60869 38565.684 -960.51262 145.29699 6927.8313 0.11709558 7.539404 -0.15522246
60869 38985.684 -816.4339100000001 3190.309 6166.577 0.55750062 6.7123228 -3.4093943
60869 39405.684 -507.7097 5592.0485 4158.5036 0.88709514 4.5264690000000005 -5.9864158
60869 39825.684 -96.389712 6862.0368 1307.7117 1.0379371000000002 1.4153409 -7.3552146
60869 40245.684 334.47499 6739.915599999999 -1809.0211000000002 0.9783872 -1.9866732999999999 -7.2295069000000005
60869 40665.684 697.53536 5250.8915 -4558.1291 0.7207933900000001 -4.9802271000000005 -5.635978199999999
60869 41085.684 919.69902 2700.5895 -6384.1495 0.31869934 -6.956650400000001 -2.9078226
60869 41505.684 956.5794599999999 -394.16358 -6920.5961 -0.14583481 -7.5280689 0.39534829000000005
60869 41925.684 801.45041 -3410.0114 -6064.185 -0.5801912 -6.5882719 3.6124509
60869 42345.684 485.61196 -5742.030900000001 -3988.4596 -0.89817784 -4.326880500000001 6.103151700000001
60869 42765.684 72.345923 -6921.8023 -1110.3201999999999 -1.0361595 -1.1945389 7.367660700000001
60869 43185.684 -355.43786 -6711.3302 1991.2787 -0.96613528 2.1795404 7.149033900000001
60869 43605.684 -711.86097 -5152.7945 4691.947 -0.70214525 5.1147976 5.4911245
60869 44025.684 -925.39466 -2559.7996000000003 6448.215400000001 -0.29731022 7.0219263000000005 2.7288586
60869 44445.684 -953.15087 547.01924 6906.5135 0.16752499 7.5197861 -0.58480428
60869 44865.684 -789.25758 3543.4842000000003 5972.3918 0.59978981 6.5045932 -3.7887361999999998
60869 45285.684 -466.06281 5824.549599999999 3829.5623 0.9124497699999999 4.1720031 -6.2369168
60869 45705.684 -48.652417 6926.8067 910.30825 1.0409973000000001 0.98532336 -7.4244221
60869 46125.684 378.60952000000003 6623.8952 -2194.0923 0.95850316 -2.4022031999999998 -7.1027568
60869 46545.684 729.1847 4978.7107000000005 -4852.974099999999 0.68237 -5.295304 -5.3413566
60869 46965.684 932.58465 2327.5879 -6529.8033 0.26981264 -7.1099181 -2.5076328
60869 47385.684 948.4342700000001 -791.72312 -6889.9391 -0.19540409 -7.4901021000000005 0.82044504
60869 47805.684 774.07303 -3752.4312000000004 -5864.6392000000005 -0.62067694 -6.368290200000001 3.9781067
60869 48225.684 444.58151000000004 -5961.031400000001 -3660.821 -0.9216176500000001 -3.9690663 6.3372159
60869 48645.684 25.932448 -6973.6984 -720.70324 -1.0379152999999999 -0.77009892 7.4237025999999995
60869 49065.684 -397.89106 -6585.7609 2364.3936000000003 -0.94583579 2.5859251 7.0157368
60869 49485.684 -741.78263 -4874.7852 4973.3146 -0.6637713700000001 5.422077100000001 5.1949284
60869 49905.684 -936.68665 -2184.7936 6580.8018 -0.24846969000000002 7.1686302 2.3284783000000004
60869 50325.684 -943.41157 944.00325 6862.718400000001 0.217137 7.475716800000001 -1.010121
60869 50745.684 -760.2907700000001 3882.4222999999997 5759.796 0.6401661900000001 6.276654400000001 -4.1534867
60869 51165.684 -423.75797 6036.5518 3491.2453 0.93514767 3.8038939000000003 -6.4653178
60869 51585.684 -1.4191524 6967.8378 513.63945 1.0413546 0.55350113 -7.468871600000001
60869 52005.684 421.21493 6485.6783 -2568.4732999999997 0.93649934 -2.8090360999999997 -6.9541101
60869 52425.684 758.5618000000001 4689.6665 -5129.0871 0.64260152 -5.5942602 -5.0311696
60869 52845.684 942.86632 1946.3952 -6652.1825 0.22039833 -7.2419368 -2.0997229
60869 53265.684 937.64927 -1188.1913000000002 -6834.6354 -0.24461424 -7.429735399999999 1.2442913000000002
60869 53685.684 744.39135 -4084.6557000000003 -5642.8649000000005 -0.6599327100000001 -6.1279077 4.3335396
60869 54105.684 401.92715999999996 -6162.3056 -3317.0078 -0.9430731 -3.5964359 6.5529284
60869 54525.684 -21.150101 -7003.467000000001 -323.91531 -1.037166 -0.34005587000000004 7.4558457
60869 54945.684 -439.93216 -6438.0819 2734.2964 -0.92298034 2.9863616000000004 6.857683
60869 55365.684 -770.33897 -4579.589599999999 5241.928 -0.62353423 5.712154900000001 4.8790071
60869 55785.684 -946.07407 -1801.5948 6694.3166 -0.19897665 7.290539300000001 1.918422
60869 56205.684 -931.77768 1338.165 6798.4102 0.26605036000000004 7.4050671 -1.4324547
60869 56625.684 -729.9776800000001 4208.2258 5530.5525 0.67872063 6.0267261 -4.5033528
60869 57045.684 -380.89626000000004 6228.0225 3143.5842000000002 0.95554536 3.4242124 -6.671205700000001
60869 57465.684 45.389343000000004 6985.816 117.76325 1.0393944 0.12131547999999999 -7.4885048
60869 57885.684 462.47042 6326.5707999999995 -2932.0627999999997 0.91248354 -3.2054749 -6.7834973000000005
60869 58305.684 785.88637 4385.9445000000005 -5386.5369 0.60154864 -5.8747696 -4.705978600000001
60869 58725.684 950.76739 1559.469 -6751.6 0.17061738 -7.3510551 -1.6858708
60869 59145.684 924.53456 -1580.5675 -6755.9725 -0.29322077 -7.3461529 1.6640776000000002
60869 59565.684 712.8217900000001 -4403.6678 -5401.4602 -0.69771571 -5.8679726 4.675487
60869 59985.684 358.14838000000003 -6343.5881 -2960.8709 -0.9624170900000001 -3.2116533 6.7478050000000005
60869 60405.684 -68.398163 -7010.2193 75.50092500000001 -1.0340423 0.091826042 7.4634327
60869 60825.684 -481.18241 -6268.9803 3096.6212 -0.89804104 3.377393 6.6765064
60869 61245.684 -797.36547 -4269.0092 5494.43 -0.58191958 5.9833365999999995 4.5463267
60869 61665.684 -953.5532900000001 -1412.3002 6786.7045 -0.14909178 7.3878995000000005 1.5017129
60869 62085.684 -918.2977099999999 1727.8324 6712.6269 0.31428857 7.3094616 -1.8497539
60869 62505.684 -698.28313 4519.9391 5284.2137 0.71576894 5.7568926000000005 -4.8376843
60869 62925.684 -337.36122 6398.7622 2786.5436 0.9738715200000001 3.0339636999999997 -6.8547989
60869 63345.684 91.937295 6980.8893 -277.46990000000005 1.0351652999999998 -0.31045407 -7.4835504
60869 63765.684 502.58971 6147.0261 -3285.1103 0.8866425400000001 -3.5908607000000003 -6.591127999999999
60869 64185.684 811.4555600000001 4068.2864 -5625.6417 0.55941492 -6.136047 -4.3660221
60869 64605.684 956.6479499999999 1167.8138999999999 -6828.4788 0.12063105 -7.436486700000001 -1.2668704
60869 65025.684 909.5054399999999 -1967.5726000000002 -6654.8312000000005 -0.34112353 -7.2389194 2.0784217
60869 65445.684 679.80894 -4708.1743 -5141.9672 -0.73398384 -5.5889173 5.002276
60869 65865.684 313.69471000000004 -6503.9902 -2594.6007999999997 -0.9796774699999999 -2.8161873 6.9205719
60869 66285.684 -115.41244 -6993.8228 475.05478000000005 -1.0287749 0.5236380900000001 7.4463726
60869 66705.684 -521.36573 -6079.0481 3449.064 -0.87133059 3.7575818 6.4731087
60869 67125.684 -822.7118 -3944.0792 5729.053900000001 -0.53920017 6.2350548 4.1984447000000005
60869 67545.684 -959.06568 -1017.9626 6856.8567 -0.098972332 7.4611626 1.0797924
60869 67965.684 -902.94596 2112.2811 6604.7285 0.36185343999999997 7.189922 -2.2612854000000002
60869 68385.684 -665.17064 4817.2756 5020.2734 0.75132564 5.4679491 -5.1565136
60869 68805.684 -293.15045000000003 6548.777599999999 2419.8596000000002 0.99017066 2.6333587000000005 -7.0161255
60869 69225.684 138.28970999999999 6953.13 -672.3368800000001 1.0288795 -0.74175221 -7.4540326
60869 69645.684 541.69676 5947.1445 -3627.8634 0.85903107 -3.9650265 -6.3768719
60869 70065.684 835.3942800000001 3736.936 -5846.6147 0.51615781 -6.3776718 -4.0112843
60869 70485.684 960.61396 771.89183 -6883.118 0.070398456 -7.4976988 -0.84309956
60869 70905.684 892.6575200000001 -2348.5574 -6531.758 -0.38832719 -7.107738400000001 2.4865327
60869 71325.684 645.4550899999999 -4997.5122 -4865.3195000000005 -0.7687128400000001 -5.2910094 5.312915200000001
60869 71745.684 268.67046000000005 -6643.1032000000005 -2219.5166 -0.99486911 -2.4109735000000003 7.070463200000001
60869 72165.684 -162.08165 -6954.3647 873.23486 -1.0212775 0.95401991 7.4045526
60869 72585.684 -560.3075 -5868.9687 3790.2382000000002 -0.84267184 4.125566 6.2481903
60869 73005.684 -846.14096 -3605.9575 5944.835 -0.49527024000000003 6.466449300000001 3.8366143000000004
60869 73425.684 -962.35609 -619.9604499999999 6904.3918 -0.04863216100000001 7.5101509 0.65411878
60869 73845.684 -885.49418 2490.2026 6474.9238 0.40861737 7.0469356 -2.6657603
60869 74265.684 -630.4900200000001 5099.184200000001 4739.3966 0.7851644 5.1609024 -5.458832900000001
60869 74685.684 -248.21816 6677.542200000001 2044.6465 1.0042305 2.2235987 -7.154690700000001
60869 75105.684 184.37263000000002 6902.527599999999 -1065.6296000000002 1.0201902 -1.1713173 -7.399985399999999
60869 75525.684 579.58711 5727.424 -3959.2526000000003 0.82939765 -4.3268804 -6.1413301
60869 75945.684 857.4234 3392.813 -6048.7611 0.47165809000000003 -6.5988582 -3.6427593000000003
60869 76365.684 962.37036 372.82070000000004 -6915.3022 0.019959116000000002 -7.5344151 -0.41581124999999997
60869 76785.684 873.7418299999999 -2722.4028 -6387.0775 -0.43465641 -6.952893200000001 2.8871281
60869 77205.684 609.60206 -5270.8045 -4572.3436 -0.80165567 -4.9751106 5.6063484
60869 77625.684 223.02770999999998 -6760.5016 -1836.7844 -1.0077268000000001 -1.9972378000000002 7.1969501000000005
60869 78045.684 -208.35845 -6891.9596 1268.7629 -1.0113934 1.3816422 7.3379825
60869 78465.684 -597.93621 -5639.4096 4119.0025000000005 -0.81209267 4.4801329999999995 6.0024075
60869 78885.684 -867.61459 -3255.7366 6141.0202 -0.45024805 6.6767586 3.461977
60869 79305.684 -963.4356300000001 -219.58773000000002 6929.0842999999995 0.0018186807 7.5346777000000005 0.22602930000000002
60869 79725.684 -866.004 2860.3487999999998 6323.5382 0.45445383 6.8808771 -3.0619265
60869 80145.684 -594.34674 5364.670099999999 4442.4055 0.81720704 4.8366941 -5.7436457
60869 80565.684 -202.71107 6784.5254 1662.0438000000001 1.0159281 1.8059999 -7.2699087
60869 80985.684 230.01227 6829.1766 -1456.0846999999999 1.0091112 -1.5975548 -7.3214491
60869 81405.684 616.1058800000001 5488.6167000000005 -4278.1653 0.7977986100000001 -4.674916100000001 -5.8851754000000005
60869 81825.684 877.4425600000001 3037.3376000000003 -6231.5288 0.4260345 -6.7983095 -3.2617555000000005
60869 82245.684 961.88404 -27.595408 -6925.1596 -0.030478338 -7.5460254 0.013049426000000001
60869 82665.684 852.82435 -3087.2572000000005 -6221.8008 -0.47986493 -6.774814 3.2780419000000003
60869 83085.684 572.41114 -5526.6141 -4264.8901 -0.83261238 -4.6427251 5.8808486
60869 83505.684 176.99768 -6855.553 -1448.7979 -1.0181196 -1.5772415000000002 7.2992446
60869 83925.684 -253.97432 -6806.982599999999 1659.1813000000002 -0.9990718500000001 1.804136 7.2471513000000005
60869 84345.684 -633.97491 -5391.6246 4433.337 -0.7796079499999999 4.8195766 5.737274
60869 84765.684 -886.87387 -2895.181 6316.341200000001 -0.4041914 6.8652711 3.0765039
60869 85185.684 -962.08009 181.30344 6930.5071 0.052260019 7.5350169 -0.20254007
60869 85605.684 -844.31195 3221.1309 6150.8760999999995 0.49921058 6.6926784 -3.4482489000000003
60869 86025.684 -556.63417 5612.6239000000005 4130.1141 0.84732767 4.496669600000001 -6.0099871
60870 45.684 -156.5589 6869.2418 1273.1644 1.0252203 1.3821462 -7.3613488
60870 465.68399999999997 275.25721000000004 6733.2577 -1842.5252 0.99555725 -2.0188824 -7.2185314
60870 885.684 651.26235 5231.5892 -4583.609 0.76416248 -5.0074935 -5.6092388
60870 1305.684 895.5036600000001 2672.1361 -6394.844400000001 0.379271 -6.9743550999999995 -2.8697173
60870 1725.684 959.22167 -427.24077000000005 -6913.3978 -0.080802283 -7.5317399 0.44106452
60870 2145.684 830.03473 -3440.9644 -6037.7434 -0.52377152 -6.574161500000001 3.6565704
60870 2565.684 534.09745 -5763.378900000001 -3945.8012000000003 -0.86137367 -4.2959682 6.1343905
60870 2985.684 130.86116 -6927.786400000001 -1058.9511000000002 -1.0259673 -1.1538904 7.376829300000001
60870 3405.684 -298.65310999999997 -6700.1576 2041.2299 -0.98441037 2.2188804 7.133172
60870 3825.684 -668.2117900000001 -5127.2307 4730.7073 -0.74539964 5.1423966000000005 5.4549977
60870 4245.684 -903.77947 -2526.2574 6469.2699 -0.35726657 7.0318124 2.6826374
60870 4665.684 -958.21748 580.9050100000001 6908.057900000001 0.10255719 7.5119845 -0.6297095100000001
60870 5085.684 -820.3782600000001 3571.1782000000003 5956.9822 0.5428614700000001 6.4835661 -3.8235122
60870 5505.684 -517.2994199999999 5842.1014000000005 3802.8062999999997 0.87551334 4.1422173 -6.2573245
60870 5925.684 -109.73561000000001 6931.2927 878.43377 1.0319743000000001 0.95330634 -7.4287739
60870 6345.684 320.06101 6614.9526 -2224.4653 0.9793520099999999 -2.4337427 -7.091247999999999
60870 6765.684 684.96504 4957.2308 -4875.2452 0.72845922 -5.3228852 -5.3141747
60870 7185.684 911.58693 2297.8122000000003 -6539.155 0.33131715000000006 -7.126032100000001 -2.4666507
60870 7605.684 954.3539499999999 -825.2622 -6880.491400000001 -0.13095665 -7.491249300000001 0.86772029
60870 8025.684 805.3793900000001 -3782.6991000000003 -5835.5869 -0.5662767400000001 -6.3513428 4.0223699
60870 8445.684 494.69206 -5980.525900000001 -3615.7662000000005 -0.8879487500000001 -3.9355124999999997 6.3673443
60870 8865.684 84.615169 -6976.8051 -667.61764 -1.0314089 -0.72724528 7.4307431
60870 9285.684000000001 -342.47165 -6570.8607 2414.9751 -0.9676158 2.6268723 6.9970083999999995
60870 9705.684000000001 -700.8024399999999 -4845.0301 5011.3994 -0.70962261 5.4502217 5.155551000000001
60870 10125.684000000001 -918.53286 -2147.1011000000003 6599.809 -0.30951873 7.1777524 2.2790563
60870 10545.684000000001 -952.0228000000001 981.4191 6860.995 0.15288242 7.4657027 -1.0575174999999999
60870 10965.684 -794.28056 3912.4323 5740.3000999999995 0.58565615 6.2523031 -4.189354000000001
60870 11385.684 -476.33502000000004 6054.0837 3458.5167 0.90188139 3.7723576 -6.4856811
60870 11805.684 -62.201133000000006 6971.327 476.19467 1.0362605 0.51903886 -7.4708982
60870 12225.684 364.50692 6475.023400000001 -2602.9205 0.9606620400000001 -2.8410778 -6.9380778
60870 12645.684 717.4054 4667.0048 -5153.6329000000005 0.69102112 -5.6189245 -4.9994469
60870 13065.684000000001 925.45394 1915.3500000000001 -6660.8644 0.28303966 -7.2550037000000005 -2.0568653
60870 13485.684000000001 947.31021 -1221.5245 -6824.2002999999995 -0.18056003999999998 -7.427084600000001 1.2910768000000001
60870 13905.684000000001 778.9681400000001 -4113.2575 -5613.5661 -0.60734986 -6.1080950000000005 4.3748808
60870 14325.684000000001 454.29327 -6179.3639 -3273.2352 -0.91235384 -3.5621659 6.5789896
60870 14745.684 38.393206 -7004.2995 -273.76284999999996 -1.0342657 -0.29864809000000003 7.4593624
60870 15165.684 -385.20219000000003 -6421.7741 2780.7902000000004 -0.94842822 3.0247986 6.837149999999999
60870 15585.684 -731.4613 -4549.4555 5275.5167 -0.6723137299999999 5.7381609 4.8394068
60870 16005.684 -930.9695300000001 -1764.2222 6708.930200000001 -0.26150426 7.2984946 1.8695363
60870 16425.684 -943.67165 1374.9337 6792.5233 0.20220351 7.3945387 -1.4793958
60870 16845.684 -766.67154 4237.2479 5506.960099999999 0.62646528 6.0017936 -4.539017
60870 17265.684 -434.99515 6244.1017 3107.3091 0.9257342700000001 3.391658 -6.6904809
60870 17685.684 -15.348519000000001 6987.3922 77.48039100000001 1.0381627000000002 0.085976169 -7.4881225
60870 18105.684 407.39831 6313.896900000001 -2968.1312000000003 0.94024713 -3.2369934 -6.7642297
60870 18525.684 747.67038 4361.7645 -5411.1907 0.65261911 -5.897087000000001 -4.6715819000000005
60870 18945.684 937.0920100000001 1528.315 -6759.4273 0.23449695 -7.360439500000001 -1.642368
60870 19365.684 938.1199399999999 -1612.4208 -6744.951599999999 -0.22951349 -7.3398867 1.7088907
60870 19785.684 750.8555799999999 -4429.5897 -5372.892 -0.64698261 -5.8463069999999995 4.7127399
60870 20205.684 412.92337 -6357.741 -2919.7119 -0.93478234 -3.1781764 6.7693192
60870 20625.684 -7.9287099 -7008.9632 121.37366 -1.0350136 0.13035778 7.4638007
60870 21045.684 -427.1805 -6251.981900000001 3137.984 -0.92732611 3.4123075 6.6550189
60870 21465.684 -760.66507 -4239.5486 5522.92 -0.63363154 6.0066172 4.507697100000001
60870 21885.684 -941.54804 -1376.4495 6796.840700000001 -0.21299114 7.3945416 1.4546143999999999
60870 22305.684 -933.47261 1762.7666000000002 6703.0125 0.25096871 7.298649999999999 -1.8950212
60870 22725.684 -737.66092 4547.045099999999 5257.5508 0.6657811299999999 5.731872 -4.871941
60870 23145.684 -393.05201 6413.2044000000005 2748.8113 0.9474713100000001 3.0003585 -6.8718544
60870 23565.684 31.186193 6980.558900000001 -318.18881 1.0379086 -0.34602038 -7.480607200000001
60870 23985.684 449.12404 6132.5286 -3320.5433 0.9179845900000001 -3.6217451 -6.5693956
60870 24405.684 776.11963 4042.6710000000003 -5648.6858 0.6128980900000001 -6.1569833 -4.3297378
60870 24825.684 946.52195 1135.9357 -6834.018400000001 0.18526645 -7.443967 -1.2222847
60870 25245.684 926.58535 -1999.2730000000001 -6641.2966 -0.27842403000000004 -7.2304406 2.1231907000000003
60870 25665.684 720.57386 -4733.027099999999 -5111.161599999999 -0.68582032 -5.5651842 5.0382667
60870 26085.684 369.87953999999996 -6516.3197 -2551.9633 -0.95564666 -2.7812719 6.9397931
60870 26505.684 -55.125002 -6990.342900000001 521.30999 -1.0335831 0.5625768900000001 7.4439018
60870 26925.684 -469.07433000000003 -6059.9121 3489.6142000000004 -0.90394547 3.7916613000000003 6.4488832
60870 27345.684 -788.90257 -3913.0666 5755.7327000000005 -0.59310806 6.2564424 4.157907
60870 27765.684 -950.5532800000001 -981.4932 6864.6455000000005 -0.16349519 7.4653558 1.0321053
60870 28185.684 -921.5222 2146.8096 6592.8186 0.29957922000000003 7.1767835 -2.305749
60870 28605.684 -707.1981999999999 4843.099700000001 4991.933400000001 0.7038435200000001 5.4412719 -5.188807700000001
60870 29025.684 -350.21387 6561.4681 2381.5132000000003 0.96729676 2.5989533000000002 -7.0306252
60870 29445.684 77.724673 6950.9137 -712.58623 1.0353873 -0.77718096 -7.4485664
60870 29865.684 489.92299 5930.9761 -3661.8542 0.89365537 -3.9950884 -6.3530695999999995
60870 30285.684 802.89873 3709.9877 -5867.4731 0.57170969 -6.3974864 -3.9734014
60870 30705.684 953.83494 739.1310500000001 -6885.7327000000005 0.13542215999999999 -7.5038931 -0.79724794
60870 31125.684 912.8732 -2380.4881 -6514.8835 -0.32700649 -7.0974259 2.5319627000000002
60870 31545.684 688.44913 -5021.7117 -4831.085099999999 -0.72340595 -5.2649352 5.3485955
60870 31965.684 325.68001000000004 -6653.7542 -2173.8581 -0.9745459 -2.3736386000000005 7.088014
60870 32385.684 -102.56206 -6948.314 921.51296 -1.0298218 0.9945962100000001 7.3990647
60870 32805.684 -510.22387000000003 -5846.8926 3831.3807 -0.87829683 4.1596929000000005 6.2203604
60870 33225.684 -815.54988 -3572.3627 5970.6697 -0.55090804 6.4861073 3.7930433
60870 33645.684 -957.46202 -581.92107 6910.3719 -0.11330829 7.5114102 0.60500131
60870 34065.684 -907.4204599999999 2525.0001 6461.0079000000005 0.34775212 7.0306941 -2.7097371
60870 34485.684 -674.9929599999999 5124.1007 4709.6637 0.7404043100000001 5.131986 -5.4890162
60870 34905.684 -306.42387 6688.635 2005.9654 0.98487996 2.1882378 -7.166378
60870 35325.684 124.20934 6898.582 -1105.0482 1.0304067000000001 -1.2065019 -7.391905800000001
60870 35745.684 529.66861 5709.7847 -3991.4395 0.86710281 -4.356039300000001 -6.1155284000000005
60870 36165.684 827.8466500000001 3364.6769 -6067.2322 0.5289846300000001 -6.617655399999999 -3.6031771
60870 36585.684 958.85612 339.19378000000006 -6914.5215 0.08500031699999999 -7.5396516 -0.36819546000000003
60870 37005.684 896.84687 -2754.6499 -6366.1106 -0.37511702 -6.9408452 2.9340713000000003
60870 37425.684 654.4205000000001 -5294.3591 -4533.5223 -0.75953611 -4.9461772 5.6427265
60870 37845.684 280.35539 -6769.1149000000005 -1786.5783999999999 -0.9912451999999999 -1.9562826 7.2134773999999995
60870 38265.684 -150.11767 -6882.4047 1320.705 -1.0235589 1.4252901 7.3293385
60870 38685.684 -550.46996 -5612.910400000001 4162.1422 -0.85037131 4.5153969 5.9700101000000005
60870 39105.684 -840.4719200000001 -3217.7771000000002 6166.8999 -0.50714131 6.6949677 3.4139775
60870 39525.684 -962.19393 -178.26250000000002 6933.5789 -0.062575004 7.5324392 0.17426893999999998
60870 39945.684 -891.15404 2896.7701 6307.5558 0.39531938000000005 6.8604601 -3.1059733
60870 40365.684 -641.0976700000001 5389.5729 4411.1605 0.7753398 4.8045255 -5.7715693
60870 40785.684 -261.7834 6794.5774 1623.0714 1.0001697 1.7691192000000002 -7.2783165
60870 41205.684 170.51935999999998 6823.888900000001 -1494.4369 1.0229293 -1.632751 -7.3103363
60870 41625.684 568.25148 5469.8207 -4308.195 0.83842141 -4.703349500000001 -5.8572138
60870 42045.684 850.9586700000001 3008.2255 -6247.585 0.48482128999999996 -6.8161242 -3.2199503
60870 42465.684 961.6109399999999 -61.904619 -6920.379900000001 0.034051018 -7.5506463 0.06401142400000001
60870 42885.684 878.55178 -3119.7299 -6195.341 -0.42272224 -6.760964700000001 3.3287361
60870 43305.684 618.53214 -5549.1562 -4219.030400000001 -0.79424537 -4.609546099999999 5.9205622
60870 43725.684 233.93010999999998 -6860.8133 -1390.5845 -1.0058037 -1.5295635 7.3167106
60870 44145.684 -197.79243 -6791.0115000000005 1718.7160000000001 -1.0148278 1.8551361 7.235366600000001
60870 44565.684 -589.8101800000001 -5356.000599999999 4481.875900000001 -0.8201046599999999 4.8599056 5.6977435
60870 44985.684 -863.60059 -2846.884 6344.1416 -0.46156027 6.883909 3.0196076
60870 45405.684 -964.56011 232.0905 6933.3886 -0.010998456 7.528329800000001 -0.26170317
60870 45825.684 -872.42568 3264.4292 6130.959400000001 0.44247479 6.6648104 -3.4956616
60870 46245.684 -605.18508 5641.1456 4094.666 0.80860407 4.4571000000000005 -6.0365497999999995
60870 46665.684 -216.038 6880.2264000000005 1231.3085 1.0128916000000001 1.3403059000000002 -7.3653533
60870 47085.684 216.78032000000002 6727.4580000000005 -1881.701 1.0126490000000001 -2.0560727 -7.2023812
60870 47505.684 605.68502 5211.866900000001 -4612.5207 0.80739793 -5.036192 -5.577065800000001
60870 47925.684 872.2701500000001 2642.1741 -6409.2142 0.43900138 -6.9915655 -2.8222273
60870 48345.684 961.54538 -463.59449 -6899.667 -0.017781464 -7.5401233 0.50226941
60870 48765.684 857.61996 -3475.1413 -6000.1516 -0.47055980000000003 -6.556698099999999 3.7216266
60870 49185.684 580.06746 -5784.5787 -3882.5344 -0.8284529 -4.2511975 6.1888758
60870 49605.684 185.29703 -6924.7632 -978.1004399999999 -1.0190711000000001 -1.0850462 7.4032064
60870 50025.684 -246.92532 -6665.7089000000005 2124.7042 -1.00375 2.2961791 7.1174292
60870 50445.684 -629.39224 -5063.0243 4798.3159000000005 -0.78644139 5.2044217 5.3962957
60870 50865.684 -885.4509200000001 -2442.8374 6505.7796 -0.41231490000000004 7.0585747 2.5970790000000004
60870 51285.684 -964.24144 666.6406400000001 6907.3477 0.043422387 7.4963975000000005 -0.7169247900000001
60870 51705.684 -850.17545 3642.7267 5923.5978 0.49062536 6.4338475 -3.8885783000000003
60870 52125.684 -565.8141400000001 5888.633400000001 3749.9339 0.8405717300000001 4.076986 -6.2864458999999995
60870 52545.684 -167.73563000000001 6950.1647 820.4687 1.0225739999999999 0.89074231 -7.4236830000000005
60870 52965.684 264.13102000000003 6610.1026 -2274.591 0.99860062 -2.4830737 -7.0607487
60870 53385.684 642.65101 4934.8823 -4908.9547 0.77288527 -5.3570036000000005 -5.2675928999999995
60870 53805.684 891.4021600000001 2262.991 -6549.4016 0.39132835 -7.1473747 -2.4097798
60870 54225.684 960.37318 -865.8350300000001 -6865.4326 -0.069056004 -7.4938938 0.93439401
60870 54645.684 835.5322199999999 -3818.6115 -5792.4091 -0.51558232 -6.3288493 4.0901287
60870 55065.684 541.9520500000001 -6000.9579 -3546.4339 -0.85847593 -3.8841196 6.4213078999999995
60870 55485.684 138.85078000000001 -6970.2971 -581.76077 -1.0280271 -0.65252131 7.452702
60870 55905.684 -292.30289000000005 -6531.0832 2500.9988 -0.98979293 2.7068419 6.9741119
60870 56325.684 -664.54886 -4775.2542 5078.5383 -0.75248852 5.5107622 5.0893564
60870 56745.684 -903.2950000000001 -2059.5276000000003 6633.133 -0.36521582999999996 7.1996291 2.1884083999999997
60870 57165.684 -961.1421899999999 1068.91 6855.719 0.094377268 7.4439829 -1.1461458
60870 57585.684 -826.64487 3983.3249 5702.490400000001 0.5353088800000001 6.1973721 -4.2525527
60870 58005.684 -526.4471500000001 6098.7905 3403.0153 0.86998628 3.7028291 -6.5110459
60870 58425.684 -120.36622 6986.893099999999 417.32327000000004 1.0305804 0.45434293000000003 -7.4622116
60870 58845.684 309.95759999999996 6466.106 -2652.5823 0.98337759 -2.8921753 -6.904532000000001
60870 59265.684 677.6940500000001 4639.782099999999 -5185.5034000000005 0.73767602 -5.655022 -4.949307200000001
60870 59685.684 908.68005 1877.0626000000002 -6669.2743 0.3434263 -7.2746883 -1.9950466
60870 60105.684 956.5098399999999 -1264.3082 -6805.2098 -0.11989041 -7.4263976000000005 1.3610607000000001
60870 60525.684 811.45134 -4150.126700000001 -5565.288500000001 -0.55926341 -6.0805739 4.443600900000001
60870 60945.684 502.59726 -6198.4226 -3199.0827999999997 -0.88628786 -3.505103 6.6305319
60870 61365.684 92.19745 -6994.3496 -184.85868 -1.0343837 -0.22009651 7.4754613
60870 61785.684 -336.84085 -6377.6825 2866.9932000000003 -0.9735861 3.1047914000000003 6.8070821
60870 62205.684 -698.06767 -4475.6163 5340.0149 -0.71717666 5.7951942 4.7677768
60870 62625.684 -919.1468000000001 -1674.6046000000001 6737.9301 -0.31780998 7.3146699 1.7765097
60870 63045.684 -956.15231 1462.003 6782.6991 0.14456495000000003 7.3671428 -1.566753
60870 63465.684 -801.72299 4305.7386 5465.7434 0.5784398700000001 5.943133700000001 -4.5983482
60870 63885.684 -486.46115000000003 6285.294 3049.3977000000004 0.8973139 3.3207256000000003 -6.7119932
60870 64305.684 -73.34496899999999 6999.3135 18.033825 1.0363188 0.021413678999999998 -7.4759379
60870 64725.684 354.56568 6301.5047 -3017.0244 0.9663462500000001 -3.2875727 -6.727727
60870 65145.684 710.90281 4331.4782000000005 -5441.412 0.70137761 -5.9320900000000005 -4.6183347999999995
60870 65565.684 923.84316 1487.5797 -6765.2431 0.29528148 -7.377748800000001 -1.5776147
60870 65985.684 950.6205600000001 -1656.2854 -6722.187900000001 -0.17016291 -7.3355676999999995 1.7805318
60870 66405.684 785.75608 -4465.8642 -5320.4378 -0.60164014 -5.814045600000001 4.7811221999999995
60870 66825.684 462.30753000000004 -6374.1651 -2842.0968 -0.9122102 -3.1164614000000004 6.8177326
60870 67245.684 45.458989 -6994.763900000001 211.88141000000002 -1.0386606 0.21171674999999998 7.4743392
60870 67665.684 -380.61084000000005 -6202.982 3223.1067000000003 -0.9554892 3.4920997000000003 6.618693100000001
60870 68085.684 -730.10235 -4161.0177 5583.7617 -0.68044888 6.0608426 4.4312049
60870 68505.684 -933.06563 -1283.7598 6820.5847 -0.26972823 7.4060562 1.3589893
60870 68925.684 -949.13599 1850.8103999999998 6687.4312 0.19450671 7.2661603999999995 -1.9821463000000001
60870 69345.684 -775.08382 4614.4803 5211.1408 0.62033974 5.6691239 -4.9287107
60870 69765.684 -445.45642 6451.5555 2686.1325 0.9226254800000001 2.9277345 -6.889940800000001
60870 70185.684 -26.210333 6989.4836 -380.59327 1.0397764 -0.41085619 -7.463970000000001
60870 70605.684 398.3542 6117.4288 -3370.4853 0.94723906 -3.6706539 -6.5284304
60870 71025.684 742.5489 4010.8216 -5678.4580000000005 0.6636826 -6.188267300000001 -4.2730314
60870 71445.684 937.04903 1095.4733999999999 -6838.5599 0.24667669 -7.4561713 -1.1566604
60870 71865.684 942.78358 -2040.6852 -6617.3438 -0.21996960999999998 -7.221368900000001 2.1928717
60870 72285.684 758.49477 -4765.1686 -5058.8076 -0.64273147 -5.5297873 5.102435000000001
60870 72705.684 421.11362 -6527.7831 -2476.4863 -0.93632368 -2.7188132 6.9829818999999995
60870 73125.684 -1.3636620000000002 -6971.3819 607.54142 -1.0408793 0.6423782 7.4496851
60870 73545.684 -423.59019 -6007.085900000001 3568.6421 -0.93536964 3.8683532 6.4094462000000005
60870 73965.684 -760.57235 -3831.8723 5809.3962 -0.64210232 6.3073801000000005 4.0799806
60870 74385.684 -944.9025 -887.52927 6880.8977 -0.22084868000000002 7.4735892999999995 0.93636631
60870 74805.684 -939.91201 2234.7696 6569.959400000001 0.24421709000000003 7.1411201 -2.3917188
60870 75225.684 -746.5699000000001 4909.0818 4938.991 0.66090743 5.3757523 -5.2430028
60870 75645.684 -403.31734000000006 6597.3301 2313.7179 0.94579767 2.5245272 -7.0446727000000005
60870 76065.684 21.07298 6957.206099999999 -778.11062 1.0406868999999999 -0.84176559 -7.4267077
60870 76485.684 441.24673 5913.8903 -3712.7549 0.92581047 -4.0411554 -6.3073243
60870 76905.684 772.46263 3677.8527000000004 -5896.7116 0.62439609 -6.423646 -3.9139611
60870 77325.684 948.06365 700.70195 -6889.4645 0.1975032 -7.5102103 -0.73245427
60870 77745.684 932.74685 -2417.5939 -6491.0325 -0.26926605000000003 -7.084008799999999 2.5976715
60870 78165.684 729.43442 -5048.1493 -4780.77 -0.6823956600000001 -5.2281447 5.4072196
60870 78585.684 378.86602000000005 -6659.519 -2102.7389 -0.95835749 -2.3125295 7.1259566
60870 79005.684 -48.291129000000005 -6924.639099999999 1001.4864 -1.0407369000000002 1.0712982 7.4011398
60870 79425.684 -465.70904 -5790.7746 3902.8955 -0.91308079 4.2326815 6.1792369
60870 79845.684 -789.38124 -3489.2217 6016.3033 -0.60216998 6.5338637 3.7148174
60870 80265.684 -954.58949 -487.28076000000004 6918.6612000000005 -0.17126987 7.5167307 0.50984894
60870 80685.684 -928.4741 2612.429 6430.635 0.29350981000000004 6.9921786 -2.7940817000000004
60870 81105.684 -716.2509100000001 5188.328 4650.2036 0.69997398 5.0639859 -5.5400559000000005
60870 81525.684 -360.18839 6721.9273 1933.4358000000002 0.9666581700000001 2.1125916000000005 -7.1756178
60870 81945.684 68.325494 6902.2925000000005 -1173.1518 1.039095 -1.2698336 -7.3645791
60870 82365.684 483.09929 5691.2213 -4042.7764 0.90214921 -4.3981128 -6.0653768
60870 82785.684 800.53597 3333.1733 -6095.5815999999995 0.58359766 -6.6379029 -3.5422718
60870 83205.684 956.8089200000001 303.92521000000005 -6917.828 0.14782351 -7.539957500000001 -0.30599469
60870 83625.684 920.45985 -2786.4474 -6343.5245 -0.3179953 -6.9238372 2.9940906000000003
60870 84045.684 698.69515 -5316.5594 -4487.7608 -0.7204934399999999 -4.9070525 5.693963800000001
60870 84465.684 335.80607000000003 -6770.7245 -1723.2785000000001 -0.97799034 -1.8976186000000002 7.2442885
60870 84885.684 -94.954727 -6856.308900000001 1390.4797 -1.0379793 1.4966882000000001 7.327518200000001
60870 85305.684 -506.48832000000004 -5555.8685000000005 4222.2235 -0.88864131 4.5836761 5.9296356
60870 85725.684 -815.91334 -3132.4525 6200.2394 -0.56067075 6.743881 3.3371824
60870 86145.684 -961.42817 -80.650244 6929.5380000000005 -0.12057608 7.5397023 0.077353219
60871 165.684 -913.86289 2987.464 6263.5315 0.34317867 6.8208708 -3.1943309
60871 585.684 -682.8125200000001 5455.6268 4336.5748 0.73835122 4.731041 -5.8249964
60871 1005.684 -314.49154 6826.8635 1535.5522 0.98559271 1.6860123000000002 -7.284589700000001
60871 1425.684 117.13722 6822.3188 -1575.1706000000001 1.0347564 -1.7028486 -7.2757558
60871 1845.684 525.24742 5444.1581 -4368.358700000001 0.87535423 -4.7467882 -5.7969085
60871 2265.684 827.65278 2970.1605 -6280.0757 0.5401028800000001 -6.8321439 -3.1508089
60871 2685.684 963.67922 -101.08587 -6925.83 0.09655828400000001 -7.542673 0.12859091
60871 3105.684 905.95524 -3151.907 -6175.2342 -0.36686142 -6.7360769000000005 3.3851972000000004
60871 3525.684 665.8059300000001 -5568.849200000001 -4177.6652 -0.75779673 -4.563912 5.9672081
60871 3945.684 291.35567 -6859.3910000000005 -1335.4208 -0.99575352 -1.4700313 7.3413042
60871 4365.684 -142.11995000000002 -6762.1231 1778.3712 -1.0329082 1.9254548 7.230538
60871 4785.684 -546.86987 -5297.5357 4531.8545 -0.86129106 4.9284411 5.6550038
60871 5205.684 -840.69429 -2757.3104 6363.771900000001 -0.5167525500000001 6.9380432 2.9416185
60871 5625.684 -965.4614399999999 336.27982000000003 6912.893400000001 -0.067663805 7.540748300000001 -0.36838965
60871 6045.684 -895.6791400000001 3362.4865 6065.2635 0.39421229 6.622857 -3.5982398
60871 6465.684 -645.4997 5711.3847000000005 3992.7121 0.77671746 4.3706594 -6.1015616
60871 6885.684 -265.28303000000005 6909.6181 1113.6138 1.0027939000000001 1.2375184 -7.3727455
60871 7305.684 168.364 6716.1782 -1990.4654 1.0268321 -2.1416656 -7.1549472
60871 7725.684 568.1896800000001 5172.1499 -4693.5694 0.8446248399999999 -5.0832487 -5.4970298
60871 8145.684 854.08329 2590.6812999999997 -6452.969400000001 0.49369768 -6.9992513 -2.7388112000000002
60871 8565.684 969.02559 -509.53487 -6917.1038 0.044303477 -7.5123148 0.5665470800000001
60871 8985.684 889.9368900000001 -3507.5291 -5992.353400000001 -0.41472133000000005 -6.5199316 3.7632665000000003
60871 9405.684000000001 632.17888 -5800.9422 -3861.3119 -0.79198532 -4.2119118 6.212208700000001
60871 9825.684000000001 247.05293 -6924.5213 -950.41503 -1.0107585000000001 -1.0447104 7.4124679
60871 10245.684000000001 -188.05327 -6647.6467999999995 2153.1974 -1.0254983 2.3411071000000003 7.111387
60871 10665.684000000001 -585.1081 -5024.9617 4819.7758 -0.8326966 5.2524066000000005 5.3675893
60871 11085.684 -863.86638 -2386.0447999999997 6509.283 -0.47203690000000004 7.0973284 2.5400492
60871 11505.684 -968.30932 734.53823 6881.8543 -0.016907625 7.507789600000001 -0.7955504
60871 11925.684 -877.6419300000001 3707.2414 5864.0082999999995 0.44121663 6.4053692 -3.9678240000000002
60871 12345.684 -610.20048 5933.0568 3661.7098 0.8105007000000001 4.012018 -6.339191700000001
60871 12765.684 -219.83329999999998 6963.3085 719.56783 1.0165039 0.80999745 -7.430083
60871 13185.684000000001 214.78407 6590.9963 -2367.9678 1.0177165 -2.5512232 -7.0204848
60871 13605.684000000001 606.26412 4893.4177 -4978.5549 0.81470457 -5.3923459000000005 -5.1986561
60871 14025.684000000001 876.21918 2214.5087000000003 -6588.3456 0.4490073 -7.146384200000001 -2.3369298
60871 14445.684 970.8084 -907.7721899999999 -6875.8144 -0.0062930651 -7.4684689 0.99169012
60871 14865.684 870.98658 -3848.0266 -5782.5389000000005 -0.46117919 -6.2933468999999995 4.1269573
60871 15285.684 596.25512 -6015.2035000000005 -3524.8575 -0.82493123 -3.8468997 6.4408776
60871 15705.684 201.39041 -6969.0026 -555.16493 -1.0233557 -0.6148199 7.4586633
60871 16125.684 -234.19291 -6513.2694 2527.1011000000003 -1.0151394 2.7481408000000003 6.9652951000000005
60871 16545.684 -622.38699 -4739.2231 5096.5853 -0.8016099799999999 5.553733500000001 5.059383700000001
60871 16965.684 -884.7850400000001 -2006.6992 6633.0386 -0.42659841 7.233026700000001 2.1324162
60871 17385.684 -968.68311 1131.279 6827.6016 0.033926313 7.4506969000000005 -1.2214127000000001
60871 17805.684 -857.32081 4040.7796000000003 5642.2555 0.48726293 6.166554100000001 -4.3259694
60871 18225.684 -573.19428 6135.8734 3316.8233 0.84254096 3.6389305 -6.5572416
60871 18645.684 -173.52606 6994.078 320.97447 1.0279744000000002 0.3779878 -7.4632532000000005
60871 19065.684 261.10105 6443.3703 -2739.7821000000004 1.0063169 -2.9541653 -6.862194499999999
60871 19485.684 643.31686 4597.209400000001 -5248.7642000000005 0.78275798 -5.6848658 -4.8816215000000005
60871 19905.684 896.6124000000001 1829.3696000000002 -6702.930200000001 0.40297894 -7.2702706 -1.9255898
60871 20325.684 970.49221 -1304.6363999999999 -6812.0863 -0.057211218 -7.399499 1.4150721000000002
60871 20745.684 850.03465 -4177.117 -5553.3747 -0.50686038 -6.0449559 4.4779409
60871 21165.684 558.84997 -6210.3639 -3176.2275 -0.85620702 -3.4680746 6.6485331
60871 21585.684 155.04834 -6990.6938 -157.47170000000003 -1.0338386000000002 -0.18187748 7.4801275
60871 22005.684 -280.10237 -6357.2083 2893.1707 -1.0026271 3.1469685 6.795867500000001
60871 22425.684 -658.585 -4437.296 5356.9057999999995 -0.76868228 5.837592 4.7339882
60871 22845.684 -903.83884 -1619.7026 6733.991400000001 -0.37988075 7.3467603 1.7163221000000002
60871 23265.684 -965.71286 1523.5157 6741.5285 0.086643081 7.3765064 -1.6564060999999999
60871 23685.684 -832.83385 4361.8676 5385.5868 0.53554057 5.907149 -4.691336100000001
60871 24105.684 -531.1337 6316.2567 2935.0867000000003 0.8764064300000001 3.2386713 -6.7762743
60871 24525.684 -121.7093 6989.9152 -112.20873 1.0395697 -0.085113662 -7.4835651
60871 24945.684 312.41735 6248.6050000000005 -3137.069 0.99218799 -3.3818518 -6.6728171000000005
60871 25365.684 683.64692 4247.4107 -5528.3694000000005 0.7455220100000001 -5.9825 -4.5206903
60871 25785.684 917.8167 1393.8790000000001 -6808.228 0.35087177 -7.3733725 -1.4720133000000002
60871 26205.684 968.6723000000001 -1738.3465 -6724.5415 -0.11271255 -7.2888344 1.8630625
60871 26625.684 826.26985 -4523.6499 -5295.5436 -0.55403599 -5.748761900000001 4.8268202
60871 27045.684 518.71831 -6404.3787 -2805.2887 -0.8857544900000001 -3.0527323 6.830215
60871 27465.684 107.14908 -6999.9552 248.87609 -1.0407064000000001 0.26685061000000004 7.464630100000001
60871 27885.684 -325.9682 -6186.4011 3252.5468 -0.9863690900000001 3.5418917000000003 6.5923059
60871 28305.684 -693.32793 -4124.9266 5598.2095 -0.73286807 6.1064964 4.3847546
60871 28725.684 -920.6916500000001 -1230.5928999999999 6810.3859 -0.33116517 7.439403100000001 1.2877016000000001
60871 29145.684 -962.00571 1912.2586000000001 6642.661599999999 0.13800118 7.2692398 -2.0739033
60871 29565.684 -808.6820200000001 4667.6665 5127.5461 0.57997549 5.6263643000000005 -5.0195765
60871 29985.684 -491.38905 6477.0712 2570.0482 0.90492489 2.8409485 -6.9486337
60871 30405.684 -74.427778 6973.053 -510.07349 1.0463232 -0.51877783 -7.464848
60871 30825.684 357.65905 6057.5955 -3487.0132000000003 0.97592776 -3.7631487000000003 -6.467572199999999
60871 31245.684 717.74997 3920.9633 -5759.8371 0.70965268 -6.2350567 -4.1715126
60871 31665.684 933.95421 997.6474000000001 -6874.8152 0.30264136 -7.4476985 -1.0493671
60871 32085.684 963.60305 -2125.2028 -6612.7936 -0.16377607 -7.1705961 2.275331
60871 32505.684 800.93698 -4823.7745 -5027.3718 -0.59782888 -5.4608047 5.1467282
60871 32925.684 478.10626 -6557.3385 -2433.9728999999998 -0.91345191 -2.6517282 6.99281
60871 33345.684 59.367296 -6974.648400000001 648.79543 -1.0465461 0.70013761 7.4358255
60871 33765.684 -371.30109999999996 -5987.8688 3600.4003 -0.96906647 3.9191707 6.3774467
60871 34185.684 -727.07785 -3793.5152000000003 5823.8414 -0.69597462 6.3510978 4.0277088
60871 34605.684 -936.08862 -833.50648 6868.5298 -0.28216354 7.5022704000000004 0.86089998
60871 35025.684 -955.97261 2294.7507 6521.8297999999995 0.18931535 7.1378451 -2.4848225000000004
60871 35445.684 -782.4523800000001 4958.1399 4852.3438 0.62323456 5.3268617 -5.3314582
60871 35865.684 -450.26305 6616.5001 2196.2357 0.9313689399999999 2.4336002 -7.0981122
60871 36285.684 -26.741196000000002 6933.0602 -906.53953 1.0505807999999999 -0.9509965300000001 -7.4214203
60871 36705.684 402.24339000000003 5846.3635 -3825.6725 0.95719799 -4.1322964 -6.2408277
60871 37125.684 750.25926 3581.215 -5972.416700000001 0.6718867199999999 -6.4673402 -3.8083232
60871 37545.684 947.8862700000001 597.64922 -6918.6894 0.25343806 -7.4976269 -0.62281893
60871 37965.684 956.148 -2505.5321000000004 -6478.999 -0.21470847 -7.0285514000000004 2.6805540999999997
60871 38385.684 773.5097 -5108.3330000000005 -4742.2386 -0.6403824600000001 -5.1543624 5.4498373
60871 38805.684 436.12103 -6688.7947 -2054.2589 -0.9390044799999999 -2.2414544000000003 7.1321016
60871 39225.684 11.223863999999999 -6926.3004 1046.7886 -1.0498043000000001 1.131346 7.3819777
60871 39645.684 -415.9223 -5769.5363 3936.3844 -0.9493280700000001 4.283392200000001 6.141145900000001
60871 40065.684 -759.2148199999999 -3449.6166000000003 6030.1579 -0.6572945 6.5745721 3.6572445
60871 40485.684 -949.3155300000001 -433.74632 6903.8922999999995 -0.2323352 7.540354000000001 0.43126256
60871 40905.684 -947.65198 2669.6119 6379.335900000001 0.24033062000000002 6.9829546 -2.8874994000000003
60871 41325.684 -754.27092 5232.2321 4560.8995 0.66516677 5.0097837 -5.625765400000001
60871 41745.684 -407.91943 6734.0553 1814.9627 0.95569574 2.0181372 -7.224076200000001
60871 42165.684 21.172354 6870.1174 -1300.1641000000002 1.0523252 -1.3801139 -7.3533032
60871 42585.684 446.01661 5615.7812 -4151.7748 0.9361309700000001 -4.4877697 -5.993350400000001
60871 43005.684 781.088 3229.6135 -6165.2945 0.6323959 -6.678268699999999 -3.4324892
60871 43425.684 959.60338 195.64693 -6939.7084 0.20345743 -7.5227873 -0.19414887
60871 43845.684 946.38208 -2877.5982000000004 -6323.7806 -0.26530993999999997 -6.8632004 3.0769452000000004
60871 44265.684 744.14207 -5375.971500000001 -4441.442 -0.6815194 -4.830720599999999 5.7347804
60871 44685.684 392.98313 -6798.0608 -1667.8825 -0.9622890599999999 -1.8237851 7.2474493
60871 45105.684 -37.028796 -6855.029500000001 1441.061 -1.0504462 1.5585784 7.3034504
60871 45525.684 -459.58121000000006 -5532.2159 4259.031400000001 -0.9271915199999999 4.6332170999999995 5.8845254
60871 45945.684 -789.50487 -3094.4577999999997 6216.2483 -0.6168665600000001 6.776290299999999 3.274839
60871 46365.684 -960.16635 -32.648477 6916.1967 -0.18178325 7.5537521 0.0002708737
60871 46785.684 -936.88953 3035.6712 6215.4461 0.29087583 6.805273100000001 -3.2806639
60871 47205.684 -724.07025 5489.1233 4253.924900000001 0.7055241800000001 4.6761793 -5.9016418999999996
60871 47625.684 -364.40426 6829.416 1427.2146 0.97763108 1.5958892 -7.3260698
60871 48045.684 69.17169500000001 6784.5156 -1689.8824 1.0513924 -1.8045929 -7.2606119
60871 48465.684 488.79681 5366.7865 -4464.4398 0.91269862 -4.828089299999999 -5.7258592
60871 48885.684 810.08044 2867.6811000000002 -6338.040599999999 0.59132242 -6.866676900000001 -3.0453844
60871 49305.684 969.03719 -206.48909 -6938.1437000000005 0.15296744 -7.5227593 0.23473184
60871 49725.684 934.3676700000001 -3239.5624 -6148.2462000000005 -0.31523691000000004 -6.6751318 3.4625201000000003
60871 50145.684 713.0387900000001 -5625.3162 -4126.8476 -0.72093746 -4.491484000000001 6.000033999999999
60871 50565.684 348.98645 -6884.5807 -1277.1467 -0.98318626 -1.4009045000000002 7.338356
60871 50985.684 -85.07704 -6761.2062000000005 1829.337 -1.0484865 1.9796854000000002 7.2008759
60871 51405.684 -501.98228000000006 -5277.0829 4566.5402 -0.90272443 4.9670201 5.609157100000001
60871 51825.684 -817.70938 -2729.7219 6381.1085 -0.57490851 6.9555148 2.8826210000000003
60871 52245.684 -968.5154 367.9832 6905.3423 -0.13080699 7.5425896 -0.42995330000000004
60871 52665.684 -923.6879200000001 3391.3333 6030.893900000001 0.34061962 6.6057632 -3.6623303000000003
60871 53085.684 -691.995 5727.7651 3932.9894 0.74401421 4.3277821 -6.1574143999999995
60871 53505.684 -319.95438 6902.4364000000005 1035.1165 0.9970526599999999 1.1693648 -7.4032149
60871 53925.684 117.00779 6677.224700000001 -2073.4386 1.0478122 -2.2217223 -7.1436139999999995
60871 54345.684 530.3510500000001 5101.4555 -4761.8112 0.8869346100000001 -5.1508732 -5.4399198
60871 54765.684 837.03272 2498.3013 -6489.7161 0.5487838500000001 -7.0312276 -2.6496684
60871 55185.684 976.06014 -605.6306500000001 -6914.2766 0.10220337000000002 -7.4977522 0.6608281500000001
60871 55605.684 920.0849499999999 -3588.7018 -5953.8506 -0.36423424 -6.4660134 3.8348202000000002
60871 56025.684 680.2674000000001 -5854.5653 -3800.6981 -0.75848606 -4.139231799999999 6.244388799999999
60871 56445.684 304.23569000000003 -6947.669400000001 -884.5047800000001 -1.001668 -0.9754468399999999 7.405004700000001
60871 56865.684 -132.82421 -6645.152099999999 2209.4763 -1.0440030999999999 2.3925748 7.0755159
60871 57285.684 -543.1076800000001 -5005.1504 4857.439200000001 -0.87622894 5.2836403 5.3168522000000005
60871 57705.684 -843.9544599999999 -2356.7164 6524.0294 -0.53175196 7.1119403000000005 2.4823494999999998
60871 58125.684 -974.5987 766.83181 6871.3360999999995 -0.07959503100000001 7.507134 -0.85773898
60871 58545.684 -908.33905 3735.5756 5826.455 0.38954002000000004 6.3852937 -4.0307441
60871 58965.684 -658.3006899999999 5947.6422999999995 3599.5903 0.78084097 3.9661257 -6.3916453
60871 59385.684 -274.73395 6953.357 640.62193 1.0141266 0.7406051800000001 -7.4548114
60871 59805.684 164.55398000000002 6549.456700000001 -2448.8039 1.0416598 -2.6289654000000002 -7.002771
60871 60225.684 570.63312 4822.0162 -5042.4035 0.85911907 -5.4539691999999995 -5.1373598000000005
60871 60645.684 862.04725 2124.3812000000003 -6619.8377 0.50517103 -7.1709587 -2.2481098000000004
60871 61065.684 980.93237 -998.7882500000001 -6868.8397 0.051503714000000006 -7.4483436 1.0812629999999999
60871 61485.684 903.90349 -3922.5709 -5742.4128 -0.41213331000000003 -6.2377876 4.191684
60871 61905.684 646.22793 -6062.2627999999995 -3465.451 -0.79419058 -3.7765895 6.4670251
60871 62325.684 259.07391 -6986.9467 -492.47198 -1.018001 -0.5498620399999999 7.447943100000001
60871 62745.684 -180.10532999999998 -6507.3622000000005 2579.4099 -1.0375486 2.7956545000000004 6.9288806
60871 63165.684 -583.0052800000001 -4717.3485 5130.3527 -0.84810012 5.5825519 5.0092859
60871 63585.684 -868.39387 -1976.4347 6644.2955999999995 -0.48751743 7.245720400000001 2.0754656000000002
60871 64005.684 -978.5807900000001 1163.0411000000001 6814.0093 -0.028091795000000003 7.4479141 -1.2818939
60871 64425.684 -891.0545500000001 4067.9073 5603.1283 0.43775214 6.1442788 -4.384450200000001
60871 64845.684 -623.1871500000001 6148.584400000001 3255.3438 0.8159259600000001 3.5924264 -6.6029501
60871 65265.684 -228.98812 6982.763 245.81764 1.0288085 0.31195888000000005 -7.480184
60871 65685.684 211.61822 6402.840099999999 -2813.9166 1.0332038000000001 -3.0239243 -6.8389156
60871 66105.684 609.5867900000001 4530.8297999999995 -5304.7687000000005 0.82960595 -5.7360145000000005 -4.8202075
60871 66525.684 885.2136 1748.5106 -6727.9137 0.46080085000000004 -7.286030800000001 -1.8430868
60871 66945.684 983.8470100000001 -1383.7357 -6802.2293 0.0010240624 -7.3760084 1.494338
60871 67365.684 886.0355000000001 -4239.705 -5514.7857 -0.45899559 -5.9924366000000004 4.532674200000001
60871 67785.684 611.07049 -6247.7228 -3121.8981000000003 -0.82826511 -3.4051551 6.6685893
60871 68205.684 213.56023000000002 -7002.2413 -101.45739999999999 -1.0323897 -0.12487434 7.468358
60871 68625.684 -226.90317000000002 -6347.7568 2939.1702 -1.0291069 3.1891102 6.761760199999999
60871 69045.684 -621.62957 -4413.4984 5385.5286 -0.81824615 5.8639396 4.6867386
60871 69465.684 -890.9418900000001 -1588.7007 6742.232900000001 -0.44212686 7.3566446 1.6621679999999999
60871 69885.684 -980.3730400000001 1556.6316000000002 6733.9155 0.023656056 7.3644509 -1.7016953000000001
60871 70305.684 -871.65609 4386.9153 5360.9981 0.48558557 5.8813769 -4.7264786999999995
60871 70725.684 -586.3331999999999 6328.5482 2898.9809 0.84976518 3.2046138 -6.7953098
60871 71145.684 -182.12800000000001 6987.1437000000005 -152.36554 1.0417933000000001 -0.12182031000000001 -7.4835364
60871 71565.684 259.01097 6230.909000000001 -3173.0817 1.0227382 -3.4151806000000002 -6.6532167
60871 71985.684 647.98292 4217.581099999999 -5552.479 0.79794709 -6.0061623 -4.4842094
60871 72405.684 906.92951 1357.1063000000001 -6814.5055999999995 0.41438675 -7.382009600000001 -1.4249123
60871 72825.684 984.54979 -1775.007 -6710.3592 -0.050948241000000005 -7.2794158 1.911692
60871 73245.684 865.54144 -4552.5909 -5262.4678 -0.5062560700000001 -5.7219156 4.8663703
60871 73665.684 573.40881 -6419.2395 -2759.2342000000003 -0.8613440000000001 -3.0138161 6.8511527
60871 74085.684 166.24192000000002 -6997.4785 298.81341 -1.0444978 0.30873733 7.4617731
60871 74505.684 -274.36471 -6167.4637 3296.3558 -1.0176558 3.5768389000000003 6.5666574
60871 74925.684 -659.65999 -4094.1626 5627.5193 -0.7855691100000001 6.1269127 4.3427985
60871 75345.684 -911.89207 -1194.9641000000001 6820.3403 -0.39486502 7.4419345 1.2391328000000001
60871 75765.684 -980.04213 1945.1991 6632.6196 0.076042766 7.254936300000001 -2.1186183
60871 76185.684 -850.18898 4691.4486 5101.5103 0.53254261 5.598388 -5.0531103
60871 76605.684 -547.9840600000001 6487.3922999999995 2533.3266000000003 0.88181351 2.805705 -6.9654848000000005
60871 77025.684 -134.66396 6967.969400000001 -549.9042900000001 1.0523989999999999 -0.55598031 -7.4625734
60871 77445.684 305.97799 6037.4687 -3521.7795 1.0098315 -3.7965906 -6.4457614
60871 77865.684 684.9879599999999 3888.7612000000004 -5781.7806 0.7641996600000001 -6.2583578 -4.132704700000001
60871 78285.684 926.5136500000001 958.81501 -6877.9580000000005 0.36658015 -7.4551519 -1.0000352000000001
60871 78705.684 982.72747 -2163.1945 -6594.6452 -0.10336211000000001 -7.158864800000001 2.3255551999999997
60871 79125.684 842.56613 -4852.861400000001 -4989.9493 -0.55285222 -5.4307399 5.1863578
60871 79545.684 533.7805500000001 -6570.9555 -2383.9537 -0.89265378 -2.6096216 7.0118442
60871 79965.684 117.887 -6969.7803 701.5233499999999 -1.0540245 0.74406381 7.4294079
60871 80385.684 -321.71691 -5966.0784 3645.3237999999997 -1.0034431 3.9541859 6.347602
60871 80805.684 -696.49737 -3760.2942000000003 5852.612 -0.7505942400000001 6.3696466 3.9822867000000004
60871 81225.684 -930.86766 -796.47623 6876.8201 -0.34623893 7.5017743 0.81052364
60871 81645.684 -977.40974 2327.717 6509.8053 0.12853269 7.1205755 -2.529148
60871 82065.684 -826.63831 4980.8257 4825.3692 0.5783641300000001 5.296296099999999 -5.3629699
60871 82485.684 -508.24265 6624.9485 2159.5876000000003 0.91177452 2.3971849 -7.1123954000000005
60871 82905.684 -86.793461 6925.8180999999995 -945.25096 1.0604914 -0.9885061100000001 -7.4168232
60871 83325.684 352.28505 5824.0028 -3858.4343 0.99442274 -4.165871500000001 -6.2169295
60871 83745.684 720.36613 3546.7545 -5991.5103 0.7284197299999999 -6.4905833 -3.7672233999999998
60871 84165.684 943.78484 556.7126999999999 -6917.9615 0.31758791000000003 -7.50429 -0.570938
60871 84585.684 978.31352 -2545.0101 -6455.9372 -0.15589572999999998 -7.0145833 2.7330201
60871 85005.684 817.18384 -5137.644200000001 -4699.2308 -0.59845051 -5.1206166 5.490216500000001
60871 85425.684 492.38372 -6700.9495 -1998.8432 -0.92196227 -2.1952958 7.1494339
60871 85845.684 68.75442 -6918.4493 1103.6866000000002 -1.0609032999999999 1.178134 7.371580700000001
60871 86265.684 -368.69012 -5744.036400000001 3983.5227999999997 -0.98647695 4.3188528999999996 6.1062527
60872 285.68399999999997 -731.8845200000001 -3413.0623 6059.1129 -0.71336064 6.5909632 3.6075088
60872 705.684 -947.63898 -394.66902000000005 6910.9847 -0.29636113000000003 7.5360863 0.37874985
60872 1125.684 -972.30261 2702.8865 6365.7055 0.18097526 6.9620999 -2.9312681
60872 1545.684 -800.95845 5254.0739 4534.0377 0.62294167 4.9758472000000005 -5.6546835
60872 1965.684 -467.10235 6740.7254 1779.6804 0.93959083 1.9804544000000002 -7.2354321
60872 2385.684 -38.539606 6860.785 -1336.4392 1.0659683 -1.4181110000000001 -7.3466213
60872 2805.684 397.86902000000003 5591.0678 -4181.3937000000005 0.9764366400000001 -4.5222657 -5.967700300000001
60872 3225.684 754.0411700000001 3192.3529 -6180.534900000001 0.69054358 -6.702755600000001 -3.3886812
60872 3645.684 958.63088 151.52973 -6933.7080000000005 0.26729613 -7.529741100000001 -0.13821925999999998
60872 4065.684 971.1351 -2919.8763 -6293.5945 -0.2087108 -6.8469204 3.1338703999999997
60872 4485.684 789.16511 -5406.4591 -4389.7259 -0.6431431 -4.791672800000001 5.7778346
60872 4905.684 448.96929 -6808.7699 -1603.3901 -0.94927048 -1.7708902000000002 7.2636656
60872 5325.684 18.612628 -6843.0650000000005 1505.6655 -1.0650559000000002 1.6107126 7.2878508
60872 5745.684 -415.47513000000004 -5501.1003 4311.137900000001 -0.96664199 4.670165 5.842268
60872 6165.684 -765.9666 -3052.6025 6247.1657000000005 -0.67379798 6.7898262 3.2186857
60872 6585.684 -962.3509 9.9031515 6923.2118 -0.24528542 7.5439885 -0.05530443300000001
60872 7005.684 -964.9169 3070.0211 6201.3293 0.23335316 6.7789064 -3.3239304
60872 7425.684 -773.08603 5510.8713 4226.8418 0.66548671 4.6436074 -5.9237944
60872 7845.684 -424.844 6837.165900000001 1394.6688000000001 0.96429587 1.5628973000000002 -7.3300852999999995
60872 8265.684 9.4021322 6779.1677 -1720.6739 1.0679052 -1.8334657 -7.2487243
60872 8685.684 441.73678 5350.5043 -4487.2252 0.95577057 -4.8506159 -5.701090600000001
60872 9105.684 785.1790500000001 2843.1885 -6347.8892000000005 0.65193015 -6.8814707 -3.009676
60872 9525.684000000001 971.07691 -234.89022 -6931.204 0.21837756 -7.5258238 0.27814669
60872 9945.684000000001 962.5125400000001 -3266.0362999999998 -6122.5993 -0.2584799 -6.6623361999999995 3.5066378
60872 10365.684000000001 761.15797 -5642.8156 -4084.3467 -0.68415669 -4.4618468 6.034245100000001
60872 10785.684000000001 407.04540000000003 -6886.918000000001 -1224.2927 -0.97335689 -1.3595634 7.3518414000000005
60872 11205.684 -28.913123 -6745.635700000001 1882.3513 -1.0671544 2.0216169 7.187953800000001
60872 11625.684 -459.06712 -5245.9732 4608.9403 -0.94609813 4.997222799999999 5.5727747
60872 12045.684 -796.79668 -2689.9583 6405.06 -0.63459131 6.9657086 2.8333368
60872 12465.684 -974.11422 407.59109 6908.3102 -0.19525039000000002 7.5318369 -0.4785534
60872 12885.684000000001 -955.24676 3423.0034 6016.5112 0.28402509 6.5794139 -3.6981431
60872 13305.684000000001 -744.3455200000001 5748.2058 3912.3121 0.70647378 4.2934777 -6.1718416
60872 13725.684000000001 -382.49155 6909.3638 1011.9247 0.9870912700000001 1.1400523 -7.4018346
60872 14145.684000000001 56.678754999999995 6673.035400000001 -2093.6396 1.0682265 -2.245745 -7.1315134
60872 14565.684 484.33384 5086.654 -4774.2626 0.93372938 -5.174514100000001 -5.4179395
60872 14985.684 813.9177500000001 2466.477 -6484.4848 0.61115777 -7.0628813 -2.6093554
60872 15405.684 979.41642 -649.1726600000001 -6884.184 0.16425698 -7.5174213000000005 0.73226636
60872 15825.684 947.79065 -3636.1922000000004 -5893.8999 -0.31602926000000003 -6.4431915 3.9243424
60872 16245.684 724.7621 -5887.4622 -3710.4196 -0.7314224500000001 -4.0696337 6.3144228
60872 16665.684 355.42465999999996 -6948.4278 -776.26373 -0.9990112600000001 -0.88328565 7.4275228
60872 17085.684 -85.779477 -6604.7309000000005 2315.4364 -1.066261 2.482752 7.0463942
60872 17505.684 -509.81654 -4924.0478 4938.6260999999995 -0.91912229 5.3540448 5.243324899999999
60872 17925.684 -831.01674 -2250.3577 6562.956099999999 -0.58579643 7.1446122 2.3740873000000002
60872 18345.684 -984.8589900000001 875.70863 6862.1782 -0.13473873 7.4869224999999995 -0.9701747500000001
60872 18765.684 -940.28207 3825.559 5775.1106 0.34341354 6.3191083 -4.1176607
60872 19185.684 -706.0996 6003.8877999999995 3520.3941 0.7526596500000001 3.8755988 -6.434647
60872 19605.684 -329.43746000000004 6970.6618 553.42825 1.0101579 0.6492525100000001 -7.4504698
60872 20025.684 113.69642 6531.361900000001 -2525.6063 1.0638078 -2.7038236 -6.959757400000001
60872 20445.684 534.02086 4777.0918 -5095.3083 0.9035299800000001 -5.5045196 -5.067896800000001
60872 20865.684 847.2204399999999 2064.0471000000002 -6639.9421 0.5626086 -7.1937031 -2.1629625000000003
60872 21285.684 990.81149 -1062.3987 -6851.5837 0.10952474 -7.4406209 1.1723173999999998
60872 21705.684 936.04101 -3975.9689 -5687.7492999999995 -0.36609741 -6.196470000000001 4.2763349
60872 22125.684 693.4358000000001 -6091.2638 -3379.5087000000003 -0.76967724 -3.7022826 6.5282354
60872 22545.684 311.23526000000004 -6979.3589 -389.3394 -1.0193696 -0.45302381 7.4673305
60872 22965.684 -133.82811999999998 -6457.8863 2679.7114 -1.063542 2.8940279 6.895114700000001
60872 23385.684 -551.85027 -4631.0024 5205.7076 -0.8928142400000001 5.6554709999999995 4.9261387999999995
60872 23805.684 -858.44683 -1868.7343 6677.64 -0.54219445 7.2719040999999995 1.9631615
60872 24225.684 -991.90995 1269.999 6799.2484 -0.082649092 7.4207739 -1.3932054
60872 24645.684 -925.46034 4153.2165 5546.787 0.39372304 6.0733115 -4.4688293
60872 25065.684 -672.32062 6198.5954 3172.5146 0.79106444 3.4990916000000003 -6.6429132
60872 25485.684 -283.45565999999997 6992.7883 156.18304999999998 1.0288506 0.21813427999999999 -7.473152
60872 25905.684 162.62609 6376.2836 -2891.8516 1.0589454 -3.1017776 -6.7924159
60872 26325.684 576.0604300000001 4476.1065 -5356.7714000000005 0.8761671 -5.7890933 -4.7451331
60872 26745.684 873.9465799999999 1677.8085 -6744.2487 0.5182993300000001 -7.3083331 -1.7501514
60872 27165.684 996.87872 -1456.5081 -6777.8996 0.05712098 -7.3628367 1.5927204
60872 27585.684 920.2124699999999 -4298.9892 -5450.7385 -0.41619383 -5.941359 4.6204049000000005
60872 28005.684 658.84437 -6278.242 -3026.6312000000003 -0.8073833600000001 -3.3202316 6.7262079
60872 28425.684 264.83547 -6992.5748 8.1658623 -1.0369476 -0.021243487 7.478149500000001
60872 28845.684 -182.6782 -6294.7503 3041.3625 -1.0574386 3.2874823 6.7165634
60872 29265.684 -593.30896 -4324.9487 5458.4396 -0.86433755 5.9309229 4.5951047
60872 29685.684 -884.19051 -1481.9626 6770.7246 -0.49710327000000004 7.374529900000001 1.5468583000000002
60872 30105.684 -996.7862600000001 1659.5158999999999 6714.193700000001 -0.029964454 7.3304808999999995 -1.8112779
60872 30525.684 -908.4467800000001 4466.7615000000005 5300.5936 0.44352177000000004 5.8079401 -4.8051243999999995
60872 30945.684 -636.78459 6372.6279 2814.6046 0.82794177 3.1114332 -6.8293593
60872 31365.684 -236.53301000000002 6991.749400000001 -241.21692000000002 1.0452493999999999 -0.21347734000000002 -7.471424600000001
60872 31785.684 211.46687 6200.1427 -3248.3125 1.05158 -3.4895154 -6.6029978
60872 32205.684 617.0005600000001 4160.286 -5600.4281 0.84658368 -6.0548831000000005 -4.4069139999999996
60872 32625.684 898.78187 1285.7932 -6826.2069 0.47250162 -7.3993125 -1.3315120999999999
60872 33045.684 1000.6316 -1846.2209 -6681.6755 0.0042207882000000006 -7.2610513 2.0081657
60872 33465.684 902.09501 -4608.2888 -5195.4356 -0.4656636 -5.6666052 4.9495000000000005
60872 33885.684 622.44947 -6444.9095 -2663.3881 -0.8434387000000001 -2.927015 6.9019772
60872 34305.684 217.47548 -6982.966 406.03539 -1.0521688999999999 0.41071209 7.4641321
60872 34725.684 -231.42169 -6111.087500000001 3393.3 -1.0487016 3.6700143 6.515731300000001
60872 35145.684 -633.59732 -4004.908 5693.4681 -0.8335338400000001 6.1867296 4.248988199999999
60872 35565.684 -907.94637 -1090.5563 6841.830599999999 -0.45052074 7.4529181 1.125698
60872 35985.684 -999.2765400000001 2043.577 6607.3899 0.023127664 7.216163 -2.223394
60872 36405.684 -889.13477 4765.6512 5037.3204000000005 0.49250803000000004 5.523532 -5.125562
60872 36825.684 -599.52485 6525.7757 2447.8321 0.86294961 2.7136831000000003 -6.9932137
60872 37245.684 -188.8179 6967.8718 -637.38543 1.0591577 -0.6441561 -7.445076
60872 37665.684 259.99552 6003.9076 -3593.6511 1.0415577 -3.8655497999999997 -6.3920185
60872 38085.684 656.5801600000001 3831.1863 -5825.3282 0.8147612000000001 -6.3007796 -4.054483
60872 38505.684 921.48089 889.87701 -6885.4822 0.42530332 -7.4662631 -0.90867297
60872 38925.684 1001.8816 -2229.6843 -6563.2708 -0.048997465 -7.1357493000000005 2.4170624
60872 39345.684 881.58434 -4902.3727 -4922.7817000000005 -0.5142966 -5.3733848 5.2625018
60872 39765.684 584.2378000000001 -6590.3646 -2291.0241 -0.87760858 -2.5240766 7.0551592
60872 40185.684 169.23804 -6950.249900000001 802.9940799999999 -1.0648579999999999 0.84148676 7.4255841
60872 40605.684 -279.9404 -5907.1187 3734.4871000000003 -1.0373425 4.0406185 6.2934003
60872 41025.684 -672.63532 -3671.4267999999997 5910.1421 -0.8005470100000001 6.4223573 3.8887839
60872 41445.684 -929.69544 -695.20766 6890.7277 -0.40258549 7.5069712 0.7006485
60872 41865.684 -999.41072 2421.2666 6479.0073 0.07647277200000001 7.0781326 -2.6285086
60872 42285.684 -867.60671 5049.191400000001 4757.5248 0.5405929 5.2207965000000005 -5.4293476
60872 42705.684 -560.6434300000001 6657.6981 2073.0044 0.89606899 2.3067773000000003 -7.1341013
60872 43125.684 -140.42373 6921.223599999999 -1031.449 1.0705512000000001 -1.0729052 -7.3941614
60872 43545.684 308.11474 5788.0968 -3927.1425 1.0289603 -4.2290581000000005 -6.1598935
60872 43965.684 694.74407 3489.6207000000004 -6031.0072 0.78080018 -6.5262061000000005 -3.6885945
60872 44385.684 942.0315300000001 491.03993 -6921.9738 0.37680871000000005 -7.5089882 -0.48258326
60872 44805.684 1000.6610000000001 -2605.9267999999997 -6422.9873 -0.10242819 -6.987165 2.8184782
60872 45225.684 858.7574000000001 -5180.4494 -4633.4358 -0.56198234 -5.062306700000001 5.5586626
60872 45645.684 544.32631 -6714.1125999999995 -1910.4404 -0.9098132000000001 -2.1123811999999997 7.185328900000001
60872 46065.684 120.26945 -6894.3781 1198.0297 -1.0749651 1.2700279 7.3625729
60872 46485.684 -328.06582000000003 -5683.194 4064.0389 -1.0232998 4.3984879 6.050079
60872 46905.684 -710.2181700000001 -3325.1297000000004 6107.852900000001 -0.76527341 6.637308 3.5152664000000002
60872 47325.684 -949.2058000000001 -296.67956 6917.1726 -0.35328287999999997 7.5365769 0.27259143999999996
60872 47745.684 -996.9712800000001 2791.7686000000003 6329.1811 0.12995202 6.9167217 -3.0256273
60872 48165.684 -843.72109 5316.7865 4461.7045 0.58752263 4.9004267 -5.7156924
60872 48585.684 -520.12364 6768.1561 1690.891 0.92698271 1.8917239 -7.2515233
60872 49005.684 -91.450544 6852.0491 -1422.5217 1.0792081 -1.4984783 -7.3186604
60872 49425.684 355.6609 5553.543900000001 -4248.0543 1.0136741 -4.5788575 -5.9069786
60872 49845.684 731.3174300000001 3136.8901 -6217.0265 0.7447466100000001 -6.730189500000001 -3.310204
60872 50265.684 960.30449 90.876761 -6935.744900000001 0.32718441000000004 -7.5271147 -0.054623767000000004
60872 50685.684 996.92911 -2973.3552999999997 -6261.4852 -0.15582468 -6.8156778000000005 3.2110232
60872 51105.684 833.67903 -5441.2338 -4328.5795 -0.60849229 -4.7344371 5.8369558
60872 51525.684 502.8287 -6815.281599999999 -1522.9865 -0.93997304 -1.6931768 7.2923399
60872 51945.684 70.70198500000001 -6814.9685 1589.8426000000002 -1.0824836 1.6953376 7.2755212
60872 52365.684 -375.66611 -5439.2884 4380.9155 -1.0065813000000001 4.7429212 5.7865252
60872 52785.684 -746.24023 -2966.2171000000003 6285.921200000001 -0.72784095 6.831216 3.1293518
60872 53205.684 -966.43892 104.69617 6920.8779 -0.30277823000000004 7.5415185000000005 -0.15758349000000002
60872 53625.684 -991.98455 3154.6415 6157.9977 0.18338372000000003 6.732022 -3.4136898
60872 54045.684 -817.56317 5568.1337 4150.3511 0.6331658099999999 4.5630353999999995 -5.9834229
60872 54465.684 -478.0817 6857.245400000001 1302.4505 0.9556870300000001 1.4697949000000001 -7.3445247
60872 54885.684 -41.999268 6761.075 -1809.3752 1.0851543 -1.9192368 -7.2182046
60872 55305.684 402.54323 5301.6634 -4555.353400000001 0.9955714000000001 -4.9136024 -5.633417400000001
60872 55725.684 766.1590600000001 2774.8697 -6382.6466 0.7065030900000001 -6.9119131 -2.9204224
60872 56145.684 976.13589 -308.59924 -6926.5876 0.27641021 -7.5208167 0.37393468
60872 56565.684 990.5164599999999 -3330.1987000000004 -6078.9920999999995 -0.20921209999999998 -6.6221798 3.5939858
60872 56985.684 806.15189 -5683.3641 -4008.5532000000003 -0.65393267 -4.390726300000001 6.097565400000001
60872 57405.684 459.38122 -6891.451400000001 -1128.4208999999998 -0.968415 -1.2670464 7.3782905
60872 57825.684 20.063751 -6709.5960000000005 1979.3868 -1.0876451 2.1186249 7.1657639
60872 58245.684 -423.28971 -5172.2933 4686.317 -0.98729239 5.0757466 5.5023503
60872 58665.684 -781.2329300000001 -2591.1203 6445.0318 -0.68805167 7.0048102 2.7290398000000002
60872 59085.684 -981.77625 512.36274 6901.5789 -0.25065323 7.5207755 -0.59178023
60872 59505.684 -984.6555000000001 3512.7185 5964.7058 0.23723513000000002 6.521821 -3.7932749
60872 59925.684 -789.14914 5805.1241 3822.7987000000003 0.67790442 4.2066631 -6.231531
60872 60345.684 -434.44004 6926.2696 907.6556800000001 0.9822057200000001 1.0402521 -7.4112423
60872 60765.684 7.960777200000001 6649.67 -2191.3477000000003 1.0882118 -2.3343415 -7.0913676
60872 61185.684 448.80831 5032.5377 -4847.8003 0.97502024 -5.2316921 -5.341410600000001
60872 61605.684 799.47095 2403.9798 -6527.4705 0.66642168 -7.0706568 -2.5213247
60872 62025.684 989.8521800000001 -706.7320500000001 -6894.9757 0.22473388 -7.4896735 0.80093468
60872 62445.684 981.84239 -3675.7236000000003 -5876.9893 -0.26238017 -6.406835600000001 3.9646946
60872 62865.684 776.69005 -5906.3962 -3676.0288 -0.69804679 -4.0326869 6.3375677999999995
60872 63285.684 415.01551 -6945.4581 -732.83005 -0.99442847 -0.83966123 7.4379097000000005
60872 63705.684 -30.420997 -6584.2510999999995 2359.0804 -1.0902437 2.5304552 7.0316428
60872 64125.684 -469.7488 -4892.4242 4973.1635 -0.96581774 5.3868992 5.2018313
60872 64545.684 -814.3106899999999 -2213.7403 6581.179700000001 -0.6470675 7.151454800000001 2.3250632
60872 64965.684 -994.9635300000001 911.2439200000001 6860.553 -0.19853341000000002 7.474550100000001 -1.0169532000000001
60872 65385.684 -975.43723 3852.8630000000003 5755.8405999999995 0.28997021 6.2932803 -4.1535201
60872 65805.684 -759.532 6018.6491 3489.288 0.72061798 3.8427526 -6.4546329
60872 66225.684 -390.54362 6971.1799 517.60103 1.006354 0.6150739 -7.4529439
60872 66645.684 57.210603000000006 6517.714400000001 -2558.7805 1.0892236 -2.7345599000000003 -6.9453664
60872 67065.684 493.56559000000004 4750.1597 -5118.8634 0.9529356400000001 -5.529451 -5.0380489
60872 67485.684 830.75666 2029.0198 -6647.9847 0.62542828 -7.2063882999999995 -2.1198641
60872 67905.684 1001.3127 -1099.2755 -6840.0382 0.17290069 -7.4361014 1.2208575000000002
60872 68325.684 971.03185 -4006.9909 -5656.5774 -0.31479298 -6.1733132 4.3192017
60872 68745.684 745.60503 -6109.0524000000005 -3333.4622999999997 -0.74043891 -3.6648004000000003 6.5543071
60872 69165.684 370.36977 -6982.353700000001 -339.27779 -1.0173005000000002 -0.4126119 7.466373300000001
60872 69585.684 -79.804164 -6445.339400000001 2724.4416 -1.0896004000000001 2.9259897 6.871713300000001
60872 70005.684 -513.9173499999999 -4608.0897 5237.1933 -0.94218192 5.6722384 4.888389
60872 70425.684 -844.53109 -1842.2385 6692.0209 -0.60527913 7.2725354 1.9210469000000001
60872 70845.684 -1005.2108000000001 1294.4483 6796.4872000000005 -0.14674889 7.4083034 -1.4321405
60872 71265.684 -963.5643100000001 4170.5418 5529.316900000001 0.34182359 6.051892 -4.4991634000000005
60872 71685.684 -727.6862600000001 6205.6508 3144.7404 0.7622903400000001 3.4719453 -6.661432
60872 72105.684 -344.87662 6987.6541 123.58769000000001 1.0293149000000001 0.18768802 -7.4772398
60872 72525.684 107.63717 6358.634400000001 -2922.949 1.0883273 -3.1322309 -6.7787485
60872 72945.684 538.62517 4438.301 -5376.6263 0.92876271 -5.8212266 -4.7157901
60872 73365.684 861.18896 1627.9114 -6746.169900000001 0.58146081 -7.3283159 -1.6989215
60872 73785.684 1010.613 -1509.8378 -6755.7212 0.11801090000000002 -7.357775800000001 1.6535022
60872 74205.684 956.9812900000001 -4344.2254 -5404.2168 -0.36906524 -5.9085016 4.6721197000000005
60872 74625.684 710.9750600000001 -6305.1591 -2963.4612 -0.7824410900000001 -3.2689993 6.751560400000001
60872 75045.684 321.86712 -6997.021 75.295882 -1.0387073 0.031264896 7.469968300000001
60872 75465.684 -132.05235000000002 -6279.932 3098.75 -1.0858432 3.3242113 6.680808
60872 75885.684 -559.4565200000001 -4299.4902 5497.443 -0.91466187 5.9443624 4.5463108000000005
60872 76305.684 -874.53095 -1455.3633 6789.1206 -0.56010545 7.3676106 1.4995398
60872 76725.684 -1014.0822 1680.8602 6714.452200000001 -0.092966881 7.3116334 -1.8496992
60872 77145.684 -949.8301600000001 4478.991 5286.8783 0.39392003999999997 5.784173 -4.8330575
60872 77565.684 -695.24256 6381.6669 2796.3359 0.80181201 3.0801906 -6.838915699999999
60872 77985.684 -299.84684999999996 6988.289 -260.80151 1.0490042000000002 -0.24120053 -7.470423
60872 78405.684 156.0799 6185.1112 -3265.4152999999997 1.0848026 -3.5179356 -6.5908672
60872 78825.684 580.53845 4133.6331 -5609.326099999999 0.90175754 -6.0829177 -4.3788428
60872 79245.684 887.98665 1248.7068000000002 -6819.4134 0.5372424 -7.4191938 -1.2848877
60872 79665.684 1016.5957 -1887.8225 -6652.2519 0.064616 -7.2605274 2.0676659
60872 80085.684 940.36844 -4643.7742 -5141.0779 -0.42152245 -5.6376362 5.005556400000001
60872 80505.684 674.41473 -6462.572400000001 -2589.8797999999997 -0.8232919399999999 -2.8738847 6.9343973
60872 80925.684 272.22346000000005 -6975.7923 485.89819 -1.0589725 0.47170912 7.459709200000001
60872 81345.684 -184.96123 -6080.2773 3463.4061 -1.0807619 3.7171292 6.4759274
60872 81765.684 -604.98829 -3958.6384 5741.6156 -0.88517699 6.206535 4.189064
60872 82185.684 -903.54585 -1042.4031 6863.9728 -0.5124013599999999 7.442751400000001 1.0652851
60872 82605.684 -1020.9985 2082.8951 6606.8360999999995 -0.037372675 7.1859204000000005 -2.2687738
60872 83025.684 -933.79697 4790.5441 5021.907200000001 0.4457051 5.487003700000001 -5.1503879
60872 83445.684 -659.05041 6535.719599999999 2425.7875 0.84039977 2.6800315 -7.0008344
60872 83865.684 -251.67282 6964.7997000000005 -659.5052 1.0665716 -0.67309934 -7.4404097
60872 84285.684 206.51218 5989.1097 -3611.6886 1.0778143 -3.8932875 -6.3757079
60872 84705.684 623.06472 3805.5066 -5833.611900000001 0.8717898900000001 -6.3260721 -4.0233359
60872 85125.684 914.11713 855.13496 -6877.2020999999995 0.49047295 -7.4824717000000005 -0.86109203
60872 85545.684 1021.1375 -2267.4397999999997 -6532.3727 0.010349139 -7.1319818999999995 2.4753149
60872 85965.684 922.37096 -4932.9084 -4867.511 -0.47258511 -5.342692100000001 5.316015800000001
60872 86385.684 637.47429 -6602.566400000001 -2217.843 -0.8608706700000001 -2.4707262 7.0846392
60873 405.68399999999997 223.74812 -6937.7507000000005 881.2636500000001 -1.0753547 0.90167399 7.4185482
60873 825.684 -235.1775 -5871.3695 3801.9408 -1.0725902 4.0864251 6.2517455
60873 1245.684 -646.80671 -3620.6817 5954.8156 -0.85410714 6.4408566 3.8273604999999997
60873 1665.684 -928.5324 -643.2229 6908.852 -0.46469893 7.4950501 0.6391672899999999
60873 2085.684 -1024.1005 2463.3043 6474.1215999999995 0.017359805000000002 7.0457061 -2.6739024
60873 2505.684 -914.3505600000001 5075.8256 4737.9844 0.49650958000000006 5.1818986 -5.4528709
60873 2925.684 -620.92763 6668.4763 2047.6960000000001 0.8769789600000001 2.2712908 -7.1388841
60873 3345.684 -202.55476000000002 6918.5435 -1055.4506000000001 1.0814051 -1.1021698 -7.385623
60873 3765.684 256.68372 5773.8331 -3945.4878 1.0679382000000002 -4.255157199999999 -6.1398784
60873 4185.684 664.20117 3465.4754 -6038.3578 0.83941296 -6.5482664999999995 -3.6553231
60873 4605.684 938.02093 459.31187 -6912.32 0.4421797 -7.521560000000001 -0.43505772000000004
60873 5025.684 1023.0456 -2639.2602 -6391.1383 -0.044306339 -6.9806291 2.8746417
60873 5445.684 902.19312 -5206.2997000000005 -4580.4030999999995 -0.5225483000000001 -5.029702599999999 5.6070311
60873 5865.684 599.1056500000001 -6721.5802 -1842.0011000000002 -0.89615935 -2.0608401 7.2095519999999995
60873 6285.684 174.94173 -6878.517 1269.6684 -1.0889268 1.3260325 7.3525304
60873 6705.684 -284.53351000000004 -5644.6578 4123.5694 -1.0619655000000001 4.440704 6.0099333
60873 7125.684 -686.66861 -3268.1046 6142.5446 -0.82139039 6.6600963 3.4561469000000002
60873 7545.684 -950.88255 -236.41256 6925.1319 -0.41544019 7.5291834 0.20798834
60873 7965.684 -1023.9671 2843.0089 6312.0113 0.07329509299999999 6.8841631 -3.0771444000000003
60873 8385.684 -891.36436 5351.2516 4427.5251 0.54740855 4.855482299999999 -5.7431418
60873 8805.684 -579.5879 6783.5897 1650.6088 0.91189663 1.8478913000000001 -7.2536042
60873 9225.684 -151.21131 6850.9133 -1459.3128000000002 1.0930493 -1.532875 -7.3011411
60873 9645.684000000001 307.60114000000004 5539.6613 -4274.9857 1.0543287000000001 -4.6026317 -5.8769338
60873 10065.684000000001 704.6210100000001 3115.4161000000004 -6229.510200000001 0.8040079600000001 -6.7437546 -3.2714361
60873 10485.684000000001 960.25951 65.832442 -6930.4794 0.39250847 -7.5301540000000005 -0.0091697116
60873 10905.684 1023.1291 -2996.8098 -6236.323200000001 -0.098450118 -6.804262800000001 3.2593232
60873 11325.684 880.2134000000001 -5456.509400000001 -4284.460599999999 -0.5710508400000001 -4.7041583000000005 5.8785271
60873 11745.684 559.92951 -6815.2603 -1467.4727 -0.9293010399999999 -1.6487279000000001 7.312316
60873 12165.684 126.23632 -6794.827 1647.9488000000001 -1.1003952 1.7446612000000001 7.2670861
60873 12585.684 -333.02697 -5400.0093 4429.3006 -1.0489414 4.7824535 5.7491782
60873 13005.684000000001 -724.4763 -2909.4256 6307.7036 -0.7865781100000001 6.858139100000001 3.0725832
60873 13425.684000000001 -970.2207900000001 166.07047 6914.2073 -0.36374341 7.542076 -0.23518284
60873 13845.684000000001 -1020.9316 3212.7072000000003 6125.357900000001 0.13170492 6.6937436 -3.4860527
60873 14265.684000000001 -864.5139300000001 5605.0644 4091.2667 0.60020962 4.502443599999999 -6.032172800000001
60873 14685.684 -533.6732800000001 6865.8335 1229.5901999999999 0.94823028 1.3974141 -7.3604460000000005
60873 15105.684 -95.015206 6739.081700000001 -1881.2791000000002 1.1046904 -1.9900234 -7.1978804
60873 15525.684 362.74354 5252.7969 -4611.236400000001 1.0381653 -4.9688248999999995 -5.580386000000001
60873 15945.684 747.60501 2708.0202000000004 -6410.8123 0.76333086 -6.9405961 -2.8437458
60873 16365.684 982.44144 -380.5632 -6920.143400000001 0.33593752 -7.5158097 0.45920431
60873 16785.684 1020.2909000000001 -3392.8122000000003 -6038.0607 -0.15886686 -6.583300400000001 3.6698775
60873 17205.684 853.34173 -5723.755400000001 -3940.7200000000003 -0.62274024 -4.3256672 6.147318
60873 17625.684 514.54337 -6902.7704 -1047.2835 -0.96243336 -1.1894936 7.3893978
60873 18045.684 72.09647199999999 -6689.0245 2056.8711000000003 -1.1082638 2.1897291 7.1377211
60873 18465.684 -384.88898 -5125.8012 4744.9569 -1.0305438 5.1260379 5.4427644
60873 18885.684 -764.32957 -2529.3388999999997 6474.2552000000005 -0.74544222 7.0257722000000005 2.6512699
60873 19305.684 -989.9535000000001 576.3471400000001 6897.0024 -0.31058103 7.5099749000000005 -0.67255296
60873 19725.684 -1016.3647 3566.0004 5928.138400000001 0.18706676 6.4823095 -3.8624468000000003
60873 20145.684 -837.99111 5836.9975 3761.6967000000004 0.6478519 4.145567600000001 -6.2767997
60873 20565.684 -490.50824 6929.7675 834.2438000000001 0.97846608 0.96824414 -7.423585
60873 20985.684 -43.935396999999995 6622.9408 -2262.2553 1.1114893 -2.4037528000000004 -7.0674657
60873 21405.684 410.9655 4972.2614 -4894.1983 1.0220836 -5.289676099999999 -5.295187
60873 21825.684 784.3808100000001 2324.4402999999998 -6548.6277 0.7249743200000001 -7.102289799999999 -2.44333
60873 22245.684 999.778 -791.5582800000001 -6880.2071 0.28338669 -7.482035 0.8900411
60873 22665.684 1014.4956999999999 -3748.7914 -5826.8583 -0.21445750000000002 -6.3597672 4.0397647
60873 23085.684 825.6562 -5953.715200000001 -3601.1689 -0.6694964800000001 -3.9602326 6.3776592
60873 23505.684 471.0055 -6962.8460000000005 -650.36232 -0.99048047 -0.76249621 7.4329662
60873 23925.684 21.701665000000002 -6572.447700000001 2431.3754 -1.1125162 2.589474 6.9907417
60873 24345.684 -431.99240000000003 -4861.2888 5023.3911 -1.01102 5.4190868000000005 5.1409708
60873 24765.684 -798.9717800000001 -2174.0173 6604.179700000001 -0.7066668100000001 7.1588521 2.2577616
60873 25185.684 -1005.5631 949.63941 6855.624400000001 -0.26016121 7.4615993 -1.0818172
60873 25605.684 -1009.9484 3881.9635000000003 5725.0100999999995 0.23986047 6.2626699 -4.2111792999999995
60873 26025.684 -810.5781400000001 6030.5358 3436.6462 0.69293777 3.7966875 -6.497626400000001
60873 26445.684 -447.32615999999996 6960.0483 451.6851 1.0070983 0.55260362 -7.4711186
60873 26865.684 6.6059164 6479.0168 -2625.0969 1.1171983 -2.8028897 -6.927192600000001
60873 27285.684 459.21250000000003 4686.6499 -5169.1761 1.0013733 -5.5832677 -4.9820788
60873 27705.684 819.3148000000001 1948.1267 -6668.3425 0.6843375899999999 -7.2302184 -2.0379055
60873 28125.684 1014.8044000000001 -1181.8744 -6824.0761 0.23084618 -7.4199516 1.3077628
60873 28545.684 1006.7629000000001 -4074.8984 -5607.329 -0.26848183000000003 -6.1214011 4.3871085999999995
60873 28965.684 796.8006700000001 -6150.51 -3262.9286 -0.7143712600000001 -3.5931669999999998 6.5860792
60873 29385.684 426.83355 -6990.924 -261.61507 -1.0172999999999999 -0.339736 7.4609042
60873 29805.684 -28.929705000000002 -6426.0632000000005 2792.3201000000004 -1.1158972 2.9834662 6.8323643
60873 30225.684 -478.90709000000004 -4569.5441 5283.582200000001 -0.99023026 5.7056077 4.8276817
60873 30645.684 -832.70362 -1795.0689 6710.722900000001 -0.66571758 7.2804281 1.8517158
60873 31065.684 -1019.2103000000001 1339.9392 6786.0958 -0.20707235000000002 7.3929113 -1.4999685999999999
60873 31485.684 -1000.5681999999999 4204.792 5492.1750999999995 0.2944826 6.0159107 -4.557023
60873 31905.684 -780.33816 6221.3518 3089.3349 0.73798272 3.4170479 -6.6987828
60873 32325.684 -401.90467 6977.731400000001 58.121527 1.0331223999999999 0.12186827 -7.4864855
60873 32745.684 57.9792 6320.2315 -2984.9116000000004 1.1190446 -3.1981684 -6.7539427
60873 33165.684 506.15275 4383.392900000001 -5422.2721 0.97866522 -5.864245700000001 -4.6550392
60873 33585.684 852.1815600000001 1560.2353 -6761.7533 0.64154958 -7.3424825 -1.621471
60873 34005.684 1026.8597 -1576.4557 -6738.0091 0.17617185000000002 -7.3386575 1.7315653
60873 34425.684 995.2248900000001 -4396.446900000001 -5356.732 -0.32422966000000003 -5.8604551 4.733158
60873 34845.684 763.63485 -6333.0369 -2896.326 -0.75978901 -3.2034076000000002 6.782467
60873 35265.684 378.49618 -6996.2637 147.96104000000003 -1.0428096 0.09931424 7.4653023
60873 35685.684 -82.757221 -6252.6535 3162.3943 -1.1160877 3.3805028000000004 6.6433655
60873 36105.684 -527.4225200000001 -4252.9125 5540.053400000001 -0.9652348500000001 5.9787122 4.4854632
60873 36525.684 -866.2975200000001 -1399.8811 6803.3887 -0.62092901 7.3752889999999995 1.4275791999999998
60873 36945.684 -1031.3982 1733.8656 6698.4063 -0.15168096 7.2924783 -1.9200274
60873 37365.684 -989.2017900000001 4518.759099999999 5243.7793 0.34943588999999997 5.7415151 -4.889604500000001
60873 37785.684 -747.44012 6391.5702 2728.6688 0.78180147 3.0258326 -6.8801418000000005
60873 38205.684 -354.53978 6971.7762 -339.56469 1.0569783 -0.31133683 -7.4782049
60873 38625.684 110.21997 6139.0251 -3338.8209 1.1180078000000002 -3.585009 -6.557402000000001
60873 39045.684 552.64748 4063.4381000000003 -5660.215 0.95308912 -6.1265259 -4.3109707
60873 39465.684 883.6096600000001 1166.5396 -6836.1908 0.5965503400000001 -7.4272044 -1.1991823
60873 39885.684 1036.8512 -1964.9449 -6633.4989000000005 0.1208258 -7.2295916 2.1468699
60873 40305.684 981.7213100000001 -4701.579 -5094.0617 -0.37885265 -5.579314800000001 5.0580907
60873 40725.684 729.30332 -6493.3061 -2528.1652000000004 -0.80262946 -2.8065295000000003 6.9511405
60873 41145.684 330.23493 -6979.3723 547.44163 -1.0651633999999999 0.53136761 7.4432390999999996
60873 41565.684 -135.24457999999998 -6062.358 3512.7603 -1.1135018 3.7598623 6.435549600000001
60873 41985.684 -573.6134300000001 -3928.0660000000003 5771.0588 -0.93837229 6.2292818 4.134761800000001
60873 42405.684 -896.98539 -1006.0603000000001 6869.1422 -0.5752226899999999 7.4477262 1.0047522
60873 42825.684 -1040.4736 2117.5712000000003 6586.067900000001 -0.09620247100000001 7.1726635 -2.3309421
60873 43245.684 -974.8444000000001 4815.2442 4975.9621 0.40369743 5.4525310000000005 -5.2065786
60873 43665.684 -712.61119 6541.124 2359.9117 0.82388282 2.6241705000000004 -7.0381808
60873 44085.684 -306.17034 6943.1741 -734.9955500000001 1.0782578 -0.7434556999999999 -7.4449045
60873 44505.684 162.31942999999998 5937.9385 -3680.551 1.1141896 -3.9601341000000003 -6.3394019
60873 44925.684 597.95153 3730.4937999999997 -5879.024 0.92491615 -6.3690736 -3.9521382
60873 45345.684 912.82624 768.50689 -6886.5513 0.5496261100000001 -7.489263200000001 -0.77114609
60873 45765.684 1043.9986 -2348.108 -6504.4997 0.064421121 -7.097739400000001 2.5584393
60873 46185.684 965.14172 -4992.3652999999995 -4810.3639 -0.43348928000000003 -5.278546599999999 5.3704194
60873 46605.684 692.1347800000001 -6632.2392 -2145.9092 -0.84431124 -2.396598 7.099774000000001
60873 47025.684 279.86172999999997 -6937.5958 951.5533 -1.0852472 0.96689714 7.3967533
60873 47445.684 -188.7021 -5848.0738 3857.3226 -1.1078567000000001 4.1314946 6.2034929000000005
60873 47865.684 -619.42422 -3584.7592000000004 5987.0689 -0.90826553 6.4615453 3.7654405000000004
60873 48285.684 -926.04237 -603.1099399999999 6914.1066 -0.52694345 7.494839700000001 0.57357215
60873 48705.684 -1047.1016 2499.2572 6452.054099999999 -0.039496862 7.0261125 -2.7375698
60873 49125.684 -957.86796 5099.284900000001 4690.803 0.45750047 5.1417724 -5.5074323000000005
60873 49545.684 -675.5460899999999 6670.5793 1981.6003 0.8640415 2.2114642 -7.1728273
60873 49965.684 -256.58084 6892.268900000001 -1129.4878999999999 1.0967295 -1.1748575 -7.3859803
60873 50385.684 214.38945 5717.2783 -4011.0975000000003 1.1073317999999999 -4.323302 -6.0990695
60873 50805.684 642.1785600000001 3385.7567000000004 -6080.3895999999995 0.8937603000000001 -6.5898162000000005 -3.5772121
60873 51225.684 940.07952 370.38669 -6916.9843 0.50086373 -7.523131 -0.34067225
60873 51645.684 1048.7471 -2719.9294 -6357.3952 0.0078011492 -6.9407485 2.959243
60873 52065.684 946.39036 -5262.9091 -4515.2187 -0.48690438999999996 -4.9612234 5.662680099999999
60873 52485.684 653.51799 -6746.2493 -1761.6221 -0.8838646099999999 -1.9810394 7.2245933
60873 52905.684 229.02812 -6870.7366 1347.8315 -1.1028161 1.3978274 7.327702400000001
60873 53325.684 -241.57414000000003 -5612.2243 4185.52 -1.0997128 4.490452100000001 5.9535283
60873 53745.684 -663.6540500000001 -3226.503 6180.4558 -0.87596549 6.675383 3.3844774
60873 54165.684 -952.6983299999999 -193.80857999999998 6933.1253 -0.47699007 7.5197642 0.13849477999999998
60873 54585.684 -1050.7930000000001 2877.6326000000004 6292.4102 0.018011372 6.8563078 -3.1384909
60873 55005.684 -937.85913 5370.6703 4384.5912 0.51084301 4.811388200000001 -5.7920771
60873 55425.684 -635.90171 6780.4388 1590.929 0.90238418 1.7886172999999999 -7.2830394
60873 55845.684 -205.43005 6820.0879 -1525.1629 1.1122244000000001 -1.6036738000000001 -7.2993774
60873 56265.684 266.62654 5479.3538 -4331.8197 1.0969662 -4.6702806 -5.8351965
60873 56685.684 684.69118 3029.244 -6259.0815999999995 0.8604570300000001 -6.7903625000000005 -3.1928833
60873 57105.684 964.56626 -33.920667 -6919.022400000001 0.45032485000000005 -7.5381725 0.094413493
60873 57525.684 1050.0569 -3089.4482000000003 -6181.3145 -0.050174225999999995 -6.7623394 3.3577958
60873 57945.684 923.82394 -5522.0369 -4194.0245 -0.54063774 -4.6226400000000005 5.9428007
60873 58365.684 611.2811899999999 -6840.9710000000005 -1358.6825000000001 -0.92208848 -1.5504433 7.3264827
60873 58785.684 175.5193 -6780.851000000001 1751.4303 -1.1173242 1.8306495 7.2289958
60873 59205.684 -295.57567 -5356.3455 4508.4895 -1.0876540000000001 4.8352845 5.6754965
60873 59625.684 -707.42763 -2857.0243 6358.9036 -0.8402261099999999 6.862421 2.9866009
60873 60045.684 -977.73812 214.22179 6933.4101 -0.42508253 7.5136405 -0.29740008
60873 60465.684 -1052.4357 3242.4731 6116.97 0.075645689 6.6606065 -3.5253229000000004
60873 60885.684 -916.0818800000001 5620.0699 4070.6524 0.56291963 4.4662149 -6.0538733
60873 61305.684 -595.28354 6865.5048 1202.8217 0.93862817 1.3620753 -7.3683589000000005
60873 61725.684 -154.24422 6723.7883 -1908.502 1.1254670000000002 -2.0262084000000002 -7.1917189
60873 62145.684 318.01153000000005 5221.1983 -4632.51 1.0846364000000002 -5.0055129 -5.5558299
60873 62565.684 725.97745 2662.4285 -6417.1897 0.82468321 -6.968903500000001 -2.7966539
60873 62985.684 987.35474 -435.31359000000003 -6902.057400000001 0.39829024 -7.5234346 0.52722114
60873 63405.684 1049.4079 -3444.3429 -5990.2929 -0.10789163 -6.5593124 3.7399185000000004
60873 63825.684 899.74898 -5758.4692000000005 -3866.9079 -0.59257457 -4.2709961000000005 6.1975861000000005
60873 64245.684 568.48475 -6910.365400000001 -961.03299 -0.9577585000000001 -1.1203036 7.4015755
60873 64665.684 122.50639 -6668.2846 2139.3684 -1.1294527 2.2519613 7.108434900000001
60873 65085.684 -348.2006 -5083.8836 4808.3367 -1.0736818000000001 5.1621612 5.383750699999999
60873 65505.684 -749.11086 -2479.1507 6510.1677 -0.80299466 7.028975099999999 2.5829996
60873 65925.684 -1000.1417 621.90582 6905.6832 -0.37206637000000004 7.4866229 -0.73156734
60873 66345.684 -1051.0698 3598.3893 5915.8236 0.13389757 6.4452541000000005 -3.9028246
60873 66765.684 -891.2131700000001 5852.8955000000005 3736.5858 0.6146402900000001 4.105349 -6.2982986
60873 67185.684 -551.97116 6928.650900000001 803.49329 0.97326146 0.9287912 -7.4295143
60873 67605.684 -101.27844999999999 6605.1721 -2292.1722999999997 1.1360136 -2.4434437 -7.057394100000001
60873 68025.684 369.90202000000005 4945.782099999999 -4923.0151 1.0690856000000002 -5.3222026 -5.2543023
60873 68445.684 766.35547 2286.5750000000003 -6556.3115 0.78633376 -7.122251100000001 -2.3896023
60873 68865.684 1007.8417 -835.83382 -6859.9129 0.34428534000000005 -7.4852894 0.96303006
60873 69285.684 1046.3781 -3789.9966000000004 -5778.4171 -0.16758414 -6.3276617 4.1185994
60873 69705.684 873.62093 -5978.3593 -3527.2255 -0.6455488699999999 -3.8883501000000003 6.4379993
60873 70125.684 523.63279 -6953.148099999999 -558.9486700000001 -0.99315929 -0.6698493600000001 7.4565907
60873 70545.684 67.711743 -6521.9272 2522.907 -1.1405645 2.6881959 6.9657817
60873 70965.684 -401.95527000000004 -4772.259599999999 5093.6506 -1.0574294 5.4997799999999994 5.064589
60873 71385.684 -790.81218 -2055.8158000000003 6634.0395 -0.76083534 7.1990396 2.1392174
60873 71805.684 -1019.9565 1072.5836000000002 6832.3707 -0.31171635 7.4430391 -1.2104135
60873 72225.684 -1043.78 3985.0627999999997 5651.628900000001 0.2002699 6.1882523 -4.3159296000000005
60873 72645.684 -857.3306200000001 6094.629 3329.4131 0.6724592699999999 3.6845871000000003 -6.552602200000001
60873 73065.684 -497.97851 6975.037 334.02337 1.0093867 0.43578212000000005 -7.465748
60873 73485.684 -38.156134 6448.4389 -2728.9694 1.1426463000000002 -2.8980587 -6.8698595
60873 73905.684 429.48775 4622.219 -5241.3471 1.0459059 -5.6427727999999995 -4.8901145
60873 74325.684 810.87758 1868.1292 -6698.4057999999995 0.7393447400000001 -7.247425100000001 -1.9306056
60873 74745.684 1029.7084 -1260.6544 -6808.8927 0.28493964 -7.3974687 1.4134494
60873 75165.684 1042.0886 -4136.5585 -5550.5928 -0.22717890000000002 -6.0630375 4.477011
60873 75585.684 845.08744 -6180.8985999999995 -3174.207 -0.69504125 -3.5048607 6.6459164
60873 76005.684 478.08692 -6981.013900000001 -158.03385 -1.0236662 -0.23393188 7.474621600000001
60873 76425.684 14.449547 -6371.2588 2890.6448 -1.1462259 3.0878507 6.7929051000000005
60873 76845.684 -452.1316 -4475.4765 5354.410900000001 -1.0374827 5.784263 4.7378061
60873 77265.684 -827.60531 -1677.3633 6735.9892 -0.71993012 7.3115341 1.7287948
60873 77685.684 -1036.4657 1458.5731 6757.697400000001 -0.25760908 7.365766400000001 -1.6271529
60873 78105.684 -1036.6266 4300.7715 5415.097900000001 0.25699955999999996 5.9359176 -4.6570464000000005
60873 78525.684 -827.79112 6275.6406 2977.9651000000003 0.7205467999999999 3.3060647 -6.7494247
60873 78945.684 -451.82803 6983.4084 -61.970943 1.0390044 0.006342337900000001 -7.4771232
