CIC_MEM_VERS = 1.0
CREATION_DATE = 2025-07-04T15:06:32.115214
ORIGINATOR = CS Group

META_START
OBJECT_NAME = PLEIADES-NEO4
OBJECT_ID = PLEIADES-NEO4
USER_DEFINED_PROTOCOL = NONE
USER_DEFINED_CONTENT = LLA
USER_DEFINED_SIZE = 3.0
USER_DEFINED_TYPE = REAL
USER_DEFINED_UNIT = [deg] [km]
TIME_SYSTEM = UTC
META_STOP

60860 13566.918528 0.12091111843405142 -100.10226462034277 624.118614005388
60860 13986.918528 25.928463979325727 -103.92820665448893 626.2898626595195
60860 14406.918528 51.47399974759385 -110.05848132836708 632.9584888952807
60860 14826.918528 75.69276051512563 -132.83535963171988 637.7850860427681
60860 15246.918528 74.1531486953804 109.02729291871563 636.3993154702931
60860 15666.918528 49.68218298099791 89.29931433395507 629.1655937646104
60860 16086.918528 24.065075963191077 83.4777837682578 623.8463646009093
60860 16506.918528000002 -1.7637680988707252 79.70560381381087 621.9235371790319
60860 16926.918528000002 -27.572425443388713 75.8216230925739 625.5601734010469
60860 17346.918528000002 -53.096320511027 69.36898194996932 633.3321242796164
60860 17766.918528000002 -77.03876660640839 43.121028349587505 639.2956602022795
60860 18186.918528 -72.7150284146562 -73.70321755697152 638.6179491811068
60860 18606.918528 -48.091797223317556 -91.18034705975194 631.8294490690715
60860 19026.918528 -22.483541801464284 -96.74621504246076 624.0049856222222
60860 19446.918528 3.3321740301273253 -100.47595411398598 625.3653440952673
60860 19866.918528 29.122895841529953 -104.4200383426134 625.0571286450834
60860 20286.918528000002 54.62041334265229 -111.21134905039908 632.2990427612662
60860 20706.918528000002 78.24768030842125 -141.5546526095036 637.6152982971445
60860 21126.918528000002 71.29169846790283 104.05230406262633 636.5473446648607
60860 21546.918528000002 46.51787062057463 88.37563519994521 629.9302915915993
60860 21966.918528 20.87531976647524 83.03028448050297 623.0306391706496
60860 22386.918528 -4.967344526676596 79.33097378977705 621.3898969338313
60860 22806.918528 -30.764055940468058 75.31078017078087 624.8923574000365
60860 23226.918528 -56.25916175020093 68.10369106978943 623.7415445900556
60860 23646.918528 -79.48018228753251 32.027032493061476 626.3313788390103
60860 24066.918528000002 -69.60871917861866 -78.16730451811313 626.2365728799558
60860 24486.918528000002 -44.63951692166492 -92.12363880481706 628.7496702822687
60860 24906.918528000002 -18.966321187114495 -97.23309845896091 624.9228916934289
60860 25326.918528 6.870256447237353 -100.89952999693506 621.8230029474296
60860 25746.918528 32.6563253098917 -105.01652552792686 624.9726865995218
60860 26166.918528 58.08014193840771 -112.73756876689811 631.1012300136231
60860 26586.918528 80.59245745174765 -156.3415664976423 634.569822504766
60860 27006.918528 67.97447973931148 100.02090241430798 632.0946610017099
60860 27426.918528000002 42.93085883591475 87.45423952655138 625.4852601497083
60860 27846.918528000002 17.222788425177782 82.5342447079216 620.0874629534468
60860 28266.918528000002 -8.639662721544827 78.88508762231419 620.711222362033
60860 28686.918528000002 -34.41063676345994 74.66621690950687 625.8004652172497
60860 29106.918528 -59.80561528326388 66.37402184564468 627.5554639533044
60860 29526.918528 -81.44699095556305 13.493747664519093 633.9934090373661
60860 29946.918528 -66.29124451476004 -81.57342253228283 634.5509727458609
60860 30366.918528 -41.187630636194534 -92.95079533887697 630.5806346106006
60860 30786.918528 -15.507225706937438 -97.68853646266116 627.0563838133171
60860 31206.918528000002 10.302232557313015 -101.31634884096016 628.3683391764012
60860 31626.918528000002 36.00699005836408 -105.63113794066236 634.585207682253
60860 32046.918528000002 61.2670648125104 -114.45253775121475 641.5475314550713
60860 32466.918528 81.90246314766513 -175.8499507914376 643.2995462607098
60860 32886.918528 64.9828422417373 97.34635778806796 637.308919592569
60860 33306.918528 39.81434289719922 86.75313527977993 626.2899735446878
60860 33726.918528 14.070289037930714 82.13284819638852 616.6600671959228
60860 34146.918528 -11.830929164299539 78.49786074565601 614.4800664812743
60860 34566.918528 -37.62916086278851 74.05056183917912 620.0481869244226
60860 34986.918528 -62.93860612334829 64.48710354731702 628.0883604085311
60860 35406.918528 -82.13893685921487 -8.92890434783781 633.8631855021297
60860 35826.918528 -63.19482406601131 -83.96852440271338 633.7553050598683
60860 36246.918528 -37.953724343683334 -93.6389028087537 629.7139533497625
60860 36666.918528 -12.241141465241421 -98.09917669639265 626.857707640462
60860 37086.918528 13.566754289967344 -101.71985540501444 629.1240380222827
60860 37506.918528 39.23840459585601 -106.2798378334525 635.9150859831022
60860 37926.918528 64.37773434707796 -116.53131321957241 642.6552843869925
60860 38346.918528 82.03380453977165 160.80692633322147 643.5061640186378
60860 38766.918528 61.881247563757995 95.18145216633535 636.5609777492742
60860 39186.918528 36.58859784096938 86.09588328136745 625.2948174049305
60860 39606.918528 10.815812560584561 81.72949867544311 616.8517761832475
60860 40026.918528 -15.081624061613189 78.09081216862457 615.1677014744022
60860 40446.918528 -40.84674501885185 73.372209945674 620.8381196155482
60860 40866.918528 -66.0239924446799 62.14702410334216 626.0993893117592
60860 41286.918528 -81.52405901666167 -31.876350397119925 625.8522641937222
60860 41706.918528 -59.96878886732701 -85.94031208423617 629.4672018328724
60860 42126.918528 -34.56847697847439 -94.29389587303176 628.3571818546878
60860 42546.918528 -8.79534641278943 -98.52368163990215 624.2539669840612
60860 42966.918528 17.034676055373467 -102.16716264480743 624.0009429490507
60860 43386.918528 42.72448792580072 -107.0636990687063 629.701494682698
60860 43806.918528 67.74006727578255 -119.44643395963621 638.4768359415472
60860 44226.918528 80.75170271865923 138.2596998255032 641.8080805431267
60860 44646.918528 58.421231549339154 93.25691950750574 637.7352914876021
60860 45066.918528 33.04839238470753 85.43531351206205 629.6280039519277
60860 45486.918528 7.286004528684482 81.2979953808097 624.5582513908588
60860 45906.918528 -18.55120043765185 77.6359042009632 623.6230691326554
60860 46326.918528 -44.216271703685386 72.57626055763996 629.9200320325324
60860 46746.918528 -69.15232256565409 59.04523397086487 636.3612212028492
60860 47166.918528 -79.85659530390869 -49.18987860621969 637.5484462273462
60860 47586.918528 -56.89054444064004 -87.46705951299934 632.2394257022924
60860 48006.918528 -31.439488714524053 -94.84281143230764 624.5447752978329
60860 48426.918528 -5.638871635744702 -98.89831487473306 620.1783791506914
60860 48846.918528 20.211227453894782 -102.58756712818595 622.73991342404
60860 49266.918528 45.876174026124 -107.8524355358808 626.2869076549215
60860 49686.918528 70.75045513641555 -122.94944766434335 628.7482075680302
60860 50106.918528 78.6406811339928 123.74203521015527 630.3615989054975
60860 50526.918528 55.10011691904302 91.75751072739307 626.8365991361987
60860 50946.918528 29.58201257314183 84.84423532257783 621.9346089741668
60860 51366.918528 3.7652832408364474 80.87571741261941 621.1552865512078
60860 51786.918528 -22.0603003945082 77.15357653522439 627.1232005047146
60860 52206.918528 -47.64547189324971 71.65671136714643 637.0589835887466
60860 52626.918528 -72.27060913955907 54.7913887137516 645.1281863040654
60860 53046.918528 -77.46733696241839 -61.240311502918864 645.8582017621598
60860 53466.918528 -53.67367301363573 -88.80071420667369 638.6431242639484
60860 53886.918528 -28.194688846881444 -95.37251946730639 628.0203110786421
60860 54306.918528 -2.3932281402726687 -99.28043128585803 620.2000778338687
60860 54726.918528 23.45997894659618 -103.03985253552369 619.6510309931923
60860 55146.918528 49.098349037839434 -108.76817766623276 624.6153386367688
60860 55566.918528 73.67185933906627 -127.70100002277142 629.773681869518
60860 55986.918528 76.10966752327107 114.32970367692356 630.5085384392784
60860 56406.918528 51.91604507596522 90.55649640977566 626.3772211563399
60860 56826.918528 26.335639995334443 84.33577784875612 621.5578537707445
60860 57246.918528 0.5041031905056017 80.49331295388396 621.4310654515865
60860 57666.918528 -25.306989453605755 76.6873192186765 627.9251249852647
60860 58086.918528 -50.841417308956295 70.67764676352496 637.7237296611504
60860 58506.918528 -75.11178506288302 49.16969275373851 645.2499816838351
60860 58926.918528 -74.8014686994867 -69.0300004241476 645.1465300060531
60860 59346.918528 -50.48280182990253 -89.92209036876562 637.4631724197101
60860 59766.918528 -24.941553085247147 -95.86855706692832 627.1930964106256
60860 60186.918528 0.8738102629521899 -99.66388959264108 620.7165008282072
60860 60606.918528 26.70808808521252 -103.51940242196909 621.1264283080565
60860 61026.918528 52.2845815777883 -109.81225599074226 626.301169497503
60860 61446.918528 76.41806252112436 -134.36062517392807 630.7769279622415
60860 61866.918528 73.34383802583852 107.94340620486025 630.4197747709406
60860 62286.918528 48.737035301431824 89.53067785991736 625.4689359870729
60860 62706.918528 23.100573457192056 83.86109303536475 620.5709093497967
60860 63126.918528 -2.747326209099179 80.11230870576733 620.991088072729
60860 63546.918528 -28.546003946397736 76.19167713721595 628.0254015072817
60860 63966.918528 -54.02495757453541 69.54299464621833 637.818606734455
60860 64386.918528 -77.75136212844014 41.04150227022699 644.9393617340503
60860 64806.918528 -71.93739519760629 -74.45833290598235 644.2769020669954
60860 65226.918528 -47.27404266549787 -90.89242516301545 636.4783040430092
60860 65646.918528 -21.682091383020264 -96.33491614332998 626.8661252064662
60860 66066.918528 4.140799579523659 -100.0475664786172 621.6816829305266
60860 66486.918528 29.949762047235538 -104.03088698974601 622.9968121441199
60860 66906.918528 55.452034582603574 -111.02810156555894 628.1789726538245
60860 67326.918528 78.89246780902951 -144.12576985487505 631.7208572798031
60860 67746.918528 70.43776237389405 103.40016235322159 630.0847058784955
60860 68166.918528 45.5500371782827 88.63787382885248 624.2294435507292
60860 68586.918528 19.863036765069044 83.4129165551609 619.2671408555228
60860 69006.918528 -6.000108429054427 79.72868435295723 620.2827809105341
60860 69426.918528 -31.78469602846719 75.6586252568059 627.8609623360082
60860 69846.918528 -57.19761338089936 68.20430003731964 637.711132512389
60860 70266.918528 -80.0261437154786 28.868106334274856 644.4921734910456
60860 70686.918528 -68.95192253819158 -78.40312473258797 643.4157467669792
60860 71106.918528 -44.04954523613632 -91.7431784798323 635.6970139694105
60860 71526.918528 -18.416409039454965 -96.77705151496811 626.8855335692012
60860 71946.918528 7.408576072589463 -100.43465054884318 622.926202218037
60860 72366.918528 33.18700693499923 -104.58096423223706 625.0686849051845
60860 72786.918528 58.601104464609264 -112.4663351975424 630.1136670011325
60860 73206.918528 80.88155536979046 -158.70815593483812 632.6043292612708
60860 73626.918528 67.44455018996985 100.02433621357211 629.5197283053068
60860 74046.918528 42.35441113069765 87.84792177171249 622.5489984804295
60860 74466.918528 16.619858513916657 82.98471311655192 617.58308606159
60860 74886.918528 -9.258178781784853 79.33879050670168 619.2805915996655
60860 75306.918528 -35.02721533769657 75.08057311018213 627.5030596424428
60860 75726.918528 -60.35971220460688 66.59726214485177 637.4311563549547
60860 76146.918528 -81.63006729327878 10.877291323434662 643.9779466281614
60860 76566.918528 -65.88419222018811 -81.38981437466381 642.6647078606312
60860 76986.918528 -40.80839293819364 -92.50124179184941 635.2438880233689
60860 77406.918528 -15.142891005625158 -97.2010338332039 627.3769739764505
60860 77826.918528 10.678083218014224 -100.828790700103 624.5202459867594
60860 78246.918528 36.42021159204997 -105.17840592234673 627.3143196405374
60860 78666.918528 61.72790466995791 -114.20151804261002 632.0132728027054
60860 79086.918528 82.01642735484235 -179.1825922313397 633.2891446326018
60860 79506.918528 64.3912720358697 97.4229656421116 628.6772330381958
60860 79926.918528 39.15158176034779 87.14126827029982 629.6965810313388
60860 80346.918528 13.433574656351402 82.58195085926124 624.3823884731464
60860 80766.918528 -12.398077766174703 78.95794981715089 624.1746402938567
60860 81186.918528 -38.13656763164872 74.47908727516385 625.877046117586
60860 81606.918528 -63.417650254264565 64.69010437939957 622.5370679602892
60860 82026.918528 -82.12753024711026 -12.40565681042154 627.9806848692411
60860 82446.918528 -62.632794437539076 -83.8127747241042 629.4260569121575
60860 82866.918528 -37.348304042535744 -93.22961417115347 627.8161901291888
60860 83286.918528 -11.627688451577075 -97.64469884344854 627.8717342198249
60860 83706.918528 14.161869668844338 -101.26425987126188 632.9045467450758
60860 84126.918528 39.79152187404161 -105.866285729232 641.7124922810559
60860 84546.918528 64.86611227051104 -116.3723580317945 648.9088379620381
60860 84966.918528 81.94431473429633 158.02859534219593 648.8860347777419
60860 85386.918528 61.46099620632758 95.45716927511238 640.0013377605912
60860 85806.918528 36.17022368365859 86.54882309344453 626.2223151030813
60860 86226.918528 10.386019848935195 82.21068089409704 614.5292474235652
60861 246.918528 -15.537057954639115 78.56581615795973 610.6730745215883
60861 666.918528 -41.33630676523013 73.79494649569835 615.0205509329455
60861 1086.918528 -66.5284026399182 62.23618226562434 623.1272821762395
60861 1506.918528 -81.31179867000438 -34.59736591650435 625.8621944134389
60861 1926.918528 -59.457437594907454 -85.68218810861536 626.1419095343218
60861 2346.918528 -34.04956168368732 -93.85580097370335 624.4796899631064
60861 2766.918528 -8.284965208311537 -98.05225782184917 625.7239539515685
60861 3186.918528 17.51097521204959 -101.69576994034391 632.5935990661679
60861 3606.918528 43.10523673027116 -106.618408259249 642.9993033337182
60861 4026.918528 68.0107401556899 -119.17985571272747 650.9512148498127
60861 4446.918528 80.64155849406289 137.70081647874224 650.8866833814977
60861 4866.918528 58.26625509504535 93.716321651243 641.647745439076
60861 5286.918528 32.89609575306864 85.9462409787939 627.6712845545065
60861 5706.918528 7.100815058306939 81.81384195652761 616.0282245101789
60861 6126.918528 -18.807596402975868 78.13901430603411 612.0802792516297
60861 6546.918528 -44.565438631836955 73.02477874165602 615.7314496484305
60861 6966.918528 -69.57732692711402 59.084574529169394 622.2381777993091
60861 7386.918528 -79.49695917150204 -51.032767228925685 629.1747503294731
60861 7806.918528 -56.30480441636908 -87.19930914719103 628.6337716040894
60861 8226.918528 -30.83493839766903 -94.41497571232252 626.2356986760083
60861 8646.918528 -5.062352540952795 -98.4359033656312 626.9198703290281
60861 9066.918528 20.72124485998796 -102.12495969592528 633.1058382811639
60861 9486.918528 46.280303490763174 -107.42652734073077 642.3561095634667
60861 9906.918528 70.98852929026629 -122.73962387002894 648.8243381251715
60861 10326.918528 78.55124688090729 123.84975772831326 647.3588781806847
60861 10746.918528 55.079879376902475 92.29076338367508 637.543392450746
60861 11166.918528 29.60907516676164 85.3912976272215 624.3950272885346
60861 11586.918528 3.77912131643114 81.41996340532269 614.8216545955183
60861 12006.918528 -22.122454214576624 77.6864918122446 613.2230922868188
60861 12426.918528 -47.825127657009325 72.14538705334289 618.5950554577149
60861 12846.918528 -72.56064702728541 54.85172971399033 627.5032879291366
60861 13266.918528 -77.09748422980094 -62.03594834457809 626.5087016616217
60861 13686.918528 -53.09819442031428 -88.48590464562412 623.1011935821311
60861 14106.918528 -27.50440733043143 -94.95137562914962 615.6734275648485
60861 14526.918528 -1.6269132572421892 -98.8423085370788 613.8584319105084
60861 14946.918528 24.245352415473906 -102.62526938570504 620.3628609159119
60861 15366.918528 49.83693486626111 -108.46820936443561 632.6912532428947
60861 15786.918528 74.25860888097478 -128.3671301435416 642.633887274551
60861 16206.918528 75.6356698324484 113.56074354372687 645.5682502316012
60861 16626.918528000002 51.46379373429354 90.9356824658952 640.7482215475169
60861 17046.918528000002 25.970457015569192 84.81695228330932 632.5038715184703
60861 17466.918528000002 0.1974331676392754 80.99483792454437 626.5787295427855
60861 17886.918528000002 -25.59920898706219 77.18174611387565 626.4261995433603
60861 18306.918528 -51.16004465332286 71.10902215426309 630.1495197603313
60861 18726.918528 -75.45022439779781 48.86273770325107 632.5765658876464
60861 19146.918528 -74.3668441755702 -69.4642795893518 629.8259769692244
60861 19566.918528 -49.87606771323746 -89.5831751579765 623.5570520028076
60861 19986.918528 -24.264696403615368 -95.43564072066394 620.5320101011296
60861 20406.918528000002 1.5917992962748289 -99.21677281819082 617.6803952568531
60861 20826.918528000002 27.42984705557481 -103.09915764260995 622.3583226988254
60861 21246.918528000002 52.9813043518519 -109.53153401735241 625.7760664346795
60861 21666.918528 77.01620506935475 -135.74309707017656 625.5969244099655
60861 22086.918528 72.6538540741769 107.2404854087251 631.177706246471
60861 22506.918528 47.96288548410697 89.83134983213101 624.3284607372781
60861 22926.918528 22.304414438785532 84.2771282131175 618.563715193308
60861 23346.918528 -3.562141136629782 80.544548718643 618.5558441318851
60861 23766.918528000002 -29.37562100359354 76.58616917937024 625.9000635325941
60861 24186.918528000002 -54.85650763380211 69.74060904134676 635.5604852664763
60861 24606.918528000002 -78.40134930028908 38.79844352684469 643.3222054223922
60861 25026.918528000002 -71.1453947412411 -75.10646858000396 643.54699217805
60861 25446.918528 -46.410424535663985 -90.60252229193375 636.8628733758809
60861 25866.918528 -20.815157695696083 -95.92596612913265 628.3855871118293
60861 26286.918528 4.997727398235857 -99.61995912361047 623.1763956447796
60861 26706.918528 30.789656853013447 -103.64066472655112 624.8704358868229
60861 27126.918528 56.260934386861585 -110.8438251011372 629.922706288136
60861 27546.918528000002 79.45529472805856 -146.7667534803413 632.8479587319056
60861 27966.918528000002 69.68954059827233 102.98521329761732 630.2200870524614
60861 28386.918528000002 44.742908275371555 88.95746004085542 623.197745959059
60861 28806.918528 19.037288850250935 83.83009065663278 617.8324626143406
60861 29226.918528 -6.838255534724863 80.15674844850517 618.7992562756523
60861 29646.918528 -32.62895691908213 76.04007799916154 626.7408050698563
60861 30066.918528 -58.03183098844641 68.33713097867252 636.4829318857493
60861 30486.918528 -80.534477531885 25.23513731869118 643.6201556463491
60861 30906.918528000002 -68.14057271254445 -78.75011080906077 643.0219213788586
60861 31326.918528000002 -43.18782367698788 -91.42569642918615 635.971638251936
60861 31746.918528000002 -17.55064847228197 -96.36319390193607 627.8798321604032
60861 32166.918528000002 8.266610227641795 -100.0094984281135 624.141947306628
60861 32586.918528 34.029776421568094 -104.20375712315861 626.4809902590507
60861 33006.918528 59.4124136864172 -112.35502972052106 631.3102389742389
60861 33426.918528 81.27316379395302 -162.9058505367918 633.2270377237977
60861 33846.918528 66.66558008543164 99.82115710779397 629.3564229737399
60861 34266.918528 41.52067336119633 88.18354766198254 623.9977755482545
60861 34686.918528 15.787865216539 83.40520286575924 618.6598563055994
60861 35106.918528 -10.085011665293864 79.76636307884117 619.7377907874538
60861 35526.918528 -35.849673171588975 75.45372720793928 626.1858153043722
60861 35946.918528 -61.18506493669495 66.64933577383235 632.7925412393821
60861 36366.918528 -81.8930779474988 5.4631795470095526 639.3370245721867
60861 36786.918528 -65.01055719252935 -81.57868652844472 638.9162849105581
60861 37206.918528 -39.87436365390669 -92.18018881561332 633.2682299786235
60861 37626.918528 -14.194526259659952 -96.79635813037925 627.7533704653956
60861 38046.918528 11.618476218410107 -100.41903393748873 626.0918489093995
60861 38466.918528 37.337384328784346 -104.83268689299554 630.0870287826023
60861 38886.918528 62.593002321275584 -114.22427107268703 635.3180419364504
60861 39306.918528 82.1224939596387 175.0319312367262 636.3585225796078
60861 39726.918528 63.57379960543034 97.35532227191509 631.0004174833407
60861 40146.918528 38.31160014061208 87.49360368373236 624.2648332887173
60861 40566.918528 12.575832120949022 83.00129198571982 622.5897497372433
60861 40986.918528 -13.275403629742536 79.37468698308513 621.7036582546816
60861 41406.918528 -39.00902172226567 74.82528032257508 626.8535134989969
60861 41826.918528 -64.22234792158136 64.64053104054115 633.4307288774539
60861 42246.918528 -82.04999405549927 -17.419099653746397 636.0059147787972
60861 42666.918528 -61.93628660683754 -83.73190959394971 632.2659075689521
60861 43086.918528 -36.62756707514031 -92.84384364482479 625.1986126896322
60861 43506.918528 -10.86379291792138 -97.21131638744372 620.4475636076663
60861 43926.918528 14.993636113505062 -100.84354030238859 622.186877570494
60861 44346.918528 40.70912271292367 -105.54161909169048 623.3551013294705
60861 44766.918528 65.88613270753211 -116.67943798197797 624.6875011003995
60861 45186.918528 81.57974201466202 150.14149571560387 630.6693555834149
60861 45606.918528 60.14204434191395 95.21097224192809 628.3752721042197
60861 46026.918528 34.758503732944625 86.79751749848754 623.5903938257975
60861 46446.918528 8.980268316281506 82.55503676633657 621.7262494802432
60861 46866.918528 -16.855813395465237 78.91268703860862 626.3149195522686
60861 47286.918528 -42.50660951344984 74.04570928885525 635.8266312464618
60861 47706.918528 -67.49255050999122 61.85889296274862 644.2282609072546
60861 48126.918528 -80.90794478382796 -39.061417228180716 646.0180808718799
60861 48546.918528 -58.73627324329161 -85.52837515479898 639.594113660944
60861 48966.918528 -33.37534623485929 -93.44835002449756 628.7068503081484
60861 49386.918528 -7.599296817090768 -97.60570600865019 619.125988991416
60861 49806.918528 18.278017604267056 -101.26918971872479 617.4040874446735
60861 50226.918528 43.99770728638764 -106.31068614191541 622.2643740215495
60861 50646.918528 69.00082651764546 -119.72146943212893 628.61148607835
60861 51066.918528 79.92954624177669 132.36215261448393 630.9631199834612
60861 51486.918528 56.96283391135918 93.61665780212843 628.1531683519024
60861 51906.918528 31.49559059993472 86.21942433477396 623.4378321539709
60861 52326.918528 5.698628239226215 82.16271994099097 622.2491354011391
60861 52746.918528 -20.125829694263285 78.47941143431112 627.514002332131
60861 53166.918528 -45.73420281283626 73.24289564519934 636.8958318761971
60861 53586.918528 -70.51570664538285 58.42810659843295 644.8098899470416
60861 54006.918528 -78.90805940321856 -53.85823543536913 645.6367716458352
60861 54426.918528 -55.56206158947581 -86.9906252909007 638.4547562281028
60861 54846.918528 -30.11810292638899 -94.00557276482799 627.5750568666667
60861 55266.918528 -4.321006616538055 -97.99529138750779 619.3117929310046
60861 55686.918528 21.545183811580554 -101.71117962563218 618.4691303233262
60861 56106.918528 47.21745530680611 -107.15847172550593 623.6301838115785
60861 56526.918528 71.97782406158267 -123.67433211298429 629.5588032859569
60861 56946.918528 77.63592041663735 120.44027997541077 630.9878270162278
60861 57366.918528 53.78973257794645 92.29538903500335 627.3720418875317
60861 57786.918528 28.250117945615976 85.68910278177557 622.5681329838296
60861 58206.918528 2.4324009624991993 81.7778244185811 621.9709042470093
60861 58626.918528 -23.383266355948884 78.02634872501007 627.8845566031475
60861 59046.918528 -48.947446645702605 72.33541345394082 637.3783674680956
60861 59466.918528 -73.44601957287934 53.79701052224877 644.9759207962231
60861 59886.918528 -76.41201057662254 -63.7280823101179 645.1527021777118
60861 60306.918528 -52.37095653850483 -88.22382725921652 637.6052111004036
60861 60726.918528 -26.860786790415126 -94.52253101184475 627.0932880406289
60861 61146.918528 -1.0500747480385204 -98.3801830812326 620.0885079771407
60861 61566.918528 24.797324977932433 -102.17523934169503 620.1327476079927
60861 61986.918528 50.411412602322514 -108.12065609328559 625.4188697861741
60861 62406.918528 74.82428819423114 -129.08931974311108 630.533212120331
60861 62826.918528 74.99813008980226 112.48647208947814 630.8502504411264
60861 63246.918528 50.616219713184975 91.17657831275788 626.35628892264
60861 63666.918528 25.01415491617077 85.19656277780965 621.4222486333418
60861 64086.918528 -0.8229456239269364 81.39637903684047 621.377337242308
60861 64506.918528 -26.629023635069494 77.54770516962202 627.9193260455287
60861 64926.918528 -52.143462520017636 71.29407175992877 637.5004130997738
60861 65346.918528 -76.22346045698225 47.27748130126895 644.7864494989094
60861 65766.918528 -73.6453749464778 -70.42360286464087 644.4371042804581
60861 66186.918528 -49.166403356210516 -89.2787548725154 636.7419367301301
60861 66606.918528 -23.601273134080902 -95.00523433314476 626.8190375328228
60861 67026.918528 2.218410466584569 -98.76307280214505 621.0811780303704
60861 67446.918528 28.04238356751509 -102.66722425460475 621.998662135608
60861 67866.918528 53.58850925995896 -109.23069108132582 627.2743850419736
60861 68286.918528 77.4752788861648 -136.84885663235855 631.406026406897
60861 68706.918528 72.16538487335232 106.96510589109067 630.4797773951838
60861 69126.918528 47.43228465874582 90.21009480068413 625.0774999227043
60861 69546.918528 21.77492848558818 84.73359587097147 620.0502015891321
60861 69966.918528 -4.079750206593667 81.01410979185027 620.6069094081702
60861 70386.918528 -29.87406263586205 77.0358755710573 627.7598509210502
60861 70806.918528 -55.329491436938696 70.07771158660005 637.4566915135102
60861 71226.918528 -78.744371721946 37.68396379504399 644.4554673841093
60861 71646.918528 -70.71828766754764 -75.16608135162348 643.684256695307
60861 72066.918528 -45.94551825264087 -90.19629819192474 636.0076799815388
60861 72486.918528 -20.335285828556906 -95.46069700271349 626.8140236764044
60861 72906.918528 5.488475789013512 -99.14778875478511 622.2814446906032
60861 73326.918528 31.28420920382973 -103.19396451984287 624.040580686416
60861 73746.918528 56.750281964434365 -110.53146221860004 629.216618888104
60861 74166.918528 79.78582440808376 -148.37428318301906 632.3093499279704
60861 74586.918528 69.21722084415434 102.95981024374092 629.9788997596127
60861 75006.918528 44.23866329759219 89.36150369624386 623.5345568765156
60861 75426.918528 18.53121285019499 84.29362377446601 618.4863171159246
60861 75846.918528 -7.339338798995253 80.62775547157916 619.6973574061636
60861 76266.918528 -33.1196218139868 76.48461918845977 627.4776400289506
60861 76686.918528 -58.50413321543988 68.63548426566484 637.2170541310585
60861 77106.918528 -80.79400654291445 23.2565628769568 643.9589975256903
60861 77526.918528 -67.68953417252496 -78.67453455489742 642.8871751503779
60861 77946.918528 -42.708264914116455 -91.00784890412756 635.4248210930975
60861 78366.918528 -17.06115208531057 -95.89549017973408 627.1219812011275
60861 78786.918528 8.761524563142412 -99.53782621069635 623.7483502614439
60861 79206.918528 34.523774691948326 -103.76298240091272 626.2531668893222
60861 79626.918528 59.89427227449815 -112.08302825764304 631.1916096996895
60861 80046.918528 81.47740516154484 -165.41278202649661 633.1434347661308
60861 80466.918528 66.19383817832211 99.93596196840907 629.3000228206699
60861 80886.918528 41.04198689071262 88.60854459895624 623.2832397539896
60861 81306.918528 15.299489555085811 83.87498492337377 617.9924287672246
60861 81726.918528 -10.577787921470236 80.23827469329552 619.3288507427607
60861 82146.918528 -36.340366835409185 75.89131059431998 626.5614876256445
60861 82566.918528 -61.651928263789436 66.89914596607105 634.3039269268024
60861 82986.918528 -81.99529609376395 2.686725675960081 640.598604245713
60861 83406.918528 -64.56583669212385 -81.38786695563161 639.6655576660319
60861 83826.918528 -39.414082968900665 -91.74451420184965 633.3925822525594
60861 84246.918528 -13.729046372479697 -96.32150253867168 627.2910346574259
60861 84666.918528 12.092839066187864 -99.94445479471702 623.6105460741254
60861 85086.918528 37.825692602033996 -104.39765021772828 627.79176943817
60861 85506.918528 63.07937880866722 -114.01549368435778 633.487057172168
60861 85926.918528 82.14007164925542 171.77837748699588 635.265357109908
60861 86346.918528 63.0736207553892 97.54064061277042 630.8301509937592
60862 366.918528 37.784301738678145 87.91780145214976 622.5841567460486
60862 786.918528 12.010031530248751 83.4619491096627 617.8035561597237
60862 1206.918528 -13.866212388520436 79.83093122056232 619.9921184370655
60862 1626.918528 -39.595932298451444 75.23171743614006 626.9692901824291
60862 2046.918528 -64.7870044418872 64.7435202393618 634.5737392291802
60862 2466.918528 -81.94352722461474 -20.950839688672943 639.5899385864784
60862 2886.918528 -61.414525239503554 -83.51937251942184 637.576962737939
60862 3306.918528 -36.13189790467627 -92.40650740364251 631.0986231112279
60862 3726.918528 -10.406836332324461 -96.73326047455717 625.8446324195323
60862 4146.918528 15.416137401252755 -100.36275304527358 626.3099619383897
60862 4566.918528 41.095158130955234 -105.09159087526548 631.9830000067024
60862 4986.918528 66.18641507043598 -116.3976116559722 637.9009090082442
60862 5406.918528 81.50199090855497 149.31796026452602 638.6087802348652
60862 5826.918528 59.978023465663846 95.65615125353776 632.5119905488464
60862 6246.918528 34.60346831821016 87.30648387201448 623.1806307965902
60862 6666.918528 8.804427269480072 83.0718647077786 616.8373523617338
60862 7086.918528 -17.080976538161444 79.42117418026157 617.9251646912377
60862 7506.918528 -42.799145370725114 74.51416678154457 625.1791114095272
60862 7926.918528 -67.86842540300835 62.02405827269068 624.4079468286973
60862 8346.918528 -80.6287515115009 -41.38153587406313 627.8367204786168
60862 8766.918528 -58.094873470594266 -85.31963200189857 627.2121195868258
60862 9186.918528 -32.65719256771731 -93.04797650544634 626.7627694127618
60862 9606.918528 -6.8826831108523185 -97.1635985265856 623.453445024161
60862 10026.918528 18.950573691206213 -100.82974500361138 624.3370582930999
60862 10446.918528 44.607276155661324 -105.93345826968637 630.164636031818
60862 10866.918528 69.51950343983988 -119.79166663119967 635.9051033531995
60862 11286.918528 79.59935434728838 130.66409406404017 636.4402239651803
60862 11706.918528 56.48990030946744 93.93747705071883 630.6833326618887
60862 12126.918528 31.010740166601053 86.67011364052082 622.3717429606457
60862 12546.918528 5.1937320312188096 82.63505533615897 618.5823879433254
60862 12966.918528 -20.66387220916867 78.93790288200955 621.9639823135113
60862 13386.918528 -46.33280554022747 73.61379462983089 625.4587148116053
60862 13806.918528 -71.17306366229683 58.05633466609295 625.1499257004713
60862 14226.918528 -78.28832570698424 -56.32808067397256 628.2574576048149
60862 14646.918528 -54.61376345506208 -86.85552682565032 624.7745205519406
60862 15066.918528 -29.071422716250517 -93.65330269725793 620.2274693822949
60862 15486.918528 -3.2420567035435934 -97.60033298457162 620.2304622945333
60862 15906.918528 22.58540210839865 -101.33377112998502 627.1645135759718
60862 16326.918528 48.15877004562548 -106.9036249359847 638.1411892830052
60862 16746.918528000002 72.72795852207521 -124.38043492677939 646.7412572619543
60862 17166.918528000002 77.07685395599349 118.94105025151435 647.6383829103298
60862 17586.918528000002 53.19885815699497 92.60532278433952 640.2559565710056
60862 18006.918528 27.721366017716644 86.13946163875919 629.2469896297339
60862 18426.918528 1.924445346109919 82.25175585589169 620.9686330855618
60862 18846.918528 -23.9241429939979 78.48139324781032 619.7101081063473
60862 19266.918528 -49.55846241409469 72.67895482216342 623.8962202004109
60862 19686.918528 -74.08843963100944 53.050891140235166 628.3002286703979
60862 20106.918528000002 -75.70458043433126 -65.2050157204072 628.7498042134662
60862 20526.918528000002 -51.425159854757354 -88.02551217874495 624.9306177599972
60862 20946.918528000002 -25.82798821127041 -94.15391017261406 620.7558167727101
60862 21366.918528000002 0.008259924510757374 -97.97970138861272 621.5133628486204
60862 21786.918528 25.81315850185241 -101.80069135129587 628.908618510229
60862 22206.918528 51.3282900654791 -107.8967526156602 639.5126707167102
60862 22626.918528 75.51936267939098 -130.26059006849147 647.1276145621775
60862 23046.918528 74.39768545380811 111.65403147593413 646.6873265771908
60862 23466.918528 50.03048795660993 91.52110257603219 638.3861029731382
60862 23886.918528000002 24.48632417884761 85.65344675068745 627.4429978081866
60862 24306.918528000002 -1.3321966483149958 81.87111320199936 620.2402122587672
60862 24726.918528000002 -27.17071223647934 77.99800266563425 619.9900050037232
60862 25146.918528000002 -52.749651497270705 71.60881433440808 624.6477243152153
60862 25566.918528 -76.81337606567268 45.983835758182224 628.7881031689717
60862 25986.918528 -72.8995352167976 -71.2730205004262 628.530650779697
60862 26406.918528 -48.23083975396085 -89.03146608230122 623.8512886268775
60862 26826.918528 -22.577179071567233 -94.62567582957226 619.4877553068278
60862 27246.918528 3.277129084235013 -98.36293359816361 620.7480022467588
60862 27666.918528000002 29.07139602831012 -102.30550960906209 628.7189554428164
60862 28086.918528000002 54.53056356290305 -109.06924216861863 639.4146529289867
60862 28506.918528000002 78.13347502989997 -138.95315685183488 646.6806710501638
60862 28926.918528 71.49137974667268 106.45703074048403 645.7608641496948
60862 29346.918528 46.79683666952352 90.56440192140848 637.4463161119716
60862 29766.918528 21.2036182975504 85.18783506791237 627.2570526364137
60862 30186.918528 -4.621021880855794 81.48411438250739 621.2935223406362
60862 30606.918528 -30.432923637908722 77.47722152625379 621.9528278615754
60862 31026.918528000002 -55.934747859223165 70.35441628573969 626.607478844307
60862 31446.918528000002 -79.24499095317785 35.53049099844625 629.8337480158973
60862 31866.918528000002 -69.95620907977364 -75.62687652065992 628.5987229382707
60862 32286.918528000002 -45.02456113834491 -89.91139471022926 623.484376676206
60862 32706.918528 -19.328910170890406 -95.07195132806649 619.376322859029
60862 33126.918528 6.5310496527835475 -98.74753618682793 621.3040132967709
60862 33546.918528 32.30142439886563 -102.84344271163545 629.7180480381702
60862 33966.918528 57.68508222883739 -110.43682545783525 640.1277001183372
60862 34386.918528 80.3168847861454 -151.82227389771327 646.4422538652796
60862 34806.918528 68.51075157354236 102.7018935777005 644.4698500518755
60862 35226.918528 43.58465084839827 89.73101572414915 635.6926980343588
60862 35646.918528 17.941912048783276 84.74827437807664 626.0464361334524
60862 36066.918528 -7.894435016731928 81.09460562457228 621.1842799787247
60862 36486.918528 -33.6846887114748 76.91712734938973 622.8401293581882
60862 36906.918528 -59.1026475336052 68.86451642115837 627.7660527432012
60862 37326.918528 -81.14003397074298 19.88669212876125 630.5249687847805
60862 37746.918528 -66.92996724924947 -78.87806905396673 628.4016571292838
60862 38166.918528 -41.80851567666466 -90.69234894858003 622.8705271566411
60862 38586.918528 -16.07505059860601 -95.49946269005359 619.0344196441397
60862 39006.918528 9.789358705439588 -99.13911420784183 621.6362430776618
60862 39426.918528 35.53337648040491 -103.42737604493885 630.6486734032482
60862 39846.918528 60.825297841738504 -112.08043948421744 640.7914526051928
60862 40266.918528 81.77735094644251 -170.5713857773912 646.1271112801293
60862 40686.918528 65.45581858765766 99.84146409606993 643.153128748225
60862 41106.918528 40.357652497649305 88.98700881756614 634.0182287417003
60862 41526.918528 14.671181124561594 84.32591065314125 624.8967958128595
60862 41946.918528 -11.173933518177579 80.6968893749578 620.998230627652
60862 42366.918528 -36.93951899492711 76.30641020129977 623.5607649233274
60862 42786.918528 -62.25597444908359 67.05368218365878 628.6808969280503
60862 43206.918528 -82.0968502924933 -1.683422993788153 630.9850824897463
60862 43626.918528 -63.8366187674357 -81.4013211351041 628.1155214354709
60862 44046.918528 -38.57246360437444 -91.39568405252419 622.3600182097207
60862 44466.918528 -12.807765275706151 -95.91288665243017 618.9962411783215
60862 44886.918528 13.055593093138803 -99.54074187254872 622.3716721354608
60862 45306.918528 38.76636710242134 -104.06629135945506 632.114158016503
60862 45726.918528 63.94133513620932 -114.0946256949279 641.6742336469475
60862 46146.918528 82.09631112535263 166.24062490929626 645.682849787414
60862 46566.918528 62.350837349920695 97.59161625878208 641.4514704653024
60862 46986.918528 37.11600676307705 88.31433670439064 631.8203440381359
60862 47406.918528 11.38459363772247 83.91582556895281 622.5192964801985
60862 47826.918528 -14.474844528999672 80.28590370859372 619.6784856731534
60862 48246.918528 -40.219062307498696 75.62956513542267 623.3830276035393
60862 48666.918528 -65.41097653818875 64.7808541161702 629.083280670654
60862 49086.918528 -81.76064962742309 -25.240665699739473 631.5248280392977
60862 49506.918528 -60.67267474252637 -83.429119428877 628.4617591464628
60862 49926.918528 -35.30274072410281 -92.03840550347054 622.8785450987336
60862 50346.918528 -9.519889385887142 -96.31627967969536 620.2441389587628
60862 50766.918528 16.33011346546016 -99.95540554921959 624.359268189487
60862 51186.918528 41.99874126704475 -104.77146776637588 634.1516873498202
60862 51606.918528 67.02289370551867 -116.62452459180797 642.5219931479695
60862 52026.918528 81.14562950512342 144.7450450430693 644.6922157791948
60862 52446.918528 59.203270906076945 95.76955838513649 638.8700305870135
60862 52866.918528 33.85126966832314 87.69794860754963 628.6214326700197
60862 53286.918528 8.078376626884774 83.51412866506044 618.6429408861727
60862 53706.918528 -17.800002755763654 79.85721344112959 617.7575416685041
60862 54126.918528 -43.51938835536974 74.87138923615467 623.4484542439927
60862 54546.918528 -68.53639265180766 61.858333055522486 631.2720568265127
60862 54966.918528 -80.2466215504886 -44.18711123307553 634.0667077515087
60862 55386.918528 -57.489476275706785 -85.07898810081582 631.0583865808585
60862 55806.918528 -32.05325178857914 -92.6224119302296 625.5413643163637
60862 56226.918528 -6.270359733220682 -96.70586125941324 623.0436524195388
60862 56646.918528 19.555561202302673 -100.3792037874945 626.7269612649366
60862 57066.918528 45.1905471018021 -105.54934011185699 633.6255095959092
60862 57486.918528 70.03376796539891 -119.88128771570668 641.3771534074514
60862 57906.918528 79.25813757645577 129.1082527880184 642.7734031319111
60862 58326.918528 56.035259741747446 94.2699312989329 636.6783013471215
60862 58746.918528 30.592911092726656 87.13432341790012 627.1118799568662
60862 59166.918528 4.805135362120723 83.12460024383542 625.9142280693712
60862 59586.918528 -21.010452532373098 79.42725691644512 626.1091142043887
60862 60006.918528 -46.633272320439374 74.07038613141222 631.1098295079403
60862 60426.918528 -71.39823667222196 58.273897462672544 635.4448082621495
60862 60846.918528 -78.14989979774943 -56.407170722851205 634.455250641961
60862 61266.918528 -54.46312755895972 -86.37874050576372 627.5404389904627
60862 61686.918528 -28.94516937381758 -93.13532607336768 624.2821752251828
60862 62106.918528 -3.151387779927879 -97.0716825110208 624.4162231235538
60862 62526.918528 22.67848632333661 -100.80739190359162 624.2414145721602
60862 62946.918528 48.300348708260934 -106.40626962089718 629.9433684214481
60862 63366.918528 72.91236944052093 -124.16328745200529 637.9404459543722
60862 63786.918528 76.86275787518963 118.75672569937032 639.9241693937662
60862 64206.918528 52.88906298872102 93.02644002862537 635.1542600601114
60862 64626.918528 27.38179925010856 86.62142785801991 627.8211063044853
60862 65046.918528 1.5861595232769226 82.74693105266766 623.7320054879967
60862 65466.918528 -24.226983197955125 78.97317515185505 626.1186786576055
60862 65886.918528 -49.80098922795327 73.14023464240438 632.5533853095396
60862 66306.918528 -74.24437473588462 53.2639088443679 637.4942132444789
60862 66726.918528 -75.60630960661537 -64.9294368816557 636.4132002847412
60862 67146.918528 -51.3535576657113 -87.51148208320663 629.3412739986748
60862 67566.918528 -25.780973487256095 -93.62192360121074 624.4477484191934
60862 67986.918528 0.027780769388850903 -97.44237070666514 623.1454130406673
60862 68406.918528 25.847425010309497 -101.26666966661764 624.3458226944132
60862 68826.918528 51.42618546978083 -107.39263722008808 626.223690585345
60862 69246.918528 75.72078897991547 -130.25900254151625 626.361523815736
60862 69666.918528 74.04568589140868 111.44591863210094 627.763319776048
60862 70086.918528 49.50832329708512 91.88826488986868 623.6066074571669
60862 70506.918528 23.872681494183418 86.09314438284242 619.694583691697
60862 70926.918528 -1.9752322773548374 82.3236133664851 621.2123689472328
60862 71346.918528 -27.771257471650646 78.43339881403651 629.4052439757013
60862 71766.918528 -53.24784073537929 71.95593121206579 640.4228263450847
60862 72186.918528 -77.11457165745306 45.50263719326142 647.9186708145397
60862 72606.918528 -72.68615714801894 -71.10473555278548 647.0825884701035
60862 73026.918528 -48.11554367314606 -88.5258758356161 638.4556491205951
60862 73446.918528 -22.544159409714496 -94.08998001592195 627.4949607733461
60862 73866.918528 3.2794050071978527 -97.82274602670361 620.5009701308813
60862 74286.918528 29.106934950475978 -101.77193053443763 620.3601690509732
60862 74706.918528 54.64833843466576 -108.57927643726063 624.7512464897204
60862 75126.918528 78.31501927315604 -139.22122594239292 628.2916886063934
60862 75546.918528 71.13258269606028 106.47269405961741 626.6939073727103
60862 75966.918528 46.2857797416995 90.95589838427418 623.9358232975378
60862 76386.918528 20.603726538232177 85.63452780868697 617.4738856507124
60862 76806.918528 -5.2777629515046955 81.93420349982586 616.7367896097591
60862 77226.918528 -31.0974358702271 77.89367616024388 623.8601603513708
60862 77646.918528 -56.557978783856335 70.60986072226706 633.8116040851044
60862 78066.918528 -79.62524125990278 33.73981945552427 641.1189172334716
60862 78486.918528 -69.5158305300245 -75.62842439514466 641.241222866869
60862 78906.918528 -44.641440686935375 -89.47475237660898 635.0696456792197
60862 79326.918528 -19.01634330084545 -94.57824333363321 627.7929824057193
60862 79746.918528 6.804975033639574 -98.24413480444403 622.1167729598225
60862 80166.918528 32.58770830227015 -102.35780351889753 625.6253132892599
60862 80586.918528 58.0076014840265 -110.05733419321221 631.9349518906599
60862 81006.918528 80.54648803009408 -153.2888222577634 635.4170782203038
60862 81426.918528 68.05468532579789 102.75585021964598 632.7559695765694
60862 81846.918528 43.01999192325814 90.12558026954817 625.8623375388515
60862 82266.918528 17.31439731521534 85.19547830998239 620.034396931731
60862 82686.918528 -8.549958599463407 81.54465842778156 620.1827623792516
60862 83106.918528 -34.32855158294625 77.3293371225985 624.8430654407553
60862 83526.918528 -59.73461505361392 69.05926099438811 624.7918507047372
60862 83946.918528 -81.4358537247894 16.298850888459516 625.3878000044016
60862 84366.918528 -66.2687614013466 -78.94379360063971 627.2151047692806
60862 84786.918528 -41.10615278926756 -90.3225011436724 622.182996366609
60862 85206.918528 -15.3640627207473 -95.06209515281714 619.2025167184709
60862 85626.918528 10.49615527780444 -98.69660259020844 622.713964465452
60862 86046.918528 36.225233197130905 -103.03029350871049 632.4321933870251
60863 66.918528 61.482614819629966 -111.93935082806274 642.7442312585798
60863 486.918528 81.94905893581382 -174.61506109027098 647.6446050795922
60863 906.918528 64.8286776957286 99.86901557657204 643.9264767817683
60863 1326.918528 39.705785433370394 89.37445290092057 633.9838821309943
60863 1746.918528 14.01021071950372 84.77102466401506 623.944051435175
60863 2166.918528 -11.844482133471638 81.14302625400606 619.5354696320445
60863 2586.918528 -37.61698086572106 76.70062644150022 621.8425428631944
60863 3006.918528 -62.92301357383346 67.14594364117107 626.9460083002984
60863 3426.918528 -82.13942381425557 -6.306665456552502 629.6163829033428
60863 3846.918528 -63.155863420442095 -81.34945255460859 626.9865024486153
60863 4266.918528 -37.85852504929069 -91.01301638214309 621.692316582317
60863 4686.918528 -12.086119675593144 -95.47406665932108 619.1303763452927
60863 5106.918528 13.772696959771107 -99.1019777084977 623.370141776867
60863 5526.918528 39.46924702842555 -103.68458533872092 633.6141416622066
60863 5946.918528 64.60536432850118 -114.05662070260472 643.4494849127034
60863 6366.918528 81.99715975336153 161.8770583415642 647.2574596725898
60863 6786.918528 61.70382169205581 97.71012185103562 642.5314794932568
60863 7206.918528 36.45300963317256 88.71182778014554 632.3018648895259
60863 7626.918528 10.71975629558036 84.36235819042727 622.4623093227445
60863 8046.918528 -15.141874004823059 80.72990267243753 619.1272050889119
60863 8466.918528 -40.886092849703076 76.01266676481913 622.3636836503528
60863 8886.918528 -66.05758120332135 64.77231544595632 627.7166515992699
60863 9306.918528 -81.52833984784529 -29.210178477539472 630.4879472891599
60863 9726.918528 -59.997235693525674 -83.28164949227069 627.5365901148361
60863 10146.918528 -34.60125562297608 -91.6413357325589 622.2679995872727
60863 10566.918528 -8.811011149008095 -95.87403532184514 620.192668550421
60863 10986.918528 17.03615435722843 -99.51867281361254 624.9049768101903
60863 11406.918528 42.692774270299154 -104.40509169462113 635.0004416622168
60863 11826.918528 67.67363493301175 -116.72340537347782 643.7803917930323
60863 12246.918528 80.8104276104371 141.4722827649343 646.0336137243434
60863 12666.918528 58.55001500610194 95.96617837515869 640.0595994094251
60863 13086.918528 33.18880361657257 88.10885195779805 629.5566196887723
60863 13506.918528 7.4169979801627255 83.96408666902273 620.0098650652313
60863 13926.918528 -18.4532465002229 80.30058226277654 618.3111348947536
60863 14346.918528 -44.164943006876925 75.24258734999336 623.0161114348599
60863 14766.918528 -69.1540061307777 61.70317691769681 629.0698326373654
60863 15186.918528 -79.82865266650644 -46.76948368204518 631.1944801437332
60863 15606.918528 -56.80590739666589 -84.86369169826364 628.0706006026835
60863 16026.918528 -31.33329291618868 -92.21580864470356 623.0928059557606
60863 16446.918528 -5.531946006485986 -96.2640188764054 621.7167774122532
60863 16866.918528000002 20.29668277680029 -99.9499814484491 626.9127893438357
60863 17286.918528000002 45.90789799995208 -105.2080758572976 636.2777005221741
60863 17706.918528000002 70.68091244931007 -120.19332591527068 644.3251711780823
60863 18126.918528 78.77975360975853 127.06258862625006 645.3643968232656
60863 18546.918528 55.3831286615055 94.52519281213462 638.4437200452514
60863 18966.918528 29.936279747472174 87.5570005155479 627.8404844573973
60863 19386.918528 4.140516788142389 83.57674804229083 619.6360235049254
60863 19806.918528 -21.721819593042095 79.85821224256024 619.0132150757936
60863 20226.918528000002 -47.38757775136771 74.38794357787265 624.2587631060483
60863 20646.918528000002 -72.12916504130949 57.68138714864133 630.1024187568884
60863 21066.918528000002 -77.50788393651419 -58.452908279521964 631.3332896924342
60863 21486.918528000002 -53.62960585622161 -86.17147670881208 627.460673358967
60863 21906.918528 -28.086712749044658 -92.74246318673869 622.4035189543873
60863 22326.918528 -2.2662311625409024 -96.64746156180642 621.5879150720444
60863 22746.918528 23.552317192252747 -100.40363943692974 627.368495004207
60863 23166.918528 49.11891021441696 -106.12249064406699 636.6982703476044
60863 23586.918528 73.60335537716118 -124.9105487771026 644.3729592007471
60863 24006.918528000002 76.26220691396479 117.42105468737536 644.7089435162317
60863 24426.918528000002 52.18926879121969 93.3067006410702 637.4057391482005
60863 24846.918528000002 26.675876752234334 87.04386748702235 627.1730285544702
60863 25266.918528 0.8661817089402825 83.19273370374079 620.3540033533974
60863 25686.918528 -24.97773720904203 79.39230043263328 620.6184760168111
60863 26106.918528 -50.58519247318998 73.4163273238867 625.9645104078563
60863 26526.918528 -74.97198866702574 52.1558620472319 630.9612891601221
60863 26946.918528 -74.85165211298435 -66.26031016204331 631.0746081518084
60863 27366.918528000002 -50.44877168322535 -87.28255276552143 626.3530055954838
60863 27786.918528000002 -24.843477123810228 -93.23376598450606 621.2185753844103
60863 28206.918528000002 0.996219634514735 -97.02956690781 621.0187530314656
60863 28626.918528000002 26.80464913964683 -100.88536305928925 627.4518836986329
60863 29046.918528 52.32049760716308 -107.17593933148302 636.8568455373389
60863 29466.918528 76.37446628308382 -131.5827950841981 644.2085598349247
60863 29886.918528 73.47840326713408 110.8555099936448 643.9942622088488
60863 30306.918528 48.9777024588701 92.26006563290962 636.5253710613266
60863 30726.918528 23.409754452888823 86.56229572793168 626.8554811702546
60863 31146.918528000002 -2.408580150553976 82.80884061098364 621.4003614033124
60863 31566.918528000002 -28.228433039591927 78.89710776851808 622.5305275671001
60863 31986.918528000002 -53.76685000795987 72.29430715304272 627.8602681509008
60863 32406.918528 -77.61314851058314 44.2196300360994 631.8795837939623
60863 32826.918528 -72.00720564554464 -71.68965810015796 630.7080754725827
60863 33246.918528 -47.25956671523503 -88.24380097607303 625.0654596325129
60863 33666.918528 -21.59935538251742 -93.69636291672772 619.8692652203526
60863 34086.918528 4.257638498571646 -97.41278028535679 620.278385656173
60863 34506.918528 30.054110996683715 -101.39989108394299 627.3151368911307
60863 34926.918528 55.51082884854546 -108.40472395072287 636.7330944551868
60863 35346.918528 78.8799981757821 -141.41704303849772 643.7915746539636
60863 35766.918528 70.53924355125673 106.18936938188996 643.1724938503859
60863 36186.918528 45.749762300644335 91.34567051929562 635.7636484208875
60863 36606.918528 20.136850945838237 86.10582688373327 626.8634790666305
60863 37026.918528 -5.685108543312371 82.42211524791928 622.670447351244
60863 37446.918528 -31.475851170258068 78.36658987881937 624.6677127034432
60863 37866.918528 -56.932607967746804 70.9790540544498 629.9177578152853
60863 38286.918528 -79.90115163734015 32.417438016182956 632.9142725363861
60863 38706.918528 -69.05181249742948 -75.63586380646912 630.3285538602095
60863 39126.918528 -44.06229966635479 -89.08899735676584 623.521558785622
60863 39546.918528 -18.352324530429392 -94.13659643119327 618.3430234975204
60863 39966.918528 7.520043695417518 -97.80036298250002 619.4381361360918
60863 40386.918528 33.30162340388886 -101.95419874779314 627.1212596900409
60863 40806.918528 58.68542113861803 -109.86193270099498 636.6493006261252
60863 41226.918528 80.89206470203305 -156.1814782254 643.4176310086771
60863 41646.918528 67.50706515374732 102.73812515187505 642.4509677305274
60863 42066.918528 42.513148135226615 90.5385969730356 635.1901890650703
60863 42486.918528 16.863380592629394 85.67108476098898 627.1295056754448
60863 42906.918528 -8.958217174263272 82.03078248327976 623.9878154261207
60863 43326.918528 -34.71651744844245 77.79413785556265 626.6898328226816
60863 43746.918528 -60.07811290404025 69.40971975418051 631.7101984896311
60863 44166.918528 -81.54823001890733 15.012712607579484 633.6246171622512
60863 44586.918528 -66.0213244535938 -78.62249463251001 629.6780515079821
60863 45006.918528 -40.86516595830669 -89.8391429509768 623.8015182282903
60863 45426.918528 -15.12480385973952 -94.55496590834785 618.41723512663
60863 45846.918528 10.750443224401169 -98.18996414123139 619.4943733217362
60863 46266.918528 36.51304698748061 -102.54864961733927 625.8557926885555
60863 46686.918528 61.83880370744554 -111.62150543721312 630.1893343274957
60863 47106.918528 82.03581285417637 -177.30625581832882 636.6942462957816
60863 47526.918528 64.32879500492554 100.0210136742421 636.7210456023755
60863 47946.918528 39.15093876213136 89.78889254718472 632.0039822974377
60863 48366.918528 13.460321929991931 85.23453803410612 627.7762116320655
60863 48786.918528 -12.346767784795635 81.61495356018052 628.4777928406079
60863 49206.918528 -38.038897631736276 77.15172914161813 633.7785405211185
60863 49626.918528 -63.24145736483768 67.46895400268328 639.6934629391696
60863 50046.918528 -82.14021115233264 -7.55229404475626 640.4487474288088
60863 50466.918528 -62.983032486274475 -80.92872265238184 634.013351769131
60863 50886.918528 -37.71385472918114 -90.50262372664841 623.1287342739622
60863 51306.918528 -11.952266834357092 -94.95027564243028 618.3179676603291
60863 51726.918528 13.927649379600444 -98.58093698427712 618.4642617764238
60863 52146.918528 39.67481504067964 -103.18806035796136 624.6713363434445
60863 52566.918528 64.88927469391666 -113.73520787242384 624.8475102622748
60863 52986.918528 81.90124184197104 159.274175733901 624.8103661715598
60863 53406.918528 61.13472205986895 97.89753082567067 629.1580135355796
60863 53826.918528 35.77796889349043 89.11218502098407 621.8720145022777
60863 54246.918528 9.97731906274383 84.80111581011066 615.5933160171229
60863 54666.918528 -15.917728433937146 81.15961713386292 616.9136716653247
60863 55086.918528 -41.65294645169447 76.36949161559008 625.7807627540424
60863 55506.918528 -66.75141084930695 64.68904093422596 634.8779627811418
60863 55926.918528 -81.25499523699261 -32.797998750101186 639.2462343220436
60863 56346.918528 -59.40901532072546 -83.06819198033416 636.7087689662178
60863 56766.918528 -34.0602384433488 -91.208742556389 630.2068563920691
60863 57186.918528 -8.316032716012181 -95.40084773610651 625.4747017135433
60863 57606.918528 17.515362126718152 -99.04734151988434 624.0647128897093
60863 58026.918528 43.206407247926116 -103.99285044205314 623.827223445089
60863 58446.918528 68.2407325691622 -116.76429920322288 631.1898531379712
60863 58866.918528 80.43320173632229 138.41026220160907 634.4239513882723
60863 59286.918528 57.802885306108244 96.12556713423886 631.7395519476793
60863 59706.918528 32.379573528466715 88.49252900968257 626.350330909223
60863 60126.918528 6.604189092458615 84.3935413074176 623.7597217373028
60863 60546.918528 -19.21772114824995 80.72660103525781 627.1089356083813
60863 60966.918528 -44.85234103929062 75.59892421279886 634.1197240337241
60863 61386.918528 -69.7163394459194 61.57384884380894 641.5260740206792
60863 61806.918528 -79.49117726531148 -48.45085681186238 642.5851831166298
60863 62226.918528 -56.3694351008754 -84.52722377900525 636.1900825163543
60863 62646.918528 -30.929746309140555 -91.75144754344105 626.2284959210162
60863 63066.918528 -5.134303429577589 -95.77840890661503 618.3304358867216
60863 63486.918528 20.734388151690258 -99.47780544661791 619.1950102762022
60863 63906.918528 46.405384332233965 -104.81142959732315 626.0142573334043
60863 64326.918528 71.21290923557953 -120.40375093349718 632.8410857998932
60863 64746.918528 78.29574754061699 125.29457775758364 635.070921133049
60863 65166.918528 54.670818210080355 94.76202459237862 631.3911411919248
60863 65586.918528 29.17464031760056 87.95959826498034 625.6021721858052
60863 66006.918528 3.3776969689911307 84.01291617612175 623.2606179614131
60863 66426.918528 -22.44025868546826 80.28444073379553 626.4504912778577
60863 66846.918528 -48.04776318514255 74.72627137068899 632.3248371240214
60863 67266.918528 -72.66980256646086 57.31756840792217 639.8347984100692
60863 67686.918528 -77.08949014332158 -59.42487377246434 640.9997570271094
60863 68106.918528 -53.17133837109298 -85.81225418713517 635.1776191769234
60863 68526.918528 -27.664853755752503 -92.27689064625201 626.7150371542107
60863 68946.918528 -1.8620179531201824 -96.16312795584645 625.7605894289618
60863 69366.918528 23.938472292226713 -99.92739865404934 628.424819968364
60863 69786.918528 49.497766956037694 -105.70776541483534 635.362102279811
60863 70206.918528 73.95760518759674 -125.08590405775524 640.3173447182351
60863 70626.918528 75.89594919366398 116.91569787493285 638.6766658463065
60863 71046.918528 51.707809647656134 93.67142241529751 630.6021483156804
60863 71466.918528 26.1477703429053 87.49445348169219 623.8157943610946
60863 71886.918528 0.3474044297697968 83.66241126426306 624.4660985991559
60863 72306.918528 -25.46532034079045 79.8508298348591 625.0194240673914
60863 72726.918528 -51.04511153173801 73.7952830002267 628.9200454032481
60863 73146.918528 -75.33686912552123 51.79448683436952 638.2759654622052
60863 73566.918528 -74.53820195577941 -66.43424712189397 641.539191478589
60863 73986.918528 -50.170619989785344 -86.83582069005422 637.9127926505278
60863 74406.918528 -24.643054443949552 -92.72601048918656 631.6189519789787
60863 74826.918528 1.1315992286800851 -96.50748478365203 628.2584275411039
60863 75246.918528 26.903397355458832 -100.36230801769246 630.1547651027537
60863 75666.918528 52.41087874035703 -106.67048791720732 635.0188468836988
60863 76086.918528 76.47565129495385 -131.3560172772894 637.3878177959785
60863 76506.918528 73.31123700434355 111.08175499025867 633.5104319483245
60863 76926.918528 48.71001989019241 92.71610053634197 626.3847603462523
60863 77346.918528 23.086468947826543 87.05120628191713 624.5110357613595
60863 77766.918528 -2.731980114105756 83.30563415587774 624.1399944827687
60863 78186.918528 -28.53165205904839 79.38408142677018 623.8830148744167
60863 78606.918528 -54.065450305640766 72.71376053885415 627.2521520829966
60863 79026.918528 -77.84797831985387 43.82635569419444 632.5660609928896
60863 79446.918528 -71.74127556444108 -71.5623536491717 633.2143352721627
60863 79866.918528 -46.99224829617815 -87.78126504121929 628.9045270929142
60863 80286.918528 -21.359538626212867 -93.19221936591515 624.2962879694896
60863 80706.918528 4.4656606535666725 -96.89961456847882 624.4911849849835
60863 81126.918528 30.230533998800926 -100.89088796339567 630.7807957384264
60863 81546.918528 55.66046973014889 -107.92971594229331 638.5560458550066
60863 81966.918528 78.98594220754678 -141.44031992758156 642.6245037683801
60863 82386.918528 70.38311068229007 106.52448992362454 639.2196227186353
60863 82806.918528 45.545479504740925 91.83039751434663 629.8023466459185
60863 83226.918528 19.897022123408604 86.61098322575809 620.9272186159601
60863 83646.918528 -5.969993189238903 82.92491041097833 617.4658291459854
60863 84066.918528 -31.790758437037756 78.84868246390253 621.4955721347906
60863 84486.918528 -57.250494193604666 71.36857033354877 629.6772809176578
60863 84906.918528 -80.09878439130325 31.499115639420143 634.8116844149093
60863 85326.918528 -68.7734071820424 -75.40873122845451 634.032199839265
60863 85746.918528 -43.79888997612744 -88.61590822403709 628.4799575104588
60863 86166.918528 -18.12315145486895 -93.6282955589738 623.2974796148629
60864 186.918528 7.715649442772442 -97.28458530220803 623.4866242803197
60864 606.918528 33.494032958739616 -101.44904771357544 623.6602516139931
60864 1026.918528 58.93209399641739 -109.44806350156829 628.065886171892
60864 1446.918528 81.04834904237784 -157.39434484383804 635.2472277633938
60864 1866.918528 67.16116540857176 102.93704950823636 636.3406014637369
60864 2286.918528 42.11548415036944 90.97890049255903 632.397304847059
60864 2706.918528 16.45582470481009 86.15186834771576 628.3415604801344
60864 3126.918528 -9.346411945073537 82.51824390338706 628.7489760772817
60864 3546.918528 -35.05885601129711 78.26631697457503 634.0003618013403
60864 3966.918528 -60.35318875231986 69.79446084494442 640.3165243941256
60864 4386.918528 -81.62767352279639 14.133665881437611 641.7896451447924
60864 4806.918528 -65.86195184300789 -78.21956554887326 635.8099146870162
60864 5226.918528 -40.72292821560128 -89.3308619671292 624.8961226107419
60864 5646.918528 -14.988651175424842 -94.03213255524562 617.3429780215032
60864 6066.918528 10.907454072852884 -97.66929439880029 614.9760205604476
60864 6486.918528 36.70963151104094 -102.04743669111123 620.327245270062
60864 6906.918528 62.04747814897204 -111.21131392933796 624.0703316570957
60864 7326.918528 82.07625432798494 -178.694959448487 629.8649718898023
60864 7746.918528 64.01314541380556 100.32056019749113 626.5809311088419
60864 8166.918528 38.74462263731582 90.23655436440734 621.0694414885437
60864 8586.918528 12.973369906758963 85.70540892731204 618.1961418709737
60864 9006.918528 -12.893628751160941 82.07817812224556 622.2102866038216
60864 9426.918528 -38.6057983730035 77.56741710931112 632.4556309209821
60864 9846.918528 -63.782127668950494 67.62458911091862 642.7835632687735
60864 10266.918528 -82.11584372756818 -10.871836016888295 647.3569637346337
60864 10686.918528 -62.535279375925555 -80.69522768212971 643.3603796225613
60864 11106.918528 -37.32006922326709 -90.04762962246677 633.5752562917639
60864 11526.918528 -11.60395835198989 -94.45778170440954 624.1023649529923
60864 11946.918528 14.246733060228628 -98.08467607920714 620.4416591711963
60864 12366.918528 39.990978510110935 -102.71926484020324 623.1477995887801
60864 12786.918528 65.19788614994937 -113.44273343415769 627.9755342845831
60864 13206.918528 81.8241225541422 157.78938167743382 629.7545599873968
60864 13626.918528 60.86818452829753 98.27949360141444 626.2829637116598
60864 14046.918528 35.48790385867632 89.59448847908932 620.7726031918132
60864 14466.918528 9.692177114021051 85.30365334264022 618.590012489297
60864 14886.918528 -16.167088695323507 81.66566786188413 623.478631880722
60864 15306.918528 -41.83983403239997 76.86662845145122 634.1814146983178
60864 15726.918528 -66.86761243064792 65.12440043931538 643.8617780766969
60864 16146.918528 -81.22844265013295 -32.61343481467448 647.095463120391
60864 16566.918528000002 -59.3971658516254 -82.53068224738537 641.8601724923576
60864 16986.918528000002 -34.072290633080144 -90.66169273512963 631.6054141828861
60864 17406.918528000002 -8.319859183699307 -94.85528800977075 622.190147071935
60864 17826.918528000002 17.538706058228474 -98.50569787442912 619.5898993219905
60864 18246.918528 43.25450851057607 -103.46027086470154 623.2269070660144
60864 18666.918528 68.30016045654882 -116.28291832184203 628.3604936866765
60864 19086.918528 80.38126606012673 138.50890281767937 630.3930106842777
60864 19506.918528 57.68447275488395 96.61167387108335 626.901345771402
60864 19926.918528 32.222718537584605 89.00677678686817 621.5921997768816
60864 20346.918528000002 6.414613878260562 84.91155174932503 620.0238431236731
60864 20766.918528000002 -19.427588465109647 81.23829014645351 625.412431835598
60864 21186.918528000002 -45.05488162843336 76.0862573597862 635.7119589503988
60864 21606.918528 -69.89026133706211 61.89835390366401 644.2906540770728
60864 22026.918528 -79.37908014665219 -48.58041901971325 645.9373194733042
60864 22446.918528 -56.231126352872785 -84.0432021135417 639.4585990646356
60864 22866.918528 -30.810160086075562 -91.22723192888488 628.9389192843864
60864 23286.918528 -5.0239365761346555 -95.24726281698865 620.1413031461598
60864 23706.918528000002 20.838672122115216 -98.94787815007902 618.9978604076074
60864 24126.918528000002 46.51697512114927 -104.29783482782994 623.8358631363919
60864 24546.918528000002 71.33569491732413 -120.03706067665557 629.4477921665075
60864 24966.918528000002 78.17560858898139 125.30694481630537 630.8728687021458
60864 25386.918528 54.482978613462386 95.22882029813411 627.1940354438215
60864 25806.918528 28.954841837925095 88.46517918849744 622.2140228008562
60864 26226.918528 3.1370267607762847 84.52472024148307 621.3743923617767
60864 26646.918528 -22.685500940881955 80.7893317432569 627.1969002150993
60864 27066.918528 -48.26361963873981 75.20232401975485 636.7945105297794
60864 27486.918528000002 -72.833987396314 57.570839718945166 644.6327878695461
60864 27906.918528000002 -76.96810415003578 -59.28836848817191 645.1443043534388
60864 28326.918528000002 -53.047672186846434 -85.31318906465613 637.8632262241639
60864 28746.918528000002 -27.55197989605137 -91.75029454557938 627.4076599132213
60864 29166.918528 -1.7455486334141201 -95.6331212195696 620.0907708774349
60864 29586.918528 24.104755603427925 -99.4091535512755 619.9456327163577
60864 30006.918528 49.73064198999429 -105.23990734640047 625.1366712079475
60864 30426.918528 74.22870068147024 -125.11072869593524 630.2932077557316
60864 30846.918528 75.58055871235703 116.60831178421047 630.7601385336601
60864 31266.918528000002 51.29305958266488 94.06716560260152 626.35123597739
60864 31686.918528000002 25.701690725509998 87.96354940040543 621.3429815226438
60864 32106.918528000002 -0.13398740991360653 84.14111821318865 621.1109922293367
60864 32526.918528 -25.945126423690436 80.31398025774568 627.5362645453841
60864 32946.918528 -51.47347404986756 74.18655635606606 637.0896355803153
60864 33366.918528 -75.65815684877991 51.501713718089505 644.5342242933004
60864 33786.918528 -74.23688749718778 -66.54842673305748 644.4036256211456
60864 34206.918528 -49.83489514113469 -86.40407202282015 636.8657694722559
60864 34626.918528 -24.28106744970185 -92.24113927656404 626.9221546719779
60864 35046.918528 1.535888886045973 -96.01811656631202 620.9884030258614
60864 35466.918528 27.36384355058929 -99.89758789163123 621.7615470583344
60864 35886.918528 52.92356997451968 -106.32098015211818 627.0217873488328
60864 36306.918528 76.939808911177 -132.30456161215247 631.2891062535015
60864 36726.918528 72.77119499697169 110.64312536902126 630.5279009831628
60864 37146.918528 48.10081074812477 93.06745020136955 625.2024819011884
60864 37566.918528 22.453067603275482 87.4927417084645 620.0780635533966
60864 37986.918528 -3.4003643806959425 83.75766537784072 620.4025023346827
60864 38406.918528 -29.200330810860525 79.80798228883894 627.388149445598
60864 38826.918528 -54.67265500563117 73.00698329356732 636.9344870471419
60864 39246.918528 -78.25542566677558 42.6415059823842 644.0768772484627
60864 39666.918528 -71.32579521175396 -71.64824597019073 643.5273760466648
60864 40086.918528 -46.603908506559925 -87.35376146626841 636.0443528989924
60864 40506.918528 -21.0026183831692 -92.70549494107676 626.8707257355487
60864 40926.918528 4.818916365886785 -96.40505081572869 622.2854328803331
60864 41346.918528 30.618274532628863 -100.41933427865315 623.9711753719141
60864 41766.918528 56.09884257878525 -107.58234234867103 629.1850780278877
60864 42186.918528 79.34544513870382 -142.92590523519812 632.4210183415751
60864 42606.918528 69.83681713977005 106.36334243661761 630.1994897052617
60864 43026.918528 44.90232488436228 92.19349202581886 623.6989780378344
60864 43446.918528 19.20309402774103 87.04677651989354 618.4893146070266
60864 43866.918528 -6.6671414348154485 83.37133452255398 619.4311499523445
60864 44286.918528 -32.45427946728791 79.26456774300667 627.0589457254645
60864 44706.918528 -57.85898458668999 71.61419957138837 636.6615983778769
60864 45126.918528 -80.43360386091776 29.321684447416395 643.5723555072764
60864 45546.918528 -68.30638547762301 -75.38215758152154 642.7490245330291
60864 45966.918528 -43.36105015216869 -88.18994254067262 635.4970287784034
60864 46386.918528 -17.721676728971513 -93.14697543487719 627.2344116667638
60864 46806.918528 8.099300676098368 -96.79562485900458 623.7255549825887
60864 47226.918528 33.86625580137409 -100.98036573784628 626.1568728526631
60864 47646.918528 59.254958446529905 -109.07821070005357 631.1332939930286
60864 48066.918528 81.20187743767255 -158.754719173986 633.2384422823405
60864 48486.918528 66.81947460848164 103.15369452274057 629.5486767729683
60864 48906.918528 41.69868861376838 91.41772463481738 623.8666808002466
60864 49326.918528 15.966438775147905 86.62253373141789 618.430716500072
60864 49746.918528 -9.90819587777707 82.9830350948682 619.4274076903796
60864 50166.918528 -35.67650922322337 78.68267941319432 626.2311535561431
60864 50586.918528 -61.01595936106251 69.94682650352239 633.01467588065
60864 51006.918528 -81.84936435327168 9.873090566710921 639.4245554379388
60864 51426.918528 -65.17960615758112 -78.25361045059574 638.8429096755174
60864 51846.918528 -40.049428306389125 -88.94939648900201 633.0095590535749
60864 52266.918528 -14.368680844766331 -93.58031300454088 627.3284898141465
60864 52686.918528 11.449859155688964 -97.20318634683576 624.793336364293
60864 53106.918528 37.1789370227444 -101.6045996811627 628.9907258323988
60864 53526.918528 62.44672385285587 -110.92805750720576 634.6240799504116
60864 53946.918528 82.11480474642514 179.32236381067872 636.2317541290917
60864 54366.918528 63.71982775940615 100.64469175558126 631.442350468808
60864 54786.918528 38.46114357910939 90.71564488181198 624.4170245415386
60864 55206.918528 12.708822396001597 86.21136730977794 619.1944689226976
60864 55626.918528 -13.162464685052095 82.583916390852 619.8964352216392
60864 56046.918528 -38.908478770462864 78.04364732521603 624.5382079128492
60864 56466.918528 -64.16717187814724 67.88366059958692 626.0468585412793
60864 56886.918528 -82.05266466315783 -14.310325308012654 629.2041894267606
60864 57306.918528 -61.887368964072664 -80.58067703867805 628.0670828498138
60864 57726.918528 -36.55868766093653 -89.67081170565116 624.292554334832
60864 58146.918528 -10.800557220056424 -94.03027222085555 623.0263665837224
60864 58566.918528 15.026364286098516 -97.65618579536807 627.8152624449301
60864 58986.918528 40.683265401157776 -102.34003354235189 637.3786253397373
60864 59406.918528 65.74643543431795 -113.35555539441978 645.9396109684183
60864 59826.918528 81.69256965597086 155.3664759942396 647.7801464492628
60864 60246.918528 60.55467778430509 98.63238420061047 640.986809649793
60864 60666.918528 35.25055935245533 90.08674304348725 629.1812334474427
60864 61086.918528 9.486092467355883 85.81708562272222 618.7022134976496
60864 61506.918528 -16.40192461152981 82.17376101191651 615.6172541373372
60864 61926.918528 -42.15743336745882 77.33065882580848 619.677226773887
60864 62346.918528 -67.28331577985031 65.27064333660263 626.2410625925485
60864 62766.918528 -80.94492831886075 -35.52916764344581 621.9710348408715
60864 63186.918528 -58.64763028000559 -82.39274622801437 619.9964431198566
60864 63606.918528 -33.16603726229416 -90.30236022314104 616.8702157805021
60864 64026.918528 -7.33907353918721 -94.4523859231532 618.3149887794334
60864 64446.918528 18.50470391210277 -98.11240061583021 626.988179153076
60864 64866.918528 44.118854634778685 -103.14982710023449 640.2767563633315
60864 65286.918528 68.97414613312235 -116.492786946167 651.3705630606948
60864 65706.918528 80.05384219641185 136.44401333992744 654.2404625378521
60864 66126.918528 57.309425409499084 96.97067214648663 647.3038019363054
60864 66546.918528 31.963120143875848 89.49852262867306 634.6197728225444
60864 66966.918528 6.213915946238844 85.4250708991372 622.9810658140209
60864 67386.918528 -19.64528648067926 81.74588769718022 617.7163513670409
60864 67806.918528 -45.36129285555081 76.54176951614906 618.8116449333004
60864 68226.918528 -70.31032820723365 61.89902754944614 621.9208654405862
60864 68646.918528 -78.94889599618332 -50.46702101256922 622.0722241131307
60864 69066.918528 -55.46730224321267 -83.84430811022897 619.2298242864679
60864 69486.918528 -29.904565009448117 -90.8550862081221 615.6974950564066
60864 69906.918528 -4.051987737546318 -94.8418310299732 617.4970800633739
60864 70326.918528 21.78897229238669 -98.55910130058436 626.7844849931062
60864 70746.918528 47.36501609326198 -104.01231765940007 640.3306907876199
60864 71166.918528 71.98458178004857 -120.4955329987144 651.0719167732839
60864 71586.918528 77.7534568936588 124.09681252171674 653.2966020351968
60864 72006.918528 54.08875812390327 95.60878711800842 646.0502977678144
60864 72426.918528 28.66667830132587 88.95484674104071 633.835325193071
60864 72846.918528 2.8992362220531955 85.03296305393714 623.3365415697635
60864 73266.918528 -22.94513322764971 81.28793365893777 619.2118396228574
60864 73686.918528 -48.60643775483741 75.63389453082915 620.732480751043
60864 74106.918528 -73.26605168908678 57.32225913028629 623.2926865978822
60864 74526.918528 -76.44475296102974 -60.42702290346206 622.4113040021848
60864 74946.918528 -52.26765277446011 -85.06836226036008 618.7450253135669
60864 75366.918528 -26.638245101676837 -91.368135263929 614.5148995732006
60864 75786.918528 -0.7623445387095741 -95.22767730292315 616.344630431621
60864 76206.918528 25.07621963928815 -99.03097991875207 625.935237181199
60864 76626.918528 50.61215896389157 -105.00085767022507 639.5408767623526
60864 77046.918528 74.89164783117535 -126.06589802909373 649.8992361261714
60864 77466.918528 75.0554381748338 115.82717572370363 651.6759390404062
60864 77886.918528 50.82581660029498 94.44439878893755 644.5140916086893
60864 78306.918528 25.339263712502476 88.44406625013112 633.2422272553131
60864 78726.918528 -0.4401750388629026 84.64051279389278 624.2823528766893
60864 79146.918528 -26.261181919959395 80.80110348379897 621.5166886942333
60864 79566.918528 -51.853704638754145 74.58875360585976 623.4612510311202
60864 79986.918528 -76.08178635310122 50.865536183465615 625.3169462102793
60864 80406.918528 -73.66255613793827 -67.18480861390083 623.7239840054592
60864 80826.918528 -49.06802006124012 -86.11439658431523 621.2654725838629
60864 81246.918528 -23.403375203188066 -91.84340412061613 615.9621460801081
60864 81666.918528 2.4761381423630384 -95.60556375729368 616.8743481505883
60864 82086.918528 28.301960637743996 -99.52143789218788 625.4070675550336
60864 82506.918528 53.793779685749875 -106.1226038622141 637.5620497878753
60864 82926.918528 77.56438713015719 -134.00291625883972 646.3251559608277
60864 83346.918528 72.16602125370426 110.16382566693763 646.9823334397801
60864 83766.918528 47.5483430398604 93.43942519628222 639.9061235423903
60864 84186.918528 21.986116029500558 87.96020348586899 630.2242221638699
60864 84606.918528 -3.815912682676948 84.24267029143141 623.8513300338811
60864 85026.918528 -29.615419638368778 80.27462895584682 623.7583557921414
60864 85446.918528 -55.12404650124925 73.35679505845954 627.4151225421253
60864 85866.918528 -78.65917473856452 41.29089289853502 629.6298445403227
60864 86286.918528 -70.7169616235855 -71.97120865290466 625.4939253105331
60865 306.918528 -45.848167124659376 -87.03012485989474 625.414576581982
60865 726.918528 -20.172780026974564 -92.29276806483787 619.2862654759091
60865 1146.918528 5.695890624205432 -95.98360768440742 618.4940481414573
60865 1566.918528 31.50191179124974 -100.04243960350144 625.148818905217
60865 1986.918528 56.97113938654902 -107.44268384522216 624.8130185339392
60865 2406.918528 79.94432564209448 -146.2883589928901 630.3033829100099
60865 2826.918528 68.98038378951246 105.87382597536502 630.2022217661572
60865 3246.918528 43.995653917010806 92.48677818168487 626.0211151956429
60865 3666.918528 18.31032116750818 87.45117644419629 622.6433533471038
60865 4086.918528 -7.526275964825454 83.79334250650717 624.7439309559292
60865 4506.918528 -33.2660286889939 79.64804605217208 632.8700118011201
60865 4926.918528 -58.60759111359382 71.77556640018842 641.7708161461828
60865 5346.918528 -80.83779661374396 26.010385649506947 645.882491207768
60865 5766.918528 -67.61600789883701 -75.5613116768637 641.7756089972356
60865 6186.918528 -42.61199584077674 -87.84234231291028 631.4749524448495
60865 6606.918528 -16.920084497608773 -92.72558611424911 620.4028135129424
60865 7026.918528 8.95891458696466 -96.373846375082 616.0299042931194
60865 7446.918528 34.77468984815927 -100.62158531321545 619.3095296827192
60865 7866.918528 60.181614707558296 -109.0516615823538 626.4575541147655
60865 8286.918528 81.61066187713071 -164.4710438808809 630.8134099304779
60865 8706.918528 65.85378880203316 102.82157966294857 630.1842222690375
60865 9126.918528 40.695530851718814 91.71285129406462 625.9006160014641
60865 9546.918528 14.977911651128752 87.0176162672181 623.0402054163349
60865 9966.918528 -10.856513142579217 83.39029776589324 625.9118865375003
60865 10386.918528 -36.564989995745755 79.03723387728225 634.3383675302451
60865 10806.918528 -61.804617244876866 70.00086971631042 642.7514328248606
60865 11226.918528 -82.01879321108396 5.120248295826321 645.6363595653839
60865 11646.918528 -64.48475298061948 -78.26862997223559 640.290572154855
60865 12066.918528 -39.31701551595023 -88.57911848615693 629.4474831857251
60865 12486.918528 -13.582477892806885 -93.15263214454535 618.3014298914266
60865 12906.918528 12.309842212383897 -96.78367392661846 615.2459303486014
60865 13326.918528 38.102575547428145 -101.26527328504112 619.7519142221126
60865 13746.918528 63.39940349247424 -111.04350148866648 625.3378569088135
60865 14166.918528 82.13333107042925 172.06142558102584 626.8198016152948
60865 14586.918528 62.63641884476633 100.42515014893429 624.9318887917439
60865 15006.918528 37.32034862175917 91.00508762992341 620.8673582047207
60865 15426.918528 11.53056050185234 86.58475466314292 616.4514903902717
60865 15846.918528 -14.352892676943048 82.95347022509695 619.389704317617
60865 16266.918528 -40.07610441695415 78.31543820319284 628.4639667951064
60865 16686.918528000002 -65.22519686991404 67.59213910732845 638.4701985177861
60865 17106.918528000002 -81.84284207582031 -20.72959420837214 643.7622202373976
60865 17526.918528000002 -61.029854482339005 -80.57153222331333 641.198128419586
60865 17946.918528000002 -35.756833449325555 -89.2960658778778 633.5105329409463
60865 18366.918528 -10.040294055081477 -93.59316011002484 626.7137534054335
60865 18786.918528 15.781296134659566 -97.22267559084774 625.3416339044086
60865 19206.918528 41.47095341289279 -101.98706511954651 629.1400250849578
60865 19626.918528 66.57046714574213 -113.54265089684695 633.578977365412
60865 20046.918528 81.32795361419623 149.79184442694975 633.6130094689034
60865 20466.918528000002 59.51782663150768 98.58700446411791 627.6653154989349
60865 20886.918528000002 34.11187628363688 90.39854275423075 621.6078187366151
60865 21306.918528000002 8.304301579443974 86.19500251023425 616.9426221208198
60865 21726.918528 -17.57319577359608 82.54152544075558 619.6980385462575
60865 22146.918528 -43.274584296530186 77.5866635202586 625.36621500097
60865 22566.918528 -68.30897840160182 64.75916047163594 624.8544807328715
60865 22986.918528 -80.35950315349723 -40.61891034581458 626.0543505417136
60865 23406.918528 -57.627773764335316 -82.36269008987001 623.972504812371
60865 23826.918528000002 -32.143650428097544 -89.95505754872914 618.9835632228355
60865 24246.918528000002 -6.31859479896874 -94.04842892415176 618.2987742984384
60865 24666.918528000002 19.531746558726493 -97.72444500136481 624.8869966248603
60865 25086.918528000002 45.15611970075862 -102.88855995134826 636.5099740695833
60865 25506.918528 69.9749251304042 -117.15517577043623 646.2959587290402
60865 25926.918528 79.32923502341146 132.17536257421244 648.7472347020686
60865 26346.918528 56.1804205187196 96.98637969615986 642.5184606473803
60865 26766.918528 30.77982972178603 89.81945496725471 631.663179254809
60865 27186.918528 5.010937456846247 85.80290281916591 622.4149889947186
60865 27606.918528000002 -20.839734559990976 82.10340643384684 619.8672520791584
60865 28026.918528000002 -46.51738812146627 76.75269755575646 623.1084495535221
60865 28446.918528000002 -71.34635280023913 60.995528079439055 627.2775841247728
60865 28866.918528 -78.14799385345196 -53.754948532609745 628.511563416741
60865 29286.918528 -54.43497647067411 -83.73750423524545 623.9335354627269
60865 29706.918528 -28.878845928103264 -90.49545578505831 618.2298956212678
60865 30126.918528 -3.030921550801152 -94.43702837800403 617.4657612950796
60865 30546.918528 22.817399327412804 -98.1792437682283 624.247243763184
60865 30966.918528000002 48.405713426725114 -103.78996146931357 635.8796837770665
60865 31386.918528000002 72.96363360089454 -121.60908537871951 645.0380689055278
60865 31806.918528000002 76.85710044645857 121.39549226990721 646.7755267886147
60865 32226.918528000002 52.927117477331166 95.6931905601163 640.3923472572399
60865 32646.918528 27.449585026218948 89.28411042282627 630.3388541255966
60865 33066.918528 1.661030536582705 85.40714908285736 622.5269746878997
60865 33486.918528 -24.173740310582595 81.63089213138616 621.563460688876
60865 33906.918528 -49.790796642313 75.79091492858034 625.6043766026099
60865 34326.918528 -74.2832346670412 55.821406356789495 629.473004435973
60865 34746.918528 -75.51755863752359 -62.50258842090342 629.1725593966529
60865 35166.918528 -51.20855770267064 -84.9101643141992 624.1602655598708
60865 35586.918528 -25.59821930740441 -91.0013191640013 618.8080286303814
60865 36006.918528 0.2562848231556134 -94.82311011512304 618.744737239074
60865 36426.918528 26.082406324331675 -98.6569604521798 625.9464546865432
60865 36846.918528 51.6142829813461 -104.81205065221346 636.7936745869856
60865 37266.918528 75.77705644877021 -127.76769438980749 645.0680986964487
60865 37686.918528 74.11875029971169 114.25397519853655 645.641663590318
60865 38106.918528 49.711781203718715 94.60713997610392 638.5486663646378
60865 38526.918528 24.169041679028897 88.7923335960856 628.7147543402531
60865 38946.918528 -1.638154032703721 85.01965246814203 622.1129492083597
60865 39366.918528 -27.459464904632544 81.13737839718014 622.2900605703126
60865 39786.918528 -53.01623795461151 74.6948021090943 626.8400696655608
60865 40206.918528 -77.01864845088522 48.479634551363816 630.3971269325403
60865 40626.918528 -72.67494426476573 -68.47278158966806 629.3277937234368
60865 41046.918528 -47.98672862871648 -85.91599462434448 623.8307002500818
60865 41466.918528 -22.327161712712027 -91.47525620341992 618.7097412789068
60865 41886.918528 3.535889398027679 -95.20859863233493 619.3261209971274
60865 42306.918528 29.341473668095105 -99.16515418761541 626.9213337452338
60865 42726.918528 54.810871459823154 -105.99911704957562 637.2394161350917
60865 43146.918528 78.35708982211383 -136.76662095932113 644.802806713822
60865 43566.918528 71.2063767096574 109.23063363819182 644.508208301004
60865 43986.918528 46.481463367558504 93.66303536661522 637.0561180370548
60865 44406.918528 20.8855366235336 88.3285326127727 627.7415393784464
60865 44826.918528 -4.932430117073769 84.63166269673978 622.5416595788706
60865 45246.918528 -30.730987943306296 80.61222582567406 623.7543303266465
60865 45666.918528 -56.21241612665416 73.41930766779694 628.5350154407885
60865 46086.918528 -79.42830971469503 37.6336890827436 631.4471147173057
60865 46506.918528 -69.71702231114796 -72.73605134558397 629.1780802577604
60865 46926.918528 -44.76949712899188 -86.79188575583639 622.9028489081003
60865 47346.918528 -19.06338360423028 -91.92274971777576 617.8892625310398
60865 47766.918528 6.810523194065976 -95.59610647610542 619.1782542873653
60865 48186.918528 32.59734020062801 -99.71018051812965 627.2375583887115
60865 48606.918528 57.9947911311347 -107.3998296005573 637.3697799132137
60865 49026.918528 80.51019951537009 -150.2925323478253 644.3850527346242
60865 49446.918528 68.18703234942505 105.53942772784461 643.4849815249198
60865 49866.918528 43.238573223213834 92.82938818062706 635.9808630704886
60865 50286.918528 17.600142761670227 87.88694594883525 627.4257797122498
60865 50706.918528 -8.22150837034728 84.24028124283163 623.5327764399676
60865 51126.918528 -33.99025303189703 80.04855348602855 625.6612828240745
60865 51546.918528 -59.38022116697559 71.90869750403436 630.4243349486733
60865 51966.918528 -81.26261929071393 21.506573380967897 632.434326484145
60865 52386.918528 -66.68770805712772 -75.9194437264811 628.8141458984417
60865 52806.918528 -41.55764677107512 -87.56568071546778 621.9596433026705
60865 53226.918528 -15.810317187071963 -92.34856682779863 616.8536872519481
60865 53646.918528 10.073687689283936 -95.98785598859693 618.6169198977638
60865 54066.918528 35.84179322545482 -100.29858955075117 626.9522351706648
60865 54486.918528 61.155407025136014 -109.08226114810564 636.7997300619311
60865 54906.918528 81.88124286587579 -169.86082496909717 643.3915116860012
60865 55326.918528 65.0963545881648 102.72585510922816 642.1886195610883
60865 55746.918528 39.98192063342551 92.08555827592416 635.0644676454064
60865 56166.918528 14.309403302614282 87.46332219449693 627.65824747967
60865 56586.918528 -11.508360153331559 83.84160749758534 625.1353674210087
60865 57006.918528 -37.239063972937586 79.43632805771458 628.1411805393582
60865 57426.918528 -62.51497485619317 70.0819406787792 632.7406694965629
60865 57846.918528 -82.12307403810982 -0.26046896044951023 633.6671464412213
60865 58266.918528 -63.61802767699443 -78.37998058809659 628.6691808469333
60865 58686.918528 -38.33517563202074 -88.26185644744811 628.5504773915799
60865 59106.918528 -12.612620619552532 -92.75132333904084 624.9039789814403
60865 59526.918528 13.22330275555928 -96.37323434003041 624.3127951732973
60865 59946.918528 38.95353354661298 -100.91420232101486 623.3827375717786
60865 60366.918528 64.21759325820368 -111.1006530921298 625.1606915183646
60865 60786.918528 82.04497556152423 166.34171407046531 623.720287329911
60865 61206.918528 61.797487908639965 100.41251367845966 624.5030232646748
60865 61626.918528 36.436829119599295 91.35527704321441 620.1284300059489
60865 62046.918528 10.647274131605833 87.0007630129697 619.1145650159683
60865 62466.918528 -15.205109447176975 83.37070322223141 624.9772733084802
60865 62886.918528 -40.87436829516163 78.66729706719845 636.2412085647476
60865 63306.918528 -65.93109289580414 67.53898954578415 646.5379366165066
60865 63726.918528 -81.63136054274325 -24.78334618035521 649.9866729254665
60865 64146.918528 -60.39719155003615 -80.40865862972079 644.3875313822413
60865 64566.918528 -35.11538245227101 -88.88978332555152 633.1021252110781
60865 64986.918528 -9.377575333977438 -93.1467749565533 622.4877667315787
60865 65406.918528 16.485597435125527 -96.78750871807308 618.3134253933096
60865 65826.918528 42.226004651220634 -101.6359730325641 620.7323087285693
60865 66246.918528 67.3467441263948 -113.74288457980572 625.3532715165697
60865 66666.918528 80.91806657271017 145.24451718670218 626.3449479018535
60865 67086.918528 58.63586082021673 98.65635680454002 626.0094997117509
60865 67506.918528 33.20210642951524 90.7586900225776 620.7924993150166
60865 67926.918528 7.379239425654918 86.60666059786689 615.2710732512915
60865 68346.918528 -18.51125443432064 82.9397480118958 617.5682605060946
60865 68766.918528 -44.21411884337905 77.87737917808148 625.5488254187267
60865 69186.918528 -69.21308427061858 64.28261087747192 625.1064283390209
60865 69606.918528 -79.76733687287376 -44.54600614360901 631.0077281047058
60865 70026.918528 -56.696299342985895 -82.26886074984118 626.9255268272112
60865 70446.918528 -31.212139269583073 -89.59229680920009 620.3581441118412
60865 70866.918528 -5.3827733662498405 -93.6383702127021 617.0805759576637
60865 71286.918528 20.483267622173518 -97.33315080685631 621.3545108407579
60865 71706.918528 46.14832834678056 -102.63202107814867 629.1866981467376
60865 72126.918528 70.94905457166244 -117.92316293928148 637.7982443861216
60865 72546.918528 78.53683702134197 128.52272645645903 640.6738321459994
60865 72966.918528 55.0311931016889 97.02166365045822 636.4853535308914
60865 73386.918528 29.574570695222494 90.13809645293783 629.0672262647507
60865 73806.918528 3.7966089019395386 86.17583135519041 622.9502166909941
60865 74226.918528 -22.017692036650725 82.45668169619938 624.043620154383
60865 74646.918528 -47.63685181576003 76.95634843980146 630.6685675677875
60865 75066.918528 -72.31233170868666 60.02151923928824 636.65621047971
60865 75486.918528 -77.38154457876699 -56.266653484909476 636.9564386912874
60865 75906.918528 -53.50547674713392 -83.5722939087733 630.9957105214279
60865 76326.918528 -27.973564276590217 -90.11549194020762 623.4171402474444
60865 76746.918528 -2.1512343232882722 -94.01726047057474 620.0096213108305
60865 77166.918528 23.68678682355573 -97.78072810969911 624.2046540465591
60865 77586.918528 49.29874243115549 -103.5380209277557 626.0410728317213
60865 78006.918528 73.85559190685964 -122.77672156723231 621.9382058605429
60865 78426.918528 75.89086110618567 119.01315890791072 624.6276247426105
60865 78846.918528 51.62702401910638 95.74917248581454 624.0281408454451
60865 79266.918528 26.039585688840305 89.58209542567307 623.2380254189414
60865 79686.918528 0.23384974399821667 85.75237102332487 626.8300710295398
60865 80106.918528 -25.52511043300696 81.94574266032292 635.9933539288347
60865 80526.918528 -50.990004648319236 75.91882503749005 646.9479173700485
60865 80946.918528 -75.18440005305516 54.276299460797254 653.2952244713197
60865 81366.918528 -74.76797042342153 -63.79906541260354 650.3800701495857
60865 81786.918528 -50.46986392373319 -84.6255796626741 638.7867211735144
60865 82206.918528 -24.922026569334168 -90.57258847162564 624.2734540907016
60865 82626.918528 0.9311033408808088 -94.37356019223515 614.044360727808
60865 83046.918528 26.824351395190636 -98.24251320537513 612.0179943026114
60865 83466.918528 52.46802605217247 -104.58619521749496 616.5139446566918
60865 83886.918528 76.62445770608817 -129.7154124507075 622.2377615433068
60865 84306.918528 73.06810188806892 112.73647119696575 623.6804623583301
60865 84726.918528 48.393507004229456 94.72095913729655 622.193548712716
60865 85146.918528 22.74363169548825 89.10114221771853 621.4685370505985
60865 85566.918528 -3.0829930513987867 85.36283355037179 625.9376158966855
60865 85986.918528 -28.83102212511338 81.43591146090998 636.1262453964074
60866 6.918528 -54.23616259707502 74.74946368748734 647.5844437779481
60866 426.918528 -77.86199031649936 45.875894226312674 653.7596215028152
60866 846.918528 -71.85364635513338 -69.28233158874137 650.3566349774691
60866 1266.918528 -47.21386202298136 -85.6092694911906 638.5665926413473
60866 1686.918528 -21.619861911057168 -91.04529166400316 624.454184293849
60866 2106.918528 4.238658095082524 -94.76250726665924 615.0399681562764
60866 2526.918528 30.107279050942072 -98.76194687713644 613.5854162869124
60866 2946.918528 55.67844963723693 -105.83021061853489 617.8375558812203
60866 3366.918528 79.10545833578847 -139.97376002767797 622.5635559901918
60866 3786.918528 70.10653533508072 108.2614881838746 622.6836883756911
60866 4206.918528 45.150672999293455 93.82174786414485 620.1476405663149
60866 4626.918528 19.443823223086795 88.64433510122447 619.3589812108655
60866 5046.918528 -6.403690345962917 84.9691325696782 624.5775317437977
60866 5466.918528 -32.14113234869897 80.88703615362904 635.7013207246683
60866 5886.918528 -57.47830522678623 73.36570807181833 647.6592760336739
60866 6306.918528 -80.15859636348317 33.16225041330808 653.7895604966624
60866 6726.918528 -68.80631084774753 -73.27301220129785 650.1813946641595
60866 7146.918528 -43.930418496503336 -86.47833452328777 638.5726925620157
60866 7566.918528 -18.300194788964014 -91.49755938514487 625.2248815846109
60866 7986.918528 7.555484025946447 -95.15764444094775 616.8138383199905
60866 8406.918528 33.39008673736986 -99.32315980127798 615.9030042060776
60866 8826.918528 58.87004012511149 -107.30843081159436 619.7268768963154
60866 9246.918528 81.05540898460235 -155.35501203171623 623.2453902520712
60866 9666.918528 67.06507794470554 104.94509603339216 621.5054132069608
60866 10086.918528 41.902722485701695 93.0285801162876 617.0347550184994
60866 10506.918528 16.134677308786724 88.20831039253056 615.4618045558244
60866 10926.918528 -9.745362524890988 84.5675093169956 621.0444271204384
60866 11346.918528 -35.48442392721229 80.28536179280533 633.0912269779808
60866 11766.918528 -60.75027681951433 71.6714198355741 645.9609792189822
60866 12186.918528 -81.74396432557135 13.957952844294438 652.8282753302246
60866 12606.918528 -65.62156701365487 -76.32680504039753 650.0558587939962
60866 13026.918528 -40.57698914071213 -87.26286038642696 639.7233360446219
60866 13446.918528 -14.927954097869533 -91.93624731419119 628.0352198716014
60866 13866.918528 10.905033169625382 -95.5627284495374 621.0106750915446
60866 14286.918528 36.68451163046981 -99.93428408848729 620.4141618600108
60866 14706.918528 62.04124422140723 -109.09696875780651 623.0751521522167
60866 15126.918528 82.07983747909321 -176.687449790377 623.9942468526759
60866 15546.918528 63.99043082761118 102.4065999444251 625.0029464105058
60866 15966.918528 38.740471846774895 92.34108055591568 622.4032817746549
60866 16386.918528 12.969163966316755 87.81125690333614 616.4891453601207
60866 16806.918528000002 -12.920433304421186 84.1815924215349 617.7087226161472
60866 17226.918528000002 -38.67736275421268 79.65946092311982 626.048498098379
60866 17646.918528000002 -63.92689043597596 69.62785180820855 631.4605089820387
60866 18066.918528 -82.09406833668505 -10.502746502316047 635.0501347800346
60866 18486.918528 -62.22361393274427 -78.79880633464798 632.4917011977664
60866 18906.918528 -36.93036534319422 -88.02673591362775 626.3729619490803
60866 19326.918528 -11.180007939137543 -92.41169462502339 622.2511100253206
60866 19746.918528 14.663598096832118 -96.0381731789571 624.5307222960513
60866 20166.918528000002 40.3850733620828 -100.70378270274249 625.125921077777
60866 20586.918528000002 65.57960823752823 -111.6483061712598 625.7805543631372
60866 21006.918528000002 81.69884468309242 157.05332701060806 628.5657686290413
60866 21426.918528000002 60.45220756430076 100.1359809146207 626.3217974269113
60866 21846.918528 35.062855771908886 91.61156222866333 621.7803897628418
60866 22266.918528 9.275190745099216 87.35081402226535 620.4838859404309
60866 22686.918528 -16.567282849759092 83.71217003564239 625.8705565190103
60866 23106.918528 -42.22013997243984 78.87730470069563 636.3429688000589
60866 23526.918528 -67.215305613875 66.89765454448151 645.525024362212
60866 23946.918528000002 -81.06252167955195 -32.59486391980747 647.8465439985797
60866 24366.918528000002 -59.049935601786835 -80.61320557739899 641.5481529689422
60866 24786.918528000002 -33.71006524615807 -88.62869049076023 630.3329418755866
60866 25206.918528 -7.9455684576111825 -92.80206711771221 620.359813816088
60866 25626.918528 17.92681665605078 -96.45889446238307 617.5553651242883
60866 26046.918528 43.652921730625586 -101.45989237476832 621.3442466040512
60866 26466.918528 68.68706994914132 -114.60233313647826 626.9325339096009
60866 26886.918528 80.12116337066567 138.5176877558644 629.0814205789006
60866 27306.918528000002 57.25043631419111 98.50636050962369 625.557346719367
60866 27726.918528000002 31.768558217071146 91.02541074639123 620.2905875251789
60866 28146.918528000002 5.949471182506782 86.95217069550363 619.0696232654399
60866 28566.918528000002 -19.89686247287455 83.27018140540245 624.9708675241098
60866 28986.918528 -45.519234708931656 78.05974363905098 635.8565104557362
60866 29406.918528 -70.3196740211024 63.44687652176831 644.8359406627605
60866 29826.918528 -79.06185840902636 -48.28507093150213 646.7138739677033
60866 30246.918528 -55.78637189015184 -82.13721546017766 640.3193497352516
60866 30666.918528 -30.362397848441 -89.2052667367733 629.7789225527476
60866 31086.918528000002 -4.579729195091175 -93.2039941486791 621.010174823355
60866 31506.918528000002 21.27655618378966 -96.9129865969098 619.4917432730706
60866 31926.918528000002 46.94748809429364 -102.32231957794525 623.7674924125404
60866 32346.918528000002 71.7334356614825 -118.53782461307749 628.7218121287365
60866 32766.918528 77.83625361087012 125.99373185540583 630.0149437268157
60866 33186.918528 54.038560739848485 97.1524172114497 626.1954510839503
60866 33606.918528 28.494760161069596 90.48794284448324 621.2656755042988
60866 34026.918528 2.668875194909702 86.56492232806107 620.7056648214277
60866 34446.918528 -23.155677845605826 82.81719888506107 626.9431463695738
60866 34866.918528 -48.726999828120434 77.15868316207026 636.9826134832398
60866 35286.918528 -73.24880644927991 58.91746018757728 645.0037335102429
60866 35706.918528 -76.59342955356185 -58.40091123138747 645.5664341661345
60866 36126.918528 -52.59501864076906 -83.38113096141296 638.2693862406402
60866 36546.918528 -27.094427948911193 -89.72529250700728 627.7880370264913
60866 36966.918528 -1.2884624450376239 -93.59161368439017 620.3849989291593
60866 37386.918528 24.55855771391133 -97.38066238779363 620.0733107676513
60866 37806.918528 50.17747071790235 -103.28761141805684 624.9987975539369
60866 38226.918528 74.62295573837193 -123.87930986054255 629.7925749452186
60866 38646.918528 75.19081600485605 117.72091441908063 630.1140761813208
60866 39066.918528 50.83510652523881 96.01043654741515 625.6479055805182
60866 39486.918528 25.2317119441513 89.98883511606387 620.7454953591637
60866 39906.918528 -0.6089717256233113 86.1802624535405 620.7856646246598
60866 40326.918528 -26.419260796782638 82.33702227605437 627.5245830796349
60866 40746.918528 -51.93814334683107 76.1212021804166 637.3971497206785
60866 41166.918528 -76.04970812846487 52.52336521541169 644.8820228757737
60866 41586.918528 -73.82884702551574 -65.29278485983073 644.6714303110573
60866 42006.918528 -49.375878369491595 -84.45230277719408 637.0264934533678
60866 42426.918528 -23.816269740161136 -90.21374902632286 627.0293736923302
60866 42846.918528 2.0018669380191048 -93.97803765194638 621.0272729293964
60866 43266.918528 27.82787208656052 -97.8749540155426 621.6907454053736
60866 43686.918528 53.38039162917797 -104.39527333317605 626.764688364678
60866 44106.918528 77.31132824034219 -131.4984943897994 630.7884673685744
60866 44526.918528 72.34797290301458 112.02502746054371 629.9278160161892
60866 44946.918528 47.63007181713618 95.02656105697915 624.5850802545294
60866 45366.918528 21.97194710926399 89.52021666876958 619.5737732456187
60866 45786.918528 -3.885339953821305 85.79562812072696 620.165737153981
60866 46206.918528 -29.683233832734075 81.8252359052776 627.459018716145
60866 46626.918528 -55.14353011531111 74.91220088019787 637.3483527092151
60866 47046.918528 -78.60701972483979 43.11460303942669 644.4880791409358
60866 47466.918528 -70.89293000584645 -70.16771905671287 643.8144343077383
60866 47886.918528 -46.136088125513986 -85.38644337301393 636.1804361102211
60866 48306.918528 -20.529723058473618 -90.67550380916389 626.9337947666329
60866 48726.918528 5.29310384943518 -94.36581913626243 622.2243183379337
60866 49146.918528 31.090888836730617 -98.40224423896017 623.7909803950564
60866 49566.918528 56.56335457389241 -105.68789584583898 628.8221821118277
60866 49986.918528 79.66484281559165 -142.79779788472172 631.8609559867728
60866 50406.918528 69.39042640293906 107.91470113724526 629.5660490083156
60866 50826.918528 44.421130419142195 94.1636652249452 623.1631566032769
60866 51246.918528 18.7129019586445 89.07554704507473 618.1047755799752
60866 51666.918528 -7.159871913577488 85.40813315477081 619.3598552661363
60866 52086.918528 -32.94339900042435 81.27595415137817 627.2947958200624
60866 52506.918528 -58.332907255772625 73.48332279000688 637.2275323139621
60866 52926.918528 -80.70262660047446 28.963917368584383 644.0660576732487
60866 53346.918528 -67.85828280011147 -73.75516728811553 643.0484792610298
60866 53766.918528 -42.88759591624882 -86.21037785079062 635.583322151434
60866 54186.918528 -17.243400756704084 -91.11503140096428 627.207193419207
60866 54606.918528 8.578982149392314 -94.7575965445028 623.6300162840776
60866 55026.918528 34.343846800727256 -98.9696492362466 625.9775266983871
60866 55446.918528 59.72171764619535 -107.22450112161063 630.8469171860037
60866 55866.918528 81.41146775675817 -159.54753595244708 632.8368890766887
60866 56286.918528 66.36114266942917 104.82857256415328 629.085483771282
60866 56706.918528 41.21720810054575 93.4013004857944 622.7020026264071
60866 57126.918528 15.471755228386856 88.65347017717204 617.4293479999792
60866 57546.918528 -10.409210902183263 85.01757774854671 618.893334121038
60866 57966.918528 -36.17492003756988 80.68484913017357 626.6588401713319
60866 58386.918528 -61.4863257636831 71.76832952571695 635.400276100991
60866 58806.918528 -81.96452622168454 8.732426361885047 641.76354926597
60866 59226.918528 -64.74894830002113 -76.50362288606787 640.6623520124673
60866 59646.918528 -39.609961495713165 -86.95095043451829 633.9911363733451
60866 60066.918528 -13.928870336470029 -91.54124708676599 627.2926051668293
60866 60486.918528 11.88939329118249 -95.16159881607972 624.953598613839
60866 60906.918528 37.61606518295175 -99.59446881966453 628.5458120481982
60866 61326.918528 62.87454184799412 -109.10977465838081 633.5830401257939
60866 61746.918528 82.1421574007539 178.09998429310056 634.7177100603543
60866 62166.918528 63.27380135236734 102.42463978581104 629.7239605688353
60866 62586.918528 37.99483545184049 92.71438338623828 624.3176153931622
60866 63006.918528 12.262138584471481 88.25107169588345 624.6597295777365
60866 63426.918528 -13.57581486196666 84.62874052770941 623.7360182251006
60866 63846.918528 -39.29511360333357 80.06048957992435 629.2596308453035
60866 64266.918528 -64.47896780094015 69.75221989691202 636.3815028895464
60866 64686.918528 -82.01501344573926 -13.883759514870194 638.8323518552056
60866 65106.918528 -61.71930347143135 -78.5857885566849 634.3919755117676
60866 65526.918528 -36.41534139324428 -87.59765917301831 625.9353749699835
60866 65946.918528 -10.656372574836771 -91.94632864734285 621.1727492595054
60866 66366.918528 15.199884053862071 -95.57717970906751 621.7951010404223
60866 66786.918528 40.90946014357014 -100.29046784716628 628.3561582583241
60866 67206.918528 66.03082120190034 -111.49949184165354 635.5908901865502
60866 67626.918528 81.56222719162767 155.04747843744704 638.1193768758146
60866 68046.918528 60.13215925471879 100.49385141342889 633.8951436980147
60866 68466.918528 34.778277180577895 92.09484556748166 626.1217164501704
60866 68886.918528 9.004082166201027 87.85389920402244 620.221166416955
60866 69306.918528 -16.854787026460006 84.21007440575583 621.6006323403958
60866 69726.918528 -42.562057942723115 79.33101646713271 626.8509300130246
60866 70146.918528 -67.61736524963979 67.03900260638274 633.9603356662943
60866 70566.918528 -80.80724979082115 -34.8792446656605 637.1118926000415
60866 70986.918528 -58.487065002464966 -80.36819632398917 633.7617318085746
60866 71406.918528 -33.09159182427871 -88.21057216044586 627.1371564411004
60866 71826.918528 -7.320591916190682 -92.34923428903683 622.9907263442549
60866 72246.918528 18.513058286451294 -96.00850859421448 624.3254901111602
60866 72666.918528 44.18057126012247 -101.06202347010785 629.4118014772147
60866 73086.918528 69.12159517643447 -114.56071619168952 636.2481974976539
60866 73506.918528 79.88122621613626 137.30406076582818 637.8150187001107
60866 73926.918528 56.92857250134762 98.8951841865046 632.772624115126
60866 74346.918528 31.483561352167225 91.51271667925239 624.9977149972589
60866 74766.918528 5.6836588654956 87.45638057867382 620.0260755195752
60866 75186.918528 -20.16811726282552 83.76866907982718 622.3624057283849
60866 75606.918528 -45.8343607468582 78.51023415780125 627.7439119819766
60866 76026.918528 -70.67510659625732 63.507595436007314 634.6963693490867
60866 76446.918528 -78.73395114895887 -49.454546978087556 636.7304930554889
60866 76866.918528 -55.26923635386459 -81.82173089067066 632.4554305830137
60866 77286.918528 -29.78981516270937 -88.76908173255303 625.7160352785933
60866 77706.918528 -3.9923850607985805 -92.74394113631932 622.2329752599179
60866 78126.918528 21.838196610065925 -96.46166280852606 624.179510314527
60866 78546.918528 47.49207225173658 -101.94672979752005 624.7696623684045
60866 78966.918528 72.24477192300633 -118.81542426391661 627.9214428534224
60866 79386.918528 77.39693749954033 124.84586817515441 631.130206918736
60866 79806.918528 53.49739482030524 97.47816042485506 629.2527059230619
60866 80226.918528 27.972165262508497 90.93737992353503 625.8313977496522
60866 80646.918528 2.180985462650999 87.03966334966094 625.9720958130259
60866 81066.918528 -23.602838973388156 83.28564098792897 631.8345228671687
60866 81486.918528 -49.13575557141634 77.56742519916057 640.49185093266
60866 81906.918528 -73.59843645973488 58.78652830220822 646.251892376435
60866 82326.918528 -76.26865441573189 -58.84580468808682 644.2676856275449
60866 82746.918528 -52.187281469016035 -82.99067002831073 634.6674106329331
60866 83166.918528 -26.644625498457764 -89.26027437823203 622.8146561904489
60866 83586.918528 -0.7973994142801217 -93.11652326578736 615.2203381956681
60866 84006.918528 25.084555593197457 -96.92626169252819 615.4942079040957
60866 84426.918528 50.72418273395804 -102.9338322050372 621.8275807168766
60866 84846.918528 75.11446840406276 -124.49518928464072 625.2656282076597
60866 85266.918528 74.67678852784584 117.03971231067571 622.9072899147922
60866 85686.918528 50.17984538954221 96.32619121530965 616.3134542928946
60866 86106.918528 24.49621074895379 90.40796908181292 611.3671834623711
60867 126.918528 -1.4103136227317434 86.61235750985279 613.3933354024534
60867 546.918528 -27.25980383644822 82.73358321431694 623.7487584379573
60867 966.918528 -52.772322719164436 76.34983336616591 638.2553742383915
60867 1386.918528 -76.72796098322726 51.00456043442107 649.3490228591701
60867 1806.918528 -73.13534949576919 -66.08643204940563 651.8062479191155
60867 2226.918528 -48.657148142821256 -84.14196030454588 645.4598099457627
60867 2646.918528 -23.14931009974664 -89.77973394287581 635.1698407365328
60867 3066.918528 2.6193610344296414 -93.51989352603273 627.0939340283379
60867 3486.918528 28.408997932459307 -97.43465516080491 624.5830052146491
60867 3906.918528 53.94382073849968 -104.07607989152967 625.8246042399243
60867 4326.918528 77.77528053885783 -132.7104008216767 626.1089140214704
60867 4746.918528 71.77255196501446 111.63563370036627 622.3507259627901
60867 5166.918528 46.95045966009479 95.3607138327335 616.5573263013647
60867 5586.918528 21.221469829522796 89.94179758336692 611.1302683508649
60867 6006.918528 -4.696363613050491 86.22536436849764 613.1276885221635
60867 6426.918528 -30.532760787816137 82.21112617748416 623.4357252723386
60867 6846.918528 -55.987128417096564 75.0849489322134 637.502710576916
60867 7266.918528 -79.20867772792228 40.50250609993031 647.7502000981497
60867 7686.918528 -70.14403531991148 -70.63871764704871 649.490123394854
60867 8106.918528 -45.37472563851519 -85.06282270486187 643.2083538485928
60867 8526.918528 -19.811925589594185 -90.24557363862631 634.0253549484828
60867 8946.918528 5.966834622464425 -93.91690422884194 627.6932122553957
60867 9366.918528 31.729369336891168 -97.98070042122743 626.7186287041711
60867 9786.918528 57.17770850379576 -105.43523334112098 628.570130125465
60867 10206.918528 80.07187233990834 -145.1151574405113 628.3977994560491
60867 10626.918528 68.76154584452556 107.72687718926905 623.3951420579772
60867 11046.918528 43.72656837463672 94.51863024909228 618.7178084318151
60867 11466.918528 17.969848399754532 89.50407907027754 611.4368224581248
60867 11886.918528 -7.957849225313025 85.83880807344919 611.7803790413611
60867 12306.918528 -33.79129039662802 81.65095537843162 620.6380578698918
60867 12726.918528 -59.19231112918119 73.57523672258367 633.881466623495
60867 13146.918528 -81.15347851996226 24.519056821962394 642.8054562451415
60867 13566.918528 -67.01021630030004 -74.0568114957807 644.0735911838351
60867 13986.918528 -42.0081714703696 -85.89198880238999 638.7740440257727
60867 14406.918528 -16.38504768144962 -90.70060193868512 632.0595293104083
60867 14826.918528 9.401949171391555 -94.32980812601524 628.8569147854885
60867 15246.918528 35.124700875705315 -98.5855131422086 630.6058814039302
60867 15666.918528 60.45314654738336 -107.09821038815124 633.8330713270165
60867 16086.918528 81.6839667794736 -163.72637251943178 633.4651707221695
60867 16506.918528000002 65.65467527439279 104.75285981603491 627.2176769540644
60867 16926.918528000002 40.46267318516175 93.76227962750899 625.3724564851392
60867 17346.918528000002 14.729711812037465 89.08754984247044 619.4477199347442
60867 17766.918528000002 -11.14092793357212 85.45695763377435 619.6026721871716
60867 18186.918528 -36.90311553197454 81.07244544105545 625.2770231303741
60867 18606.918528 -62.22193444463167 71.84000142353179 625.9039571810691
60867 19026.918528 -82.10058628326992 3.124941309987508 626.2336599423103
60867 19446.918528 -63.819537149180775 -76.6682518278782 625.0532908422122
60867 19866.918528 -38.55538407317587 -86.6476860819941 622.527985984686
60867 20286.918528000002 -12.786545333182435 -91.16145040221943 617.6516748115872
60867 20706.918528000002 13.091348339529382 -94.78928893525465 619.6922541102239
60867 21126.918528000002 38.82846616805905 -99.32091594435357 627.0519565616455
60867 21546.918528000002 64.04500258333815 -109.40576251120899 635.6345035101891
60867 21966.918528 82.08445486213203 169.9301924356873 641.0303838916681
60867 22386.918528 62.18658454266707 102.22894171378904 639.0783167031958
60867 22806.918528 36.93861025814151 93.02743148647468 632.2323136350179
60867 23226.918528 11.225125881932012 88.64709098616687 626.15315592297
60867 23646.918528 -14.595889204771304 85.02388615677623 625.3501135114589
60867 24066.918528000002 -40.293435781299785 80.36967882120699 629.8858336371231
60867 24486.918528000002 -65.43820102789016 69.52097578138674 635.0869789557088
60867 24906.918528000002 -81.76689870236808 -20.425632816655035 635.6961702220896
60867 25326.918528 -60.703387751674825 -78.66180965767222 630.0095338339564
60867 25746.918528 -35.333352453426635 -87.27887933684032 627.0926587827017
60867 26166.918528 -9.584772982543774 -91.55211430112543 621.3017912645993
60867 26586.918528 16.266783256283247 -95.18962539416768 622.7579097526467
60867 27006.918528 41.96616779849229 -100.00555950251369 628.7676662369635
60867 27426.918528000002 67.03292958969828 -111.8735668648784 636.3066774151532
60867 27846.918528000002 81.12172191148454 149.1806137537425 638.820340079486
60867 28266.918528000002 59.1140733205879 100.4745947102285 634.4634728916648
60867 28686.918528000002 33.73591517081652 92.42916223372025 626.5558045685784
60867 29106.918528 7.969410812273529 88.25338808958827 620.8177767761359
60867 29526.918528 -17.880640413143393 84.59961231357825 623.046344525131
60867 29946.918528 -43.564514170175755 79.61421941840536 621.5448036901428
60867 30366.918528 -68.59573718493837 66.54784019632389 624.4094358774154
60867 30786.918528 -80.17745151909081 -39.982717011095296 630.3220520827497
60867 31206.918528000002 -57.332117941599584 -80.40025907993217 625.0006950426794
60867 31626.918528000002 -31.846211888466666 -87.90656392756517 619.1156952223943
60867 32046.918528000002 -6.017099664166077 -91.98549505358629 617.4352585695203
60867 32466.918528 19.842094137724203 -95.66848418738128 623.2072843668924
60867 32886.918528 45.47541570005863 -100.87521353197018 634.5379232596468
60867 33306.918528 70.28635408855166 -115.45728774841365 643.9147325057987
60867 33726.918528 79.08358928731462 132.88949482631975 646.3695539907027
60867 34146.918528 55.81690324666624 98.92933204237048 640.5943722471145
60867 34566.918528 30.397666646435628 91.85362933352376 630.5906567132379
60867 34986.918528 4.621426504858138 87.85375401847418 622.0852228412516
60867 35406.918528 -21.226552306600272 84.14655492191625 620.6127718710153
60867 35826.918528 -46.89032157665744 78.74594859040273 624.7031667686032
60867 36246.918528 -71.67575165056802 62.60109877897364 629.290431254314
60867 36666.918528 -77.88569697302471 -52.75011343423774 629.9437645064525
60867 37086.918528 -54.10037789658821 -81.76947050561596 625.4941712832866
60867 37506.918528 -28.551041831818846 -88.44927640565129 620.0759386203712
60867 37926.918528 -2.715392523817086 -92.37606210560556 619.2094525693253
60867 38346.918528 23.120590161273554 -96.12461114905544 625.4977172026719
60867 38766.918528 48.70079051599317 -101.78074543295057 635.9963580953846
60867 39186.918528 73.23024326688935 -119.9970491512339 644.3831141024917
60867 39606.918528 76.60770662073615 122.69928226505186 645.4200582662613
60867 40026.918528 52.6131195985144 97.6787325835015 638.5889274564845
60867 40446.918528 27.116684606277307 91.33096375148101 628.4576436151026
60867 40866.918528 1.3153072361659854 87.46419599841236 620.9423477530405
60867 41286.918528 -24.52737177903173 83.67653279279143 620.6538657353433
60867 41706.918528 -50.14272935499815 77.77620825371723 625.4688771854916
60867 42126.918528 -74.59027944607237 57.246980601854304 630.041538354485
60867 42546.918528 -75.22356270267198 -61.1463409282349 630.1335251009889
60867 42966.918528 -50.87265805541515 -82.92442841295676 625.4143680782266
60867 43386.918528 -25.26755287386667 -88.95287339644638 620.3080437048445
60867 43806.918528 0.5768710317825654 -92.76282165432433 620.1973777957393
60867 44226.918528 26.392120673393375 -96.6056785113685 626.9197062279602
60867 44646.918528 51.91638189446163 -102.81823486482573 636.752658283468
60867 45066.918528 76.03457487936323 -126.3815606917538 644.420291415654
60867 45486.918528 73.84251415756447 115.78818077963092 644.4661734479116
60867 45906.918528 49.39058100920036 96.605362173804 637.0663886004052
60867 46326.918528 23.832336819119277 90.8415861649128 627.2406325445515
60867 46746.918528 -1.9839067538926793 87.07715594879654 621.2229488596543
60867 47166.918528 -27.808029281618175 83.18154338462367 621.9609991785804
60867 47586.918528 -53.35876247429913 76.66692716950472 627.0597072099689
60867 48006.918528 -77.29265984841386 49.62630187380625 631.0449583677416
60867 48426.918528 -72.37187251554717 -66.88567558298125 630.0530148235135
60867 48846.918528 -47.65673194656984 -83.9137784143926 624.6009049124533
60867 49266.918528 -21.998994955364992 -89.42328807679448 619.5281573904135
60867 49686.918528 3.858959161835885 -93.14803881528825 620.0444287830613
60867 50106.918528 29.65852120981811 -97.1169865248895 627.241861814086
60867 50526.918528 55.122211297115115 -104.0240870448183 636.933702226702
60867 50946.918528 78.59412767732925 -135.75967885955419 644.1103103949002
60867 51366.918528 70.9088137427141 110.90177170529434 643.5310998776613
60867 51786.918528 46.15095124902398 95.66874766051932 635.999580437401
60867 52206.918528 20.543826202600577 90.37894952853581 626.8542860419443
60867 52626.918528 -5.279096673163145 86.68922844512456 622.1935717596069
60867 53046.918528 -31.076593105061672 82.65432983773648 623.8975721025008
60867 53466.918528 -56.54826605092853 75.37413602210417 629.0368563582057
60867 53886.918528 -79.65416383367544 38.33459115051583 632.1297582091705
60867 54306.918528 -69.4094082191975 -71.0126787857983 629.8131556724188
60867 54726.918528 -44.44234039405987 -84.77895388368485 623.3667702995499
60867 55146.918528 -18.736028135204506 -89.86895836443928 618.3088104535851
60867 55566.918528 7.135461732124844 -93.53616321848168 619.4885754294073
60867 55986.918528 32.918346224812616 -97.66600080473391 627.2519784812943
60867 56406.918528 58.309101288459765 -105.44935622447227 637.0988478483195
60867 56826.918528 80.69141992340342 -149.85254102833906 643.8984792878387
60867 57246.918528 67.87983537358446 107.31456907912157 642.850070500792
60867 57666.918528 42.908385337970856 94.8460602082036 635.3659085173514
60867 58086.918528 17.262763314384916 89.94030286725925 627.0022431132767
60867 58506.918528 -8.560777909959414 86.2981385438041 623.5161336516686
60867 58926.918528 -34.326330804315305 82.08774565874782 625.9490499822149
60867 59346.918528 -59.70476109457352 73.83994644767888 630.8911064679493
60867 59766.918528 -81.40496518842481 21.621928903611956 632.9314443639697
60867 60186.918528 -66.38007532205744 -74.10451001415657 629.2297811762456
60867 60606.918528 -41.23789123774506 -85.54264397179004 622.525056760355
60867 61026.918528 -15.491340119117872 -90.29241096467305 617.2598705284995
60867 61446.918528 10.390392314634171 -93.92831518519083 618.7870791621222
60867 61866.918528 36.15601785644012 -98.2594672279732 626.7046815638844
60867 62286.918528 61.465002504438 -107.16649696437001 635.9021426160889
60867 62706.918528 81.95894111946939 -170.03393711490403 642.2807548578293
60867 63126.918528 64.77675736755937 104.5713098987409 641.059873303991
60867 63546.918528 39.641248724216986 94.10935795221769 634.1762103376449
60867 63966.918528 13.960892668423226 89.51661284857796 627.1996370950088
60867 64386.918528 -11.858248163091053 85.89618727272084 625.0230389839693
60867 64806.918528 -37.58521592405889 81.46567185358657 628.47566704017
60867 65226.918528 -62.84571366464389 71.96357828342109 633.371140751917
60867 65646.918528 -82.14162583509507 -0.6384178043447272 634.4047350431373
60867 66066.918528 -63.29898523867573 -76.50581006077354 629.3746588338051
60867 66486.918528 -38.01743945335734 -86.22873719275758 623.691798442487
60867 66906.918528 -12.26301165764365 -90.69702687764511 618.6463535949943
60867 67326.918528 13.615070446624065 -94.3254672866183 618.527403084951
60867 67746.918528 39.36500868818142 -98.90481460351974 625.9698857281577
60867 68166.918528 64.59078693275427 -109.28588545355419 627.3108695357254
60867 68586.918528 81.97816167285242 165.86401564354065 630.2518187359084
60867 69006.918528 61.48728071583086 102.32393230513983 627.488765908483
60867 69426.918528 36.13615973678433 93.39711634926815 622.1599027353608
60867 69846.918528 10.35494801830207 89.06424686499045 619.7490325852351
60867 70266.918528 -15.497958070068513 85.4316281903723 624.1035707319753
60867 70686.918528 -41.174593415597755 80.69723505418689 634.1892733888612
60867 71106.918528 -66.23577617650803 69.3700936444158 643.2145411142944
60867 71526.918528 -81.50244242760454 -24.904018550364267 645.986944412075
60867 71946.918528 -60.03050180364629 -78.51083304590996 640.4688272449073
60867 72366.918528 -34.71279274020331 -86.8657652200164 630.050707758831
60867 72786.918528 -8.952663824977305 -91.10085421855081 620.2235613110125
60867 73206.918528 16.919570735278356 -94.74747816872915 617.998505507398
60867 73626.918528 42.650581450611085 -99.63993935275722 622.3560834259009
60867 74046.918528 67.73162097994786 -112.02664230174696 628.4014410776223
60867 74466.918528 80.72062526205137 145.30782384285197 630.8979245929697
60867 74886.918528 58.28601923494075 100.58285743857381 628.0903562800684
60867 75306.918528 32.84980608953314 92.7954334405493 623.1386637263729
60867 75726.918528 7.0571079164918595 88.66684347685452 621.4857036387015
60867 76146.918528 -18.776841508173444 85.00343362245253 626.366869985798
60867 76566.918528 -44.40812975360039 79.92789760455122 635.7653072334532
60867 76986.918528 -69.28572022731046 66.29613575226024 643.9345948901745
60867 77406.918528 -79.80391922055783 -42.17215200463852 645.2979431614349
60867 77826.918528 -56.85912667090097 -80.08325209623459 638.5930556528701
60867 78246.918528 -31.445582742794272 -87.44086187452946 627.8550203280571
60867 78666.918528 -5.65608605957103 -91.49411066524475 619.0986572556585
60867 79086.918528 20.21506194895722 -95.18557788724291 618.0150718117176
60867 79506.918528 45.906855327662974 -100.4577694095027 623.1284643941444
60867 79926.918528 70.77478872371226 -115.5777349979532 629.2407641244799
60867 80346.918528 78.62648054482084 131.0695561888198 630.961989613357
60867 80766.918528 55.08525558415812 99.15237883461869 627.5210651392308
60867 81186.918528 29.572348252686464 92.24415092789505 622.5769802756107
60867 81606.918528 3.760002314311904 88.27671250234829 621.5714310288421
60867 82026.918528 -22.063505542824426 84.5547837114936 627.1276907032286
60867 82446.918528 -47.6513232843288 79.05666417374687 636.4253719096836
60867 82866.918528 -72.2804721461184 62.17676300043454 644.2232334638139
60867 83286.918528 -77.45334135414481 -53.88930926182328 644.8079268326048
60867 83706.918528 -53.648843755828366 -81.40772839880184 637.5802083918448
60867 84126.918528 -28.16240438809429 -87.97533003011978 627.0774718387314
60867 84546.918528 -2.356428513287626 -91.88268038483201 619.6784019836023
60867 84966.918528 23.49871216820827 -95.64370406010799 619.4696222188866
60867 85386.918528 49.136314833092094 -101.37877570564346 624.7288314590983
60867 85806.918528 73.70332627345742 -120.36431083928923 630.0996770726297
60867 86226.918528 76.08115582843763 121.65448315094007 630.759512220727
60868 246.918528 51.88434397935372 97.94813243478373 626.4720094284381
60868 666.918528 26.303961655681988 91.73257655236272 621.4360842612923
60868 1086.918528 0.470946775115487 87.89027317115786 621.0476747742829
60868 1506.918528 -25.343524103680586 84.08184865684495 627.2811565440281
60868 1926.918528 -50.88377781529597 78.06205756298606 636.6702851540409
60868 2346.918528 -75.15379920758969 56.45970775484119 644.1984530131043
60868 2766.918528 -74.75115690517079 -61.73551778052694 644.2306547792874
60868 3186.918528 -50.420591422356516 -82.538171127505 636.7901745741899
60868 3606.918528 -24.87533283047075 -88.47554520682802 626.8018805777241
60868 4026.918528 0.9408286633482221 -92.26971123538775 620.6639609746422
60868 4446.918528 26.77361429436649 -96.12811563121298 621.3522882128543
60868 4866.918528 52.34616620821576 -102.43364866983622 626.6657833976902
60868 5286.918528 76.46641188583585 -127.10910081872073 631.1239136925838
60868 5706.918528 73.29316771503959 115.25110495116034 630.5757798122277
60868 6126.918528 48.681116302977465 96.91475973888541 625.3814444823591
60868 6546.918528 23.042737438868024 91.2533628237888 620.2221930704957
60868 6966.918528 -2.808582030870468 87.50536399638219 620.3682426906789
60868 7386.918528 -28.612372730710696 83.5811775170939 627.1357142848891
60868 7806.918528 -54.09840327026147 76.91440068762792 636.5524072413111
60868 8226.918528 -77.81528876306794 48.18631034348726 643.7869157492223
60868 8646.918528 -71.85538956894224 -67.18420174409286 643.3872545538558
60868 9066.918528 -47.17983211999317 -83.51787753231531 635.9749593010158
60868 9486.918528 -21.58528376077191 -88.94732779682865 626.7379230351231
60868 9906.918528 4.23613768913938 -92.65768268735006 621.9568039017248
60868 10326.918528 30.04094469445444 -96.64451648962718 623.5669698872128
60868 10746.918528 55.53612874605105 -103.66136975921728 628.8646359009358
60868 11166.918528 78.94987076851521 -137.01952174917443 632.3327639417311
60868 11586.918528 70.36825209367127 110.7065489844167 630.3797466228893
60868 12006.918528 45.47481984134154 96.01749525114086 624.1144952998386
60868 12426.918528 19.78548350943394 90.80275920040766 618.8849884777031
60868 12846.918528 -6.0813851608335225 87.12030176047729 619.6298007439755
60868 13266.918528 -31.871237550679272 83.04646599089659 626.9704653398695
60868 13686.918528 -57.29094007004778 75.56651409718043 636.4421940830588
60868 14106.918528 -80.09196901350427 35.801512763048095 643.3339736478018
60868 14526.918528 -68.84945486819538 -71.12375162289803 642.5234900508909
60868 14946.918528 -43.93528996897669 -84.37273540803743 635.2180848005768
60868 15366.918528 -18.299482094985077 -89.39190288787431 626.8174973654935
60868 15786.918528 7.523829023220513 -93.04617866311735 623.2351153097999
60868 16206.918528 33.29786256752714 -97.19630255227733 625.6776513735741
60868 16626.918528000002 58.704195541777054 -105.10970040058037 630.8433471228344
60868 17046.918528000002 80.93504734503048 -151.83900042684735 633.270308510431
60868 17466.918528000002 67.35678434575095 107.33088699621531 629.9229931851506
60868 17886.918528000002 42.26173509590737 95.22450297888659 622.4728525827279
60868 18306.918528 16.525010517539993 90.3732726757029 617.2577677727427
60868 18726.918528 -9.355972216646796 86.72989596884904 618.7459838088696
60868 19146.918528 -35.12905670796761 82.46708878588781 626.8678327718907
60868 19566.918528 -60.46542904034819 73.94860631961537 636.4920362871636
60868 19986.918528 -81.67335463719824 17.54481846605065 643.0637957002506
60868 20406.918528000002 -65.77131591958059 -74.09431823778456 641.8976931056615
60868 20826.918528000002 -40.685169412394444 -85.13071693107433 634.7608195568988
60868 21246.918528000002 -15.016434748763501 -89.81643174659729 627.2275752816229
60868 21666.918528 10.804119487860786 -93.44112815553248 624.6323534977671
60868 22086.918528 36.54333764726057 -97.79615063717348 627.6846751372527
60868 22506.918528 61.84421472043812 -106.86056795818166 632.5228368775823
60868 22926.918528 82.04116724588906 -172.59274521871612 633.7983702327451
60868 23346.918528 64.2867256649419 104.73501306526076 629.1050597696784
60868 23766.918528000002 39.03900949664181 94.51512764973963 628.2000920106213
60868 24186.918528000002 13.311250052910271 89.96698635310777 624.7294940793261
60868 24606.918528000002 -12.529826953640994 86.34400940169023 623.8753292518052
60868 25026.918528000002 -38.26565204635854 81.85801966607195 627.9653094556708
60868 25446.918528 -63.49254053048181 72.05054737594111 636.4928776274053
60868 25866.918528 -82.13393495754406 -4.802413969990274 640.3952067318196
60868 26286.918528 -62.732519677557036 -76.3514942882799 637.0644982768794
60868 26706.918528 -37.48471771903912 -85.79982935671114 629.136567849314
60868 27126.918528 -11.752150445068695 -90.2241354830574 623.27986382655
60868 27546.918528000002 14.08060971801692 -93.84739694511899 622.5931819056592
60868 27966.918528000002 39.8035410702352 -98.46143238562779 621.4900375662397
60868 28386.918528000002 65.01502795081988 -109.07840683132667 627.1124786944665
60868 28806.918528 81.87556212309745 163.29706900131367 628.546833369199
60868 29226.918528 61.046821116556345 102.59832799019978 627.1581711409209
60868 29646.918528 35.68488339612277 93.84738294920432 623.3975608542069
60868 30066.918528 9.915079009447645 89.5468909650268 622.4231566650047
60868 30486.918528 -15.913780074212957 85.91460183824199 627.6335825825918
60868 30906.918528000002 -41.56213615567856 81.14601041424461 637.5309776032135
60868 31326.918528000002 -66.58285108559053 69.5982001131547 646.1679318600937
60868 31746.918528000002 -81.36237847140228 -26.52057809134433 647.8799541661672
60868 32166.918528000002 -59.70049683508939 -78.15027421961227 640.933707375648
60868 32586.918528 -34.37180906821598 -86.38948249977659 629.0849110974675
60868 33006.918528 -8.601771629826771 -90.60479052178337 618.7409974020713
60868 33426.918528 17.28423224697561 -94.25716934603413 615.7276811003226
60868 33846.918528 43.02972337886593 -99.19284691425032 619.7054660966497
60868 34266.918528 68.1086827264326 -111.87346914934744 625.9524904225577
60868 34686.918528 80.48120491907147 143.60802522056363 624.2751638524413
60868 35106.918528 57.837259000818726 100.90102586272509 625.5507767096105
60868 35526.918528 32.36827600822637 93.24635534529732 619.2091901117661
60868 35946.918528 6.539301220613917 89.13922332144304 616.5551225773265
60868 36366.918528 -19.33035714417285 85.46261719640901 621.5011869571242
60868 36786.918528 -44.98108740838042 80.31475267437827 632.6833122682007
60868 37206.918528 -69.83884214334633 66.16728062564599 642.0168828661089
60868 37626.918528 -79.40674331199467 -44.189671563590665 644.8730570442865
60868 38046.918528 -56.27058982930323 -79.81289503075375 639.7809952630837
60868 38466.918528 -30.858189431941547 -87.00774163755055 630.5718307523432
60868 38886.918528 -5.083976330196839 -91.02954599930705 622.4754777439217
60868 39306.918528 20.76031644909549 -94.7272563408184 621.4744987256947
60868 39726.918528 46.42189309413883 -100.0634007488445 625.9296547506643
60868 40146.918528 71.23597597838494 -115.68983338948561 630.7179516785887
60868 40566.918528 78.25800588083125 129.89592162258015 631.0737381078158
60868 40986.918528 54.58925753032729 99.48595745325852 626.2989006887656
60868 41406.918528 29.054118736310198 92.69374832171897 620.4353081002098
60868 41826.918528 3.2212334979124417 88.74597450521823 618.9170636365044
60868 42246.918528 -22.620648145867403 85.00872330739259 624.658293780449
60868 42666.918528 -48.21477640597235 79.4256290844693 634.9172238227179
60868 43086.918528 -72.80037704438095 61.83507024649788 643.1018075942861
60868 43506.918528 -76.99015531033564 -54.997844450208774 644.2331039023443
60868 43926.918528 -53.072012973111775 -81.09310603172916 637.7208677733112
60868 44346.918528 -27.57897778448997 -87.53598732565985 627.9941316800924
60868 44766.918528 -1.7762220769888952 -91.41986765002879 620.0793814493786
60868 45186.918528 24.07224183710028 -95.19522696071687 620.3841195227512
60868 45606.918528 49.69378364889491 -101.01976669728082 625.8714200477783
60868 46026.918528 74.1902650582512 -120.823334387472 631.1435642452512
60868 46446.918528 75.6216817173565 120.92979730998438 631.4845679788875
60868 46866.918528 51.34570613154722 98.296102720633 626.7915198494227
60868 47286.918528 25.757410738812045 92.18276259241718 621.3819227555597
60868 47706.918528 -0.07911908323729497 88.3584615105036 620.6811364626852
60868 48126.918528 -25.895258549489352 84.53254947870631 626.7025773350539
60868 48546.918528 -51.43457754156031 78.41103481591904 635.5232656474423
60868 48966.918528 -75.63427178169353 55.77736259606825 643.0647619198352
60868 49386.918528 -74.25414268460906 -62.30374068695173 643.2910299974318
60868 49806.918528 -49.84848855330707 -82.19072174210315 636.2971860979802
60868 50226.918528 -24.293307092393945 -88.02997728678 626.907109805345
60868 50646.918528 1.5223448179488641 -91.80661040129554 620.8674653292761
60868 51066.918528 27.349281217185496 -95.68464031555706 622.120397164603
60868 51486.918528 52.90512614704224 -102.10182361852696 627.7251710642937
60868 51906.918528 76.92073804584126 -128.01945756883674 632.1587179500395
60868 52326.918528 72.80073603870296 114.89608055556013 631.3171537816744
60868 52746.918528 48.13720607649341 97.28586909090365 625.7733569704614
60868 53166.918528 22.49332420269598 91.70840029418792 620.3394979261923
60868 53586.918528 -3.3592674024992926 87.97402833724928 620.2713652252521
60868 54006.918528 -29.162377986344318 84.02710899546199 626.8109271910683
60868 54426.918528 -54.64491796999832 77.233600747493 635.4486166654773
60868 54846.918528 -78.24389449309838 46.92348483849145 642.5867594944438
60868 55266.918528 -71.3347865504192 -67.43523115368119 642.3057427692468
60868 55686.918528 -46.60578003300078 -83.14674117436506 635.2982138069457
60868 56106.918528 -21.00135954383733 -88.49717770488846 626.6831210218311
60868 56526.918528 4.820404026378031 -92.19511439661078 621.7424949117259
60868 56946.918528 30.621643438205517 -96.20755990917186 623.9704630697327
60868 57366.918528 56.1004379038902 -103.36610844655695 629.6899470727375
60868 57786.918528 79.34567408502437 -138.67905180450438 633.3160395898805
60868 58206.918528 69.85026304949415 110.57552319268696 631.2691733934954
60868 58626.918528 44.922793671643866 96.40439541620066 624.9095180853413
60868 59046.918528 19.232348774003093 91.2599673088243 619.5188007897613
60868 59466.918528 -6.631787735957614 87.58730635810943 620.008161381831
60868 59886.918528 -32.417721986472905 83.4853428984361 626.661500342823
60868 60306.918528 -57.83334876453377 75.84565637287578 634.9876587581052
60868 60726.918528 -80.42927834851255 33.62192756666625 641.7269393585285
60868 61146.918528 -68.30980368842127 -71.1818468568325 641.0792280625444
60868 61566.918528 -43.35306944352245 -83.98684239956091 634.2927583630727
60868 61986.918528 -17.707099984672144 -88.94113828733487 626.7119854327124
60868 62406.918528 8.1173953391864 -92.58818463098737 622.1001084384668
60868 62826.918528 33.893054296233835 -96.773514340124 625.3261287216878
60868 63246.918528 59.283851089253666 -104.8774456633529 631.2185959823626
60868 63666.918528 81.21622548098287 -154.67931430908052 634.196564197859
60868 64086.918528 66.80678449548475 107.34308512521264 631.2054265854664
60868 64506.918528 41.690511898019295 95.62267519589084 624.3104698180834
60868 64926.918528 15.962336072353834 90.83093108805141 619.1405403436803
60868 65346.918528 -9.906444167803858 87.19373815196082 620.2633003309525
60868 65766.918528 -35.66884425522548 82.89656006403321 626.3846664120937
60868 66186.918528 -61.00654629531014 74.1687885024005 633.291975365715
60868 66606.918528 -81.84963916224854 14.166597305161297 639.2647601104215
60868 67026.918528 -65.18890075220702 -74.0440775093683 638.2536757139453
60868 67446.918528 -40.05286894285533 -84.74180086274741 632.0532756022665
60868 67866.918528 -14.36417408850681 -89.37238243407067 626.1434528954102
60868 68286.918528 11.464135221352025 -92.99557071600024 622.6813121061591
60868 68706.918528 37.20753786567413 -97.40034820464642 623.9845073125215
60868 69126.918528 62.54272787747512 -106.78098558332482 625.7779176979593
60868 69546.918528 82.12801856863896 -177.71907862152358 627.0259425980873
60868 69966.918528 63.50427479098761 104.69749306415683 626.100934211469
60868 70386.918528 38.219773753037344 94.87093817206086 622.658881543218
60868 70806.918528 12.46388091418896 90.38549499220464 621.7245968545415
60868 71226.918528 -13.37138979934776 86.7629101256931 626.963942351553
60868 71646.918528 -39.04538204164391 82.2211803158694 637.2697908801182
60868 72066.918528 -64.17305432455254 72.08672339253827 646.755042094507
60868 72486.918528 -82.07473736713273 -8.918791008318507 649.5478091614876
60868 72906.918528 -62.17273227640877 -76.18299990951834 643.3128819653516
60868 73326.918528 -36.936848306866054 -85.37800053695679 631.2915298012841
60868 73746.918528 -11.196560421395072 -89.76296145634619 619.9123368445079
60868 74166.918528 14.688299666328502 -93.39635007181082 615.4093551090152
60868 74586.918528 40.465653943323986 -98.07898832106214 618.2057342765661
60868 75006.918528 65.68371501110084 -109.09645531370035 623.9784716584364
60868 75426.918528 81.65921826877413 158.96488788750702 627.3005189151869
60868 75846.918528 60.319705240719905 102.70986909388726 624.154224769877
60868 76266.918528 34.938796764275814 94.2341865974382 623.10400671101
60868 76686.918528 9.149370124810005 89.97987817715436 618.6587396817916
60868 77106.918528 -16.717071452979628 86.33548211780263 621.0918534768614
60868 77526.918528 -42.42206744146621 81.4703777597055 624.661724160882
60868 77946.918528 -67.5342541253467 69.22307303848706 625.7817977134318
60868 78366.918528 -80.81537645620229 -32.665866482627045 626.0764649296358
60868 78786.918528 -58.440384575004074 -78.28314206185277 626.192760955808
60868 79206.918528 -33.02019526110452 -86.11728921532958 624.021477639076
60868 79626.918528 -7.250070489950148 -90.25265201564324 623.3489765610819
60868 80046.918528 18.58483343982802 -93.9137947607634 624.0726541656287
60868 80466.918528 44.24751943215924 -98.97538074219865 629.8162386207883
60868 80886.918528 69.18491615229821 -112.53242686179124 635.5078222872036
60868 81306.918528 79.83096468763652 139.06936854847044 636.0210481763246
60868 81726.918528 56.83695099869036 100.95955026178318 630.2371543573769
60868 82146.918528 31.36083741894507 93.59599587060262 621.520181572333
60868 82566.918528 5.539565872618642 89.54243380883581 617.6539071717264
60868 82986.918528 -20.324963563543424 85.8497376565584 621.1034978612438
60868 83406.918528 -45.986946388472276 80.57142725373816 625.0366311623729
60868 83826.918528 -70.85620075477772 65.36062110885148 625.806224245626
60868 84246.918528 -78.55092678838112 -48.240189197297326 629.7988252587264
60868 84666.918528 -54.977255036169026 -79.8401855623886 626.9600857693734
60868 85086.918528 -29.460637185585714 -86.72273595143682 622.7373142684719
60868 85506.918528 -3.651665577842361 -90.6848251061931 622.4367983007098
60868 85926.918528 22.162546760683654 -94.40760254698417 628.487850182306
60868 86346.918528 47.73626222851139 -99.91557211247415 638.2232997482295
60869 366.918528 72.34687763804881 -116.87748812621705 645.7838296534761
60869 786.918528 77.40384325573237 126.97358956258348 645.7810552175093
60869 1206.918528 53.59060235674269 99.61966759751935 637.7667071780872
60869 1626.918528 28.101176616843684 93.0651307133555 626.5330970639972
60869 2046.918528 2.288355792644925 89.15953231784887 618.678678338301
60869 2466.918528 -23.57606098483223 85.39533469702113 617.9684511010901
60869 2886.918528 -49.224348654397986 79.64436603271585 623.0204748710074
60869 3306.918528 -73.79290845123309 60.50868466858039 628.4306252087466
60869 3726.918528 -75.99012148393817 -57.55193555107121 629.4160501941648
60869 4146.918528 -51.76872343639929 -81.04135760653223 625.773336670589
60869 4566.918528 -26.184073384396786 -87.2349799930909 621.5210055849614
60869 4986.918528 -0.3543994903903202 -91.07255354012023 621.9367677651915
60869 5406.918528 25.44966713117561 -94.88251855531857 628.8340291774601
60869 5826.918528 50.97247017079952 -100.91470949926287 638.9222612556936
60869 6246.918528 75.21757815301811 -122.63857598444248 646.1997924613775
60869 6666.918528 74.69911554457752 119.18866153131798 645.5720209013532
60869 7086.918528 50.36680521923755 98.4926030470115 637.2059326312599
60869 7506.918528 24.819380308864513 92.56569128844315 626.3337267216925
60869 7926.918528 -1.0050093054621227 88.77296803109336 619.3648062409775
60869 8346.918528 -26.850132515575137 84.91107020664813 619.3668796293061
60869 8766.918528 -52.43727544547995 78.585827638356 624.3978511773138
60869 9186.918528 -76.5558412354173 53.6713415757576 628.9883176405034
60869 9606.918528 -73.18771353392216 -63.89564336027844 628.8974769615162
60869 10026.918528 -48.55431288713861 -82.07323435782602 624.5938475557358
60869 10446.918528 -22.91194794380742 -87.7148078816731 620.4611858522729
60869 10866.918528 2.933962173580876 -91.45858290469026 621.6462769577854
60869 11286.918528 28.72337725600674 -95.38542007075576 629.3161036537539
60869 11706.918528 54.18559210611674 -102.06834036725455 639.6037390590416
60869 12126.918528 77.8669896400867 -130.9711258147546 646.4273777224867
60869 12546.918528 71.80881798832785 113.79592349304022 645.0904921034547
60869 12966.918528 47.13698288067898 97.52186366916425 636.4016434513766
60869 13386.918528 21.53944527374403 92.09818800573946 625.9944593842727
60869 13806.918528 -4.29379450824412 88.38768401747141 619.9851166161595
60869 14226.918528 -30.116295151365915 84.39598784018483 620.7956124227563
60869 14646.918528 -55.63166647317259 77.35285485578012 625.8441253002571
60869 15066.918528 -79.03442184570129 43.59292546101211 629.6224259954007
60869 15486.918528 -70.24538190753672 -68.40582064526248 628.5386985048787
60869 15906.918528 -45.334674295111114 -82.96930683503783 623.6357293732752
60869 16326.918528 -19.644352375537707 -88.16545894245625 619.6482673005587
60869 16746.918528000002 6.212800882456222 -91.84379064743547 621.5595312447754
60869 17166.918528000002 31.983080121323688 -95.92048728750056 629.913955019616
60869 17586.918528000002 57.37301213965395 -103.41815576413377 640.2074415342586
60869 18006.918528 80.12829276962054 -143.41543585427038 646.3646502060208
60869 18426.918528 68.81153172978793 109.88458505541871 644.2228824334007
60869 18846.918528 43.90138363472361 96.67067690633476 635.2560740895638
60869 19266.918528 18.258270048895643 91.65464180114178 625.428042493435
60869 19686.918528 -7.582402287365895 87.99860586983296 620.4307949613178
60869 20106.918528000002 -33.37989180876774 83.8404909720034 622.1085539999793
60869 20526.918528000002 -58.81059888118207 75.88736339466479 627.2051217537331
60869 20946.918528000002 -81.00141069178137 28.465723264655363 630.2449121559996
60869 21366.918528000002 -67.21350978511067 -71.75590703006392 628.2635020527854
60869 21786.918528 -42.10573484415746 -83.76128199671068 622.8501262718314
60869 22206.918528 -16.375424072459865 -88.59539860851676 619.0709925812512
60869 22626.918528 9.488199119431597 -92.23509442899925 621.6601635374906
60869 23046.918528 35.23411086433197 -96.50098963950552 630.6689442064807
60869 23466.918528 60.53487321171901 -105.0382890625672 640.7863322844779
60869 23886.918528000002 81.68820122314904 -161.6934697524763 646.072584045961
60869 24306.918528000002 65.74381251513903 106.93471603034364 643.0261031083895
60869 24726.918528000002 40.657103887390875 95.91508362347525 633.779938603047
60869 25146.918528000002 14.971318429134183 91.22921420715775 624.5000949770669
60869 25566.918528 -10.876681794049736 87.60042184618243 620.4774768306739
60869 25986.918528 -36.648363453349674 83.23256598111871 622.9953952496694
60869 26406.918528 -61.978376720226215 74.1029116898401 628.1824715450462
60869 26826.918528 -82.06534572429752 7.256303458499953 630.6502898168143
60869 27246.918528 -64.11079785590941 -74.34386239197386 627.8994119510762
60869 27666.918528000002 -38.85578292074479 -84.47334471078373 622.2167388320983
60869 28086.918528000002 -13.092770587288152 -89.01158091546914 618.8780595308131
60869 28506.918528000002 12.771052982734084 -92.63785740002957 622.2506210416635
60869 28926.918528 38.48503462695094 -97.1387251475642 631.9731554552866
60869 29346.918528 63.67136337985549 -107.02727875356514 641.5946333322131
60869 29766.918528 82.1243515975111 175.16521089661597 645.659878721274
60869 30186.918528 62.624447605246615 104.62929980857207 641.4474485264678
60869 30606.918528 37.39897652531941 95.23431968475907 631.768542195817
60869 31026.918528000002 11.669435140575256 90.81626178329479 622.3928480273706
60869 31446.918528000002 -14.191341791742024 87.18803590349268 619.3814652686974
60869 31866.918528000002 -39.94053501359337 82.55721557413845 622.934640783738
60869 32286.918528000002 -65.14774978631856 71.86299968931537 628.5663462981636
60869 32706.918528 -81.84074857263772 -16.532096725534515 631.070130638396
60869 33126.918528 -60.93554587479264 -76.41507785836241 628.0576851243118
60869 33546.918528 -35.57088775395105 -85.12334219558628 622.5024604802946
60869 33966.918528 -9.787489071748189 -89.4183138373635 619.8644769022327
60869 34386.918528 16.064921986558367 -93.05521575607874 623.9890935883485
60869 34806.918528 41.73783346433949 -97.8451367582712 633.8612917000148
60869 35226.918528 66.77586581359215 -109.52909823668273 642.4105728472288
60869 35646.918528 81.26386919551912 153.14772673488986 644.7517549166864
60869 36066.918528 59.459319291645016 102.76925198790317 639.0345852113012
60869 36486.918528 34.115927168608344 94.61106201191402 628.7700836594543
60869 36906.918528 8.344760026760397 90.41103455817341 618.7499947649661
60869 37326.918528 -17.53402909769809 86.7566994482531 617.4861730632472
60869 37746.918528 -43.258802258223675 81.79866058841644 622.8260771592123
60869 38166.918528 -68.2975324833084 68.97563417775812 630.0218495810362
60869 38586.918528 -80.39013470092434 -36.1281200012174 632.5404652245777
60869 39006.918528 -57.71866832917472 -78.10496785516287 629.5154978365505
60869 39426.918528 -32.27779493265749 -85.71846990204561 624.1896367459573
60869 39846.918528 -6.4877316047449725 -89.81537263985966 622.0260486190987
60869 40266.918528 19.34369178764291 -93.48697434169428 626.2879036098545
60869 40686.918528 44.977498202078 -98.63210489905975 634.2993214964273
60869 41106.918528 69.82856484324562 -112.76900309744555 642.294504100321
60869 41526.918528 79.41137957997998 136.8963465042407 643.708885899822
60869 41946.918528 56.264836033989674 101.23798007850655 637.3721890548352
60869 42366.918528 30.831604421643547 94.04000024093389 627.2854397886457
60869 42786.918528 5.037601770625271 90.0164095151396 618.3564088700057
60869 43206.918528 -20.83300329754003 86.31354824526927 618.4820197143854
60869 43626.918528 -46.50991615082476 80.96309154662299 624.625409870508
60869 44046.918528 -71.31553700182694 65.24650892240872 631.6491714275961
60869 44466.918528 -78.20324490387125 -49.29647216728908 633.6980171132402
60869 44886.918528 -54.54153015551233 -79.48230648953943 630.0847343358342
60869 45306.918528 -29.034816607971827 -86.2576080213183 624.5898696268939
60869 45726.918528 -3.2316788139956025 -90.2001061268965 622.6969248150514
60869 46146.918528 22.586735154629785 -93.93306143894972 626.8028432882194
60869 46566.918528 48.181321320716016 -99.51094597410535 634.0522513020637
60869 46986.918528 72.77876174655177 -117.07335335172749 641.3566544404987
60869 47406.918528 76.9977575232308 126.07906590683474 641.934860861704
60869 47826.918528 53.06372304778141 99.95593047087164 635.2771400880324
60869 48246.918528 27.55347674102315 93.51210262774815 625.6915461494773
60869 48666.918528 1.7533826676302444 89.62984935589535 622.1136321695466
60869 49086.918528 -24.076786213528962 85.85730856039855 623.1280299075269
60869 49506.918528 -49.677166768889876 80.03975140614736 628.7669826842816
60869 49926.918528 -74.15905120370223 60.29942681498487 633.5613082289806
60869 50346.918528 -75.66483942535119 -57.90638908719162 633.0493891666658
60869 50766.918528 -51.40281244879699 -80.6317685525195 627.308710837677
60869 51186.918528 -25.81537287111053 -86.75512842082031 620.7804958390311
60869 51606.918528 0.029372833814828195 -90.58201849194745 619.0409212401883
60869 52026.918528 25.86119359906312 -94.40844423869682 625.0605653063318
60869 52446.918528 51.44439458087152 -100.53795947690267 626.3259174269668
60869 52866.918528 75.72898296766058 -123.41534876435826 629.0711035129045
60869 53286.918528 74.07218625732698 118.35478519740518 631.0603882742851
60869 53706.918528 49.566906607627736 98.76552835830485 628.230572880555
60869 54126.918528 23.96875127121911 92.96833174882352 624.7444375952938
60869 54546.918528 -1.843028341232279 89.2022151946308 625.6141471579051
60869 54966.918528 -27.611364837339064 85.32310152805576 632.3299778943123
60869 55386.918528 -53.07707337658695 78.88629715982313 641.0481801445289
60869 55806.918528 -76.98053918585899 52.83782335352416 646.0308038052411
60869 56226.918528 -72.82012936180212 -64.02045052510456 643.0067418390432
60869 56646.918528 -48.228402948559086 -81.63415979515698 632.9405958928116
60869 57066.918528 -22.612282954075056 -87.22075432972736 621.4236237193575
60869 57486.918528 3.2546438847549624 -90.95963590234429 615.145353631984
60869 57906.918528 29.11541467435776 -94.91174919666325 616.8111547182788
60869 58326.918528 54.67365896588124 -101.72437056436688 623.72724912258
60869 58746.918528 78.34571184642708 -132.47204203835852 627.572161477133
60869 59166.918528 71.09005746712914 113.25637923694758 625.5169356888091
60869 59586.918528 46.25236211970196 97.80098788943955 625.2600978680302
60869 60006.918528 20.607482143924788 92.49324250853813 623.9901404118654
60869 60426.918528 -5.217626157546144 88.80298941561283 623.6235512106637
60869 60846.918528 -31.01618940951708 84.77212678402493 623.5479703847122
60869 61266.918528 -56.502173794912714 77.50420026601697 627.927554205253
60869 61686.918528 -79.62460190483323 40.651702990506074 634.3593806613698
60869 62106.918528 -69.48069642023461 -68.82874799395272 635.0215429960801
60869 62526.918528 -44.56348106807653 -82.6432727036905 630.5931477516618
60869 62946.918528 -18.914054962597707 -87.73767848114106 625.9294389193728
60869 63366.918528 6.904312847611245 -91.39935019517728 625.9933613362249
60869 63786.918528 32.65070642572593 -95.5088473638001 631.5030239508455
60869 64206.918528 58.02264017695865 -103.19887022180318 638.862311481881
60869 64626.918528 80.52996712876313 -146.2297948076852 642.009043847126
60869 65046.918528 68.13085407539039 109.68265105472892 637.6728749563359
60869 65466.918528 43.1278092860401 97.00809765616921 627.8257795040942
60869 65886.918528 17.441801175774312 92.07216962508204 621.7839342007322
60869 66306.918528 -8.413216756923777 88.42359648854311 620.8127389138422
60869 66726.918528 -34.18721078304087 84.22041195370642 625.6043797857983
60869 67146.918528 -59.56760628779381 76.0200350445791 632.8652206922717
60869 67566.918528 -81.33543691281334 24.73989720231664 637.5903384589471
60869 67986.918528 -66.57637760758683 -71.81875248642372 635.6772059609895
60869 68406.918528 -41.48451983712024 -83.3761618466183 628.8789128477705
60869 68826.918528 -15.78332132213354 -88.14357646721953 622.7961417508848
60869 69246.918528 10.063990011414509 -91.77674693800135 622.3425095330347
60869 69666.918528 35.814998508574014 -96.08281757988333 626.1572768671235
60869 70086.918528 61.14112598140242 -104.86333892648739 633.4958301173671
60869 70506.918528 81.88597948503075 -165.78579648046474 637.3974771656907
60869 70926.918528 65.0301413490544 106.88308913397942 634.6441197725364
60869 71346.918528 39.85728890699266 96.26648046813516 627.4315193536765
60869 71766.918528 14.128887647469647 91.64668148661434 621.1963802287441
60869 72186.918528 -11.728343093062643 88.01939483728371 621.4696093800185
60869 72606.918528 -37.47939021107694 83.59221113387505 625.3197605370626
60869 73026.918528 -62.76906747478819 74.11626404574392 630.8808387531647
60869 73446.918528 -82.13648948524468 2.006205796785962 635.3478288528256
60869 73866.918528 -63.387352406994886 -74.33198713766461 633.5768556682156
60869 74286.918528 -38.1455738065161 -84.09233869564257 627.7894455384649
60869 74706.918528 -12.415031330206114 -88.56864634567704 623.4561549729208
60869 75126.918528 13.42208351113149 -92.1919197848059 624.971182299824
60869 75546.918528 39.15368138219804 -96.75160410077521 624.8925150978239
60869 75966.918528 64.37618778888186 -107.01736766268566 631.9091756964436
60869 76386.918528 82.02581761264837 169.84762432048063 636.0536730625755
60869 76806.918528 61.78359177095446 104.61999053595065 633.7915192203131
60869 77226.918528 36.48646097937147 95.57854534568264 627.714207574031
60869 77646.918528 10.742722588100502 91.22523648686811 623.3987362662746
60869 78066.918528 -15.094315780814757 87.59637681041158 623.6130453219174
60869 78486.918528 -40.79975186727591 82.89251850664424 624.1234929825333
60869 78906.918528 -65.9493439551678 71.72444475371478 634.3091704930971
60869 79326.918528 -81.5931331837721 -21.198621884363924 641.041581611362
60869 79746.918528 -60.254959793910025 -76.27253307733334 640.40724301409
60869 80166.918528 -34.96171863913928 -84.70703836925144 634.8601884425036
60869 80586.918528 -9.25809669786878 -88.95105277554403 629.8792967873268
60869 81006.918528 16.533906469179737 -92.58356953876284 629.4148846238688
60869 81426.918528 42.18573029084157 -97.41634779727453 633.1674581342771
60869 81846.918528 67.22413487435531 -109.41748452847033 636.5855362620978
60869 82266.918528 81.01629119655009 150.5948019693208 634.8321034291496
60869 82686.918528 58.86185976776427 102.99044724208711 626.8809544150289
60869 83106.918528 33.45007604053793 95.02057226225851 624.6933620415149
60869 83526.918528 7.668227510206291 90.85861596136479 626.2166963918963
60869 83946.918528 -18.151245726017375 87.20509837760468 624.5792181164309
60869 84366.918528 -43.81630484667698 82.19296252268269 629.8792467232538
60869 84786.918528 -68.78063772793551 68.98414734362288 635.1826120370794
60869 85206.918528 -80.09941608774251 -37.92316505916976 635.4374462369167
60869 85626.918528 -57.25262878047536 -77.78845966704453 629.4831800581671
60869 86046.918528 -31.803004741033366 -85.26624153108926 623.0184421786914
60870 66.918528 -5.995062124507339 -89.34073363122661 618.8856686496816
60870 486.918528 19.863241560354766 -93.02447416368494 621.6919542855709
60870 906.918528 45.52784512508223 -98.24318461095623 624.1351991361554
60870 1326.918528 70.43628093076796 -113.00959623852765 629.7890957486514
60870 1746.918528 78.89577500928883 134.5292850992767 632.4132451312189
60870 2166.918528 55.46491405112674 101.42093527716327 629.5734112461844
60870 2586.918528 29.97569546260844 94.42275517343283 624.765156305539
60870 3006.918528 4.180453177541918 90.43980964017078 623.3825532815268
60870 3426.918528 -21.633038917862148 86.72895702059863 628.044968083853
60870 3846.918528 -47.223503392911724 81.29300959625047 636.3588421602657
60870 4266.918528 -71.89342518281612 64.90967346216128 643.3942069581968
60870 4686.918528 -77.78075334563688 -50.52670530119976 643.3920276510847
60870 5106.918528 -54.05124853788301 -79.1419061494795 635.8118957148304
60870 5526.918528 -28.55908852352838 -85.80023484593222 625.2451387862745
60870 5946.918528 -2.7464256567077023 -89.72406665807004 618.9496247308141
60870 6366.918528 23.1132935453043 -93.47542688343518 619.2054110482314
60870 6786.918528 48.755946112934886 -99.14961173740923 625.0312055992277
60870 7206.918528 73.35857630059279 -117.5852567063223 631.1494030744082
60870 7626.918528 76.41173205815333 124.72923849342828 632.1807713268869
60870 8046.918528 52.289070216690504 100.20085078494961 627.9756355689785
60870 8466.918528 26.725711689934727 93.90917822853149 622.662018675245
60870 8886.918528 0.9013070103703 90.05449878206592 621.6600324639205
60870 9306.918528 -24.9130496482383 86.260640294899 626.9879622913592
60870 9726.918528 -50.467094458845025 80.31572781299431 635.4053147120122
60870 10146.918528 -74.80191027276942 59.41973938603368 642.7023596215446
60870 10566.918528 -75.09711171154812 -58.820388865236836 642.809573678014
60870 10986.918528 -50.80847749546951 -80.3016012899632 635.6800143239108
60870 11406.918528 -25.26260281035318 -86.30652082903549 626.0129591620334
60870 11826.918528 0.5523044448228369 -90.11115056012234 620.993575844809
60870 12246.918528 26.382118849020994 -93.95452611633829 622.1893326914592
60870 12666.918528 51.95342200866759 -100.18049979803382 627.8591255221658
60870 13086.918528 76.130571794779 -123.99701413876373 632.4805288062275
60870 13506.918528 73.6633446123214 118.06803424782522 631.8216206011257
60870 13926.918528 49.10213242553905 99.15617303588814 626.3001849568868
60870 14346.918528 23.475010847581878 93.43018597057844 620.6125306912859
60870 14766.918528 -2.3742820645844924 89.67210448342414 620.0746271291542
60870 15186.918528 -28.18501826459289 85.76516932106857 626.3052610202533
60870 15606.918528 -53.69316658315818 79.18730585325123 634.3028204986645
60870 16026.918528 -77.5090882685628 51.494738543070696 641.6406837045615
60870 16446.918528 -72.2019052141529 -64.52735427595313 641.7684741375726
60870 16866.918528000002 -47.55021364775445 -81.29993494224236 635.1499519299994
60870 17286.918528000002 -21.957577342492648 -86.78123217831546 626.7866206634889
60870 17706.918528000002 3.8676511399452562 -90.49915862664461 620.0956153772147
60870 18126.918528 29.67946442419491 -94.46926585220753 624.0521029038505
60870 18546.918528 55.17115548453796 -101.3912348449711 631.3152724142906
60870 18966.918528 78.66731854422325 -133.45029493981968 636.4524318614398
60870 19386.918528 70.76565477414758 113.34524648359272 635.3373053794325
60870 19806.918528 45.93959426781555 98.25542748346614 628.9046341113623
60870 20226.918528000002 20.284965090285315 92.98726279639597 622.3436532390848
60870 20646.918528000002 -5.561651478324291 89.29959902492965 621.1602067873445
60870 21066.918528000002 -31.353400974773376 85.2523646527546 624.1610600420838
60870 21486.918528000002 -56.843822314032 77.8875166417057 625.681919749101
60870 21906.918528 -79.87258120871485 39.51534634936609 624.3095416148714
60870 22326.918528 -69.07123450792547 -68.76419369930123 626.1837814016416
60870 22746.918528 -44.08467569291545 -82.22632334961497 623.5492475002557
60870 23166.918528 -18.396784937963137 -87.27047009754604 620.5295627254702
60870 23586.918528 7.471222618160191 -90.93218082002076 618.1461728863331
60870 24006.918528000002 33.27469049260241 -95.08510051928745 623.0655833490484
60870 24426.918528000002 58.692134522127084 -102.99678139368018 630.6788509576329
60870 24846.918528000002 80.92408551614781 -149.6119819673456 635.9272223755042
60870 25266.918528 67.40425215205825 109.48455706394213 634.8750090622835
60870 25686.918528 42.353565900760096 97.3542753598331 629.0023958935963
60870 26106.918528 16.666105342398215 92.50054716149089 623.6189882909596
60870 26526.918528 -9.172338114066848 88.86143639263356 623.6552693047892
60870 26946.918528 -34.92544445190938 84.61397292969968 628.5291950274168
60870 27366.918528000002 -60.257011962572065 76.17329107640589 636.4999769278053
60870 27786.918528000002 -81.60198013751916 20.980603060317346 640.3171803242417
60870 28206.918528000002 -65.93868117077102 -71.84159041608869 636.9184028042137
60870 28626.918528000002 -40.81930623359897 -82.99209725284189 628.4758580376634
60870 29046.918528 -15.102785253689294 -87.6981635235472 623.4975933519343
60870 29466.918528 10.734063316419093 -91.32621436624302 622.2661563206213
60870 29886.918528 36.484045790644025 -95.67945117279825 627.2246887411943
60870 30306.918528 61.782603702449606 -104.71941484055674 634.003134434238
60870 30726.918528 82.02590270689356 -169.9099358272083 636.9479899371742
60870 31146.918528000002 64.39006279379436 106.92355592456241 633.3111376471405
60870 31566.918528000002 39.17823134742361 96.65379310817033 625.6180990055078
60870 31986.918528000002 13.433115484882926 92.0902607493042 619.4605465415007
60870 32406.918528 -12.436431822875921 88.4622981738372 619.9076901124877
60870 32826.918528 -38.18542323161086 83.97991635366427 623.2677164131788
60870 33246.918528 -63.46452303821194 74.17262728500737 627.4833603449674
60870 33666.918528 -82.13054643332828 -2.960174431226128 631.0901670495458
60870 34086.918528 -62.63698907097496 -74.3083901151873 629.2038515264909
60870 34506.918528 -37.33902255721506 -83.72569101252466 624.2734324527327
60870 34926.918528 -11.58213145509122 -88.14336207787946 621.6263186915534
60870 35346.918528 14.25993484109372 -91.76932640370715 625.2360475620408
60870 35766.918528 39.943594575863436 -96.3910674318516 634.2530414578623
60870 36186.918528 65.0604473577902 -107.01409626675004 642.5664451325803
60870 36606.918528 81.89066137214176 165.85792884419445 644.852801059442
60870 37026.918528 61.2117108188651 104.80643810711832 639.010842522593
60870 37446.918528 35.91822604126527 96.00217562866466 628.328204363442
60870 37866.918528 10.154456712796236 91.68588186300921 617.9985377397363
60870 38286.918528 -15.733831511516481 88.04592537087589 616.1713429098003
60870 38706.918528 -41.486645788686886 83.26881609960557 621.3758346004282
60870 39126.918528 -66.62888638744944 71.65876391100116 628.5829218662008
60870 39546.918528 -81.28815050153408 -25.461888530064275 631.5234074455432
60870 39966.918528 -59.431168577853114 -76.1934083461843 629.168243634831
60870 40386.918528 -34.033644002414185 -84.35289648351038 624.2798264440041
60870 40806.918528 -8.25559052865833 -88.54889208105834 622.2330221404509
60870 41226.918528 17.576741395360905 -92.19725116821799 626.4662754444653
60870 41646.918528 43.22286019269153 -97.13974390927915 635.1953845885428
60870 42066.918528 68.17532093479745 -109.8427736544373 643.1876198625725
60870 42486.918528 80.51671904933943 146.04424319420872 644.607254561825
60870 42906.918528 58.01048475837555 103.09465099148517 638.0142239789972
60870 43326.918528 32.620374544070536 95.40099432771382 627.263658415439
60870 43746.918528 6.833397901995602 91.28543050919808 618.3475561414594
60870 44166.918528 -19.045204183498033 87.61163013199928 617.2801354335096
60870 44586.918528 -44.754667083024735 82.48225552108696 622.6802503764085
60870 45006.918528 -69.70357529038796 68.44004645194428 629.6270103287585
60870 45426.918528 -79.4421864878222 -41.86783896124525 631.7816115379923
60870 45846.918528 -56.23454376225029 -77.72438816714288 628.590540285419
60870 46266.918528 -30.75360253861901 -84.92254097449893 623.5008910798668
60870 46686.918528 -4.952270303943801 -88.94293929157712 621.9441538753371
60870 47106.918528 20.87399741583477 -92.6401357222081 626.7934919841125
60870 47526.918528 46.482831742697 -97.97587402760537 635.3749997552568
60870 47946.918528 71.2179522846823 -113.55652602360166 643.1258084973214
60870 48366.918528 78.3434868460808 132.38012861254356 643.95962761711
60870 48786.918528 54.78841518778735 101.67334185584653 637.0446438504011
60870 49206.918528 29.320767569470885 94.84667928046169 626.6832499998402
60870 49626.918528 3.5176420472877905 90.89231173598469 619.1654655402907
60870 50046.918528 -22.34384473985923 87.15961881341607 619.1057295602375
60870 50466.918528 -47.99852529019852 81.6004117196334 624.7258629874551
60870 50886.918528 -72.67887472511752 64.15767775759691 630.7717455999936
60870 51306.918528 -77.02752426511584 -52.77148145884753 631.8826154051907
60870 51726.918528 -53.036202099442 -79.00313667304782 627.7800335401002
60870 52146.918528 -27.48484269753187 -85.44769561353662 622.4885076895578
60870 52566.918528 -1.6622417279127328 -89.33009204689985 621.4406499577321
60870 52986.918528 24.15631981184289 -93.10276932218072 626.8629094398713
60870 53406.918528 49.72192761656602 -98.92090468668938 635.4039177112029
60870 53826.918528 74.14727557170195 -118.61605137803275 642.9146219964658
60870 54246.918528 75.73884877972142 123.33638871625901 643.2537008115637
60870 54666.918528 51.55960357949087 100.475124106019 636.1967108042473
60870 55086.918528 26.029147707100496 94.33341163244431 626.425771960261
60870 55506.918528 0.21511813311961278 90.5046101047027 620.1163017807769
60870 55926.918528 -25.625260692480055 86.68538301453384 621.0586932608994
60870 56346.918528 -51.21724686905156 80.59808621536585 626.7992408906692
60870 56766.918528 -75.51159231699039 58.21972799403928 631.8316328214261
60870 57186.918528 -74.31070912737614 -60.088954338330524 631.7160629677462
60870 57606.918528 -49.83377164066599 -80.09421513260159 626.6745135427758
60870 58026.918528 -24.22090400984338 -85.93848341832744 621.2339333627568
60870 58446.918528 1.6212034617047184 -89.71552992043175 620.7450235363754
60870 58866.918528 27.42989399235726 -93.59271467661121 626.7821835451853
60870 59286.918528 52.94366211771327 -100.00860221236779 635.458143946392
60870 59706.918528 76.89862354489668 -125.82899895142836 642.6925545660553
60870 60126.918528 72.89982412659214 117.16980776379584 642.554288248875
60870 60546.918528 48.32371952211306 99.44759513860488 635.4407617366459
60870 60966.918528 22.741285531554897 93.85283821547546 626.3379494996293
60870 61386.918528 -3.079017773550489 90.11782221710354 621.4154178337981
60870 61806.918528 -28.892840444551442 86.18190024675297 623.2109992809998
60870 62226.918528 -54.4122014140435 79.43855093642249 628.8934587496561
60870 62646.918528 -78.11200285571805 49.61750869747838 632.8910408522157
60870 63066.918528 -71.42762845498667 -65.19889432500095 631.3816512998177
60870 63486.918528 -46.628206063205454 -81.0371984342577 625.3505178078194
60870 63906.918528 -20.9611006615115 -86.39941019480058 619.8064726254829
60870 64326.918528 4.898580353295901 -90.10133393979974 619.8707961220672
60870 64746.918528 30.696008262414193 -94.11683664616122 626.4631750169492
60870 65166.918528 56.151269425788925 -101.2850399412245 634.8162655985257
60870 65586.918528 79.34606845011899 -136.58201443542592 641.7903557268181
60870 66006.918528 69.91283841251744 112.76186309926129 641.3833234525553
60870 66426.918528 45.064858240875026 98.54974447560248 634.5559574491499
60870 66846.918528 19.43863737066076 93.39706097948827 626.5455050589314
60870 67266.918528 -6.386463204824858 89.72625816958299 620.9373238080924
60870 67686.918528 -32.18183287400577 85.63520643077213 623.9827151377556
60870 68106.918528 -57.62340434789808 78.05284051934584 630.1919317686953
60870 68526.918528 -80.33071442524482 36.553459493214476 633.9133679910085
60870 68946.918528 -68.40786027849965 -68.9675277495385 631.7773995306574
60870 69366.918528 -43.389123991386654 -81.870963544924 625.392436401275
60870 69786.918528 -17.685640049108756 -86.83857487155892 620.0349524853677
60870 70206.918528 8.17624915981927 -90.49107886509623 620.6094725913772
60870 70626.918528 33.951266536566 -94.68052985726784 625.8452841386396
60870 71046.918528 59.35510923112558 -102.81307237812672 629.6932050470475
60870 71466.918528 81.24863955100084 -153.0257834365013 635.3303551626791
60870 71886.918528 66.7515882232299 109.40057944103611 634.7572176916436
60870 72306.918528 41.667924606057056 97.72380153797815 629.4629611112695
60870 72726.918528 15.979691997020925 92.93919773132089 624.6704931354454
60870 73146.918528 -9.850602549350441 89.30634882554136 625.1784012113574
60870 73566.918528 -35.604548690541215 85.01341729446861 626.5891137710018
60870 73986.918528 -60.93352111353165 76.31337465728672 634.4358934151618
60870 74406.918528 -81.82522116299613 16.816310578256417 639.5616484224496
60870 74826.918528 -65.26381867925258 -71.87075360737911 637.6083711915498
60870 75246.918528 -40.12392405286476 -82.61688517062551 630.5418854780868
60870 75666.918528 -14.422992027745615 -87.25706770095876 624.0000508168567
60870 76086.918528 11.409457759281976 -90.8821239768959 623.7165468439046
60870 76506.918528 37.155474190710045 -95.2845612064413 623.5484929282899
60870 76926.918528 62.479777821768835 -104.63665575906074 625.7494573996216
60870 77346.918528 82.12090541552502 -175.04756838329084 626.8867972080777
60870 77766.918528 63.57729914775538 106.85973160068477 625.9773725801656
60870 78186.918528 38.29518628543669 96.99493295621775 622.5288651655602
60870 78606.918528 12.539147009229682 92.50238022248362 621.5603856722988
60870 79026.918528 -13.2972275789848 88.87894821461146 626.7564380315974
60870 79446.918528 -38.97308950300177 84.34203766177394 637.0358540082469
60870 79866.918528 -64.10470482454633 74.24023293151083 646.5024792991063
60870 80286.918528 -82.08169479287558 -6.309042517104823 649.3065627278318
60870 80706.918528 -62.237650080063695 -74.03041855243534 643.0954702829039
60870 81126.918528 -37.003105713825676 -83.25590866733062 631.108526180337
60870 81546.918528 -11.262350795746954 -87.64675568791948 619.7488327298328
60870 81966.918528 14.623385576780427 -91.28063362668448 615.2752786326475
60870 82386.918528 40.40190965857842 -95.95826822722331 618.0990183938536
60870 82806.918528 65.62304188155531 -106.94081033388893 623.8980715290786
60870 83226.918528 81.68079428598064 161.51345509878493 624.3791312078604
60870 83646.918528 60.39230752329214 104.85957188250511 628.2387316449036
60870 84066.918528 35.00570172666319 96.35453240234246 621.843175646865
60870 84486.918528 9.207743062538853 92.09428526028061 617.5264029135803
60870 84906.918528 -16.66566678323372 88.44899635447975 620.3590360747739
60870 85326.918528 -42.36392737403556 83.5905730658931 628.4676653182021
60870 85746.918528 -67.4071485515893 71.45432757095209 637.1207910587528
60870 86166.918528 -80.93155968245954 -29.307708839853483 640.5190084646229
60871 186.918528 -58.750607322239134 -76.01456902940402 636.6822856159879
60871 606.918528 -33.38025064549266 -83.93988679414275 628.8926941691452
60871 1026.918528 -7.618695691074969 -88.09497483643347 623.3659965402344
60871 1446.918528 18.21483924561991 -91.75110713861714 621.6532418165964
60871 1866.918528 43.892879735759635 -96.77353491324416 628.7124079411756
60871 2286.918528 68.85502860507654 -110.04403584715674 635.8195445606406
60871 2706.918528 80.05863848066747 142.8075579048203 637.7426981343411
60871 3126.918528 57.207595732987855 103.23942838101348 633.0220196636461
60871 3546.918528 31.772057382388024 95.77859606966645 625.3666165297124
60871 3966.918528 5.975213561828556 91.70775017504563 620.1814376913313
60871 4386.918528 -19.876193965822896 88.02509422845954 622.4278723168777
60871 4806.918528 -45.53663537503273 82.80631591645347 628.9141165003889
60871 5226.918528 -70.38919069580832 68.10585335985105 636.0706401806661
60871 5646.918528 -78.96288107256757 -44.06467043398535 637.8194933027091
60871 6066.918528 -55.58995473398498 -77.4714776562451 632.9803903624942
60871 6486.918528 -30.11885558250445 -84.49795129533989 625.4781210843499
60871 6906.918528 -4.314260191148625 -88.48856803604116 620.6176300721218
60871 7326.918528 21.528360146016237 -92.20105611250031 623.4478921660733
60871 7746.918528 47.161438745018025 -97.63460835064225 630.0381242192467
60871 8166.918528 71.88025727313101 -114.01399047384474 636.8415404962625
60871 8586.918528 77.75867731398631 130.43060331696574 637.8989840072128
60871 9006.918528 53.99024395389593 101.88339379695427 632.4400491706817
60871 9426.918528 28.48209177959536 95.23712008309434 624.7187248092512
60871 9846.918528 2.673212309269457 91.31776309250806 620.1638518422711
60871 10266.918528 -23.16771603597681 87.56857584797827 623.1807171338172
60871 10686.918528 -48.776059748821915 81.89813411781505 630.2408422579376
60871 11106.918528 -73.34265974632874 63.50234115164864 636.7207074090722
60871 11526.918528 -76.45957252155995 -54.07578825055173 637.3249567548842
60871 11946.918528 -52.378340751152415 -78.71302762560362 631.6268063063891
60871 12366.918528 -26.835091178329247 -85.01849981237332 624.1993958363099
60871 12786.918528 -1.0112806792652942 -88.87667867883215 620.4767373723228
60871 13206.918528 24.819663812098984 -92.66993113083686 624.0712479286693
60871 13626.918528 50.40152316905752 -98.60805198351059 630.928223706229
60871 14046.918528 74.7765922747261 -119.46801682062889 637.1796249488691
60871 14466.918528 75.08754705859003 122.20929809918165 637.3319246890148
60871 14886.918528 50.761583844253494 100.73496544827007 631.3039208480616
60871 15306.918528 25.18952956410677 94.73427586428775 623.9319001960179
60871 15726.918528 -0.6410399766117453 90.93006676589569 620.5568194767983
60871 16146.918528 -26.463677365196983 87.08556705057178 624.2382709099429
60871 16566.918528000002 -52.016025052181384 80.85178757617416 631.3288860149431
60871 16986.918528000002 -76.1587459851523 56.98150722357055 637.1960640746755
60871 17406.918528000002 -73.6664593450586 -60.87651717260616 636.8259411600895
60871 17826.918528000002 -49.13972341545223 -79.77874193836269 630.5051125613296
60871 18246.918528 -23.536575304674287 -85.50600622540622 623.3386483352923
60871 18666.918528 2.300184287815049 -89.26359688747279 620.7644581305182
60871 19086.918528 28.111957600774126 -93.16761519303587 623.8438517793479
60871 19506.918528 53.63753155700357 -99.7358299900989 631.0665162564334
60871 19926.918528 77.48799689674607 -127.36873434537459 636.9828395093398
60871 20346.918528000002 72.19422338927095 116.51129932326481 636.6083381540568
60871 20766.918528000002 47.50576065669299 99.73891056384069 630.4910006920453
60871 21186.918528000002 21.88303050091583 94.25944681689913 623.7201706224735
60871 21606.918528 -3.953939647541819 90.54147696837357 621.5592264506804
60871 22026.918528 -29.748036658085827 86.57045319592109 626.6589934501252
60871 22446.918528 -55.21808870702713 79.64010546919752 634.355979255854
60871 22866.918528 -78.68607498235916 47.504795556622206 639.1587210398122
60871 23286.918528 -70.7564477564779 -65.61226358017352 637.138858743134
60871 23706.918528000002 -45.93850542098565 -80.69095543562983 629.4160497528494
60871 24126.918528000002 -20.291298283077772 -85.9581201504567 622.9327230916507
60871 24546.918528000002 5.544935600099133 -89.64459706978704 621.414128846522
60871 24966.918528000002 31.3352474422466 -93.69084096510255 623.8850860968474
60871 25386.918528 56.81004380737715 -101.04340148012597 623.9402096857275
60871 25806.918528 79.84590145738223 -139.24673438258512 627.7561437924151
60871 26226.918528 69.11721364797803 112.34296825367116 629.0358522650246
60871 26646.918528 44.13834681837221 98.84109842841089 626.4065540236403
60871 27066.918528 18.46315659660099 93.79209311858904 624.4434920001992
60871 27486.918528000002 -7.355239634169475 90.13585472219202 627.5150169223232
60871 27906.918528000002 -33.07511087920938 86.00529480284251 635.8709110471881
60871 28326.918528000002 -58.39972387818895 78.2046387259657 644.6821186557339
60871 28746.918528000002 -80.71680673523842 33.583900085245816 648.0438080548863
60871 29166.918528 -67.84720893572462 -69.01217690659101 642.7123423384436
60871 29586.918528 -42.85804861702385 -81.4626582353869 630.9207373623897
60871 30006.918528 -17.16334536874491 -86.37143277769988 618.664456929136
60871 30426.918528 8.732403786316725 -90.02354364476392 613.1483158936181
60871 30846.918528 34.57330416854582 -94.2611470565353 615.7813914538082
60871 31266.918528000002 60.01013710726866 -102.63322217529948 622.8646793489578
60871 31686.918528000002 81.54288462014628 -156.93468254663856 626.0689623654216
60871 32106.918528000002 66.00556514962187 109.27119906351831 627.2670486976688
60871 32526.918528 40.83137934467177 98.06380568241735 622.8610031878135
60871 32946.918528 15.081829594587171 93.35103942143029 616.3955888422078
60871 33366.918528 -10.810837501766663 89.71457674009365 616.6797478749539
60871 33786.918528 -36.592621089318165 85.34838995264347 625.313861143787
60871 34206.918528 -61.92484877768054 76.23949793912028 625.1715849389518
60871 34626.918528 -82.05990276269625 9.559675786705313 626.6688866711769
60871 35046.918528 -64.10796371572022 -72.23777191158398 625.4697107455411
60871 35466.918528 -38.86644751427611 -82.36474366974889 624.793861018006
60871 35886.918528 -13.139404649676592 -86.89962725818776 623.1778281114424
60871 36306.918528 12.71186137610359 -90.524946519966 621.4651880352229
60871 36726.918528 38.452156279404875 -95.02785185614987 626.392145814142
60871 37146.918528 63.68976112806761 -104.93916627144972 632.8788473759931
60871 37566.918528 82.1162281727488 176.61514851629184 635.4576602218955
60871 37986.918528 62.4669151583227 106.6306179892891 631.7256059189057
60871 38406.918528 37.17187705742185 97.29029823871463 624.604429697571
60871 38826.918528 11.408271989844957 92.8837950579287 619.7632768198071
60871 39246.918528 -14.45409622562532 89.25397700937887 621.419294990384
60871 39666.918528 -40.17698078202223 84.60522305369095 622.7730427247743
60871 40086.918528 -65.37629594113204 73.7771738350485 628.0939768125791
60871 40506.918528 -81.77227657935101 -16.04212223315639 631.2921987029484
60871 40926.918528 -60.7090058959702 -74.44476307377903 629.1125304909763
60871 41346.918528 -35.347830039883114 -83.06487786663247 624.1959435606292
60871 41766.918528 -9.577141333415916 -87.3435044802747 621.9024529726913
60871 42186.918528 16.260044466907686 -90.98007437657871 625.9004612755961
60871 42606.918528 41.921977572191786 -95.7874884949479 634.7745533484198
60871 43026.918528 66.94554148085814 -107.58728553686859 642.8898011609962
60871 43446.918528 81.18326211335949 154.20136352631397 644.6394854560882
60871 43866.918528 59.283117696797504 104.77961655329841 638.3206601221106
60871 44286.918528 33.92832192182204 96.67888257980913 627.5660144691117
60871 44706.918528 8.149290529737751 92.48876781234362 618.0669419597684
60871 45126.918528 -17.73441199181542 88.83133853110435 616.7074047121856
60871 45546.918528 -43.46245242216629 83.85000330660756 622.0679452441105
60871 45966.918528 -68.49510739820883 70.86561848891344 629.2732772377124
60871 46386.918528 -80.26348656348685 -35.07642515560581 631.7861164557336
60871 46806.918528 -57.50319143430159 -76.10595198638983 628.9122975248342
60871 47226.918528 -32.05395654880482 -83.65674904176186 623.8566848670819
60871 47646.918528 -6.261655829508007 -87.74190072729361 622.0469776913231
60871 48066.918528 19.567702420319502 -91.4164823416307 626.596370397056
60871 48486.918528 45.19329457877852 -96.58657347069565 635.1176939406608
60871 48906.918528 70.02467841237502 -110.90897894033806 642.9653076029923
60871 49326.918528 79.27143044873227 138.16050245776765 644.055040656308
60871 49746.918528 56.06311229891206 103.2490830089227 637.3037726067191
60871 50166.918528 30.623608182403864 96.10539837596696 626.8321170586122
60871 50586.918528 4.825806881596143 92.09236266713236 618.7076206557799
60871 51006.918528 -21.043393868062036 88.38650916034132 618.3521303626848
60871 51426.918528 -46.72039136842092 83.00818535268475 623.9892432424549
60871 51846.918528 -71.51648160728551 67.0574118868383 630.5565697361997
60871 52266.918528 -78.03159060183154 -47.93993860930932 632.1562854335009
60871 52686.918528 -54.305528105138364 -77.47679090269777 628.4037221390607
60871 53106.918528 -28.782598521280505 -84.19843376304136 623.1123107767546
60871 53526.918528 -2.969369712241013 -88.13095955921104 621.7430544946276
60871 53946.918528 22.85232948681194 -91.86979243036083 626.7760978971671
60871 54366.918528 48.437664495343164 -97.48359835443553 635.1079965974942
60871 54786.918528 73.00279207996688 -115.35779588847814 642.6823001633181
60871 55206.918528 76.80663973211021 127.53196108547397 643.2342552174124
60871 55626.918528 52.83702883892006 101.97019461601485 636.2963024360275
60871 56046.918528 27.328767879128208 95.57695855539221 626.3855631331205
60871 56466.918528 1.5179940445442517 91.70292164744238 619.5330875177735
60871 56886.918528 -24.33196325762261 87.92163943295483 620.2603368542941
60871 57306.918528 -49.94921163926764 82.05721311507793 626.1231408365372
60871 57726.918528 -74.41351185843413 61.86741811523745 631.6592412118794
60871 58146.918528 -75.41272965916909 -56.47511498074121 632.112398969085
60871 58566.918528 -51.10487472293367 -78.63693140104961 627.4411509448032
60871 58986.918528 -25.517359288586633 -84.70239720839551 621.9794657538456
60871 59406.918528 0.3158776378709196 -88.51698270402026 621.1436442895043
60871 59826.918528 26.128271605424157 -92.34842341304825 626.7677406248276
60871 60246.918528 51.66475595411631 -98.51048798262023 635.2402504705724
60871 60666.918528 75.83388940769682 -121.58842088103756 642.5068805971396
60871 61086.918528 74.04584497830487 120.39870967036872 642.5145988534669
60871 61506.918528 49.60546603342206 100.88170141094754 635.4308641033388
60871 61926.918528 24.040577746403525 95.08448238371176 626.0975129570822
60871 62346.918528 -1.7778427267154606 91.31610310708668 620.9987441738889
60871 62766.918528 -27.601264708194073 87.43057127946003 622.5758999723776
60871 63186.918528 -53.14863652236754 80.96539022092927 628.3469680763578
60871 63606.918528 -77.1159727592832 54.485803341376936 632.7398044200736
60871 64026.918528 -72.58848988458828 -62.32369075305287 631.7172068514382
60871 64446.918528 -47.90389808511556 -79.63202818784607 625.9677304911586
60871 64866.918528 -22.257605550858987 -85.17360818171095 620.3060562583544
60871 65286.918528 3.5964797795310153 -88.90216793660093 619.9830557746407
60871 65706.918528 29.401257791876578 -92.85920704176405 626.2809051783335
60871 66126.918528 54.886817657058835 -99.71097821871169 634.1633474264142
60871 66546.918528 78.43396279366401 -130.78074187658012 641.2893510460481
60871 66966.918528 71.09327955540475 115.37049985221816 641.1834227183635
60871 67386.918528 46.33699103014984 99.93209896831826 634.5483904911914
60871 67806.918528 20.725896907851137 94.61729640520657 626.5150506311998
60871 68226.918528 -5.094629291288262 90.92479128572212 622.1093165795717
60871 68646.918528 -30.8814466756723 86.90135600751937 621.4881072652944
60871 69066.918528 -56.364214101480776 79.67009288467916 629.3050086535792
60871 69486.918528 -79.5205865687766 43.4040202237131 635.954106728697
60871 69906.918528 -69.6346804676162 -66.53094475804882 636.3657202139689
60871 70326.918528 -44.73664354878192 -80.48854846969962 631.3557080505374
60871 70746.918528 -19.092244796872006 -85.60406936083666 625.8872444762965
60871 71166.918528 6.7294401674217825 -89.26945946102883 624.9171073495011
60871 71586.918528 32.50815013056101 -93.37638590329259 625.4815635969164
60871 72006.918528 57.93422554681695 -101.05124823604 632.6887925218016
60871 72426.918528 80.49938489596842 -143.86504676883965 637.8332922296662
60871 72846.918528 68.16010253200145 111.8233424422314 636.2815634802008
60871 73266.918528 43.16016382812051 99.12344314307092 629.4915674855354
60871 73686.918528 17.479709499824438 94.18366229595013 623.0629890508698
60871 74106.918528 -8.367441048493399 90.53478699261012 621.7534970874395
60871 74526.918528 -34.137915254291606 86.33383563053361 626.7668717901964
60871 74946.918528 -59.505513915356545 78.15497330306523 634.3481595241439
60871 75366.918528 -81.30218418183955 27.27452015275492 638.4249068058879
60871 75786.918528 -66.64707710713864 -69.64119513161553 635.6615770876017
60871 76206.918528 -41.55625208403265 -81.25013117714158 627.941553287748
60871 76626.918528 -15.850061583182397 -86.02685184630735 620.8504631208965
60871 77046.918528 10.011945393613418 -89.66366450023392 620.1825744365452
60871 77466.918528 35.77787354467266 -93.97054026266682 625.0353317811594
60871 77886.918528 61.113877597193884 -102.74457736796069 632.313145046033
60871 78306.918528 81.87882924373966 -163.53903448488091 636.6834270290196
60871 78726.918528 65.04682480162381 109.0066537310611 634.5020098143488
60871 79146.918528 39.87635225746471 98.37826327006108 627.8580425165742
60871 79566.918528 14.156043649567925 93.75686070336334 622.3386135089638
60871 79986.918528 -11.691861221400698 90.13006389000472 622.7563946658981
60871 80406.918528 -37.43990520841002 85.7053690353498 624.9678332765789
60871 80826.918528 -62.73605048376105 76.24111374312454 630.4587440452416
60871 81246.918528 -82.13290966460183 4.414492374906694 637.533365879218
60871 81666.918528 -63.44982764537251 -72.17713668998644 637.8778293670807
60871 82086.918528 -38.247484183924115 -81.96169595913105 633.3055330089097
60871 82506.918528 -12.559683309450302 -86.44092241884529 629.045264578788
60871 82926.918528 13.238312602935485 -90.05897171428568 629.3079792291752
60871 83346.918528 38.917935104106306 -94.59186418907369 633.9006102054642
60871 83766.918528 64.09069887215517 -104.6955379210937 638.6417155964082
60871 84186.918528 82.0749780047474 174.3404750674053 638.2011270717579
60871 84606.918528 62.101097894370085 106.93201296777009 630.8982181356905
60871 85026.918528 36.77196565786684 97.7462685576428 620.7470963428764
60871 85446.918528 10.96956286093843 93.36361521649575 613.4773299768549
60871 85866.918528 -14.94527323715636 89.72407122298232 613.74828259618
60871 86286.918528 -40.71335232612643 85.01877095787766 621.5641942595822
60872 306.918528 -65.89573156638738 73.87629180810704 621.855960719013
60872 726.918528 -81.58074059685929 -19.311782916149298 625.9144143241426
60872 1146.918528 -60.117255453487566 -74.2456221897073 625.4306093456672
60872 1566.918528 -34.72433706166623 -82.64995797965022 621.2908998299954
60872 1986.918528 -8.913760878598127 -86.89390588951557 615.217988400948
60872 2406.918528 16.981028422789112 -90.54494881800434 616.8054956228958
60872 2826.918528 42.70521991233792 -95.44274846242251 624.8708256547498
60872 3246.918528 67.78822893940138 -107.87358367557613 621.6647312348273
60872 3666.918528 80.66514413198693 148.9744307038281 627.8285374713585
60872 4086.918528 58.15579323436941 104.72677480263765 625.9864496637778
60872 4506.918528 32.70718566987984 96.97808280448066 623.7326448006971
60872 4926.918528 6.9415543538446345 92.86138581907862 622.4717507581425
60872 5346.918528 -18.899073340156338 89.19552570748913 623.5261404954248
60872 5766.918528 -44.56130027904757 84.09756930243469 629.4845724177384
60872 6186.918528 -69.48005363472727 70.27744607224923 635.4194465925069
60872 6606.918528 -79.62732712921375 -39.14895962015016 636.1536414635053
60872 7026.918528 -56.52967990246686 -76.02833569761476 630.5573690842748
60872 7446.918528 -31.053978383522935 -83.30485746386107 622.6929790468143
60872 7866.918528 -5.240372019709651 -87.34132300177768 618.8439067620384
60872 8286.918528 20.615121133517377 -91.0374841815118 621.9921524384862
60872 8706.918528 46.259425132744646 -96.34830860082346 630.3406595969205
60872 9126.918528 71.04573053539863 -111.74450939282798 638.1996219940443
60872 9546.918528 78.45961286030602 134.4719977445784 640.1101073407518
60872 9966.918528 54.92099502329528 103.28967365022808 635.0121467789944
60872 10386.918528 29.44919248594544 96.43079233710392 626.9136377089206
60872 10806.918528 3.6584184276891625 92.4729490018554 624.9191814766131
60872 11226.918528 -22.16474255981195 88.75023996303256 624.7373096331562
60872 11646.918528 -47.77673994565209 83.23218801892916 631.6689530300891
60872 12066.918528 -72.43254355848134 66.14539133128356 637.7968277272444
60872 12486.918528 -77.28499842790599 -50.31402568872182 637.9038970994949
60872 12906.918528 -53.3896452894636 -77.30449098260648 631.5180418372173
60872 13326.918528 -27.86137501586044 -83.81972877574138 623.2064256654077
60872 13746.918528 -2.0574224803569923 -87.7133059588696 621.7865444099124
60872 14166.918528 23.76598947931252 -91.47550643825802 625.2259894506012
60872 14586.918528 49.38002803896077 -97.24437396822574 626.9820206492997
60872 15006.918528 73.90494072698722 -116.54899811817613 633.2860883727304
60872 15426.918528 75.91475640839501 125.3824310995028 634.8297155137639
60872 15846.918528 51.7159969684077 102.09462205236203 630.61836249044
60872 16266.918528 26.16133178482084 95.9185183464803 624.8808381402839
60872 16686.918528000002 0.34896177382167964 92.08553274041809 623.1150611514247
60872 17106.918528000002 -25.455714515875226 88.2768628639035 627.4364782102818
60872 17526.918528000002 -50.99646641876905 82.23934745730574 635.0861898372546
60872 17946.918528000002 -75.26877543706469 60.40293780215568 640.5431006864784
60872 18366.918528 -74.61080957747642 -57.86005154008756 639.1607232927039
60872 18786.918528 -50.22011446803793 -78.39906423522923 631.2857895664524
60872 19206.918528 -24.63604644765372 -84.3048344101147 624.7290406356078
60872 19626.918528 1.1834390067265745 -88.09058868421997 622.9123818726921
60872 20046.918528 26.99379504592857 -91.95208661779058 623.0950187226376
60872 20466.918528000002 52.56514714947666 -98.29946536518808 623.4328217786866
60872 20886.918528000002 76.66410929514565 -123.50120410371446 626.4449828054768
60872 21306.918528000002 73.03735665889536 118.98270760172994 625.0757196058016
60872 21726.918528 48.37516054282573 101.02826023079876 625.9942662950759
60872 22146.918528 22.751741493240033 95.4185496126861 621.5237641751643
60872 22566.918528 -3.104396988634276 91.677892527408 617.7412412363901
60872 22986.918528 -28.93844773315992 87.73656767521622 621.4135844606838
60872 23406.918528 -54.456905588904476 80.98157079280585 629.8145022515322
60872 23826.918528000002 -78.13566131981108 51.069253253960454 635.5513193453141
60872 24246.918528000002 -71.41930408417619 -63.64157336801268 635.2429857510906
60872 24666.918528000002 -46.6507656024877 -79.46401217204706 629.5366414569135
60872 25086.918528000002 -21.0128430795384 -84.82548386877306 623.4357555342259
60872 25506.918528 4.82392920085086 -88.52560264272046 622.2419981607596
60872 25926.918528 30.610965595673882 -92.53590406263545 627.2166497669111
60872 26346.918528 56.05709239934295 -99.67783384093961 635.2890043839354
60872 26766.918528 79.28324894843824 -134.6503883725138 640.1120413777732
60872 27186.918528 69.98009904775347 114.41292568130942 637.8711901794604
60872 27606.918528000002 45.107102557381566 100.12644882146814 629.8676181436058
60872 28026.918528000002 19.447178464161663 94.96279911932153 621.8746610936787
60872 28446.918528000002 -6.410153855979222 91.28680333576078 619.0301686112122
60872 28866.918528 -32.215229691329554 87.1918336323194 623.2387879443692
60872 29286.918528 -57.655203728086484 79.59871998366793 630.727938537095
60872 29706.918528 -80.34416954022686 37.989776207672215 635.491725259103
60872 30126.918528 -68.3974827043678 -67.4103005413274 634.0598266037712
60872 30546.918528 -43.397359745942865 -80.30272541362737 627.8316638052443
60872 30966.918528000002 -17.7104604682595 -85.26955503036288 622.1032759971439
60872 31386.918528000002 8.138262971327352 -88.92105999627734 621.9451034803496
60872 31806.918528000002 33.906576231410256 -93.10742732694173 622.0709936883458
60872 32226.918528000002 59.33647220040603 -101.23972610130218 625.3211363152532
60872 32646.918528 81.26440479588419 -151.68448376530773 624.5586911050173
60872 33066.918528 66.63084574361378 110.85393808050615 623.8660333436083
60872 33486.918528 41.463884230435916 99.23773795553338 619.5494335777997
60872 33906.918528 15.710266904544797 94.46317768715548 617.7238500827912
60872 34326.918528 -10.155036265846476 90.82687393034844 622.5720133476185
60872 34746.918528 -35.88299592224648 86.51823947746601 633.5148959933706
60872 35166.918528 -61.138207764691714 77.75177893748186 644.9644068311013
60872 35586.918528 -81.86031346591356 17.476550600854573 650.4966953552222
60872 36006.918528 -65.20917847561122 -70.35095002944404 646.7794381113632
60872 36426.918528 -40.121938142077795 -81.05319247893841 636.1465869987196
60872 36846.918528 -14.443708057647504 -85.6901634272483 624.8388623026088
60872 37266.918528 11.40902135255787 -89.31843041553455 618.8528533063263
60872 37686.918528 37.19477751547939 -93.72975792953537 619.6531711555107
60872 38106.918528 62.534231971941445 -103.11031129556001 623.694544159849
60872 38526.918528 82.12587208469141 -174.0442053161339 625.7227777181544
60872 38946.918528 63.491290560516646 108.36138671567996 624.0633846218797
60872 39366.918528 38.17964923756859 98.53235732522869 617.4263740127471
60872 39786.918528 12.376244129120298 94.0420335068346 614.3066030971041
60872 40206.918528 -13.5169464718668 90.41002365468202 618.8308050288168
60872 40626.918528 -39.245371116972265 85.84241820323767 629.8845540885229
60872 41046.918528 -64.40989494935278 75.5708452555836 641.625808228707
60872 41466.918528 -82.03273823139585 -7.217264775859954 647.7223386173866
60872 41886.918528 -61.909192172448414 -72.68284962304915 645.1046315706217
60872 42306.918528 -36.690667814585325 -81.76153578240746 636.3822649312233
60872 42726.918528 -10.99579870695952 -86.12272678089265 627.6331324304924
60872 43146.918528 14.827467928348865 -89.74845271306806 623.8342833757497
60872 43566.918528 40.54422266236934 -94.43024126380907 625.5084593525556
60872 43986.918528 65.71541525502364 -105.45791544649641 628.6349782853159
60872 44406.918528 81.654769941229 162.57066318641307 628.3578585021061
60872 44826.918528 60.322156816948194 106.38173811097458 623.5626903742433
60872 45246.918528 34.900417280141696 97.89549543327077 616.6657217278262
60872 45666.918528 9.068704733092588 93.63726634850894 613.9995506170204
60872 46086.918528 -16.821917054632433 89.98830547168518 619.2682232807016
60872 46506.918528 -42.514320532108705 85.11532462345976 630.8011045281256
60872 46926.918528 -67.52468081018728 72.9011928586145 642.1547384927204
60872 47346.918528 -80.89147539386977 -28.191799784272686 647.3063975656922
60872 47766.918528 -58.72320134408725 -74.46815125020264 643.8900848440846
60872 48186.918528 -33.40200658105834 -82.37418851914471 635.0984912594008
60872 48606.918528 -7.677523972985511 -86.52497994190169 627.0503092296428
60872 49026.918528 18.14339499012465 -90.17811730730868 624.2582296656375
60872 49446.918528 43.82206916409867 -95.19212750980344 626.5487025792801
60872 49866.918528 68.81777256401668 -108.4383550845032 629.4929360117225
60872 50286.918528 80.04802529883133 144.28614339767634 628.4753214342965
60872 50706.918528 57.11952096414326 104.75897108565744 624.4544762410997
60872 51126.918528 31.61548603571731 97.31126989056543 614.9827527930833
60872 51546.918528 5.742883638128503 93.23869382681073 610.1994945661222
60872 51966.918528 -20.175705808758416 89.54219632480302 614.2663340176387
60872 52386.918528 -45.87283697484767 84.2748091554896 624.9671892265407
60872 52806.918528 -70.7173748899147 69.22821362441634 635.8695211084588
60872 53226.918528 -78.71976457082587 -43.76271993413301 641.8802023536073
60872 53646.918528 -55.29757452290454 -76.0383143152321 640.5209901652711
60872 54066.918528 -29.884088728263084 -82.97941207652914 635.0249822853066
60872 54486.918528 -4.155134837324199 -86.94822279513366 630.8731364686504
60872 54906.918528 21.617554736023543 -90.65203501666805 631.3660231054585
60872 55326.918528 47.19770970274451 -96.0808358726936 635.0871777931095
60872 55746.918528 71.89562643569434 -112.46906464883568 637.1850121377962
60872 56166.918528 77.73571728434136 131.89192294984636 633.4429182105171
60872 56586.918528 53.9141534153264 103.41344671547895 623.9234765893011
60872 57006.918528 28.342902919947527 96.77484487039472 614.8890790777825
60872 57426.918528 2.453665078582525 92.85078224270183 610.2970891048086
60872 57846.918528 -23.455199878606045 89.08536153423027 614.6025636485016
60872 58266.918528 -49.108140007430485 83.35523672491163 624.9754847096707
60872 58686.918528 -73.66623825625337 64.44453932333724 634.6820406583373
60872 59106.918528 -76.1611704177406 -53.4126640736311 639.7424376862253
60872 59526.918528 -52.05293767388049 -77.27450305510648 638.0526925237884
60872 59946.918528 -26.562816935742617 -83.50479418052595 633.2703785615262
60872 60366.918528 -0.8118067971347631 -87.34290003908427 630.6784616598786
60872 60786.918528 24.946249028312295 -91.12926779535421 632.860900785141
60872 61206.918528 50.46554115862084 -97.06697374080113 637.5492057452243
60872 61626.918528 74.80415626341164 -117.96425530540614 639.5353790058134
60872 62046.918528 75.06164971226053 123.70151117756491 634.9225632606264
60872 62466.918528 50.69857568526983 102.27290816822239 624.5169124047261
60872 62886.918528 25.06717996886516 96.27464445677798 614.0865641386199
60872 63306.918528 -0.8392751339276753 92.46424909182132 610.0216296242013
60872 63726.918528 -26.736459759616224 88.60022574022616 614.9394460517454
60872 64146.918528 -52.3350232939489 82.29520957312633 625.2064770791703
60872 64566.918528 -76.45430469961384 57.66394771998969 634.4315504801439
60872 64986.918528 -73.34752501650352 -59.93635304523668 638.7081991714928
60872 65406.918528 -48.812194417557215 -78.32577046469295 636.6880228167024
60872 65826.918528 -23.263568175453734 -83.99135674166365 632.4062308507946
60872 66246.918528 2.5010749295126495 -87.73197347082794 630.9217401549821
60872 66666.918528 28.240622736380505 -91.6314826453138 634.138457453649
60872 67086.918528 53.69435160319906 -98.20049058344833 639.1304250217453
60872 67506.918528 77.49877315453853 -125.85663177588114 640.5256829947664
60872 67926.918528 72.18673837351753 118.06360406452622 634.8911767678444
60872 68346.918528 47.46792785925778 101.2889273523564 623.8523131250724
60872 68766.918528 21.78665055799192 95.80475181916178 613.6345454989091
60872 69186.918528 -4.131521962782009 92.07716201263516 609.9326741262057
60872 69606.918528 -30.013149712829538 88.08153769346337 615.1802013204444
60872 70026.918528 -55.54898569419552 81.05485546986263 625.0627695194105
60872 70446.918528 -78.96767991221533 47.61259538921488 633.3640430423907
60872 70866.918528 -70.37223840962635 -64.57000309934942 636.7667145310263
60872 71286.918528 -45.541829209640106 -79.24383669507588 634.560276169101
60872 71706.918528 -19.93826718524723 -84.45356622261885 631.0976335490276
60872 72126.918528 5.8386612504950985 -88.12632218773592 631.098913372415
60872 72546.918528 31.55540114542394 -92.17430602063781 635.6613880635983
60872 72966.918528 56.92887048487292 -99.54274321927966 641.1688389827909
60872 73386.918528 79.85144326341647 -137.74082772321503 642.1163754223369
60872 73806.918528 69.17888835976723 113.9794429906633 635.5516423562658
60872 74226.918528 44.21954338468604 100.42445178411717 623.8457652955653
60872 74646.918528 18.497271839145984 95.35778505114429 613.351108852826
60872 75066.918528 -7.4286278196636495 91.68551354491404 609.9372491904174
60872 75486.918528 -33.29115530134163 87.52201160245001 615.340548649407
60872 75906.918528 -58.75246064105002 79.57903927823604 624.7433493239721
60872 76326.918528 -80.97183183017091 32.43281614535177 631.7991260075688
60872 76746.918528 -67.29225699641447 -68.0063221111654 634.2208759377805
60872 77166.918528 -42.244462366191044 -80.05817586146176 631.9088266659867
60872 77586.918528 -16.589123775243884 -84.89716091203522 629.4654075700983
60872 78006.918528 9.198630657475437 -88.52935846531082 631.154662688824
60872 78426.918528 34.888821368966596 -92.76665550183229 637.2275192921638
60872 78846.918528 60.16481901892519 -101.1641018590902 643.3797513861796
60872 79266.918528 81.55151678519817 -155.55174633222612 644.0034622245286
60872 79686.918528 66.0776184262065 110.89874611377388 636.6395864824125
60872 80106.918528 40.94879121258035 99.6542682367356 624.3123718013543
60872 80526.918528 15.195263496317539 94.9290259081807 613.5765104235169
60872 80946.918528 -10.731963940097648 91.28657409039418 610.3173812631663
60872 81366.918528 -36.56975061673095 86.91346181277282 615.6096548110675
60872 81786.918528 -61.93884944394123 77.78904768655764 625.0127108187969
60872 82206.918528 -82.05847953094178 11.122595392236557 630.3535254681395
60872 82626.918528 -64.14776620086539 -70.64323962194996 631.0146857653003
60872 83046.918528 -38.927457352340035 -80.78824444642753 628.0179440887434
60872 83466.918528 -13.215206696935963 -85.32679784281676 626.2652966155441
60872 83886.918528 12.592331477119457 -88.94624910692757 629.5962329535412
60872 84306.918528 38.26279453441197 -93.4241645022448 637.3888663113478
60872 84726.918528 63.42618208413827 -103.18804490008044 644.6260194863964
60872 85146.918528 82.13653867084457 -179.21221515026204 645.5965577478338
60872 85566.918528 62.86919093493284 108.46590666597842 638.2437387824493
60872 85986.918528 37.61987173445244 98.95035588882837 626.0120020435414
60873 6.918528 11.851097244341137 94.50888966720218 615.5050731813056
60873 426.918528 -14.061090342944764 90.87294980934928 612.5328398637157
60873 846.918528 -39.8570752269425 86.241906891202 617.4169619412477
60873 1266.918528 -65.0970079124024 75.56752520102751 625.4466457382266
60873 1686.918528 -81.84502383733569 -12.720187481786688 624.752960013889
60873 2106.918528 -60.93820502320455 -72.74421448872387 627.3470453873056
60873 2526.918528 -35.56990375930047 -81.45597470458367 621.8913834975845
60873 2946.918528 -9.768806970043405 -85.75406980283827 615.5421645313027
60873 3366.918528 16.125986385612002 -89.39780043460796 616.6837830753416
60873 3786.918528 41.86036869237373 -94.2093766115092 624.6930985467054
60873 4206.918528 66.97865210206635 -106.053856360044 623.8147445467105
60873 4626.918528 81.1012374400492 154.71166581130552 629.375390455803
60873 5046.918528 59.01192378228241 106.19155847156898 626.2109385691122
60873 5466.918528 33.57982021536273 98.16901454485787 620.9614090140088
60873 5886.918528 7.7752589074845355 93.99697034935184 619.2366020227978
60873 6306.918528 -18.07517916310283 90.34081292788844 624.442929297102
60873 6726.918528 -43.722405507339474 85.34335414598424 634.9144289556085
60873 7146.918528 -68.64511159250542 72.26470085698413 643.8195519090764
60873 7566.918528 -80.23202741285725 -33.78084447836521 645.9612954339145
60873 7986.918528 -57.54093208656852 -74.52765776638276 639.8239553754187
60873 8406.918528 -32.15343668367944 -82.07652682286756 629.2664789097043
60873 8826.918528 -6.375427489796844 -86.16453597969453 620.0189677463693
60873 9246.918528 19.49198968237605 -89.84299384855197 618.315678491125
60873 9666.918528 45.191625994818985 -95.02412213143792 622.8097649510694
60873 10086.918528 70.11520735370684 -109.46249525875041 628.4296922738482
60873 10506.918528 79.13358923479213 138.93345462495896 630.2387766458639
60873 10926.918528 55.77957222050507 104.68261010414761 626.9044386420054
60873 11346.918528 30.276953602783074 97.60202589310042 622.0048423249375
60873 11766.918528 4.464128287089759 93.60358510832648 620.9936321034312
60873 12186.918528 -21.36491763934277 89.89731815056955 626.6032034367507
60873 12606.918528 -46.963294136869884 84.49864884204977 636.260014198155
60873 13026.918528 -71.6529483930677 68.41574749476536 644.3073805439994
60873 13446.918528 -77.99340661841836 -46.54529595125585 645.1318104924404
60873 13866.918528 -54.33755346859554 -75.90260702437074 637.9932078725503
60873 14286.918528 -28.866763405748102 -82.62121291898367 627.3364695166139
60873 14706.918528 -3.0639053050202283 -86.55524037199186 619.4482685710855
60873 15126.918528 22.796243264686236 -90.29759473580044 618.8375499639117
60873 15546.918528 48.44878846327193 -95.92375553257256 623.8819426118865
60873 15966.918528 73.09391034830199 -113.96001618968346 629.2843411583547
60873 16386.918528 76.64609368490953 128.57682324082984 630.2309702542317
60873 16806.918528000002 52.558342382174054 103.42670791074566 626.2441606730076
60873 17226.918528000002 26.988704963751424 97.0803645585743 621.3954085963009
60873 17646.918528000002 1.1588543410453054 93.2161499116507 621.0816092275362
60873 18066.918528 -24.65675141477945 89.43030297955946 627.3998691625704
60873 18486.918528 -50.204119299178906 83.53336501926009 637.1475166829407
60873 18906.918528 -74.5603587368732 63.1023361500336 644.6743778410503
60873 19326.918528 -75.34842865647099 -55.072680507214905 644.6095475678072
60873 19746.918528 -51.110830468388244 -77.06980653054126 636.9035891639957
60873 20166.918528000002 -25.57558556102761 -83.1276010859528 626.5075657372363
60873 20586.918528000002 0.24232163345542915 -86.94196550198978 619.8950053340219
60873 21006.918528000002 26.084937296207592 -90.77633835597732 620.1633891983851
60873 21426.918528000002 51.67798492461889 -96.95097890459637 625.3663492642074
60873 21846.918528 75.91387411505704 -120.2468784269159 630.0606350452642
60873 22266.918528 73.88099427094 121.62506203844326 629.961840913083
60873 22686.918528 49.33690998418485 102.35758028255633 625.216017400293
60873 23106.918528 23.70817430386481 96.5938493289691 620.362751400401
60873 23526.918528 -2.138724616802148 92.83004741123293 620.6979284684635
60873 23946.918528000002 -27.941625569808288 88.9334242848141 627.6451756975297
60873 24366.918528000002 -53.43325735050382 82.41510158312937 637.4521084828966
60873 24786.918528000002 -77.28322599372198 55.4482091422703 644.5498684488664
60873 25206.918528 -72.47700344643971 -60.942808170831555 643.8492064375898
60873 25626.918528 -47.86388160308231 -78.07769269081523 635.93625221673
60873 26046.918528 -22.275882252621177 -83.60489108900289 626.1332747695661
60873 26466.918528 3.5507524643978603 -87.33054058145589 620.7640917914929
60873 26886.918528 29.369135665691118 -91.28844524094035 621.9431224759539
60873 27306.918528000002 54.88971505035296 -98.14787018388168 627.1881052144838
60873 27726.918528000002 78.48294216454924 -129.4479165812813 630.9841515246248
60873 28146.918528000002 70.9575821451556 116.74327818759002 629.6650632825148
60873 28566.918528000002 46.10977936607426 101.43092797846256 624.0556801309114
60873 28986.918528 20.429158281876678 96.13501355757835 619.1363534015468
60873 29406.918528 -5.433339881082212 92.44160784477647 620.0348849177105
60873 29826.918528 -31.222512669391012 88.40021678541204 627.4866175115309
60873 30246.918528 -56.650220087610855 81.09936978699497 637.2638071647341
60873 30666.918528 -79.67261126358171 43.98063922727829 644.0024861087019
60873 31086.918528000002 -69.4686884272147 -65.16447463661208 642.8825351352127
60873 31506.918528000002 -44.59748723708037 -78.96094023908078 635.0758924443228
60873 31926.918528000002 -18.96622471240399 -84.05843578548249 626.1140336615102
60873 32346.918528000002 6.862958153682669 -87.72357408364518 622.0807682066043
60873 32766.918528 32.65022378165363 -91.84007114123702 624.1713080351406
60873 33186.918528 58.08277612868447 -99.56295595521452 629.3321667816201
60873 33606.918528 80.60264020123175 -143.25397693234328 632.0808620909057
60873 34026.918528 67.94067970281 113.15834837857022 629.2874013565431
60873 34446.918528 42.87699905834173 100.61424556377953 622.5239467709806
60873 34866.918528 17.14834257528665 95.69753958388027 617.5508993095211
60873 35286.918528 -8.729085114699062 92.04752603624262 619.0792283335239
60873 35706.918528 -34.50304003312977 87.82308390090051 627.075970165339
60873 36126.918528 -59.853218254294575 79.52422772847603 636.870511658831
60873 36546.918528 -81.43882891758712 26.816376294852386 643.3614372753476
60873 36966.918528 -66.37403780708382 -68.32690284164714 642.0178706737231
60873 37386.918528 -41.31762443756424 -79.74525761489711 634.551666632069
60873 37806.918528 -15.652241235531886 -84.49271071130367 626.5795066930864
60873 38226.918528 10.173456026131493 -88.12326940732589 623.7297201036371
60873 38646.918528 35.92397367015851 -92.43823936768084 626.5700171986012
60873 39066.918528 61.25089720388828 -101.26598402204847 631.4566496091197
60873 39486.918528 81.91720240809293 -163.07426412543052 633.0178269688139
60873 39906.918528 64.86206498908949 110.42151193155685 628.6825283847586
60873 40326.918528 39.637005909261745 99.88532936436745 623.1701770756322
60873 40746.918528 13.8819384640111 95.27976278303588 617.6459638709024
60873 41166.918528 -11.998747555615692 91.64881582662936 618.6743746876023
60873 41586.918528 -37.75842938109984 87.19794561394895 622.86337441195
60873 42006.918528 -63.054231692221805 77.58493545668999 622.0323469905137
60873 42426.918528 -82.14141446298757 2.9301743437437384 625.5574829062488
60873 42846.918528 -62.97337662820253 -70.95253237451855 626.1698725718111
60873 43266.918528 -37.666031778884104 -80.52973140662738 622.7898225485735
60873 43686.918528 -11.890115937451311 -84.97560213261491 615.6590170592636
60873 44106.918528 14.013375415514943 -88.60997313609118 614.6521008817932
60873 44526.918528 39.78819486029412 -93.23169860709443 621.0626779004091
60873 44946.918528 65.02087600811518 -103.86041758901099 625.6719191837392
60873 45366.918528 81.86655857130033 168.347526776608 626.5377529154966
60873 45786.918528 61.00404393827708 107.80482846287775 625.4783563742757
60873 46206.918528 35.636890260800826 99.06736189235647 623.2845385376257
60873 46626.918528 9.865925980411749 94.76905804634988 620.8597081759589
60873 47046.918528 -15.997979646582403 91.13071332041105 619.6027314831462
60873 47466.918528 -41.72269111242447 86.3342936796587 624.630816650206
60873 47886.918528 -66.83261817264466 74.59251128722615 631.0377613032043
60873 48306.918528 -81.19934808248684 -23.528061199481453 633.3118809420897
60873 48726.918528 -59.245169970003374 -73.17075665600483 629.7704846127531
60873 49146.918528 -33.84252289131628 -81.26738279146484 623.6054283153483
60873 49566.918528 -8.054356613598612 -85.45313170830957 620.4277660337914
60873 49986.918528 17.794144491309396 -89.1058842190373 624.0400494062617
60873 50406.918528 43.45646434634495 -94.0759379541009 632.5577852939256
60873 50826.918528 68.4153783594746 -106.97264047199505 640.1653338009803
60873 51246.918528 80.35967169169196 147.77786901196544 641.7389674070506
60873 51666.918528 57.72249001274823 106.07134406733313 635.8405176775327
60873 52086.918528 32.31338888908016 98.46421195889639 626.2058031059771
60873 52506.918528 6.532345421257762 94.36761405212732 621.5431458577517
60873 52926.918528 -19.30741792831659 90.69635741911955 623.7440556813987
60873 53346.918528 -44.98059567681682 85.54622204543686 624.0760782796032
60873 53766.918528 -69.92566847831817 71.29274904885645 625.6784972058123
60873 54186.918528 -79.25495620992234 -39.87239607970751 626.9015586900827
60873 54606.918528 -55.93030859804162 -74.74075324298681 624.836869540059
60873 55026.918528 -30.41418469170299 -81.86283419925613 618.4517459742324
60873 55446.918528 -4.569745501556225 -85.87203795901543 615.9355710603188
60873 55866.918528 21.299059917629858 -89.58239320475253 621.1690209040506
60873 56286.918528 46.92875806275175 -94.98094805857089 632.6274190842814
60873 56706.918528 71.64296640121839 -111.05743072706566 641.5300943943614
60873 57126.918528 77.99088041107667 133.94840995280256 643.7846353317711
60873 57546.918528 54.33010395197632 104.60229211362335 638.3326522433982
60873 57966.918528 28.86774203441976 97.88770766073594 629.3281398596663
60873 58386.918528 3.0774139089087806 93.95568317145336 621.4202380996377
60873 58806.918528 -22.765971152604116 90.21664523910181 621.3400556342742
60873 59226.918528 -48.40020518655943 84.60154937073494 626.4108411876695
60873 59646.918528 -73.0355595254132 66.65886631966923 631.3132336079618
60873 60066.918528 -76.70879358679117 -50.71984347248208 631.4222301603448
60873 60486.918528 -52.63798175467664 -76.03622382273296 626.4487524276964
60873 60906.918528 -27.067745983989894 -82.39850260983877 620.6113018976524
60873 61326.918528 -1.2289083409319135 -86.26665168528734 619.3756269236676
60873 61746.918528 24.602466328291335 -90.05297815770724 625.3019875379372
60873 62166.918528 50.17199893753102 -95.94778146539903 634.1945103841098
60873 62586.918528 74.54920286922328 -116.3637813429759 642.3256023555551
60873 63006.918528 75.3482711636107 125.43303038055397 643.3320233422113
60873 63426.918528 51.106030400884094 103.43553417461938 636.9443160007241
60873 63846.918528 25.576078027709734 97.3796255653265 627.8112742711949
60873 64266.918528 -0.23309833451562545 93.56653984476746 620.3205831491877
60873 64686.918528 -26.06963898063389 89.7336310960526 621.3475778821798
60873 65106.918528 -51.65224498124299 83.56584523919588 627.0298481632726
60873 65526.918528 -75.88128116196313 60.351972286971204 631.8485768136876
60873 65946.918528 -73.92610779662837 -57.77696300252547 631.4822153276072
60873 66366.918528 -49.396078900986325 -77.11640491586967 626.238930723702
60873 66786.918528 -23.773353688881375 -82.88869431776989 620.7144536928433
60873 67206.918528 2.0736889129066536 -86.65410557412999 620.245491475454
60873 67626.918528 27.88375162900478 -90.54934118602584 626.403110459131
60873 68046.918528 53.39355621163068 -97.062288991927 634.825569973011
60873 68466.918528 77.26602319641317 -123.98443858697286 642.0852080966158
60873 68886.918528 72.48187568603801 119.5741923701389 642.0215465669237
60873 69306.918528 47.85963726400255 102.42865028056652 635.0921386651906
60873 69726.918528 22.26992098757956 96.90136794805007 626.3037039817989
60873 70146.918528 -3.552671397739144 93.17606218993326 620.559467483732
60873 70566.918528 -29.368753870585305 89.21814264871695 622.7123394533637
60873 70986.918528 -54.880505501953145 82.36204091284274 628.7168165273873
60873 71406.918528 -78.46603161093725 51.13472563354436 632.9397700908586
60873 71826.918528 -70.99168889647231 -62.70001454428908 631.5840658439214
60873 72246.918528 -46.158348632257315 -78.04748347323111 625.6546200607165
60873 72666.918528 -20.48829994302182 -83.34830094605239 620.1544265744513
60873 73086.918528 5.369384868713898 -87.04212578356969 620.2216260202482
60873 73506.918528 31.162205684933987 -91.08099400291543 626.208037442647
60873 73926.918528 56.612095453860405 -98.3755184892445 633.9602090460523
60873 74346.918528 79.66267337634943 -135.44872350439354 640.8319059444275
60873 74766.918528 69.46310690193486 115.33742345092499 640.4488450198465
60873 75186.918528 44.578146867908906 101.54155919142302 633.8367346638605
60873 75606.918528 18.94299112581665 96.44539629628751 626.2585878956703
60873 76026.918528 -6.8908994084060256 92.77964424107823 622.8383741929081
60873 76446.918528 -32.66468057355957 88.66386780176437 627.0549226846931
60873 76866.918528 -58.06997793769325 80.949413717324 633.7722028725547
60873 77286.918528 -80.57488298433732 37.501895558282854 637.2404515001981
60873 77706.918528 -68.0214436998527 -66.24702332596826 634.1254667768322
60873 78126.918528 -42.99359362735776 -78.84655526641797 626.0751917098512
60873 78546.918528 -17.302138848490426 -83.77058734447586 620.2811034164296
60873 78966.918528 8.565069402711604 -87.4209059223203 618.873784061883
