CIC_AEM_VERS = 1.0
CREATION_DATE = 2025-07-04T15:06:33.741Z
ORIGINATOR = CS Group

META_START
OBJECT_NAME = RED2
OBJECT_ID = RED2
CENTER_NAME = null
REF_FRAME_A = EME2000
REF_FRAME_B = SC_BODY_1
ATTITUDE_DIR = A2B
TIME_SYSTEM = UTC
START_TIME = 2025-07-04T03:12:14.664384
STOP_TIME = 2025-07-17T21:59:60.0
ATTITUDE_TYPE = QUATERNION
QUATERNION_TYPE = LAST
META_STOP

60860 11534.664384 -0.2835572461415852 -0.6983257413834761 -0.6094590425147487 -0.24595959541929782
60860 11954.664384 -0.43543892274813134 -0.6152047342124449 -0.6494916146929539 -0.10038287703628276
60860 12374.664384 -0.5644712796088032 -0.4994972768567034 -0.6552152811449561 0.050671296250188264
60860 12794.664384 -0.6635661336739632 -0.3575401174296104 -0.6263223736571429 0.19891036907584914
60860 13214.664384 -0.7275117873201223 -0.19717558099673493 -0.5645818872060101 0.33629701486599795
60860 13634.664384 0.7532479275414097 0.027135003154306402 0.4736178720181709 -0.4555956129764274
60860 14054.664384 0.739905149242285 -0.14360162750849548 0.35852885656799766 -0.550795789480736
60860 14474.664384 0.6886473032111747 -0.3063195423150175 0.22547286070012307 -0.6173291009369294
60860 14894.664384 0.6024202044446582 -0.4529644595531245 0.08127259494410963 -0.65215631636108
60860 15314.664384 0.4856711411009327 -0.5764099786378197 -0.06691374756901894 -0.6537565522537696
60860 15734.664384 0.3441209726506977 -0.6706205354190158 -0.21182900108264166 -0.6220750179492668
60860 16154.664384 0.18459502431747574 -0.7308006745427744 -0.3463113895293379 -0.5585010945086103
60860 16574.664384 0.014896881515535237 -0.7535834560973536 -0.46350062511294315 -0.46589400955302196
60860 16994.664384 -0.15636857410050975 -0.7373058896060685 -0.5571170215969331 -0.3486395250583899
60860 17414.664384 -0.3201445099461511 -0.682325620245861 -0.6218767685146124 -0.21262296557348417
60860 17834.664384 -0.467466208943535 -0.5912371323945972 -0.6539766227201776 -0.06502748426075874
60860 18254.664384 -0.5901647109828941 -0.46886050523570605 -0.6515069841778105 0.08610511081306205
60860 18674.664384 -0.6815472762423838 -0.32193241466793676 -0.6146552401063275 0.23249035774090138
60860 19094.664384 -0.7368814968561267 -0.1585586311280064 -0.5456543951776267 0.3662323048411013
60860 19514.664384 0.7536188844753445 -0.012426728412820248 0.4485102708296352 -0.4803568364699504
60860 19934.664384 0.7313759311879503 -0.1820658640009515 0.3286074053085697 -0.5691734723446931
60860 20354.664384 0.6717509234020806 -0.3417667238732368 0.19229293423075375 -0.628466093601185
60860 20774.664384 0.5780562764748655 -0.4836680560316442 0.04649536362081097 -0.6555565070719326
60860 21194.664384 0.45504741677357413 -0.6008781772119084 -0.10157996508678728 -0.6492755773407457
60860 21614.664384 0.3087127142225562 -0.687632648460389 -0.24468073587200334 -0.6099091230190187
60860 22034.664384 0.1461170751919283 -0.7394444599449567 -0.37569584927022665 -0.5391885753937955
60860 22454.664384 -0.02473106312203735 -0.7533116854815421 -0.48787386315043163 -0.44032825560993233
60860 22874.664384 -0.19507685666471714 -0.7280104962825186 -0.5751270697130457 -0.31807953561897023
60860 23294.664384 -0.3558343025006346 -0.6644026911528503 -0.6324814463961947 -0.17865674663251496
60860 23714.664384 -0.49815797247218263 -0.5656100593010034 -0.6565470853586823 -0.029492710742463256
60860 24134.664384 -0.6141667376038232 -0.43693488281789156 -0.6458974404530264 0.12125849666815565
60860 24554.664384 -0.6975896097060875 -0.2854773151181132 -0.6012142313545358 0.265354266971226
60860 24974.664384 -0.7441843770779017 -0.11957175418320058 -0.5251801517951907 0.3950671040153912
60860 25394.664384 0.75191386556056 -0.051877509913895635 0.42216108360143245 -0.5037005878846821
60860 25814.664384 0.7208708140902698 -0.2199620673589802 0.2978027899461554 -0.5858971382557533
60860 26234.664384 0.6530652693525589 -0.3762281448172031 0.15862164059008618 -0.637806641662961
60860 26654.664384 0.5521609957161792 -0.5130217999909661 0.011633523745633997 -0.6571084603541538
60860 27074.664384 0.42321574178119625 -0.6236964932438215 -0.13592811173221447 -0.6429733032287315
60860 27494.664384 0.2724753565236014 -0.7027646024740322 -0.2768255843117911 -0.5960257456413165
60860 27914.664384 0.10723572119252005 -0.7460566805195732 -0.40400715613922084 -0.5183417283421573
60860 28334.664384 -0.06430039401461674 -0.750951098674801 -0.5108430619541445 -0.4134939815547358
60860 28754.664384 -0.2332494068226294 -0.7166785353797096 -0.5914642519529387 -0.2865948879597061
60860 29174.664384 -0.3905213012374102 -0.6446145207330856 -0.6412316078565256 -0.14417786940314123
60860 29594.664384 -0.5274317835956013 -0.5384105542158253 -0.6571852960722431 0.006105357369465359
60860 30014.664384 -0.6364214417552807 -0.4038249706817226 -0.6383975275271121 0.15601839114445987
60860 30434.664384 -0.711665209875402 -0.24828866298958727 -0.5860396761315998 0.2973934546748005
60860 30854.664384 -0.7494231887438186 -0.08032530436419913 -0.5032235477170732 0.4227041408300704
60860 31274.664384 0.7481615358371904 -0.09111792655713453 0.3946509229910945 -0.5255497014897282
60860 31694.664384 0.7084294461763537 -0.2572014190055373 0.26620449484458497 -0.6009245516504896
60860 32114.664384 0.6326428886749831 -0.4096330666750441 0.12454647621267659 -0.6453308464333447
60860 32534.664384 0.5248029065116058 -0.5409755361289268 -0.0232351492381368 -0.6568009641184095
60860 32954.664384 0.3902528988243098 -0.6448317911341385 -0.1698855575448354 -0.6348492210278299
60860 33374.664384 0.23549124316463715 -0.715998260366501 -0.3081913883596964 -0.5804381394135303
60860 33794.664384 0.06803956919597044 -0.7506352893069322 -0.431173440893797 -0.4959906686002551
60860 34214.664384 -0.10371348157153551 -0.746518049140418 -0.5323430546235758 -0.3854415497088189
60860 34634.664384 -0.27078652855463825 -0.7033515496216539 -0.6060738057573639 -0.2542553747178832
60860 35054.664384 -0.4241184324696756 -0.623033349032404 -0.6480845249407925 -0.10926778923909507
60860 35474.664384 -0.5552212142216565 -0.5097229404021181 -0.6558773045579114 0.041675996351578384
60860 35894.664384 -0.6568899071362628 -0.3696166541272829 -0.6290201485783161 0.19029669355187867
60860 36314.664384 -0.723761749137826 -0.21044939489631997 -0.56916324589961 0.3285318587135005
60860 36734.664384 -0.7526063057006619 -0.040893973952866945 -0.47982697495573157 0.44908518748537657
60860 37154.664384 0.7423806528809401 -0.1300808021298144 0.36602538934328854 -0.5458711986370293
60860 37574.664384 0.6940869889127242 -0.29373166141519386 0.23385792961321772 -0.6142275080630604
60860 37994.664384 0.6105269895009582 -0.4419404240688812 0.09011544006223256 -0.651018174959121
60860 38414.664384 0.4960280617296109 -0.5674940158714328 -0.058054925240768517 -0.6546268628632407
60860 38834.664384 0.35621214919985206 -0.6642545783989849 -0.20338991098272569 -0.6249090365395974
60860 39254.664384 0.1978246532708101 -0.727312090243466 -0.3387122073353665 -0.5631665566650489
60860 39674.664384 0.028604238546496342 -0.753170949656749 -0.4571303362118638 -0.47217282201028277
60860 40094.664384 -0.14288748032978468 -0.7400211977846597 -0.5523169674985521 -0.3562271216619622
60860 40514.664384 -0.30760091484661584 -0.6880549693307687 -0.6189193117359205 -0.22113552840982903
60860 40934.664384 -0.45653984515396073 -0.5996957568381905 -0.6530376482946764 -0.0740148561224418
60860 41354.664384 -0.5814518583298388 -0.4796036741137584 -0.6526445442297333 0.07713074036027798
60860 41774.664384 -0.6755158189734253 -0.3343810412828943 -0.6178065496389803 0.22401509942503434
60860 42194.664384 -0.7338435849757223 -0.17203724135452692 -0.5506419963279491 0.35870624786456545
60860 42614.664384 0.7537149341832359 0.0013632562190778652 0.45505735132317765 -0.4741674245753026
60860 43034.664384 0.7345752772569988 -0.16868332525556054 0.33635894932215865 -0.564630635933283
60860 43454.664384 0.6778626312805252 -0.32947273312950276 0.20084213671514875 -0.6257894273294426
60860 43874.664384 0.5867517691394114 -0.47307529425861106 0.055407712881618686 -0.6548680116841312
60860 44294.664384 0.46588484935199376 -0.5925106648665182 -0.09274944477263605 -0.6505996923286042
60860 44714.664384 0.3211550939259834 -0.6819083946030577 -0.23636966202901186 -0.6131800142597311
60860 45134.664384 0.15954879452836787 -0.7366625968238205 -0.368322427596941 -0.5442526894140497
60860 45554.664384 -0.0109868191340341 -0.7536373365664489 -0.4818193583340948 -0.4469453665414444
60860 45974.664384 -0.18173459838230327 -0.7314572932438576 -0.5707165850300921 -0.3259222966947521
60860 46394.664384 -0.3436048859486406 -0.6708140056068537 -0.6299644266346542 -0.18732077676750436
60860 46814.664384 -0.4877050890632525 -0.5746566001845075 -0.656071743479912 -0.038515001926737874
60860 47234.664384 -0.606056788565192 -0.448132041336557 -0.6474924293440785 0.11236723945919555
60860 47654.664384 -0.6922514111794201 -0.29821758605987914 -0.6047884479241955 0.2570703956937919
60860 48074.664384 -0.7418867358016242 -0.13316485684844664 -0.5305307516970204 0.38782510703400586
60860 48494.664384 0.7527516878451227 -0.038151361927139936 0.4289898250195434 -0.49787257411824215
60860 48914.664384 0.7247689029720022 -0.2068112023700571 0.30574106170021276 -0.5817744984523114
60860 49334.664384 0.6597999703691072 -0.3643179332617554 0.16725433829949796 -0.6355803874607882
60860 49754.664384 0.5613782968592014 -0.5029432621796387 0.0205232870093089 -0.6568723449300474
60860 50174.664384 0.4344495644286418 -0.6159459848363733 -0.12722056968099954 -0.6447317631246002
60860 50594.664384 0.2851712369624104 -0.6977308308102025 -0.26873147970700717 -0.5996936260797806
60860 51014.664384 0.12076455708076889 -0.7440072643477021 -0.39693548150761065 -0.5237473970066634
60860 51434.664384 -0.050623990574402485 -0.7520160784622721 -0.5051636803744347 -0.4203792161169538
60860 51854.664384 -0.22014073511440926 -0.7208327077816676 -0.58748617825367 -0.29461543492548636
60860 52274.664384 -0.3786857517043315 -0.651662158324857 -0.6391799037804597 -0.15291364709114952
60860 52694.664384 -0.5175130992622785 -0.547979109219773 -0.6571840032903936 -0.0028764161498180426
60860 53114.664384 -0.6289554072565064 -0.4153951813881745 -0.6404455785395922 0.14728000506305944
60860 53534.664384 -0.7070411804652014 -0.2612291811720605 -0.5900158723315926 0.28936716197132534
60860 53954.664384 -0.7478627962038012 -0.09394000830071038 -0.5088971503110223 0.41581270218695204
60860 54374.664384 0.7497139633530531 -0.07754537065060227 0.4017042184065071 -0.5201436431972759
60860 54794.664384 0.7129835990897343 -0.24436773931234987 0.27425881841155414 -0.5972611622530954
60860 55214.664384 0.6399415770951689 -0.39817969134628606 0.13318686848901812 -0.6435751466351178
60860 55634.664384 0.5344654833291219 -0.5314641497872267 -0.014438457668374257 -0.6570266627473096
60860 56054.664384 0.4017998078477077 -0.6377297233516381 -0.16136515203422747 -0.6370392468885718
60860 56474.664384 0.24835789646267897 -0.7116654590182846 -0.3003707376008229 -0.5844895633782224
60860 56894.664384 0.0815876938856563 -0.7493103494342174 -0.42444968651683135 -0.501716964087278
60860 57314.664384 -0.09017484303139452 -0.7482984061815696 -0.5270750687908798 -0.3925682932299491
60860 57734.664384 -0.2579700187920403 -0.7081735432592628 -0.602557552672111 -0.2624235083788256
60860 58154.664384 -0.41271803199600743 -0.63066033407736 -0.6465265612023585 -0.11804564687708105
60860 58574.664384 -0.5458599876892284 -0.5197505525924999 -0.6563708373483648 0.03276523765079317
60860 58994.664384 -0.6500722745170894 -0.381497232379945 -0.63153515740172 0.1817394964123238
60860 59414.664384 -0.7198381041009037 -0.22353657614349837 -0.5735476370264923 0.3207921617991711
60860 59834.664384 -0.75175519317334 -0.054489236980164314 -0.48582565153187673 0.44257032085744424
60860 60254.664384 0.7446146620913687 -0.11669090726961993 0.37330573215493473 -0.5409020867952143
60860 60674.664384 0.6992581207605835 -0.2812284382517874 0.24203313174501323 -0.6110389588287631
60860 61094.664384 0.618348820930821 -0.43094320790595414 0.09876929317510949 -0.649751732540113
60860 61514.664384 0.5060994404537221 -0.5585405858149534 -0.04935051661868298 -0.655332203450576
60860 61934.664384 0.36803828501547875 -0.6577862742822844 -0.19506385271223467 -0.6275469157710493
60860 62354.664384 0.21082744655406238 -0.7236610736360054 -0.33117804984923643 -0.5676156600918747
60860 62774.664384 0.04213677342180508 -0.7525460928263071 -0.45077232724851335 -0.4782292122867633
60860 63194.664384 -0.12952028179252295 -0.742487573581 -0.5474783799668992 -0.36359884921573116
60860 63614.664384 -0.29510699716135835 -0.6935143521566921 -0.6158755431021751 -0.22944938219069255
60860 64034.664384 -0.4455969421143239 -0.6078760513822788 -0.6519731187005476 -0.08283190101726845
60860 64454.664384 -0.572658143251943 -0.4900704136226327 -0.6536286906054618 0.06828744742900014
60860 64874.664384 -0.6693443835303945 -0.3465684275261137 -0.6207846927012578 0.21562649787583618
60860 65294.664384 -0.7306109869362637 -0.18528956629672722 -0.5554400995324094 0.3512287833037274
60860 65714.664384 0.753567325321835 0.014977001521166752 0.46140399766172596 -0.46799393860872673
60860 66134.664384 0.7374913443838518 -0.15541814770494256 0.34390738794453934 -0.5600709105461804
60860 66554.664384 0.68366561493485 -0.31723244495469904 0.2091934026655213 -0.6230594057592248
60860 66974.664384 0.5951290938737293 -0.46246963337697145 0.06413552432399934 -0.6540870235288951
60860 67394.664384 0.47641151421220895 -0.5840623074390411 -0.08408180087345091 -0.6517925597280861
60860 67814.664384 0.3333105017372139 -0.6760369792171879 -0.2281915533052339 -0.616284615387023
60860 68234.664384 0.17273350424468004 -0.7336723595748291 -0.361040676363432 -0.5491244260805478
60860 68654.664384 0.002566656923045322 -0.7537034247297894 -0.4758074435457578 -0.4533561916300213
60860 69074.664384 -0.16851054567199558 -0.7346048575186888 -0.5663024208482972 -0.333558791592474
60860 69494.664384 -0.33141203130498953 -0.6769047853640866 -0.6274004030656118 -0.1957925210282774
60860 69914.664384 -0.47720526496855037 -0.5833857492388478 -0.6555090674510973 -0.04737156489621877
60860 70334.664384 -0.5978216211724389 -0.4590353237742091 -0.6489699762179365 0.10360429891638151
60860 70754.664384 -0.6867209309482849 -0.3107064742996117 -0.6082246482845196 0.24887472158698276
60860 71174.664384 -0.7393417153384854 -0.1465702848667377 -0.5357301581366704 0.38063654214655707
60860 71594.664384 0.7533039687981871 -0.024536392067198144 0.4356651505221634 -0.4920639924620836
60860 72014.664384 0.7283663658642758 -0.19369192704956648 0.3135347213025093 -0.577634705511408
60860 72434.664384 0.666236314472771 -0.3523582465840708 0.1757621912748513 -0.6333091594633705
60860 72854.664384 0.5703196019112737 -0.49274046100667546 0.029313472107899117 -0.6565691967459901
60860 73274.664384 0.44544729901769403 -0.6080082713254944 -0.11858754362160413 -0.6464051672870658
60860 73694.664384 0.29768123294437304 -0.6924600233150212 -0.26068480096054286 -0.6032648126746996
60860 74114.664384 0.13416626325742625 -0.7416848099789701 -0.38988287305489533 -0.529050471834643
60860 74534.664384 -0.037009963692879976 -0.7527862377791155 -0.4994766807229339 -0.4271606117279741
60860 74954.664384 -0.2070251645889421 -0.7246836117450822 -0.583477515437086 -0.3025363334781286
60860 75374.664384 -0.36677009267588984 -0.6584119345146712 -0.6370800654549693 -0.16156241458662204
60860 75794.664384 -0.5074429354286146 -0.5572794280319407 -0.6571166488455993 -0.011790512538185898
60860 76214.664384 -0.6212736697097774 -0.42675098282381174 -0.6424152464678842 0.13858310535510787
60860 76634.664384 -0.7021518193989246 -0.2740307695576207 -0.5939106647109338 0.2813540157755973
60860 77054.664384 -0.7460099158066497 -0.10750428796588843 -0.5145012189997057 0.4089016131478571
60860 77474.664384 0.7509744475439759 -0.0639278173829431 0.40871442284500564 -0.5146874137368693
60860 77894.664384 0.7172730500545033 -0.23139644044431182 0.2823062166157734 -0.5935303354297067
60860 78314.664384 0.6470270044827491 -0.38651052821607934 0.14185831250461148 -0.6417490835377577
60860 78734.664384 0.5439825981725219 -0.5216825917932506 -0.005580993216705955 -0.6571902759628024
60860 79154.664384 0.41326987628823536 -0.6303282779374535 -0.1527644386002022 -0.639184869724148
60860 79574.664384 0.2612102431603553 -0.7070249752979628 -0.29245865468577015 -0.5885174835741183
60860 79994.664384 0.09517957045049666 -0.7476834808431652 -0.41763522844571727 -0.5074357868777101
60860 80414.664384 -0.07654213583701526 -0.7497938185692621 -0.5217205044833817 -0.399697693611607
60860 80834.664384 -0.2450135114830721 -0.7127365054290393 -0.5989577339717768 -0.27060060224421145
60860 81254.664384 -0.401133072458059 -0.6380666576602166 -0.6448836485819146 -0.1268395772397371
60860 81674.664384 -0.5362705493376796 -0.5296117025251192 -0.6567782740017549 0.023825223205329756
60860 82094.664384 -0.6429888883239967 -0.3932873654743517 -0.6339675845501647 0.1731341658649281
60860 82514.664384 -0.7156283811556422 -0.23662202353915554 -0.5778697002162935 0.3129738769174218
60860 82934.664384 -0.750625379936141 -0.06817666924134931 -0.49180187289796123 0.4359408200443464
60860 83354.664384 0.7466044404069301 -0.10311177557781688 0.38061699385178144 -0.5357989131130053
60860 83774.664384 0.7042497422582776 -0.26845278865844685 0.25029835557225366 -0.6077138586444104
60860 84194.664384 0.6260770567918573 -0.4196173143859376 0.10756578474093548 -0.6483659694797727
60860 84614.664384 0.5161683943630664 -0.5492350781284407 -0.040466815991465795 -0.6559523263297511
60860 85034.664384 0.3799398093401882 -0.6509729277513077 -0.18653711323117592 -0.6301459307182834
60860 85454.664384 0.22396764549701134 -0.7196940272953412 -0.3234419681284394 -0.5720701828439754
60860 85874.664384 0.05585278635067187 -0.751644986392216 -0.44423067141708966 -0.4843236430948144
60860 86294.664384 -0.11593944988708808 -0.7447209054479449 -0.5424818710850273 -0.3710286195063129
60861 314.664384 -0.2823789344053073 -0.6987830265116572 -0.6126996530386295 -0.23783093665390692
60861 734.664384 -0.4344056651649831 -0.6159124766991674 -0.6507927451299064 -0.09171882034319298
60861 1154.664384 -0.5636037338752881 -0.5004476603458058 -0.6545057519365668 0.059373319750472116
60861 1574.664384 -0.6629031347335206 -0.3587277968434011 -0.6236649405785605 0.2071613951137906
60861 1994.664384 -0.7271107670003829 -0.19857513352929418 -0.5601604115287484 0.3436541316671182
60861 2414.664384 0.7531711848921067 0.028687053050823266 0.4677049305831761 -0.46169504777901355
60861 2834.664384 0.740197760495122 -0.14199212975399006 0.35145302602439954 -0.5553613966996848
60861 3254.664384 0.6893178233796803 -0.3047715083244169 0.21759332509866472 -0.6201680505776371
60861 3674.664384 0.6034287252534898 -0.45159902418793024 0.07296468064373295 -0.6531525474726525
60861 4094.664384 0.48693484723827674 -0.5753267294418336 -0.07526347397073414 -0.652862174138352
60861 4514.664384 0.3455323244374171 -0.6698802410717644 -0.2198247334494217 -0.6193100693145568
60861 4934.664384 0.18604570522205355 -0.7304188865975776 -0.3535530733443689 -0.5539634193687659
60861 5354.664384 0.016295249532243754 -0.7535406037164784 -0.4695931086963305 -0.459775309970211
60861 5774.664384 -0.15508245200953555 -0.7375662534258164 -0.561697235325206 -0.3412355062330628
60861 6194.664384 -0.318998470108995 -0.6828525784297357 -0.624661716900525 -0.2043283427204133
60861 6614.664384 -0.46647389198173883 -0.5920102920023885 -0.6547937496249213 -0.0563122341484645
60861 7034.664384 -0.5893477634514466 -0.4698760659552986 -0.6503152531784383 0.09474052902857062
60861 7454.664384 -0.680948020050731 -0.32318187724913816 -0.6115501430351187 0.2405611996154783
60861 7874.664384 -0.7365603931155293 -0.16001067638920083 -0.540847779854627 0.37330825032577103
60861 8294.664384 0.7536383745983599 -0.010840150752566108 0.4422933996545556 -0.4860948879451615
60861 8714.664384 0.7317750347577756 -0.18044772327199476 0.3213188740763364 -0.5733219853045279
60861 9134.664384 0.672524850476136 -0.34023996529390077 0.18429633554202837 -0.6308581078298324
60861 9554.664384 0.5791506586323361 -0.4823537693102938 0.03816602586756054 -0.6560965708699902
60861 9974.664384 0.45637006716327266 -0.5998708461257011 -0.10985951619493264 -0.6479291755024161
60861 10394.664384 0.3101502114204182 -0.6869822670117823 -0.25251770557051173 -0.6067099962425428
60861 10814.664384 0.14755981883363903 -0.7391540386000793 -0.3826901266996932 -0.5342524440875761
60861 11234.664384 -0.023369126419713608 -0.7533510757015744 -0.4936343155395143 -0.4338677254550001
60861 11654.664384 -0.19384560450047283 -0.7283378353275073 -0.5793027867891279 -0.31041288707886694
60861 12074.664384 -0.35475392297158176 -0.6649841158215506 -0.6348055119088231 -0.17019912423828967
60861 12494.664384 -0.4972380008976915 -0.5664299587227645 -0.6568727812855322 -0.02072731364176254
60861 12914.664384 -0.6134283371579505 -0.43798823405039045 -0.6442184279405577 0.12982526374650155
60861 13334.664384 -0.6970775138899497 -0.2867502076500442 -0.5976582149168299 0.27324332779427934
60861 13754.664384 -0.7439594650795956 -0.12102543330048511 -0.5199811517801232 0.4018665955342995
60861 14174.664384 0.7520317754268381 -0.05031845166526466 0.4156238403281214 -0.5090904492536394
60861 14594.664384 0.7213559819441457 -0.2184032819647517 0.29027332131379757 -0.5896498559941139
60861 15014.664384 0.6539017974615973 -0.3747928589707641 0.15046614290737445 -0.6397676859451332
60861 15434.664384 0.5532864257445773 -0.5118239978042487 0.00322934610951545 -0.657190914181086
60861 15854.664384 0.42453048112434943 -0.6228158415667977 -0.1441907920788901 -0.6411577914752594
60861 16274.664384 0.27386713787816064 -0.702234985424119 -0.28454526640162964 -0.5923654340061019
60861 16694.664384 0.10860451426535496 -0.7458686423150601 -0.4107791733447217 -0.5129770936781703
60861 17114.664384 -0.06302449114092938 -0.7510670918430639 -0.5162836910539405 -0.40666606376552855
60861 17534.664384 -0.2321045704181072 -0.717058602289165 -0.5952383322446826 -0.27864988264972224
60861 17954.664384 -0.3895232466784288 -0.6452328659814444 -0.6430954903913808 -0.13555212721583051
60861 18374.664384 -0.5265902165364844 -0.5392510809108151 -0.6570300995479447 0.014915222847616242
60861 18794.664384 -0.6357622617948651 -0.4048818171514548 -0.6362498066042983 0.16450910070146976
60861 19214.664384 -0.7112356620354342 -0.24954627673503468 -0.5820497748130405 0.30510416001226165
60861 19634.664384 -0.7492798321352137 -0.081738180756858 -0.4976402365354192 0.42924677977004927
60861 20054.664384 0.7483484662191034 -0.08962904521470609 0.38778849589525843 -0.53062349157638
60861 20474.664384 0.7089635634337677 -0.2557448656293319 0.2584165056169772 -0.6043063288202764
60861 20894.664384 0.6334985116558591 -0.4083244873999561 0.11620733955879814 -0.6468744877888142
60861 21314.664384 0.5259101820945821 -0.5399129312738302 -0.031735342814409206 -0.6564338314171473
60861 21734.664384 0.3915133580179629 -0.6440785005047983 -0.17814349105149896 -0.6325702113417715
60861 22154.664384 0.23680200080926814 -0.7155753509614416 -0.3157963206606108 -0.576324052392712
60861 22574.664384 0.06931478545907119 -0.7505267562764495 -0.4377198005166513 -0.49021059236370756
60861 22994.664384 -0.10252910530071709 -0.7466873403431216 -0.5374559663488415 -0.3782682679971753
60861 23414.664384 -0.26972044723530514 -0.7037624770053097 -0.609444011870296 -0.24606351354472794
60861 23834.664384 -0.4231825787169123 -0.6236660251494763 -0.6495029431051044 -0.10051428277894049
60861 24254.664384 -0.5544308543586202 -0.5105733509309547 -0.655264839973146 0.05049030153677238
60861 24674.664384 -0.6562793532557487 -0.37068324084007914 -0.6264331434332243 0.19867778501604436
60861 25094.664384 -0.7233834637583234 -0.2117144960413133 -0.5647776570404381 0.3360350199531241
60861 25514.664384 0.7525168518055302 0.04230763785607077 0.47390882856634264 -0.4553447855577245
60861 25934.664384 0.742625450280348 -0.12860857169412584 0.35890188809173723 -0.5505966859752188
60861 26354.664384 0.69467494982376 -0.2923127466954762 0.22588978519460537 -0.6172145308978378
60861 26774.664384 0.611419421917636 -0.44068662662274954 0.08168341563492515 -0.6521421679572463
60861 27194.664384 0.4971489586011072 -0.5664969379799938 -0.06655728329472806 -0.6538304522286731
60861 27614.664384 0.35746257334689985 -0.663568569758392 -0.21155752546486084 -0.622206296419603
60861 28034.664384 0.19910488910829796 -0.7269494137129369 -0.346132164402063 -0.5586540233471275
60861 28454.664384 0.029835524862551307 -0.7531105870053433 -0.46339848209940254 -0.46604305808005875
60861 28874.664384 -0.14175060602065573 -0.740227234097886 -0.5570668128275814 -0.34877926205365295
60861 29294.664384 -0.3065759116473359 -0.6884944891560806 -0.6218646826669972 -0.21276951203306196
60861 29714.664384 -0.45563533298594805 -0.6003587959081084 -0.6539985499003738 -0.06520472558610219
60861 30134.664384 -0.5806877445637298 -0.480496434120205 -0.6515746306704786 0.08588027001520951
60861 30554.664384 -0.6749352550876898 -0.335503454178551 -0.6147969274212233 0.232216648213256
60861 30974.664384 -0.7335072148465575 -0.17336873563097588 -0.5458972003981825 0.36593263570114865
60861 31394.664384 0.7536872966142213 0.002840629949120042 0.4488639678267249 -0.4800713781623393
60861 31814.664384 0.7348982779738138 -0.16716069949026663 0.32905291327840214 -0.5689516691600829
60861 32234.664384 0.6785355386268928 -0.328024700687873 0.19278559718203647 -0.6283494506069927
60861 32654.664384 0.587727449423962 -0.47181973193366045 0.046976946608834565 -0.6555575888043427
60861 33074.664384 0.46707585752855885 -0.5915370722526612 -0.10116439127926466 -0.6493764712413033
60861 33494.664384 0.3224543821301253 -0.6812634629481352 -0.24436467856819022 -0.6100730852654123
60861 33914.664384 0.16085585411902656 -0.7363489802881569 -0.37548551915773953 -0.5393757487383659
60861 34334.664384 -0.009746334669370008 -0.7536270420623545 -0.48775092043960105 -0.44051144144412496
60861 34754.664384 -0.18059792875204206 -0.731712079758731 -0.5750623576749275 -0.3182532093333524
60861 35174.664384 -0.3425848215020291 -0.6713078763064687 -0.6324546571905326 -0.17883646687218852
60861 35594.664384 -0.4868099019787147 -0.5753844909468045 -0.6565565980563817 -0.029702532922154683
60861 36014.664384 -0.6053110178147943 -0.4491004791118396 -0.645961383425082 0.12100091940596067
60861 36434.664384 -0.6917058419124136 -0.29942215138059086 -0.6013634551624953 0.26504980347452256
60861 36854.664384 -0.7416080537492512 -0.1345737310640259 -0.5254406295935914 0.3947398514136181
60861 37274.664384 0.7528038370619168 -0.03661289358814282 0.4225362351640549 -0.5033974661252725
60861 37694.664384 0.7251864939316596 -0.20525221109274444 0.2982663148324057 -0.5856733597295875
60861 38114.664384 0.6605725911624876 -0.3628641776230368 0.15912234487267737 -0.637693907580318
60861 38534.664384 0.5624455539245826 -0.5017107695630514 0.012111472003654384 -0.657110808631866
60861 38954.664384 0.43571610891062457 -0.6150182763155825 -0.13552277697826454 -0.6430688681266528
60861 39374.664384 0.2865261401320937 -0.6971459783742798 -0.27651991608459126 -0.5961769803222382
60861 39794.664384 0.12210920693714059 -0.7437601119135573 -0.40380240410748225 -0.5185111917254369
60861 40214.664384 -0.04935834888434571 -0.7520736349118717 -0.5107203981209214 -0.41365888846858273
60861 40634.664384 -0.2189887846294453 -0.7211575746027401 -0.5913948025162284 -0.28675399274709823
60861 41054.664384 -0.3776600042724922 -0.6522310569864352 -0.6411954114573685 -0.1443468524120793
60861 41474.664384 -0.5166255025471594 -0.5487876947350675 -0.6571874261082128 0.005902812086439016
60861 41894.664384 -0.6282355810134933 -0.41644709887959835 -0.638457408996814 0.1557690774206472
60861 42314.664384 -0.7065437217202821 -0.26251417996376947 -0.5861835668623206 0.2971045279967463
60861 42734.664384 -0.7476563475847782 -0.09541140980894068 -0.503470083240363 0.4224032718580691
60861 43154.664384 0.7498556298420069 -0.07597037238691468 0.3949951013445291 -0.5252845960310141
60861 43574.664384 0.7134982221862841 -0.24280437728654128 0.26661616329791754 -0.6007346691974795
60861 43994.664384 0.6408058878276207 -0.39675362816761794 0.12497764988831235 -0.6452402340909011
60861 44414.664384 0.5356108694306981 -0.5302869658495145 -0.022836412146374847 -0.656806842746091
60861 44834.664384 0.4031216691370426 -0.6368756363869859 -0.16955829960286825 -0.634927024692303
60861 45254.664384 0.24974401096493398 -0.711162141127117 -0.307953397682674 -0.5805523601453517
60861 45674.664384 0.08294452054141417 -0.7491438141333487 -0.4310194732375968 -0.49611084038537
60861 46094.664384 -0.08891009519703104 -0.7484327084579194 -0.5322517134668072 -0.3855536141628627
60861 46514.664384 -0.2568289761589207 -0.7085733064434973 -0.6060206881695892 -0.25436523329918315
60861 46934.664384 -0.4117123577951377 -0.6313049969028027 -0.6480583303284586 -0.10939531898674282
60861 47354.664384 -0.5450045220597765 -0.5206367091521167 -0.6558844998211483 0.041509166602221065
60861 47774.664384 -0.6494016872977418 -0.3826269691717524 -0.6290809688683953 0.19008204966510098
60861 48194.664384 -0.7194108824288562 -0.22488842617088997 -0.5693023277894349 0.32828042523252193
60861 48614.664384 -0.7516378821694979 -0.05600690807933904 -0.4800559863750744 0.4488317839465013
60861 49034.664384 0.744856017235952 -0.11509917840575856 0.36633441574915193 -0.5456562915933824
60861 49454.664384 0.699871443193787 -0.2796828094727917 0.2342139682763887 -0.6140857482074296
60861 49874.664384 0.6193006834175692 -0.4295689556687434 0.0904713530246999 -0.6509624490906346
60861 50294.664384 0.507309136513906 -0.557440627205023 -0.05774388822383104 -0.6546472565615619
60861 50714.664384 0.36939619388605066 -0.6570228421068478 -0.20315361965226805 -0.624976834542306
60861 51134.664384 0.21222336402485922 -0.7232506261225896 -0.3385582179848641 -0.5632478216648223
60861 51554.664384 0.04348244935996467 -0.7524668153156383 -0.4570434703628416 -0.47224382965274353
60861 51974.664384 -0.12827909507804217 -0.742699735617345 -0.5522718177809458 -0.3562827750043696
60861 52394.664384 -0.29399564053647426 -0.6939819021864969 -0.6188945581120125 -0.22119043542272845
60861 52814.664384 -0.4446276546367849 -0.608581969505834 -0.6530269309081207 -0.07409495686828245
60861 53234.664384 -0.5718501338284961 -0.4910123511059945 -0.6526598452235292 0.07700273978563045
60861 53654.664384 -0.6687371964795958 -0.34773901399078666 -0.6178732910835729 0.22383193775437907
60861 54074.664384 -0.7302622967176207 -0.18665786556694833 -0.5507834109691979 0.35848773119289934
60861 54494.664384 0.7535365446344022 0.01647700643136497 0.45528109210974854 -0.47395180274671506
60861 54914.664384 0.7378166272087472 -0.15388480305839633 0.3366501761303644 -0.5644579266104619
60861 55334.664384 0.6843458282613039 -0.3157815939044751 0.20116412461974129 -0.6256882348729855
60861 55754.664384 0.5961160949971606 -0.46121368587545225 0.05571501662030751 -0.6548460690647191
60861 56174.664384 0.47761862029000046 -0.5830879215015723 -0.09249701517569363 -0.6506406316353445
60861 56594.664384 0.33463513720382715 -0.6753919826982686 -0.23619621911686892 -0.6132506345128177
60861 57014.664384 0.17407583190566192 -0.7333633912869872 -0.3682263183801968 -0.5443207873290956
60861 57434.664384 0.003848702042868319 -0.7537057314294756 -0.48177825075732594 -0.44699281314150396
60861 57854.664384 -0.16733356531023919 -0.7348813503936339 -0.5707054148587659 -0.32595123594653974
60861 58274.664384 -0.3303610531735103 -0.6774252911710095 -0.6299648405643105 -0.1873522059671169
60861 58694.664384 -0.476293141623255 -0.5841348208160192 -0.6560816369032666 -0.03857771469666379
60861 59114.664384 -0.5970732199097164 -0.4600094527445119 -0.6475296328720721 0.1122508262993971
60861 59534.664384 -0.686181085442789 -0.31189542964565353 -0.6048797652432987 0.25689925758149046
60861 59954.664384 -0.7390677574285426 -0.14793983481861786 -0.5306962396793288 0.3876263102442937
60861 60374.664384 0.7533509960941701 -0.023061864363439762 0.4292340077512823 -0.49768322624514494
60861 60794.664384 0.728760877258336 -0.19221626059352456 0.3060439372502553 -0.5816335628327037
60861 61214.664384 0.6669628488258337 -0.35099777600090576 0.16757606087710725 -0.6355150535978343
60861 61634.664384 0.5713134340234256 -0.49159780204271464 0.020818154604337225 -0.6568859608562225
60861 62054.664384 0.4466184869222496 -0.6071551635488089 -0.12699251283558494 -0.6448003072262011
60861 62474.664384 0.2989304402460126 -0.6919270224713484 -0.26858863511960895 -0.5997814039738516
60861 62894.664384 0.13540363709514225 -0.741464526697543 -0.3968684569203223 -0.5238240531058856
60861 63314.664384 -0.03584514858288702 -0.7528476777509755 -0.5051473504400797 -0.4204303197575091
60861 63734.664384 -0.2059622222205727 -0.7249937915859495 -0.5874911272454499 -0.29464850345396804
60861 64154.664384 -0.3658195683303207 -0.6589512092097607 -0.6391903549517284 -0.1529543639269428
60861 64574.664384 -0.5066162595612332 -0.5580429332011839 -0.6572056810014546 -0.002956875347137076
60861 64994.664384 -0.6206012436588756 -0.42773900219767447 -0.6405026927540634 0.1471385161770657
60861 65414.664384 -0.701686645917924 -0.27523333635358527 -0.5901375847265375 0.2891713896519793
60861 65834.664384 -0.74581426767826 -0.10888047759258503 -0.5091060813109374 0.41559248994534626
60861 66254.664384 0.7510993083077113 -0.062460315523830245 0.4020013772483598 -0.5199456036305748
60861 66674.664384 0.7177358215976007 -0.22994992216461138 0.27461735953946004 -0.5971294914268438
60861 67094.664384 0.6477995407013994 -0.3852034558542218 0.13355868186895847 -0.6435340947940883
60861 67514.664384 0.5449967625850651 -0.5206138891391878 -0.014108586843236043 -0.6570697489494205
60861 67934.664384 0.41443107644024496 -0.6295585252321174 -0.16111897606453962 -0.637137050986721
60861 68354.664384 0.26241881483928003 -0.706570769788468 -0.3002214425316541 -0.5846034539267554
60861 68774.664384 0.09635463974248011 -0.747526535092721 -0.4243847154188767 -0.5018141847847735
60861 69194.664384 -0.07544677413532166 -0.7498986597423202 -0.5270649525994766 -0.39263509793516554
60861 69614.664384 -0.2440149944258344 -0.713072574735076 -0.6025723063199422 -0.2624705722787133
60861 70034.664384 -0.40023663379592067 -0.6386230295393528 -0.6465474608719836 -0.11810014373268117
60861 70454.664384 -0.5354909222692333 -0.5303934366935645 -0.6564029116771377 0.03267249640617386
60861 70874.664384 -0.642363696589263 -0.3942972621163503 -0.631603753370759 0.1815908839113266
60861 71294.664384 -0.7152166916005712 -0.23784388827169384 -0.573685908807626 0.3205929614063658
60861 71714.664384 -0.7504903589097663 -0.06955991455283667 -0.486055225028625 0.44235275255531636
60861 72134.664384 0.7467926760958431 -0.10165675797874707 0.37362401056608113 -0.5407140660417263
60861 72554.664384 0.7047697924582748 -0.26703851509880566 0.24241090411645397 -0.6109230104175064
60861 72974.664384 0.6268968013108881 -0.41835803130146326 0.09915653657952984 -0.64972681905959
60861 73394.664384 0.5172182434071873 -0.5482224133403042 -0.04900776097556162 -0.6553897417279877
60861 73814.664384 0.38112527513422717 -0.6502600839077475 -0.19480164450325513 -0.6276604712971625
60861 74234.664384 0.22519236561763387 -0.7192935614349224 -0.33100929191517264 -0.5677482008880481
60861 74654.664384 0.05704146595517671 -0.7515377569077191 -0.45068780738565883 -0.4783490058291183
60861 75074.664384 -0.11482949260777303 -0.7448738637365386 -0.547453012519072 -0.3636926089892875
60861 75494.664384 -0.28136682032200355 -0.6991702639882754 -0.6158826093752653 -0.22952617681991078
60861 75914.664384 -0.4335001697337201 -0.6165239776375214 -0.6519975182409721 -0.08291576476435711
60861 76334.664384 -0.5628256432462126 -0.5012892820995307 -0.6536733836431491 0.06817227055878552
60861 76754.664384 -0.6622958096862003 -0.35980128175567144 -0.6208708513087324 0.21546852232807978
60861 77174.664384 -0.7267356568001487 -0.19985717710297268 -0.5555968123130345 0.35103358250070915
60861 77594.664384 0.753091594719724 0.030117426751313892 0.4616472811550661 -0.46779031453260944
60861 78014.664384 0.7404564848911038 -0.14050916835989885 0.3442303893072028 -0.5598989254025512
60861 78434.664384 0.6899191154149804 -0.30335137020630376 0.20956583371302362 -0.6229540285760533
60861 78854.664384 0.6043307545584784 -0.45035445560535603 0.06451161293871088 -0.6540668583617653
60861 79274.664384 0.48805869760141907 -0.5743457124421972 -0.08374753602087433 -0.6518527905173866
60861 79694.664384 0.34677885394399344 -0.6692116117447683 -0.22793110336941877 -0.6163989432827244
60861 80114.664384 0.1873189346051364 -0.7300705108270539 -0.3608674064992376 -0.5492571172826395
60861 80534.664384 0.017519837980613327 -0.7534905669778973 -0.47571180125664014 -0.4534791096595551
60861 80954.664384 -0.15394754661947027 -0.7377795875567884 -0.5662607951041088 -0.33366172241125264
60861 81374.664384 -0.31797257716391103 -0.683304251549199 -0.6273894013927809 -0.1958858826116307
60861 81794.664384 -0.4655689962063993 -0.5926927687131264 -0.6555199932642829 -0.04747978640778213
60861 82214.664384 -0.5885876360483177 -0.4707911857394013 -0.6490120278562815 0.10345840622694259
60861 82634.664384 -0.6803789054239814 -0.3243244509988206 -0.6083210057328601 0.24868403552005558
60861 83054.664384 -0.7362438056554858 -0.16135043872498864 -0.5359076433413336 0.3804130549357094
60861 83474.664384 0.7536349186343501 -0.009371034474050573 0.43593475198978693 -0.49184091445861433
60861 83894.664384 0.7321209210701448 -0.17895000243984366 0.3138816018911045 -0.5774549277237635
60861 84314.664384 0.6732147863555505 -0.33883033737159873 0.1761473349142955 -0.6332045248665633
60861 84734.664384 0.5801337600976914 -0.4811433650016861 0.029688025159508153 -0.6565550272992333
60861 85154.664384 0.45755883744606735 -0.5989424683726615 -0.11826920255484998 -0.6464674976993866
60861 85574.664384 0.31144235532633346 -0.6863775845151652 -0.2604510610790861 -0.6033694685403723
60861 85994.664384 0.14886087476603746 -0.7388737428968268 -0.38973762228768694 -0.5291602949910965
60862 14.664384 -0.022131815208540954 -0.7533692981418976 -0.49940010473321156 -0.42725217233528145
60862 434.664384 -0.19271119416376295 -0.7286199630474255 -0.5834411646652375 -0.3026082491717896
60862 854.664384 -0.3537382634813585 -0.6655044058536185 -0.6370618925206556 -0.16163313966082504
60862 1274.664384 -0.49635382392797067 -0.5671807600830041 -0.6571130268687387 -0.011888514757994476
60862 1694.664384 -0.6127029422195936 -0.43897019187628517 -0.6424456536494634 0.1384335846045476
60862 2114.664384 -0.6965605248025564 -0.2879535034237035 -0.5940031235702098 0.2811521017912485
60862 2534.664384 -0.7437131800478408 -0.12241082567326929 -0.514679994068969 0.4086695477843712
60862 2954.664384 0.7521117309312748 -0.048825580292302106 0.408982977717873 -0.5144676188466126
60862 3374.664384 0.7217901405444193 -0.21690838089736256 0.2826411348172764 -0.5933664434550999
60862 3794.664384 0.6546755139529006 -0.3734135465217867 0.14221436206409585 -0.6416676475615932
60862 4214.664384 0.5543380931498714 -0.5106668127159701 -0.005255030704075608 -0.6571918057354155
60862 4634.664384 0.42576718796051227 -0.6219561953587299 -0.15250925127817794 -0.6392446487735823
60862 5054.664384 0.27518498629356847 -0.7017059315648531 -0.29229094249705667 -0.5885983468032276
60862 5474.664384 0.10991064886509654 -0.7456633509686676 -0.41754552137833234 -0.5075052254559825
60862 5894.664384 -0.061798817985557475 -0.751156206172339 -0.521682155215046 -0.399741152440615
60862 6314.664384 -0.23099475932320696 -0.7174073192577495 -0.5989396610035168 -0.27062786611436657
60862 6734.664384 -0.3885410011047558 -0.6458158341391279 -0.6448717533274796 -0.12687876337685106
60862 7154.664384 -0.5257480837872521 -0.5400631546097793 -0.6567777449480385 0.023743107798590703
60862 7574.664384 -0.6350899658879599 -0.405925033026303 -0.6340031401446324 0.17299023405316982
60862 7994.664384 -0.7107860341178536 -0.2508054712170254 -0.5779714990405288 0.3127759191617273
60862 8414.664384 -0.7491174269196177 -0.08316616817279741 -0.49198929309275646 0.4357212464854968
60862 8834.664384 0.7485258031659251 -0.08811510527308034 0.38088550173242997 -0.5356034771989029
60862 9254.664384 0.7094990616194837 -0.2542562381344435 0.2506169234778808 -0.6075820970019403
60862 9674.664384 0.6343623059229885 -0.4069800989643372 0.10788587118361534 -0.6483149718076852
60862 10094.664384 0.5270301250483007 -0.5388171245120974 -0.040193894609736915 -0.6559724113559875
60862 10514.664384 0.39278932093762425 -0.6432987624740796 -0.18634440137326266 -0.6302055344358046
60862 10934.664384 0.23812663162458525 -0.7151329188303156 -0.32333381094487895 -0.572132731467291
60862 11354.664384 0.07059737986995575 -0.7504037109050864 -0.4441886044313133 -0.4843622242792422
60862 11774.664384 -0.10134784387214985 -0.7468457702124203 -0.5424770335657406 -0.37103730016266206
60862 12194.664384 -0.2686678024330899 -0.7041665140218082 -0.6127031529527485 -0.2378276241901047
60862 12614.664384 -0.4222649670687051 -0.6242956739108817 -0.6507931454834827 -0.09173598483876469
60862 13034.664384 -0.5536591162775405 -0.5114251877915547 -0.6545141113331508 0.05930546619765845
60862 13454.664384 -0.6556848939004619 -0.3717544876618369 -0.6237109213983885 0.2070280351604547
60862 13874.664384 -0.7230202818726296 -0.2129861231107643 -0.5602736315658575 0.34347058263419794
60862 14294.664384 0.7524473586444319 0.04372422105911604 0.46789966232677577 -0.461498722594419
60862 14714.664384 0.7428912207867133 -0.1271352374552563 0.35171787205531496 -0.555197085684087
60862 15134.664384 0.695280693057869 -0.2908954439701946 0.217891719507871 -0.6200708000771009
60862 15554.664384 0.6123276824520604 -0.43944259019681425 0.07324673791047485 -0.6531308709665143
60862 15974.664384 0.49827852430264674 -0.565518978442956 -0.07504247610144375 -0.6528977132906629
60862 16394.664384 0.35870955739341503 -0.6629083181693979 -0.21968760954728014 -0.6193685246667303
60862 16814.664384 0.20036771640920195 -0.7266135543647587 -0.353494028251103 -0.5540103724888027
60862 17234.664384 0.031036827546467787 -0.7530713873548766 -0.4695882985126116 -0.4597902030092446
60862 17654.664384 -0.14065398413735006 -0.740443766935807 -0.5617181765950768 -0.3412215919822547
60862 18074.664384 -0.3056034484082284 -0.6889379409121139 -0.624682699038253 -0.20430998853472448
60862 18494.664384 -0.45479172690001074 -0.6010137412185623 -0.6548088845816713 -0.05632310966805892
60862 18914.664384 -0.579987311557293 -0.48135825940478616 -0.6503430053555332 0.09467269891827812
60862 19334.664384 -0.6744150835748342 -0.3365686056070841 -0.6116192340364399 0.24043248807748754
60862 19754.664384 -0.7332210646929528 -0.17461290718698808 -0.5409820469614777 0.37314290533200645
60862 20174.664384 0.7536881494647735 0.004204467326383996 0.442499150586112 -0.4859331204409059
60862 20594.664384 0.7352185548539906 -0.16576994571123232 0.3215775501617869 -0.5732031759587941
60862 21014.664384 0.6791728522987386 -0.3267187107000783 0.1845673743811545 -0.6308042525957803
60862 21434.664384 0.588633357343163 -0.470702770868807 0.03840262561625819 -0.6561058683361406
60862 21854.664384 0.4681665925067884 -0.5906854520231805 -0.10969141296742028 -0.6479803487374942
60862 22274.664384 0.32363191828943144 -0.6807141240491098 -0.2524294255241935 -0.6067701771790384
60862 22694.664384 0.16203063045289678 -0.7360992848179139 -0.3826694904012659 -0.5342920351283816
60862 23114.664384 -0.008637190048892617 -0.7536468956268055 -0.4936547136591916 -0.4338741515027138
60862 23534.664384 -0.17958473890274843 -0.731964177631262 -0.5793367732743995 -0.31039759559286084
60862 23954.664384 -0.34167829833115226 -0.6717676311018652 -0.6348378415222443 -0.17019137823254787
60862 24374.664384 -0.48601675095625957 -0.5760471178974923 -0.6569067372130243 -0.02075992187010006
60862 24794.664384 -0.6046534963654951 -0.44997096489241784 -0.6442744694632091 0.12973314181298892
60862 25214.664384 -0.691229189256192 -0.30049668230547594 -0.5977635664220808 0.27309827993230545
60862 25634.664384 -0.7413689844262014 -0.13582344354742787 -0.5201567162183662 0.40169766203789076
60862 26054.664384 0.7528555151631906 -0.035255911867621725 0.41587115276520775 -0.5089369099058217
60862 26474.664384 0.7255589026670003 -0.20388884179467892 0.2905684261272162 -0.5895452558457537
60862 26894.664384 0.6612501327500997 -0.361603657588646 0.15076683298065127 -0.6397346472010667
60862 27314.664384 0.5633713477860889 -0.5006520276492641 0.0034902490864897992 -0.6572275784427191
60862 27734.664384 0.43680377727915465 -0.61422977212196 -0.1440035251952391 -0.6412388259650316
60862 28154.664384 0.28767981607848003 -0.6966554224109117 -0.2844423591402719 -0.5924559816334397
60862 28574.664384 0.1232460889037342 -0.7435580478537792 -0.410747611534032 -0.513047980856467
60862 28994.664384 -0.048292604021048555 -0.752129137852719 -0.5162935991971789 -0.406706901610748
60862 29414.664384 -0.21801595024940984 -0.721436756117042 -0.5952636851279689 -0.27867399865799597
60862 29834.664384 -0.376783583420376 -0.6527155014278527 -0.6431267059021716 -0.13558999084043438
60862 30254.664384 -0.515854205524064 -0.5494844748442218 -0.657070137881318 0.0148352436087894
60862 30674.664384 -0.6275989289675749 -0.4173672482315015 -0.6363224542867976 0.1643712220336746
60862 31094.664384 -0.7060964026205365 -0.26365162360758615 -0.5821875674971919 0.304915279753448
60862 31514.664384 -0.7474632925967001 -0.09672811586070476 -0.4978653214912409 0.4290366178765646
60862 31934.664384 0.7499733765051523 -0.07455550008069979 0.38809897651834474 -0.5304343468956276
60862 32354.664384 0.7139472655240815 -0.2413996210336782 0.2587818431062081 -0.6041833187816733
60862 32774.664384 0.6415635781762721 -0.3954762019176124 0.11657835662568192 -0.6468417392538407
60862 33194.664384 0.5366097154659771 -0.529236630831686 -0.03141133840126249 -0.6564845235596116
60862 33614.664384 0.40426678372226693 -0.6361155522886145 -0.17790471632703023 -0.6326731254162798
60862 34034.664384 0.2509352617446505 -0.7107116741365557 -0.31565381223975847 -0.5764400068330316
60862 34454.664384 0.08410108691478684 -0.748986013968514 -0.43765799362495356 -0.490308513770145
60862 34874.664384 -0.08783496274772458 -0.7485323887373191 -0.5374430089726965 -0.37833754034814326
60862 35294.664384 -0.2558516063749228 -0.7088993696075381 -0.609448691466825 -0.24611771930273776
60862 35714.664384 -0.4108354002832319 -0.6318471955327787 -0.6495124997570155 -0.1005828416325176
60862 36134.664384 -0.5442398391722987 -0.5214026621707951 -0.6552894536499954 0.05037850011670284
60862 36554.664384 -0.6487855050836691 -0.3836251824739271 -0.6265012249356842 0.19850768982400088
60862 36974.664384 -0.7190033143259554 -0.2261085272620621 -0.5649216370383529 0.3358164854404563
60862 37394.664384 0.751508874062287 0.05739640481833415 0.4741473881188118 -0.45510912895664135
60862 37814.664384 0.7450567954858042 -0.1136299904594961 0.35922514602530653 -0.5503961221081564
60862 38234.664384 0.7004161009131311 -0.27825067097208783 0.2262612425276542 -0.617089701595377
60862 38654.664384 0.6201534669858719 -0.428293082805586 0.08204998240760954 -0.6521062129693304
60862 39074.664384 0.5083929726072622 -0.5564176752455895 -0.0662454357959376 -0.6538711633908102
60862 39494.664384 0.37060886693806766 -0.6563090935214778 -0.21133124866693664 -0.6222913665195517
60862 39914.664384 0.21346407481033042 -0.7228572054298704 -0.34599671075598926 -0.5587457610304746
60862 40334.664384 0.044673944828919725 -0.7523703048319479 -0.46333568239234124 -0.46611501636669905
60862 40754.664384 -0.12717877619324117 -0.7428631178099658 -0.5570459026161577 -0.34882633137737235
60862 41174.664384 -0.2930017012821627 -0.6943768158974631 -0.6218551391994923 -0.21280748680682968
60862 41594.664384 -0.4437447269355803 -0.6091998892562819 -0.6539930195743332 -0.06526287302170308
60862 42014.664384 -0.5710950823665646 -0.49186009170695766 -0.651587766798898 0.0857755165579017
60862 42434.664384 -0.6681520444435389 -0.3488203387678541 -0.6148549058463799 0.23205745306806683
60862 42854.664384 -0.729910094837456 -0.1879511784549283 -0.5460270229167311 0.36573227669494973
60862 43274.664384 0.7534842074336187 0.017920178329030086 0.4490752020299469 -0.479866522356529
60862 43694.664384 0.7381079924665661 -0.15239008447556793 0.3293302742083519 -0.568784163018237
60862 44114.664384 0.6849824584118814 -0.3143553882309301 0.1930916634127599 -0.6282478261631231
60862 44534.664384 0.597052430778376 -0.4599739861043297 0.047265376042466334 -0.65552903157411
60862 44954.664384 0.4787679309926331 -0.5821244597243689 -0.10093339630625803 -0.6494034425176147
60862 45374.664384 0.33588960041140165 -0.6747507301301955 -0.24421164807096765 -0.6101231838495393
60862 45794.664384 0.175336648358101 -0.7330456904593209 -0.3754072863416636 -0.5394167635540758
60862 46214.664384 0.005044965468700801 -0.7536815590742255 -0.4877250578719421 -0.44052573563717595
60862 46634.664384 -0.1662389773984696 -0.7351139950358957 -0.5750584958679518 -0.3182447847584704
60862 47054.664384 -0.3293803758412389 -0.6778896359395312 -0.6324515573283005 -0.17882739479582396
60862 47474.664384 -0.47543246810435147 -0.5848248656975279 -0.6565519068260129 -0.029722691284603243
60862 47894.664384 -0.5963538974798595 -0.4609326376585863 -0.6459716100605658 0.12092895227132414
60862 48314.664384 -0.685650758913771 -0.31304794441666256 -0.6014149950475879 0.2649226774539732
60862 48734.664384 -0.7387917851052551 -0.1492861535292864 -0.5255558264988106 0.39457751565259386
60862 49154.664384 0.7533892185604173 -0.021592772735466496 0.42271839922595167 -0.5032371135740759
60862 49574.664384 0.7291457092666812 -0.19072933340537823 0.29849595001953383 -0.5855501890177002
60862 49994.664384 0.6676849045942321 -0.34961413817386905 0.1593614448800234 -0.6376290084772532
60862 50414.664384 0.5723163333253066 -0.49042888667123075 0.012317337257545607 -0.6571010614284363
60862 50834.664384 0.44780702113215104 -0.606278720116055 -0.13538082927198627 -0.6430917636113969
60862 51254.664384 0.30019763927741017 -0.6913770091485342 -0.2764527334206028 -0.5961988718350402
60862 51674.664384 0.13665664554492932 -0.7412329284897439 -0.4037964525857464 -0.5185047076257773
60862 52094.664384 -0.034670391412416235 -0.7529006882982023 -0.5107457048332092 -0.4136149689189589
60862 52514.664384 -0.2048950363856107 -0.725292881269619 -0.5914214199286307 -0.28668617771660326
60862 52934.664384 -0.3648696068600615 -0.6594738079570385 -0.6412068839131154 -0.14428512962485024
60862 53354.664384 -0.5057935270055646 -0.5587864444132885 -0.6571875795819355 0.0059247634942773434
60862 53774.664384 -0.61993283118251 -0.42870705783673835 -0.6384682646010676 0.15572995370289583
60862 54194.664384 -0.7012231083906231 -0.2764109583176813 -0.5862344490111034 0.29700556421309954
60862 54614.664384 -0.7456164850243264 -0.11022278810355647 -0.5035792694146592 0.42227350575005895
60862 55034.664384 0.7512182551793111 -0.06103423006004564 0.39516184318014697 -0.5251600456439904
60862 55454.664384 0.7181905323123832 -0.22854523501591054 0.2668165030862639 -0.6006483068561798
60862 55874.664384 0.6485656678701033 -0.38393158550299133 0.12517243247119167 -0.6452061486553047
60862 56294.664384 0.5460063321878937 -0.5195697699282787 -0.022684907973855688 -0.6568178852144761
60862 56714.664384 0.4155920016913423 -0.628803675925349 -0.1694758145262474 -0.6349544657403529
60862 57134.664384 0.26363491720107984 -0.7061269124426134 -0.3079430629297446 -0.580562213677474
60862 57554.664384 0.09754381408097798 -0.747380379231491 -0.4310585567494933 -0.4960809346541873
60862 57974.664384 -0.07433639127673679 -0.75001706911072 -0.5323085367203632 -0.3854816710417539
60862 58394.664384 -0.24300807379982123 -0.7134243073460665 -0.6060681618677131 -0.2542719349951492
60862 58814.664384 -0.3993414485163008 -0.6391893298928328 -0.6480845487287705 -0.109315258528167
60862 59234.664384 -0.5347217652181612 -0.5311719868579085 -0.6558987786765634 0.041542102859488735
60862 59654.664384 -0.6417541334061638 -0.39528862104735085 -0.6291105771673163 0.19004846756233945
60862 60074.664384 -0.7148194749135285 -0.23903266537398213 -0.5693737976226255 0.3281919891608367
60862 60494.664384 -0.7503649128314418 -0.07089341984682686 -0.4801849595272494 0.4487193167868955
60862 60914.664384 0.7469821059799204 -0.10026704608701388 0.36651559540016454 -0.5455552869721367
60862 61334.664384 0.7052806467538673 -0.26570174984259987 0.23441897689920102 -0.6140273061636259
60862 61754.664384 0.6276884368470352 -0.41718147374119713 0.09066027802299613 -0.6509589527800056
60862 62174.664384 0.5182126522814273 -0.5472892787349132 -0.05760926144767023 -0.6546840958758056
60862 62594.664384 0.38223047152698786 -0.6496160883675565 -0.20309614131153075 -0.6250206090639397
60862 63014.664384 0.22631819145086898 -0.7189440723630616 -0.33857324487264595 -0.5632651727994836
60862 63434.664384 0.05811960002810074 -0.7514589408136005 -0.45710356310240824 -0.4722159516184919
60862 63854.664384 -0.11383347097306368 -0.7450319854680147 -0.5523421423608359 -0.3562126321286971
60862 64274.664384 -0.28046342181460476 -0.6995413533193833 -0.6189470099150257 -0.2211035118160222
60862 64694.664384 -0.43269230000882036 -0.6171023848560937 -0.6530556005284965 -0.07402974224163877
60862 65114.664384 -0.5621303532036978 -0.5020799946303043 -0.652682472970049 0.07701126201290706
60862 65534.664384 -0.6617551499908582 -0.36080570278946494 -0.6179208671232601 0.22377034716158298
60862 65954.664384 -0.7264088075083082 -0.20105874282907463 -0.5508862726033393 0.3583712334487088
60862 66374.664384 0.7530395127758465 0.031456325484174506 0.4554549120739521 -0.47381728002792195
60862 66794.664384 0.740716228392843 -0.1391298330213604 0.33688430768909633 -0.5643503537624197
60862 67214.664384 0.6904856889843869 -0.3020474414138882 0.20142267010689216 -0.6256402835576451
60862 67634.664384 0.6051557354793945 -0.4492334885510995 0.05594869959473785 -0.6548630021571382
60862 68054.664384 0.48906103077751123 -0.573483741552929 -0.09233311124233948 -0.6506998562452593
60862 68474.664384 0.34786256660610293 -0.6686417026501074 -0.23612219470177356 -0.6133157566870412
60862 68894.664384 0.18839715912842478 -0.7297858296318417 -0.3682332383861855 -0.5443559822841358
60862 69314.664384 0.018536597536090653 -0.753459211981569 -0.48183604143552033 -0.44697834355329297
60862 69734.664384 -0.15301251388500972 -0.7379670485170928 -0.5707763937186194 -0.3258927956723317
60862 70154.664384 -0.3171206765592933 -0.6836922670305319 -0.6300209109645343 -0.187277901121959
60862 70574.664384 -0.4648029820050514 -0.593285582509228 -0.656114450367489 -0.038525751451018164
60862 70994.664384 -0.587930410916465 -0.4716015173608677 -0.6475570724675745 0.11224829014175797
60862 71414.664384 -0.6798808920089757 -0.3253502760522467 -0.6049352862776926 0.2568315984646994
60862 71834.664384 -0.7359681245759289 -0.16256482369294284 -0.5308122313414756 0.38750738414145897
60862 72254.664384 0.7536393753946438 -0.008035922642507687 0.4294228871222624 -0.49755311255948903
60862 72674.664384 0.7324358421224509 -0.1775952644185284 0.3062919483451236 -0.5815349530418936
60862 73094.664384 0.6738273246830296 -0.3375678503988711 0.16784650312423025 -0.635477957349084
60862 73514.664384 0.5809942522335989 -0.480074200594734 0.02106114822828645 -0.6569100918924556
60862 73934.664384 0.458585453064518 -0.5981344264064952 -0.12681630695938234 -0.6448660438216355
60862 74354.664384 0.31254219342798867 -0.6858578993815911 -0.2684952911353704 -0.599855480779517
60862 74774.664384 0.14995308355472992 -0.7386340535004794 -0.39685180701336253 -0.5238725522606695
60862 75194.664384 -0.021098425686198165 -0.7533797614886285 -0.505181344442765 -0.4204350135751083
60862 75614.664384 -0.19175756555606502 -0.7288511719701015 -0.5875431230146901 -0.2946151451775104
60862 76034.664384 -0.35286907664811007 -0.665942104377177 -0.6392365538888808 -0.15290898121259983
60862 76454.664384 -0.4955778972677738 -0.5678288603479372 -0.6572399356774303 -0.002932583560933513
60862 76874.664384 -0.6120498189720526 -0.4398418617704187 -0.6405393094605242 0.1471174658782723
60862 77294.664384 -0.6960848962474516 -0.28904144465473 -0.5902062267534561 0.2890976831272244
60862 77714.664384 -0.7434794756488359 -0.12367708807835676 -0.509233264880002 0.4154801187939612
60862 78134.664384 0.752175035284564 -0.04745732929873368 0.40219447231571687 -0.5198270141394908
60862 78554.664384 0.7221748960963384 -0.21554207184400725 0.2748598748842223 -0.5970402699082075
60862 78974.664384 0.6553629026648251 -0.37216038757919295 0.13381498152684537 -0.6434979894658647
60862 79394.664384 0.555268288877541 -0.5096233566737104 -0.01387982392672973 -0.657090946663695
60862 79814.664384 0.4268528458647084 -0.6211856612983186 -0.1609498219887987 -0.6371971256811694
60862 80234.664384 0.27633290939521216 -0.7012311597368805 -0.30012641872569157 -0.5846700920879551
60862 80654.664384 0.11104189851493632 -0.7454728950149133 -0.4243574600125305 -0.5018571566730882
60862 81074.664384 -0.060734444491345116 -0.7512198250881919 -0.5270801204739323 -0.3926406095247652
60862 81494.664384 -0.23001835248831262 -0.7176952508737593 -0.6025999346201454 -0.26244695309264005
60862 81914.664384 -0.3876604072240855 -0.6463173284224316 -0.6465692828453604 -0.1180740535959655
60862 82334.664384 -0.5249762124932846 -0.5407815055517166 -0.6564206900024561 0.03266829206009728
60862 82754.664384 -0.6344600819790347 -0.40686644533047045 -0.6316368855893562 0.18153496853852288
60862 83174.664384 -0.7103537056438303 -0.2519572462252876 -0.5737638564660045 0.32048431469559696
60862 83594.664384 -0.7489464252846832 -0.0844818021002285 -0.48620081242027025 0.442211315062224
60862 84014.664384 0.7486665269078923 -0.08671817211680138 0.3738378655721203 -0.5405771363800693
60862 84434.664384 0.7099677984095981 -0.25288494277485335 0.2426679436457948 -0.6108250159136485
60862 84854.664384 0.6351311288983666 -0.4057457097327309 0.09941514129524855 -0.6496887699652926
60862 85274.664384 0.5280306724955068 -0.5378126022844931 -0.04879035185300801 -0.6554088153923353
60862 85694.664384 0.3939283323086004 -0.6425812770773336 -0.19465531762796093 -0.6277093903020613
60862 86114.664384 0.2393109258736286 -0.714718251116019 -0.3309417639942841 -0.567790147082104
60863 134.664384 0.07175002161715352 -0.7502752178924722 -0.45068162029972764 -0.47835667544035965
60863 554.664384 -0.10027377389303234 -0.7469722184709494 -0.5474751937473298 -0.363659988633835
60863 974.664384 -0.26769143517817323 -0.704519282143497 -0.6159032889745355 -0.229471164311796
60863 1394.664384 -0.42139331318444534 -0.624862990908997 -0.6520017530818162 -0.08287117818600886
60863 1814.664384 -0.5529081467540021 -0.512209887047102 -0.6536713542350863 0.06817164745492366
60863 2234.664384 -0.6550923666322358 -0.3727598293772716 -0.6208909195680833 0.21540326548291605
60863 2654.664384 -0.7226435291697063 -0.21419342636975253 -0.5556694082732916 0.3509116905410067
60863 3074.664384 0.752348522900593 0.045079390537101145 0.4617895957327566 -0.4676429384809279
60863 3494.664384 0.7431144089083311 -0.12572103073839438 0.344434588075292 -0.5597678199399294
60863 3914.664384 0.6958340911257357 -0.2895328608086417 0.2097993370579881 -0.6228722808965044
60863 4334.664384 0.6131727203823933 -0.43824184746627176 0.06472883529117765 -0.6540439404123028
60863 4754.664384 0.499338118348005 -0.5645676508660368 -0.08358757315140262 -0.6518726323254701
60863 5174.664384 0.35988680883242347 -0.6622559711574415 -0.2278496945942009 -0.6164276357919541
60863 5594.664384 0.20156897177102234 -0.7262676711995003 -0.3608581137665537 -0.5492600851313266
60863 6014.664384 0.032187671907127145 -0.7530094454187747 -0.47574767728471706 -0.4534367391880651
60863 6434.664384 -0.13959642933806982 -0.7406330989981348 -0.5663041437223701 -0.33357917559007405
60863 6854.664384 -0.30465343060118494 -0.6893501457965424 -0.6274139912582006 -0.19579159146058656
60863 7274.664384 -0.45395394138985956 -0.6016387798135571 -0.6555216112727964 -0.047413235234298995
60863 7694.664384 -0.5792792633682504 -0.48220254784640804 -0.6490078675228761 0.10346509447817935
60863 8114.664384 -0.673878360718747 -0.3376309131569039 -0.6083432582487183 0.24861979321683683
60863 8534.664384 -0.7329158737138143 -0.17586787524902905 -0.5359854065535127 0.3802952227879991
60863 8954.664384 0.7536762532844264 0.005589301568434756 0.4360783006819574 -0.49170782037452165
60863 9374.664384 0.7355372335597581 -0.16435116494337285 0.31407505349996345 -0.5773478443694141
60863 9794.664384 0.6798164566688107 -0.32537937287558755 0.1763523939384653 -0.6331490204537354
60863 10214.664384 0.5895505342431284 -0.4695524249314982 0.029859356478959563 -0.6565509170241514
60863 10634.664384 0.4692721234881722 -0.5898059239814322 -0.11816713474422076 -0.6464898873297646
60863 11054.664384 0.3248245456342535 -0.6801441670853784 -0.2604290673329077 -0.603381825564335
60863 11474.664384 0.16321699536171164 -0.7358347011590723 -0.38977775042111323 -0.5291321293135486
60863 11894.664384 -0.007524840233810379 -0.7536559485627368 -0.4994701951615869 -0.42717164245851263
60863 12314.664384 -0.1785792916280146 -0.7322094775398273 -0.5835052808479324 -0.3024901731049539
60863 12734.664384 -0.34078758731633685 -0.6722250778044327 -0.6370958247989421 -0.16151215163476074
60863 13154.664384 -0.4852429573344526 -0.5767114087346193 -0.6571178392520378 -0.011805453374548722
60863 13574.664384 -0.6040149163917803 -0.45084618077798694 -0.6424448862941318 0.1384495219516967
60863 13994.664384 -0.6907702106791044 -0.30157599212495273 -0.594031143703469 0.28109684687407094
60863 14414.664384 -0.7411498531193256 -0.13707323429653304 -0.5147619996295585 0.40856811843078034
60863 14834.664384 0.7529298913906529 -0.03390530768881222 0.40912281810838513 -0.5143593378796963
60863 15254.664384 0.7259493130505155 -0.20253527978933578 0.28281643886773655 -0.5932890671740985
60863 15674.664384 0.6619409191943585 -0.36035964180420943 0.14238412178782847 -0.6416400158325372
60863 16094.664384 0.5643039160501481 -0.4996182206385984 -0.005134525195427611 -0.6572034392693072
60863 16514.664384 0.43788733013054476 -0.6134723735849392 -0.1524646676989368 -0.6392658743141673
60863 16934.664384 0.28881618154876576 -0.6961975224043084 -0.2923214347566441 -0.5885935795228401
60863 17354.664384 0.12435308862328788 -0.7433844242330692 -0.41762524020244146 -0.507449569812972
60863 17774.664384 -0.04726600700199072 -0.7522027072956144 -0.5217772433874441 -0.39963173047474065
60863 18194.664384 -0.2170915616494733 -0.721723669791503 -0.5990177739821424 -0.2704882710521061
60863 18614.664384 -0.3759659957988414 -0.6532001781439317 -0.644914096395235 -0.12674740844072094
60863 19034.664384 -0.5151476693745572 -0.5501617729980017 -0.6567931073101257 0.023826801286928562
60863 19454.664384 -0.627027823543928 -0.41824058535631276 -0.6340193966667057 0.17300383207593975
60863 19874.664384 -0.7057078326021777 -0.26471253241563186 -0.5780180743026887 0.3127280543306777
60863 20294.664384 -0.7473131799605477 -0.09793651039844763 -0.4920839095070514 0.4356430614533932
60863 20714.664384 0.7501045011151023 -0.07327304638156422 0.38102397783874614 -0.5355324699705587
60863 21134.664384 0.7143757312319465 -0.24014338386607026 0.25077164266863894 -0.6075459266964495
60863 21554.664384 0.6422642398749566 -0.39435036809263047 0.10801557803966781 -0.6483186471665051
60863 21974.664384 0.5375173905034527 -0.5283260726010558 -0.04012428037882506 -0.6560005015549791
60863 22394.664384 0.4052931266549992 -0.635471117774593 -0.18634920609921027 -0.630228461231892
60863 22814.664384 0.2519922080964006 -0.7103450325081407 -0.32340316826768895 -0.5721190895295574
60863 23234.664384 0.08512042311772916 -0.7488770269724331 -0.44429337343756076 -0.4842944459320806
60863 23654.664384 -0.08689062509444911 -0.7486466180502381 -0.5425821253818037 -0.3709216868407689
60863 24074.664384 -0.25499446645507445 -0.7092076460454922 -0.612783699346685 -0.23769407792979444
60863 24494.664384 -0.4100670695166045 -0.632339908474343 -0.650842661610268 -0.0916246062844798
60863 24914.664384 -0.5435709739991246 -0.5220876197345825 -0.6545467112262016 0.05936089932341404
60863 25334.664384 -0.6482496160042827 -0.3845097453465912 -0.6237538401476378 0.20701651621277634
60863 25754.664384 -0.7186531301593029 -0.22718201243712455 -0.5603550291793091 0.3434068330868064
60863 26174.664384 0.7514012750122575 0.058613958988174945 0.46803349263551824 -0.4614164902699996
60863 26594.664384 0.7452366925103099 -0.11235282111177512 0.35189535676232997 -0.5551295106672244
60863 27014.664384 0.7008911435396037 -0.2770176406162285 0.21808105121106394 -0.6200431330140203
60863 27434.664384 0.6208864601558398 -0.42720576586691633 0.07340755756588088 -0.6531512594318595
60863 27854.664384 0.5093132495910658 -0.5555557376663796 -0.07494508963173749 -0.6529479838984454
60863 28274.664384 0.37162754517827884 -0.6557152673585399 -0.219668246385615 -0.6194161100161617
60863 28694.664384 0.21449608993890254 -0.7225351548256362 -0.3535427991917557 -0.5540233447984606
60863 29114.664384 0.045657867440036096 -0.7522957127661754 -0.46967444548594595 -0.45975258014711495
60863 29534.664384 -0.12627078039660758 -0.7430028492812041 -0.5618049162983761 -0.3411417476665947
60863 29954.664384 -0.2921729112958254 -0.6947062302555276 -0.6247501107628749 -0.2042193493546857
60863 30374.664384 -0.44299466003397 -0.609719849026373 -0.6548528323914296 -0.05626015280432917
60863 30794.664384 -0.5704396775573154 -0.49258717570405847 -0.6503785562787338 0.0946793648742697
60863 31214.664384 -0.6676343083167464 -0.34976222314615274 -0.6116794139238908 0.24037286078092449
60863 31634.664384 -0.7295910142886197 -0.1890931848904174 -0.5410982528753349 0.373032706384523
60863 32054.664384 0.7534282018127066 0.019203941587872923 0.44268488654738697 -0.4858057683511879
60863 32474.664384 0.7383556667709282 -0.151058880288724 0.3218179504426945 -0.5731015013119739
60863 32894.664384 0.6855329444483226 -0.31308828129838584 0.18482441780686212 -0.6307616386337952
60863 33314.664384 0.5978604099300222 -0.45887779233079495 0.03862823897970852 -0.6561264825452849
60863 33734.664384 0.479752279967392 -0.5812765079363653 -0.10953782291520672 -0.6480407676515348
60863 34154.664384 0.33695445101355764 -0.6741866947892491 -0.2523641095813928 -0.6068330534063637
60863 34574.664384 0.176396917971045 -0.7327607790061895 -0.3826810871326809 -0.5343228926702545
60863 34994.664384 0.006043716325705595 -0.7536458176083339 -0.49371011030557416 -0.43385686819099456
60863 35414.664384 -0.16532235892862476 -0.735293157823341 -0.5793967111662917 -0.3103416517100775
60863 35834.664384 -0.32854590360981534 -0.6782663905981049 -0.6348770202051132 -0.1701277808639883
60863 36254.664384 -0.4746808407943589 -0.5854044736205442 -0.6569247335770679 -0.02072669926718129
60863 36674.664384 -0.5957065390894607 -0.4617311629855717 -0.6442934131033181 0.12970755662537636
60863 37094.664384 -0.6851581865243145 -0.31406799436696203 -0.5978181000997523 0.2730074606052906
60863 37514.664384 -0.7385205789090482 -0.15050072629721206 -0.520276143718024 0.40155898718589034
60863 37934.664384 0.7534020917731639 -0.02025283853996904 0.4160619732076118 -0.5087902761388859
60863 38354.664384 0.7294759835833043 -0.1893657938748358 0.29080912352982763 -0.5894365437917278
60863 38774.664384 0.6683220657288073 -0.34834260512193504 0.15101455314826234 -0.6396855873429339
60863 39194.664384 0.5732035655454772 -0.4893532384902883 0.003698039708544175 -0.6572346650377875
60863 39614.664384 0.4488569289097363 -0.6054700340843837 -0.14386891232011367 -0.6412762519097386
60863 40034.664384 0.30131222013480946 -0.6908631094682168 -0.2843897460480908 -0.5924876220783362
60863 40454.664384 0.1377538329476084 -0.7410028430354918 -0.4107609050334211 -0.5130440010541837
60863 40874.664384 -0.03364189399987642 -0.7529214304032527 -0.5163403376858064 -0.40665734751277804
60863 41294.664384 -0.20395487260415746 -0.7255328090122385 -0.5953068269763737 -0.2785934937200695
60863 41714.664384 -0.36401919348949063 -0.6599187369399526 -0.6431441166188108 -0.13550989877292366
60863 42134.664384 -0.5050388056211778 -0.5594419394976893 -0.6570686075837655 0.014878376111987324
60863 42554.664384 -0.6193011613072098 -0.429585810639326 -0.6363251462174507 0.1643545289678207
60863 42974.664384 -0.700768646044972 -0.2775092777729792 -0.5822243517128661 0.30483882584531297
60863 43394.664384 -0.7454074533906327 -0.11149875527548737 -0.4979578944294428 0.4289215445476066
60863 43814.664384 0.7513101321844367 -0.05965755615301088 0.3882459160251211 -0.5303198751326123
60863 44234.664384 0.7186065993157397 -0.2271750190844743 0.25895892847269414 -0.604099610567753
60863 44654.664384 0.6492833399004488 -0.38268291183169195 0.11674728528042182 -0.6468036834305967
60863 45074.664384 0.5469616524078516 -0.5185418258162734 -0.03128869645112402 -0.656481791940026
60863 45494.664384 0.4166894993699639 -0.6280584259673914 -0.17784992690101697 -0.6326783370619501
60863 45914.664384 0.26477613225297847 -0.70568250037347 -0.31566605461984704 -0.5764206367025216
60863 46334.664384 0.09865218777249707 -0.747218086453406 -0.437714929260543 -0.49024332512238045
60863 46754.664384 -0.07330612563967331 -0.7501022180748208 -0.5375105176157906 -0.378226543007414
60863 47174.664384 -0.2420728627997393 -0.7137280793300966 -0.6094958809989787 -0.2459831882812091
60863 47594.664384 -0.3985030872047699 -0.6397012458906515 -0.6495270310639587 -0.10046014837464154
60863 48014.664384 -0.5339901827573648 -0.5318985730957092 -0.6552805949034957 0.05045527326678121
60863 48434.664384 -0.6411625322201496 -0.39623970833550504 -0.6264935337581754 0.19852091319161694
60863 48854.664384 -0.7144257734066318 -0.24019282839001152 -0.5649437333246216 0.3357704538216271
60863 49274.664384 0.7502347286698406 0.07221126383076491 0.4742140459950989 -0.45503233275736826
60863 49694.664384 0.7471623950839579 -0.09887725714010055 0.3593303491677896 -0.5503211276698439
60863 50114.664384 0.7057834731458701 -0.26435131760761355 0.22637827611037223 -0.6170420942031164
60863 50534.664384 0.628481443866809 -0.41598388430151934 0.08214193372087232 -0.6520898599434797
60863 50954.664384 0.5192204429818124 -0.5463342633634114 -0.06620892966885415 -0.6538695450141672
60863 51374.664384 0.383354325996631 -0.6489536905735539 -0.2113625527520275 -0.6222736050362248
60863 51794.664384 0.22746317873030544 -0.7185821005064098 -0.34608487062440507 -0.5586819573590952
60863 52214.664384 0.05921489467572206 -0.7513723920956408 -0.46344878903666975 -0.4659917859635103
60863 52634.664384 -0.11282449328847564 -0.7451836889188331 -0.5571469140091635 -0.34865343780548635
60863 53054.664384 -0.2795521324977322 -0.6999027776110011 -0.6219173138507296 -0.21261599620223545
60863 53474.664384 -0.431882036870396 -0.6176664470889921 -0.6540098382241954 -0.06509376218272273
60863 53894.664384 -0.5614364944248004 -0.502854441598675 -0.6515748498045941 0.08588764983742626
60863 54314.664384 -0.6612165580100509 -0.36179075714927444 -0.6148424323798158 0.23209673586667967
60863 54734.664384 -0.726082602805484 -0.2022297658343104 -0.5460419867936654 0.36571207851565446
60863 55154.664384 0.7529841500259953 0.032752138590491045 0.4491286162229686 -0.47981835450201343
60863 55574.664384 0.7409680965179797 -0.1378013642356402 0.32941161107023037 -0.5687398829424867
60863 55994.664384 0.6910422527253097 -0.30079267590065106 0.19317122597845218 -0.6282270676489806
60863 56414.664384 0.6059700539825872 -0.4481523452951283 0.047308897096605344 -0.655531568529174
60863 56834.664384 0.4900527285168267 -0.5726491899143653 -0.10095103062668193 -0.6494075130294116
60863 57254.664384 0.34894138016135257 -0.6680892117113126 -0.24429692915411846 -0.61009485230734
60863 57674.664384 0.1894799073767441 -0.7295138760989051 -0.375540566499301 -0.5393293540991776
60863 58094.664384 0.019563913550117645 -0.7534410499265977 -0.48786875965494114 -0.44037246840017014
60863 58514.664384 -0.15206785569888764 -0.7381701236619107 -0.5751772260619992 -0.31804307006398624
60863 58934.664384 -0.3162662276106403 -0.6840958087266388 -0.6325231026574814 -0.17861445171131535
60863 59354.664384 -0.46404373783627856 -0.5938848216853628 -0.6565755945723557 -0.029541776497651186
60863 59774.664384 -0.587288395875081 -0.4724026524967043 -0.645969268565305 0.1210445292186187
60863 60194.664384 -0.6794010314995336 -0.3263505474462275 -0.6014177642929693 0.2649645851274541
60863 60614.664384 -0.7357076496483534 -0.16373577765106584 -0.5255876604134407 0.39456616756511426
60863 61034.664384 0.7536521805790192 -0.0067644814805927446 0.42278743716067385 -0.5032031552741869
60863 61454.664384 0.7327465479580729 -0.1763204861341254 0.2985868077191716 -0.5855249788702682
60863 61874.664384 0.6744196773651232 -0.33639674820683957 0.1594415951694396 -0.6376313231863784
60863 62294.664384 0.5818061076106483 -0.4790973617215272 0.012352052666373034 -0.6571261659174332
60863 62714.664384 0.4595344359232479 -0.597410267141891 -0.1354163725145227 -0.643110784367021
60863 63134.664384 0.3135415939755241 -0.6854051290413193 -0.27655906653914025 -0.596176618667773
60863 63554.664384 0.15093011194368477 -0.7384378871387349 -0.40394671166827356 -0.5184174401764821
60863 63974.664384 -0.02018562563171295 -0.7534081626507907 -0.5109003961489248 -0.41346035624215277
60863 64394.664384 -0.1909209068484278 -0.7290764532739158 -0.5915418212026503 -0.2864873581468356
60863 64814.664384 -0.3521064994405265 -0.666354906983124 -0.6412738463239598 -0.1440833266277714
60863 65234.664384 -0.4948941638121729 -0.5684359562619649 -0.6572087289347448 0.006084148681022539
60863 65654.664384 -0.6114732519181691 -0.4406532046781358 -0.6384721691580026 0.15581561091939083
60863 66074.664384 -0.695668920881525 -0.29005362142446994 -0.586254844590139 0.2970166769941999
60863 66494.664384 -0.7432864166080089 -0.1248541220094512 -0.5036425012681222 0.42223332651469403
60863 66914.664384 0.7522545755239058 -0.04619208780253851 0.39527250890034527 -0.5251085490976294
60863 67334.664384 0.7225429740435366 -0.21429330286114226 0.2669532122788738 -0.600621356149758
60863 67754.664384 0.6559917900879858 -0.3710361496034981 0.1252958050831864 -0.6452192714520597
60863 68174.664384 0.5560945689267017 -0.508710260003998 -0.022617663036331146 -0.6568570187610585
60863 68594.664384 0.42779068628176026 -0.6205316950741935 -0.16949023727612295 -0.6349870893230918
60863 69014.664384 0.2772962394735317 -0.700842873108981 -0.3080345759183288 -0.5805521189566031
60863 69434.664384 0.1119668255720665 -0.7453267769972088 -0.4311983566318722 -0.4960034301295102
60863 69854.664384 -0.05987627307255066 -0.7512809963914823 -0.5324546573384523 -0.38533587201628955
60863 70274.664384 -0.2292289605827201 -0.7179393257615708 -0.6061836218797155 -0.2540838930746634
60863 70694.664384 -0.38693428328131235 -0.6467428155346082 -0.6481488025207941 -0.10912708539498955
60863 71114.664384 -0.5243228417154638 -0.5414043461819005 -0.6559184647710912 0.04168763801301713
60863 71534.664384 -0.6339155414877092 -0.40769891725114676 -0.6291146746269202 0.19012470986605448
60863 71954.664384 -0.7099770163012122 -0.2529896535505172 -0.5693995599702854 0.32819660666445494
60863 72374.664384 -0.7488006496117342 -0.08566850458844978 -0.48025736509285016 0.4486773425711359
60863 72794.664384 0.7487973185274358 -0.08546089663990558 0.3666359893446427 -0.5455062439870879
60863 73214.664384 0.7103832067764629 -0.2516614608815508 0.23456458862459043 -0.6140046110578726
60863 73634.664384 0.6357999709377608 -0.4046593307348057 0.09079145905180454 -0.6509732206228197
60863 74054.664384 0.5288882240651299 -0.5369426144408516 -0.057531902568021306 -0.6547212807214682
60863 74474.664384 0.39489000994549794 -0.6419692288156582 -0.2030915951836974 -0.6250529523686893
60863 74894.664384 0.24029477278499214 -0.7143681401641494 -0.33863711356712844 -0.5632596983679435
60863 75314.664384 0.07269738840701005 -0.7501644559734018 -0.45721141846641905 -0.4721505030568698
60863 75734.664384 -0.09938888380593013 -0.7470700074550277 -0.5524579810954816 -0.35608767580591816
60863 76154.664384 -0.2668747224448256 -0.7048070026316349 -0.6190387498048988 -0.2209434266987725
60863 76574.664384 -0.4206446882260658 -0.6253403261309977 -0.6531081955422939 -0.07387291585596184
60863 76994.664384 -0.5522440690911625 -0.5128919289719532 -0.6527016392020915 0.07712929101169695
60863 77414.664384 -0.6545550495869952 -0.3736559821842719 -0.6179312342684726 0.22383003318034742
60863 77834.664384 -0.7222938179724965 -0.21528652202444418 -0.550920414995438 0.3583713859874793
60863 78254.664384 0.7522490182846997 0.04631431918574982 0.4555321347035962 -0.4737793500992319
60863 78674.664384 0.7433064877992513 -0.12443356003996173 0.3370018601561229 -0.5643062117172164
60863 79094.664384 0.6963212855357122 -0.2882994597584683 0.2015569534572501 -0.6256156034865981
60863 79514.664384 0.6139146603842531 -0.43716399439859255 0.05606499055652102 -0.6548688025861757
60863 79934.664384 0.5002615431622529 -0.5637209718802055 -0.09226559423827449 -0.6507258365972692
60863 80354.664384 0.3609032771748329 -0.6616779243697654 -0.23611809678196738 -0.6133346503323013
60863 80774.664384 0.20259775853736123 -0.72595811227295 -0.36828809516042277 -0.544337070594902
60863 81194.664384 0.033170481398100804 -0.7529439834612152 -0.4819248055568547 -0.44690441788190405
60863 81614.664384 -0.13868395540419826 -0.7407800267964632 -0.5708646746705035 -0.3257686842319528
60863 82034.664384 -0.30381741472666707 -0.6896924627608334 -0.6300806874264779 -0.1871299352104784
60863 82454.664384 -0.4531983786249716 -0.6021793624849461 -0.6561381350318899 -0.03839261342750928
60863 82874.664384 -0.5786244622460263 -0.48295249490990166 -0.6475585158697575 0.11233248806714559
60863 83294.664384 -0.6733701287756082 -0.33859201709821696 -0.6049422181333834 0.256852152706462
60863 83714.664384 -0.7326153581198346 -0.1770150473521935 -0.5308550473336674 0.3874704231011923
60863 84134.664384 0.7536426791502809 0.006859981691724555 0.42951569374779003 -0.49748559942849657
60863 84554.664384 0.735805011309081 -0.1630508533447779 0.3064240656228193 -0.5814720084089733
60863 84974.664384 0.680379609091727 -0.3241563945240392 0.16798596456866138 -0.635442314556798
60863 85394.664384 0.5903607648211866 -0.4685057490716846 0.021170140479669277 -0.6569081789706948
60863 85814.664384 0.4702490905783504 -0.5890054537759222 -0.126767962809298 -0.6448784783489326
60863 86234.664384 0.32587819153938696 -0.6796204494307093 -0.2685176369018359 -0.5998480871581348
60864 254.664384 0.1642692795101106 -0.7355814992422944 -0.3969301661976435 -0.5238147620523868
60864 674.664384 -0.00652891207512056 -0.7536465412852915 -0.5052809791905749 -0.4203158290905144
60864 1094.664384 -0.1776630503154877 -0.7324144246685277 -0.587626098457207 -0.2944495194460791
60864 1514.664384 -0.3399546434037479 -0.6726271354147373 -0.6392781101650934 -0.15273203657301904
60864 1934.664384 -0.48449930685525733 -0.5773131574314214 -0.6572382937248468 -0.0027866063572171513
60864 2354.664384 -0.6033853488858351 -0.45165783770727413 -0.6405185644571442 0.14719812150047293
60864 2774.664384 -0.6903041193220947 -0.3025945900025324 -0.5901989833702831 0.2891053388936824
60864 3194.664384 -0.7409093723885407 -0.138264282372864 -0.5092671071257724 0.4154314669430838
60864 3614.664384 0.752969119447304 -0.032610901022539565 0.40227591560990905 -0.5197577532018728
60864 4034.664384 0.7262947281353128 -0.20123549915018948 0.27497024835285816 -0.5969854305470056
60864 4454.664384 0.6625776996321879 -0.35916176599603217 0.1339173439880605 -0.6434747569065261
60864 4874.664384 0.5651736478305763 -0.49861639529818297 -0.013824024795910701 -0.6570915723673284
60864 5294.664384 0.43890571604627343 -0.6127295913196323 -0.16096454711211824 -0.6371927768863793
60864 5714.664384 0.28989243082543914 -0.6957366941564116 -0.30020948042070256 -0.5846256056827803
60864 6134.664384 0.12541087604004328 -0.7431930877389675 -0.42448152818247087 -0.5017485214126316
60864 6554.664384 -0.0462779648890783 -0.7522517635150373 -0.5272052529379686 -0.3924668846270397
60864 6974.664384 -0.21619374615042172 -0.7219843169857122 -0.6026873658068359 -0.2622343403311986
60864 7394.664384 -0.3751591880059962 -0.6536564440457356 -0.6466036874639525 -0.1178664845076196
60864 7814.664384 -0.5144384856017294 -0.5508186296906036 -0.6564101293898876 0.032827180078645345
60864 8234.664384 -0.6264437643065486 -0.4191082990627321 -0.6316103019781417 0.18161737321430865
60864 8654.664384 -0.7053010464983543 -0.26578249121497466 -0.5737555856506815 0.3204912309354681
60864 9074.664384 -0.7471477296232462 -0.09916644975928206 -0.4862333367913217 0.4421690033841648
60864 9494.664384 0.7502312786868173 -0.07196015266937308 0.37391012672394247 -0.5405238033990998
60864 9914.664384 0.7148110463186114 -0.23885037043613858 0.24275461296212683 -0.6107911807557631
60864 10334.664384 0.6429789487771504 -0.3931854879213269 0.09947732640371654 -0.6496826187062934
60864 10754.664384 0.5384439838075556 -0.5273810898439897 -0.0487875006654435 -0.6554136420271047
60864 11174.664384 0.4063408710135834 -0.6348009787965636 -0.1947276207457759 -0.6276909809623971
60864 11594.664384 0.2530680291172039 -0.7099612657160591 -0.33107512399532435 -0.5677154534562768
60864 12014.664384 0.08615112767567538 -0.7487570628924629 -0.45084081732129877 -0.4782085333888608
60864 12434.664384 -0.08594603235105029 -0.7487538272680172 -0.547619773363024 -0.3634467904610506
60864 12854.664384 -0.2541488663746574 -0.709513554802709 -0.6159982757522703 -0.229226947678343
60864 13274.664384 -0.40931731500517354 -0.6328348515055573 -0.652034873180794 -0.08264327264212505
60864 13694.664384 -0.5429231757147016 -0.5227773876846232 -0.6536571855226405 0.06834114435773533
60864 14114.664384 -0.647734047454153 -0.38539922029912616 -0.6208635819645387 0.21549120017218606
60864 14534.664384 -0.7183230285771764 -0.22825840869628325 -0.5556621537634987 0.35092691026774153
60864 14954.664384 0.7513176745909033 0.059826884230961073 0.46181961038596697 -0.4676164488482911
60864 15374.664384 0.7454388156239116 -0.11108536275903975 0.3444942107726245 -0.5597363246083457
60864 15794.664384 0.7013824236569478 -0.27579957829489893 0.20985842334670793 -0.6228617266680428
60864 16214.664384 0.6216307102724404 -0.42614222191842566 0.06474784736821079 -0.65405334874595
60864 16634.664384 0.5102350266372967 -0.5547257368127105 -0.08363826743479276 -0.651877453767607
60864 17054.664384 0.3726339790159485 -0.655157687418635 -0.2279745648022579 -0.6163926671385935
60864 17474.664384 0.2155016401273396 -0.722247735972125 -0.3610329403750319 -0.5491561407739377
60864 17894.664384 0.04660378804601852 -0.7522475917489085 -0.47593276688370334 -0.45325450803511236
60864 18314.664384 -0.12540926228126356 -0.7431562536668882 -0.5664605212795648 -0.33333733274499655
60864 18734.664384 -0.2914011612590413 -0.6950405942500251 -0.6275122257570023 -0.19553092360787125
60864 19154.664384 -0.44230931442934346 -0.6102307222448988 -0.6555568789970452 -0.04718171676790522
60864 19574.664384 -0.5698519711703063 -0.4932801564209069 -0.6490026442022548 0.10362907918708582
60864 19994.664384 -0.6671812880533385 -0.3506410947522816 -0.6083300756918157 0.24870559010846421
60864 20414.664384 -0.7293259673684573 -0.19013920282810554 -0.5359913998320273 0.380320833213302
60864 20834.664384 0.7534025416848369 0.020362996913832164 0.43611262530318146 -0.4917069621132914
60864 21254.664384 0.7386002781923997 -0.14987310952568375 0.31412338315090427 -0.5773510026431428
60864 21674.664384 0.6860445378789267 -0.3119775725650024 0.17638154495177918 -0.6331685690741148
60864 22094.664384 0.5985923015019847 -0.457933508187896 0.02983445537522781 -0.6565775384017845
60864 22514.664384 0.480627918287964 -0.5805614051329916 -0.11826476004260254 -0.6464972587445753
60864 22934.664384 0.33788848721464965 -0.6737259807524623 -0.2605929315928217 -0.6033373824575993
60864 23354.664384 0.1773164986695104 -0.7325445109419895 -0.3899782063369283 -0.529012662769597
60864 23774.664384 0.006904080752927268 -0.7536427728701737 -0.4996658525049692 -0.4269765103726376
60864 24194.664384 -0.1645346134113418 -0.7354708943879913 -0.5836592452233113 -0.30224627369591
60864 24614.664384 -0.32782840521300627 -0.6786089632210595 -0.6371908053535507 -0.1612646562158899
60864 25034.664384 -0.47403333423746247 -0.5859185075535436 -0.6571585294278675 -0.01160033353593789
60864 25454.664384 -0.5951489210046044 -0.4624320707484096 -0.642455459624887 0.13858327521230024
60864 25874.664384 -0.6847360719552124 -0.31495880708123447 -0.5940432685144318 0.28115841929062474
60864 26294.664384 -0.7382908996090993 -0.15155738257984033 -0.5148002736054189 0.40857996235219435
60864 26714.664384 0.7534171860314979 -0.019093380852720422 0.40919240224720776 -0.5143535404205476
60864 27134.664384 0.7297639363149262 -0.18819732056810407 0.2828983976095856 -0.593291549253029
60864 27554.664384 0.6688666046156736 -0.34726442445477773 0.14244429405614764 -0.6416654173545883
60864 27974.664384 0.5739512008688152 -0.4884522936315021 -0.005129696815655332 -0.6572427725566475
60864 28394.664384 0.4497291932529014 -0.6048020888958091 -0.15253384016265156 -0.6392898510132905
60864 28814.664384 0.3022260861760718 -0.6904452018292426 -0.29245815510767637 -0.58856863968163
60864 29234.664384 0.13864317523896438 -0.7408194266295789 -0.4177998624395824 -0.5073538430260935
60864 29654.664384 -0.03281365434515136 -0.7529415943864274 -0.521946560217171 -0.3994671548560717
60864 30074.664384 -0.20319386711433698 -0.7257285395257279 -0.5991471513471169 -0.27028324091147454
60864 30494.664384 -0.3633177731209274 -0.6602815577659779 -0.6449916389917759 -0.12654740550199534
60864 30914.664384 -0.5043997840910871 -0.5599890098314119 -0.6568242505458 0.023980629096165558
60864 31334.664384 -0.6187522158589914 -0.43033705441736014 -0.6340322980830766 0.1730859900525477
60864 31754.664384 -0.7003645235942729 -0.2784652409622099 -0.5780497304031292 0.31273815380809394
60864 32174.664384 -0.7452133146729171 -0.11262566384236797 -0.4921600886242269 0.43560420411614825
60864 32594.664384 0.7513811317777436 -0.058435343248156454 0.3811462886216854 -0.5354803564443631
60864 33014.664384 0.7189619540304636 -0.22595844798499531 0.2509147915375896 -0.6075181115230704
60864 33434.664384 0.6499007592812931 -0.38157918255555134 0.10813889496137694 -0.6483304018186776
60864 33854.664384 0.547777259715356 -0.5176385609433776 -0.040060844042778834 -0.6560377449032827
60864 34274.664384 0.4176172204126225 -0.6274066568383266 -0.1863674059402926 -0.6302570381779766
60864 34694.664384 0.2657292786890307 -0.7052919591156485 -0.3234960921489385 -0.5721026841560731
60864 35114.664384 0.0995666035707824 -0.747066950352967 -0.44442912408605045 -0.4842109218179638
60864 35534.664384 -0.07245980062486011 -0.7501563171767095 -0.5427168844378808 -0.37077413669149234
60864 35954.664384 -0.2412966391442547 -0.7139628675145822 -0.6128793914996378 -0.23751169912885628
60864 36374.664384 -0.3977897508831043 -0.6401160143179437 -0.6508851262436146 -0.09145137910880144
60864 36794.664384 -0.5333467625085863 -0.5325106685393328 -0.6545496687122261 0.05948403148843939
60864 37214.664384 -0.6406239211689608 -0.3970653380874292 -0.6237497224201572 0.20706615536199371
60864 37634.664384 -0.7140514567030561 -0.2412280001814484 -0.5603797520500327 0.34338622948663294
60864 38054.664384 0.7500941655991918 0.07340821670042427 0.4681085852975835 -0.46135054874315545
60864 38474.664384 0.7473053747300505 -0.09760239393709237 0.35201440648008275 -0.5550624354320894
60864 38894.664384 0.7062229379754619 -0.26310708602146476 0.2182138529629929 -0.6200052721853627
60864 39314.664384 0.6291826684561921 -0.41487858390389853 0.07351184551217582 -0.6531469504649281
60864 39734.664384 0.5201113775750793 -0.545452117265166 -0.07490409793739179 -0.6529590483331145
60864 40154.664384 0.3843425624764365 -0.6483391529284074 -0.2197035832285284 -0.6194089706854968
60864 40574.664384 0.22846241767562017 -0.7182375867133632 -0.35364149026465735 -0.5539651515261288
60864 40994.664384 0.06016505919648251 -0.7512709110546198 -0.46980270710591365 -0.45962767568000096
60864 41414.664384 -0.11194839241369378 -0.7452907894359649 -0.5619211756181012 -0.3409600988530432
60864 41834.664384 -0.27875191810688205 -0.7001977149414451 -0.6248193767556756 -0.20401292746579064
60864 42254.664384 -0.43115374097006726 -0.6181503245747796 -0.6548683080348179 -0.05607251561349418
60864 42674.664384 -0.5607931308839401 -0.5035436546858875 -0.650358157840983 0.09481096301932021
60864 43094.664384 -0.6606995324602614 -0.36269616736612675 -0.611653192934848 0.24043292111797035
60864 43514.664384 -0.7257544386451735 -0.20333489887234454 -0.5410966186707276 0.37302796537325134
60864 43934.664384 0.7529104130087557 0.03399976952433593 0.4427203192178984 -0.48576603895999065
60864 44354.664384 0.7411904353285456 -0.13650304392008514 0.3218795028251391 -0.5730595459802356
60864 44774.664384 0.6915610200731667 -0.2995545180709081 0.18488219078586676 -0.6307368878929515
60864 45194.664384 0.6067417598715446 -0.44708055075198555 0.03864746904175557 -0.6561172083583456
60864 45614.664384 0.4909970576033407 -0.5718204606364209 -0.10958098679642876 -0.6480241180350729
60864 46034.664384 0.34996193208716714 -0.6675378137143431 -0.2524717392419684 -0.6067766757509945
60864 46454.664384 0.19049365917238553 -0.7292333695181287 -0.38283173535006954 -0.5342010117972501
60864 46874.664384 0.020517600699797543 -0.7533993978119459 -0.4938662194515273 -0.4336640782019844
60864 47294.664384 -0.15119456985091326 -0.7383345202719251 -0.5795184208005905 -0.3100979493244243
60864 47714.664384 -0.315473073251256 -0.6844497944728758 -0.6349400484313039 -0.16987158031141925
60864 48134.664384 -0.4633298119502748 -0.594432751378734 -0.6569283554105937 -0.02050183659977742
60864 48554.664384 -0.5866722952433341 -0.47316077233012227 -0.644258287792536 0.12986824143150028
60864 48974.664384 -0.6789301264672524 -0.32732080358090904 -0.5977749674549685 0.2730935063353211
60864 49394.664384 -0.735446500761735 -0.16488687476152403 -0.5202506089557196 0.4015844455776389
60864 49814.664384 0.753658402434508 -0.005498678786331113 0.41606044001375153 -0.5087853056319862
60864 50234.664384 0.7330499541484969 -0.1750372910414745 0.29081677830056113 -0.5894279539745558
60864 50654.664384 0.6750100236861806 -0.3352062028747027 0.15100144682125782 -0.6396849478730858
60864 51074.664384 0.5826297547310401 -0.478097209416277 0.003634047931370043 -0.6572308733968979
60864 51494.664384 0.46050458435333574 -0.5966645154423145 -0.14399816961109776 -0.6412421624863753
60864 51914.664384 0.314565153330363 -0.6849366063084862 -0.2845766045989403 -0.5923907205247205
60864 52334.664384 0.15193134862415708 -0.7382324984883936 -0.41097382266965854 -0.5128646610570053
60864 52754.664384 -0.019252842955070196 -0.7534321284841293 -0.5165352209779248 -0.4063997063179404
60864 53174.664384 -0.19007029698766098 -0.7292967793903186 -0.5954457056539386 -0.2782874438278065
60864 53594.664384 -0.3513365065094633 -0.6667579603518223 -0.6432084198706791 -0.13520136873814487
60864 54014.664384 -0.4942091140124264 -0.5690291457726595 -0.6570645969579801 0.0151425992728162
60864 54434.664384 -0.610898382593018 -0.4414486386899088 -0.6362796254788647 0.16454331874778902
60864 54854.664384 -0.6952543796812275 -0.29104285512954864 -0.582170705885424 0.30494700067549313
60864 55274.664384 -0.7430921899815558 -0.12599695458380306 -0.4979173973321642 0.4289720620949412
60864 55694.664384 0.7523297563444289 -0.04497151357662849 0.3882212238572199 -0.5303411939800281
60864 56114.664384 0.7229041839280453 -0.21309217339180248 0.25893148015033135 -0.60411568021832
60864 56534.664384 0.6566140582464729 -0.36995452080391245 0.11668716861145532 -0.646819708830279
60864 56954.664384 0.5569130917395648 -0.5078292721189895 -0.031405598242914515 -0.6564837599112265
60864 57374.664384 0.4287228063165925 -0.6198991121615232 -0.17803242584363016 -0.632634413728508
60864 57794.664384 0.27826062733659696 -0.7004695547261823 -0.3158989494093543 -0.5762996442286025
60864 58214.664384 0.11289937376974707 -0.7451941513570377 -0.4379585813251919 -0.4900323348813713
60864 58634.664384 -0.059008810835717004 -0.7513572385741707 -0.5377208682252669 -0.3779372013456949
60864 59054.664384 -0.22843597994355552 -0.7182005164635951 -0.6096392106409234 -0.24565230320061038
60864 59474.664384 -0.3862137454375321 -0.6471805198497027 -0.6495912180120145 -0.10013774035721551
60864 59894.664384 -0.5236841882865595 -0.5420261916923627 -0.6552782948597765 0.05072311843513959
60864 60314.664384 -0.6333913305435573 -0.40851366489363306 -0.626456593915501 0.19870617485932232
60864 60734.664384 -0.7096198121802887 -0.25398876779551494 -0.5649028036737311 0.335878326773976
60864 61154.664384 0.7486693768551884 0.08680429457812265 0.4741882453028928 -0.4550875592879047
60864 61574.664384 0.7489332442652005 -0.08427136797995435 0.35931810499856154 -0.5503524612404594
60864 61994.664384 0.7107910303126213 -0.2505197701258682 0.22635685342181572 -0.6170725491481363
60864 62414.664384 0.6364392924615853 -0.403662159230133 0.08208044739666584 -0.6521232156362988
60864 62834.664384 0.5296856550426691 -0.5361603000787123 -0.06633556637515302 -0.6538844179938924
60864 63254.664384 0.3957631226870338 -0.6414343990129644 -0.2115603207139527 -0.622234435870673
60864 63674.664384 0.24116809275138487 -0.7140758950615211 -0.3463310290118642 -0.5585592049857653
60864 64094.664384 0.07352073091630375 -0.7500862298829781 -0.4636999028527404 -0.4657765021550914
60864 64514.664384 -0.09863115430792599 -0.747173960318576 -0.5573563916133639 -0.34836305939274315
60864 64934.664384 -0.26617793840249543 -0.7050769297334241 -0.622051411501801 -0.21229194453417805
60864 65354.664384 -0.4200022513781458 -0.6257818985118431 -0.654062321032587 -0.06478892295498799
60864 65774.664384 -0.5516689699891097 -0.5135208038947306 -0.6515672462359375 0.08612697110070297
60864 66194.664384 -0.6540892364770681 -0.3744807523784915 -0.6148103056973888 0.23224927304766388
60864 66614.664384 -0.7219964071275194 -0.216296274691383 -0.5460199947640112 0.36578583210328447
60864 67034.664384 0.752180079013199 0.04745422466335033 0.44913573193265977 -0.4798440575839323
60864 67454.664384 0.7435013931552036 -0.12325441911429927 0.3294412823799442 -0.5687551916325038
60864 67874.664384 0.6967735379335939 -0.2871879322364597 0.19319437553897623 -0.6282560478605475
60864 68294.664384 0.614578034770032 -0.43621618332248174 0.04728674051275418 -0.6555709303785912
60864 68714.664384 0.5010610942532526 -0.56299980946479 -0.10104886943079482 -0.6494290726130924
60864 69134.664384 0.361754118665897 -0.6612044132109988 -0.2444730444089733 -0.6100619740124499
60864 69554.664384 0.20342861351397948 -0.725717167219599 -0.375768637012923 -0.5392117615964908
60864 69974.664384 0.03394308650424093 -0.7529011043044608 -0.48810418611381334 -0.4401614448288957
60864 70394.664384 -0.13797266676675596 -0.7409040801784001 -0.5753726995384382 -0.317759254509005
60864 70814.664384 -0.3031557154681068 -0.6899733052466103 -0.6326468397299546 -0.1783015042162831
60864 71234.664384 -0.4525813445362469 -0.6026315274465264 -0.6566199276258959 -0.029251313642175723
60864 71654.664384 -0.5780720261672466 -0.4835990613678815 -0.6459552422640042 0.1212703813742244
60864 72074.664384 -0.6729327873224986 -0.3394377709240303 -0.6013827360763604 0.26510803112280307
60864 72494.664384 -0.7323560534454324 -0.1780374476763563 -0.5255673679508925 0.3946342863359579
60864 72914.664384 0.7536178367522797 0.00799613066556135 0.4227973482150932 -0.5032281990960747
60864 73334.664384 0.7360431716486592 -0.16189495317289074 0.29861793409728027 -0.5855406075089945
60864 73754.664384 0.6808674536141562 -0.32308245906656424 0.1594655389860749 -0.6376581977269306
60864 74174.664384 0.5910509179667494 -0.4676020694965065 0.012331889586206419 -0.6571567860659134
60864 74594.664384 0.4710673183557079 -0.5883267582936781 -0.1355034686309816 -0.643122085642988
60864 75014.664384 0.3267443636235499 -0.6791831067508026 -0.27671139942339745 -0.5961369220017446
60864 75434.664384 0.16511899978515412 -0.7353708358499885 -0.40414143139177866 -0.5183002538334744
60864 75854.664384 -0.005729803024688797 -0.7536324342151192 -0.5110984329226747 -0.41325986415363225
60864 76274.664384 -0.17692031708206785 -0.7325725500044803 -0.5917027603986301 -0.2862245686871676
60864 76694.664384 -0.33926219847999933 -0.6729522519572209 -0.6413721003014122 -0.14379936099711274
60864 77114.664384 -0.4838600653361958 -0.5778185262671803 -0.6572404027298272 0.006343571140213297
60864 77534.664384 -0.6028265019150536 -0.45236473433464064 -0.6384551954491643 0.15601704754025844
60864 77954.664384 -0.6898797433097646 -0.3035019051527792 -0.5862222660015541 0.2971464086666536
60864 78374.664384 -0.740683137506147 -0.1393383273274075 -0.5036238740488441 0.4222988442320017
60864 78794.664384 0.7529941403770842 -0.03144087998501131 0.3952784560852902 -0.5251344949423659
60864 79214.664384 0.7265934051142645 -0.20006538879877866 0.2669723169283614 -0.6006343695153935
60864 79634.664384 0.6631310182881104 -0.35809192006654256 0.12530123407370258 -0.6452340893868194
60864 80054.664384 0.5659252471956867 -0.49773054656763666 -0.022653887223499543 -0.6568711585947792
60864 80474.664384 0.43977675016864926 -0.6120782548206946 -0.16958360351422783 -0.6349787566571684
60864 80894.664384 0.29080335670039287 -0.6953325598774779 -0.3081814742137266 -0.5804913589860505
60864 81314.664384 0.1262995841402561 -0.7430194519886878 -0.4313754161455514 -0.4958686916489894
60864 81734.664384 -0.045444568913520944 -0.7522792572295808 -0.5326235500668121 -0.385127075408365
60864 82154.664384 -0.2154222872546432 -0.7221892150431404 -0.6063073789316092 -0.2538254086620027
60864 82574.664384 -0.3744474891196393 -0.6540373274447048 -0.6482080048229123 -0.10886062044874101
60864 82994.664384 -0.513794434474058 -0.55138836382216 -0.6559185279802902 0.041917013218663216
60864 83414.664384 -0.6258990343150318 -0.419880522693232 -0.6290800995327841 0.19028655727137295
60864 83834.664384 -0.7049104886174666 -0.26675070831023184 -0.5693635715940925 0.3282840020389249
60864 84254.664384 -0.746974196009589 -0.10028869418630465 -0.4802457063150211 0.44870456859744634
60864 84674.664384 0.7503231388272905 -0.07076074737541659 0.36665245627516463 -0.5455035107848745
60864 85094.664384 0.7151826832492648 -0.23767250343230364 0.2345895360518081 -0.6139977689435043
60864 85514.664384 0.6436029126266466 -0.3921293395321482 0.090792439535112 -0.6509735823056427
60864 85934.664384 0.539256271978772 -0.5265266417470503 -0.05758393438209777 -0.6547186106742408
60864 86354.664384 0.4072577607944698 -0.6341928311788402 -0.20320905631763694 -0.6250173186276817
60865 374.664384 0.25401073565640014 -0.7096056712221478 -0.3388086823025189 -0.5631580722471181
60865 794.664384 0.08706008428833052 -0.7486331290869422 -0.45740266557420867 -0.4719658687689302
60865 1214.664384 -0.08510057799265233 -0.7488325521228854 -0.5526240149715222 -0.35582917050629437
60865 1634.664384 -0.253372032040087 -0.7097733778340033 -0.6191444081579488 -0.22064579611841584
60865 2054.664384 -0.4086068860386592 -0.6332733876600016 -0.6531390244408077 -0.07358426405098799
60865 2474.664384 -0.5422910150090292 -0.5234073441820274 -0.6526715866632212 0.07736282737404968
60865 2894.664384 -0.6472171335545087 -0.3862312258990039 -0.6178736306037703 0.22398124648852547
60865 3314.664384 -0.7179781637587425 -0.22927947420547476 -0.5508695069611589 0.3584425551940716
60865 3734.664384 0.7512060269209412 0.060987506896442285 0.45550787111142277 -0.4737959565844251
60865 4154.664384 0.7456024842583883 -0.10986797935059651 0.33699982555898195 -0.5643022950107083
60865 4574.664384 0.7018281636839268 -0.2746274507354632 0.20155078173269989 -0.6256151167814965
60865 4994.664384 0.6223205032458353 -0.42511386197530027 0.05601955850970524 -0.6548718994281808
60865 5414.664384 0.511097263636577 -0.553915775041227 -0.09237620859758974 -0.6507100255481044
60865 5834.664384 0.3735825722445416 -0.6546036459670658 -0.23629690940889642 -0.6132649500873013
60865 6254.664384 0.2164579397422433 -0.7219485258607163 -0.36850972603775956 -0.5441845901398323
60865 6674.664384 0.0475108043565716 -0.752177612761735 -0.482146554656383 -0.44666123870605606
60865 7094.664384 -0.12457736855690388 -0.7432858796279461 -0.5710385581598652 -0.3254559040543741
60865 7514.664384 -0.2906455920577782 -0.695349586577002 -0.6301767112480965 -0.1867924111550287
60865 7934.664384 -0.44162664582433075 -0.6107189721879579 -0.6561538305599236 -0.03808403010678393
60865 8354.664384 -0.5692561202733174 -0.49396329641593134 -0.6475150588518032 0.11256988889318117
60865 8774.664384 -0.666713244626575 -0.35152387441625427 -0.6048762037959755 0.2570003759457557
60865 9194.664384 -0.7290451325767567 -0.19120097230390196 -0.5307988665182597 0.3875408961117684
60865 9614.664384 0.7533688207124049 0.02154572998691329 0.4294824258886589 -0.49750984648600083
60865 10034.664384 0.7388479122843484 -0.14865808404401026 0.30640196447629486 -0.5814829083700493
60865 10454.664384 0.686566115584541 -0.31083333133229285 0.1679442543578356 -0.6354560067323421
60865 10874.664384 0.5993391308635684 -0.45695692460238807 0.021075512496522456 -0.6569161271019602
60865 11294.664384 0.4815218085195919 -0.5798204978099535 -0.12693491434467274 -0.6448507313787817
60865 11714.664384 0.33884080128808747 -0.6732474946810477 -0.2687492352011456 -0.5997487564530156
60865 12134.664384 0.17825066961066013 -0.7323168077241592 -0.3971903427125882 -0.523620686722655
60865 12554.664384 0.007770815661118969 -0.7536327187072541 -0.5055233854225822 -0.42002791158298636
60865 12974.664384 -0.16375162725575548 -0.7356458185034251 -0.5878065901855314 -0.2940987025200493
60865 13394.664384 -0.3271255077685872 -0.678954436496443 -0.6393696584068915 -0.15236868194480194
60865 13814.664384 -0.47340632677008443 -0.5864387316872739 -0.6572442391500158 -0.0024645192623938125
60865 14234.664384 -0.5946137901975352 -0.4631390888671082 -0.640467012060333 0.14744026360792922
60865 14654.664384 -0.6843367103379894 -0.31585178773254347 -0.5901280434931374 0.28925733759560324
60865 15074.664384 -0.7380862283348713 -0.15260684782019 -0.5092044812514637 0.41551253388341647
60865 15494.664384 0.7534577294909407 -0.017951665547955346 0.4022281733995295 -0.5197996576548399
60865 15914.664384 0.7300692825263314 -0.18705317672678307 0.2749198617092402 -0.5970167681277292
60865 16334.664384 0.6694204892477318 -0.34621880729736415 0.1338319887909579 -0.643504269469267
60865 16754.664384 0.5746984886711006 -0.48759149603451296 -0.013974623463489143 -0.6571003652510261
60865 17174.664384 0.4505880455572398 -0.6041779204674086 -0.161189212418793 -0.6371479352712317
60865 17594.664384 0.3031128259819856 -0.6900694065755861 -0.30048826866637685 -0.5844943363519585
60865 18014.664384 0.13949378762417317 -0.7406709151125792 -0.4247712121095301 -0.5015152002517542
60865 18434.664384 -0.032031452828524716 -0.7529839506016361 -0.5274591997685524 -0.3921427657697704
60865 18854.664384 -0.20248607613646352 -0.725934071416868 -0.6028670980265749 -0.26185945666330995
60865 19274.664384 -0.3626786410353951 -0.6606445231497967 -0.6466900803554045 -0.11749449918535348
60865 19694.664384 -0.5038289271932114 -0.5605146690858522 -0.656415359883304 0.033145032390808536
60865 20114.664384 -0.6182728655836415 -0.4310370475550196 -0.6315663380532585 0.18185072987492065
60865 20534.664384 -0.7000233459952077 -0.2793372592842732 -0.573695138731684 0.32064294539699195
60865 20954.664384 -0.7450650019008753 -0.11363429998074462 -0.4861765760383396 0.4422643165822574
60865 21374.664384 0.7514663442905299 -0.05735808256633711 0.37385599276355574 -0.5405923421930025
60865 21794.664384 0.7192950470573618 -0.22490467031386482 0.24268114771624574 -0.6108505423529436
60865 22214.664384 0.6504562570564536 -0.3806411169001721 0.09935333924240793 -0.6497291064455104
60865 22634.664384 0.5484941485647876 -0.5168872893585617 -0.0489828684806566 -0.6554253410459151
60865 23054.664384 0.41841717184931654 -0.6268798262328749 -0.1949914905405197 -0.6276360986914684
60865 23474.664384 0.2665391342826337 -0.704991300044807 -0.33137958448259025 -0.5675664963201605
60865 23894.664384 0.10033586756028183 -0.7469679379625656 -0.45114061193615673 -0.47795790776882036
60865 24314.664384 -0.07175070282171148 -0.750226586264019 -0.5478679806727447 -0.3631151080040544
60865 24734.664384 -0.24064518619646985 -0.714180250093227 -0.6161652219138122 -0.22885996600791633
60865 25154.664384 -0.3971878710511938 -0.6404807350246674 -0.6521147655443335 -0.08229553882891291
60865 25574.664384 -0.5328010135429685 -0.5330415224078038 -0.6536668825316757 0.06862522887449372
60865 25994.664384 -0.6401672990756837 -0.3977774191811228 -0.6208346222135648 0.21569266525473155
60865 26414.664384 -0.7137365152213823 -0.24211667833385286 -0.5556267505386584 0.35105357852907665
60865 26834.664384 0.7499773822818098 0.07443303836084869 0.4617949898565809 -0.46769545241477056
60865 27254.664384 0.7474301157510038 -0.0965205225326944 0.3444755195058217 -0.5597933790780765
60865 27674.664384 0.7065946475393027 -0.26206354833416595 0.20982013551474246 -0.6229142889963997
60865 28094.664384 0.6297650916620998 -0.41396412986526093 0.06465952271083943 -0.6541015017805195
60865 28514.664384 0.5208388190338044 -0.5447336280636486 -0.08379763908683711 -0.651897349839343
60865 28934.664384 0.38513621430258227 -0.6478469853326025 -0.22820298937773714 -0.6163503676215326
60865 29354.664384 0.22925211030002213 -0.7179663412464442 -0.3613031761013097 -0.5490244235908699
60865 29774.664384 0.06090681787758013 -0.7511928471016055 -0.4761989007293658 -0.45302789422237033
60865 30194.664384 -0.11126489072890347 -0.7453755458970243 -0.5666750944400887 -0.3330386719453385
60865 30614.664384 -0.2781164341875789 -0.7004289201125539 -0.6276502588009801 -0.19520688904803135
60865 31034.664384 -0.43055752919826124 -0.6185391231767954 -0.6556152808183667 -0.046884653222814925
60865 31454.664384 -0.5602487352954036 -0.504115945384053 -0.6490004529860217 0.1038599067657095
60865 31874.664384 -0.6602500194851381 -0.3634659955352011 -0.608304796374645 0.24885268044986306
60865 32294.664384 -0.7254605723900298 -0.20429216363149108 -0.5359781049216966 0.3803934027172937
60865 32714.664384 0.752835316144631 0.03509041262560687 0.4361278903282972 -0.4917317490105424
60865 33134.664384 0.7413721862124645 -0.13536686372974505 0.3141562070393 -0.5773638119013037
60865 33554.664384 0.6919976101041337 -0.2984752168414776 0.17640074054007482 -0.6331939918212376
60865 33974.664384 0.6073891567212251 -0.44615271889306307 0.029802838881022916 -0.656610961313043
60865 34394.664384 0.4917806288951867 -0.5711081627421023 -0.11837244690353126 -0.646510048883129
60865 34814.664384 0.3507975057400771 -0.6670649965876047 -0.2607749285302982 -0.6032924970063339
60865 35234.664384 0.19131211221211455 -0.7289876126198436 -0.3902054737983779 -0.5288822407545404
60865 35654.664384 0.02127951496205179 -0.7533490232980781 -0.4998912243602643 -0.4267565994175222
60865 36074.664384 -0.1504936857706577 -0.7384495046122933 -0.5838347050316647 -0.3019619460819694
60865 36494.664384 -0.3148213865639569 -0.684721359095622 -0.6372874947689325 -0.16096211967829488
60865 36914.664384 -0.4627215065682766 -0.5948758195108453 -0.6571781987065636 -0.01133057215153976
60865 37334.664384 -0.5861262401220392 -0.4737997739691312 -0.6424245288626426 0.1387823099058864
60865 37754.664384 -0.6784964534083555 -0.3281641771191661 -0.5939997523873319 0.2812741184890145
60865 38174.664384 -0.735191045303734 -0.16591123767993243 -0.5147760613167345 0.40862353678165114
60865 38594.664384 0.7536414556296895 -0.004357302904233022 0.4091964747358905 -0.5143576725698599
60865 39014.664384 0.7333023579582183 -0.17387302521932796 0.2829139220343461 -0.5932921166113199
60865 39434.664384 0.6755203083594131 -0.3341236855901816 0.14243722941437728 -0.6416738356816436
60865 39854.664384 0.5833443585315623 -0.4771871327905728 -0.005192535946758481 -0.6572479267665694
60865 40274.664384 0.4613441476005752 -0.5959845678449177 -0.1526682901733122 -0.6392623604913421
60865 40694.664384 0.31544496915251186 -0.6845037824850697 -0.29265429000024773 -0.5884747316108435
60865 41114.664384 0.15278623543842607 -0.7380298750520775 -0.41802433368052677 -0.5071724817476994
60865 41534.664384 -0.018456743151739445 -0.7534269004617336 -0.5221540832734913 -0.3992021638389196
60865 41954.664384 -0.1893381830440599 -0.7294632187587123 -0.5992938473040578 -0.2699654598337605
60865 42374.664384 -0.35065957234076156 -0.6670907183783097 -0.6450546311016281 -0.12622345532288146
60865 42794.664384 -0.4935881114285911 -0.5695429003637144 -0.6568127553977477 0.024262424620456715
60865 43214.664384 -0.6103587635012747 -0.44216401324676674 -0.6339734072795081 0.17329421245130816
60865 43634.664384 -0.6948495146668622 -0.291961785211694 -0.5779765995750922 0.31286661420937895
60865 44054.664384 -0.7428892296319307 -0.12708155175310404 -0.4920968522428908 0.4356679466216652
60865 44474.664384 0.7523815995413189 -0.04379266704325299 0.3810946694265792 -0.5355100222400432
60865 44894.664384 0.7232315825740158 -0.21191802441393606 0.250856410277729 -0.6075342709004579
60865 45314.664384 0.6571944135150621 -0.36888902522501577 0.10804543604795597 -0.6483383172868453
60865 45734.664384 0.557686643251062 -0.5069584029087423 -0.04021300577581843 -0.6560195879896074
60865 46154.664384 0.42960319230581007 -0.6192718024871593 -0.1865816823683413 -0.6301831540191798
60865 46574.664384 0.2791633764410334 -0.7000939159514497 -0.3237527424937378 -0.571944472680338
60865 46994.664384 0.11376503166463768 -0.7450465804403219 -0.4446889869991096 -0.48395745204122326
60865 47414.664384 -0.058208064355239834 -0.7514043413166248 -0.5429340360822761 -0.3704402374985134
60865 47834.664384 -0.2277029383418911 -0.7184199191349562 -0.6130176673097878 -0.23713610274831295
60865 48254.664384 -0.3855411273766414 -0.6475714205004799 -0.650932353324161 -0.0910843886075356
60865 48674.664384 -0.5230777205599771 -0.5426042531422115 -0.6545186416856893 0.05979690971682157
60865 49094.664384 -0.632883107578396 -0.4092951366826897 -0.6236693663747699 0.20729926356720083
60865 49514.664384 -0.7092666962527536 -0.2549632904166973 -0.5602822915381845 0.3435378114783228
60865 49934.664384 0.7485351950485845 0.08792467218923279 0.4680113424641717 -0.46144305945466035
60865 50354.664384 0.749062123330336 -0.083085131244904 0.35191488410681543 -0.5551204470220424
60865 50774.664384 0.7111926686225002 -0.24936970916797443 0.2180916196574013 -0.6200449835957853
60865 51194.664384 0.6370815479790575 -0.40264907993915033 0.07334064189884776 -0.6531630500071389
60865 51614.664384 0.5304981569604614 -0.5353597179384662 -0.07513960594654547 -0.6529285699742334
60865 52034.664384 0.3966582913690754 -0.6408832607023878 -0.2199977085366809 -0.619299486741472
60865 52454.664384 0.2420667554217782 -0.7137728384849122 -0.35396463225458696 -0.5537518036752924
60865 52874.664384 0.07436978320241334 -0.7500030224299482 -0.47010673878942516 -0.45930845391429503
60865 53294.664384 -0.09785076320052022 -0.747276196446886 -0.5621585353614583 -0.34056026703831843
60865 53714.664384 -0.2654642469303209 -0.7053437906323833 -0.6249592819787896 -0.20357987741084352
60865 54134.664384 -0.4193505264460836 -0.6262157853987772 -0.6549051326332324 -0.05566141695495625
60865 54554.664384 -0.5510914212576701 -0.514138635525108 -0.6503116702243599 0.09515482355921154
60865 54974.664384 -0.6536243700852649 -0.3752891517230574 -0.6115581214366588 0.2406863094039495
60865 55394.664384 -0.721700385562734 -0.21727580622243006 -0.5409831135458189 0.3731984034897064
60865 55814.664384 0.7521094764052052 0.048547935070791755 0.44260214616656535 -0.48587835279069647
60865 56234.664384 0.7436897025611241 -0.1221325227581408 0.32175011842147766 -0.5731370992049323
60865 56654.664384 0.6972158675550655 -0.28613439993053585 0.1847190464239269 -0.6307899912760703
60865 57074.664384 0.6152279356384761 -0.43531767397387383 0.03842797897343922 -0.6561374858732065
60865 57494.664384 0.5018442263930079 -0.5623146356143948 -0.1098661927792038 -0.6479846006612014
60865 57914.664384 0.36259264192745777 -0.6607548305664817 -0.25281096755252697 -0.6066434245817568
60865 58334.664384 0.20425634967305953 -0.7254929675063253 -0.3831872600372749 -0.5339539506944666
60865 58754.664384 0.0347194883871801 -0.7528734352887623 -0.49418586839519363 -0.4333087525554019
60865 59174.664384 -0.13725736539506256 -0.7410449696181692 -0.5797574877255957 -0.3096676025588061
60865 59594.664384 -0.302496206153244 -0.6902712984923105 -0.6350737324899043 -0.16941940279075213
60865 60014.664384 -0.45197556313617915 -0.6030921992029904 -0.6569585188051854 -0.020084674693185953
60865 60434.664384 -0.5775396490180289 -0.4842374721751071 -0.644211207204308 0.13020731494797966
60865 60854.664384 -0.6725189278290308 -0.3402574278603071 -0.5976858939597408 0.27333998364513756
60865 61274.664384 -0.7321173818834147 -0.17901450341118577 -0.5201468197527588 0.40175270081694775
60865 61694.664384 0.753606007405761 0.00906542418031915 0.4159531176270505 -0.5088996046596185
60865 62114.664384 0.7362798788096654 -0.1608237127562069 0.29069491244445933 -0.5895117822013752
60865 62534.664384 0.6813348124479024 -0.3221062841911925 0.15084001818671644 -0.639748156655848
60865 62954.664384 0.5916891618655429 -0.4667986681620001 0.0034098852473171248 -0.6572604596471894
60865 63374.664384 0.47180172146926014 -0.5877403864553288 -0.1442940371587924 -0.6412048070534098
60865 63794.664384 0.3275011155235605 -0.67882013967 -0.284926374646516 -0.5922526473896241
60865 64214.664384 0.1658426029375787 -0.7352090146271537 -0.41133330966858916 -0.5126098362487234
60865 64634.664384 -0.005062502200974431 -0.7536388418853774 -0.5168514373238854 -0.4060387405277554
60865 65054.664384 -0.17630453031397345 -0.7327248518450478 -0.5956720151802739 -0.2778594148314819
60865 65474.664384 -0.33868421597279025 -0.6732509531715732 -0.6433235641671577 -0.13476256042287635
60865 65894.664384 -0.48331890690804824 -0.5782811492037728 -0.6570787021380977 0.015534667594961006
60865 66314.664384 -0.6023487756195034 -0.4530097490760603 -0.6362256527317897 0.16484853216737494
60865 66734.664384 -0.6895189325639726 -0.3043313847257137 -0.5820865859832675 0.30515775645576126
60865 67154.664384 -0.7405008772900356 -0.14032030026288864 -0.4978325451638209 0.4291053728893787
60865 67574.664384 0.7530377588827387 -0.030377695386822907 0.3881433472033791 -0.530430081482569
60865 67994.664384 0.7268763631690441 -0.19901767766876138 0.25884464541153546 -0.6041871946534892
60865 68414.664384 0.6636252635416647 -0.35715648955708057 0.11656126649178875 -0.6468803774349235
60865 68834.664384 0.5665717919799866 -0.49698073310468144 -0.03160008258217204 -0.6565119878845475
60865 69254.664384 0.44049870860802326 -0.6115487056541248 -0.17830401912930594 -0.6325952458640237
60865 69674.664384 0.29152859802741526 -0.6950194351315454 -0.3162250256289959 -0.5761603895509809
60865 70094.664384 0.12698135836644836 -0.742894079009295 -0.4382945151967896 -0.4897775412866071
60865 70514.664384 -0.04481703712838845 -0.7523076019449562 -0.5380133299303876 -0.37757961022290093
60865 70934.664384 -0.21483678111124035 -0.7223531952197124 -0.6098455798254291 -0.2452333329811003
60865 71354.664384 -0.3738887345304224 -0.6543444472939474 -0.6496904880935482 -0.09971373108847603
60865 71774.664384 -0.5132674002805023 -0.5518644067288916 -0.6552794714333645 0.05109859795604406
60865 72194.664384 -0.6254385521874453 -0.4205460344244272 -0.626392176421961 0.1989987228223331
60865 72614.664384 -0.7045750545310572 -0.2676017197562107 -0.5648135745682301 0.33607876770116646
60865 73034.664384 0.746826114722983 0.10128378681118624 0.4741018747104004 -0.4552139730863322
60865 73454.664384 0.7504062296845843 -0.06969978487128232 0.35923943448450885 -0.5504356993788775
60865 73874.664384 0.7155035710663802 -0.23664184211671507 0.226269502088253 -0.6171364442127845
60865 74294.664384 0.644130513530959 -0.39122088235291586 0.08195556332309413 -0.6521697542739492
60865 74714.664384 0.5399301028293575 -0.5258066070657941 -0.06652210790551416 -0.6538942614708009
60865 75134.664384 0.4080029485717032 -0.6336903482350936 -0.2118098215345235 -0.6221790224782535
60865 75554.664384 0.25475986364912234 -0.7093155792004223 -0.34662153805692597 -0.5584105392380243
60865 75974.664384 0.08777129132918172 -0.7485291120057741 -0.463992081652406 -0.4655230574978238
60865 76394.664384 -0.08443658226423104 -0.7488859799016723 -0.5576042140335011 -0.34801981721495306
60865 76814.664384 -0.25274788456028585 -0.7099727728887567 -0.6222187072166421 -0.21189867625023293
60865 77234.664384 -0.4080143565971268 -0.6336279107015814 -0.6541352180870135 -0.06439776431551546
60865 77654.664384 -0.5417428154691069 -0.523940582083077 -0.6515549898872287 0.08647013060649877
60865 78074.664384 -0.6467546809381828 -0.3869588818167351 -0.614741112597775 0.23251789382699362
60865 78494.664384 -0.7176612668737731 -0.23018944156514928 -0.5459295343803822 0.3659727729111482
60865 78914.664384 0.7510956672967138 0.06202914554815469 0.4490460610511796 -0.47996387231237553
60865 79334.664384 0.7457375175505249 -0.10877765992842589 0.3293533194324729 -0.5688315801684077
60865 79754.664384 0.7022103116229476 -0.27358579342428796 0.19309107178170679 -0.6283051248278956
60865 80174.664384 0.6229102764885793 -0.4242102408913351 0.04714458811921575 -0.6555957952724429
60865 80594.664384 0.5118269146315989 -0.5532124673163323 -0.10124544170306417 -0.6494139943047311
60865 81014.664384 0.37437460896057095 -0.6541259308352487 -0.24472080444887853 -0.6099792182070081
60865 81434.664384 0.21724730588222624 -0.7216878528083903 -0.3760450634384422 -0.5390365121764088
60865 81854.664384 0.04825646868542821 -0.7521071389178836 -0.4883690995204827 -0.43988838067437125
60865 82274.664384 -0.1238833649645831 -0.7433774256952438 -0.5755818566621853 -0.3174089493588294
60865 82694.664384 -0.28999683727397635 -0.695594135448803 -0.6327688871244953 -0.17791618416420427
60865 83114.664384 -0.44102000322393325 -0.6111291527075995 -0.6566492841773911 -0.028883092919101253
60865 83534.664384 -0.5687090639795346 -0.49455856052047836 -0.6459108294505009 0.1215772641656319
60865 83954.664384 -0.6662712933350312 -0.35231177583137735 -0.6012966951144523 0.2653323590002615
60865 84374.664384 -0.7287685888324877 -0.19216031826006405 -0.5254730370531154 0.3947769539214143
60865 84794.664384 0.7533144060205605 0.022618735119504532 0.42271133561252694 -0.5033099693510524
60865 85214.664384 0.7390470340894562 -0.14755823531812995 0.29853348437222715 -0.5855884282514083
60865 85634.664384 0.6870112258872051 -0.30980315568166483 0.15935805398324718 -0.6376853384431183
60865 86054.664384 0.5999840714132431 -0.4560821959996267 0.012175292047839544 -0.6571604878612958
60866 74.664384 0.48229348959070306 -0.5791572345840358 -0.1357230728802378 -0.6430778607721931
60866 494.664384 0.3396618009177848 -0.672814502750145 -0.2769851270799245 -0.5960115311492558
60866 914.664384 0.17905971665582737 -0.732100773284012 -0.4044360887406262 -0.518070965942187
60866 1334.664384 0.008530581926124499 -0.7536062533218447 -0.5113652405075712 -0.4129290918872721
60866 1754.664384 -0.16304917132054367 -0.7357848182715047 -0.591895521916348 -0.28582400191066365
60866 2174.664384 -0.32647266841305556 -0.6792500484689584 -0.6414647587178247 -0.14338037437968842
60866 2594.664384 -0.4728032390084294 -0.5869030410792758 -0.6572341137079378 0.00672587046984755
60866 3014.664384 -0.5940831374133859 -0.46379082476057804 -0.6383788167028444 0.1563194904483984
60866 3434.664384 -0.6839274383717653 -0.31669381400188557 -0.5861126136093321 0.29735549664200284
60866 3854.664384 -0.737859759130025 -0.15360855039503654 -0.5035111651231181 0.42242620148195953
60866 4274.664384 0.7534658476140029 -0.016854291019523106 0.3951717270829074 -0.5252089636210082
60866 4694.664384 0.7303359946128698 -0.1859505469029964 0.2668575051754128 -0.6006819466330425
60866 5114.664384 0.6699298845748596 -0.345207322363622 0.12515002445950144 -0.6452622146986757
60866 5534.664384 0.5753948733814863 -0.486752204080001 -0.022866683731912536 -0.6568638719587713
60866 5954.664384 0.4513956264700876 -0.6035606410199887 -0.16986452048172568 -0.6349036034680625
60866 6374.664384 0.3039540801389321 -0.6896863476525462 -0.3085091160065884 -0.5803161072806958
60866 6794.664384 0.14030904764567995 -0.7405037480215311 -0.43170486553986004 -0.4955789335555321
60866 7214.664384 -0.03127602821315596 -0.7530037863256145 -0.5329025399052465 -0.3847362613544966
60866 7634.664384 -0.2017965182042228 -0.726118027149729 -0.6064909096923413 -0.25337630581685133
60866 8054.664384 -0.362045543345356 -0.6609857231811382 -0.6482805417705809 -0.10841234918640864
60866 8474.664384 -0.503253640244032 -0.5610274663312167 -0.6558916702042541 0.042309249104422894
60866 8894.664384 -0.6177810173292942 -0.4317387461151058 -0.6289871498080198 0.19058708011542091
60866 9314.664384 -0.699666008667101 -0.28022495081005383 -0.5692427280193345 0.3284877012255663
60866 9734.664384 -0.7449050616079657 -0.11466994565955187 -0.48012201671123345 0.44883193048445913
60866 10154.664384 0.7515520989404384 -0.05624606422072369 0.3665279221669039 -0.5455851034530836
60866 10574.664384 0.7196396968554837 -0.22381057066449309 0.23444442670379245 -0.6140548395348022
60866 10994.664384 0.6510307106393248 -0.37966198653626915 0.09059779219626984 -0.6510052456262937
60866 11414.664384 0.5492350898074906 -0.516101451007694 -0.057848618025862775 -0.6547011881648058
60866 11834.664384 0.4192431684804491 -0.626328817980482 -0.20354179105971287 -0.6249144875435759
60866 12254.664384 0.26737165153205383 -0.7046763438224591 -0.33917671818523737 -0.5629412085245896
60866 12674.664384 0.10111947439090059 -0.7468616011597375 -0.45775441113703963 -0.4716285611544354
60866 13094.664384 -0.07103861269244298 -0.7502935590125062 -0.5529082956319851 -0.35539486129151243
60866 13514.664384 -0.24000354083005299 -0.7143995205002561 -0.6193215026765369 -0.2201647152032261
60866 13934.664384 -0.39660473539660857 -0.6408526250902405 -0.6531970284602335 -0.07311797854600686
60866 14354.664384 -0.532278494582674 -0.5335802276542775 -0.65262922296034 0.07776144416993791
60866 14774.664384 -0.6397350055140122 -0.3984943047331422 -0.6177693765651793 0.2242819858872
60866 15194.664384 -0.7134465569451399 -0.2430041301172512 -0.5507397494582676 0.3586484790093606
60866 15614.664384 0.7498885377144214 0.0754450062242951 0.455372078237876 -0.4739319596752899
60866 16034.664384 0.7475782133462746 -0.09546008294063525 0.3368536486168575 -0.5643968523197748
60866 16454.664384 0.7069808628119 -0.2610493879521837 0.20137046877919496 -0.6256845938419604
60866 16874.664384 0.6303536908638119 -0.41308839146495163 0.05577637148531442 -0.654905490613112
60866 17294.664384 0.5215598940158953 -0.5440605473683583 -0.09269609630582586 -0.6506772098982962
60866 17714.664384 0.3859081217370449 -0.6474018545357378 -0.23667902691857287 -0.6131303275307387
60866 18134.664384 0.23000574842238206 -0.7177375073988601 -0.36891131732106497 -0.543925239456644
60866 18554.664384 0.06160223624442021 -0.751146310102224 -0.48251264306159247 -0.44628010777449684
60866 18974.664384 -0.11063422311075684 -0.7454768569141365 -0.5713206582291266 -0.3249877381728995
60866 19394.664384 -0.2775423137596754 -0.700665676269656 -0.6303430168605062 -0.18629427061964882
60866 19814.664384 -0.4300293859256237 -0.6189175114976871 -0.6562017761550627 -0.03761741847711435
60866 20234.664384 -0.5597753765522896 -0.5046511294203962 -0.6474715898648745 0.11295709671513655
60866 20654.664384 -0.6598687821091286 -0.36416784189714413 -0.604777478327432 0.25729200343909736
60866 21074.664384 -0.7252239586473527 -0.20514617618945888 -0.5306747643155298 0.38774934006051276
60866 21494.664384 0.7527922511843786 0.03604708989623105 0.42934438634507893 -0.4976623672538801
60866 21914.664384 0.7415509548980638 -0.13438743235645137 0.3062396363920984 -0.581600794718203
60866 22334.664384 0.6923929656488347 -0.29756432736556354 0.16773201102915186 -0.635541835503854
60866 22754.664384 0.607955577810988 -0.4453879980033646 0.020790898346088462 -0.6569530311894644
60866 23174.664384 0.4924487153735528 -0.57053792162123 -0.12729458781457847 -0.6448075919467615
60866 23594.664384 0.35149485636169264 -0.6667020485371824 -0.26915927166947295 -0.5995940550922403
60866 24014.664384 0.19198290948795305 -0.7288144587567709 -0.3976037056290444 -0.5233386479533759
60866 24434.664384 0.02189709269593988 -0.7533334408622457 -0.5058846718671827 -0.41963072215931424
60866 24854.664384 -0.14992630793292852 -0.7385641109753391 -0.5880706542278737 -0.29362912288260556
60866 25274.664384 -0.3142896134174757 -0.6849587211877253 -0.6395184275937298 -0.1518873593648038
60866 25694.664384 -0.46221898287706514 -0.5952532254981794 -0.6572846341507794 -0.0020295594056528245
60866 26114.664384 -0.5856709283519637 -0.47434198279351547 -0.6404272207934399 0.1477911428660586
60866 26534.664384 -0.67813422363934 -0.3288800306462517 -0.5900439796574997 0.28951684275898387
60866 26954.664384 -0.7349785644974574 -0.16678042140881744 -0.5091038428648545 0.4156970987921273
60866 27374.664384 0.7536292809829469 -0.0033933779518966535 0.40211923094260466 -0.51993414576976
60866 27794.664384 0.7335155991657902 -0.17290087782694108 0.2747884584521964 -0.5971192974009386
60866 28214.664384 0.6759413756325983 -0.3332322165424434 0.13365218932520226 -0.6435811051100716
60866 28634.664384 0.5839227490201822 -0.4764505216097551 -0.0142240107895189 -0.6571352989693715
60866 29054.664384 0.4620092198809628 -0.5954451304503433 -0.1615109891445928 -0.6371081366247751
60866 29474.664384 0.31612670006523297 -0.6841674255416904 -0.3008584259026366 -0.5843483985576665
60866 29894.664384 0.15343531780620992 -0.7378748445035009 -0.42514366416636235 -0.5012496203667799
60866 30314.664384 -0.0178593001366393 -0.75342238556238 -0.5277783343548048 -0.3917726178764791
60866 30734.664384 -0.18878356718354317 -0.7295870973191133 -0.6030908779406328 -0.2614284321410435
60866 31154.664384 -0.35012991349137657 -0.6673441433595133 -0.6468053814473238 -0.11706253257580074
60866 31574.664384 -0.4930811153006951 -0.5699521513320729 -0.6564309790654588 0.03352504509956204
60866 31994.664384 -0.6099006023374525 -0.4427566445202155 -0.631514919603413 0.1821447647337333
60866 32414.664384 -0.6944945057614323 -0.29274416104404083 -0.5736177035531709 0.3208441487890829
60866 32834.664384 -0.7427021106607159 -0.12802342937355404 -0.48610186724141846 0.44238959189379506
60866 33254.664384 0.7524152393116115 -0.042761844936818144 0.37378858424441963 -0.5406707191607498
60866 33674.664384 0.723503014230411 -0.21089177206066106 0.24260087243742762 -0.6109115038769715
60866 34094.664384 0.657680830342223 -0.3679639547591571 0.09922841757755736 -0.6497785580822276
60866 34514.664384 0.5583273809063447 -0.506209265735158 -0.049179061995275435 -0.6554419385997501
60866 34934.664384 0.4303209346293707 -0.6187367627767559 -0.19526341820865628 -0.6275833881785883
60866 35354.664384 0.27988507772854715 -0.699772565700228 -0.33170203609449683 -0.5674120714339539
60866 35774.664384 0.11444335405162899 -0.744912052022328 -0.45146570180298895 -0.47768972519914304
60866 36194.664384 -0.05758512589258092 -0.7514235185510703 -0.5481409507884338 -0.36275080580615765
60866 36614.664384 -0.2271236421276675 -0.7185748045363407 -0.6163426169749269 -0.22844447897185355
60866 37034.664384 -0.38498919788847463 -0.6478705032230987 -0.6521822472768154 -0.081886780982041
60866 37454.664384 -0.5225560554405114 -0.543073880356083 -0.6536423480808393 0.06897543180587594
60866 37874.664384 -0.6324257433916126 -0.4099579396343015 -0.6207544700737594 0.2159538254113842
60866 38294.664384 -0.7089320770833067 -0.255820645096987 -0.5555298947588723 0.35122306822546
60866 38714.664384 0.7483915193560831 0.08893280345724766 0.46170514448999533 -0.46779210101988755
60866 39134.664384 0.749156721125737 -0.08200462101149021 0.34438931462563277 -0.5598530604512076
60866 39554.664384 0.7115362474244744 -0.24831694733177015 0.2097136739595549 -0.6229566896850162
60866 39974.664384 0.6376396203233995 -0.40172078249206583 0.06450181884352112 -0.6541220397400404
60866 40394.664384 0.5312033041383986 -0.5346267585848715 -0.08402571931311081 -0.6518718870847215
60866 40814.664384 0.3974279214276538 -0.6403773806534546 -0.2284960531506942 -0.6162446034746837
60866 41234.664384 0.24282938548171712 -0.7134871538290297 -0.3616297777224586 -0.5488113289026817
60866 41654.664384 0.07508277248329949 -0.7499067834369617 -0.47651001226049955 -0.452703657646975
60866 42074.664384 -0.09719536788432935 -0.7473375969185234 -0.5669192670897291 -0.33262910470420504
60866 42494.664384 -0.26485533135192446 -0.7055497773764116 -0.6277894868357432 -0.19476017384740793
60866 42914.664384 -0.41877629568286623 -0.6265767895406417 -0.6556444172824446 -0.046457927950379244
60866 43334.664384 -0.5505616680413081 -0.5146799095568488 -0.6489412151529634 0.10421967020635607
60866 43754.664384 -0.6531802986223835 -0.37602739166735033 -0.6081910757815108 0.24912349055669517
60866 44174.664384 -0.721403717921647 -0.2181982650742644 -0.5358432373355837 0.3805761656871423
60866 44594.664384 0.7520234127031123 0.04960162447001216 0.43598666334422514 -0.4918496670551579
60866 45014.664384 0.7438524850903095 -0.12103294210145825 0.3140016385919448 -0.5774404543438306
60866 45434.664384 0.6976256706050095 -0.2850900118103803 0.17621043585813004 -0.6332392842942989
60866 45854.664384 0.6158427505243552 -0.4344218604818359 0.029554040009773984 -0.6566139752405502
60866 46274.664384 0.5025900806047741 -0.5616299723069587 -0.11868695483745462 -0.6464428759260817
60866 46694.664384 0.36338498109039646 -0.6603031079930165 -0.26113822525229274 -0.603123526655011
60866 47114.664384 0.205028423099629 -0.7252597014039783 -0.39057775317297777 -0.5285931611050604
60866 47534.664384 0.035435757056825244 -0.7528247682809329 -0.5002203727430272 -0.4263551970803174
60866 47954.664384 -0.13660080085444523 -0.741152180152763 -0.5840724203869966 -0.3014847837022726
60866 48374.664384 -0.30188739954487626 -0.690526456046298 -0.6374077194371545 -0.1604637363957915
60866 48794.664384 -0.45140765435938507 -0.6035094031604168 -0.6571829409767218 -0.010867933193672793
60866 49214.664384 -0.5770291113580482 -0.4848406914171464 -0.6423389981759563 0.13916723757333624
60866 49634.664384 -0.672112840297506 -0.3410531625592165 -0.5938588164305778 0.28156487061288266
60866 50054.664384 -0.7318789202118063 -0.17997454894370365 -0.5146079428068608 0.4088289044113705
60866 50474.664384 0.7535894635021186 0.010128059297164272 0.40901011532928777 -0.514500795404424
60866 50894.664384 0.7365113053933312 -0.15974797097548227 0.2826989661973672 -0.5933910829360075
60866 51314.664384 0.6818020794233945 -0.3211155325531877 0.1421720582858841 -0.641730352320796
60866 51734.664384 0.592340916137828 -0.4659758692119482 -0.005524810210363627 -0.6572428811735488
60866 52154.664384 0.47255974094160613 -0.5871347881913372 -0.15306499367314155 -0.639164407213478
60866 52574.664384 0.32828671742516297 -0.6784428196799924 -0.2930888267765415 -0.5882534413036807
60866 52994.664384 0.16659763129661015 -0.7350397204665036 -0.418447364193749 -0.5068171681999208
60866 53414.664384 -0.0043662422853210404 -0.753644122061741 -0.5225084117118255 -0.3987310282640152
60866 53834.664384 -0.17566586682988736 -0.7328776087754199 -0.5995348965597367 -0.2694249832395518
60866 54254.664384 -0.3380913500429681 -0.6735463502866033 -0.6451630535929284 -0.12567492717470627
60866 54674.664384 -0.4827713611914407 -0.5787357340993456 -0.6567980588721613 0.024760305967727665
60866 55094.664384 -0.6018703963145318 -0.45364297656845004 -0.63386731912195 0.1737017489821475
60866 55514.664384 -0.6891592293383502 -0.30514045952318747 -0.5778160796611709 0.3131731704101498
60866 55934.664384 -0.7403183789844703 -0.14126892027795762 -0.4919054686186437 0.4358908118375274
60866 56354.664384 0.7530787737334559 -0.029360721503393108 0.38087797348331165 -0.5356699337280003
60866 56774.664384 0.7271541416951885 -0.1980215876384553 0.2506011331657101 -0.6076457661341361
60866 57194.664384 0.6641134174441008 -0.356269647437804 0.10773126240620948 -0.6483974723775724
60866 57614.664384 0.567208066521159 -0.4962698437700485 -0.04059600909523421 -0.656005499583136
60866 58034.664384 0.4412096429226124 -0.611046997458086 -0.18702477094055628 -0.6300613882346634
60866 58454.664384 0.29224773496937695 -0.6947262446792514 -0.3242220669414834 -0.5716876399462613
60866 58874.664384 0.1276627531645023 -0.7427851820142195 -0.4451283560984313 -0.4835629653226874
60866 59294.664384 -0.044187958985298356 -0.7523523848908783 -0.5432879852304091 -0.36993442437005514
60866 59714.664384 -0.21425443269597247 -0.7225349640728989 -0.613247068350426 -0.23657196985676396
60866 60134.664384 -0.37334138546545226 -0.6546649279011397 -0.6510260770567242 -0.09052673122931312
60866 60554.664384 -0.5127602539433601 -0.5523406644251228 -0.6544934853931189 0.060290878052337606
60866 60974.664384 -0.6250035724943458 -0.4211939453173177 -0.6235618290477141 0.2076941023524907
60866 61394.664384 -0.7042643160889005 -0.2684187283923091 -0.5601268937506857 0.34383284053344465
60866 61814.664384 0.7466974876703958 0.10222647556921398 0.46783017133160176 -0.46165738420527885
60866 62234.664384 0.7504983037019226 -0.06870916292330838 0.35170959656560474 -0.5552762436432651
60866 62654.664384 0.7158182765140936 -0.2356972371348751 0.21784492067290726 -0.6201569139761274
60866 63074.664384 0.6446270040601857 -0.39040793618007474 0.07303083824028836 -0.6532259683064696
60866 63494.664384 0.5405392928292341 -0.5251820871819289 -0.07552402177007456 -0.652914366779119
60866 63914.664384 0.4086518578438343 -0.6332730943967613 -0.2204453468095509 -0.6191709748235541
60866 64334.664384 0.2553878233108367 -0.7090899636101619 -0.35443446832582337 -0.55348413787071
60866 64754.664384 0.08834632378208626 -0.7484616794056034 -0.47053974924974457 -0.4589034603394509
60866 65174.664384 -0.08391139561226969 -0.7489467601874918 -0.5624973297136521 -0.34005055823520086
60866 65594.664384 -0.2522533258964061 -0.7101532436409398 -0.6251658666050898 -0.20302282963342003
60866 66014.664384 -0.4075351618175455 -0.6339445366918726 -0.6549738943406029 -0.05512362481893601
60866 66434.664384 -0.5412885997054091 -0.5244188977057259 -0.6502683157177237 0.09561688727261325
60866 66854.664384 -0.6463677258570663 -0.3876132821836916 -0.6114426276954434 0.24104484952398705
60866 67274.664384 -0.7174001669051737 -0.23101323919419978 -0.5408338989168506 0.3734549204707715
60866 67694.664384 0.751018511802472 0.06297176588193688 0.4424408125168542 -0.4860574853359801
60866 68114.664384 0.7458767489419788 -0.10780111526174072 0.3215738313807434 -0.5732687553906792
60866 68534.664384 0.702556896903145 -0.2726724225716119 0.1845057179544174 -0.6308892110544265
60866 68954.664384 0.6234195937569004 -0.42344348546083377 0.03815001150395107 -0.6561921984929495
60866 69374.664384 0.5124302297631724 -0.5526410186113988 -0.11022371081113312 -0.6479613397017151
60866 69794.664384 0.3749986783150174 -0.6537580212307835 -0.25323245693065327 -0.6065061942760893
60866 70214.664384 0.21783702638566263 -0.7215000330200056 -0.38362897775959115 -0.5336792479670857
60866 70634.664384 0.048791353700710444 -0.7520626876121312 -0.49458946628692196 -0.43289996251292023
60866 71054.664384 -0.123389742993697 -0.743449021823941 -0.5800673018422762 -0.3091608781951501
60866 71474.664384 -0.28952072332339635 -0.6957798427638701 -0.6352557463538493 -0.1688736151510818
60866 71894.664384 -0.44054994648811063 -0.6114530250931749 -0.6570070011786283 -0.019563822632455298
60866 72314.664384 -0.568262681235139 -0.4950528125840386 -0.6441507405856884 0.13065244456569655
60866 72734.664384 -0.6658992246924162 -0.35298676649404553 -0.5975572793172719 0.2736857014333355
60866 73154.664384 -0.7285331039693653 -0.19299652674428275 -0.5199882887845033 0.4020000455377701
60866 73574.664384 0.7532693959279394 0.02355768697382795 0.4157825349581915 -0.5090728201019384
60866 73994.664384 0.739218027963103 -0.1466032294265355 0.2905078189784348 -0.5896349780741001
60866 74414.664384 0.6873835690842145 -0.30892294675404824 0.15061662085444916 -0.6398320681586923
60866 74834.664384 0.6005121329707658 -0.4553512804233127 0.0031270031469012114 -0.6572903554922058
60866 75254.664384 0.48291064114917087 -0.5786163250109092 -0.14464189589349916 -0.6411545703245831
60866 75674.664384 0.34030105071652134 -0.6724685169713513 -0.2853192181072372 -0.592093094320697
60866 76094.664384 0.17967350014275693 -0.7319286087139725 -0.4117316811917973 -0.5123231087853207
60866 76514.664384 0.009101693916602404 -0.753577766705782 -0.5172040709412448 -0.40563241696932734
60866 76934.664384 -0.16251190685194689 -0.7358808908417157 -0.5959320379838855 -0.27737015111529195
60866 77354.664384 -0.32595337133907737 -0.6794742632772746 -0.6434649220083704 -0.13424611503226555
60866 77774.664384 -0.4722999366055595 -0.5872773602002251 -0.6571007532031791 0.01602099305455879
60866 78194.664384 -0.593621143928253 -0.46434332576878196 -0.6361503608102284 0.16526321955085904
60866 78614.664384 -0.6835599110332748 -0.31742855284399557 -0.5819501138047963 0.30548163105190557
60866 79034.664384 -0.7376489576629651 -0.15449524116205574 -0.49766688855219027 0.4293400793727523
60866 79454.664384 0.7534619142499949 -0.01588122009965218 0.3879618407796326 -0.5305926316127644
60866 79874.664384 0.7305582250248815 -0.18497878876231436 0.2586406908240188 -0.6042950608821785
60866 80294.664384 0.6703582600695501 -0.34432575465791043 0.11631694113579685 -0.6469389051839418
60866 80714.664384 0.5759761658185116 -0.4860309117511257 -0.03189897997566681 -0.6565118919775085
60866 81134.664384 0.4520595247212965 -0.6030366425613187 -0.17865578166763904 -0.6325117433801942
60866 81554.664384 0.30463495801893914 -0.6893617032648991 -0.3166075355881699 -0.5759667115669985
60866 81974.664384 0.14096184595028238 -0.7403564143613691 -0.43866753451721524 -0.48946187988530143
60866 82394.664384 -0.030667384429506332 -0.7530054585425612 -0.5383264116104743 -0.37715642046762254
60866 82814.664384 -0.20122492608451645 -0.7262512294059985 -0.6100560739796385 -0.24474326856750617
60866 83234.664384 -0.3614996617115594 -0.6612578960450275 -0.6497790123265226 -0.09921302656657861
60866 83654.664384 -0.5027371621799088 -0.5614601931503451 -0.6552556816335686 0.05155374824197109
60866 84074.664384 -0.617324516062796 -0.4323518859791368 -0.6262857655968214 0.1993700789208892
60866 84494.664384 -0.6993232146067003 -0.2810172266376983 -0.5646611311774856 0.3363542281321433
60866 84914.664384 0.7447371815659783 0.11560313744795292 0.4739313901575174 -0.4554025498706785
60866 85334.664384 0.7516044377906743 -0.05524348446468157 0.3590573862195663 -0.5505603690048331
60866 85754.664384 0.719923713243938 -0.2228288917667587 0.2260616524630711 -0.6172141130829106
60866 86174.664384 0.6515186526634348 -0.3787896460156989 0.08169912191757046 -0.652201734726934
60867 194.664384 0.5498669230960046 -0.5154045716151937 -0.06684174734616488 -0.6538628871979222
60867 614.664384 0.4199447954144354 -0.6258386208914049 -0.21218689955903097 -0.6220523362713126
60867 1034.664384 0.2680789557269827 -0.7043890692871755 -0.34702542300973277 -0.5581604324475115
60867 1454.664384 0.10179043349130415 -0.746752017961011 -0.46437184529028463 -0.4651439783792822
60867 1874.664384 -0.07041659874065118 -0.7503349966115034 -0.55790415821373 -0.34753682643662775
60867 2294.664384 -0.2394222073603866 -0.7145775945839711 -0.6223997301437288 -0.2113632982764019
60867 2714.664384 -0.3960535450131506 -0.6411740594368763 -0.6541847605542157 -0.06387263926264956
60867 3134.664384 -0.5317659038307923 -0.5340668004895878 -0.6514914177138553 0.08692875693938346
60867 3554.664384 -0.6392976868911124 -0.3991626069883981 -0.6146024940076708 0.23287648030114558
60867 3974.664384 -0.7131404231430621 -0.2438455575098582 -0.5457533592161175 0.36622855140794824
60867 4394.664384 0.7497728609487742 0.07641387823237854 0.4488543302666398 -0.48013682049918166
60867 4814.664384 0.7476919281317032 -0.0944407049814317 0.3291445972503189 -0.5689477726032781
60867 5234.664384 0.7073281291339033 -0.2600723727378923 0.19284522424735037 -0.6283788651437953
60867 5654.664384 0.630896308963484 -0.4122396403767989 0.04683750154480804 -0.6556177046780386
60867 6074.664384 0.5222316005602062 -0.5434007151428896 -0.10162386390645059 -0.6493553791593975
60867 6494.664384 0.3866339567110128 -0.6469555819972207 -0.24515469301547682 -0.6098047514845316
60867 6914.664384 0.23072254026622963 -0.7174947560806649 -0.3764900075895752 -0.5387241024820095
60867 7334.664384 0.06227060439021805 -0.7510784943485356 -0.4887672634207536 -0.43944286245677205
60867 7754.664384 -0.11002322268921536 -0.7455575703000923 -0.5758762557120598 -0.3168680134446527
60867 8174.664384 -0.27697762108109764 -0.7008828791276515 -0.6329271734699324 -0.17734085893936552
60867 8594.664384 -0.4295005545283901 -0.6192805789391098 -0.6566716602168853 -0.028340234237668856
60867 9014.664384 -0.5592934593637746 -0.5051837910000432 -0.6458229323985675 0.12203648475698518
60867 9434.664384 -0.6594743554982677 -0.3648794891562537 -0.601139251884384 0.26568427254374477
60867 9854.664384 -0.724975119899131 -0.20601944326432783 -0.5252809961484893 0.3950277706814393
60867 10274.664384 0.7527457864879379 0.0370281989169668 0.4224999246854268 -0.5034843662423191
60867 10694.664384 0.7417367212118628 -0.13337968442633466 0.2982948157296796 -0.5857104225613569
60867 11114.664384 0.6928009067299062 -0.29662189180691323 0.1590691343012963 -0.6377612150701418
60867 11534.664384 0.6085393163132784 -0.44459386496628506 0.011815530746965876 -0.6571731803478258
60867 11954.664384 0.4931372537544044 -0.5699451597093024 -0.136156076159177 -0.64299275797511
60867 12374.664384 0.35221270992988307 -0.6663247356840509 -0.27746460908271187 -0.595794380878173
60867 12794.664384 0.19267085334223236 -0.7286334602362292 -0.4049079858201424 -0.5177072009501422
60867 13214.664384 0.02252430446143793 -0.7533146103068934 -0.5117699456425673 -0.41243335988218205
60867 13634.664384 -0.14936022043044098 -0.7386798592834881 -0.5921820526379543 -0.2852437669352222
60867 14054.664384 -0.31377056605533304 -0.6852041632236895 -0.6416048652382558 -0.14278124344898754
60867 14474.664384 -0.4617375454604692 -0.5956412128459891 -0.6572343645945748 0.00727836983571837
60867 14894.664384 -0.5852414031340089 -0.47489131675449886 -0.6382720580816573 0.15677856103791812
60867 15314.664384 -0.6777998156366443 -0.3295948069761098 -0.5859401269229273 0.2977059636602127
60867 15734.664384 -0.7347961998124718 -0.16763432630774347 -0.5033023196469608 0.4226819755117168
60867 16154.664384 0.7536452538510257 -0.002459511039838775 0.3949352000453573 -0.525394109139417
60867 16574.664384 0.7337455653977146 -0.1719686631974017 0.2665805083846776 -0.600815326607647
60867 16994.664384 0.676367638593406 -0.33239031499735255 0.12480938272912548 -0.6453418581978975
60867 17414.664384 0.5844932190287842 -0.47576990993399176 -0.023286891356793113 -0.6568625353920773
60867 17834.664384 0.46265115357001046 -0.5949624078533349 -0.17035443152775126 -0.634785799306
60867 18254.664384 0.31677127660399784 -0.6838825511663419 -0.30902932497060026 -0.5800530069201473
60867 18674.664384 0.15403690885148966 -0.7377608737089736 -0.4321952139669027 -0.49516544806736373
60867 19094.664384 -0.017314472754798086 -0.753443863115021 -0.5333047861889217 -0.38419859343251805
60867 19514.664384 -0.18828644234896869 -0.7297226013715432 -0.6067618849965419 -0.2527709548001105
60867 19934.664384 -0.349665289462692 -0.6675973906659152 -0.6484022362606539 -0.10780746418136511
60867 20354.664384 -0.49264484911144374 -0.5703382045573044 -0.6558803981857048 0.042851935103031875
60867 20774.664384 -0.6095152453252239 -0.4432942402303691 -0.6288789302136054 0.19103055626810853
60867 21194.664384 -0.6942059760430976 -0.2934362509811188 -0.569073162091423 0.32882969090923814
60867 21614.664384 -0.7425633478932705 -0.12883849532491934 -0.47991312908236616 0.4490920896902109
60867 22034.664384 0.7524640378647427 -0.04188689226798496 0.3662813452605014 -0.5457850640046636
60867 22454.664384 0.7237509902479979 -0.21004088654006886 0.2341437983876239 -0.6142019307793813
60867 22874.664384 0.6581012530181072 -0.36721702177576493 0.09022230443746693 -0.6510870413977903
60867 23294.664384 0.5588628762957322 -0.5056229917164433 -0.058305123253071835 -0.6546893831036353
60867 23714.664384 0.43090302487348586 -0.618334905864752 -0.20405878956559137 -0.6247755899081957
60867 24134.664384 0.2804555666406991 -0.6995463903912854 -0.33970814149431966 -0.5626525583637233
60867 24554.664384 0.1149695465733956 -0.7448324248134991 -0.45823936740691545 -0.4711935318588966
60867 24974.664384 -0.05710505096942492 -0.75146014911118 -0.5532891008910217 -0.3548490218202487
60867 25394.664384 -0.2266730220915335 -0.7187125834643203 -0.6195649841490151 -0.21956956492730081
60867 25814.664384 -0.38455103836888666 -0.6481191724274351 -0.6532991151145794 -0.07254173565538197
60867 26234.664384 -0.5221334349605105 -0.5434623921626328 -0.6526100788995265 0.07826486644696193
60867 26654.664384 -0.6320516610508756 -0.41050778781820535 -0.6176648379012399 0.22468689753491913
60867 27074.664384 -0.708658557686557 -0.25653211777834756 -0.5505856728389306 0.3589564570115253
60867 27494.664384 0.748273867971894 0.08976903152269355 0.4551883674081833 -0.47416377936967186
60867 27914.664384 0.7492356305563755 -0.08111760020691496 0.33663887268354875 -0.5645707876252639
60867 28334.664384 0.7118139776024025 -0.24746588961121502 0.20110524793608453 -0.625810014318517
60867 28754.664384 0.6380802556485413 -0.40098490537033155 0.05544049592986792 -0.6549740792029015
60867 29174.664384 0.5317457928617656 -0.5340592183212757 -0.09310911524916861 -0.6506595544195115
60867 29594.664384 0.3980036721013606 -0.6399953927355927 -0.23715001924175305 -0.6129917149886148
60867 30014.664384 0.24338347339817615 -0.7132758768514179 -0.3693954972122475 -0.5436441621297856
60867 30434.664384 0.07558879534607092 -0.749835094769012 -0.4829494722149215 -0.4458626155647112
60867 30854.664384 -0.09673041026507771 -0.7473780688793926 -0.5716530877939907 -0.32447187413342243
60867 31274.664384 -0.26440851715119273 -0.705694382696812 -0.6305422641405981 -0.18574183002361389
60867 31694.664384 -0.4183316801964143 -0.6268463979684638 -0.6562669083412676 -0.03709371529250764
60867 32114.664384 -0.5501291281324856 -0.5151086612536641 -0.6474262047603643 0.11340334594376036
60867 32534.664384 -0.6528032568230103 -0.37663424505452375 -0.6046632403061204 0.2576371851188855
60867 32954.664384 -0.7211422449372378 -0.21897611519810894 -0.5305296171593435 0.38799697016392515
60867 33374.664384 0.751938046701753 0.05050017005187329 0.42918722178834134 -0.49783253750703094
60867 33794.664384 0.7439774718073681 -0.12009483670946312 0.3060629580566949 -0.5817217697013153
60867 34214.664384 0.6979568290282835 -0.2842046972729618 0.16751172896684383 -0.635628645924101
60867 34634.664384 0.6163369230570935 -0.43367044785750614 0.020501575723155613 -0.6569919522524247
60867 35054.664384 0.5031794400158219 -0.5610621440170985 -0.12766178236912282 -0.6447652216261661
60867 35474.664384 0.36399769999091103 -0.6599304839368162 -0.2695838384703533 -0.599434721056294
60867 35894.664384 0.20561191296347 -0.7250622749580016 -0.39803895627152047 -0.5230424724346088
60867 36314.664384 0.035968079504510864 -0.7527696316631202 -0.5062703323240011 -0.4192070246442359
60867 36734.664384 -0.13610880422009852 -0.7412139886234294 -0.5883514564610043 -0.2931190545886376
60867 37154.664384 -0.3014132906965315 -0.6907048453910206 -0.6396635448026032 -0.15135188864174282
60867 37574.664384 -0.45094038941583475 -0.6038281632612635 -0.6572989953223645 -0.0015314027015624937
60867 37994.664384 -0.5765856513862009 -0.4853313125242104 -0.64034171289901 0.1482059189797749
60867 38414.664384 -0.6717427429777976 -0.34172873763364003 -0.5898994734606886 0.2898305855888673
60867 38834.664384 -0.7316466552220142 -0.18081413388148013 -0.5089339783547033 0.4159154079463558
60867 39254.664384 0.7535517407036596 0.011072447283625551 0.4019348471946778 -0.5200822565750796
60867 39674.664384 0.7366953133263593 -0.1587850126658903 0.2745773297546628 -0.5972224251151906
60867 40094.664384 0.6821945459450693 -0.3202269195395743 0.13338960235350475 -0.64364006670574
60867 40514.664384 0.5928912021030959 -0.4652381695516869 -0.014556678466955325 -0.6571313195799995
60867 40934.664384 0.4731966057552298 -0.5865914662063064 -0.16191134754480682 -0.6370087437483807
60867 41354.664384 0.3289390653323273 -0.6780995773834884 -0.30129735361363974 -0.5841232396986502
60867 41774.664384 0.16721740593841622 -0.7348736603676937 -0.425570809134576 -0.500887740777868
60867 42194.664384 -0.0037956257888733225 -0.7536228845417723 -0.5281366333046138 -0.3912925218828969
60867 42614.664384 -0.17513591034365186 -0.7329815591731413 -0.6033311207445018 -0.26087737648442116
60867 43034.664384 -0.33758401418113065 -0.6737787217783546 -0.6469054086651697 -0.11650175830360109
60867 43454.664384 -0.48228310328220203 -0.5791195214935595 -0.6564031478156097 0.03403668096801225
60867 43874.664384 -0.6014252048222507 -0.45420553225275556 -0.6313903694309149 0.18256850458224622
60867 44294.664384 -0.6888093231057412 -0.30588847088909765 -0.5734324890166892 0.3211683986943066
60867 44714.664384 -0.7401292606596266 -0.14216780153794562 -0.4858818754145471 0.442623764460229
60867 45134.664384 0.7530999126911052 -0.028377360669834786 0.3735381921953198 -0.5408368200090636
60867 45554.664384 0.7274028240746849 -0.1970445081259623 0.24230740907067058 -0.6110202229509504
60867 45974.664384 0.6645662847487511 -0.3553912684682353 0.09887385204231681 -0.6498251002031966
60867 46394.664384 0.5678089710938381 -0.49556220049828886 -0.04960318326880012 -0.6554011000847135
60867 46814.664384 0.4418812091666195 -0.6105452590886118 -0.1957417445702168 -0.6274238224856259
60867 47234.664384 0.2929196479981056 -0.6944279981737593 -0.33219568643146175 -0.5671100960883884
60867 47654.664384 0.12829274149840345 -0.7426618007694429 -0.451919083076414 -0.47724581140968164
60867 48074.664384 -0.04361032606824413 -0.7523717912363667 -0.5484973883221502 -0.36219530948893164
60867 48494.664384 -0.21371836060862923 -0.7226811764824422 -0.6165620016721949 -0.22783256481611533
60867 48914.664384 -0.3728313338029197 -0.6549464463548487 -0.6522538032031922 -0.08128299421688902
60867 49334.664384 -0.5122785184683418 -0.5527815895720687 -0.653583090421122 0.06951530523297257
60867 49754.664384 -0.6245817039607684 -0.4218156042723993 -0.6205976947360474 0.2163973021044336
60867 50174.664384 -0.7039577562239723 -0.2692147590119179 -0.5553110225941643 0.35156302303810183
60867 50594.664384 0.7465674716631744 0.10315306286399895 0.46144344560691275 -0.4680452994985115
60867 51014.664384 0.7505851032450866 -0.06772668384258138 0.34408536527878736 -0.5600360349863328
60867 51434.664384 0.7161280431242972 -0.2347513297358156 0.20935325041993008 -0.6230759629265449
60867 51854.664384 0.6451268984708793 -0.3895858864020303 0.0640696851130285 -0.6541629746746644
60867 52274.664384 0.5411636581537748 -0.5245441602763459 -0.08452925555256051 -0.6518052807160567
60867 52694.664384 0.4093244987327677 -0.6328422230752752 -0.2290467376752966 -0.6160371477359268
60867 53114.664384 0.2560458431950912 -0.7088551219927486 -0.36217929488527234 -0.5484442547457009
60867 53534.664384 0.0889546411067782 -0.7483914502749666 -0.4769946402468523 -0.45218737505228157
60867 53954.664384 -0.08335431842644013 -0.7490098248841692 -0.5672821226693002 -0.33200501973082086
60867 54374.664384 -0.25173295009449076 -0.7103368129515988 -0.6279972243426616 -0.19409178298012184
60867 54794.664384 -0.40703971075509376 -0.634260110759819 -0.655693446082964 -0.045813650053220835
60867 55214.664384 -0.540827931861673 -0.5248915827248227 -0.6488559478518277 0.10478517757852318
60867 55634.664384 -0.6459804677514253 -0.38825476440578605 -0.6080104856228951 0.24958109418076677
60867 56054.664384 -0.7171411987727149 -0.23180793270769173 -0.5355999185594015 0.3809282223671307
60867 56474.664384 0.7509415087182096 0.06386627155674601 0.4356964437079012 -0.49211437571132444
60867 56894.664384 0.7460110702836535 -0.10688669508817243 0.31366158112955034 -0.577632348428199
60867 57314.664384 0.7028943012935356 -0.27182439837600314 0.17580525604213448 -0.6333589895190215
60867 57734.664384 0.6239134778771568 -0.4227343974971506 0.02907336823847522 -0.6566447597866154
60867 58154.664384 0.5130121856676564 -0.5521135268738525 -0.119236038866282 -0.6463527812540828
60867 58574.664384 0.37560352961707527 -0.6534204047579633 -0.26172527418949587 -0.6028794606184287
60867 58994.664384 0.2184159885961945 -0.7213330680840057 -0.3911469622225178 -0.5281828421656259
60867 59414.664384 0.04932278727194976 -0.7520355326150658 -0.5007058130354721 -0.4257974977998193
60867 59834.664384 -0.12289845087933995 -0.7435384848746927 -0.5844212633092094 -0.3008293191724714
60867 60254.664384 -0.2890522085475818 -0.6959837270157802 -0.6375939694406696 -0.15977923080262937
60867 60674.664384 -0.44009611932770737 -0.61178684447587 -0.6572120957274327 -0.01022369348649399
60867 61094.664384 -0.5678414683828488 -0.4955395492388296 -0.6422421977292404 0.1397196528084107
60867 61514.664384 -0.6655560261348072 -0.35363495421915603 -0.5936750952840677 0.28200598658452697
60867 61934.664384 -0.7283236171132585 -0.19378563863431114 -0.5143671607700703 0.40916776380292763
60867 62354.664384 0.7532419862493274 0.02442714716791921 0.40872584103870196 -0.5147552928330225
60867 62774.664384 0.7393904124023404 -0.14573670476397224 0.2823643282225392 -0.5935764627067605
60867 63194.664384 0.6877354054494745 -0.3081456852298058 0.14176982958290504 -0.6418469943729069
60867 63614.664384 0.6009858524261708 -0.45472726930573626 -0.006005551946098192 -0.6572693885152114
60867 64034.664384 0.48343926872707704 -0.5781748826708447 -0.15361659322189772 -0.6390635498822336
60867 64454.664384 0.3408239670349254 -0.6722033260119249 -0.29367474674309485 -0.5879939243890714
60867 64874.664384 0.18015267617180733 -0.7318100247624765 -0.41900641615986667 -0.5063918681635244
60867 65294.664384 0.009532341082572891 -0.7535723047776666 -0.5229752446457816 -0.3981642995463631
60867 65714.664384 -0.16210922057130384 -0.735971689429343 -0.5998565482739935 -0.26877201204197815
60867 66134.664384 -0.32555440735968344 -0.6796712391304017 -0.6453175463376957 -0.12500639558168825
60867 66554.664384 -0.47189900758868114 -0.5876078477205372 -0.6567985968105768 0.025376113999450507
60867 66974.664384 -0.5932435761910227 -0.4648331342740452 -0.6337511891066306 0.17421724052166976
60867 67394.664384 -0.6832588413351605 -0.3180843188193057 -0.5776249922597412 0.31357469632533513
60867 67814.664384 -0.7374847037932579 -0.15528809993114032 -0.4916712388907399 0.43618953510875497
60867 68234.664384 0.7534785430306415 -0.01501764274219566 0.38061089998515785 -0.5358916853351782
60867 68654.664384 0.7307657557885239 -0.18413303667542077 0.2502906584430781 -0.6078083754503931
60867 69074.664384 0.6707275292574659 -0.34358276421832873 0.10735698376169903 -0.6484982217908216
60867 69494.664384 0.5764521605923264 -0.4854499416359161 -0.041049551074655924 -0.6560153924037863
60867 69914.664384 0.4525743550908964 -0.6026383181425768 -0.1875483594337377 -0.629943746293317
60867 70334.664384 0.3051306754975908 -0.689131462108583 -0.3247748363006086 -0.5714143894831346
60867 70754.664384 0.14140894821243707 -0.7402604719405955 -0.4456503726524792 -0.48312905977848775
60867 71174.664384 -0.030262365914505443 -0.7530108893258304 -0.543715776360797 -0.36936695074458725
60867 71594.664384 -0.2008364178055979 -0.7263464477211963 -0.613533801231812 -0.23592762854709978
60867 72014.664384 -0.3611036421045854 -0.6614590743697311 -0.6511516597893211 -0.08987529441595343
60867 72434.664384 -0.502334874820268 -0.5618019812183084 -0.6544700676548741 0.06088627088526229
60867 72854.664384 -0.6169500749296907 -0.43286174995806526 -0.6234252976856501 0.2081927200289407
60867 73274.664384 -0.6990341683805935 -0.2816961083730374 -0.5599209623432322 0.3442194792462607
60867 73694.664384 0.7445944974872227 0.11641299190625218 0.4675844850382878 -0.4619435019335854
60867 74114.664384 0.7516492096952788 -0.05437590350604434 0.3514319607221003 -0.5554838464486472
60867 74534.664384 0.7201601320244408 -0.22199164163467416 0.21752519921558114 -0.6202998331396713
60867 74954.664384 0.651914813425309 -0.3780628286939873 0.07265132040118565 -0.6532972977446866
60867 75374.664384 0.5503659061161482 -0.5148406113536105 -0.07597157024464088 -0.6528896038386239
60867 75794.664384 0.4204812147309506 -0.6254534248802379 -0.22094395291034266 -0.6190212686461727
60867 76214.664384 0.26860009838066334 -0.7041676861030983 -0.3549443988547751 -0.5531874282010832
60867 76634.664384 0.10227141115836762 -0.7466641437885045 -0.4710071122306071 -0.4584599383462421
60867 77054.664384 -0.06996824939127207 -0.7503541496723779 -0.5628670219549544 -0.33949051495163185
60867 77474.664384 -0.2389864356561346 -0.7146994143875287 -0.6253989777062243 -0.20240145585076477
60867 77894.664384 -0.3956147896109941 -0.6414170690077023 -0.6550589035128648 -0.05450609832982434
60867 78314.664384 -0.5313338414117326 -0.5344624582003824 -0.6502188292022137 0.0961753809244278
60867 78734.664384 -0.638913545506415 -0.3997314946182031 -0.6112905648749565 0.2415120263539191
60867 79154.664384 -0.7128627522864933 -0.24457924727717237 -0.5406175382741297 0.3738186264945574
60867 79574.664384 0.7496600773567106 0.07726542050322197 0.442184309428365 -0.4863258780975479
60867 79994.664384 0.7477791927769186 -0.09354821289642982 0.32128125000434976 -0.5734573821213106
60867 80414.664384 0.7076142070002606 -0.25922653053144895 0.184166387115675 -0.6310043437067445
60867 80834.664384 0.6313419808553876 -0.4115168060099767 0.03775182054959976 -0.6562286351768973
60867 81254.664384 0.5227745453610005 -0.5428487553120884 -0.11068057091269701 -0.6478979972195893
60867 81674.664384 0.3872079843740164 -0.6465868060169955 -0.2537263309461568 -0.606315452636953
60867 82094.664384 0.23127875664779213 -0.7172919178555824 -0.38411910463198456 -0.5333431866624287
60867 82514.664384 0.0627854179345787 -0.7510125034906758 -0.49502104394546165 -0.4324261520151079
60867 82934.664384 -0.10954177034272647 -0.745604198318721 -0.5803873211840982 -0.3085863532439909
60867 83354.664384 -0.27651146891149836 -0.7010411172650292 -0.6354309978810557 -0.1682563710416066
60867 83774.664384 -0.4290405189908305 -0.6195721274864967 -0.6570348624673374 -0.018968431892540834
60867 84194.664384 -0.5588549351287566 -0.505635496752226 -0.6440555604499552 0.13117294294120718
60867 84614.664384 -0.6591027536307309 -0.3655034502304389 -0.5973753849049583 0.2741047929819651
60867 85034.664384 -0.7247295163488773 -0.20679697073215916 -0.5197552229842902 0.4023141175863406
60867 85454.664384 0.7526792921180495 0.037905715323177 0.41551671207267565 -0.5092964774577017
60867 85874.664384 0.7418765337314577 -0.1324817862638513 0.2902061297218271 -0.5897865607817923
60867 86294.664384 0.6931370303459975 -0.2957890011640864 0.15026214308674601 -0.6399150039719822
60868 314.664384 0.6090272741478633 -0.4438975665593049 0.0027061410042789652 -0.6572924817367195
60868 734.664384 0.4937113339734546 -0.5694266693872747 -0.14512588224633435 -0.6410466950222039
60868 1154.664384 0.3528085378099348 -0.6659906136239492 -0.28583798751547307 -0.5918439685477209
60868 1574.664384 0.19324422242630587 -0.7284633142920124 -0.41223370237070245 -0.511919178053814
60868 1994.664384 0.023055390292235727 -0.7532807127278508 -0.5176276092681973 -0.4050904527805912
60868 2414.664384 -0.14886486120639006 -0.7387636742064277 -0.5962240160989046 -0.27673888306111694
60868 2834.664384 -0.3132930415559588 -0.6854051427878828 -0.6435994779192727 -0.13359256107500075
60868 3254.664384 -0.46127312544200877 -0.595980178224606 -0.657083077387966 0.016630102786449743
60868 3674.664384 -0.5848111456254478 -0.475394356889149 -0.6360141634096145 0.16577730041405497
60868 4094.664384 -0.6774519710149585 -0.330269658509592 -0.5817359866056296 0.3058823655000074
60868 4514.664384 -0.7345910067648205 -0.16845339583279947 -0.49740693420767323 0.42963455170035975
60868 4934.664384 0.7536314147085451 -0.0015557283732417087 0.3876670294168217 -0.5308027362182326
60868 5354.664384 0.733943634007054 -0.17106309642064482 0.2583013808404155 -0.6044373878239461
60868 5774.664384 0.676759649890113 -0.3315681252906943 0.11591373933511766 -0.6470107878584225
60868 6194.664384 0.5850256607405424 -0.47509848282651124 -0.03237724616332382 -0.6564892396847937
60868 6614.664384 0.463256497318095 -0.5944776855822598 -0.17919756327404826 -0.6323590217226075
60868 7034.664384 0.31738534358928744 -0.6835854796013958 -0.3171719813900966 -0.5756556001411954
60868 7454.664384 0.15461678994597985 -0.7376270173804014 -0.4391925242270553 -0.48898870964508095
60868 7874.664384 -0.016785178837848344 -0.7534445075371785 -0.5387484611715954 -0.37654976751908636
60868 8294.664384 -0.18779979689272844 -0.7298407527386187 -0.6103254886830594 -0.24406251205943366
60868 8714.664384 -0.34920243803248124 -0.6678350874955545 -0.6498810980365942 -0.09853177962833527
60868 9134.664384 -0.49220259633170393 -0.5707185487043727 -0.6552062644820699 0.05216985060891375
60868 9554.664384 -0.6091179276733529 -0.4438403850378319 -0.6261226645046628 0.19987864265591368
60868 9974.664384 -0.6939033278749616 -0.2941501449063183 -0.5644261051885044 0.3367447632813031
60868 10394.664384 0.7424165423020823 0.12968548770100446 0.47365146984020845 -0.45569028639436987
60868 10814.664384 0.7525178780732362 -0.040973538319553665 0.3587370983144092 -0.5507682876044045
60868 11234.664384 0.7240145588009806 -0.20914705702824868 0.22568660016092415 -0.6173540197394418
60868 11654.664384 0.658544695149237 -0.36642816034810877 0.08125039246384617 -0.6522634908678931
60868 12074.664384 0.5594264632641738 -0.505003147632201 -0.06736989153224203 -0.6538158385938975
60868 12494.664384 0.4315144544457427 -0.6179113053132581 -0.21277411412671562 -0.6218585616746384
60868 12914.664384 0.28105109440704135 -0.6993092924347568 -0.3476200886590603 -0.5577966204699264
60868 13334.664384 0.11551179453500797 -0.7447493018970999 -0.4649063878778317 -0.4646154895797941
60868 13754.664384 -0.05662009492950434 -0.7514970964282663 -0.5583175601463563 -0.34688294991578755
60868 14174.664384 -0.2262307603953499 -0.7188562253735472 -0.6226489587689784 -0.2106505267891462
60868 14594.664384 -0.3841316025263019 -0.6483795878360179 -0.6542595801223005 -0.0631761334394724
60868 15014.664384 -0.5217358055307798 -0.5438615214446489 -0.6514153827059079 0.08754652416387346
60868 15434.664384 -0.6317055229966582 -0.41106220323026177 -0.6144183258858195 0.23337977227400944
60868 15854.664384 -0.7084147117223453 -0.25723803653668276 -0.5455000300930477 0.36661547422685636
60868 16274.664384 0.7481879517112641 0.09058389949502738 0.44855285848481974 -0.48042655964410974
60868 16694.664384 0.7493389732703878 -0.08026421322847783 0.3287933959771183 -0.5691604887680876
60868 17114.664384 0.7121044288257783 -0.2466592260395585 0.1924268011124046 -0.6285208308957828
60868 17534.664384 0.6385216988122846 -0.40030320431408045 0.04633434589288247 -0.65566799003187
60868 17954.664384 0.5322736535570434 -0.5335508530705682 -0.10220907155012081 -0.6492777145486883
60868 18374.664384 0.39854786110563656 -0.6396712404731517 -0.24578797108727718 -0.6095642540277942
60868 18794.664384 0.24389182880148902 -0.7131145442667822 -0.3771099781858545 -0.5383051987039593
60868 19214.664384 0.07604030670796971 -0.7497996269870718 -0.4893043163210351 -0.43886179732964964
60868 19634.664384 -0.09632426757571008 -0.7474376919620194 -0.5762734423596908 -0.3161762985130362
60868 20054.664384 -0.2640267646584426 -0.7058449154722886 -0.6331517714825415 -0.1766115996032898
60868 20474.664384 -0.4179576355925891 -0.6271042849875459 -0.6567246337130719 -0.027647532883475205
60868 20894.664384 -0.5497699685118326 -0.5154978945202321 -0.6457361501168875 0.12263656428621468
60868 21314.664384 -0.6524970281983105 -0.37716943951277143 -0.6009522681661211 0.26617139868135603
60868 21734.664384 -0.7209404561659437 -0.21964546605080393 -0.5250257152078968 0.3954095677610782
60868 22154.664384 0.7518861499398273 0.05125807077667522 0.42218940765159063 -0.5037816310423754
60868 22574.664384 0.7441000002601253 -0.11932188122708932 0.29792238667940746 -0.5859349194138846
60868 22994.664384 0.6982454712312736 -0.28349686131798096 0.15861691806559194 -0.6379055297073726
60868 23414.664384 0.6167468093092319 -0.4330907565753793 0.011274030878203318 -0.6572128011562198
60868 23834.664384 0.5036483720887736 -0.5606435746851713 -0.1367728656132999 -0.6428921236789943
60868 24254.664384 0.36446657667834487 -0.6596728971651789 -0.27811337877587966 -0.595523913689393
60868 24674.664384 0.20604230150344643 -0.7249405504018848 -0.4055244990902586 -0.5172597500403157
60868 25094.664384 0.03635124547466151 -0.7527508900438868 -0.5122858020534524 -0.41183484736606246
60868 25514.664384 -0.13575412235027795 -0.7412762182084256 -0.5925452654840051 -0.2845531495801977
60868 25934.664384 -0.3010614132553993 -0.6908490558270101 -0.6417979321045392 -0.14207400134411569
60868 26354.664384 -0.450579950659137 -0.6040814965624178 -0.6572673103342668 0.007933242771886022
60868 26774.664384 -0.5762332096564345 -0.4857266560934647 -0.6381773482199913 0.1573358696172129
60868 27194.664384 -0.6714442571688402 -0.34227976540303917 -0.5857576402444121 0.29815291144968353
60868 27614.664384 -0.7314581110689381 -0.18150323956109943 -0.5030621631699427 0.4230296275286935
60868 28034.664384 0.753521046519849 0.011844937718969769 0.3946481387704449 -0.5256601339906699
60868 28454.664384 0.7368435717158036 -0.15800840278608844 0.2662368394144188 -0.6010098508416543
60868 28874.664384 0.682502186052385 -0.3195243641651903 0.12439153884030082 -0.6454623860485507
60868 29294.664384 0.5933101615691425 -0.46467041704470957 -0.02378721450613176 -0.6568855487284929
60868 29714.664384 0.4736638947683826 -0.5861867040050975 -0.1709235326685591 -0.6346753570295499
60868 30134.664384 0.3293977537420067 -0.6778521613289886 -0.30962528646520915 -0.5797807768395536
60868 30554.664384 0.16763508581320755 -0.734755536053479 -0.43275577846306706 -0.49472741631123307
60868 30974.664384 -0.003420582816217147 -0.753603457219112 -0.5337629984897669 -0.38362376141711085
60868 31394.664384 -0.1747805025803781 -0.7330446527533616 -0.6070696703348638 -0.2521184807723816
60868 31814.664384 -0.33722107384229616 -0.673934823767846 -0.6485464080017712 -0.10715109583037902
60868 32234.664384 -0.4819060677388561 -0.5794031998217887 -0.6558739844477819 0.04344871042201428
60868 32654.664384 -0.6010592801062633 -0.45465069556373755 -0.6287591611749804 0.1915265100712828
60868 33074.664384 -0.6885079526658701 -0.30650658968624883 -0.5688846441372588 0.32921234979809316
60868 33494.664384 -0.7399562772249605 -0.14293135189195785 -0.47968688033941265 0.44937271086700054
60868 33914.664384 0.7531051230169148 -0.027534491420689467 0.366024243018213 -0.5459860611689877
60868 34334.664384 0.7276001353808209 -0.19620858371670752 0.23384054127933318 -0.6143442324331558
60868 34754.664384 0.6649313706676322 -0.35464794136055033 0.08985027345098417 -0.6511666747857809
60868 35174.664384 0.5682838187263669 -0.4949726963339033 -0.05875841597464885 -0.654677767920886
60868 35594.664384 0.44239705070038926 -0.6101340931565132 -0.20457973608057442 -0.6246345887676084
60868 36014.664384 0.2934172478657183 -0.694184021067709 -0.34025291433688193 -0.562354708199756
60868 36434.664384 0.12874178741665204 -0.7425528667311543 -0.4587444618255602 -0.47073804926571144
60868 36854.664384 -0.04320434128099882 -0.752365890507058 -0.553689852058085 -0.35426896480483944
60868 37274.664384 -0.21333045003779477 -0.7227670085900338 -0.6198140885048377 -0.21892570902341058
60868 37694.664384 -0.37243699990642176 -0.6551415263125167 -0.6533834182780243 -0.07190528715563506
60868 38114.664384 -0.5118773538310268 -0.5531206679730869 -0.6525523317984816 0.07883245245656327
60868 38534.664384 -0.6242077294239756 -0.4223263509382209 -0.6175053547267632 0.2251495074708046
60868 38954.664384 -0.703668181394291 -0.2699025910576239 -0.5503658577468807 0.35930642140124974
60868 39374.664384 0.7464284481504135 0.10397723443482285 0.4549333631933766 -0.4744143142492799
60868 39794.664384 0.750640364456972 -0.06683958496181558 0.33634780187797936 -0.5647492092087321
60868 40214.664384 0.7163848295939703 -0.2338928203232003 0.2007604000305737 -0.6259250644513616
60868 40634.664384 0.6455500730577229 -0.38884033447910177 0.055022513085248755 -0.6550120766147235
60868 41054.664384 0.541690085322321 -0.5239680297081385 -0.09360313759963858 -0.6505903534012558
60868 41474.664384 0.40988155738694154 -0.6324535714607995 -0.23769562355756277 -0.6127808575682797
60868 41894.664384 0.25657735460363146 -0.7086372064179619 -0.36994251006343043 -0.5432714883303909
60868 42314.664384 0.08943572536883435 -0.7483097429342968 -0.4834340526363212 -0.4453372838747951
60868 42734.664384 -0.08291449416588559 -0.7490354414020937 -0.5720149340711639 -0.32383639292140737
60868 43154.664384 -0.2513109526003211 -0.7104646395794925 -0.6307419361039225 -0.1850605604935221
60868 43574.664384 -0.40661698482986947 -0.6345096943795284 -0.6563021063065055 -0.036436528977216304
60868 43994.664384 -0.540411906423789 -0.5252962435095824 -0.6473230701921863 0.1139810104670474
60868 44414.664384 -0.6456127293289501 -0.3888356280262078 -0.6044594003557163 0.2581082939920687
60868 44834.664384 -0.7168825555113283 -0.23255420404156144 -0.5302606688828383 0.3883575244823612
60868 45254.664384 0.7508516459894641 0.06472843055286269 0.42886949243990774 -0.49809938209900634
60868 45674.664384 0.7461234796711662 -0.10598751719731533 0.30569294589822027 -0.5819091184281332
60868 46094.664384 0.703203955337123 -0.27097881690322756 0.16707451228914544 -0.6357364118337857
60868 46514.664384 0.6243792970212472 -0.42202178962164144 0.019986916951188965 -0.6569997151343268
60868 46934.664384 0.5135666004114415 -0.5515811670671316 -0.12824369100460864 -0.644640301870904
60868 47354.664384 0.37617443171837694 -0.6530769086422672 -0.2701965197729494 -0.5991470512505273
60868 47774.664384 0.2189534898152195 -0.7211558492146595 -0.39862422207999165 -0.5225823762932896
60868 48194.664384 0.04980903194863673 -0.7519893798666885 -0.5067622798441684 -0.41859649381139574
60868 48614.664384 -0.12245152962124528 -0.7435991283345806 -0.5886945767051138 -0.2924117894194008
60868 49034.664384 -0.2886221125776346 -0.6961516719707393 -0.6398314558694806 -0.15061817228843294
60868 49454.664384 -0.43967131039452884 -0.6120852238461935 -0.6572975821922298 -8.402436325788587E-4
60868 49874.664384 -0.5674370393155477 -0.4959988917736858 -0.6402011080728608 0.1488047277285315
60868 50294.664384 -0.665218726653182 -0.3542651437093805 -0.5896583536518768 0.29031582738639866
60868 50714.664384 -0.7281146954364418 -0.19456044687105406 -0.508622374257527 0.4162913681635369
60868 51134.664384 0.7532113922783105 0.02528867839918052 0.4015635716787727 -0.5203650441637862
60868 51554.664384 0.7395593007505431 -0.1448700325173379 0.27414021107797143 -0.59742100651209
60868 51974.664384 0.688088718004215 -0.30735930398920164 0.1328736390362689 -0.6437458896613234
60868 52394.664384 0.6014740194539989 -0.45408838938090346 -0.01515441768187928 -0.6571172514673699
60868 52814.664384 0.4839927520428743 -0.57771704722454 -0.1625703127784252 -0.6368397936053058
60868 53234.664384 0.3413789547111649 -0.6719253060347348 -0.3019716250695769 -0.5837721559335279
60868 53654.664384 0.1806689873686242 -0.7316854013650178 -0.42619358872891777 -0.5003540899791615
60868 54074.664384 0.00999962927727825 -0.753568331591662 -0.5286388841539618 -0.39060940490076534
60868 54494.664384 -0.1616757090907109 -0.7360675902964295 -0.6036632349294891 -0.26010798988052597
60868 54914.664384 -0.32513369350713406 -0.6798709005769009 -0.6470487262357649 -0.11572201939059316
60868 55334.664384 -0.4714867866357969 -0.5879361206608612 -0.6563712688103801 0.034757524801967525
60868 55754.664384 -0.5928628994276152 -0.46531564291020355 -0.6312200183670388 0.1831835782980029
60868 56174.664384 -0.6829583887820356 -0.318723067988543 -0.5731637004666632 0.32166258344976606
60868 56594.664384 -0.7373211174703587 -0.1560498180459777 -0.4855397747613177 0.44300919984217907
60868 57014.664384 0.7534945290579774 -0.014200070902627954 0.37313061629434296 -0.5411265063271815
60868 57434.664384 0.7309702222617311 -0.18334115466312514 0.24182614055119428 -0.6112190056923472
60868 57854.664384 0.6710917771565634 -0.34289307700926736 0.09830838913317004 -0.649919706577669
60868 58274.664384 0.5769157767782045 -0.4849141949829722 -0.05024813441113213 -0.6553636662164127
60868 58694.664384 0.4530727512922181 -0.602274452351815 -0.19643931747145837 -0.6272177936189063
60868 59114.664384 0.3056122256476466 -0.6889266210576362 -0.3328931022846063 -0.5667128556721919
60868 59534.664384 0.1418460238160982 -0.740184401837135 -0.452543994225947 -0.47666622504074285
60868 59954.664384 -0.02986555579967943 -0.7530341140744111 -0.5489839646277704 -0.36147514188187
60868 60374.664384 -0.20045961433289655 -0.7264594841397174 -0.6168670201549261 -0.22704105437154765
60868 60794.664384 -0.3607260814150614 -0.6616737556900486 -0.652368338007578 -0.08049898622461646
60868 61214.664384 -0.5019582390586569 -0.5621444264658173 -0.6535289366773097 0.07022463214552378
60868 61634.664384 -0.6166064737978048 -0.433353732656482 -0.6204160655898959 0.21699056297748365
60868 62054.664384 -0.6987750112952704 -0.28234002752161885 -0.5550400256383086 0.3520343199005061
60868 62474.664384 0.7444761053910004 0.11716876537832557 0.4611074930638771 -0.46840867707794853
60868 62894.664384 0.7517066273214854 -0.05358143714563932 0.3436886658487153 -0.5603073058612528
60868 63314.664384 0.7203914896199306 -0.22124486378059288 0.2088836034511655 -0.6232611428150647
60868 63734.664384 0.652278014743718 -0.3774378544995556 0.06351470859042592 -0.6542476131140561
60868 64154.664384 0.5507957863941608 -0.5143798403060943 -0.0851670165359089 -0.6517545250103653
60868 64574.664384 0.42091418161949357 -0.6251611244891501 -0.22973795739683406 -0.6158127077855603
60868 64994.664384 0.26899053996829253 -0.7040170326914362 -0.3628644304180205 -0.5480269265513484
60868 65414.664384 0.1026057011379855 -0.7466167412759366 -0.47759950485084673 -0.45159077128159913
60868 65834.664384 -0.06966827550516937 -0.7503820273192142 -0.5677395350436429 -0.33127777591150004
60868 66254.664384 -0.2386877621351708 -0.7148018362769822 -0.6282665025828252 -0.19330723937375788
60868 66674.664384 -0.39529456743258273 -0.641620846424176 -0.6557707454966654 -0.045051345628726
60868 67094.664384 -0.5309992158533713 -0.534802232227718 -0.6487716214221377 0.10545989002765624
60868 67514.664384 -0.6386078396865552 -0.4002259468491643 -0.6078087291970564 0.2501354978235202
60868 67934.664384 -0.7126437981993665 -0.24522403537059465 -0.5353221318658172 0.38135836754839747
60868 68354.664384 0.7495827491256426 0.07801337592405203 0.4353660223965141 -0.4924388712650683
60868 68774.664384 0.7478715904873641 -0.09277589833923915 0.3132789329478149 -0.5778728467408087
60868 69194.664384 0.7078636579193428 -0.2585163222441024 0.1753554243318404 -0.6335209768333099
60868 69614.664384 0.6317048903062051 -0.4109380956254412 0.028540706345354147 -0.6567071198093327
60868 70034.664384 0.5231886549371535 -0.5424347354700987 -0.11984993314837422 -0.6462771716723918
60868 70454.664384 0.38761246195836063 -0.6463322837069477 -0.26238594367241636 -0.6026315416038855
60868 70874.664384 0.23163539587524587 -0.7171651821441734 -0.3917932828640204 -0.52774725807006
60868 71294.664384 0.06309146463581851 -0.750975310640751 -0.501266668067187 -0.4251908717069964
60868 71714.664384 -0.10925691217606517 -0.7456337284882043 -0.5848341097817349 -0.30010387221483203
60868 72134.664384 -0.27621350140009293 -0.7011438339001912 -0.6378242074032406 -0.159008510081913
60868 72554.664384 -0.42871298304536415 -0.6197807467489215 -0.6572572412759816 -0.009482769531142807
60868 72974.664384 -0.5585139489564037 -0.5059899183159887 -0.6421307009589713 0.14037284021363636
60868 73394.664384 -0.658799131748638 -0.36601826769140255 -0.5934506355696973 0.2825432265430329
60868 73814.664384 -0.7245243683937006 -0.20745421524590746 -0.5140694732463931 0.4095848689302254
60868 74234.664384 0.752622770601524 0.03865076191610001 0.40837443755876807 -0.5150683474296888
60868 74654.664384 0.7419898756047376 -0.13172812364381598 0.28195899043310046 -0.5937995062774071
60868 75074.664384 0.6934033453901015 -0.29510597756318213 0.1412996771274286 -0.6419802674942421
60868 75494.664384 0.6094022112723319 -0.4433448961918814 -0.006549156739571791 -0.6572909222429613
60868 75914.664384 0.4941359490570695 -0.569030165104646 -0.15422098044387725 -0.6389446175071654
60868 76334.664384 0.3532293804563449 -0.665743288319159 -0.2943011473740501 -0.5877088679735382
60868 76754.664384 0.19363089144372633 -0.7283376998567701 -0.41959897431331605 -0.5059327757728991
60868 77174.664384 0.023407384576026084 -0.7532470796911743 -0.523471553500559 -0.39755309577431175
60868 77594.664384 -0.1485249536062477 -0.7388083308438953 -0.6002047445162748 -0.26806128607479407
60868 78014.664384 -0.31294070692910697 -0.6855403064738346 -0.6454925190065612 -0.12426588450993292
60868 78434.664384 -0.4609026578305218 -0.5962358339403352 -0.6568039798724441 0.026078772094406653
60868 78854.664384 -0.5844465942435645 -0.47580403054949855 -0.6336133406656047 0.1748337425113432
60868 79274.664384 -0.6771452683931344 -0.3308416082896578 -0.577382871506946 0.3140814152532685
60868 79694.664384 -0.7344024667997483 -0.1691598526250641 -0.4913585637034846 0.4365830080220254
60868 80114.664384 0.7536073269089789 -7.757713942571122E-4 0.38024304044926016 -0.5361815226187393
60868 80534.664384 0.7340991548178526 -0.17028925187642308 0.24986548151555835 -0.6080026667195472
60868 80954.664384 0.6770728576030504 -0.33087737854236854 0.10686554604433836 -0.6485925230333872
60868 81374.664384 0.5854459703535049 -0.4745465696159271 -0.04160726193508733 -0.6559934487606291
60868 81794.664384 0.4637220337629123 -0.5940873709588373 -0.18815282246726123 -0.6297782041858931
60868 82214.664384 0.31784457530780275 -0.6833477019181214 -0.32538507780107695 -0.5710825644116725
60868 82634.664384 0.1550418971295385 -0.7375142984068304 -0.4462095126150315 -0.4826300245859246
60868 83054.664384 -0.01639330289836083 -0.7534298152345676 -0.544162276432717 -0.3687305114080623
60868 83474.664384 -0.1874210533698673 -0.7299131386969279 -0.6138208166301239 -0.23521089214332033
60868 83894.664384 -0.3488172305700835 -0.6680104889646471 -0.6512611484714277 -0.08914843118253628
60868 84314.664384 -0.49181135592947484 -0.571026529576578 -0.6544165341269058 0.06155722995610993
60868 84734.664384 -0.6087509122146607 -0.44430573634169535 -0.6232436760065615 0.20876316688896668
60868 85154.664384 -0.6936128757321829 -0.29477571556245075 -0.5596507930277269 0.34467295512791957
60868 85574.664384 0.7422615879173139 0.1304358199781969 0.46725525428207976 -0.462284284088127
60868 85994.664384 0.7525396309015663 -0.040165203812922164 0.3510521919119681 -0.5557276481146171
60869 14.664384 0.724220451083532 -0.20836258173934535 0.2170858556248426 -0.6204542723286787
60869 434.664384 0.6589057651215595 -0.3657436265465505 0.072139631402762 -0.6533534004742174
60869 854.664384 0.5598861737318607 -0.5044699110199458 -0.07655511023326911 -0.6528222548570144
60869 1274.664384 0.4320084311452571 -0.6175463517235059 -0.22157472496287123 -0.6187971074189257
60869 1694.664384 0.2815302313296402 -0.699098359690868 -0.35557221471847517 -0.5527844176939285
60869 2114.664384 0.11595182945442216 -0.7446628108933472 -0.47156507239611867 -0.45788519719972914
60869 2534.664384 -0.05621455149699145 -0.7515109337088479 -0.5632897822644213 -0.33878586439305364
60869 2954.664384 -0.22583880647663554 -0.7189634751715541 -0.6256449895524613 -0.2016350711219438
60869 3374.664384 -0.3837354991671269 -0.6485959031092454 -0.655118997887777 -0.05375425337006376
60869 3794.664384 -0.5213415176917202 -0.5442169382635552 -0.6501164991505051 0.09684773394471766
60869 4214.664384 -0.6313501682990535 -0.41157765985153316 -0.6110683095060715 0.24206675942244607
60869 4634.664384 -0.7081531394726241 -0.25790754991353304 -0.5403153351293144 0.3742488014366395
60869 5054.664384 0.7480764551095547 0.09136470471661022 0.4418253428763418 -0.4866461491011431
60869 5474.664384 0.7494119760910207 -0.07944334467664922 0.32086651431955066 -0.5736855628882079
60869 5894.664384 0.7123621982670185 -0.24588135028981922 0.18368198166487731 -0.6311445077567417
60869 6314.664384 0.6389252026822255 -0.3996405246562584 0.0371852535162354 -0.6562616043552151
60869 6734.664384 0.5327620355121928 -0.5330488740131711 -0.11132270257473144 -0.6477891380083902
60869 7154.664384 0.39905782197540557 -0.6393409122995514 -0.254408621968175 -0.6060299544151899
60869 7574.664384 0.24437631795486556 -0.7129367109791223 -0.3847780968414374 -0.5328670355277905
60869 7994.664384 0.07647766239088061 -0.7497431372412664 -0.49558460786048747 -0.4317780584589923
60869 8414.664384 -0.09592646188871609 -0.747479800434607 -0.5807909504327231 -0.30782126915989233
60869 8834.664384 -0.2636463574508406 -0.705981936378679 -0.6356416065029743 -0.1674510429714681
60869 9254.664384 -0.417578638532926 -0.6273545471561807 -0.6570563564498828 -0.01820157279621827
60869 9674.664384 -0.5494015140537888 -0.5158919091059851 -0.6439184951502771 0.13184265651824956
60869 10094.664384 -0.6521794762844384 -0.3777198436294846 -0.5971242056763743 0.27464947376106985
60869 10514.664384 -0.7207301474094187 -0.22033661241461427 -0.5194264587655973 0.40273562765054827
60869 10934.664384 0.7518354432099275 0.05203982181715285 0.41512692970026405 -0.50961255431573
60869 11354.664384 0.7442329908955909 -0.11852308637856222 0.2897509772067295 -0.5900117833277979
60869 11774.664384 0.6985485771962303 -0.282761042239338 0.14972672285706248 -0.6400453005462424
60869 12194.664384 0.6171755896549121 -0.4324858045885742 0.002083371420660293 -0.6573020461911013
60869 12614.664384 0.5041392510320654 -0.5602065161812382 -0.14582041251029806 -0.6408967795926539
60869 13034.664384 0.3649577839229403 -0.6594046152328459 -0.2865578347234903 -0.5915031502217581
60869 13454.664384 0.20649246323912562 -0.7248145397722623 -0.4129070841284827 -0.51138291468984
60869 13874.664384 0.03674781147853875 -0.7527325686814883 -0.5181829079879255 -0.4043881208281017
60869 14294.664384 -0.13539652254895068 -0.741343535090625 -0.5966050290339775 -0.2759347458953904
60869 14714.664384 -0.3007195246344163 -0.6910065079873738 -0.64377850821125 -0.13276673449341025
60869 15134.664384 -0.4502404186729434 -0.6043497313130234 -0.6570708805811294 0.017401883444850486
60869 15554.664384 -0.5759093687961174 -0.4861300119615635 -0.6358484015529197 0.16644164336398742
60869 15974.664384 -0.6711784329842848 -0.34282624730903866 -0.5814604638630695 0.30642030646957086
60869 16394.664384 -0.7313046829172807 -0.18216874210092962 -0.4970517816774258 0.43005527141975286
60869 16814.664384 0.7535211478541008 0.012574796682116992 0.38724232842185413 -0.5311225219320513
60869 17234.664384 0.737007985458907 -0.15728766365579963 0.25779889421557833 -0.6046648248184514
60869 17654.664384 0.682810910094948 -0.3188885987536957 0.11531984877660707 -0.6471326410546402
60869 18074.664384 0.5937136062799205 -0.4641745333188891 -0.03306325212864748 -0.6564700889568089
60869 18494.664384 0.4740983937171113 -0.5858513775704338 -0.1799464006654067 -0.6321615057572272
60869 18914.664384 0.329809584056526 -0.677665172735833 -0.31792454955712 -0.5752560583898941
60869 19334.664384 0.1679971426451393 -0.7346841135124392 -0.4398723179576364 -0.48839385470139357
60869 19754.664384 -0.0031038851144603165 -0.7536134216262066 -0.5392869730097714 -0.37580146006102155
60869 20174.664384 -0.17448585990200696 -0.7331210308371545 -0.61067638609634 -0.24323361260902862
60869 20594.664384 -0.3369247441867274 -0.6740904831353507 -0.6500289676586494 -0.0977040352579586
60869 21014.664384 -0.4816010592038809 -0.5796624712456019 -0.6551722785697143 0.05292565159646379
60869 21434.664384 -0.6007681829968413 -0.45503822234496066 -0.6259468152720683 0.20052030060461998
60869 21854.664384 -0.6882757111287089 -0.30702971103909765 -0.5641465292395035 0.3372654674830205
60869 22274.664384 0.7398337353742283 0.1435614676555087 0.47329140403904185 -0.4561045887398692
60869 22694.664384 0.7531265450585323 -0.02685638074832332 0.3583002855278877 -0.5510898722821295
60869 23114.664384 0.7277733166569146 -0.19555855629145383 0.2251620031037257 -0.6175798919829841
60869 23534.664384 0.665227257707413 -0.3540933365498819 0.08062769825385908 -0.6523724234578987
60869 23954.664384 0.5686480216027653 -0.4945553216568867 -0.06808178907721565 -0.6537731497577427
60869 24374.664384 0.4427706613575041 -0.6098630792092611 -0.2135366284193765 -0.6216295314588282
60869 24794.664384 0.2937570792074064 -0.6940395630354089 -0.34836887783366605 -0.5573643227854331
60869 25214.664384 0.12903309303028213 -0.7425009754337997 -0.46556539918563206 -0.4639952817260297
60869 25634.664384 -0.04294550856258911 -0.7523783970578957 -0.5588194415654344 -0.34612607914369586
60869 26054.664384 -0.21307385582422006 -0.7228360757287043 -0.622958411352029 -0.20983411856769754
60869 26474.664384 -0.37215763042295197 -0.655286313484969 -0.6543753678360488 -0.062381274808137495
60869 26894.664384 -0.5115756191519186 -0.5533795378351164 -0.6513617071849831 0.08825757422333923
60869 27314.664384 -0.6239175633133481 -0.4227256661787197 -0.614235310987543 0.2339762126348066
60869 27734.664384 -0.7034409916320967 -0.2704459426988275 -0.5452266044069082 0.36709360279948744
60869 28154.664384 0.7463174927288349 0.10463031865441132 0.4482108212055523 -0.48080116079255303
60869 28574.664384 0.7506823639608696 -0.06614588840162713 0.3283840555749629 -0.56944237805929
60869 28994.664384 0.7165777824946101 -0.23323631946261936 0.19193668484144807 -0.628710911254698
60869 29414.664384 0.6458577374242209 -0.38828781673181345 0.04575379847367515 -0.6557491473971874
60869 29834.664384 0.5420558306663151 -0.5235578348516954 -0.10287134897810211 -0.6492150302984995
60869 30254.664384 0.4102473524734024 -0.6321889991269314 -0.2464949585305465 -0.6093229148739417
60869 30674.664384 0.25690403550886454 -0.7084937420495278 -0.37779915113842344 -0.5378705563748625
60869 31094.664384 0.08971454365321148 -0.7482531959852108 -0.48990117213414647 -0.43825254921860207
60869 31514.664384 -0.08265952691175098 -0.749041726290478 -0.5767125864014225 -0.3154464892381714
60869 31934.664384 -0.2510453862934209 -0.7105342672974085 -0.6334021621728345 -0.17583790823283874
60869 32354.664384 -0.4063191111025092 -0.6346726571631054 -0.6567887080626085 -0.026907083896994387
60869 32774.664384 -0.5400898829402165 -0.5255937548688697 -0.6456426459686299 0.12328705080052922
60869 33194.664384 -0.6453106901193597 -0.38929003942795226 -0.6007465837420766 0.26670380676338906
60869 33614.664384 -0.716659544769494 -0.2331595443839345 -0.5247476401817701 0.39582273542221025
60869 34034.664384 0.750764249897423 0.06543753868500597 0.4218592364119341 -0.5040890340611945
60869 34454.664384 0.7462007426506186 -0.10524882812873959 0.29753570423447206 -0.5861566689468686
60869 34874.664384 0.70343847459156 -0.27029182972485993 0.15815701959821518 -0.6380462337480697
60869 35294.664384 0.6247284805661054 -0.42145286530898535 0.010728183171879676 -0.6572493544905481
60869 35714.664384 0.5139698385003972 -0.5511645287320948 -0.13739591259690034 -0.6427869247122785
60869 36134.664384 0.3765729610885203 -0.6528114177359118 -0.2787737165629084 -0.5952438767466289
60869 36554.664384 0.21931180084875462 -0.7210142104508656 -0.40615798789476776 -0.5167944767561519
60869 36974.664384 0.050122366784649076 -0.7519382187638085 -0.5128202922288893 -0.41120799042393674
60869 37394.664384 -0.1221581232638315 -0.7436183568135943 -0.5929199222730065 -0.2838223002201913
60869 37814.664384 -0.2883171463164925 -0.6962492248703498 -0.6419817236034748 -0.14131421218852294
60869 38234.664384 -0.4393400124374652 -0.6122928305143113 -0.657269380037756 0.008649002081423371
60869 38654.664384 -0.5670951956956547 -0.49635369531422363 -0.6380331270986217 0.1579549837503585
60869 39074.664384 -0.664915056780347 -0.3547838144518336 -0.5855102676430287 0.2986538778492315
60869 39494.664384 -0.7279117765028066 -0.19522338604704878 -0.5027461067324065 0.4234130693947235
60869 39914.664384 0.7531613712289962 0.026040841544928566 0.39427538939710627 -0.5259436669224665
60869 40334.664384 0.739684610089097 -0.1441070039713005 0.26579962600849233 -0.6012074582184602
60869 40754.664384 0.688373391241488 -0.3066661394681161 0.12387491275962724 -0.6455640627569118
60869 41174.664384 0.6018698646700418 -0.4535268434594217 -0.024386599948130222 -0.6568647973569361
60869 41594.664384 0.48443656475964536 -0.5773156745691698 -0.17158429062701938 -0.6344971692849708
60869 42014.664384 0.3418133906771897 -0.6716781131696552 -0.31029874861580287 -0.579419368721897
60869 42434.664384 0.18106322462117388 -0.7315634958060259 -0.43337499495028625 -0.4941832393411258
60869 42854.664384 0.01035409837436568 -0.7535400536260113 -0.5342603993698024 -0.3829308108436577
60869 43274.664384 -0.16133959666026235 -0.7361195670442641 -0.607392357762577 -0.2513404887710826
60869 43694.664384 -0.3247896327091078 -0.6800147678953898 -0.648674413961876 -0.1063631261296823
60869 44114.664384 -0.47112786351139335 -0.5882025342061462 -0.6558235762709501 0.04417863492502422
60869 44534.664384 -0.5925123235224252 -0.46573744010163504 -0.6285656350748552 0.19215365144742033
60869 44954.664384 -0.6826669488542366 -0.319310910281092 -0.5685865911500342 0.32972059062468545
60869 45374.664384 -0.7371523338882735 -0.1567715448003474 -0.47931119678600437 0.4497664905476532
60869 45794.664384 0.7534937651453129 -0.013406677048690497 0.3655773149489109 -0.5462788973522564
60869 46214.664384 0.731150352941378 -0.18255908619767017 0.23331506043059985 -0.6145367556270622
60869 46634.664384 0.67142774986949 -0.3422030756615036 0.08923860293042944 -0.6512436590555226
60869 47054.664384 0.5773541996183086 -0.484373763299496 -0.059449073555028285 -0.6546067470349163
60869 47474.664384 0.45354490198823993 -0.6019042339732192 -0.20531478760066885 -0.6243830178649018
60869 47894.664384 0.30606203454243147 -0.6887130660582477 -0.3409741768211967 -0.5619047556245653
60869 48314.664384 0.142248518339915 -0.7400936176001179 -0.4593803261818882 -0.4701026612716538
60869 48734.664384 -0.029503249722373077 -0.7530353467898431 -0.5541739753497954 -0.35349473798901787
60869 49154.664384 -0.20011359692254138 -0.726543238921207 -0.6201038279069843 -0.2180841876884015
60869 49574.664384 -0.3603733613870587 -0.6618576305691739 -0.6534706779679699 -0.07107454042083722
60869 49994.664384 -0.5015985745839899 -0.5624604816255403 -0.6524591130996612 0.07958757640535369
60869 50414.664384 -0.6162718542985983 -0.4338270040478317 -0.6172693701631923 0.22579117966959167
60869 50834.664384 -0.6985194205512748 -0.2829667935588904 -0.5500253030018682 0.3598229827476488
60869 51254.664384 0.7443574828517544 0.11790751991984108 0.4545087445134949 -0.47481739187788713
60869 51674.664384 0.75176033235604 -0.052800656350939126 0.3358421182386987 -0.5650474006681123
60869 52094.664384 0.7206188359660359 -0.22050481082122556 0.2001653261406884 -0.6261149765551396
60869 52514.664384 0.6526444454940779 -0.376811508387084 0.05433402499076728 -0.655069560154554
60869 52934.664384 0.5512399800605766 -0.513911135984388 -0.09436857022765817 -0.6504801316314269
60869 53354.664384 0.4213715806260571 -0.6248580158837328 -0.23849468884086797 -0.6124693742720861
60869 53774.664384 0.2694151089550292 -0.7038583480428853 -0.3707081086500248 -0.5427471079040513
60869 54194.664384 0.10298070125786693 -0.7465680358015974 -0.4840875297089114 -0.44462389349663467
60869 54614.664384 -0.0693268882806285 -0.7504155460510058 -0.5724912818822815 -0.3229922955351697
60869 55034.664384 -0.23835379679805438 -0.714913303290283 -0.6310068554285398 -0.18416510183178916
60869 55454.664384 -0.39495052577621614 -0.6418305670134598 -0.6563553584285814 -0.03557033733828653
60869 55874.664384 -0.5306536657721609 -0.5351424624370923 -0.6471942799402268 0.11475537421830957
60869 56294.664384 -0.6383002280146599 -0.40071192250601395 -0.6041914180887688 0.2587576170586095
60869 56714.664384 -0.7124275658344046 -0.24584227523113347 -0.529887626829035 0.3888799841621295
60869 57134.664384 0.7495075433406805 0.07871323317417833 0.42840842272729734 -0.4985066626786392
60869 57554.664384 0.7479612645012104 -0.09206826585060329 0.3051440140999947 -0.5822065886675926
60869 57974.664384 0.7081055568577055 -0.2578764603153927 0.16642975786943423 -0.6359146068914945
60869 58394.664384 0.6320516710320109 -0.41042346928812423 0.019248740371114646 -0.6570332921528925
60869 58814.664384 0.5235779354550996 -0.5420713227892942 -0.12905099098997994 -0.644492566472682
60869 59234.664384 0.38799212660500754 -0.6461137517986455 -0.2710231689008098 -0.5987867494761095
60869 59654.664384 0.23197449353531027 -0.7170632227345944 -0.3993964499777829 -0.5220063646122123
60869 60074.664384 0.06338713547452411 -0.7509575271629955 -0.5074015089682563 -0.41783797356189367
60869 60494.664384 -0.10898071660536221 -0.7456821005469695 -0.589141273099242 -0.29153725090122773
60869 60914.664384 -0.2759285498835167 -0.7012654108751194 -0.6400600150140193 -0.14971117543317544
60869 61334.664384 -0.4284065135574004 -0.6200004624591305 -0.657318252700872 1.892960044663189E-5
60869 61754.664384 -0.5582028743615824 -0.5063376026330922 -0.6400502546515162 0.1495575298497854
60869 62174.664384 -0.6585292232180078 -0.3665062522793139 -0.5893783687708363 0.2909391132747319
60869 62594.664384 -0.724350038190189 -0.20806393611464655 -0.5082447888351905 0.4167897015093159
60869 63014.664384 0.752588135938604 0.039325587437959206 0.40110353771236473 -0.520749985935422
60869 63434.664384 0.7421076482409987 -0.13106451590161908 0.27359466965186385 -0.5976991616455353
60869 63854.664384 0.6936498594134665 -0.29452870737205006 0.13223342034278743 -0.6439076297217444
60869 64274.664384 0.6097218129793706 -0.44290351861491656 -0.015887294801244116 -0.6571326942403445
60869 64694.664384 0.49446939559431585 -0.5687383799866785 -0.16337081336811834 -0.6366683982185387
60869 65114.664384 0.3535294491038591 -0.6655818094803633 -0.3027841621732824 -0.5833862653869997
60869 65534.664384 0.19387711709114186 -0.7282696611512035 -0.4269404444858972 -0.4997567618125074
60869 65954.664384 0.02361284630586548 -0.753238818182357 -0.52924373042135 -0.38983944141437926
60869 66374.664384 -0.14832495470367046 -0.7388486100232051 -0.6040685118761476 -0.2592367108236566
60869 66794.664384 -0.3127125462507158 -0.6856480386827443 -0.6472332266903272 -0.11483370905760838
60869 67214.664384 -0.46063701571203464 -0.5964473240666212 -0.6563519002663935 0.035585283283569635
60869 67634.664384 -0.5841681258716566 -0.4761513094480465 -0.6310383119162853 0.18389719987088476
60869 68054.664384 -0.6769064079687841 -0.33133521940332056 -0.5728647927331897 0.3222431015250924
60869 68474.664384 -0.7342619214621435 -0.1697730765423165 -0.4851571937449935 0.4434625469299077
60869 68894.664384 0.7536052920398619 -1.0528111595597197E-4 0.3726765592970924 -0.5414713610855901
60869 69314.664384 0.7342412956324833 -0.16964228622102334 0.24129505190949002 -0.6114637458080677
60869 69734.664384 0.6773279267266733 -0.33032684752403013 0.09768968573968624 -0.6500521354330463
60869 70154.664384 0.5857620873808387 -0.47413711465731273 -0.05095531663879133 -0.6553474873667569
60869 70574.664384 0.4640400083694014 -0.5938249277784557 -0.1972074130586835 -0.6270152007855466
60869 70994.664384 0.318120687623828 -0.6832064845347118 -0.33366284403164154 -0.5663013633289081
60869 71414.664384 0.15526400634776955 -0.7374552515819767 -0.45324060025862656 -0.4760523065002446
60869 71834.664384 -0.016201393188821203 -0.7534212780695807 -0.5495349873681835 -0.36070097070702634
60869 72254.664384 -0.18722108886120592 -0.7299503050697116 -0.6172228637020416 -0.22617858549763364
60869 72674.664384 -0.3485773419920276 -0.6681181387155574 -0.6525112571985514 -0.07963070135442929
60869 73094.664384 -0.4915299258641933 -0.5712474920008228 -0.6534751446256276 0.07102724983571662
60869 73514.664384 -0.6084623827722274 -0.4446729115488558 -0.6202048117933546 0.21768215800606258
60869 73934.664384 -0.6933737094668668 -0.29529391293737367 -0.5547173804869135 0.3525947132162202
60869 74354.664384 0.7421309830411861 0.13106921384991363 0.4607042400262155 -0.4688433303492281
60869 74774.664384 0.7525550440297574 -0.039485767000787896 0.34321480021663064 -0.5606294505482099
60869 75194.664384 0.724382439595481 -0.20771734948471526 0.20833480214203692 -0.6234742930908879
60869 75614.664384 0.6591804865266871 -0.3652005713864231 0.06288450917668041 -0.6543356687106993
60869 76034.664384 0.5602194878433627 -0.5040668633221576 -0.08587049213687556 -0.6516877943626476
60869 76454.664384 0.43234420559925124 -0.6172850534192686 -0.23047889695494156 -0.6155624491214166
60869 76874.664384 0.2818307350993234 -0.6989533326601403 -0.3635850345320443 -0.547577937996949
60869 77294.664384 0.11620946416306349 -0.7445995283599249 -0.4782316438331538 -0.45095609280921195
60869 77714.664384 -0.055975063488853595 -0.7515051727020324 -0.5682199430135745 -0.33050395463769755
60869 78134.664384 -0.225585158900253 -0.7190182280297815 -0.6285549895921713 -0.19246492902252607
60869 78554.664384 -0.38344581425078333 -0.6487391088808364 -0.6558594718902272 -0.04421797455701026
60869 78974.664384 -0.5210234140974287 -0.5444874162435765 -0.6486795366278677 0.10622106323563327
60869 79394.664384 -0.631045674396484 -0.4119993631700123 -0.6075715853406365 0.25078805844708146
60869 79814.664384 -0.7079196943041205 -0.2584738029821792 -0.5349801531377701 0.3818864168008314
60869 80234.664384 0.7479688958443687 0.09203124930402207 0.4349445882777052 -0.49284478807108684
60869 80654.664384 0.749460458595129 -0.07874762602321447 0.31278453025734754 -0.5781640511392744
60869 81074.664384 0.71256127871978 -0.24523381991275772 0.17478347147595574 -0.6336935661177592
60869 81494.664384 0.6392352779267125 -0.39910350042730086 0.027890663895858845 -0.6567471098284958
60869 81914.664384 0.5331262055165772 -0.5326546508268584 -0.12056150153077634 -0.6461581820983608
60869 82334.664384 0.3994216971963961 -0.6390880608056062 -0.2631183685292853 -0.6023267240351929
60869 82754.664384 0.24470776637200714 -0.7127991612723478 -0.39248740836690965 -0.5272467155327638
60869 83174.664384 0.07677059908830186 -0.7496900242545526 -0.5018537684886748 -0.4245161218405576
60869 83594.664384 -0.09564855819564659 -0.7474914729180454 -0.5852536754072624 -0.2993091823720012
60869 84014.664384 -0.2633549792610264 -0.7060655129298745 -0.638042889921749 -0.1581673701172291
60869 84434.664384 -0.4172599700314472 -0.6275401011324271 -0.6572764657652481 -0.008671010967793328
60869 84854.664384 -0.5490698003892587 -0.5162126488225358 -0.6419805903451477 0.14109492236156768
60869 85274.664384 -0.6518802417220207 -0.3781912171017323 -0.5931713977471174 0.28314527482245067
60869 85694.664384 -0.720521008108239 -0.2209409691985826 -0.5136979606324631 0.4100597154638899
60869 86114.664384 0.7517649130686452 0.0527270233061718 0.40793000352174846 -0.515424571318548
60870 134.664384 0.744322881022703 -0.1178255132748322 0.2814417319354735 -0.5940464196784174
60870 554.664384 0.698785519425251 -0.28212687688713495 0.14070053144972955 -0.6421110368380668
60870 974.664384 0.617516207194625 -0.4319716022988877 -0.00723059827876119 -0.6572837949530079
60870 1394.664384 0.5045252386331831 -0.5598378696727997 -0.15496343946171512 -0.6387661353676682
60870 1814.664384 0.3653381451512799 -0.6591754082963838 -0.2950563371872491 -0.5873308936880152
60870 2234.664384 0.20684027567616012 -0.7246973724183364 -0.4202973145089922 -0.5053523386556142
60870 2654.664384 0.03706042379678374 -0.7526997896217635 -0.5240396597300093 -0.396802201003739
60870 3074.664384 -0.13509879546542083 -0.7413824526363593 -0.6005841864481445 -0.26720593065107917
60870 3494.664384 -0.3004097549003128 -0.6911248558527058 -0.645659214343535 -0.12338797233361017
60870 3914.664384 -0.4499100925616234 -0.60457637267095 -0.6567682891567737 0.02690227829222878
60870 4334.664384 -0.5755785876962419 -0.48649722085067415 -0.6334139344331274 0.1755463789319383
60870 4754.664384 -0.6708945586324911 -0.3433458257654405 -0.5770637164039956 0.314661091234318
60870 5174.664384 -0.7311265634887643 -0.18281517217953375 -0.4909528508892918 0.437033018415948
60870 5594.664384 0.7534938600789525 0.013292098688636643 0.3797629093784834 -0.5365169667365248
60870 6014.664384 0.737147636260013 -0.15657546133838762 0.2493052666952097 -0.6082305247691676
60870 6434.664384 0.6830963363006411 -0.31825543475387424 0.10621481670951569 -0.6486996888342307
60870 6854.664384 0.5940926745939584 -0.4636737773974151 -0.04234522635755328 -0.6559477143435573
60870 7274.664384 0.4745113060060429 -0.5855043726344352 -0.18894784149201024 -0.6295413912475541
60870 7694.664384 0.3302054379745315 -0.6774608875634572 -0.3261766173863327 -0.5706311670634459
60870 8114.664384 0.1683499408130924 -0.7345915968468786 -0.4469186168540641 -0.4819722327888105
60870 8534.664384 -0.0027928800025214485 -0.7536040307637913 -0.5447153730659616 -0.36791075953751123
60870 8954.664384 -0.17419505807704921 -0.7331837524217458 -0.6141650638327518 -0.23430523104193296
60870 9374.664384 -0.3366264671275952 -0.6742363561603849 -0.6513838269376097 -0.08824436336035761
60870 9794.664384 -0.4812883672816424 -0.5799230062285876 -0.6543385634501958 0.06238476374967225
60870 10214.664384 -0.6004652124260886 -0.4554412462980113 -0.6230076861222289 0.20946651968568333
60870 10634.664384 -0.6880309573645838 -0.3075810417593355 -0.5593018859654928 0.3452371718306983
60870 11054.664384 0.7397063879367444 0.14422865213279862 0.46682174276581395 -0.46272023516442295
60870 11474.664384 0.7531570761576288 -0.026136268349384168 0.3505402798459125 -0.5560511004539153
60870 11894.664384 0.7279655738281994 -0.19486353164642148 0.21648580949036683 -0.6206675612955498
60870 12314.664384 0.6655495129190281 -0.3534969936755271 0.07144235164003768 -0.653436845997951
60870 12734.664384 0.5690432652409968 -0.4941065763538331 -0.07734039315104643 -0.65273801565023
60870 13154.664384 0.443175447944828 -0.609573792951269 -0.2224087534438475 -0.6185059900093598
60870 13574.664384 0.2941227596835052 -0.6938882083148092 -0.3563841521978904 -0.5522692211775104
60870 13994.664384 0.12934078050267583 -0.7424496384291089 -0.47227160680639074 -0.45716411309283
60870 14414.664384 -0.042680706305872666 -0.7523947483275117 -0.5638208032546821 -0.33791508077571386
60870 14834.664384 -0.21282420679439767 -0.7229147828247323 -0.6259557236187833 -0.20069754817807559
60870 15254.664384 -0.371896379677381 -0.655447210290368 -0.6552023876404696 -0.052838135240178344
60870 15674.664384 -0.5112997998399454 -0.5536518471698741 -0.6500018426317755 0.09767165087329274
60870 16094.664384 -0.623658155574363 -0.4231297039721765 -0.6108025100369366 0.24275924768086585
60870 16514.664384 -0.703247671383444 -0.2709798460057048 -0.5399392325257228 0.374804296843061
60870 16934.664384 0.7462418000133426 0.10525391314763162 0.44136053065369996 -0.48707871197686475
60870 17354.664384 0.7507498614315781 -0.06549786335836955 0.32031335399414607 -0.5740069953484677
60870 17774.664384 0.7167817649570989 -0.23263921423163694 0.18302891668666932 -0.6313503885190671
60870 18194.664384 0.6461608322267608 -0.3878048967149607 0.036426389509415694 -0.6563205460194179
60870 18614.664384 0.5423986891865192 -0.5232203910635757 -0.11216744286905062 -0.6476592847356107
60870 19034.664384 0.4105719746059828 -0.6319926619320543 -0.25528513248661583 -0.6056776618494952
60870 19454.664384 0.25717586933212916 -0.7084072033997015 -0.3856062766543722 -0.532285267323293
60870 19874.664384 0.08993158832903726 -0.7482370473937549 -0.4962809845722915 -0.43099746481858736
60870 20294.664384 -0.08246816743614964 -0.7490695027503728 -0.5812912692991813 -0.3069109669685644
60870 20714.664384 -0.2508471850958102 -0.7106102638772874 -0.6359139510103786 -0.16649981835464575
60870 21134.664384 -0.40609279549100347 -0.6348231096071683 -0.6571066484877994 -0.01729489728558199
60870 21554.664384 -0.5398420273948404 -0.5258505689294576 -0.6437840030006537 0.13264208267080346
60870 21974.664384 -0.6450805452026348 -0.3896711497602324 -0.596847591209144 0.2753187936074332
60870 22394.664384 -0.7164975484051519 -0.23365403088439285 -0.519040674018212 0.4032788559986781
60870 22814.664384 0.7507113733174681 0.06600279759362157 0.4146457948715795 -0.5100440466047346
60870 23234.664384 0.7462765183301217 -0.10467996094376786 0.2891710446778675 -0.5903334404265048
60870 23654.664384 0.7036303342603109 -0.2697877994960521 0.14903799999824774 -0.6402394634106239
60870 24074.664384 0.6249917261813628 -0.42106125429712354 0.001289883166310772 -0.6573363663574311
60870 24494.664384 0.5142495769023265 -0.5509021108863025 -0.14668719487306064 -0.6407316940319614
60870 24914.664384 0.37682378328082783 -0.6526646482417399 -0.2874355899789308 -0.5911120662808987
60870 25334.664384 0.21951301002651244 -0.7209504659528221 -0.41371469327694066 -0.5107686527560946
60870 25754.664384 0.0502827755180132 -0.7519245389764171 -0.518840315524132 -0.40359120054595704
60870 26174.664384 -0.12200496407521633 -0.7436385237509934 -0.5970550416929613 -0.2750305654349433
60870 26594.664384 -0.28813586572873057 -0.6963127094447333 -0.6440056698089934 -0.1318447223075658
60870 27014.664384 -0.4391155586513472 -0.6124358096401966 -0.6570893050972995 0.018263360792036457
60870 27434.664384 -0.5668434388589039 -0.49661586480959446 -0.635695083799517 0.16719138457215965
60870 27854.664384 -0.6646818656756728 -0.3551828520711557 -0.5811789330455722 0.30704105070904875
60870 28274.664384 -0.7277522580460556 -0.19574332033379552 -0.4966737609342498 0.43055357233798003
60870 28694.664384 0.7531201438751405 0.026629932147792218 0.38678023525671634 -0.5315091205407966
60870 29114.664384 0.7397777817826282 -0.14352125328756785 0.25724688018147984 -0.6049417542808856
60870 29534.664384 0.6885785707865907 -0.3061512281642012 0.11466862461893723 -0.6472882540839504
60870 29954.664384 0.6021405304597135 -0.45312963896311215 -0.0338087603478127 -0.6564733654875868
60870 30374.664384 0.48471693275771055 -0.5770495728696411 -0.18075539490910567 -0.6319737120800003
60870 30794.664384 0.3420595579499379 -0.6715253757163213 -0.3187368248520554 -0.5748528203526333
60870 31214.664384 0.18125977391860196 -0.7314895204621765 -0.4406096808542581 -0.4877818005527688
60870 31634.664384 0.010516667669050402 -0.7535145107875112 -0.5398722461036579 -0.37502431870585134
60870 32054.664384 -0.16117442420186323 -0.7361323537574966 -0.6110569379478229 -0.2423662132403692
60870 32474.664384 -0.3245861328088162 -0.6800856004307237 -0.6501928313431945 -0.09683336483320136
60870 32894.664384 -0.4708760840787175 -0.5883738098112709 -0.6551377054503373 0.05372671838229098
60870 33314.664384 -0.592237564319157 -0.466048134037238 -0.625755834988776 0.20120496799835944
60870 33734.664384 -0.6824215915385996 -0.31977689331875897 -0.563846978436711 0.3378166585725443
60870 34154.664384 0.7369991635356657 0.15736686000225003 0.4729157502394818 -0.4565288572436464
60870 34574.664384 0.7534788904754954 -0.012744866218328377 0.35785672461618334 -0.5514033864965561
60870 34994.664384 0.7312834599080111 -0.1819104591844312 0.22463943642042095 -0.6177946339269977
60870 35414.664384 0.6716816857254901 -0.34164222539393035 0.08001260729276763 -0.6524739730924599
60870 35834.664384 0.5776727130108643 -0.48394774156998704 -0.06878723804998906 -0.6537255815351201
60870 36254.664384 0.453867345464395 -0.6016229179626038 -0.2143000248006797 -0.6213934314697039
60870 36674.664384 0.30634318999059007 -0.6885536888426929 -0.34912735408762274 -0.5569180892692257
60870 37094.664384 0.14247552759902737 -0.7400183593244928 -0.4662400520940818 -0.4633505861886578
60870 37514.664384 -0.029306779077611745 -0.753013389275515 -0.5593365849230112 -0.3453324963546885
60870 37934.664384 -0.19990978918316202 -0.726570444542764 -0.6232685054053 -0.2089685035490222
60870 38354.664384 -0.3601304488427511 -0.6619607034895963 -0.6544680643129257 -0.06152755192894799
60870 38774.664384 -0.5013139672936767 -0.5626822120812236 -0.6512654989883926 0.08902968174185255
60870 39194.664384 -0.6159810601509028 -0.43419850373732477 -0.6139944631629076 0.23462692107456673
60870 39614.664384 -0.6982787106563036 -0.2834954369145495 -0.5448843971196711 0.3676114433315854
60870 40034.664384 0.7442300515485027 0.11855427662497975 0.44779282470554777 -0.4811944513481712
60870 40454.664384 0.7517849024352501 -0.05210482842787873 0.32789103268703557 -0.5697297763048305
60870 40874.664384 0.720797689688796 -0.21984252782896602 0.1913567130703204 -0.6288899441555633
60870 41294.664384 0.6529408128806611 -0.37625375141868966 0.04507934526684023 -0.6557966621205215
60870 41714.664384 0.5515948246063258 -0.5134985977408556 -0.10362633719115867 -0.6490946940362676
60870 42134.664384 0.4217227314873527 -0.6245939826801493 -0.24728619613777902 -0.6090006828783555
60870 42554.664384 0.2697225007638151 -0.7037157929229806 -0.3785573941223546 -0.5373343044397841
60870 42974.664384 0.10323758381337096 -0.7465090065469548 -0.4905482637854417 -0.4375256624813503
60870 43394.664384 -0.06909420046435664 -0.7504147285046067 -0.5771805023754635 -0.31458924708762115
60870 43814.664384 -0.23811062489001966 -0.7149740351735088 -0.6336518765271912 -0.1749307254765833
60870 44234.664384 -0.394673209764235 -0.6419813156357139 -0.6568222065974069 -0.02603145769155973
60870 44654.664384 -0.5303485163339464 -0.5354235988119793 -0.6454912552249504 0.12406877320957195
60870 45074.664384 -0.6380099346026236 -0.40114738582225734 -0.6004514459202972 0.2673614768222029
60870 45494.664384 -0.7122120666063559 -0.24642099958659153 -0.5243455938417189 0.39634878751148445
60870 45914.664384 0.7494216951357102 0.07938821632731889 0.4213670762214389 -0.5044942230044676
60870 46334.664384 0.7480322877823298 -0.09136942287291887 0.2969527218800043 -0.5864455694836991
60870 46754.664384 0.7083240961560364 -0.2572330614075617 0.1574757082880432 -0.6382080602928851
60870 47174.664384 0.6323770416109625 -0.4098995355920138 0.009951475896472854 -0.6572538444865121
60870 47594.664384 0.5239491889740836 -0.5416975820223069 -0.13823948274100945 -0.6425969362019122
60870 48014.664384 0.38835039578824854 -0.6458850537782753 -0.2796274718473725 -0.5948318622814281
60870 48434.664384 0.23228743444292976 -0.7169490918526822 -0.4069454136448914 -0.5161608061495218
60870 48854.664384 0.06365429227154253 -0.7509222278154583 -0.5134628034212633 -0.4103899223310136
60870 49274.664384 -0.1087325233279594 -0.7457064090786418 -0.5933563296808443 -0.2828912438684682
60870 49694.664384 -0.2756677632801767 -0.7013582322213735 -0.6421870733429437 -0.14035553859623467
60870 50114.664384 -0.4281184968662764 -0.6201931543244449 -0.6572546627425084 0.009555745564148246
60870 50534.664384 -0.5579022509557182 -0.506665998794547 -0.6378337449875412 0.15875376467736177
60870 50954.664384 -0.6582623869182274 -0.36698250745559546 -0.5851682623992344 0.2993201862069821
60870 51374.664384 -0.7241758996417307 -0.20866268724210194 -0.5022922758861478 0.42394766058572453
60870 51794.664384 0.7525514707954192 0.0399918725051795 0.393721510749196 -0.5263556838398837
60870 52214.664384 0.7422236010940482 -0.13040467005501527 0.2651432422952543 -0.6014963084441881
60870 52634.664384 0.6938993050131874 -0.2939476852597161 0.12311181930063518 -0.6457104558400445
60870 53054.664384 0.610056250174951 -0.4424520342478635 -0.025244683097748823 -0.6568335215164488
60870 53474.664384 0.49482785423119535 -0.5684333910500632 -0.17249807126786093 -0.634250179365481
60870 53894.664384 0.35386329471673367 -0.6654091985777761 -0.311202595108285 -0.578933771599281
60870 54314.664384 0.1941644977268735 -0.7281967832497505 -0.43418507062694955 -0.49347027988710457
60870 54734.664384 0.023861136853412727 -0.7532340140279822 -0.5348973473277706 -0.38203925725122895
60870 55154.664384 -0.14808721459399934 -0.7388979009633955 -0.6078032500197978 -0.25035031074686126
60870 55574.664384 -0.3124562018758694 -0.6857641253970563 -0.6488428939597408 -0.10536406021820191
60870 55994.664384 -0.4603549975196874 -0.5966627501383377 -0.65576831347773 0.04510829075212385
60870 56414.664384 -0.5838836298917357 -0.47649671030935514 -0.6283284618233507 0.19296148805270727
60870 56834.664384 -0.6766672782698379 -0.3318166431573086 -0.568210228691636 0.3303880231680681
60870 57254.664384 0.7341228532837124 0.17035912106875473 0.47882153288371126 -0.450301394403965
60870 57674.664384 0.7536047624334545 5.212545896009142E-4 0.3649835653895505 -0.5466869189278276
60870 58094.664384 0.7343828248556757 -0.16904987658619255 0.2326133902764197 -0.6148129930696822
60870 58514.664384 0.6775793233976207 -0.32983337855340156 0.08842812666614082 -0.6513652349568466
60870 58934.664384 0.5860637714890975 -0.4737789979455963 -0.060348860184819074 -0.6545385641259305
60870 59354.664384 0.46433569451429363 -0.5936039720243854 -0.2062584127902012 -0.6240866561224236
60870 59774.664384 0.3183734683758977 -0.6830967707318036 -0.3418895686772614 -0.5613632151110004
60870 60194.664384 0.15546484732730426 -0.7374199576252181 -0.4601792245658574 -0.46933737185470936
60870 60614.664384 -0.01602904077196408 -0.7534319777069247 -0.5547811231113722 -0.35256379601406523
60870 61034.664384 -0.18704248193006814 -0.7300049339455699 -0.6204733025765233 -0.21707322994405917
60870 61454.664384 -0.34836335363877624 -0.6682388861012664 -0.653597078246411 -0.07007584641970757
60870 61874.664384 -0.49127965422932945 -0.571469432992415 -0.6523703311237466 0.08049807181002208
60870 62294.664384 -0.6082095501365211 -0.4450222427349747 -0.6170114898163528 0.22656824143835497
60870 62714.664384 -0.6931692903088086 -0.2957764139004845 -0.5496396184413312 0.36045656852472496
60870 63134.664384 0.7420292634080025 0.1316467870346419 0.45402104672310756 -0.47531735171576334
60870 63554.664384 0.7525864907597336 -0.0388826008885197 0.33525811181165627 -0.5654234835400601
60870 63974.664384 0.7245400963762922 -0.2071675404458284 0.19947725525615312 -0.6263641780658681
60870 64394.664384 0.6594200197437137 -0.3647660598665624 0.0535388378037102 -0.6551675754929052
60870 64814.664384 0.5604792551891701 -0.503774613722633 -0.09525373171678628 -0.6503851702377842
60870 65234.664384 0.43257013353237395 -0.6171238074069755 -0.23942183035301356 -0.6121425267515037
60870 65654.664384 0.2819928053536645 -0.6988846229328564 -0.371598790809699 -0.5421758757317953
60870 66074.664384 0.11631266438362542 -0.7445802172080526 -0.4848528322432104 -0.4438348739251216
60870 66494.664384 -0.05588993846530213 -0.7515097373711441 -0.5730552960777046 -0.3220513267353408
60870 66914.664384 -0.22547240107368466 -0.719054162853811 -0.631328112309898 -0.18316146386151588
60870 67334.664384 -0.3832766293604109 -0.6488432054972982 -0.6564332956329 -0.034595497548711274
60870 67754.664384 -0.5208038005619892 -0.5447025503230429 -0.6470645381626141 0.11562878726408732
60870 68174.664384 -0.6308210236572117 -0.4123467704253443 -0.6039021589163465 0.2594940451879998
60870 68594.664384 -0.7077471576218077 -0.25894890428684936 -0.5294820427781576 0.3894716834666695
60870 69014.664384 0.7478986646833164 0.09258924010310202 0.4279105589436625 -0.4989663050012141
60870 69434.664384 0.7495146274772347 -0.07817934632558574 0.3045568510211794 -0.5825469401703431
60870 69854.664384 0.7127223307694471 -0.24473001692811833 0.16574555714242603 -0.6361308893022539
60870 70274.664384 0.639460125484781 -0.39871790144790814 0.018464666812996036 -0.6570950000262135
60870 70694.664384 0.533359566074643 -0.5324035735841304 -0.12991562913379948 -0.6443569953203622
60870 71114.664384 0.39961618914062413 -0.6389523693082542 -0.27191429228043484 -0.5984224166804945
60870 71534.664384 0.2448429363331707 -0.7127393427760359 -0.40023572157811727 -0.5214076456667842
60870 71954.664384 0.07686109304669396 -0.7496674937013871 -0.508106373694336 -0.41703589087072573
60870 72374.664384 -0.09555871685833124 -0.7474889097243836 -0.5896440816766029 -0.2906006166806898
60870 72794.664384 -0.26322300567609414 -0.7060980473911569 -0.6403275490793039 -0.14872735674155696
60870 73214.664384 -0.4170664320544907 -0.6276480919847768 -0.6573526691257707 9.655435935249934E-4
60870 73634.664384 -0.5488303504553733 -0.5164419389384969 -0.639884134857701 0.15040367044021796
60870 74054.664384 -0.6516458213452276 -0.3785592105367687 -0.589057577680784 0.2916535921567386
60870 74474.664384 -0.7203511001608245 -0.22142976273478424 -0.5078094010214651 0.4173640675795269
60870 74894.664384 0.7517048000908171 0.05328501946652714 0.40057373804228147 -0.5211921724390249
60870 75314.664384 0.7443881962890777 -0.11727004011776984 0.2729739820917204 -0.5980126721209669
60870 75734.664384 0.6989561229506952 -0.2816410221646984 0.13152004511182808 -0.6440816334577001
60870 76154.664384 0.6177485004785234 -0.43159946169449737 -0.016686736058000272 -0.6571379213386536
60870 76574.664384 0.5047679685958547 -0.559589557587916 -0.16422467639260868 -0.6364739433644693
60870 76994.664384 0.36555174509402605 -0.6590316616336839 -0.30363445382573456 -0.5829711048353989
60870 77414.664384 0.20701178042262075 -0.7246245236486523 -0.42771522494855496 -0.4991243420636058
60870 77834.664384 0.03720559669171715 -0.7526690901606929 -0.5298707891129226 -0.38902690284392477
60870 78254.664384 -0.13494458465434178 -0.7413859609276635 -0.6044926161127586 -0.25831278148203435
60870 78674.664384 -0.3002145864148589 -0.6911833221717838 -0.6474317505344864 -0.113881278773914
60870 79094.664384 -0.44966579768889814 -0.6047272236139064 -0.6563338745001509 0.036489732701728096
60870 79514.664384 -0.5753088920795628 -0.48677806754936986 -0.6308348729303114 0.18470017526273433
60870 79934.664384 -0.670649984370949 -0.3437682986418975 -0.5725173653633163 0.3229176701104293
60870 80354.664384 -0.7309652937802457 -0.18335290071290908 -0.48470032142511404 0.4440011841192682
60870 80774.664384 0.7534576871439655 0.013887499563660137 0.372126654612826 -0.5418767424112256
60870 81194.664384 0.7372465143242788 -0.15599460460814316 0.2406537562441761 -0.6117344440649217
60870 81614.664384 0.6833052740479354 -0.3177542136078375 0.09695685423803177 -0.6501734619384322
60870 82034.664384 0.5943628479425569 -0.4632930670476489 -0.05176525198487759 -0.6552958856105675
60870 82454.664384 0.474788863254552 -0.5852518656744375 -0.19805651054502718 -0.6267610451238717
60870 82874.664384 0.3304529904274639 -0.6773157088394525 -0.33449086884312984 -0.5658269261332697
60870 83294.664384 0.16855717833470796 -0.7345205511895906 -0.45397420920842924 -0.47536875674108303
60870 83714.664384 -0.0026078578544416844 -0.7535815192031051 -0.5501026548506643 -0.3598543623734495
60870 84134.664384 -0.17399969647306393 -0.7332057879089378 -0.617575184699356 -0.2252426901092947
60870 84554.664384 -0.3363937985448073 -0.6743273356718983 -0.6526330398914365 -0.07868908379373438
60870 84974.664384 -0.48101668686966703 -0.5801200753294984 -0.6533865797055497 0.07190008771419715
60870 85394.664384 -0.6001859273056825 -0.4557726980983439 -0.619946213236127 0.2184371603609614
60870 85814.664384 -0.6877951693555517 -0.3080523622287377 -0.5543308285426021 0.3532122303427993
60870 86234.664384 0.7395702925224433 0.14480573173072164 0.4602197494480109 -0.46932383776472286
60871 254.664384 0.7531567042045648 -0.025516392694956206 0.3426419261733005 -0.5609816423411778
60871 674.664384 0.7281030213127427 -0.1942745335790085 0.2076690683200587 -0.6236962033081436
60871 1094.664384 0.665793440729152 -0.3530020095953668 0.06212321140811522 -0.6544076574338142
60871 1514.664384 0.5693400275049791 -0.49374116307317806 -0.08671123941409666 -0.6515771312185888
60871 1934.664384 0.4434705295856823 -0.6093396971629809 -0.2313549213084804 -0.6152348520985039
60871 2354.664384 0.29438257285893993 -0.693760117822958 -0.36442625964773834 -0.5470185563528771
60871 2774.664384 0.12955916339010082 -0.7423937377780251 -0.47895567318643933 -0.45018598868929144
60871 3194.664384 -0.04248165348333756 -0.752389934563089 -0.5687529018140892 -0.32958281533406014
60871 3614.664384 -0.2126119203689504 -0.7229622267512325 -0.6288546512987514 -0.1914774596339011
60871 4034.664384 -0.3716474905573349 -0.65557146086402 -0.6559217803776967 -0.043252982431309414
60871 4454.664384 -0.5110191148693727 -0.5538903408290359 -0.648533994768743 0.10709160659787276
60871 4874.664384 -0.6233843973903717 -0.4235058413746463 -0.6072647673751731 0.25152375179408626
60871 5294.664384 -0.7030348205895208 -0.27148775046526646 -0.5345534112811604 0.38247757172629604
60871 5714.664384 0.7461418610270187 0.10585258714863816 0.43442109816481217 -0.4933009856936793
60871 6134.664384 0.7507911247012736 -0.0648740796873122 0.3121669283265927 -0.5784944681789627
60871 6554.664384 0.7169591320904098 -0.23206271220023122 0.17406400874938627 -0.6338913324667977
60871 6974.664384 0.6464338862029089 -0.3873328638680044 0.027069161874097927 -0.6567828741767316
60871 7394.664384 0.5427122944704962 -0.5228818429763539 -0.1214607287640353 -0.645991667968195
60871 7814.664384 0.41087530719552895 -0.6317841479730656 -0.2640396611638045 -0.6019246876806355
60871 8234.664384 0.2574388188353163 -0.7083006271828416 -0.3933483549530323 -0.5266047357789463
60871 8654.664384 0.09015008708958741 -0.7481996081947454 -0.5025691647997095 -0.42366796278157703
60871 9074.664384 -0.08227075073270307 -0.7490829067284103 -0.5857532512412815 -0.29832775781254645
60871 9494.664384 -0.25063938840512945 -0.7106794701306469 -0.6382947959524626 -0.15714433230228111
60871 9914.664384 -0.4058551189385128 -0.6349747032126809 -0.6572895358579303 -0.0076951129322493554
60871 10334.664384 -0.5395829227864903 -0.5261202408998763 -0.6417907060754724 0.14195932920308982
60871 10754.664384 -0.6448403467853222 -0.39007330894260317 -0.5928261048032435 0.28386783944675326
60871 11174.664384 -0.7163304422357051 -0.23417310509092473 -0.513234060092013 0.4106390798985674
60871 11594.664384 0.7506640503816888 0.06659141116458538 0.40736431018963193 -0.5158714822583159
60871 12014.664384 0.746365927003757 -0.10408781629680947 0.28077293040002704 -0.5943653683223524
60871 12434.664384 0.7038384070507013 -0.2692596007827 0.13992207783254915 -0.6422869890334805
60871 12854.664384 0.6252754116313619 -0.4206487143155022 -0.008111452930564365 -0.6572819205525899
60871 13274.664384 0.5145528638165212 -0.5506252145047914 -0.1559120537833398 -0.6385441683821331
60871 13694.664384 0.3770991047164972 -0.6525106483160814 -0.29600602119950914 -0.5868616144115911
60871 14114.664384 0.21973728182918228 -0.7208857195878716 -0.42115902218885565 -0.5046428284415879
60871 14534.664384 0.05046125248873381 -0.7519147571743712 -0.5247314395617786 -0.3958974315098522
60871 14954.664384 -0.12184368473029612 -0.7436677052152445 -0.6010464919303852 -0.26618710571591137
60871 15374.664384 -0.2879606488698456 -0.6963946123420548 -0.645866858433635 -0.12234872202227358
60871 15794.664384 -0.43891054286958503 -0.6125981979514984 -0.6567372462600686 0.027877815539330948
60871 16214.664384 -0.5666219287626745 -0.49688750426640005 -0.6331867424867991 0.17639996340172792
60871 16634.664384 -0.6644852699627967 -0.355574829105676 -0.5766861039773141 0.31537121680395164
60871 17054.664384 -0.7276322880423419 -0.19623262524239415 -0.49045473887919255 0.4376050265932596
60871 17474.664384 0.7531122138372277 0.027165279211332733 0.37915480904320936 -0.536959655611078
60871 17894.664384 0.7398869164758728 -0.14300593192617747 0.2485829176460832 -0.6085418533809411
60871 18314.664384 0.6887813457607727 -0.30571902990261485 0.10537418478152046 -0.648854693802097
60871 18734.664384 0.6023888707023585 -0.4528190067015239 -0.04328912274663221 -0.6559029253446043
60871 19154.664384 0.48495579337334477 -0.5768645936359221 -0.18994576631597898 -0.6292580749911182
60871 19574.664384 0.3422502972996563 -0.6714410848344076 -0.3271496084304178 -0.5700918674200809
60871 19994.664384 0.18139394109330276 -0.7314671085508451 -0.4477743617284628 -0.4811966627290482
60871 20414.664384 0.010616729736114891 -0.753521268954021 -0.5453764755743868 -0.3669570576698211
60871 20834.664384 -0.16107153083249257 -0.7361600394704633 -0.6145835522104163 -0.23326254648903663
60871 21254.664384 -0.32444881967679473 -0.6801562256572145 -0.6515484334514018 -0.08720728740817149
60871 21674.664384 -0.47069545429512866 -0.5885208207077721 -0.6542762066645924 0.06333781091847525
60871 22094.664384 -0.5920376679805386 -0.4663008224002451 -0.6227624126145104 0.21029008572820337
60871 22514.664384 -0.6822465656770618 -0.320145995934318 -0.5589141714206628 0.3459206757252769
60871 22934.664384 0.7368978013580895 0.15782525150270332 0.46631523598748076 -0.4632741316193495
60871 23354.664384 0.7534813750430057 -0.012253512297807538 0.34991981567738195 -0.5564816182911846
60871 23774.664384 0.7313924717500335 -0.18145515606036297 0.21574482577933773 -0.6209615517533505
60871 24194.664384 0.6718644491616933 -0.3412778600082048 0.07058064080638857 -0.6535640422821883
60871 24614.664384 0.5778768466423627 -0.4837007111456335 -0.07829882096954914 -0.6526570820780742
60871 25034.664384 0.45404302984345984 -0.6014867841188125 -0.22340682810118312 -0.6181811746880913
60871 25454.664384 0.3064623431244263 -0.6884967326408953 -0.3573389602086786 -0.5516900841110689
60871 25874.664384 0.1425417130667398 -0.7400013812995357 -0.4730921820191886 -0.4563590724671762
60871 26294.664384 -0.02925901294610663 -0.7530104719814081 -0.5644310403647846 -0.3369521329810562
60871 26714.664384 -0.19983718365353018 -0.7265815927985695 -0.6263197069866114 -0.199669511132582
60871 27134.664384 -0.3600011720509608 -0.6620147690083011 -0.655323127564427 -0.05183821192901923
60871 27554.664384 -0.5011269835556527 -0.5628263912635177 -0.6499087144326412 0.09857414749420829
60871 27974.664384 -0.6157728748760598 -0.4344622404596359 -0.610540020119662 0.2435307208833182
60871 28394.664384 -0.6981006625559042 -0.28388300926930843 -0.5395484575717377 0.37543756327672934
60871 28814.664384 0.7441322764827059 0.11903258589463456 0.44086401286877186 -0.4875831423963974
60871 29234.664384 0.7517985632285616 -0.051600430556972415 0.31971411033876834 -0.5743859360604988
60871 29654.664384 0.7209152689171199 -0.21938045663604155 0.1823189265934632 -0.6315957562350509
60871 30074.664384 0.653125013257168 -0.3758871926052913 0.03560685992946293 -0.6564058858809085
60871 30494.664384 0.5517934291989336 -0.5132497907751162 -0.11307184955517244 -0.6475441456768436
60871 30914.664384 0.4218889185469328 -0.6244516008918617 -0.2562187634729098 -0.6053279142706898
60871 31334.664384 0.26983358633486604 -0.7036457306032434 -0.38648869626234117 -0.5316944697388979
60871 31754.664384 0.10330234944996794 -0.7464748130232544 -0.49702465365373977 -0.4301981773327197
60871 32174.664384 -0.06903531607783112 -0.7503964445213247 -0.5818239363834895 -0.3059741953743968
60871 32594.664384 -0.23801344570395622 -0.7149810520619347 -0.6362043282495549 -0.16551660814876432
60871 33014.664384 -0.3945123518938148 -0.6420519952801736 -0.6571619543605172 -0.016352531945368724
60871 33434.664384 -0.5301316841150788 -0.5356048220165762 -0.6436386863873408 0.13348076084395202
60871 33854.664384 -0.6377823120061754 -0.4014633338138453 -0.5965502058025424 0.2760231259370758
60871 34274.664384 -0.7120314896982242 -0.2468648118056103 -0.5186315212904897 0.4038443604833682
60871 34694.664384 0.7493395105476467 0.07991499954598652 0.41414535468907687 -0.5104777330787671
60871 35114.664384 0.7480709727755299 -0.09082690741137647 0.28857733626227966 -0.5906466063362463
60871 35534.664384 0.7084719200616569 -0.2567442343705798 0.14834187241726843 -0.6404253473195395
60871 35954.664384 0.6325916215672781 -0.4095149350889513 4.922495290086597E-4 -0.6573622410455097
60871 36374.664384 0.5241774404318887 -0.5414350472027443 -0.14755885269621086 -0.6405563875208911
60871 36794.664384 0.3885472286702805 -0.6457304298299399 -0.28832137498038346 -0.5907063973021681
60871 37214.664384 0.2324348241628472 -0.7168682765162488 -0.41453339455773214 -0.5101333075162343
60871 37634.664384 0.06376396660570906 -0.7508823442664458 -0.5195095270781785 -0.4027650840212443
60871 38054.664384 -0.10862270698899171 -0.7456932569969074 -0.5975102281099983 -0.2740879444624767
60871 38474.664384 -0.27551896486131167 -0.7013879575448013 -0.6442175704083694 -0.13087381323252156
60871 38894.664384 -0.4279138331678646 -0.6203045201384919 -0.657072399812867 0.01918111267627947
60871 39314.664384 -0.5576572308070774 -0.506900460153628 -0.6354894246613008 0.16799859394730454
60871 39734.664384 -0.6580246769629636 -0.36735954140163085 -0.5808293831466338 0.3077136973267063
60871 40154.664384 -0.7240060905506379 -0.20916295883776484 -0.4962146043331795 0.43108827859532334
60871 40574.664384 0.7524966513064003 0.04056329668633353 0.3862236440446078 -0.5319160699917744
60871 40994.664384 0.7423004808848394 -0.12983339125950483 0.25658899898699655 -0.6052234068433273
60871 41414.664384 0.6940880960612232 -0.2934453783861418 0.11390428883077859 -0.6474236154141079
60871 41834.664384 0.6103102166569767 -0.44206546866880814 -0.03466726403605386 -0.6564280171191627
60871 42254.664384 0.49509118935377927 -0.568175658545972 -0.18166708082608288 -0.6317105405201348
60871 42674.664384 0.3540921484937933 -0.665262025898137 -0.3196331965802098 -0.5743516404754782
60871 43094.664384 0.19434530133000585 -0.728124941004795 -0.4414076045750709 -0.4870557470772834
60871 43514.664384 0.024011228618388888 -0.753206570471978 -0.5404950417441213 -0.3741235530517923
60871 43934.664384 -0.14793398098039798 -0.738907891054734 -0.6114496794662972 -0.2413709909846229
60871 44354.664384 -0.31226584601956464 -0.6858317298414743 -0.6503392441556728 -0.09583186976869869
60871 44774.664384 -0.4601181075115902 -0.5968261688412696 -0.6550589932503871 0.054658637816856676
60871 45194.664384 -0.5836240290841617 -0.47679308493864725 -0.6254917753981384 0.20201828070633177
60871 45614.664384 -0.6764344934404495 -0.3322599160691213 -0.5634385922162938 0.33849176808162396
60871 46034.664384 0.7339787049738367 0.1709181626810848 0.4723901126334523 -0.4570665419791807
60871 46454.664384 0.753590144473382 0.0011363412475804918 0.3572211293225366 -0.5518094486747105
60871 46874.664384 0.7345051293025933 -0.1684552229357458 0.2238909060476649 -0.6180597989539561
60871 47294.664384 0.6778103703226562 -0.32932860806269143 0.07915334790777777 -0.6525722314882423
60871 47714.664384 0.5863514665186047 -0.47340664285294043 -0.06973440704603413 -0.6536170290683436
60871 48134.664384 0.46461920805561013 -0.593369165005894 -0.21528098507480714 -0.621044380854707
60871 48554.664384 0.318610977864929 -0.6829737942141328 -0.35006434196579 -0.5563171736381715
60871 48974.664384 0.1556490371556652 -0.7373690715813978 -0.4670455680889967 -0.46252423378254254
60871 49394.664384 -0.015872595562939937 -0.7534236761205528 -0.5599354191637448 -0.3443445241861833
60871 49814.664384 -0.1868769849567393 -0.7300366830531534 -0.6236169505003046 -0.20790702955631113
60871 50234.664384 -0.348159209894382 -0.668337645734967 -0.654562206184019 -0.06048366799947974
60871 50654.664384 -0.4910353241064085 -0.5716751747547804 -0.6511334822059096 0.08998329511199242
60871 51074.664384 -0.6079593277898767 -0.44536223392910435 -0.6136787076385819 0.23544931542478303
60871 51494.664384 -0.6929664426574903 -0.2962474081730511 -0.5444253657126947 0.3682879358192056
60871 51914.664384 0.7419278196894932 0.1322080148900904 0.4472112314234341 -0.4817325665328765
60871 52334.664384 0.7526156969933465 -0.03829739878082516 0.32719114533239496 -0.5701305782905504
60871 52754.664384 0.7246949003207318 -0.2066314901479081 0.19053526277867022 -0.6291399227248597
60871 53174.664384 0.6596629368856993 -0.3643370456588115 0.04414334288073087 -0.6558617934742481
60871 53594.664384 0.5607528550288962 -0.5034790175509456 -0.10464388113418624 -0.648933565632146
60871 54014.664384 0.4328218284866338 -0.6169535566335649 -0.24832238823927769 -0.6085799579692244
60871 54434.664384 0.2821941584863471 -0.698807976821948 -0.3795261662383058 -0.5366504985431879
60871 54854.664384 0.1164655787808476 -0.7445601153308877 -0.4913566701698756 -0.4366172537787179
60871 55274.664384 -0.05575195127447613 -0.7515227524446394 -0.5777565267233274 -0.31353256340565117
60871 55694.664384 -0.2253128552617209 -0.7191052869721306 -0.6339622068225071 -0.17382066569679597
60871 56114.664384 -0.3830742257528696 -0.6489613251332146 -0.6568716437062571 -0.024959562091947305
60871 56534.664384 -0.5205673146527748 -0.5449259018786687 -0.6453154033285868 0.1250338458329648
60871 56954.664384 -0.6305917368591053 -0.41269236249386015 -0.6000966123625417 0.2681848824509961
60871 57374.664384 -0.7075771842207393 -0.25940306769496074 -0.5238461454923306 0.39702618640780035
60871 57794.664384 0.7478324055370628 0.09310296992474125 0.42074002661609766 -0.5050310487711902
60871 58214.664384 0.7495688851247353 -0.07767402002314537 0.2962005336272523 -0.5868376921647386
60871 58634.664384 0.7128788260442476 -0.24429734875417705 0.15659763155525788 -0.6384354051591589
60871 59054.664384 0.6396701830696586 -0.39839927471440245 0.008963215391308363 -0.6572820821903762
60871 59474.664384 0.5335670865563612 -0.5322072269035315 -0.13929554977291256 -0.6423849169998246
60871 59894.664384 0.3997826590423633 -0.6388568840690518 -0.28068167238032976 -0.5943513321229966
60871 60314.664384 0.2449557186090558 -0.7127075824003524 -0.4079062959461675 -0.5154192969197442
60871 60734.664384 0.07693557312514179 -0.7496663716433127 -0.5142407101903669 -0.4094358811803915
60871 61154.664384 -0.09548294949168482 -0.747506193242803 -0.5938867442139333 -0.28180850318433576
60871 61574.664384 -0.26310851751214154 -0.7061501112997363 -0.6424466986461284 -0.13924140089292392
60871 61994.664384 -0.41689756557207186 -0.6277686653805171 -0.6572596953134872 0.010612045178307383
60871 62414.664384 -0.548623975201872 -0.5166665045653307 -0.6376260849997386 0.15968854881250885
60871 62834.664384 -0.6514481909641255 -0.3789028070993702 -0.5847931811647563 0.30010806807713436
60871 63254.664384 -0.7202153407473791 -0.22187434019003083 -0.5017818932647796 0.42458988648929025
60871 63674.664384 0.7516701557123115 0.05377668204373 0.39309140704998896 -0.52685784722566
60871 64094.664384 0.7444613959331455 -0.11680134931538058 0.26439343276062927 -0.6018561185835276
60871 64514.664384 0.6991090819047533 -0.28125924654600254 0.12224109716275068 -0.645907765857568
60871 64934.664384 0.6179267511932757 -0.4313393772445887 -0.026220940296836286 -0.6568297603549367
60871 65354.664384 0.5049195255970635 -0.5594486466761773 -0.17353682173514673 -0.6340019368307118
60871 65774.664384 0.3656427095346957 -0.6589772597617731 -0.31222892011771664 -0.5784180854045932
60871 66194.664384 0.20703931127535374 -0.7246124981062814 -0.4351051900556223 -0.4927016589798154
60871 66614.664384 0.03720010198070742 -0.7526658982567601 -0.5356255322513939 -0.3810714988219146
60871 67034.664384 -0.1349339274132261 -0.7413861452671135 -0.6082790804279717 -0.24927089511716702
60871 67454.664384 -0.3001455340099571 -0.691214652305496 -0.6490475214315775 -0.10427021518917037
60871 67874.664384 -0.44952638685620083 -0.6048346519842724 -0.6557232601479164 0.0461310890838398
60871 68294.664384 -0.5751243311643256 -0.486998927012885 -0.628079669037674 0.19385555997342938
60871 68714.664384 -0.6704719841238191 -0.34411682879181216 -0.5678061976635883 0.3311299571801893
60871 69134.664384 0.7308515059318367 0.18380312572479487 0.47829671414429675 -0.45089326951034736
60871 69554.664384 0.7534443774059782 0.014379211032668543 0.36435082303302724 -0.5471410112581139
60871 69974.664384 0.7373340499327248 -0.15553599924013248 0.23187097771133758 -0.6151283617631104
60871 70394.664384 0.6834587992467153 -0.31739032936603884 0.08757458698814065 -0.6515198694368515
60871 70814.664384 0.5945319027446645 -0.4630537721362518 -0.06129980819197332 -0.6544886204089606
60871 71234.664384 0.474921935004488 -0.5851275222908231 -0.20726039121063228 -0.6237932899163079
60871 71654.664384 0.3305203497766694 -0.6772682110282842 -0.34286452585978233 -0.5608101154767116
60871 72074.664384 0.16856442255740325 -0.7345048009989252 -0.46103755558279547 -0.4685435999986118
60871 72494.664384 -0.0026188334997135935 -0.7535669940780929 -0.5554421992907712 -0.35158767099293975
60871 72914.664384 -0.17397801484839537 -0.7331950250036944 -0.6208862157261166 -0.2160023443866885
60871 73334.664384 -0.33630034859063584 -0.6743543261242779 -0.6537481309683021 -0.0690050696017307
60871 73754.664384 -0.48084808206082663 -0.5802358766597082 -0.6522812430428823 0.08149005699959355
60871 74174.664384 -0.5999792056096451 -0.45601396591149856 -0.6167252383445921 0.22743393792152433
60871 74594.664384 -0.6876064783425866 -0.3084258576801316 -0.5492040449830073 0.3611727263095652
60871 75014.664384 0.7394568118003093 0.14527604651464357 0.45346690161814956 -0.47588471600591714
60871 75434.664384 0.7531511922426504 -0.025015753018684524 0.33459621586508187 -0.5658470341471715
60871 75854.664384 0.7282008184276271 -0.19381662246826994 0.1987080078036938 -0.6266369064546178
60871 76274.664384 0.665957295509623 -0.3526423182937243 0.05266663922954605 -0.6552636881578294
60871 76694.664384 0.5695176680060865 -0.4935018758008381 -0.0962041837162065 -0.6502693899034936
60871 77114.664384 0.44361494131644885 -0.6092071750870603 -0.24039526783499202 -0.6117863326895998
60871 77534.664384 0.29447157448911665 -0.6936974997108626 -0.3725188487510666 -0.5415717662858528
60871 77954.664384 0.12960297565544962 -0.7423622041298772 -0.48563729226993496 -0.443009985144138
60871 78374.664384 -0.042440350559714075 -0.7523679630772367 -0.5736335067618575 -0.32106987510427076
60871 78794.664384 -0.21252935859682112 -0.7229609062833322 -0.6316604036690231 -0.18210967617645557
60871 79214.664384 -0.3714971358739653 -0.6556283833171427 -0.6565172428350253 -0.03356204532931134
60871 79634.664384 -0.5108080875097223 -0.5540511362209251 -0.6469257237384762 0.11657420020060622
60871 80054.664384 -0.6231570257243124 -0.42379611680664125 -0.6035803140657929 0.2603132289037174
60871 80474.664384 -0.7028481234551655 -0.2718997942654189 -0.5290182692580325 0.39014700822281245
60871 80894.664384 0.7460459562660547 0.10634341041889878 0.42733010985529385 -0.49949523262050083
60871 81314.664384 0.7508095970030704 -0.06437030452948678 0.30386747510922435 -0.5829287868287285
60871 81734.664384 0.7170808652690966 -0.23161260987981552 0.16494820215917327 -0.6363510997979341
60871 82154.664384 0.646618149311661 -0.38698354087976017 0.017570502522954216 -0.6571301130750413
60871 82574.664384 0.5429077112251018 -0.5226487222408127 -0.13087293208784723 -0.644175291267134
60871 82994.664384 0.4110399920284134 -0.6316513465856787 -0.2728743478538406 -0.5979985715644494
60871 83414.664384 0.25755814711173725 -0.7082333921336648 -0.401120842802728 -0.5207411377953933
60871 83834.664384 0.09023526031077714 -0.7481662235942528 -0.508834960601734 -0.41616328831216315
60871 84254.664384 -0.08218164049723659 -0.7490692182615836 -0.5901496502836926 -0.2895943274447869
60871 84674.664384 -0.2505091059637304 -0.7107009956186665 -0.640578753591036 -0.1476758040561942
60871 85094.664384 -0.4056671615691517 -0.6350691759269504 -0.6573563627110003 0.0019769206498210226
60871 85514.664384 -0.539351618249547 -0.5263260875684194 -0.639676623751805 0.15130928081914652
60871 85934.664384 -0.6446116627420118 -0.390408168727507 -0.5886825638883151 0.2924211090562602
60871 86354.664384 -0.7161605989939693 -0.2346187995755427 -0.5073038783806154 0.41798419864190584
60872 374.664384 0.7505963028988686 0.06709990408620402 0.39995671175402175 -0.5216679227910054
60872 794.664384 0.7464155654489367 -0.10358258377616561 0.27224785315097755 -0.5983440134642289
60872 1214.664384 0.7039875337837627 -0.26881985276960296 0.1306833993086356 -0.6442509512442526
60872 1634.664384 0.6254807520139424 -0.42031548238177996 -0.017620641369874998 -0.65711356486376
60872 2054.664384 0.514763173965277 -0.5504077221704837 -0.16521572456778819 -0.6362184989921577
60872 2474.664384 0.3772768660602505 -0.6523895750694642 -0.30461390615781614 -0.582460622576082
60872 2894.664384 0.21987304287728646 -0.7208265897074261 -0.42859573876828017 -0.4983679015509699
60872 3314.664384 0.050569071228775714 -0.751890399377505 -0.5305688995526568 -0.3880724664112075
60872 3734.664384 -0.12173043923528086 -0.7436715757056225 -0.6049461775515509 -0.25724387245738156
60872 4154.664384 -0.28780693068228996 -0.6964429470347195 -0.6476201917888254 -0.1127939686518718
60872 4574.664384 -0.43870516822825895 -0.6127276249101892 -0.6562740670690876 0.03750975785488649
60872 4994.664384 -0.5663852926576465 -0.49713541132348726 -0.6305707986826592 0.18559243227581423
60872 5414.664384 -0.6642639690171311 -0.35595658355651094 -0.5720962452603312 0.32365749836426727
60872 5834.664384 -0.7274843150115937 -0.19672337342792032 -0.4841555446599524 0.4445895796510261
60872 6254.664384 0.7530789305069538 0.027710633958189766 0.3714702287317885 -0.5423228875477141
60872 6674.664384 0.7399788861983888 -0.1424765601401311 0.2398827395711622 -0.612035905030956
60872 7094.664384 0.6889725506379459 -0.3052691430728565 0.09606903126003455 -0.6503063247330179
60872 7514.664384 0.6026270289902135 -0.452487921965145 -0.052752311751739125 -0.6552194579001303
60872 7934.664384 0.4851876672875113 -0.5766581000648927 -0.19909361414094007 -0.6264344306868437
60872 8354.664384 0.3424379801486895 -0.6713349154211666 -0.33549736786213974 -0.5652319676431233
60872 8774.664384 0.18152880373297406 -0.7314228624517654 -0.4548542775975411 -0.47452658076166854
60872 9194.664384 0.010718693754350141 -0.7535100774612117 -0.5507734699271761 -0.35882622199746933
60872 9614.664384 -0.16096702643438318 -0.7361773087935982 -0.617982224453253 -0.22412174521473108
60872 10034.664384 -0.3243056149839211 -0.6802227622227804 -0.6527669783830078 -0.07757663164013631
60872 10454.664384 -0.4705039278739516 -0.5886769132405767 -0.6532749098758505 0.07292076384288279
60872 10874.664384 -0.5918240866374397 -0.4665777438309545 -0.6196371202908126 0.2193155229232205
60872 11294.664384 -0.6820592552077653 -0.32055175272518494 -0.553872653461603 0.3539305439738754
60872 11714.664384 0.7367940895579655 0.15832762472574788 0.45964102411634394 -0.46989037209803514
60872 12134.664384 0.7534965437177559 -0.011715456983286802 0.3419489240060736 -0.5614059494199872
60872 12554.664384 0.7315236796904906 -0.1809526979292941 0.20685514443992314 -0.6239712945183719
60872 12974.664384 0.6720764540210153 -0.3408726481448335 0.06118814361712801 -0.6545036965349824
60872 13394.664384 0.5781141255559153 -0.483425472825341 -0.0877433569874771 -0.6514483658440497
60872 13814.664384 0.45425065975781864 -0.6013366364367633 -0.23242525289002064 -0.6148407026275313
60872 14234.664384 0.3066072969144064 -0.6884372754846575 -0.36544402284070526 -0.5463485603276583
60872 14654.664384 0.1426243242073452 -0.7399890334711504 -0.47982169254819756 -0.4492723849147794
60872 15074.664384 -0.029203317983417597 -0.7530149128221613 -0.5693883920674793 -0.32850048137712495
60872 15494.664384 -0.1997681719304108 -0.7266064744984617 -0.6292150775283192 -0.19032628539308347
60872 15914.664384 -0.35988694909847696 -0.6620900022705427 -0.6560053282361644 -0.04213338448007054
60872 16334.664384 -0.5009645306596517 -0.562988084200357 -0.6483771101262306 0.10810216988444114
60872 16754.664384 -0.615596447941856 -0.4347325349263359 -0.6069185395831824 0.2523856625644748
60872 17174.664384 -0.6979595946205829 -0.2842589066281773 -0.5340592616312423 0.3831840071630302
60872 17594.664384 0.7440727805377586 0.11947469803981556 0.4337996435500476 -0.49386168412517584
60872 18014.664384 0.7518387737993536 -0.05115274979802466 0.3114191779446473 -0.5789127309087833
60872 18434.664384 0.7210423969390798 -0.21899207975121876 0.17318376306526007 -0.6341511767970933
60872 18854.664384 0.6532995360739728 -0.3756049955908861 0.026062585843917033 -0.6568419483192519
60872 19274.664384 0.5519613908211614 -0.5130864883489423 -0.12255552877850168 -0.6458026175870936
60872 19694.664384 0.42200536400849736 -0.624386806019423 -0.26514769311634273 -0.6014559751569526
60872 20114.664384 0.2698825324527017 -0.7036384605312511 -0.3943707301576866 -0.5258593564186348
60872 20534.664384 0.10330058050924262 -0.7464843821173048 -0.5034097395585363 -0.42269219467480773
60872 20954.664384 -0.06904177973964983 -0.7504018338033076 -0.5863419600513395 -0.29720939816595326
60872 21374.664384 -0.23798267299542236 -0.7149955581933892 -0.6386028903045095 -0.15598701103747184
60872 21794.664384 -0.3944208739182027 -0.642110949739159 -0.6573296175838086 -0.006593655268533178
60872 22214.664384 -0.5299869166365324 -0.535746728646114 -0.6416058902803856 0.14293772244093686
60872 22634.664384 -0.6376252604194289 -0.401707820478164 -0.5924616864125449 0.28469984962226785
60872 23054.664384 -0.7119115602566999 -0.24719979906269546 -0.5127226449551051 0.41132673030873584
60872 23474.664384 0.7492922668694767 0.08029948938343853 0.40671914028210526 -0.5164229194589888
60872 23894.664384 0.7481095489060737 -0.09045423885337862 0.2799929109006553 -0.5947723121955029
60872 24314.664384 0.7085780652005761 -0.2564397643744243 0.13900494845299408 -0.6425211257770272
60872 24734.664384 0.6327201511095284 -0.4093100876575529 -0.00914766344375493 -0.6573026569056463
60872 25154.664384 0.5242807415475186 -0.5413295086089616 -0.1570175104530862 -0.6383083647914065
60872 25574.664384 0.38859394610431247 -0.6456968040430363 -0.29709895596304464 -0.5863468194382541
60872 25994.664384 0.23242239642755522 -0.7168666485673683 -0.422141851496519 -0.5038633694026117
60872 26414.664384 0.06371802105413234 -0.7508805014156824 -0.5255142975167651 -0.39490911548372654
60872 26834.664384 -0.10865479610254504 -0.7456813118532711 -0.6015688366176846 -0.26508197080741736
60872 27254.664384 -0.2754936081902677 -0.7013840901817955 -0.6461169740488905 -0.12122906306685584
60872 27674.664384 -0.42781384825253227 -0.6203533484755958 -0.6567345852977192 0.02892609120341343
60872 28094.664384 -0.5574990435208629 -0.5070471409490321 -0.6329731946770366 0.17732159526995475
60872 28514.664384 -0.6578540152829786 -0.3676252945225628 -0.5763086647226382 0.3161456315827744
60872 28934.664384 -0.723877673387933 -0.20953197863027948 -0.4899457612953817 0.4382357982758163
60872 29354.664384 0.7524516404337911 0.04098485821445883 0.3785269101435058 -0.5374515313057052
60872 29774.664384 0.742348951671549 -0.12942660176756554 0.24783270709983066 -0.6088889373265225
60872 30194.664384 0.6942034280196442 -0.2931110175066434 0.1044998483334405 -0.6490356797898578
60872 30614.664384 0.6104456944325476 -0.4418364150252312 -0.044269578429820995 -0.655878678516128
60872 31034.664384 0.4951971551034085 -0.5680496314293302 -0.19098390825818584 -0.628986916077689
60872 31454.664384 0.35413743622592 -0.6652080905230261 -0.3281663028899362 -0.5695539923603314
60872 31874.664384 0.19433187512377448 -0.7281011441371116 -0.448675328517262 -0.4804105492149751
60872 32294.664384 0.023972516878421567 -0.7531826906540577 -0.5460752899506955 -0.3659821452460374
60872 32714.664384 -0.14794782611494842 -0.7388802879088999 -0.6150245578775743 -0.23218990954607907
60872 33134.664384 -0.3122107772227686 -0.6858299143866701 -0.6517224594113662 -0.08613707109675649
60872 33554.664384 -0.4599818014361384 -0.5969008429342078 -0.6542082953099346 0.06432443081494504
60872 33974.664384 -0.5834343849649636 -0.4769868903225986 -0.6225000655729349 0.2111433003024814
60872 34394.664384 -0.6762435595276222 -0.3325918726055599 -0.5585082552682619 0.34662057537217883
60872 34814.664384 0.7338486116436351 0.17136185071340315 0.46579845967675737 -0.4638244563103016
60872 35234.664384 0.753562704658299 0.001630049210728579 0.3492998970722154 -0.5568933246080253
60872 35654.664384 0.7345842706311658 -0.16798601250003006 0.21501324353920856 -0.6212374377388784
60872 36074.664384 0.6779641923100288 -0.3289475747183412 0.06973218216634378 -0.6536784146678329
60872 36494.664384 0.5865240707752595 -0.47314578885168596 -0.07924719615862079 -0.6525660570349421
60872 36914.664384 0.46475745944555935 -0.5932222373941536 -0.22440310845696587 -0.6178439332595531
60872 37334.664384 0.3186841585320953 -0.6829050496558081 -0.35830040927949347 -0.551091568584964
60872 37754.664384 0.15566268106378064 -0.7373344629449974 -0.4739242645127776 -0.45552476440219003
60872 38174.664384 -0.015875125699872525 -0.7533938962016724 -0.5650515288969342 -0.33594997729024173
60872 38594.664384 -0.1868453367401047 -0.730015964195902 -0.6266788028184083 -0.19859302670459214
60872 39014.664384 -0.3480559765305935 -0.6683625741688344 -0.6554155528091439 -0.05078345978395472
60872 39434.664384 -0.49085769929437745 -0.5717963640165807 -0.6497701359536631 0.09953093772092374
60872 39854.664384 -0.6077469008959075 -0.4456121079330644 -0.610218813744224 0.24434924404929667
60872 40274.664384 -0.6927757612905473 -0.29663150890680007 -0.5390886390438183 0.3761049477816815
60872 40694.664384 0.7418177117013395 0.13268714778280077 0.4402899362446201 -0.48810385724880495
60872 41114.664384 0.7526178092780762 -0.03778851381338748 0.31902672538298293 -0.5747698755786141
60872 41534.664384 0.7248046365442273 -0.20616583002377073 0.18151130655270556 -0.6318287228103279
60872 41954.664384 0.6598409397860071 -0.36397049233859985 0.034683460916526444 -0.656454470948266
60872 42374.664384 0.5609445313886902 -0.5032345892889457 -0.11407931917209924 -0.6473654993784725
60872 42794.664384 0.4329766660227674 -0.6168186812721431 -0.25724513902029966 -0.6048891299766676
60872 43214.664384 0.28228955551156093 -0.6987454744268905 -0.38744524262538543 -0.5309929875092336
60872 43634.664384 0.11651304389905913 -0.7445299204343429 -0.4978197431343913 -0.4292731199656177
60872 44054.664384 -0.05570937335006401 -0.7515045175435295 -0.5823833000233216 -0.3049050961964326
60872 44474.664384 -0.22523158549650008 -0.7191116723059499 -0.6364919378131995 -0.16439935750139478
60872 44894.664384 -0.3829284436507492 -0.6490292278956327 -0.6571860023544268 -0.015278307819294441
60872 45314.664384 -0.5203641325493644 -0.5451010388821329 -0.6434365189848292 0.13444505570102752
60872 45734.664384 -0.6303756593577735 -0.4129994058903159 -0.5961658898499177 0.2768469804837216
60872 46154.664384 -0.70740725293057 -0.25982808460444873 -0.5181013893951061 0.40451859692586273
60872 46574.664384 0.7477571609513988 0.09360008546699386 0.41348496395335166 -0.5110072766908227
60872 46994.664384 0.7496074824235797 -0.07717092361188245 0.28778769582448627 -0.5910258141363242
60872 47414.664384 0.7130162153724886 -0.24385536849261857 0.14742279352096185 -0.6406316849982508
60872 47834.664384 0.6398654506165573 -0.3980655916721825 -5.392578353096289E-4 -0.6573550783518237
60872 48254.664384 0.5337662485647683 -0.5319946969299681 -0.14865463924841146 -0.6402944889356851
60872 48674.664384 0.39994108749654633 -0.638746117176553 -0.2894037645728152 -0.5901660659297852
60872 49094.664384 0.24505941479290325 -0.712660759798413 -0.4155077821903183 -0.5093268180689011
60872 49514.664384 0.07700069729512546 -0.7496485833771489 -0.520286514975254 -0.40174598491036984
60872 49934.664384 -0.09541604221313445 -0.7475041316594452 -0.5980250009618777 -0.2729458742406383
60872 50354.664384 -0.2630010791815248 -0.7061811966444467 -0.6444488902499776 -0.12970804797984883
60872 50774.664384 -0.4167338308473561 -0.6278716945774584 -0.6570377913546868 0.02028275394203576
60872 51194.664384 -0.5484193911748998 -0.5168813103500376 -0.6352298739110168 0.16897600328204643
60872 51614.664384 -0.6512489268401435 -0.37924288943632695 -0.5803897104823368 0.30854084019425476
60872 52034.664384 -0.7200780838084395 -0.2223137918511516 -0.49562494735718016 0.4317638738115096
60872 52454.664384 0.7516340986124053 0.05426174759605722 0.3854952434315109 -0.5324427310449632
60872 52874.664384 0.744534538080728 -0.1163382579884016 0.2557220328017702 -0.6055905987322386
60872 53294.664384 0.699266713428331 -0.2808778434767712 0.11290307444873857 -0.6476006457030454
60872 53714.664384 0.6181200870253302 -0.4310735570347806 -0.035775909036847374 -0.6563712598627147
60872 54134.664384 0.5050954637337638 -0.559297854934053 -0.1828242285090876 -0.6313792706858518
60872 54554.664384 0.365767797054219 -0.6589135854502477 -0.3207529768206028 -0.5737284491882241
60872 54974.664384 0.20711048071614463 -0.724596644285606 -0.4423894414646352 -0.48616513032937125
60872 55394.664384 0.037242461075809766 -0.7526675565618561 -0.5412510755733367 -0.37303059067981
60872 55814.664384 -0.1348789191666167 -0.7413987089905293 -0.6119254444496208 -0.24017260856882866
60872 56234.664384 -0.3000410874958706 -0.6912602382490461 -0.6505225485469553 -0.09463108718672386
60872 56654.664384 -0.44936381034470846 -0.6049536490103552 -0.6549750308078648 0.05577595825960726
60872 57074.664384 -0.5749289847252921 -0.48722589872585664 -0.6251879498402424 0.20299658496654746
60872 57494.664384 -0.6702915207383415 -0.344461170330787 -0.5629602908461262 0.3393103156272605
60872 57914.664384 0.7307395049232712 0.18423331830394382 0.47176295268769125 -0.4577309000303577
60872 58334.664384 0.7534348380232284 0.014831806556280983 0.3564539485353 -0.5523192418708426
60872 58754.664384 0.7374237970916332 -0.1551306417544931 0.22298242621524822 -0.6184007317839769
60872 59174.664384 0.6836102354537925 -0.3170861887766474 0.07811108065128519 -0.652711309806563
60872 59594.664384 0.5946844819080871 -0.4628717183128712 -0.07087667711207263 -0.6535110067973997
60872 60014.664384 0.47502654969839725 -0.5850519928358484 -0.21645871571049252 -0.6206525333497017
60872 60434.664384 0.3305546582336691 -0.6772587237099683 -0.35118535047912297 -0.5556285528009
60872 60854.664384 0.16853873336387656 -0.7345169519909108 -0.46800527934603586 -0.46157404725387347
60872 61274.664384 -0.0026602247519212567 -0.7535732833253084 -0.560649587961806 -0.34320878395058746
60872 61694.664384 -0.1739857713922487 -0.7332016546334611 -0.6240385829750085 -0.2066884901351366
60872 62114.664384 -0.3362378619678358 -0.6743948253422815 -0.6546912829816373 -0.05928780413128743
60872 62534.664384 -0.4807134617481076 -0.5803547424769586 -0.6510058580043674 0.09107312129630395
60872 62954.664384 -0.5998108297827479 -0.4562398108979275 -0.6133458241618452 0.23638761264157102
60872 63374.664384 -0.6874563108319944 -0.3087645344088639 -0.5439307543881954 0.36906316182901583
60872 63794.664384 0.7393763528790323 0.14568934626167987 0.44658039953423845 -0.48235170772060626
60872 64214.664384 0.7531647846717285 -0.024594845265073877 0.32642951545537296 -0.5705976447167884
60872 64634.664384 0.7282946514068945 -0.19345962886416446 0.18963837434842204 -0.6294422608201149
60872 65054.664384 0.6660836467533006 -0.35239785908369214 0.04311741766887903 -0.6559643380052166
60872 65474.664384 0.5696183031127073 -0.4933798755010634 -0.1057663125304001 -0.6487871564259551
60872 65894.664384 0.4436460015957217 -0.6091797972804742 -0.24947364597302657 -0.6081456238586069
60872 66314.664384 0.2944196888275513 -0.6937145722673561 -0.380608428831762 -0.5359238406311335
60872 66734.664384 0.12949190663576718 -0.7423768560124098 -0.49226700435074466 -0.4356393533652666
60872 67154.664384 -0.04255063575249321 -0.7523583016870793 -0.5784116245968506 -0.31238825491817784
60872 67574.664384 -0.21258286685829764 -0.7229436537910594 -0.6343226135955907 -0.17261465767077538
60872 67994.664384 -0.37146224875299855 -0.6556497348859514 -0.6569422386542091 -0.023793233646209964
60872 68414.664384 -0.5106918062386729 -0.5541606821757475 -0.6451378679182636 0.12608310255172572
60872 68834.664384 -0.6230080229432127 -0.42401539845045144 -0.5997225059356348 0.2690815138570036
60872 69254.664384 -0.7027231253467401 -0.27222060829457456 -0.5233185109256372 0.397761091165558
60872 69674.664384 0.745988691257315 0.1067218266139431 0.42008175352799276 -0.5056111594824906
60872 70094.664384 0.7508341025018803 -0.0640006463584254 0.2954160563826381 -0.5872660567555642
60872 70514.664384 0.7171633670995873 -0.23131355793193717 0.1556863495733091 -0.6386959396800551
60872 70934.664384 0.6467155656690947 -0.3867913245796971 0.00793608236887424 -0.6573343646484798
60872 71354.664384 0.542972496138905 -0.522561317446103 -0.1404000938804178 -0.642182490873155
60872 71774.664384 0.4110395582460966 -0.6316354079549196 -0.28178913152877805 -0.593867054421049
60872 72194.664384 0.2574907606664966 -0.7082426166941219 -0.4089215240725457 -0.5146591991015401
60872 72614.664384 0.0901319473546461 -0.7481636171871339 -0.5150717665854125 -0.4084464582415978
60872 73034.664384 -0.08226403418275949 -0.7490443316242289 -0.5944631260043414 -0.28067563086726394
60872 73454.664384 -0.25052216358099 -0.710677983263462 -0.6427391026196981 -0.13806482398823805
60872 73874.664384 -0.40559125477114044 -0.6350948435150818 -0.657276516368551 0.011741159403886528
60872 74294.664384 -0.539203365823817 -0.5264501567441237 -0.6374042473951903 0.16070403900003738
60872 74714.664384 -0.6444420725378953 -0.39064943500590515 -0.5843798974726843 0.3009776893765452
60872 75134.664384 -0.7160273596523279 -0.23495777396345988 -0.5012160681798863 0.4253023838185569
60872 75554.664384 0.7505390527827632 0.0674863727176352 0.39239230370278905 -0.5274134997705191
60872 75974.664384 0.7464429751631405 -0.10321380046569044 0.26356714895956557 -0.6022475854765663
60872 76394.664384 0.7040747922022148 -0.2685237822605957 0.12129455441280969 -0.6461124487391263
60872 76814.664384 0.625583978784926 -0.42012015303373257 -0.027265451954309697 -0.6568107319709854
60872 77234.664384 0.514838354580484 -0.5503067627025272 -0.17462788620167077 -0.6337263107505169
60872 77654.664384 0.37729842233022953 -0.6523508855248614 -0.3132887877857357 -0.5778705374993547
60872 78074.664384 0.2198457690088349 -0.7208102728148805 -0.436046107974477 -0.4918985466270074
60872 78494.664384 0.050524407353326965 -0.7518692841226966 -0.536367234109315 -0.3800658548572104
60872 78914.664384 -0.12174512884061074 -0.7436439193571197 -0.6087647150547466 -0.24814787226788354
60872 79334.664384 -0.28775318186631554 -0.6964383582023987 -0.6492587535421419 -0.10312512060144616
60872 79754.664384 -0.4385736896244987 -0.6127910077729343 -0.6556760478967005 0.04721461401249845
60872 80174.664384 -0.5662014800106749 -0.49730718317888317 -0.6278106083251714 0.19482117355868742
60872 80594.664384 -0.6640773266185316 -0.3562511230952226 -0.5673590506977984 0.33194901589833015
60872 81014.664384 0.7273517034402335 0.1971137584451534 0.4777055924438049 -0.4515562342412401
60872 81434.664384 0.7530374946335384 0.028140236838241465 0.3636313417942853 -0.5476448721677387
60872 81854.664384 0.7400321100612317 -0.14207459968136227 0.23102681710470702 -0.6154623416442065
60872 82274.664384 0.6890904518008303 -0.3049489174142443 0.08661335147721776 -0.6516583724243032
60872 82694.664384 0.6027606788952863 -0.45227522645140955 -0.06234953976552967 -0.654399891814666
60872 83114.664384 0.4852900978810422 -0.5765443727517425 -0.20834167638409512 -0.6234451483718301
60872 83534.664384 0.34248581350430596 -0.6712860839096827 -0.34389711561454933 -0.5601903560125694
60872 83954.664384 0.1815299434789048 -0.7313991297159897 -0.46193134975015016 -0.4676768337102477
60872 84374.664384 0.010709728261991626 -0.7534872912099999 -0.5561165612894079 -0.3505375500074357
60872 84794.664384 -0.1609410727616715 -0.7361593908254593 -0.6212910161350168 -0.21485994430728417
60872 85214.664384 -0.32421124979620625 -0.6802434058075112 -0.6538730909029521 -0.06786718908279261
60872 85634.664384 -0.47033899719251687 -0.5887812603932293 -0.6521538862396947 0.08254189113511456
60872 86054.664384 -0.5916242869885262 -0.46679582097969663 -0.6163918172004089 0.22834949583825798
60873 74.664384 -0.6818759174310398 -0.3208887914292586 -0.5487085994294839 0.36193160911252537
60873 494.664384 0.7366803409100364 0.15874854310849248 0.45283841132806857 -0.4764854127919074
60873 914.664384 0.7534818905993533 -0.01127149729026868 0.33384334597874327 -0.5662919867289108
60873 1334.664384 0.731603105005216 -0.18055176957018154 0.19782925067600143 -0.626914302619405
60873 1754.664384 0.6722146465852064 -0.3405642489427962 0.05166877491010651 -0.6553425050747463
60873 2174.664384 0.5782596252516624 -0.4832280136749352 -0.09728911729169566 -0.6501086988036587
60873 2594.664384 0.4543591423891063 -0.6012354105230612 -0.2415027555019715 -0.6113511020236709
60873 3014.664384 0.306661549638594 -0.688395433968833 -0.3735583669696889 -0.5408554029785203
60873 3434.664384 0.14263674026577272 -0.7399690648073884 -0.48651132262023394 -0.4420489525117599
60873 3854.664384 -0.029192478235317818 -0.7529997321854344 -0.5742606355799271 -0.3199436277947769
60873 4274.664384 -0.19971658999718198 -0.7266065970675852 -0.6320003094040041 -0.18091916894294088
60873 4694.664384 -0.3597684780907332 -0.6621388912773175 -0.6565733232369934 -0.03240682094641612
60873 5114.664384 -0.5007850917318049 -0.5631293200815484 -0.6467346793004677 0.11761766599360021
60873 5534.664384 -0.6153980351800469 -0.43498956855480464 -0.6031922627382625 0.2612057191520464
60873 5954.664384 -0.6977959781177456 -0.28462238454015304 -0.5284739963475291 0.39087863375458076
60873 6374.664384 0.7439900925409522 0.11990365589582375 0.4266508409127777 -0.5000709104238529
60873 6794.664384 0.7518571184324464 -0.05071875161802171 0.3030561571607406 -0.5833484784446877
60873 7214.664384 0.7211495160069947 -0.21861382296123316 0.1640029424562572 -0.6365959525781181
60873 7634.664384 0.6534530803056364 -0.37532310418989656 0.016504259935585228 -0.6571599871449221
60873 8054.664384 0.5521125101186423 -0.5129119635521793 -0.1320168051128326 -0.6439446070768359
60873 8474.664384 0.4221168555039154 -0.6243012625532174 -0.27401911107482824 -0.5974770461195195
60873 8894.664384 0.26994223341390877 -0.703605565066095 -0.402165475334848 -0.5199358901597658
60873 9314.664384 0.10332130636635552 -0.7464713872296277 -0.5096832358780956 -0.4151242883318903
60873 9734.664384 -0.06902216045120073 -0.7503961628196776 -0.5907278222572426 -0.2884132108683098
60873 10154.664384 -0.237926086481909 -0.7150113240599244 -0.6408589367368309 -0.14645752640958878
60873 10574.664384 -0.3943071713653979 -0.6421821093371167 -0.6573539045500274 0.003136435872734096
60873 10994.664384 -0.5298256357780927 -0.5359122179081164 -0.639433034299977 0.15234265658399135
60873 11414.664384 -0.6374570588031399 -0.4019822340705009 -0.5882475334408981 0.29329783680490856
60873 11834.664384 -0.7117883785157681 -0.2475657510951341 -0.5067126317536989 0.4187013397588263
60873 12254.664384 0.7492542244957688 0.0807106296288679 0.3992245207992415 -0.5222295312721906
60873 12674.664384 0.7481650226094706 -0.0900573470844681 0.2713753099793672 -0.5987438636958883
60873 13094.664384 0.7087031589654749 -0.25611211685359747 0.12967214733314453 -0.6444622178833584
60873 13514.664384 0.632872057798609 -0.40908653383708365 -0.018748375097205446 -0.6570918236609928
60873 13934.664384 0.5244106847256319 -0.5412120296132296 -0.16640512611236252 -0.6359184749250891
60873 14354.664384 0.3886688024631354 -0.6456584242543241 -0.30577741874419334 -0.5818607491208131
60873 14774.664384 0.2324378352105959 -0.7168666506480519 -0.4296275861617352 -0.4974886884745183
60873 15194.664384 0.0636962532016817 -0.7508857028349559 -0.5313791530422243 -0.3869749918512176
60873 15614.664384 -0.10867206648117046 -0.7456822875993286 -0.6054740239125128 -0.2560263937459065
60873 16034.664384 -0.27546816607640534 -0.701404109110724 -0.6478451521349364 -0.11156264633090522
60873 16454.664384 -0.42772873797303534 -0.6204273787129015 -0.6562187598036164 0.03866437297093993
60873 16874.664384 -0.5573692980360391 -0.50720767387528 -0.6302830438405509 0.18660955446045954
60873 17294.664384 -0.65772071996788 -0.3678862274774059 -0.5716235731751861 0.3245145123839743
60873 17714.664384 -0.7237911218908881 -0.20986951176753615 -0.4835265332936805 0.44529012059934675
60873 18134.664384 0.7524418629817047 0.04134836863281656 0.37069394753613083 -0.5428697380625546
60873 18554.664384 0.7424143138292403 -0.12909831328888952 0.23895699542878673 -0.612416660830736
60873 18974.664384 0.6943151195125543 -0.2928697464645166 0.09499808663730266 -0.6504838122177435
60873 19394.664384 0.6105548621162249 -0.4417044461619538 -0.05393820114202047 -0.6551416740252158
60873 19814.664384 0.4952557528273745 -0.5680135617497022 -0.20032504486883995 -0.6260608671352212
60873 20234.664384 0.3541213552020806 -0.6652287873717581 -0.3366750270716528 -0.5645517269374383
60873 20654.664384 0.19425180059245253 -0.7281325976126077 -0.4558698594743284 -0.4735734678836667
60873 21074.664384 0.023869817559283964 -0.753193408556943 -0.5515416301405132 -0.35767548327779736
60873 21494.664384 -0.14802221219451825 -0.7388693902148733 -0.6184546883785333 -0.2228794457170818
60873 21914.664384 -0.31221733258235995 -0.6858296029149842 -0.6529385123968401 -0.07635045533350028
60873 22334.664384 -0.4599108239472144 -0.5969548507628557 -0.6531800413722666 0.07404575423219938
60873 22754.664384 -0.5833149261314624 -0.4771277987449734 -0.6193248326447887 0.22029414946050507
60873 23174.664384 -0.6761207151691468 -0.33283179010249464 -0.5533857528002878 0.354750597764104
60873 23594.664384 0.7337698878453406 0.1716725608908568 0.45900223933543355 -0.4705605463844888
60873 24014.664384 0.7535537622220037 0.0019552267012245754 0.34116201940470214 -0.561926490784441
60873 24434.664384 0.7346409088006434 -0.16771017589833184 0.20591578271495325 -0.6243194073914436
60873 24854.664384 0.6780478311016715 -0.3287640839584347 0.060104735813392755 -0.654639394300475
60873 25274.664384 0.5865827588465626 -0.4730650426149859 -0.08893218461012717 -0.6513226535443913
60873 25694.664384 0.4647496914885718 -0.5932209156558347 -0.23364345649215257 -0.6144163122249684
60873 26114.664384 0.31859720108623457 -0.682938311330101 -0.366589340303603 -0.5456219771539419
60873 26534.664384 0.15551911864150944 -0.7373574945467876 -0.48078796511766264 -0.44828636112497267
60873 26954.664384 -0.016020443930196165 -0.7533834668288685 -0.5700911449040831 -0.32734199820240995
60873 27374.664384 -0.18693722768930873 -0.7299813470306507 -0.6296199830399477 -0.18910415872721642
60873 27794.664384 -0.34805820300763846 -0.6683430394008739 -0.6561219523589998 -0.0409518331227051
60873 28214.664384 -0.4907701012762442 -0.5718473045663145 -0.6482418898187217 0.10916876951673538
60873 28634.664384 -0.6076112088033783 -0.4457637876303389 -0.6065805950979739 0.2533046510124507
60873 29054.664384 -0.6926449182372733 -0.2968845020967761 -0.5335600095473932 0.38394833749687735
60873 29474.664384 0.7417373494296005 0.1330074589266041 0.43316035170360184 -0.4944763189911629
60873 29894.664384 0.7526114629442016 -0.037461724007838995 0.31064277651804656 -0.5793735155118055
60873 30314.664384 0.7248576631114351 -0.20589107087420772 0.17226674837887207 -0.634440227732977
60873 30734.664384 0.6599141322341083 -0.3637858843592582 0.02501726337856162 -0.6569226019491976
60873 31154.664384 0.5609903835149019 -0.5031448032371801 -0.12368757211771628 -0.6456287486495992
60873 31574.664384 0.4329606121341717 -0.6167972957847179 -0.2662912770351413 -0.6009951414346509
60873 31994.664384 0.28220630237729377 -0.6987495153328332 -0.395427511066692 -0.5251150361704254
60873 32414.664384 0.11638808554420738 -0.7445224230721514 -0.5042808039686983 -0.4217120413680522
60873 32834.664384 -0.055820288054747466 -0.75147101090142 -0.5869501802868555 -0.29608259164886874
60873 33254.664384 -0.22527766811806876 -0.719070992267004 -0.6389196975425226 -0.15481763600960644
60873 33674.664384 -0.38288392122596876 -0.6490270463862868 -0.6573688504548805 -0.0054763470806677515
60873 34094.664384 -0.5202380939348377 -0.5451880413545288 -0.6414082272258639 0.14393683069330765
60873 34514.664384 -0.6302146964516784 -0.41319997130119823 -0.5920779478508759 0.28555021232999145
60873 34934.664384 -0.7072681137597863 -0.26013236111005905 -0.5121917642725122 0.41202253163315133
60873 35354.664384 0.7476851764291637 0.09396359828843726 0.4060597668680434 -0.5169653613887975
60873 35774.664384 0.7496172524132981 -0.07680955425660975 0.27920407868444674 -0.5951632966717687
60873 36194.664384 0.7130902039214204 -0.24355384819828704 0.1380846442463827 -0.6427414061054902
60873 36614.664384 0.639960508874519 -0.39785819831893154 -0.010184244883028505 -0.6573094265775008
60873 37034.664384 0.5338364438002945 -0.5318821528271998 -0.1581230718428592 -0.6380573022272659
60873 37454.664384 0.3999551493872889 -0.63870089324392 -0.29819303811897846 -0.5858139290469146
60873 37874.664384 0.24501706706063175 -0.7126422310455229 -0.42312662912374377 -0.5030621662437389
60873 38294.664384 0.07692886121916137 -0.7496253636828274 -0.5262993973695935 -0.3938942862790909
60873 38714.664384 -0.09546792322739675 -0.7474684377472807 -0.6020880410099961 -0.2639446932200622
60873 39134.664384 -0.2629879571766309 -0.7061576218829723 -0.6463451075219238 -0.12006976896421724
60873 39554.664384 -0.4166381986307284 -0.6279058404454989 -0.6566929988024253 0.030019531975885166
60873 39974.664384 -0.5482581117346838 -0.5170181426446561 -0.6327070462813555 0.17828930612718166
60873 40394.664384 -0.6510689638076983 -0.379504814727531 -0.5758644759474565 0.3169627822107099
60873 40814.664384 -0.7199395888696278 -0.2226800067421755 -0.48935644821501795 0.4388973337420934
60873 41234.664384 0.7515798423305607 0.054680071415551784 0.37780292255292813 -0.5379616920402657
60873 41654.664384 0.7445746871445873 -0.11593514803393377 0.24697213641774024 -0.6092391488956916
60873 42074.664384 0.6993756085783105 -0.280549057235402 0.10350585466089529 -0.6491937481684206
60873 42494.664384 0.618249832226273 -0.43085177418205267 -0.04536986821484399 -0.6558013942456439
60873 42914.664384 0.5051954481478943 -0.559179994588432 -0.1921296954732927 -0.6286346100399415
60873 43334.664384 0.3658065771973941 -0.6588674737718277 -0.32926872398971624 -0.5689123899923793
60873 43754.664384 0.2070920411584826 -0.7245790969215323 -0.4496348154069311 -0.47950657093220805
60873 44174.664384 0.037201989103447936 -0.7526476660759829 -0.546807156555368 -0.36488277062223123
60873 44594.664384 -0.13489421777096572 -0.7413762181499 -0.6154731987447113 -0.23099262932107661
60873 45014.664384 -0.2999887917195493 -0.6912652542504039 -0.6518770235513828 -0.08494362409598111
60873 45434.664384 -0.4492327889354812 -0.6050336303326364 -0.654097068231028 0.06543113053687918
60873 45854.664384 -0.5747474674686687 -0.48742137149117715 -0.6221686752685238 0.21211292927735853
60873 46274.664384 -0.6701098244949506 -0.3447880986570109 -0.5580007845456935 0.3474321726412515
60873 46694.664384 0.730619458524565 0.18465875704228976 0.46514098362751805 -0.4644784339696437
60873 47114.664384 0.7534130660365783 0.015294867287942536 0.3484980946424403 -0.5573902555576258
60873 47534.664384 0.7375006792911205 -0.15470307466820896 0.21406539039211198 -0.6215591004639953
60873 47954.664384 0.6837518221158535 -0.31675374175467175 0.06864790309113762 -0.6537874105845529
60873 48374.664384 0.5948372086701086 -0.4626616863625577 -0.08043078475705306 -0.6524137858882755
60873 48794.664384 0.47513585858428137 -0.5849523823869807 -0.22561230998444462 -0.6173942920133424
60873 49214.664384 0.3305929141614588 -0.677229643356328 -0.3594369171495437 -0.5503393842491441
60873 49634.664384 0.1685172943847587 -0.7345115346321679 -0.4748836957260686 -0.4545109487340088
60873 50054.664384 -0.002694327687173097 -0.7535631405713998 -0.5657494595503875 -0.3347579465657646
60873 50474.664384 -0.17398291890932938 -0.7331928008003352 -0.6270723404906089 -0.1973285092782576
60873 50894.664384 -0.3361635788682743 -0.674424800964044 -0.6555074287497134 -0.049550448444213066
60873 51314.664384 -0.48056742341395625 -0.5804718470185276 -0.6495969985526365 0.10065349394619148
60873 51734.664384 -0.5996333174831253 -0.45647148880973354 -0.6098286484516062 0.24532159300741144
60873 52154.664384 -0.6873022495652695 -0.30910365368897097 -0.5385229521106588 0.3769132248524451
60873 52574.664384 0.7392950555640594 0.14609322148647638 0.4395676292534924 -0.48875340486456137
60873 52994.664384 0.7531775969949382 -0.024190346939562485 0.31815102659457195 -0.575254951110109
60873 53414.664384 0.7283880472134031 -0.1931181922238728 0.18048216575263287 -0.6321253074779302
60873 53834.664384 0.666215739739647 -0.35216116009737625 0.03351826767763875 -0.6565178072024515
60873 54254.664384 0.5697352902494904 -0.49325509578508014 -0.11533062081678624 -0.6471475546028086
60873 54674.664384 0.44370804744862413 -0.6091417724814533 -0.2584993709255427 -0.6043571335548059
60873 55094.664384 0.29441709684757017 -0.6937210385037897 -0.38859706531705684 -0.5301528219749878
60873 55514.664384 0.12944518612978567 -0.7423894771677509 -0.49876289536326035 -0.4281791473055126
60873 55934.664384 -0.042590421670004326 -0.7523595270103604 -0.583039992856375 -0.30365369226926314
60873 56354.664384 -0.21257187600431096 -0.7229490558961734 -0.6368329831651389 -0.16310000510064146
60873 56774.664384 -0.37137897470889086 -0.6556963709049488 -0.6572237522976926 -0.014030885289029973
60873 57194.664384 -0.5105477434370669 -0.5542909708382301 -0.6432135176217826 0.13556877246307214
60873 57614.664384 -0.6228477801593795 -0.42424561008383743 -0.5957311259014837 0.2778142017739129
60873 58034.664384 -0.7025978452008262 -0.27253376508589133 -0.5174872318754142 0.40532527635614496
60873 58454.664384 0.7459362464461032 0.10706848984576899 0.41270616330754045 -0.5116532785862069
60873 58874.664384 0.7508623040007603 -0.06368340789968252 0.28684734216430224 -0.5914971058950569
60873 59294.664384 0.7172466048909526 -0.23107844926992913 0.1463267133445395 -0.6408966773335555
60873 59714.664384 0.6468029195123264 -0.3866626287497872 -0.0017616148595757406 -0.6573696764771872
60873 60134.664384 0.5430144121744913 -0.5225283098418393 -0.1499417314193948 -0.6400132738963908
60873 60554.664384 0.4110118465877056 -0.6316611609204723 -0.2906653318312001 -0.5895651826733188
60873 60974.664384 0.2573997673847295 -0.7082817769126439 -0.41663518590989707 -0.5084264018573191
60873 61394.664384 0.09000989021371465 -0.748184009659657 -0.5211816091655691 -0.400610331395611
60873 61814.664384 -0.08236314959378502 -0.7490404501549043 -0.5986204993429851 -0.2716766706713797
60873 62234.664384 -0.2505538465979827 -0.7106759398871825 -0.6447264200928261 -0.12841464735268004
60873 62654.664384 -0.4055393933813884 -0.6351366999000457 -0.657021082499151 0.02150511584666704
60873 63074.664384 -0.5390865294782043 -0.5265758045349364 -0.6349667669635596 0.17006128502799833
60873 63494.664384 -0.6443073776329227 -0.3908760166107504 -0.5799280002084877 0.30946317606539747
60873 63914.664384 -0.7159278152100914 -0.23526558668203093 -0.49499583397540553 0.43252351552101503
60873 64334.664384 0.7505092504199713 0.06782130213011525 0.3847124264099366 -0.5330407911006508
60873 64754.664384 0.7464825919770258 -0.10291813134281165 0.2547864223917919 -0.6060160699857358
60873 65174.664384 0.7041493136304265 -0.2683216114246583 0.11182005901002537 -0.647822144850937
60873 65594.664384 0.6256379753269523 -0.4200318616635936 -0.0369780317163417 -0.6563406007452175
60873 66014.664384 0.5148253821965982 -0.5503127532683452 -0.18408390251569895 -0.6310497732120112
60873 66434.664384 0.37719730774480636 -0.652403793554128 -0.3219752412455057 -0.5730823895489644
60873 66854.664384 0.21967176873656002 -0.7208576678389946 -0.44346427090190726 -0.48522981892224726
60873 67274.664384 0.050325049827368254 -0.7518776852615955 -0.5420850284651108 -0.3718751909976225
60873 67694.664384 -0.1219064828344931 -0.7436139194922067 -0.6124567295086547 -0.23890144968150384
60873 68114.664384 -0.2878248602837102 -0.6964076499685894 -0.6507365772466018 -0.09335492435467306
60873 68534.664384 -0.4385417975913651 -0.6128148058931102 -0.6549001041825382 0.056964541472959256
60873 68954.664384 -0.5660954972873439 -0.4974275513076375 -0.6248756997756773 0.2040394054611512
60873 69374.664384 -0.6639498230752652 -0.35648597622384837 -0.5624632165014428 0.34018158574047597
60873 69794.664384 0.7272618183117432 0.19743489217502072 0.4711150962014504 -0.4584324128034939
60873 70214.664384 0.7530184776850367 0.02848517770781667 0.3556659611582409 -0.5528593772282866
60873 70634.664384 0.7400776802098249 -0.14177840623659646 0.22205294225889394 -0.6187700716861014
60873 71054.664384 0.68915913215157 -0.3047542030628454 0.07704510685437684 -0.6528771843137288
60873 71474.664384 0.602799802985446 -0.4521973914828675 -0.07205205020203358 -0.6534205527212023
60873 71894.664384 0.4852533997971237 -0.5765564852968226 -0.21767785747277466 -0.6202645464747845
60873 72314.664384 0.3423570352276585 -0.671335113582603 -0.3523501241630852 -0.5549326226700135
60873 72734.664384 0.1813337776176775 -0.7314318426399803 -0.4690099462108987 -0.46060307317953875
60873 73154.664384 0.010509656379488917 -0.7534737931024026 -0.5614050008653483 -0.3420397860396378
60873 73574.664384 -0.16108064308937017 -0.7361112868282966 -0.624494405992399 -0.205426231796489
60873 73994.664384 -0.3242447912202293 -0.6802060647695031 -0.6548407407005121 -0.058039892626891916
60873 74414.664384 -0.4702636633387161 -0.5888153169569227 -0.6508791507485941 0.09222223474281088
60873 74834.664384 -0.5914848273594931 -0.46693938195567397 -0.6129908780611201 0.23739312541904167
60873 75254.664384 -0.6817314801925407 -0.3211455567747788 -0.5433959069461622 0.36990351254409914
60873 75674.664384 0.7365856216920583 0.15908034677462699 0.4458940867794588 -0.4830253912184129
60873 76094.664384 0.7534631520619217 -0.01093068572896269 0.32560063439814646 -0.5711024649517219
60873 76514.664384 0.7316480737855615 -0.18026851151156542 0.18866969884907994 -0.6297603549124695
60873 76934.664384 0.6722807878112457 -0.3403806817342235 0.04202312964483368 -0.6560591363717829
60873 77354.664384 0.5782958909433537 -0.48314897551789376 -0.1069448727327764 -0.6486167775892117
60873 77774.664384 0.4543281590412135 -0.6012304929635687 -0.25066091927324624 -0.607681595724354
60873 78194.664384 0.30655791700842316 -0.6884160103378547 -0.3817087318424542 -0.5351673423006985
60873 78614.664384 0.14248893145585345 -0.7399730569309236 -0.49318430159332666 -0.4346332063830097
60873 79034.664384 -0.029322764347298833 -0.7529698557926433 -0.5790687233137368 -0.31121694272394235
