CIC_OEM_VERS = 2.0
CREATION_DATE = 2025-06-18T11:32:44.562567
ORIGINATOR = ISAE-SUPAERO


META_START
OBJECT_NAME = BLUE2
OBJECT_ID = BLUE2
CENTER_NAME = Earth
REF_FRAME = EME2000
TIME_SYSTEM = UTC
START_TIME = 2025-06-18T11:30:33.000
USEABLE_START_TIME = 2025-06-18T11:30:33.000
USEABLE_STOP_TIME = 2025-07-18T21:57:33.000
STOP_TIME = 2025-07-18T21:57:33.000
INTERPOLATION = lagrange
INTERPOLATION_DEGREE = 5
META_STOP



60844 41433.0 310.00487 -9575.5591 -23091.36 3.8760054 0.90360561 -0.32267216000000004
60844 41853.0 1935.9991000000002 -9174.769699999999 -23174.773 3.8639821000000003 1.0040784 -0.074712261
60844 42273.0 3553.2968 -8732.7543 -23154.032 3.8345647 1.1000294 0.17357969
60844 42693.0 5154.6257000000005 -8251.4703 -23029.158 3.7878973 1.1910313000000001 0.42108923
60844 43113.0 6732.767400000001 -7733.0826 -22800.703 3.7241985 1.2766681000000002 0.66668138
60844 43533.0 8280.6204 -7179.8967 -22469.63 3.6437658 1.3565629 0.90926402
60844 43953.0 9791.2364 -6594.4238 -22037.493000000002 3.5469466000000005 1.4303583000000002 1.1477594999999998
60844 44373.0 11257.822 -5979.296200000001 -21506.235 3.4341758000000002 1.4977223 1.3810955
60844 44793.0 12673.781 -5337.28 -20878.243000000002 3.3059599 1.5583520000000002 1.6082224
60844 45213.0 14032.746000000001 -4671.2617 -20156.34 3.1628751000000004 1.6119745 1.8281187
60844 45633.0 15328.605 -3984.2363 -19343.774 3.0055643 1.6583486 2.0397953
60844 46053.0 16555.527000000002 -3279.2931000000003 -18444.197 2.8347345 1.6972654 2.2422996
60844 46473.0 17707.996 -2559.6021 -17461.654 2.6511536 1.7285497 2.4347206000000003
60844 46893.0 18780.827 -1828.3998000000001 -16400.564000000002 2.455647 1.7520605 2.6161922
60844 47313.0 19769.193 -1088.9745 -15265.7 2.2490938000000003 1.767692 2.7858975999999998
60844 47733.0 20668.649 -344.65166 -14062.165 2.032423 1.7753736 2.9430729
60844 48153.0 21475.148 401.22126000000003 -12795.372 1.8066092000000002 1.7750705 3.0870105
60844 48573.0 22185.063000000002 1145.2897 -11471.02 1.5726684 1.7667838999999999 3.2170625
60844 48993.0 22795.199 1884.2071 -10095.066 1.3316531 1.7505511 3.3326431
60844 49413.0 23302.813000000002 2614.6502 -8673.699400000001 1.0846479999999998 1.7264450999999998 3.4332321
60844 49833.0 23705.62 3333.3338 -7213.3138 0.83276474 1.6945743 3.5183766999999997
60844 50253.0 24001.811 4037.0255 -5720.479200000001 0.57713694 1.6550821000000002 3.5876935
60844 50673.0 24190.052 4722.5605000000005 -4201.911099999999 0.31891524 1.6081465000000001 3.6408708
60844 51093.0 24269.499 5386.8559000000005 -2664.4411 0.059261958 1.5539788 3.6776693000000003
60844 51513.0 24239.795000000002 6026.9242 -1114.9854 -0.20065418 1.4928230000000002 3.6979238000000003
60844 51933.0 24101.076 6639.8873 439.48571000000004 -0.4596633 1.4249545000000001 3.7015437
60844 52353.0 23853.968 7222.9889 1991.9799 -0.7165996800000001 1.3506792 3.6885133999999997
60844 52773.0 23499.585 7773.607599999999 3535.5139 -0.97030706 1.2703315 3.6588922
60844 53193.0 23039.522 8289.2679 5063.1451 -1.2196439000000001 1.1842735 3.6128144000000004
60844 53613.0 22475.853 8767.652 6568.0029 -1.4634884 1.0928925999999999 3.5504883
60844 54033.0 21811.115 9206.61 8043.3196 -1.7007437 0.99660041 3.4721954999999998
60844 54453.0 21048.3 9604.169300000001 9482.461 -1.9303431000000002 0.89583047 3.3782894999999997
60844 54873.0 20190.843 9958.5441 10878.956 -2.1512539999999998 0.7910364200000001 3.2691938
60844 55293.0 19242.603 10268.143 12226.526 -2.3624838 0.6826899200000001 3.1454005
60844 55713.0 18207.845 10531.574 13519.112000000001 -2.5630831 0.5712785300000001 3.0074677000000003
60844 56133.0 17091.227 10747.658 14750.906 -2.7521509 0.45730345 2.8560168
60844 56553.0 15897.772 10915.422 15916.369 -2.9288381 0.34127731 2.6917301000000005
60844 56973.0 14632.848 11034.116 17010.265 -3.0923515000000004 0.22372183999999998 2.5153472000000003
60844 57393.0 13302.144 11103.208 18027.678 -3.2419574 0.10516551 2.3276619999999997
60844 57813.0 11911.645 11122.39 18964.037 -3.3769845000000003 -0.013858843000000001 2.1295192000000003
60844 58233.0 10467.603000000001 11091.576000000001 19815.135000000002 -3.4968274000000004 -0.13281639 1.9218098000000001
60844 58653.0 8976.5115 11010.908 20577.149 -3.6009486 -0.25117273 1.7054680000000002
60844 59073.0 7445.0731 10880.75 21246.656 -3.6888817 -0.36839626 1.4814664
60844 59493.0 5880.1727 10701.688 21820.649 -3.7602327 -0.48396057000000003 1.2508116
60844 59913.0 4288.8443 10474.528 22296.551 -3.8146821 -0.59734678 1.0145401
60844 60333.0 2678.2404 10200.293 22672.225000000002 -3.8519861 -0.70804585 0.77371329
60844 60753.0 1055.6 9880.215300000002 22945.984 -3.8719780999999998 -0.81556083 0.52941295
60844 61173.0 -571.78461 9515.735 23116.599000000002 -3.8745688 -0.9194091200000001 0.28273626
60844 61593.0 -2196.5997 9108.490300000001 23183.304 -3.8597469 -1.0191246 0.034790978
60844 62013.0 -3811.5432 8660.3117 23145.802 -3.8275793 -1.1142596 -0.21330950999999998
60844 62433.0 -5409.3577000000005 8173.213400000001 23004.259000000002 -3.7782104 -1.2043869999999999 -0.46045115
60844 62853.0 -6982.8625 7649.384400000001 22759.312 -3.7118619 -1.2891023000000001 -0.70552415
60844 63273.0 -8524.9859 7091.1786 22412.062 -3.6288313 -1.368025 -0.94742797
60844 63693.0 -10028.797 6501.1041 21964.069 -3.5294911000000004 -1.4408006 -1.1850762
60844 64113.0 -11487.537 5881.8126 21417.344 -3.4142867999999997 -1.5071022 -1.4174014
60844 64533.0 -12894.649 5236.0865 20774.343 -3.2837353 -1.5666318000000001 -1.6433598999999999
60844 64953.0 -14243.808 4566.8275 20037.955 -3.1384219 -1.6191217 -1.8619364
60844 65373.0 -15528.948 3877.043 19211.487 -2.9789987 -1.6643359 -2.0721487
60844 65793.0 -16744.291 3169.8327000000004 18298.653000000002 -2.806181 -1.7020707 -2.2730515999999996
60844 66213.0 -17884.373 2448.3747000000003 17303.554 -2.6207442999999997 -1.7321563000000002 -2.4637420000000003
60844 66633.0 -18944.066 1715.9115 16230.66 -2.423521 -1.7544568 -2.6433621
60844 67053.0 -19918.604 975.73514 15084.793 -2.2153964999999998 -1.7688716 -2.8111037000000003
60844 67473.0 -20803.604 231.17267 13871.102 -1.9973055 -1.7753352 -2.9662121000000004
60844 67893.0 -21595.082000000002 -514.42899 12595.042 -1.7702275 -1.7738182 -3.1079887
60844 68313.0 -22289.479 -1257.718 11262.348 -1.5351829000000001 -1.7643265 -3.2357952
60844 68733.0 -22883.668 -1995.3526000000002 9879.0105 -1.2932278 -1.7469025 -3.3490557
60844 69153.0 -23374.975000000002 -2724.0163 8451.249099999999 -1.04545 -1.7216239 -3.4472597
60844 69573.0 -23761.187 -3440.4326 6985.4825 -0.79296328 -1.6886036999999998 -3.5299645
60844 69993.0 -24040.564000000002 -4141.3802000000005 5488.3014 -0.5369031599999999 -1.6479901000000001 -3.5967968999999997
60844 70413.0 -24211.847 -4823.7065999999995 3966.4377999999997 -0.2784213 -1.5999653 -3.6474552
60844 70833.0 -24274.262 -5484.3435 2426.7357 -0.018680439 -1.5447449 -3.6817106
60844 71253.0 -24227.526 -6120.3195000000005 876.11938 0.24115082000000002 -1.482577 -3.6994081000000003
60844 71673.0 -24071.846 -6728.7744 -678.43733 0.49990336 -1.413741 -3.7004671
60844 72093.0 -23807.921000000002 -7306.9716 -2229.9425 0.75641281 -1.3385463 -3.6848824000000002
60844 72513.0 -23436.935 -7852.3104 -3771.4177999999997 1.0095248 -1.2573312 -3.6527235
60844 72933.0 -22960.555 -8362.338 -5295.929700000001 1.2581003000000002 -1.1704609000000001 -3.6041345000000002
60844 73353.0 -22380.923 -8834.760400000001 -6796.620900000001 1.5010205 -1.0783263 -3.5393339999999998
60844 73773.0 -21700.643 -9267.4529 -8266.7411 1.7371923 -0.9813417 -3.4586131
60844 74193.0 -20922.775 -9658.469500000001 -9699.677599999999 1.9655529 -0.8799435999999999 -3.3623352
60844 74613.0 -20050.816 -10006.051 -11088.985 2.1850747000000004 -0.7745882000000001 -3.2509333000000002
60844 75033.0 -19088.688000000002 -10308.636 -12428.414 2.39477 -0.66574951 -3.1249089
60844 75453.0 -18040.717 -10564.862000000001 -13711.94 2.5936954 -0.5539172200000001 -2.9848290000000004
60844 75873.0 -16911.617000000002 -10773.578 -14933.791000000001 2.7809561 -0.43959445 -2.8313241
60844 76293.0 -15706.465 -10933.845 -16088.470000000001 2.9557097 -0.32329548999999996 -2.6650849
60844 76713.0 -14430.682 -11044.942000000001 -17170.784 3.1171705000000003 -0.20554347 -2.4868596
60844 77133.0 -13090.005000000001 -11106.372 -18175.866 3.2646125 -0.086868009 -2.2974501000000003
60844 77553.0 -11690.463 -11117.857 -19099.195 3.3973727 0.032197167 -2.0977084
60844 77973.0 -10238.351 -11079.347 -19936.62 3.5148544000000004 0.15111664 -1.8885332000000001
60844 78393.0 -8740.198900000001 -10991.014000000001 -20684.374 3.6165296 0.26935570999999997 -1.6708653999999998
60844 78813.0 -7202.7436 -10853.257 -21339.095 3.7019414000000004 0.38638275 -1.4456839000000001
60844 79233.0 -5632.8991 -10666.696 -21897.838 3.770706 0.50167168 -1.2140012999999998
60844 79653.0 -4037.7248 -10432.169 -22358.091 3.8225143 0.61470421 -0.97685959
60844 80073.0 -2424.3939 -10150.732 -22717.785 3.8571337 0.72497227 -0.73532494
60844 80493.0 -800.16112 -9823.6489 -22975.301 3.8744085 0.83198019 -0.49048332
60844 80913.0 827.66979 -9452.3921 -23129.482 3.8742612 0.93524699 -0.24343552
60844 81333.0 2451.7789 -9038.6303 -23179.634000000002 3.8566923 1.0343085 0.004707773300000001
60844 81753.0 4064.8630000000003 -8584.2241 -23125.53 3.8217808 1.1287194 0.25283097
60844 82173.0 5659.6685 -8091.216200000001 -22967.414 3.7696829 1.218056 0.49982042000000004
60844 82593.0 7229.039 -7561.85 -22706.068 3.7006065 1.3019269999999998 0.74460735
60844 83013.0 8765.9327 -6998.510700000001 -22342.69 3.6148798 1.379926 0.98600925
60844 83433.0 10263.353000000001 -6403.6585000000005 -21878.684 3.5129221 1.4517244 1.222972
60844 83853.0 11714.598 -5779.9934 -21316.219 3.3951775 1.5169969 1.4544327000000001
60844 84273.0 13113.164 -5130.336200000001 -20657.877 3.2621632 1.5754489 1.6793558000000002
60844 84693.0 14452.761 -4457.608200000001 -19906.618000000002 3.1144762999999998 1.6268171 1.8967295
60844 85113.0 15727.363000000001 -3764.8341 -19065.818 2.9527805 1.6708704 2.1055759
60844 85533.0 16931.237 -3055.1291 -18139.259000000002 2.7778023 1.7074104 2.3049551999999998
60844 85953.0 18058.967 -2331.6844 -17131.107 2.5903282 1.7362725 2.4939702
60844 86373.0 19105.481 -1597.7535 -16045.895 2.391201 1.7573264 2.6717701000000003
60845 393.0 20066.069 -856.63683 -14888.503 2.181316 1.7704773 2.8375545000000004
60845 813.0 20936.412 -111.66747000000001 -13664.136 1.9616172 1.7756657 2.9905769
60845 1233.0 21712.592 633.8041400000001 -12378.301 1.7330927999999999 1.7728679999999999 3.1301483
60845 1653.0 22391.118000000002 1376.4252 -11036.783 1.4967709 1.7620966 3.2556401999999998
60845 2073.0 22968.937 2112.8556000000003 -9645.614300000001 1.2537149 1.7433998 3.3664874
60845 2493.0 23443.449 2839.7831 -8211.0538 1.0050185 1.7168617 3.4621907000000003
60845 2913.0 23812.519 3553.9382 -6739.5549 0.7518010399999999 1.6826015 3.5423191000000003
60845 3333.0 24074.488 4252.108700000001 -5237.7372000000005 0.49520231000000003 1.6407735 3.6065118000000003
60845 3753.0 24228.178 4931.1546 -3712.3568 0.23637734000000002 1.5915661 3.6544798999999997
60845 4173.0 24272.897 5588.022 -2170.276 -0.023508773000000004 1.5352007 3.6860077
60845 4593.0 24208.445 6219.7565 -618.43217 -0.28328616 1.4719312 3.7009534
60845 5013.0 24035.115 6823.517400000001 936.19365 -0.54178547 1.4020427 3.6992503
60845 5433.0 23753.687 7396.589599999999 2486.608 -0.79784319 1.3258499 3.6809065000000003
60845 5853.0 23365.43 7936.3966 4025.8367000000003 -1.0503069 1.2436961 3.6460054
60845 6273.0 22872.092 8440.5115 5546.9563 -1.2980406 1.1559512 3.5947049000000004
60845 6693.0 22275.894 8906.6682 7043.1251 -1.5399295 1.0630106000000001 3.5272369
60845 7113.0 21579.522 9332.7715 8507.6142 -1.7748857 0.96529262 3.4439059000000003
60845 7533.0 20786.109 9716.9066 9933.837599999999 -2.0018523 0.8632373700000001 3.3450882
60845 7953.0 19899.228 10057.348 11315.382 -2.2198089 0.7573042900000001 3.2312294
60845 8373.0 18922.869 10352.566 12646.036 -2.4277758 0.64797017 3.1028429
60845 8793.0 17861.426 10601.236 13919.817000000001 -2.6248183 0.53572703 2.9605076
60845 9213.0 16719.675 10802.24 15130.999 -2.8100514 0.42107986000000003 2.8048647
60845 9633.0 15502.752 10954.678 16274.138 -2.9826430999999998 0.30454433999999997 2.6366154
60845 10053.0 14216.133 11057.866 17344.097 -3.1418185 0.18664454 2.4565171
60845 10473.0 12865.603000000001 11111.343 18336.067 -3.2868634 0.067910494 2.2653807
60845 10893.0 11457.237000000001 11114.869 19245.592 -3.4171269000000004 -0.051124104000000004 2.064066
60845 11313.0 9997.3683 11068.431 20068.584 -3.532025 -0.16992435 1.8534788000000002
60845 11733.0 8492.5601 10972.24 20801.348 -3.6310423999999997 -0.2879565 1.634566
60845 12153.0 6949.5784 10826.73 21440.592 -3.7137356 -0.40469036999999997 1.408312
60845 12573.0 5375.3598 10632.555 21983.445 -3.7797341 -0.51960171 1.1757335
60845 12993.0 3776.9807 10390.592 22427.469 -3.8287424000000003 -0.6321745200000001 0.9378758800000001
60845 13413.0 2161.6258 10101.927 22770.671000000002 -3.8605414000000002 -0.74190338 0.69580768
60845 13833.0 536.5555300000001 9767.86 23011.510000000002 -3.8749890000000002 -0.84829567 0.45061636
60845 14253.0 -1090.9263 9389.892800000001 23148.905 -3.8720209 -0.95087378 0.20340322
60845 14673.0 -2713.5054 8969.7246 23182.241 -3.8516509 -1.0491772000000001 -0.044721476
60845 15093.0 -4323.8893 8509.2442 23111.368000000002 -3.8139708000000003 -1.1427648 -0.29264342
60845 15513.0 -5914.840700000001 8010.5214000000005 22936.605 -3.7591499 -1.2312162000000002 -0.53924924
60845 15933.0 -7479.2096 7475.7974 22658.738 -3.6874344000000003 -1.3141344 -0.78343147
60845 16353.0 -9009.9651 6907.4754 22279.015 -3.5991462000000003 -1.391147 -1.0240935
60845 16773.0 -10500.227 6308.1093 21799.143 -3.4946815 -1.4619081 -1.2601544
60845 17193.0 -11943.298 5680.392400000001 21221.278000000002 -3.3745089 -1.5260999 -1.4905537
60845 17613.0 -13332.691 5027.1456 20548.016 -3.2391676000000005 -1.5834338000000001 -1.7142565
60845 18033.0 -14662.16 4351.304400000001 19782.381 -3.0892649000000003 -1.6336521000000002 -1.9302575
60845 18453.0 -15925.729000000001 3655.9058 18927.814000000002 -2.9254735000000003 -1.6765288 -2.1375859999999998
60845 18873.0 -17117.716 2944.0751 17988.154 -2.7485285 -1.7118711000000002 -2.3353099000000004
60845 19293.0 -18232.762 2219.0114 16967.623 -2.5592241 -1.7395197 -2.5225402
60845 19713.0 -19265.853 1483.9733999999999 15870.807 -2.3584103 -1.7593499 -2.6984349
60845 20133.0 -20212.341 742.2647900000001 14702.636 -2.1469887 -1.7712721 -2.8622025
60845 20553.0 -21067.971 -2.7803733000000004 13468.358 -1.9259091000000002 -1.7752322999999999 -3.0131062
60845 20973.0 -21828.892 -747.81296 12173.523000000001 -1.6961645 -1.7712122 -3.1504665000000003
60845 21393.0 -22491.68 -1489.4837 10823.949 -1.4587873 -1.7592292 -3.273665
60845 21813.0 -23053.354 -2224.458 9425.705 -1.2148444 -1.7393369 -3.3821467
60845 22233.0 -23511.384000000002 -2949.4316000000003 7985.075400000001 -0.96543229 -1.7116241 -3.4754227
60845 22653.0 -23863.708 -3661.1447000000003 6508.5379 -0.7116724400000001 -1.676215 -3.5530726
60845 23073.0 -24108.74 -4356.396900000001 5002.731400000001 -0.45470596 -1.6332686 -3.6147462
60845 23493.0 -24245.374 -5032.0617999999995 3474.4271000000003 -0.19568861 -1.5829774 -3.6601651000000004
60845 23913.0 -24272.994 -5685.1011 1930.4975 0.064214483 -1.5255676 -3.6891241
60845 24333.0 -24191.474000000002 -6312.578 377.88587 0.32383406000000003 -1.461297 -3.7014924000000002
60845 24753.0 -24001.177 -6911.670400000001 -1176.4252 0.58200204 -1.3904545000000001 -3.6972136
60845 25173.0 -23702.958 -7479.684200000001 -2725.4452 0.83755679 -1.3133588 -3.6763064
60845 25593.0 -23298.156 -8014.0647 -4262.2073 1.0893484000000002 -1.2303564 -3.6388644
60845 26013.0 -22788.591 -8512.408800000001 -5779.7997000000005 1.3362439 -1.1418208 -3.5850559
60845 26433.0 -22176.552 -8972.475199999999 -7271.3965 1.5771322 -1.0481502 -3.5151228000000003
60845 26853.0 -21464.792 -9392.195 -8730.289 1.8109296 -0.9497660600000001 -3.4293795
60845 27273.0 -20656.512 -9769.680699999999 -10149.916000000001 2.0365841000000002 -0.84711092 -3.3282118
60845 27693.0 -19755.344 -10103.235 -11523.891 2.2530805000000003 -0.7406466500000001 -3.212075
60845 28113.0 -18765.343 -10391.358 -12846.036 2.4594449 -0.6308521899999999 -3.0814918
60845 28533.0 -17690.959 -10632.754 -14110.404 2.6547491 -0.51822144 -2.9370496
60845 28953.0 -16537.025 -10826.337 -15311.308 2.8381148 -0.40326105 -2.7793984999999997
60845 29373.0 -15308.73 -10971.239 -16443.348 3.0087173 -0.28648807 -2.6092478000000003
60845 29793.0 -14011.597 -11066.807 -17501.433 3.1657897 -0.16842769000000002 -2.4273631
60845 30213.0 -12651.460000000001 -11112.612000000001 -18480.805 3.3086257999999997 -0.049610794 -2.2345625
60845 30633.0 -11234.435 -11108.449 -19377.059 3.4365835000000002 0.069428347 -2.0317134
60845 31053.0 -9766.8934 -11054.336 -20186.165 3.5490877999999997 0.18815454 -1.819728
60845 31473.0 -8255.4354 -10950.518 -20904.484 3.6456329999999997 0.30603402 -1.5995597000000001
60845 31893.0 -6706.8571 -10797.460000000001 -21528.788 3.7257853 0.42253692000000004 -1.3721985
60845 32313.0 -5128.1215999999995 -10595.853000000001 -22056.267 3.7891846 0.53713954 -1.1386667
60845 32733.0 -3526.3277000000003 -10346.601 -22484.551 3.8355459 0.6493268000000001 -0.90001421
60845 33153.0 -1908.6778000000002 -10050.827 -22811.712 3.8646610000000003 0.75859444 -0.65731388
60845 33573.0 -282.44562 -9709.859699999999 -23036.28 3.8763988 0.86445137 -0.41165675
60845 33993.0 1345.0566000000001 -9325.232199999999 -23157.244 3.8707065 0.9664218 -0.16414711
60845 34413.0 2966.5108 -8898.6738 -23174.06 3.8476095999999997 1.0640474 0.084102418
60845 34833.0 4574.6260999999995 -8432.1022 -23086.651 3.8072114000000004 1.1568893 0.33197589
60845 35253.0 6162.1713 -7927.615 -22895.409 3.7496933 1.2445302 0.57835898
60845 35673.0 7722.0075 -7387.4802 -22601.193 3.6753134000000003 1.326576 0.82214402
60845 36093.0 9247.1203 -6814.125900000001 -22205.325 3.5844051 1.4026582 1.0622361
60845 36513.0 10730.737000000001 -6210.1895 -21709.78 3.4773384000000003 1.4724251 1.2975576000000002
60845 36933.0 12165.999 -5578.2733 -21116.397 3.354673 1.5355793000000002 1.5270388000000001
60845 37353.0 13546.552 -4921.2711 -20428.033 3.2169204000000002 1.5918297000000001 1.7496562
60845 37773.0 14866.187 -4242.1385 -19647.787 3.0646988000000004 1.6409229 1.9644084000000002
60845 38193.0 16118.968 -3543.929 -18779.167 2.8986918 1.6826379 2.1703293
60845 38613.0 17299.262 -2829.7821000000004 -17826.077 2.7196455 1.7167867 2.3664923
60845 39033.0 18401.758 -2102.9091000000003 -16792.803 2.5283645999999997 1.7432154 2.5520144
60845 39453.0 19421.495 -1366.5788 -15683.992 2.3257089 1.7618049000000002 2.7260607
60845 39873.0 20353.888 -624.10239 -14504.629 2.1125897 1.7724712 2.8878474
60845 40293.0 21194.74 121.18089 -13260.019 1.8899655 1.775166 3.0366462000000003
60845 40713.0 21940.268 865.91919 -11955.759 1.6588376 1.769877 3.1717869000000003
60845 41133.0 22587.118000000002 1606.763 -10597.715 1.4202458 1.7566277000000001 3.2926609
60845 41553.0 23132.38 2340.3802 -9191.9972 1.1752638 1.7354775 3.3987238000000004
60845 41973.0 23573.600000000002 3063.4711 -7744.928 0.9249940400000001 1.7065216 3.4894978
60845 42393.0 23908.792 3772.7835 -6263.017 0.67056286 1.6698901000000002 3.5645740999999997
60845 42813.0 24136.45 4465.1271 -4752.9310000000005 0.41311554 1.6257478 3.6236147
60845 43233.0 24255.549 5137.387900000001 -3221.4633 0.15381095 1.5742937 3.6663537
60845 43653.0 24265.555 5786.5424 -1675.5033999999998 -0.10618365 1.5157592 3.6925989
60845 44073.0 24166.422000000002 6409.6711 -122.00616000000001 -0.36569787000000004 1.450408 3.7022323999999998
60845 44493.0 23958.599000000002 7003.9719000000005 1432.0399 -0.62356356 1.3785346 3.6952113
60845 44913.0 23643.022 7566.7722 2979.6438 -0.87862005 1.3004625 3.6715677
60845 45333.0 23221.113 8095.541700000001 4513.8443 -1.1297194 1.2165435 3.6314088000000004
60845 45753.0 22694.77 8587.903 6027.7402 -1.3757318 1.1271556 3.5749161
60845 46173.0 22066.365 9041.643 7514.522400000001 -1.6155502 1.0327012 3.5023448
60845 46593.0 21338.726 9454.7222 8967.5043 -1.8480959000000001 0.9336058500000001 3.4140225
60845 47013.0 20515.129 9825.2845 10380.152 -2.0723231 0.83031562 3.3103478
60845 47433.0 19599.281 10151.665 11746.112000000001 -2.2872236 0.72329551 3.1917882
60845 47853.0 18595.303 10432.398000000001 13059.244 -2.4918314 0.6130272099999999 3.0588783
60845 48273.0 17507.712 10666.223 14313.645 -2.6852271 0.50000691 2.912217
60845 48693.0 16341.404 10852.09 15503.674 -2.8665418 0.38474308 2.7524653
60845 49113.0 15101.623 10989.165 16623.983 -3.0349613 0.26775416 2.5803425000000004
60845 49533.0 13793.947 11076.835000000001 17669.538 -3.1897295 0.14956623 2.3966237
60845 49953.0 12424.259 11114.707 18635.639 -3.3301518999999997 0.030710629000000003 2.2021357
60845 50373.0 10998.717 11102.613 19517.946 -3.4555984 -0.088278435 1.9977537
60845 50793.0 9523.731800000001 11040.61 20312.496 -3.5655066000000004 -0.20686626000000002 1.7843969
60845 51213.0 8005.936000000001 10928.977 21015.718 -3.6593836000000004 -0.32452007 1.5630248999999998
60845 51633.0 6452.153200000001 10768.218 21624.454 -3.7368089 -0.44071137 1.3346329000000001
60845 52053.0 4869.3687 10559.057 22135.97 -3.7974356 -0.55491835 1.1002474
60845 52473.0 3264.6974 10302.436 22547.97 -3.8409925 -0.66662816 0.86092171
60845 52893.0 1645.3524 9999.5091 22858.603 -3.8672847000000004 -0.77533924 0.61773109
60845 53313.0 18.612124 9651.6391 23066.476 -3.8761948000000004 -0.88056352 0.37176803
60845 53733.0 -1608.2119 9260.3901 23170.655 -3.8676835 -0.98182862 0.12413731
60845 54153.0 -3227.8081 8827.5211 23170.673 -3.8417894 -1.0786799 -0.12404886000000001
60845 54573.0 -4832.897400000001 8354.9779 23066.532 -3.798629 -1.1706826000000001 -0.37167585000000003
60845 54993.0 -6416.2659 7844.884400000001 22858.7 -3.7383962000000004 -1.2574237000000001 -0.61763154
60845 55413.0 -7970.7976 7299.533200000001 22548.11 -3.6613616 -1.3385136 -0.86081133
60845 55833.0 -9489.5055 6721.3752 22136.16 -3.5678709 -1.4135882 -1.100123
60845 56253.0 -10965.564 6113.0086 21624.699 -3.4583436 -1.4823103000000002 -1.3344916
60845 56673.0 -12392.337 5477.1672 21016.026 -3.3332712 -1.5443711 -1.5628643
60845 57093.0 -13763.413 4816.7086 20312.876 -3.1932150000000004 -1.5994916000000001 -1.7842149999999999
60845 57513.0 -15072.628 4134.6008 19518.408 -3.0388036 -1.647424 -1.997549
60845 57933.0 -16314.095000000001 3433.9091000000003 18636.192 -2.8707298000000003 -1.6879528000000001 -2.2019075
60845 58353.0 -17482.234 2717.7827 17670.191 -2.6897480999999996 -1.7208953 -2.3963717
60845 58773.0 -18571.79 1989.4401 16624.747 -2.4966712 -1.7461033000000001 -2.5800671000000004
60845 59193.0 -19577.865 1252.1548 15504.558 -2.2923658000000002 -1.7634631 -2.7521676000000004
60845 59613.0 -20495.934 509.24098 14314.659 -2.0777496 -1.7728960999999999 -2.9118988
60845 60033.0 -21321.866 -235.96197 13060.396 -1.8537867000000001 -1.7743595 -3.0585418
60845 60453.0 -22051.947 -980.10407 11747.409 -1.6214832 -1.7678462 -3.1914365
60845 60873.0 -22682.89 -1719.8399 10381.598 -1.3818832 -1.7533851 -3.3099845
60845 61293.0 -23211.858 -2451.8437000000004 8969.1052 -1.1360637 -1.7310407 -3.4136516
60845 61713.0 -23636.468 -3172.8242999999998 7516.2799 -0.88512969 -1.7009130000000001 -3.5019709
60845 62133.0 -23954.809 -3879.5397000000003 6029.6544 -0.63020957 -1.6631372 -3.5745442
60845 62553.0 -24165.446 -4568.8123 4515.9134 -0.37244977 -1.6178827000000002 -3.6310441
60845 62973.0 -24267.431 -5237.5425000000005 2981.8637000000003 -0.11300964999999999 -1.5653529000000002 -3.6712157000000003
60845 63393.0 -24260.302 -5882.7231 1434.4039 0.14694372000000003 -1.5057836 -3.6948776
60845 63813.0 -24144.09 -6501.4526 -119.50678 0.40624084 -1.4394427 -3.7019227000000003
60845 64233.0 -23919.315 -7090.9485 -1672.8799 0.66371507 -1.3666285 -3.6923188000000002
60845 64653.0 -23586.987 -7648.5599 -3218.7293 0.9182079400000001 -1.2876682000000002 -3.6661086000000003
60845 65073.0 -23148.599000000002 -8171.779 -4750.102400000001 1.1685743 -1.2029172000000001 -3.6234097000000003
60845 65493.0 -22606.12 -8658.252900000001 -6260.1116 1.4136876999999999 -1.1127566 -3.5644141
60845 65913.0 -21961.991 -9105.7939 -7741.9655 1.6524453000000001 -1.017592 -3.4893871
60845 66333.0 -21219.106 -9512.3895 -9188.999300000001 1.8837728 -0.91785151 -3.3986661
60845 66753.0 -20380.808 -9876.2113 -10594.705 2.1066295 -0.81398387 -3.2926595
60845 67173.0 -19450.864 -10195.623 -11952.76 2.3200129 -0.70645636 -3.1718442000000002
60845 67593.0 -18433.458 -10469.19 -13257.056 2.5229632000000004 -0.59575267 -3.0367639
60845 68013.0 -17333.164 -10695.681 -14501.729000000001 2.7145677 -0.48237078000000005 -2.8880265
60845 68433.0 -16154.93 -10874.078 -15681.18 2.8939647 -0.36682067 -2.7263012
60845 68853.0 -14904.056 -11003.579 -16790.105 3.0603476 -0.24962201 -2.5523157000000003
60845 69273.0 -13586.165 -11083.603000000001 -17823.518 3.2129685 -0.13130187000000001 -2.3668528
60845 69693.0 -12207.185 -11113.79 -18776.771 3.3511414 -0.012392261 -2.1707466
60845 70113.0 -10773.316 -11094.005000000001 -19645.579 3.4742451 0.10657218 -1.9648793
60845 70533.0 -9291.0067 -11024.337 -20426.033 3.5817265000000003 0.22505663 -1.7501766
60845 70953.0 -7766.9213 -10905.099 -21114.625 3.6731026000000004 0.34252848 -1.5276041
60845 71373.0 -6207.9132 -10736.829 -21708.259000000002 3.7479628 0.4584597 -1.2981624999999999
60845 71793.0 -4620.992200000001 -10520.282000000001 -22204.264 3.8059708000000003 0.57232923 -1.0628833
60845 72213.0 -3013.2938 -10256.432 -22600.411 3.846866 0.6836252899999999 -0.82282426
60845 72633.0 -1392.0466999999999 -9946.466900000001 -22894.918 3.8704644 0.79184769 -0.5790644600000001
60845 73053.0 235.45952 -9591.7788 -23086.461 3.8766601 0.89651004 -0.33269961000000003
60845 73473.0 1861.9071000000001 -9193.962800000001 -23174.176 3.8654249000000003 0.99714194 -0.08483712900000001
60845 73893.0 3479.9827999999998 -8754.8073 -23157.670000000002 3.8368091 1.0932910999999998 0.16340885
60845 74313.0 5082.411 -8276.2865 -23037.015 3.7909411 1.1845253 0.41092245000000005
60845 74733.0 6661.986400000001 -7760.5516 -22812.754 3.7280266 1.2704345000000001 0.656591
60845 75153.0 8211.606099999999 -7209.921200000001 -22485.892 3.6483479 1.3506323 0.89931007
60845 75573.0 9724.301300000001 -6626.8706 -22057.899 3.5522626 1.4247581 1.1379884999999998
60845 75993.0 11193.266 -6014.0169000000005 -21530.685 3.4402053 1.4924787 1.3715509
60845 76413.0 12611.903 -5374.1246 -20906.648 3.312672 1.5534889 1.5989509000000002
60845 76833.0 13973.825 -4710.0649 -20188.575 3.1702399 1.6075147 1.8191638
60845 77253.0 15272.908 -4024.8242999999998 -19379.696 3.0135483 1.6543126 2.0311988
60845 77673.0 16503.308 -3321.4838 -18483.647 2.8433011 1.693672 2.2341018
60845 78093.0 17659.49 -2603.2062 -17504.456000000002 2.6602635 1.7254154000000002 2.4269599
60845 78513.0 18736.253 -1873.2213000000002 -16446.528000000002 2.4652581000000002 1.7493999 2.6089050000000005
60845 78933.0 19728.754 -1134.8119 -15314.619 2.2591616 1.7655171 2.7791179
60845 79353.0 20632.526 -391.29868 -14113.819 2.0429009000000002 1.7736943 2.9368325
60845 79773.0 21443.504 353.97442 -12849.529 1.8174484 1.7738945000000002 3.0813384000000004
60845 80193.0 22158.038 1097.6556 -11527.436 1.5838186 1.7661164000000003 3.2119849
60845 80613.0 22772.913 1836.3999 -10153.485 1.3430624 1.7503948 3.3281836
60845 81033.0 23285.364 2566.8849 -8733.857699999999 1.0962632 1.7268004000000001 3.429411
60845 81453.0 23693.084 3285.8248 -7274.9398 0.84453183 1.6954392 3.5152113
60845 81873.0 23994.239 3989.9861 -5783.294400000001 0.58900122 1.6564523 3.585198
60845 82293.0 24187.474000000002 4676.2015 -4265.6318 0.33082162 1.6100151 3.639056
60845 82713.0 24271.921000000002 5341.384900000001 -2728.7796000000003 0.071155216 1.5563368 3.6765429
60845 83133.0 24247.2 5982.544400000001 -1179.6517 -0.18882907000000002 1.4956591000000001 3.6974901
60845 83553.0 24113.424 6596.7967 374.78301 -0.44796091000000005 1.4282551 3.7018037
60845 83973.0 23871.195 7181.379400000001 1927.5317 -0.70507388 1.3544287 3.6894646
60845 84393.0 23521.606 7733.664 3471.6094 -0.95901072 1.2745122 3.660529
60845 84813.0 23066.231 8251.1673 5000.0706 -1.2086286 1.1888657 3.6151280000000003
60845 85233.0 22507.12 8731.5629 6506.0402 -1.4528043 1.0978749 3.5534668000000003
60845 85653.0 21846.791 9172.6913 7982.744900000001 -1.6904393 1.0019495 3.4758237
60845 86073.0 21088.217 9572.57 9423.5434 -1.9204646 0.90152162 3.3825494
60846 93.0 20234.811 9929.402300000002 10821.957 -2.1418459 0.7970433299999999 3.2740645
60846 513.0 19290.416 10241.585000000001 12171.696 -2.3535879 0.6889849400000001 3.1508584
60846 933.0 18259.281 10507.716 13466.694 -2.5547388 0.5778327900000001 3.0134863999999997
60846 1353.0 17146.045000000002 10726.602 14701.128 -2.7443948999999996 0.46408702 2.8625678
60846 1773.0 15955.718 10897.258 15869.449 -2.9217041 0.34825933 2.6987823
60846 2193.0 14693.654 11018.921 16966.407 -3.0858705 0.23087066 2.5228676
60846 2613.0 13365.53 11091.045 17987.071 -3.2361570000000004 0.11244883 2.3356155
60846 3033.0 11977.32 11113.308 18926.854 -3.3718892 -0.0064737911 2.1378690000000002
60846 3453.0 10535.266 11085.611 19781.536 -3.4924584 -0.12536273 1.9305176
60846 3873.0 9045.8536 11008.083 20547.275 -3.5973238000000003 -0.24368378999999998 1.7144939
60846 4293.0 7515.7788 10881.071 21220.632 -3.6860156 -0.3609054 1.4907694
60846 4713.0 5951.920700000001 10705.15 21798.584 -3.7581363000000003 -0.47650107 1.2603497
60846 5133.0 4361.3098 10481.111 22278.534 -3.813363 -0.58995166 1.0242705
60846 5553.0 2751.096 10209.962 22658.327 -3.8514485 -0.7007477599999999 0.78359264
60846 5973.0 1128.517 9892.9237 22936.259000000002 -3.8722228000000003 -0.80839193 0.5393973099999999
60846 6393.0 -499.13423 9531.421699999999 23111.082000000002 -3.875593 -0.91240089 0.29278151
60846 6813.0 -2124.5422000000003 9127.081400000001 23182.012 -3.8615447 -1.0123077 0.044852912
60846 7233.0 -3740.4017000000003 8681.7204 23148.73 -3.8301412999999997 -1.107664 -0.20327497
60846 7653.0 -5339.4505 8197.3407 23011.389 -3.781524 -1.1980415 -0.45048778
60846 8073.0 -6914.5022 7676.1195 22770.604 -3.7159114 -1.2830345 -0.69567528
60846 8493.0 -8458.4776 7120.399200000001 22427.459 -3.6335979000000003 -1.3622614000000002 -0.93773629
60846 8913.0 -9964.437699999999 6532.6772 21983.496 -3.5349530000000002 -1.4353662999999999 -1.1755836
60846 9333.0 -11425.613 5915.594700000001 21440.709 -3.4204194 -1.5020208 -1.4081489
60846 9753.0 -12835.437 5271.9248 20801.537 -3.290511 -1.5619255 -1.6343873000000002
60846 10173.0 -14187.572 4604.5601 20068.852 -3.1458108000000005 -1.6148110999999998 -1.8532823
60846 10593.0 -15475.938 3916.4996 19245.945 -2.9869681999999997 -1.6604397 -2.0638503
60846 11013.0 -16694.744 3210.8356000000003 18336.516 -2.814696 -1.698606 -2.2651447
60846 11433.0 -17838.511 2490.7395 17344.649 -2.6297677 -1.7291383 -2.4562605
60846 11853.0 -18902.093 1759.4476000000002 16274.803 -2.4330133999999997 -1.7518989 -2.6363382000000004
60846 12273.0 -19880.71 1020.2470000000001 15131.784 -2.2253166 -1.766785 -2.804568
60846 12693.0 -20769.958 276.46021 13920.73 -2.0076103 -1.7737295 -2.9601926
60846 13113.0 -21565.838 -468.56928999999997 12647.085000000001 -1.7808725 -1.7727004 -3.1025119
60846 13533.0 -22264.769 -1211.4923000000001 11316.573 -1.5461217999999999 -1.7637021 -3.2308849
60846 13953.0 -22863.606 -1948.9688 9935.1755 -1.3044133999999998 -1.7467744 -3.3447337000000004
60846 14373.0 -23359.654000000002 -2677.6831 8509.1024 -1.0568336 -1.7219931 -3.4435452
60846 14793.0 -23750.68 -3394.3588 7044.7655 -0.80449568 -1.6894691000000002 -3.5268741
60846 15213.0 -24034.923 -4095.7734 5548.7487 -0.54853423 -1.6493484 -3.5943448
60846 15633.0 -24211.102 -4778.773 4027.7789 -0.29010043 -1.6018109999999999 -3.645653
60846 16053.0 -24278.424 -5440.286 2488.6957 -0.030356717000000002 -1.5470704000000002 -3.6805671
60846 16473.0 -24236.582000000002 -6077.3379 938.42021 0.22952844 -1.4853726 -3.6989292000000003
60846 16893.0 -24085.764 -6687.063700000001 -616.07558 0.48838583999999996 -1.4169949 -3.7006562
60846 17313.0 -23826.645 -7266.7214 -2167.8006 0.7450508 -1.3422448999999999 -3.6857398
60846 17733.0 -23460.39 -7813.7042 -3709.7759 0.99836848 -1.2614585 -3.6542467000000003
60846 18153.0 -22988.644 -8325.5522 -5235.0665 1.2471991 -1.1749993 -3.6063183
60846 18573.0 -22413.528000000002 -8799.9637 -6736.8121 1.490423 -1.0832561 -3.5421701
60846 18993.0 -21737.627 -9234.805300000002 -8208.2586 1.7269458 -0.98664158 -3.4620905
60846 19413.0 -20963.98 -9628.1214 -9642.787900000001 1.9557035 -0.8855904600000001 -3.3664399
60846 19833.0 -20096.067 -9978.143699999999 -11033.948 2.1756669000000004 -0.78055732 -3.2556487
60846 20253.0 -19137.79 -10283.298 -12375.483 2.3858466 -0.6720146600000001 -3.1302155
60846 20673.0 -18093.458 -10542.213 -13661.358 2.5852971 -0.5604507599999999 -2.9907046
60846 21093.0 -16967.769 -10753.724 -14885.791000000001 2.7731216 -0.44636743 -2.8377438
60846 21513.0 -15765.782000000001 -10916.881 -16043.276 2.9484755000000002 -0.33027779 -2.6720215
60846 21933.0 -14492.906 -11030.95 -17128.607 3.1105703 -0.21270393999999998 -2.4942832
60846 22353.0 -13154.862000000001 -11095.418 -18136.903000000002 3.2586773 -0.094174572 -2.3053284
60846 22773.0 -11757.668 -11109.997 -19063.631 3.392131 0.024777353000000002 -2.1060072
60846 23193.0 -10307.608 -11074.621000000001 -19904.623 3.5103314 0.14361704 -1.8972159
60846 23613.0 -8811.2002 -10989.449 -20656.098 3.6127474000000004 0.26181025 -1.6798936000000002
60846 24033.0 -7275.1745 -10854.865 -21314.676 3.6989189000000002 0.37882569 -1.4550174
60846 24453.0 -5706.4372 -10671.474 -21877.397 3.7684585000000004 0.49413741 -1.2235984000000002
60846 24873.0 -4112.0419 -10440.101 -22341.728 3.8210539 0.60722713 -0.98667689
60846 25293.0 -2499.1576 -10161.786 -22705.584 3.8564687 0.71758659 -0.74531805
60846 25713.0 -875.0361700000001 -9837.779900000001 -22967.326 3.8745436 0.82471981 -0.50060677
60846 26133.0 753.01975 -9469.5402 -23125.778000000002 3.8751974000000002 0.9281453000000001 -0.25364303
60846 26553.0 2377.6899 -9058.722099999999 -23180.226 3.8584269 1.0273982000000002 -0.0055369213999999995
60846 26973.0 3991.6691 -8607.1725 -23130.425 3.8243071 1.1220324000000002 0.24259633
60846 27393.0 5587.7001 -8116.921200000001 -22976.598 3.7729912 1.2116225 0.4896413
60846 27813.0 7158.6061 -7590.1723 -22719.434 3.7047092 1.2957657 0.73448744
60846 28233.0 8697.3231 -7029.2936 -22360.09 3.6197676000000003 1.3740837 0.97603396
60846 28653.0 10196.931 -6436.8065 -21900.179 3.5185475999999998 1.4462244000000002 1.2131950999999999
60846 29073.0 11650.669 -5815.3692 -21341.743000000002 3.4015052999999997 1.5118662 1.4449106
60846 29493.0 13052.035 -5167.786 -20687.34 3.2691626 1.5707077 1.6701257
60846 29913.0 14394.707 -4496.9636 -19939.889 3.1221159 1.622487 1.8878334
60846 30333.0 15672.646 -3805.9184 -19102.749 2.9610257 1.666971 2.0970544
60846 30753.0 16880.104 -3097.7575 -18179.683 2.7866157 1.7039594 2.2968472
60846 31173.0 18011.648 -2375.6652999999997 -17174.843 2.5996698 1.7332855 2.4863127
60846 31593.0 19062.189000000002 -1642.8891 -16092.746000000001 2.4010283 1.754817 2.6645979000000004
60846 32013.0 20026.999 -902.7241 -14938.259 2.1915844000000004 1.7684567 2.8309004
60846 32433.0 20901.739 -158.4991 -13716.573 1.97228 1.7741431 2.9844712
60846 32853.0 21682.472 586.4388 -12433.182 1.7441014000000001 1.7718501000000002 3.1246187
60846 33273.0 22365.685 1328.7392 -11093.861 1.5080751000000001 1.761588 3.2507118
60846 33693.0 22948.305 2065.0633000000003 -9704.6319 1.2652633000000002 1.7434027 3.3621825
60846 34113.0 23427.709 2792.0994 -8271.745200000001 1.0167584 1.7173758000000001 3.4585288000000003
60846 34533.0 23801.742000000002 3506.5774 -6801.6463 0.7636791399999999 1.6836244 3.5393166000000003
60846 34953.0 24068.719 4205.2836 -5300.9487 0.5071645 1.6423004 3.6041821
60846 35373.0 24227.44 4885.075400000001 -3776.4036 0.24836921 1.5935897 3.6528332999999997
60846 35793.0 24277.193 5542.8954 -2234.8697 -0.011541731000000001 1.5377118 3.6850513
60846 36213.0 24217.753 6175.785 -683.28185 -0.27139828 1.4749183000000001 3.7006911000000002
60846 36633.0 24049.39 6780.898 871.37977 -0.53003069 1.405492 3.6996829
60846 37053.0 23772.862 7355.5133 2422.1214 -0.78627477 1.3297456 3.6820315999999997
60846 37473.0 23389.415 7897.0471 3961.9672 -1.0389772000000002 1.2480202999999999 3.6478174
60846 37893.0 22900.776 8403.064699999999 5483.9905 -1.2870007 1.1606842 3.597195
60846 38313.0 22309.145 8871.2913 6981.3456 -1.5292294 1.0681307 3.5303933
60846 38733.0 21617.187 9299.6223 8447.2977 -1.7645733000000001 0.97077669 3.4477138000000003
60846 39153.0 20828.016 9686.1329 9875.2542 -1.9919742000000003 0.8690604399999999 3.3495297
60846 39573.0 19945.184 10029.086 11258.794 -2.2104093 0.76343993 3.2362839
60846 39993.0 18972.665 10326.942000000001 12591.695 -2.4188966 0.65439059 3.1084871
60846 40413.0 17914.835 10578.363 13867.966 -2.6164993 0.5424032 2.9667155
60846 40833.0 16776.454 10782.22 15081.869 -2.8023295 0.42798161 2.8116077
60846 41253.0 15562.644 10937.599 16227.947 -2.9755526 0.31164056 2.6438627
60846 41673.0 14278.864 11043.803 17301.05 -3.1353908 0.19390325000000003 2.4642357
60846 42093.0 12930.89 11100.356 18296.355 -3.2811268 0.07529904600000001 2.2735353000000003
60846 42513.0 11524.784 11107.007 19209.389 -3.4121066 -0.043638902 2.0726197
60846 42933.0 10066.869 11063.728000000001 20036.051 -3.5277428 -0.16237608 1.8623929000000001
60846 43353.0 8563.7008 10970.714 20772.628 -3.627517 -0.28037900000000004 1.6438003
60846 43773.0 7022.0382 10828.386 21415.81 -3.7109821000000003 -0.39711757000000003 1.4178247
60846 44193.0 5448.811900000001 10637.386 21962.709 -3.7777640999999997 -0.51206746 1.1854821
60846 44613.0 3851.0942000000005 10398.572 22410.869 -3.8275643 -0.6247125 0.94781642
60846 45033.0 2236.0669 10113.021 22758.279000000002 -3.8601597 -0.73454689 0.70589572
60846 45453.0 610.98944 9782.0156 23003.378 -3.8754048 -0.84107752 0.4608068
60846 45873.0 -1016.8342 9407.045300000002 23145.067 -3.8732318 -0.94382615 0.21365056999999998
60846 46293.0 -2640.0878 8989.795800000002 23182.711 -3.8536511 -1.0423315 -0.034462871
60846 46713.0 -4251.476 8532.1429 23116.14 -3.8167508 -1.1361514 -0.28241921000000003
60846 47133.0 -5843.7566 8036.1437000000005 22945.656 -3.7626969 -1.2248647000000001 -0.52910486
60846 47553.0 -7409.7735 7504.027400000001 22672.025 -3.6917322 -1.3080729 -0.7734119700000001
60846 47973.0 -8942.4884 6938.1855000000005 22296.477 -3.6041752000000002 -1.3854026 -1.0142433
60846 48393.0 -10435.012 6341.161 21820.699 -3.5004191000000002 -1.4565063 -1.2505171000000002
60846 48813.0 -11880.637 5715.6368 21246.829 -3.3809293 -1.5210645999999999 -1.4811721
60846 49233.0 -13272.865 5064.4238 20577.446 -3.246242 -1.5787875 -1.7051721
60846 49653.0 -14605.437 4390.4487 19815.558 -3.0969618000000003 -1.6294155000000001 -1.9215105000000001
60846 50073.0 -15872.363000000001 3696.7401 18964.586 -2.9337585 -1.6727208 -2.1292151
60846 50493.0 -17067.948 2986.4157999999998 18028.357 -2.7573647 -1.7085085999999998 -2.3273522
60846 50913.0 -18186.814000000002 2262.668 17011.075 -2.5685723 -1.7366178 -2.5150309
60846 51333.0 -19223.931 1528.7497 15917.313 -2.3682289 -1.7569215999999999 -2.6914073
60846 51753.0 -20174.635000000002 787.9596700000001 14751.987000000001 -2.1572342 -1.7693283 -2.8556878
60846 52173.0 -21034.649 43.627622 13520.333 -1.936536 -1.7737817 -3.0071333
60846 52593.0 -21800.105 -700.90046 12227.887 -1.7071257000000002 -1.7702614 -3.1450621
60846 53013.0 -22467.559 -1442.2776000000001 10880.460000000001 -1.4700341000000001 -1.7587826 -3.2688532
60846 53433.0 -23034.007 -2177.1707 9484.108300000002 -1.2263269 -1.7393966 -3.377949
60846 53853.0 -23496.901 -2902.2757 8045.1094 -0.97709964 -1.71219 -3.471858
60846 54273.0 -23854.155 -3614.3323 6569.9332 -0.7234727799999999 -1.6772849 -3.5501571
60846 54693.0 -24104.161 -4310.138900000001 5065.2126 -0.46658686 -1.6348377 -3.612493
60846 55113.0 -24245.793 -4986.5667 3537.7136 -0.20759724000000002 -1.5850391 -3.6585847
60846 55533.0 -24278.412 -5640.5738 1994.3051 0.052331125 -1.5281128000000002 -3.6882241
60846 55953.0 -24201.868000000002 -6269.2192000000005 441.92786 0.31202894 -1.4643146 -3.701277
60846 56373.0 -24016.503 -6869.676 -1112.4368000000002 0.57032782 -1.3939312 -3.6976843
60846 56793.0 -23723.151 -7439.2437 -2661.7984 0.82606564 -1.3172792 -3.6774617
60846 57213.0 -23323.128 -7975.361 -4199.1888 1.0780916999999999 -1.2347032999999998 -3.6406996
60846 57633.0 -22818.232 -8475.617 -5717.6934 1.3252720999999998 -1.1465748000000002 -3.5875633
60846 58053.0 -22210.734 -8937.761900000001 -7210.4827000000005 1.5664947 -1.0532903 -3.5182917000000002
60846 58473.0 -21503.363 -9359.7176 -8670.8428 1.8006741 -0.9552692500000001 -3.4331964
60846 58893.0 -20699.301 -9739.5866 -10092.206 2.0267568000000002 -0.85295275 -3.3326601
60846 59313.0 -19802.163 -10075.661 -11468.179 2.2437258 -0.7468010500000001 -3.2171353
60846 59733.0 -18815.984 -10366.429 -12792.573 2.4506051 -0.63729165 -3.0871418
60846 60153.0 -17745.198 -10610.585000000001 -14059.434000000001 2.6464642 -0.52491716 -2.9432646
60846 60573.0 -16594.62 -10807.029 -15263.062 2.8304225 -0.41018302 -2.7861509
60846 60993.0 -15369.425000000001 -10954.880000000001 -16398.046000000002 3.0016526 -0.29360525000000004 -2.6165078
60846 61413.0 -14075.122 -11053.473 -17459.281 3.1593847999999998 -0.17570811 -2.4350983999999998
60846 61833.0 -12717.531 -11102.365 -18441.995 3.30291 -0.057021751 -2.2427388
60846 62253.0 -11302.758 -11101.336 -19341.77 3.4315831 0.061920201 -2.0402941
60846 62673.0 -9837.162300000002 -11050.391 -20154.558 3.5448258000000004 0.18058301000000002 -1.8286748
60846 63093.0 -8327.3357 -10949.76 -20876.705 3.6421292 0.29843324000000004 -1.6088325
60846 63513.0 -6780.0667 -10799.895 -21504.964 3.7230562000000003 0.41494117 -1.3817557
60846 63933.0 -5202.3125 -10601.47 -22036.510000000002 3.7872429000000003 0.52958311 -1.1484654
60846 64353.0 -3601.1671 -10355.378 -22468.952 3.8344011 0.64184383 -0.9100102000000001
60846 64773.0 -1983.8297 -10062.726 -22800.345 3.8643186000000003 0.7512187699999999 -0.6674621100000001
60846 65193.0 -357.5723 -9724.8275 -23029.2 3.8768611 0.85721637 -0.42191141
60846 65613.0 1270.2929 -9343.2034 -23154.485 3.8719719 0.95936024 -0.17446181000000002
60846 66033.0 2892.4463 -8919.568800000001 -23175.637 3.8496728 1.0571913 0.0737744
60846 66453.0 4501.5943 -8455.8282 -23092.561 3.8100637 1.1502697000000002 0.32168139
60846 66873.0 6090.501 -7954.0663 -22905.627 3.7533222 1.2381772000000002 0.5681447500000001
60846 67293.0 7652.0217 -7416.5387 -22615.676 3.6797029 1.3205183999999999 0.81205649
60846 67713.0 9179.1344 -6845.6621 -22224.011000000002 3.5895360000000003 1.3969230000000001 1.05232
60846 68133.0 10664.963 -6243.9973 -21732.371 3.4832294000000004 1.4670489 1.2878562
60846 68553.0 12102.887 -5614.2945 -21143.115 3.3612135 1.5305815 1.5176383
60846 68973.0 13486.338 -4959.3173 -20458.664 3.2241145 1.5872279 1.7405661000000001
60846 69393.0 14809.127 -4282.0306 -19682.164 3.0725211 1.6367386 1.9556667
60846 69813.0 16065.32 -3585.4875 -18817.135000000002 2.9071067 1.6788900000000002 2.1619761
60846 70233.0 17249.266 -2872.8201000000004 -17867.465 2.7286144 1.7134923 2.3585659999999997
60846 70653.0 18355.638 -2147.2329 -16837.424 2.5378462 1.7403894 2.5445515000000003
60846 71073.0 19379.458 -1411.9888999999998 -15731.644 2.3356597000000003 1.7594599000000002 2.7190952000000004
60846 71493.0 20316.12 -670.39452 -14555.097 2.1229639000000002 1.7706177 2.8814112
60846 71913.0 21161.41 74.214969 -13313.073 1.9007153 1.7738123000000001 3.0307686
60846 72333.0 21911.523 818.4906800000001 -12011.16 1.6699136 1.7690288 3.1664944999999998
60846 72753.0 22563.085 1559.0851000000002 -10655.212 1.4315971 1.7562887 3.2879777
60846 73173.0 23113.163 2292.667 -9251.3294 1.1868382 1.7356489 3.3946706
60846 73593.0 23559.281 3015.937 -7805.826900000001 0.93673834 1.7072021 3.4860927999999998
60846 74013.0 23899.433 3725.6416000000004 -6325.2074 0.68242325 1.6710764 3.5618321
60846 74433.0 24132.087 4418.5887 -4816.1316 0.42503769999999996 1.6274340999999999 3.6215476
60846 74853.0 24256.197 5091.6613 -3285.3887000000004 0.16574039 1.5764718 3.6649701
60846 75273.0 24271.205 5741.8321 -1739.8654 -0.09430134700000001 1.5184189 3.6919044
60846 75693.0 24177.043 6366.1769 -186.51472 -0.35391680000000003 1.4535368000000002 3.7022292
60846 76113.0 23974.138 6961.8877 1367.675 -0.61193721 1.3821178 3.6958984
60846 76533.0 23663.402000000002 7526.2856 2915.7119 -0.8672010800000001 1.3044836 3.6729411
60846 76953.0 23246.236 8056.8327 4450.6320000000005 -1.1185594 1.2209839 3.6334611
60846 77373.0 22724.518 8551.1435 5965.5307 -1.3648809000000002 1.1319948 3.577637
60846 77793.0 22100.596 9006.9958 7453.593900000001 -1.6050573 1.0379170999999998 3.505721
60846 78213.0 21377.281 9422.3406 8908.1286 -1.8380078000000002 0.9391744599999999 3.4180376999999997
60846 78633.0 20557.828 9795.3114 10322.593 -2.0626848 0.83621161 3.3149828
60846 79053.0 19645.926 10124.232 11690.627 -2.2780778 0.7294921000000001 3.1970211
60846 79473.0 18645.678 10407.626 13006.078 -2.4832186000000003 0.6194963 3.0646846
60846 79893.0 17561.587 10644.22 14263.033 -2.6771851 0.50671926 2.9185698
60846 80313.0 16398.53 10832.952 15455.84 -2.8591059 0.39166842 2.7593352
60846 80733.0 15161.739 10972.975 16579.138 -3.0281640000000003 0.27486135 2.5876979
60846 81153.0 13856.779 11063.663 17627.878 -3.1836003 0.15682335 2.404431
60846 81573.0 12489.52 11104.609 18597.347 -3.3247171 0.038085183 2.2103593999999998
60846 81993.0 11066.111 11095.631 19483.189000000002 -3.4508814 -0.08081941100000001 2.0063565000000003
60846 82413.0 9592.9524 11036.772 20281.424 -3.5615273000000003 -0.19935605 1.7933401
60846 82833.0 8076.67 10928.298 20988.467 -3.6561588 -0.31699212 1.5722683
60846 83253.0 6524.0807 10770.699 21601.141 -3.734352 -0.43319916 1.3441351
60846 83673.0 4942.165 10564.684000000001 22116.695 -3.7957566000000003 -0.54745524 1.109966
60846 84093.0 3338.0344 10311.182 22532.814000000002 -3.8400979000000004 -0.6592472500000001 0.87081348
60846 84513.0 1718.8998000000001 10011.332 22847.631 -3.8671776 -0.7680732299999999 0.62775216
60846 84933.0 92.03909900000001 9666.483699999999 23059.732 -3.876875 -0.87344458 0.38187405
60846 85353.0 -1535.2353 9278.188300000002 23168.165 -3.8691472 -0.97488824 0.13428367
60846 85773.0 -3155.6096000000002 8848.1913 23172.446 -3.8440294 -1.0719488 -0.11390688
60846 86193.0 -4761.8009 8378.426 23072.556 -3.8016348 -1.1641905 -0.36158287
60847 213.0 -6346.590400000001 7871.004 22868.944 -3.7421542 -1.2511993000000001 -0.60763193
60847 633.0 -7902.8554 7328.206 22562.527000000002 -3.6658547 -1.3325844 -0.85094897
60847 1053.0 -9423.6013 6752.4717 22154.683 -3.5730789 -1.4079804999999999 -1.0904412
60847 1473.0 -10901.993 6146.388400000001 21647.243000000002 -3.4642434 -1.4770488000000002 -1.3250327
60847 1893.0 -12331.385 5512.6801 21042.489 -3.3398366000000004 -1.5394791 -1.5536699
60847 2313.0 -13705.354000000001 4854.1947 20343.138 -3.2004169000000005 -1.5949909 -1.7753254
60847 2733.0 -15017.721 4173.8914 19552.333 -3.0466102 -1.6433346 -1.9890032000000002
60847 3153.0 -16262.588 3474.8277000000003 18673.627 -2.8791068 -1.6842929 -2.193743
60847 3573.0 -17434.358 2760.1454 17710.969 -2.6986588 -1.7176813 -2.3886245
60847 3993.0 -18527.763 2033.0564 16668.685 -2.5060763 -1.7433496 -2.5727715
60847 4413.0 -19537.884000000002 1296.8289 15551.460000000001 -2.3022241 -1.761182 -2.7453556
60847 4833.0 -20460.181 554.77198 14364.314 -2.0880178000000003 -1.7710981 -2.9056008
60847 5253.0 -21290.504 -189.77875 13112.584 -1.8644197 -1.7730527999999999 -3.0527858
60847 5673.0 -22025.119 -933.47632 11801.896 -1.6324344000000002 -1.7670369000000001 -3.1862482
60847 6093.0 -22660.721 -1672.9775 10438.141 -1.3931044 -1.7530772 -3.3053872
60847 6513.0 -23194.449 -2404.9576 9027.4511 -1.1475054 -1.7312357999999999 -3.4096662
60847 6933.0 -23623.902000000002 -3126.1257 7576.168000000001 -0.89674156 -1.7016107 -3.4986155
60847 7353.0 -23947.147 -3833.2392999999997 6090.8167 -0.6419403600000001 -1.6643348000000002 -3.5718343
60847 7773.0 -24162.727 -4523.119 4578.076 -0.38424761 -1.6195753 -3.6289924
60847 8193.0 -24269.672000000002 -5192.6628 3044.748 -0.12482229 -1.5675332000000002 -3.6698321000000003
60847 8613.0 -24267.499 -5838.8599 1497.7278000000001 0.1351687 -1.5084423999999999 -3.6941691000000003
60847 9033.0 -24156.215 -6458.804700000001 -56.027854 0.39455582 -1.4425686000000002 -3.7018932
60847 9453.0 -23936.32 -7049.7092 -1609.5315 0.65217215 -1.3702077 -3.6929693
60847 9873.0 -23608.801 -7608.916400000001 -3155.7966 0.9068587 -1.2916854000000002 -3.6674373
60847 10293.0 -23175.129 -8133.911599999999 -4687.8693 1.1574696 -1.2073546 -3.6254115000000002
60847 10713.0 -22637.255 -8622.3341 -6198.8593 1.4028775 -1.1175947000000002 -3.5670811
60847 11133.0 -21997.595 -9071.987500000001 -7681.9711 1.6419782 -1.0228094 -3.4927082
60847 11553.0 -21259.027000000002 -9480.85 -9130.534800000001 1.8736960999999999 -0.9234252000000001 -3.4026275999999998
60847 11973.0 -20424.87 -9847.0833 -10538.036 2.0969889 -0.81988909 -3.2972444000000003
60847 12393.0 -19498.876 -10169.041000000001 -11898.144 2.3108523 -0.7126667999999999 -3.1770329000000004
60847 12813.0 -18485.209 -10445.275 -13204.743 2.5143244 -0.60224062 -3.0425340000000003
60847 13233.0 -17388.427 -10674.544 -14451.957 2.7064902 -0.48910722 -2.8943529
60847 13653.0 -16213.462 -10855.817000000001 -15634.177 2.8864858 -0.37377539000000004 -2.7331562
60847 14073.0 -14965.596 -10988.28 -16746.087 3.0535018000000003 -0.25676377 -2.5596691000000003
60847 14493.0 -13650.443000000001 -11071.337 -17782.687 3.2067876 -0.13859849 -2.374672
60847 14913.0 -12273.914 -11104.615 -18739.316 3.345654 -0.019810846000000003 -2.1789969
60847 15333.0 -10842.2 -11087.966 -19611.673 3.4694771 0.099065161 -1.9735239
60847 15753.0 -9361.7373 -11021.463 -20395.834 3.5777004000000003 0.21749516 -1.7591768
60847 16173.0 -7839.183599999999 -10905.407000000001 -21088.273 3.6698377 0.33494684 -1.5369194
60847 16593.0 -6281.384 -10740.319 -21685.878 3.7454748 0.45089232 -1.3077509
60847 17013.0 -4695.3427 -10526.941 -22185.961 3.8042718 0.56481051 -1.0727014
60847 17433.0 -3088.1906000000004 -10266.233 -22586.272 3.8459647 0.67618946 -0.83282755
60847 17853.0 -1467.1536 -9959.367699999999 -22885.011000000002 3.8703657 0.7845286300000001 -0.58920745
60847 18273.0 160.48001000000002 -9607.7232 -23080.835 3.8773652000000003 0.88934113 -0.34293607
60847 18693.0 1787.3922 -9212.8809 -23172.861 3.8669314 0.9901559200000001 -0.095120298
60847 19113.0 3406.2679 -8776.6155 -23160.676 3.8391109 1.0865199 0.15312603
60847 19533.0 5009.8282 -8300.888 -23044.331000000002 3.7940281000000002 1.1779998 0.40068711
60847 19953.0 6590.8628 -7787.8371 -22824.350000000002 3.7318853 1.2641845 0.64645012
60847 20373.0 8142.2622 -7239.7688 -22501.72 3.6529611 1.3446864 0.88931024
60847 20793.0 9657.050000000001 -6659.146900000001 -22077.889 3.5576097 1.4191435 1.1281756
60847 21213.0 11128.414 -6048.5815999999995 -21554.762 3.4462588000000003 1.4872208 1.3619721
60847 21633.0 12549.74 -5410.818700000001 -20934.694 3.3194067 1.5486121000000002 1.5896493
60847 22053.0 13914.635 -4748.727900000001 -20220.477 3.1776223 1.6030406000000001 1.8101827000000001
60847 22473.0 15216.95 -4065.2783 -19415.296000000002 3.0215488 1.650262 2.0225777000000003
60847 22893.0 16450.833 -3363.547 -18522.785 2.8518832 1.6900632 2.2258806
60847 23313.0 17610.735 -2646.6893 -17546.957000000002 2.6693878 1.7222650000000002 2.4191764
60847 23733.0 18691.437 -1917.9288000000001 -16492.2 2.4748826 1.746722 2.6015949999999997
60847 24153.0 19688.077 -1180.5427 -15363.256000000001 2.2692422000000003 1.7633239 2.7723152
60847 24573.0 20596.171000000002 -437.84714 -14165.201000000001 2.053391 1.7719955 2.930568
60847 24993.0 21411.632 306.81765 -12903.424 1.8282999 1.7726977 3.0756409
60847 25413.0 22130.791 1050.1025 -11583.6 1.5949813 1.7654267000000001 3.2068804
60847 25833.0 22750.411 1788.6642 -10211.664 1.354485 1.7502152000000002 3.3236951
60847 26253.0 23267.705 2519.1809 -8793.7892 1.1078932 1.7271312 3.4255587999999997
60847 26673.0 23680.344 3238.3667 -7336.3526 0.85631573 1.6962786 3.5120125
60847 27093.0 23986.47 3942.9866 -5845.911 0.60088488 1.6577961 3.5826668
60847 27513.0 24184.708 4629.871400000001 -4329.169400000001 0.34275053000000005 1.6118569 3.6372033000000004
60847 27933.0 24274.165 5295.9313 -2792.9514 0.08307474399999999 1.5586677 3.6753764
60847 28353.0 24254.439000000002 5938.1705999999995 -1244.1684 -0.17697342000000002 1.4984680000000001 3.6970144
60847 28773.0 24125.619 6553.7007 310.21184000000005 -0.43622323 1.431529 3.7020201000000004
60847 29193.0 23888.287 7139.7535 1863.1965 -0.6935075900000001 1.3581521 3.6903713
60847 29613.0 23543.510000000002 7693.6934 3407.7991 -0.94766833 1.2786678999999999 3.6621208000000003
60847 30033.0 23092.843 8213.0295 4937.0713 -1.1975615 1.1934345000000002 3.6173967
60847 30453.0 22538.314000000002 8695.427099999999 6444.134 -1.4420624 1.1028356000000001 3.5564009000000003
60847 30873.0 21882.419 9138.7173 7922.2083 -1.6800709 1.0072795 3.479409
60847 31293.0 21128.113 9540.9079 9364.646400000001 -1.9105163 0.9071963200000001 3.3867685
60847 31713.0 20278.79 9900.1915 10764.961 -2.132362 0.80303685 3.2788972
60847 32133.0 19338.273 10214.954 12116.856 -2.3446105 0.6952699999999999 3.1562819
60847 32553.0 18310.794 10483.781 13414.251 -2.5463078 0.58438084 3.0194752
60847 32973.0 17200.979 10705.466 14651.314 -2.7365473000000002 0.4708684 2.8690938999999998
60847 33393.0 16013.819 10879.015 15822.484 -2.9144744 0.35524341 2.7058155000000004
60847 33813.0 14754.656 11003.648000000001 16922.496 -3.0792901 0.23802597 2.5303753
60847 34233.0 13429.155 11078.807 17946.407 -3.2302543999999997 0.11974324 2.3435634
60847 34653.0 12043.277 11104.157000000001 18889.615 -3.3666898 0.0009270007 2.1462208
60847 35073.0 10603.255000000001 11079.586 19747.882 -3.4879843 -0.11788866 1.9392352000000002
60847 35493.0 9115.565900000001 11005.206 20517.353 -3.593594 -0.23616978 1.7235381
60847 35913.0 7586.8985999999995 10881.353000000001 21194.57 -3.6830455000000004 -0.35338493 1.5000993
60847 36333.0 6024.1263 10708.586 21776.493000000002 -3.755938 -0.46900758000000004 1.2699235000000002
60847 36753.0 4434.2749 10487.682 22260.507 -3.8119452000000003 -0.58251841 1.0340454
60847 37173.0 2824.4917 10219.637 22644.441 -3.8508166000000004 -0.69340769 0.79352499
60847 37593.0 1202.0127 9905.656500000001 22926.57 -3.8723784 -0.80117753 0.54944306
60847 38013.0 -425.86901 9547.1525 23105.628 -3.8765345000000004 -0.9053440700000001 0.30289616
60847 38433.0 -2051.8366 9145.737500000001 23180.812 -3.8632671000000003 -1.0054397 0.054991784
60847 38853.0 -3668.5821 8703.2161 23151.787 -3.8326362 -1.1010149 -0.19315655
60847 39273.0 -5268.8391 8221.5779 23018.683 -3.7847796 -1.1916409000000001 -0.44043433
60847 39693.0 -6845.4152 7702.9878 22782.099000000002 -3.7199127 -1.2769105 -0.68573093
60847 40113.0 -8391.224699999999 7149.7767 22443.101 -3.6383266 -1.356441 -0.92794465
60847 40533.0 -9899.3199 6564.4310000000005 22003.21 -3.5403879000000003 -1.4298753 -1.1659876
60847 40953.0 -11362.922 5949.5813 21464.405 -3.4265361 -1.4968834 -1.3987904000000002
60847 41373.0 -12775.454 5307.990900000001 20829.106 -3.2972822 -1.5571643 -1.6253073
60847 41793.0 -14130.564 4642.5431 20100.169 -3.1532065 -1.6104472 -1.8445206
60847 42213.0 -15422.162 3956.2286000000004 19280.869 -2.9949556 -1.6564925000000001 -2.0554451
60847 42633.0 -16644.441 3252.1317999999997 18374.889 -2.8232401 -1.6950930000000002 -2.2571328
60847 43053.0 -17791.906 2533.4172000000003 17386.298 -2.6388306 -1.7260751 -2.4486771
60847 43473.0 -18859.398 1803.315 16319.541000000001 -2.4425555 -1.7492993 -2.6292167
60847 43893.0 -19842.115 1065.1068 15179.411 -2.2352959 -1.7646606999999999 -2.7979395
60847 44313.0 -20735.639 322.11069000000003 13971.032000000001 -2.0179831 -1.7720898999999999 -2.9540865
60847 44733.0 -21535.95 -422.33337 12699.837 -1.7915931 -1.7715532 -3.0969552
60847 45153.0 -22239.448 -1164.8789 11371.539 -1.5571433 -1.7630526 -3.2259023000000004
60847 45573.0 -22842.969 -1902.1877 9992.11 -1.3156873 -1.7466258000000001 -3.3403474
60847 45993.0 -23343.797000000002 -2630.945 8567.7504 -1.0683106 -1.7223464 -3.439775
60847 46413.0 -23739.677 -3347.8743 7104.864500000001 -0.8161250999999999 -1.6903231 -3.5237372000000002
60847 46833.0 -24028.827 -4049.7522000000004 5610.0296 -0.5602649199999999 -1.6506996 -3.5918556
60847 47253.0 -24209.946 -4733.4227 4089.9672 -0.30188065999999997 -1.6036538 -3.643823
60847 47673.0 -24282.216 -5395.8117 2551.5125000000003 -0.042134450000000004 -1.5493971 -3.6794052
60847 48093.0 -24245.312 -6033.9407 1001.5837 0.21780535 -1.4881732 -3.6984414
60847 48513.0 -24099.396 -6644.9402 -552.84939 0.47676939 -1.4202574 -3.7008455
60847 48933.0 -23845.125 -7226.0626 -2104.7961 0.7335926700000001 -1.345955 -3.6866062000000004
60847 49353.0 -23483.64 -7774.6949 -3647.2771000000002 0.98711976 -1.2656001000000001 -3.6557874000000004
60847 49773.0 -23016.566 -8288.3699 -5173.3554 1.2362101 -1.1795543 -3.6085274
60847 50193.0 -22446.002 -8764.777800000002 -6676.1678 1.4797429 -1.0882044000000002 -3.5450387
60847 50613.0 -21774.513 -9201.7764 -8148.9555 1.7166228000000001 -0.9919614800000001 -3.4656068
60847 51033.0 -21005.119 -9597.4009 -9585.0952 1.9457841 -0.89125838 -3.3705893000000002
60847 51453.0 -20141.28 -9949.8724 -10978.128 2.1661961 -0.78654813 -3.2604135000000003
60847 51873.0 -19186.879 -10257.606 -12321.789 2.3768673 -0.6783017200000001 -3.1355753
60847 52293.0 -18146.208 -10519.219000000001 -13610.037 2.5768505 -0.56700602 -2.9966363
60847 52713.0 -17023.947 -10733.534 -14837.077000000001 2.7652462 -0.45316160000000005 -2.8442217000000003
60847 53133.0 -15825.142 -10899.589 -15997.392 2.9412075 -0.33728044 -2.6790171999999997
60847 53553.0 -14555.184000000001 -11016.638 -17085.765 3.1039434000000004 -0.21988361 -2.501766
60847 53973.0 -13219.784 -11084.153 -18097.301 3.2527223 -0.10149898 -2.3132654
60847 54393.0 -11824.945 -11101.833 -19027.451 3.3868755999999998 0.017341217 -2.114363
60847 54813.0 -10376.94 -11069.598 -19872.034 3.5058004 0.13610275 -1.9059535
60847 55233.0 -8882.2801 -10987.593 -20627.252 3.6089623000000004 0.25425179 -1.6889738
60847 55653.0 -7347.684200000001 -10856.186 -21289.709 3.6958977 0.37125731 -1.4643995
60847 56073.0 -5780.0527 -10675.97 -21856.426 3.766216 0.48659342 -1.2332401
60847 56493.0 -4186.4338 -10447.754 -22324.854 3.8196012 0.59974182 -0.99653482
60847 56913.0 -2573.9923 -10172.565 -22692.887 3.8558134 0.710194 -0.75534752
60847 57333.0 -949.97794 -9851.6383 -22958.87 3.8746896000000004 0.8174536000000001 -0.51076226
60847 57753.0 678.30769 -9486.418 -23121.606 3.876145 0.92103859 -0.26387833
60847 58173.0 2303.5436 -9078.5456 -23180.361 3.8601726 1.0204834 -0.015805334
60847 58593.0 3918.4224 -8629.8543 -23134.872 3.8268438000000002 1.1153411000000002 0.23234173000000002
60847 59013.0 5515.683 -8142.361 -22985.34 3.776308 1.2051853000000001 0.4794475
60847 59433.0 7088.1435 -7618.2571 -22732.437 3.7087917000000004 1.2896121 0.72440119
60847 59853.0 8628.732800000002 -7059.8985999999995 -22377.299 3.6245977 1.3682418 0.96610162
60847 60273.0 10130.523000000001 -6469.7953 -21921.52 3.5241039 1.4407207000000002 1.2034621
60847 60693.0 11586.761 -5850.6001 -21367.148 3.4077612 1.5067229 1.4354152
60847 61113.0 12990.899 -5205.0968 -20716.676 3.2760894 1.5659519 1.6609208000000002
60847 61533.0 14336.622000000001 -4536.1907 -19973.036 3.129681 1.6181397 1.8789602
60847 61953.0 15617.867 -3846.882 -19139.546000000002 2.9691985 1.6630523000000001 2.088552
60847 62373.0 16828.878 -3140.2739 -18219.967 2.7953592 1.7004872 2.2887549
60847 62793.0 17964.208 -2419.5435 -17218.433 2.6089439000000003 1.7302757 2.4786679
60847 63213.0 19018.747 -1687.9318 -16139.446 2.4107906 1.7522833 2.6574361
60847 63633.0 19987.753 -948.7289300000001 -14987.86 2.2017901 1.7664106 2.8242545
60847 64053.0 20866.864 -205.25922 -13768.851 1.9828822000000002 1.7725938 2.9783719
60847 64473.0 21652.125 539.13361 -12487.903 1.7550513 1.7708047 3.1190941
60847 64893.0 22340.001 1281.1015 -11150.776 1.5193224 1.761051 3.2457872
60847 65313.0 22927.398 2017.3073000000002 -9763.4858 1.2767561 1.7433763 3.3578804
60847 65733.0 23411.672000000002 2744.4396 -8332.2718 1.0284439 1.7178598999999999 3.4548687
60847 66153.0 23790.643 3459.2277000000004 -6863.572400000001 0.7755035 1.6846165000000002 3.536315
60847 66573.0 24062.606 4158.4564 -5363.9947999999995 0.51907336 1.6437956 3.6018523
60847 66993.0 24226.337 4838.9807 -3840.2853 0.26030784999999995 1.595581 3.6511856
60847 67413.0 24281.101 5497.7396 -2299.2989 0.0003719274 1.5401897 3.6840925
60847 67833.0 24226.65 6131.7701 -747.96836 -0.25956419000000003 1.4778711 3.7004251
60847 68253.0 24063.231 6738.2206 806.7271400000001 -0.5183302700000001 1.4089058 3.70011
60847 68673.0 23791.579 7314.3638 2357.7933 -0.7747614 1.3336046 3.6831491
60847 69093.0 23412.920000000002 7857.6088 3898.2524 -1.0277033 1.2523065 3.6496193
60847 69513.0 22928.957000000002 8365.5129 5421.1748 -1.2760174 1.1653779 3.5996722
60847 69933.0 22341.869 8835.7926 6919.709900000001 -1.5185864 1.0732102000000001 3.5335335
60847 70353.0 21654.301 9266.334 8387.1175 -1.7543187 0.97621854 3.4515016999999997
60847 70773.0 20869.347 9655.2019 9816.7978 -1.982154 0.87483973 3.3539471
60847 71193.0 19990.541 10000.649 11202.321 -2.2010675 0.76953023 3.2413098000000002
60847 71613.0 19021.838 10301.123 12537.457 -2.410075 0.6607641200000001 3.1140977
60847 72033.0 17967.597 10555.275 13816.203 -2.6082369 0.54903095 2.9728843
60847 72453.0 16832.562 10761.964 15032.809000000001 -2.7946628000000002 0.43483353 2.8183061
60847 72873.0 15621.841 10920.262 16181.806 -2.9685153 0.31868563 2.6510594999999997
60847 73293.0 14340.879 11029.460000000001 17258.03 -3.1290137000000002 0.20110967 2.4718975999999997
60847 73713.0 12995.44 11089.069 18256.645 -3.2754375000000002 0.08263436 2.2816272
60847 74133.0 11591.574 11098.822 19173.162 -3.4071296 -0.036207653 2.0811045
60847 74553.0 10135.596 11058.678 20003.463 -3.5234994000000004 -0.15488222 1.871232
60847 74973.0 8634.053300000001 10968.819 20743.819 -3.624025 -0.27285604 1.6529535000000002
60847 75393.0 7093.696900000001 10829.651 21390.905 -3.708256 -0.38959910000000003 1.4272507
60847 75813.0 5521.452700000001 10641.801 21941.813000000002 -3.775815 -0.5045869900000001 1.1951383
60847 76233.0 3924.3891000000003 10406.116 22394.069 -3.8263997 -0.61730329 0.95765959
60847 76653.0 2309.6854 10123.655 22745.645 -3.8597837 -0.72724186 0.71588183
60847 77073.0 684.60004 9795.6908 22994.96 -3.8758181 -0.83390905 0.47089133
60847 77493.0 -943.56248 9423.697 23140.898 -3.8744315 -0.93682598 0.2237887
60847 77913.0 -2567.4841 9009.346800000001 23182.802 -3.8556308 -1.0355306 -0.02431608
60847 78333.0 -4179.8659 8554.5031 23120.488 -3.8195007999999997 -1.1295798 -0.27230862
60847 78753.0 -5773.4610999999995 8061.2107000000005 22954.235 -3.7662042000000002 -1.2185514000000002 -0.5190750900000001
60847 79173.0 -7341.1073 7531.686900000001 22684.792 -3.6959806 -1.3020458000000001 -0.76350715
60847 79593.0 -8875.7587 6968.3117 22313.369 -3.6091452 -1.3796882000000001 -1.004507
60847 80013.0 -10370.518 6373.6170999999995 21841.638 -3.5060879000000003 -1.4511298 -1.240992
60847 80433.0 -11818.666000000001 5750.2758 21271.717 -3.3872714999999998 -1.5160498 -1.4718999
60847 80853.0 -13213.694 5101.0893 20606.168 -3.2532291 -1.5741564000000001 -1.6961934
60847 81273.0 -14549.331 4428.9751 19847.982 -3.1045626000000004 -1.6251885 -1.9128646000000002
60847 81693.0 -15819.572 3736.9537000000005 19000.566 -2.9419391999999998 -1.6689166 -2.1209398
60847 82113.0 -17018.708 3028.1354 18067.727 -2.7660891000000003 -1.705144 -2.3194837
60847 82533.0 -18141.346 2305.7059 17053.659 -2.5778017 -1.7337076 -2.5076036
60847 82953.0 -19182.438000000002 1572.9121000000002 15962.918 -2.3779225000000004 -1.7544788000000002 -2.6844537
60847 83373.0 -20137.303 833.04791 14800.407000000001 -2.1673494 -1.7673638 -2.8492384000000004
60847 83793.0 -21001.647 89.438928 13571.351 -1.9470281 -1.7723043 -3.0012165
60847 84213.0 -21771.58 -654.5721500000001 12281.274 -1.7179486 -1.7692777000000002 -3.1397038
60847 84633.0 -22443.641 -1395.6407 10935.976 -1.4811403 -1.7582973 -3.2640771
60847 85053.0 -23014.805 -2130.435 9541.5042 -1.2376675000000001 -1.7394119000000001 -3.3737763000000003
60847 85473.0 -23482.502 -2855.6517000000003 8104.1278 -0.98862465 -1.7127062000000002 -3.4683074
60847 85893.0 -23844.627 -3568.03 6630.3095 -0.73513154 -1.6782998 -3.5472444000000003
60847 86313.0 -24099.549 -4264.366900000001 5126.6758 -0.47832804 -1.6363472 -3.6102315
60848 333.0 -24246.12 -4941.531400000001 3599.9881 -0.21936907 -1.5870368000000001 -3.6569848
60848 753.0 -24283.68 -5596.4785999999995 2057.1112 0.040580596999999996 -1.5305901 -3.6872933
60848 1173.0 -24212.058 -6226.2633 504.9835 0.30035165 -1.4672608 -3.7010201000000005
60848 1593.0 -24031.573 -6828.0538 -1049.4152 0.55877548 -1.3973336 -3.6981031
60848 2013.0 -23743.038 -7399.1437000000005 -2599.0944 0.81468948 -1.3211229 -3.6785549
60848 2433.0 -23347.747 -7936.965200000001 -4137.0848 1.0669423 -1.2389715000000001 -3.6424632000000003
60848 2853.0 -22847.478 -8439.099699999999 -5656.4698 1.3143991000000002 -1.151249 -3.5899903
60848 3273.0 -22244.479 -8903.2895 -7150.416 1.5559467 -1.0583498 -3.5213721000000002
60848 3693.0 -21541.462 -9327.447199999999 -8612.2049 1.7904983 -0.96069183 -3.4369174
60848 4113.0 -20741.588 -9709.6658 -10035.262 2.016999 -0.85871447 -3.337006
60848 4533.0 -19848.453 -10048.227 -11413.189 2.2344299000000003 -0.7528764099999999 -3.2220876
60848 4953.0 -18866.074 -10341.608 -12739.787 2.4418132 -0.6436537 -3.0926793
60848 5373.0 -17798.867000000002 -10588.491 -14009.092 2.6382162 -0.53153761 -2.9493633
60848 5793.0 -16651.633 -10787.765 -15215.395 2.8227559 -0.41703236 -2.7927846
60848 6213.0 -15429.53 -10938.536 -16353.272 2.9946027 -0.3006529 -2.6236474
60848 6633.0 -14138.052 -11040.124 -17417.607 3.152984 -0.18292250999999998 -2.4427127
60848 7053.0 -12783.008 -11092.075 -18403.613 3.2971879 -0.06437054 -2.2507942
60848 7473.0 -11370.49 -11094.155 -19306.857 3.4265664 0.054470059 -2.0487550999999997
60848 7893.0 -9906.8496 -11046.355 -20123.278000000002 3.5405382 0.17306508 -1.8375039
60848 8313.0 -8398.6671 -10948.89 -20849.204 3.6385909 0.29088145 -1.6179904
60848 8733.0 -6852.723900000001 -10802.198 -21481.371 3.7202842 0.40738966 -1.3912015
60848 9153.0 -5275.9705 -10606.939 -22016.937 3.7852509 0.5220661 -1.1581566
60848 9573.0 -3675.4961000000003 -10363.991 -22453.493000000002 3.833199 0.6343954199999999 -0.91990337
60848 9993.0 -2058.4964 -10074.446 -22789.076 3.8639131000000004 0.7438728099999999 -0.67751256
60848 10413.0 -432.24157 -9739.605800000001 -23022.177 3.8772549 0.85000631 -0.43207363
60848 10833.0 1195.9568000000002 -9360.975699999999 -23151.746 3.8731642 0.9523189400000001 -0.18468969000000002
60848 11253.0 2818.7780000000002 -8940.257300000001 -23177.2 3.8516592000000003 1.0503509 0.06352740500000001
60848 11673.0 4428.9256 -8479.342 -23098.422000000002 3.812836 1.1436614999999999 0.31146202
60848 12093.0 6019.1597 -7980.3015000000005 -22915.767 3.7568686 1.2318313 0.55799973
60848 12513.0 7582.3297999999995 -7445.3791 -22630.053 3.684008 1.3144639 0.8020323
60848 12933.0 9111.4067 -6876.979200000001 -22242.564000000002 3.5945809 1.3911877 1.0424626000000001
60848 13353.0 10599.514000000001 -6277.657099999999 -21755.041 3.4889888 1.4616576000000001 1.2782097000000001
60848 13773.0 12039.960000000001 -5650.106900000001 -21169.672 3.3677053999999997 1.5255565999999998 1.5082133
60848 14193.0 13426.255000000001 -4997.143400000001 -20489.068 3.2312778 1.5825989999999999 1.7314418
60848 14613.0 14752.188 -4321.7155 -19716.333 3.0803122 1.6325242000000002 1.9468864000000001
60848 15033.0 16011.779 -3626.852 -18854.913 2.9154914 1.6751093000000001 2.1535791
60848 15453.0 17199.364 -2915.6784 -17908.683 2.737555 1.7101623 2.3505903
60848 15873.0 18309.601 -2191.3925 -16881.897 2.5473025 1.7375253000000002 2.5370331000000004
60848 16293.0 19337.493000000002 -1457.2512 -15779.172 2.3455891 1.7570746 2.7120683
60848 16713.0 20278.418 -716.55619 -14605.467 2.1333216000000004 1.7687221 2.8749077
60848 17133.0 21128.139 27.361511 -13366.06 1.9114547 1.7724148 3.0248180000000002
60848 17553.0 21882.835 771.15609 -12066.525 1.6809861000000001 1.768136 3.1611238
60848 17973.0 22539.108 1511.4822 -10712.707 1.4429528 1.7559044 3.2832111
60848 18393.0 23094.006 2245.0099 -9310.6954 1.1984257 1.7357749 3.3905300000000005
60848 18813.0 23545.031 2968.4399 -7866.7972 0.9485054300000001 1.7078379000000001 3.4825967
60848 19233.0 23890.153000000002 3678.5181000000002 -6387.5078 0.69431669 1.6722190000000001 3.5589967000000002
60848 19653.0 24127.819 4372.050700000001 -4879.481900000001 0.43700373000000003 1.6290785 3.6193855
60848 20073.0 24256.961 5045.918 -3349.504 0.17772489 1.5786104 3.6634912
60848 20493.0 24276.997 5697.0892 -1804.4571 -0.08235256099999999 1.521042 3.6911153
60848 20913.0 24187.837 6322.6354 -251.29228 -0.34205777000000004 1.4566325 3.7021335
60848 21333.0 23989.884000000002 6919.7433 1303.003 -0.6002215599999999 1.3856721 3.6964965000000003
60848 21753.0 23684.029000000002 7485.7275 2851.4364 -0.8556817800000001 1.3084803999999999 3.6742302000000002
60848 22173.0 23271.651 8018.043000000001 4387.042 -1.1072885000000001 1.225405 3.6354353
60848 22593.0 22754.605 8514.296300000002 5902.912200000001 -1.3539094 1.1368202 3.5802873
60848 23013.0 22135.22 8972.2564 7392.228400000001 -1.5944346 1.043125 3.5090351
60848 23433.0 21416.285 9389.864800000001 8848.2919 -1.827782 0.94474128 3.4220005000000002
60848 23853.0 20601.035 9765.2446 10264.554 -2.0529018999999997 0.84211213 3.3195762
60848 24273.0 19693.141 10096.709 11634.646 -2.2687819 0.73569962 3.2022242000000003
60848 24693.0 18696.688000000002 10382.77 12952.406 -2.4744516 0.62598277 3.0704737
60848 25113.0 17616.161 10622.141 14211.911 -2.6689863999999996 0.51345538 2.9249185000000004
60848 25533.0 16456.421000000002 10813.75 15407.497000000001 -2.8515123 0.39862379 2.7662145999999996
60848 25953.0 15222.687 10956.735 16533.79 -3.0212094 0.28200459 2.5950767999999997
60848 26373.0 13920.508 11050.457 17585.728 -3.1773159 0.16412227 2.4122757999999997
60848 26793.0 12555.743 11094.495 18558.584 -3.319131 0.0455069 2.2186347
60848 27213.0 11134.528 11088.654 19447.985 -3.4460185 -0.07330829400000001 2.0150247
60848 27633.0 9663.2571 11032.963 20249.937 -3.5574091 -0.19178931 1.8023621
60848 28053.0 8148.5446 10927.673 20960.836 -3.6528037 -0.30940377 1.5816033
60848 28473.0 6597.201599999999 10773.259 21577.489 -3.7317746 -0.42562328000000005 1.3537409
60848 28893.0 5016.2031 10570.418 22097.127 -3.7939683 -0.53992583 1.1197994000000002
60848 29313.0 3412.6564 10320.062 22517.417 -3.8391064000000004 -0.6517980999999999 0.8808301300000001
60848 29733.0 1793.7701000000002 10023.318 22836.471 -3.866987 -0.7607377300000001 0.63790702
60848 30153.0 166.82114 9681.521 23052.858 -3.8774859000000004 -0.8662556100000001 0.39212146999999997
60848 30573.0 -1460.8777 9296.2085 23165.607 -3.8705565 -0.967878 0.14457762
60848 30993.0 -3082.0104 8869.1128 23174.212 -3.8462305000000003 -1.0651487 -0.1036126
60848 31413.0 -4689.2908 8402.154 23078.638 -3.8046176999999997 -1.157631 -0.35133443999999997
60848 31833.0 -6275.495 7897.4314 22879.313000000002 -3.7459052 -1.2449097 -0.59747528
60848 32253.0 -7833.4938 7357.213400000001 22577.135000000002 -3.6703566999999997 -1.3265929 -0.84092961
60848 32673.0 -9356.2847 6783.9282 22173.461 -3.5783115 -1.4023138 -1.0806039
60848 33093.0 -10837.023000000001 6180.1522 21670.107 -3.4701828999999997 -1.4717324 -1.3154217000000001
60848 33513.0 -12269.054 5548.599099999999 21069.335 -3.3464562 -1.5345368000000001 -1.544328
60848 33933.0 -13645.94 4892.107 20373.843 -3.2076869 -1.5904447000000002 -1.7662945
60848 34353.0 -14961.492 4213.6263 19586.759000000002 -3.0544976999999998 -1.6392049 -1.9803237
60848 34773.0 -16209.796 3516.2064 18711.618 -2.8875764 -1.6805980999999999 -2.1854537
60848 35193.0 -17385.238 2802.9816 17752.353 -2.7076724 -1.7144380000000001 -2.3807622999999998
60848 35613.0 -18482.536 2077.1575000000003 16713.275 -2.5155933 -1.7405722000000001 -2.5653716
60848 36033.0 -19496.753 1341.9963 15599.055 -2.3122019000000003 -1.7588831 -2.7384511000000002
60848 36453.0 -20423.329 600.80267 14414.7 -2.0984116 -1.7692879000000001 -2.8992224
60848 36873.0 -21258.097 -143.09184 13165.533 -1.8751828000000001 -1.7717394 -3.0469621000000005
60848 37293.0 -21997.302 -886.3431700000001 11857.17 -1.6435186000000002 -1.7662262000000002 -3.1810051
60848 37713.0 -22637.617000000002 -1625.6100000000001 10495.491 -1.40446 -1.7527727 -3.3007482
60848 38133.0 -23176.163 -2357.5688 9086.618900000001 -1.1590815 -1.7314390000000002 -3.4056519
60848 38553.0 -23610.515 -3078.9287999999997 7636.8873 -0.90848631 -1.7023207 -3.4952439
60848 38973.0 -23938.719 -3786.4465 6152.8145 -0.65380111 -1.6655483 -3.5691203000000002
60848 39393.0 -24159.296000000002 -4476.9407 4641.0734 -0.39617124000000004 -1.6212869 -3.6269483
60848 39813.0 -24271.253 -5147.3067 3108.4616 -0.1367554 -1.5697354000000001 -3.6684669
60848 40233.0 -24274.084 -5794.5301 1561.871 0.12327953999999999 -1.5111253 -3.6934888999999997
60848 40653.0 -24167.775 -6415.7005 8.2566669 0.38276385 -1.4457200000000001 -3.7019011
60848 41073.0 -23952.803 -7008.0246 -1545.3948 0.64053018 -1.3738137 -3.6936652
60848 41493.0 -23630.133 -7568.839 -3092.0962000000004 0.89541886 -1.2957297 -3.6688181
60848 41913.0 -23201.214 -8095.6218 -4624.8917 1.1462832 -1.2118191999999999 -3.6274712
60848 42333.0 -22667.976 -8586.0042 -6136.8877 1.3919945 -1.1224596 -3.5698103999999997
60848 42753.0 -22032.815 -9037.7812 -7621.2844000000005 1.6314474 -1.0280528999999998 -3.496095
60848 43173.0 -21298.588 -9448.921400000001 -9071.406 1.8635647 -0.9290237 -3.4066567
60848 43593.0 -20468.594 -9817.5762 -10480.731 2.0873024 -0.82581752 -3.301898
60848 44013.0 -19546.568 -10142.088 -11842.921 2.3016541000000004 -0.7188986 -3.1822902
60848 44433.0 -18536.654 -10420.998 -13151.851 2.5056556999999997 -0.6087478599999999 -3.0483716
60848 44853.0 -17443.395 -10653.053 -14401.634 2.6983901 -0.49586072000000003 -2.9007446
60848 45273.0 -16271.705 -10837.209 -15586.65 2.8789905 -0.38074487 -2.7400736
60848 45693.0 -15026.855 -10972.639000000001 -16701.57 3.046645 -0.26391797000000006 -2.5670813
60848 46113.0 -13714.442000000001 -11058.735 -17741.382 3.2006002 -0.14590532 -2.3825459
60848 46533.0 -12340.366 -11095.108 -18701.409 3.3401639000000003 -0.027237509 -2.1872974
60848 46953.0 -10910.807 -11081.597 -19577.335 3.464709 0.091551994 -1.9822137
60848 47373.0 -9432.192000000001 -11018.262 -20365.22 3.5736759000000005 0.20992922 -1.7682172
60848 47793.0 -7911.1692 -10905.389000000001 -21061.524 3.6665749 0.32736209000000005 -1.54627
60848 48213.0 -6354.5774 -10743.484 -21663.114 3.7429886000000003 0.44332283 -1.3173698
60848 48633.0 -4769.4152 -10533.277 -22167.285 3.8025736 0.5572903 -1.0825455
60848 49053.0 -3162.8094 -10275.711 -22571.77 3.8450622 0.6687523200000001 -0.84285281
60848 49473.0 -1541.9835 -9971.9456 -22874.75 3.8702634 0.77720799 -0.59936892
60848 49893.0 85.775296 -9623.3456 -23074.862 3.8780636 0.88216993 -0.35318819
60848 50313.0 1713.1485 -9231.4781 -23171.206000000002 3.8684278 0.98316641 -0.10541708
60848 50733.0 3332.8192000000004 -8798.1046 -23163.346 3.8413987 1.0797435 0.14283083
60848 51153.0 4937.504900000001 -8325.1731 -23051.317 3.7970974 1.1714672000000002 0.39043972000000005
60848 51573.0 6519.990400000001 -7814.8095 -22835.622 3.7357225 1.257925 0.63629663
60848 51993.0 8073.1597 -7269.307900000001 -22517.228 3.6575493000000003 1.3387282 0.8792963300000001
60848 52413.0 9590.0288 -6691.120400000001 -22097.566 3.5629285 1.4135136 1.1183463999999999
60848 52833.0 11063.776 -6082.8462 -21578.521 3.4522846 1.4819446 1.3523718
60848 53253.0 12487.774 -5447.2199 -20962.425 3.3261145 1.5437132999999998 1.5803201
60848 53673.0 13855.787 -4787.1651 -20252.312 3.1849299 1.5985259 1.8011627000000001
60848 54093.0 15161.380000000001 -4105.5499 -19450.958 3.0294439000000004 1.6461618 2.0139188
60848 54513.0 16398.713 -3405.4528 -18562.018 2.8603643 1.6863995 2.2176084
60848 54933.0 17562.294 -2690.0392 -17589.577 2.6784191 1.7190558 2.4113303999999998
60848 55353.0 18646.898 -1962.5284 -16538.019 2.4844239 1.7439824000000002 2.5942119
60848 55773.0 19647.645 -1226.192 -15412.072 2.2792502 1.7610668 2.7654295
60848 56193.0 20560.032 -484.34123 -14216.799 2.0638206 1.7702315000000002 2.9242123
60848 56613.0 21379.954 259.68774 -12957.575 1.8391036 1.7714351 3.0698449
60848 57033.0 22103.72 1002.5486999999999 -11640.062 1.6061098999999999 1.7646717 3.2016715
60848 57453.0 22728.074 1740.9006000000002 -10270.187 1.3658876 1.7499713 3.319098
60848 57873.0 23250.205 2471.4224 -8854.1105 1.1195175 1.7273998 3.4215952
60848 58293.0 23667.763 3190.8285 -7398.202200000001 0.8681082800000001 1.6970585 3.5087013000000002
60848 58713.0 23978.869 3895.8828 -5909.0115000000005 0.6127914799999999 1.6590839000000002 3.5800236
60848 59133.0 24182.122 4583.414 -4393.2375 0.35471631000000003 1.6136466 3.6352406999999998
60848 59553.0 24276.607 5250.3296 -2857.6992999999998 0.095044511 1.5609512 3.6741037000000003
60848 59973.0 24261.899 5893.629900000001 -1309.3048000000001 -0.16505491 1.5012347 3.6964377
60848 60393.0 24138.065 6510.4214 244.97989 -0.424411 1.4347662 3.702142
60848 60813.0 23905.661 7097.93 1798.1624 -0.68185617 1.3618449000000001 3.6911913
60848 61233.0 23565.735 7653.5135 3343.2554 -0.93623149 1.2827991 3.663635
60848 61653.0 23119.817 8174.6736 4873.3082 -1.1863919 1.1979849999999999 3.6195978
60848 62073.0 22569.914 8659.0668 6381.4378 -1.4312116000000001 1.1077845 3.5592785
60848 62493.0 21918.501 9104.5152 7860.8604000000005 -1.6695887 1.0126038 3.4829494
60848 62913.0 21168.512 9509.016599999999 9304.9218 -1.9004508000000002 0.91287152 3.3909548000000003
60848 63333.0 20323.32 9870.752900000001 10707.127 -2.1227594 0.8090367700000001 3.2837098
60848 63753.0 19386.731 10188.099 12061.17 -2.3355146 0.701567 3.1616978
60848 64173.0 18362.96 10459.628 13360.963 -2.5377599 0.59094598 3.025469
60848 64593.0 17256.612 10684.122 14600.659 -2.7285861000000002 0.47767155000000006 2.8756372000000003
60848 65013.0 16072.666000000001 10860.572 15774.688 -2.9071359 0.3622534 2.7128775999999997
60848 65433.0 14816.449 10988.187 16877.769 -3.0726072 0.24521073999999998 2.5379233
60848 65853.0 13493.612000000001 11066.395 17904.946 -3.2242569 0.12706999 2.3515619
60848 66273.0 12110.104 11094.846 18851.602 -3.3614042 0.008362377399999999 2.1546325000000004
60848 66693.0 10672.149 11073.415 19713.482 -3.4834338 -0.11037844 1.9480211
60848 67113.0 9186.213099999999 11002.199 20486.714 -3.5897982 -0.22861877000000003 1.7326574000000001
60848 67533.0 7658.978700000001 10881.52 21167.824 -3.6800205000000004 -0.34582727999999996 1.5095101
60848 67953.0 6097.3127 10711.922 21753.753 -3.7536965 -0.46147737 1.2795824
60848 68373.0 4508.236599999999 10494.17 22241.869 -3.8104961 -0.57504954 1.0439081000000001
60848 68793.0 2898.8946 10229.243 22629.979 -3.8501651000000003 -0.68603368 0.80354658
60848 69213.0 1276.5213999999999 9918.333400000001 22916.343 -3.8725261 -0.7939314000000001 0.55957789
60848 69633.0 -351.58993 9562.840300000002 23099.673 -3.8774796 -0.89825818 0.31309828
60848 70053.0 -1978.121 9164.3621 23179.149 -3.8650038 -0.99854557 0.065215131
60848 70473.0 -3595.7605 8724.6907 23154.413 -3.8351553 -1.0943433 -0.18295798
60848 70893.0 -5197.237700000001 8245.8027 23025.579 -3.7880685 -1.1852212 -0.43030623
60848 71313.0 -6775.354 7729.8509 22793.227 -3.7239553 -1.2707712 -0.67571853
60848 71733.0 -8323.0163 7179.1546 22458.401 -3.6431036 -1.3506092 -0.91809249
60848 72153.0 -9833.2681 6596.189200000001 22022.607 -3.5458765 -1.4243765000000002 -1.1563393000000002
60848 72573.0 -11299.321 5983.5748 21487.804 -3.4327107000000003 -1.4917418 -1.3893886
60848 72993.0 -12714.585000000001 5344.0649 20856.395 -3.3041143 -1.5524025 -1.6161934000000002
60848 73413.0 -14072.697 4680.5337 20131.219 -3.1606644999999998 -1.6060858 -1.8357345
60848 73833.0 -15367.553 3995.9635000000003 19315.533 -3.0030056 -1.6525506 -2.0470252
60848 74253.0 -16593.331000000002 3293.4312000000004 18413.006 -2.8318452 -1.6915877000000001 -2.2491158
60848 74673.0 -17744.52 2576.0945 17427.692 -2.6479522 -1.7230215000000002 -2.4410978
60848 75093.0 -18815.944 1847.1776000000002 16364.02 -2.4521523000000003 -1.7467106000000001 -2.6221078
60848 75513.0 -19802.784 1109.957 15226.771 -2.2453251 -1.762548 -2.7913317
60848 75933.0 -20700.603 367.74665999999996 14021.058 -2.0283997 -1.7704623 -2.9480083
60848 76353.0 -21505.362 -376.11694 12752.300000000001 -1.8023509 -1.7704177 -3.0914326
60848 76773.0 -22213.443 -1118.2897 11426.201000000001 -1.5681945000000002 -1.7624138 -3.2209589999999997
60848 77193.0 -22821.658 -1855.4351000000001 10048.722 -1.3269830999999999 -1.7464865 -3.3360045
60848 77613.0 -23327.272 -2584.2389 8626.057 -1.079801 -1.7227069 -3.4360511000000002
60848 78033.0 -23728.010000000002 -3301.4244 7164.6023 -0.82775959 -1.6911818 -3.520648
60848 78453.0 -24022.069 -4003.7669 5670.9293 -0.5719923 -1.6520526 -3.5894143
60848 78873.0 -24208.123 -4688.1084 4151.7543 -0.31364941 -1.6054951000000002 -3.6420401000000004
60848 79293.0 -24285.336 -5351.3719 2613.9089 -0.053892919 -1.5517185 -3.6782880000000002
60848 79713.0 -24253.359 -5990.575 1064.3085 0.2061087 -1.4909645 -3.6979947
60848 80133.0 -24112.334 -6602.843400000001 -490.0781 0.46518581999999997 -1.4235064 -3.7010712
60848 80553.0 -23862.896 -7185.4241 -2042.2607 0.72217295 -1.3496474 -3.6875033
60848 80973.0 -23506.164 -7735.6975 -3585.2589 0.9759139400000001 -1.2697199000000001 -3.657352
60848 81393.0 -23043.742000000002 -8251.189400000001 -5112.1332999999995 1.2252673 -1.1840832000000001 -3.6107528
60848 81813.0 -22477.711 -8729.582 -6616.0175 1.4691113 -1.0931228000000002 -3.5479154
60848 82233.0 -21810.614 -9168.724300000002 -8090.1482000000005 1.7063491 -0.99724766 -3.4691227
60848 82653.0 -21045.452 -9566.6422 -9527.8962 1.9359135 -0.89688924 -3.3747292000000004
60848 83073.0 -20185.665 -9921.5468 -10922.796 2.1567721 -0.79249895 -3.2651598
60848 83493.0 -19235.121 -10231.843 -12268.575 2.3679318 -0.68454636 -3.1409076000000002
60848 83913.0 -18198.094 -10496.135 -13559.181 2.5684430000000003 -0.57351701 -3.0025319
60848 84333.0 -17079.246 -10713.236 -14788.811 2.7574043 -0.45991026 -2.8506552000000003
60848 84753.0 -15883.61 -10882.17 -15951.936 2.9339663000000002 -0.34423699 -2.685961
60848 85173.0 -14616.562 -11002.178 -17043.327 3.0973354 -0.22701731 -2.5091900000000003
60848 85593.0 -13283.799 -11072.722 -18058.076 3.2467775000000003 -0.10877822000000001 -2.3211375
60848 86013.0 -11891.313 -11093.484 -18991.621 3.3816211 0.0099487452 -2.1226491999999997
60849 33.0 -10445.366 -11064.371000000001 -19839.765 3.5012602999999998 0.12862992 -1.9146175
60849 453.0 -8952.458400000001 -10985.516 -20598.695 3.6051578 0.24673192000000002 -1.6979780000000002
60849 873.0 -7419.3028 -10857.272 -21264.998 3.6928468 0.36372398 -1.4737044000000001
60849 1293.0 -5852.7918 -10680.217 -21835.679 3.7639333 0.4790804 -1.2428049
60849 1713.0 -4259.9682 -10455.146 -22308.172 3.8180981000000003 0.59228281 -1.0063172
60849 2133.0 -2647.9928999999997 -10183.072 -22680.352 3.8550979 0.70282259 -0.7653042600000001
60849 2553.0 -1024.1128 -9865.2175 -22950.545000000002 3.8747662000000003 0.81020304 -0.5208491199999999
60849 2973.0 604.3715500000001 -9503.011400000001 -23117.537 3.8770145000000005 0.9139416800000001 -0.27405032999999995
60849 3393.0 2230.1387999999997 -9098.081699999999 -23180.575 3.8618325000000002 1.0135723 -0.026016969
60849 3813.0 3845.8797000000004 -8652.2485 -23139.374 3.829288 1.1086473000000001 0.22213634
60849 4233.0 5444.33 -8167.5157 -22994.119 3.7795268 1.1987393 0.46929435
60849 4653.0 7018.3028 -7646.061900000001 -22745.462 3.7127719000000003 1.2834432 0.71434624
60849 5073.0 8560.720800000001 -7090.2311 -22394.518 3.6293226 1.3623784 0.95619052
60849 5493.0 10064.649 -6502.5216 -21942.863 3.5295533 1.4351897 1.19374
60849 5913.0 11523.323 -5885.5751 -21392.527000000002 3.4139117000000003 1.5015498 1.4259266
60849 6333.0 12930.185 -5242.164900000001 -20745.982 3.2829166 1.5611599 1.6517063
60849 6753.0 14278.906 -4575.1835 -20006.133 3.1371561000000003 1.6137518 1.8700635
60849 7173.0 15563.432 -3887.6315 -19176.318 2.9772792 1.6590884000000001 2.0800189999999996
60849 7593.0 16777.978 -3182.6035 -18260.271 2.8040074 1.6969642 2.2806226
60849 8013.0 17917.054 -2463.257 -17262.062 2.6181294 1.7272116000000002 2.4709728
60849 8433.0 18975.557 -1732.8333 -16186.209 2.4204722000000003 1.7496926000000002 2.6502141999999997
60849 8853.0 19948.726 -994.61689 -15037.551 2.2119242 1.7643056 2.8175396
60849 9273.0 20832.18 -251.92755 -13821.25 1.9934228 1.7709843 2.9721957000000003
60849 9693.0 21621.945 491.89472 -12542.778 1.7659506 1.7696984 3.1134856
60849 10113.0 22314.466 1233.5046000000002 -11207.883 1.5305308 1.7604532 3.2407730000000003
60849 10533.0 22906.626 1969.5667 -9822.5694 1.2882221999999999 1.74329 3.3534842
60849 10953.0 23395.761000000002 2696.7702999999997 -8393.0683 1.0401152999999999 1.7182857 3.4511114
60849 11373.0 23779.667 3411.8445 -6925.8096 0.78732651 1.6855526 3.5332145
60849 11793.0 24056.619 4111.5729 -5427.393599999999 0.53099359 1.6452379000000001 3.5994235
60849 12213.0 24225.367000000002 4792.808099999999 -3904.5612 0.27227037000000004 1.5975228 3.6494399
60849 12633.0 24285.154000000002 5452.485900000001 -2364.163 0.012321532 1.5426221 3.6830385000000003
60849 13053.0 24235.71 6087.639099999999 -813.12891 -0.24768268000000002 1.4807829 3.7000677
60849 13473.0 24077.257 6695.411 741.56317 -0.50657176 1.4122837 3.7004511000000004
60849 13893.0 23810.509000000002 7273.068 2292.9191 -0.76318023 1.3374328 3.6841871999999998
60849 14313.0 23436.666 7818.0124000000005 3833.9597000000003 -1.016353 1.2565675 3.6513494
60849 14733.0 22957.413 8327.793599999999 5357.7526 -1.2649504 1.1700518 3.6020861
60849 15153.0 22374.905 8800.1193 6857.4433 -1.5078536 1.0782755 3.5366198
60849 15573.0 21691.766 9232.866199999999 8326.2859 -1.7439697 0.9816517800000001 3.4552458
60849 15993.0 20911.07 9624.089 9757.6737 -1.9722362 0.8806158000000001 3.3583312000000003
60849 16413.0 20036.331000000002 9972.029400000001 11145.169 -2.1916264 0.7756224700000001 3.2463131
60849 16833.0 19071.485 10275.124 12482.533 -2.4011537 0.66714445 3.1196966
60849 17253.0 18020.874 10532.011 13763.75 -2.5998762 0.55567001 2.9790522999999998
60849 17673.0 16889.227 10741.537 14983.061 -2.7869005000000002 0.44170082000000005 2.8250142
60849 18093.0 15681.634 10902.762 16134.984 -2.9613864 0.32574964 2.658276
60849 18513.0 14403.528 11014.963 17214.34 -3.1225502 0.20833807 2.4795888
60849 18933.0 13060.658 11077.636 18216.278000000002 -3.2696681 0.08999415100000001 2.2897570000000003
60849 19353.0 11659.066 11090.502 19136.295000000002 -3.4020798 -0.028750003 2.0896350000000004
60849 19773.0 10205.054 11053.504 19970.257 -3.5191911 -0.1473606 1.8801235
60849 20193.0 8705.161 10966.812 20714.416 -3.6204769000000003 -0.26530454 1.6621648
60849 20613.0 7166.1325 10830.816 21365.429 -3.705483 -0.38205187 1.4367393
60849 21033.0 5594.8881 10646.130000000001 21920.373 -3.7738285 -0.49707806 1.2048606
60849 21453.0 3998.4922 10413.584 22376.755 -3.8252073 -0.6098664199999999 0.96757102
60849 21873.0 2384.1218 10134.226 22732.525 -3.8593896 -0.71991039 0.7259371200000001
60849 22293.0 759.03425 9809.312699999999 22986.086 -3.8762225 -0.82671578 0.48104474
60849 22713.0 -869.46534 9440.305400000001 23136.3 -3.8756313000000002 -0.92980299 0.23399423
60849 23133.0 -2494.0567 9028.8636 23182.494 -3.8576191 -1.0287091000000002 -0.014104473000000001
60849 23553.0 -4107.4375 8576.8374 23124.462 -3.8222674000000003 -1.1229901 -0.26213683
60849 23973.0 -5702.3557 8086.2588 22962.464 -3.7697352 -1.2122226 -0.50898864
60849 24393.0 -7271.6425 7559.3334 22697.232 -3.7002587 -1.2960057999999999 -0.75355104
60849 24813.0 -8808.2442 6998.4295999999995 22329.956000000002 -3.6141501 -1.3739636000000002 -0.9947254000000001
60849 25233.0 -10305.254 6406.068700000001 21862.288 -3.511796 -1.4457457999999999 -1.2314283000000001
60849 25653.0 -11755.942000000001 5784.9130000000005 21296.331000000002 -3.393656 -1.5110299 -1.4625962
60849 26073.0 -13153.789 5137.7545 20634.628 -3.2602607 -1.5695226 -1.6871905999999999
60849 26493.0 -14492.509 4467.5018 19880.153000000002 -3.1122088 -1.6209609 -1.9042021
60849 26913.0 -15766.085000000001 3777.1674 19036.297 -2.9501651000000004 -1.6651137000000003 -2.1126553
60849 27333.0 -16968.791 3069.8542 18106.852 -2.7748573000000003 -1.7017822000000002 -2.3116133
60849 27753.0 -18095.218 2348.7414 17095.996 -2.5870727000000002 -1.7308014 -2.5001815
60849 28173.0 -19140.303 1617.0703999999998 16008.273000000001 -2.3876546 -1.7520408 -2.6775119
60849 28593.0 -20099.345 878.12996 14848.571 -2.1774989000000002 -1.7654044 -2.8428068
60849 29013.0 -20968.031 135.24193 13622.105 -1.9575498 -1.7708319 -2.9953227000000004
60849 29433.0 -21742.454 -608.2541200000001 12334.386 -1.7287956999999998 -1.7682985000000002 -3.1343731
60849 29853.0 -22419.13 -1349.0157 10991.204 -1.4922646 -1.7578154 -3.2593322
60849 30273.0 -22995.016 -2083.7124 9598.5986 -1.2490199 -1.7394293 -3.3696375
60849 30693.0 -23467.52 -2809.0412 8162.8302 -1.0001551 -1.7132225 -3.4647921999999998
60849 31113.0 -23834.516 -3521.7408 6690.3546 -0.7467891600000001 -1.6793128 -3.5443677
60849 31533.0 -24094.352 -4218.6067 5187.793 -0.49006162000000003 -1.6378522 -3.6080055000000004
60849 31953.0 -24245.859 -4896.5055 3661.9018 -0.23112709 -1.5890272 -3.6554188
60849 32373.0 -24288.353 -5552.389 2119.5427999999997 0.028849689 -1.5330571 -3.686394
60849 32793.0 -24221.643 -6183.3082 567.65213 0.28869923999999997 -1.4701935000000002 -3.7007912000000003
60849 33213.0 -24046.027000000002 -6786.4259 -986.79135 0.5472526000000001 -1.4007192 -3.6985453
60849 33633.0 -23762.295000000002 -7359.030400000001 -2536.797 0.8033466 -1.3249466 -3.6796664000000003
60849 34053.0 -23371.721 -7898.5469 -4075.3941 1.0558291 -1.2432165 -3.6442393
60849 34473.0 -22876.063000000002 -8402.5496 -5595.6632 1.3035643000000001 -1.1558967 -3.5924233
60849 34893.0 -22277.548 -8868.7724 -7090.7675 1.5454378 -1.0633799 -3.5244516
60849 35313.0 -21578.868000000002 -9295.1193 -8553.983199999999 1.7803615 -0.96608228 -3.4406301
60849 35733.0 -20783.166 -9679.6734 -9978.730300000001 2.0072789 -0.86444164 -3.3413362
60849 36153.0 -19894.018 -10020.706 -11358.602 2.2251694000000004 -0.75891517 -3.2270168
60849 36573.0 -18915.424 -10316.685 -12687.393 2.4330533 -0.6499775200000001 -3.0981863
60849 36993.0 -17851.785 -10566.278 -13959.128 2.6299958 -0.5381186800000001 -2.9554247
60849 37413.0 -16707.884000000002 -10768.366 -15168.089 2.8151116000000003 -0.42384168 -2.7993742000000004
60849 37833.0 -15488.864 -10922.039 -16308.839 2.9875686999999997 -0.30766042 -2.6307369
60849 38253.0 -14200.207 -11026.607 -17376.251 3.146592 -0.19009726000000002 -2.4502715
60849 38673.0 -12847.708 -11081.601 -18365.525 3.2914669 -0.071680723 -2.2587897
60849 39093.0 -11437.447 -11086.774 -19272.213 3.4215426000000004 0.047056888000000005 -2.0571525999999998
60849 39513.0 -9975.7661 -11042.103000000001 -20092.238 3.5362345 0.16558188999999998 -1.8462669
60849 39933.0 -8469.2363 -10947.789 -20821.915 3.6350277 0.28336162000000004 -1.6270806
60849 40353.0 -6924.6311 -10804.258 -21457.962 3.7174782 0.39986678000000003 -1.4005790999999999
60849 40773.0 -5348.8948 -10612.153 -21997.519 3.7832158000000002 0.51457388 -1.1677805
60849 41193.0 -3749.1114 -10372.339 -22438.162 3.8319451 0.62696749 -0.92973109
60849 41613.0 -2132.4731 -10085.895 -22777.908 3.8634472 0.73654262 -0.68750062
60849 42033.0 -506.24771999999996 -9754.107199999999 -23015.23 3.8775805 0.8428069400000001 -0.44217766999999997
60849 42453.0 1122.2536 -9378.4675 -23149.059 3.8742811 0.9452829500000001 -0.19486466
60849 42873.0 2745.7096 -8960.6644 -23178.793 3.8535638 1.0435102 0.053327047
60849 43293.0 4356.8213 -8502.5757 -23104.297000000002 3.8155211 1.1370472 0.3012821
60849 43713.0 5948.3453 -8006.2604 -22925.905 3.7603236000000004 1.2254736000000002 0.54788617
60849 44133.0 7513.1257000000005 -7473.9492 -22644.417 3.6882185 1.3083918 0.79203088
60849 44553.0 9044.126699999999 -6908.0347 -22261.097 3.5995293999999998 1.3854292000000001 1.0326188
60849 44973.0 10534.464 -6311.0606 -21777.667 3.494654 1.4562391000000001 1.2685684000000002
60849 45393.0 11977.436 -5685.710400000001 -21196.298 3.374063 1.520503 1.4988187000000002
60849 45813.0 13366.552 -5034.7952000000005 -20519.602 3.2382974 1.5779318 1.7223344
60849 46233.0 14695.566 -4361.241 -19750.621 3.0879670000000004 1.6282670000000001 1.93811
60849 46653.0 15958.504 -3668.0757000000003 -18892.812 2.9237422000000004 1.6712823 2.1451791
60849 47073.0 17149.684 -2958.4199 -17950.04 2.7463656000000003 1.7067819 2.3426016
60849 47493.0 18263.732 -2235.457 -16926.517 2.5566377000000005 1.7346081999999998 2.5294927
60849 47913.0 19295.649 -1502.4413000000002 -15826.858 2.3554069 1.7546346000000002 2.7050115000000003
60849 48333.0 20240.79 -762.6688100000001 -14656.01 2.1435776 1.7667706 2.8683678
60849 48753.0 21094.903000000002 -19.46647 -13419.236 1.9221023000000002 1.7709612 3.0188257
60849 49173.0 21854.145 723.8234 -12122.097 1.6919769 1.7671872000000002 3.1557075
60849 49593.0 22515.098 1463.8579 -10770.429 1.4542365 1.7554651 3.2783966
60849 50013.0 23074.787 2197.3085 -9370.3088 1.2099506 1.7358472999999999 3.3863401
60849 50433.0 23530.694 2920.8763 -7928.0357 0.96021856 1.7084218000000002 3.4790514
60849 50853.0 23880.765 3631.3068 -6450.0969000000005 0.7061641399999999 1.6733118999999999 3.5561127999999997
60849 51273.0 24123.426 4325.4044 -4943.1409 0.44893084 1.6306753 3.6171768
60849 51693.0 24257.584 5000.0470000000005 -3413.9469 0.18967659 1.5807039 3.6619684
60849 52113.0 24282.635000000002 5652.2002 -1869.3942 -0.070431517 1.5236226 3.6902856
60849 52533.0 24198.466 6278.9305 -316.43161 -0.33022251 1.4596884 3.7020008
60849 52953.0 24005.456000000002 6877.4192 1237.9545 -0.58852684 1.3891891 3.6970616
60849 53373.0 23704.475000000002 7444.9745 2786.7713 -0.84418168 1.3124421 3.6754903
60849 53793.0 23296.876 7979.0441 4323.0511 -1.0960362000000001 1.2297932 3.6373844
60849 54213.0 22784.495 8477.2265 5839.8831 -1.3429568 1.1416145 3.5829161
60849 54633.0 22169.639 8937.2817 7330.444 -1.5838322 1.0483032 3.5123312
60849 55053.0 21455.074 9357.1414 8788.0293 -1.8175786 0.9502795300000001 3.4259481999999997
60849 55473.0 20644.018 9734.9185 10206.083 -2.0431443 0.84798479 3.3241567
60849 55893.0 19740.12 10068.915 11578.228000000001 -2.2595149 0.7418795800000001 3.2074158
60849 56313.0 18747.449 10357.631 12898.293 -2.4657174 0.63244156 3.0762518
60849 56733.0 17670.471 10599.768 14160.342 -2.6608247 0.5201632700000001 2.9312558
60849 57153.0 16514.033 10794.241 15358.702000000001 -2.8439601 0.40554998000000003 2.7730812
60849 57573.0 15283.337 10940.176 16487.985 -3.0143006999999997 0.28911730999999996 2.6024404
60849 57993.0 13983.919 11036.918 17543.114 -3.1710814999999997 0.17138899000000002 2.420102
60849 58413.0 12621.625 11084.035 18519.348 -3.3135985999999997 0.052894444 2.2268867
60849 58833.0 11202.583 11081.317000000001 19412.298 -3.4412124 -0.065833569 2.0236642
60849 59253.0 9733.1738 11028.777 20217.952 -3.5533502 -0.18426136 1.8113488
60849 59673.0 8220.006 10926.654 20932.691 -3.6495093 -0.30185671000000003 1.5908957000000001
60849 60093.0 6669.8837 10775.408 21553.304 -3.7292586 -0.41809122000000004 1.3632961000000001
60849 60513.0 5089.7765 10575.721 22077.003 -3.7922407 -0.53244272 1.1295735
60849 60933.0 3486.7887 10328.491 22501.436 -3.8381737 -0.64439757 0.89077838
60849 61353.0 1868.1266 10034.833 22824.697 -3.8668521 -0.7534529700000001 0.64798402
60849 61773.0 241.06689000000003 9696.0655 23045.335 -3.8781478000000003 -0.85911916 0.40228144
60849 62193.0 -1387.0766 9313.7136 23162.361 -3.8720109000000003 -0.9609216800000001 0.15477459999999998
60849 62613.0 -3008.9853 8889.4963 23175.249 -3.8484694 -1.0584034 -0.093424565
60849 63033.0 -4617.3688 8425.321 23083.943 -3.8076295 -1.1511266 -0.34120106
60849 63453.0 -6204.9976 7923.2745 22888.855 -3.7496750000000003 -1.238675 -0.5874418299999999
60849 63873.0 -7764.7358 7385.6136 22590.862 -3.6748662 -1.3206554000000001 -0.83104074
60849 64293.0 -9289.572300000002 6814.7552000000005 22191.304 -3.5835392 -1.3966995 -1.0709035
60849 64713.0 -10772.653 6213.265 21691.977 -3.4761042000000004 -1.4664659 -1.3059524
60849 65133.0 -12207.312 5583.8467 21095.126 -3.3530436 -1.5296411 -1.5351316
60849 65553.0 -13587.099 4929.3292 20403.432 -3.2149098 -1.5859412 -1.7574112
60849 65973.0 -14905.812 4252.6542 19620.006 -3.0623231 -1.6351132 -1.9717922
60849 66393.0 -16157.523000000001 3556.8632000000002 18748.368 -2.8959686000000002 -1.6769358 -2.1773112
60849 66813.0 -17336.603 2845.0835 17792.435 -2.7165934000000003 -1.711221 -2.3730439999999997
60849 67233.0 -18437.751 2120.5145 16756.504 -2.5250031 -1.7378144 -2.5581108
60849 67653.0 -19456.016 1386.4132 15645.232 -2.3220581000000005 -1.7565963 -2.7316792000000003
60849 68073.0 -20386.818 646.0793100000001 14463.613000000001 -2.1086703000000004 -1.7674818 -2.8929683
60849 68493.0 -21225.971 -97.159012 13216.960000000001 -1.8857985000000002 -1.7704218 -3.0412526
60849 68913.0 -21969.701 -839.96055 11910.875 -1.6544440999999999 -1.7654025999999998 -3.1758647
60849 69333.0 -22614.662 -1578.9859 10551.232 -1.4156469999999999 -1.7524466 -3.2961987
60849 69753.0 -23157.952 -2310.9125 9144.1436 -1.1704809 -1.7316117 -3.4017128
60849 70173.0 -23597.128 -3032.4496000000004 7695.9354 -0.92004781 -1.7029912 -3.4919317999999997
60849 70593.0 -23930.213 -3740.353 6213.1194000000005 -0.66547404 -1.6667136 -3.5664494
60849 71013.0 -24155.707000000002 -4431.4397 4702.3634 -0.40790443 -1.6229419 -3.6249298
60849 71433.0 -24272.595 -5102.602400000001 3170.4609 -0.14849748 -1.5718727 -3.6671093999999997
60849 71853.0 -24280.351 -5750.8231 1624.3006 0.11157995 -1.5137356 -3.6927982000000004
60849 72273.0 -24178.938000000002 -6373.1872 70.835734 0.3711579 -1.4487919 -3.7018801
60849 72693.0 -23968.812 -6966.8962 -1482.9476000000002 0.62906863 -1.3773338000000002 -3.6943142
60849 73113.0 -23650.916 -7529.280400000001 -3030.0619 0.8841518700000001 -1.2996826000000001 -3.6701342
60849 73533.0 -23226.681 -8057.8113 -4563.5493 1.1352601 -1.2161876 -3.6294489
60849 73953.0 -22698.012 -8550.1124 -6076.5135 1.3812636 -1.1272245 -3.5724414
60849 74373.0 -22067.289 -9003.9703 -7562.1506 1.6210559 -1.0331934 -3.4993682
60849 74793.0 -21337.346 -9417.344500000001 -9013.779400000001 1.8535583 -0.93451739 -3.4105583000000004
60849 75213.0 -20511.467 -9788.3766 -10424.872 2.0777251000000003 -0.8316403400000001 -3.3064113
60849 75633.0 -19593.365 -10115.399 -11789.083 2.2925483 -0.7250250300000001 -3.1873961
60849 76053.0 -18587.170000000002 -10396.941 -13100.278 2.497062 -0.615151 -3.0540483
60849 76473.0 -17497.406 -10631.739 -14352.561 2.6903465 -0.50251243 -2.9069679
60849 76893.0 -16328.973 -10818.736 -15540.301 2.8715332 -0.38761585000000004 -2.7468167
60849 77313.0 -15087.126 -10957.092 -16658.157 3.0398074999999998 -0.2709779 -2.5743153000000003
60849 77733.0 -13777.449 -11046.187 -17701.105 3.1944134 -0.15312298000000002 -2.3902397
60849 78153.0 -12405.83 -11085.619 -18664.454 3.334656 -0.03458092 -2.1954176000000003
60849 78573.0 -10978.437 -11075.213 -19543.874 3.4599055 0.084115451 -1.9907252000000002
60849 78993.0 -9501.6874 -11015.015 -20335.41 3.569599 0.20243265 -1.7770829000000001
60849 79413.0 -7982.2209 -10905.297 -21035.505 3.6632438 0.31983897 -1.5554511
60849 79833.0 -6426.8686 -10746.552 -21641.010000000002 3.7404194000000004 0.43580681 -1.3268261000000001
60849 80253.0 -4842.6232 -10539.494 -22149.203 3.800779 0.5498151 -1.0922354
60849 80673.0 -3236.6068 -10285.053 -22557.8 3.8440516 0.66135157 -0.85273345
60849 81093.0 -1616.0396 -9984.374800000001 -22864.962 3.8700425000000003 0.76991508 -0.6093964700000001
60849 81513.0 11.792803 -9638.8094 -23069.309 3.8786350000000005 0.87501784 -0.36331799000000004
60849 81933.0 1639.5722 -9249.9105 -23169.920000000002 3.8697902 0.97618758 -0.11560381
60849 82353.0 3259.9805 -8819.4262 -23166.343 3.8435475 1.0729697 0.13263291000000002
60849 82773.0 4865.7325 -8349.2912 -23058.592 3.8000244 1.1649292 0.38027661
60849 83193.0 6449.608700000001 -7841.6188 -22847.15 3.7394159 1.2516528 0.62621433
60849 83613.0 8004.4875999999995 -7298.6906 -22532.965 3.6619937 1.3327506 0.86934067
60849 84033.0 9523.3778 -6722.947099999999 -22117.45 3.5681051000000004 1.4078579 1.1085627
60849 84453.0 10999.449 -6116.976000000001 -21602.47 3.4581712000000002 1.476637 1.3428051
60849 84873.0 12426.064 -5483.5014 -20990.339 3.3326854 1.5387784 1.5710144000000001
60849 85293.0 13796.806 -4825.3707 -20283.806 3.1922109 1.5940024000000002 1.7921643999999999
60849 85713.0 15105.511 -4145.5427 -19486.048 3.0373785 1.6420604 2.0052602999999998
60849 86133.0 16346.303 -3447.0805 -18600.674 2.868883 1.6827336000000002 2.2093377000000003
60850 153.0 17513.579 -2733.1126 -17631.62 2.6874816999999998 1.715843 2.4034891
60850 573.0 18602.097 -2006.8534 -16583.259000000002 2.4939902000000003 1.7412376 2.5868355000000003
60850 993.0 19606.96 -1271.5693999999999 -15460.307 2.2892775000000003 1.7588024 2.7585514
60850 1413.0 20523.647 -530.56686 -14267.813 2.0742638 1.7684579000000002 2.9178636
60850 1833.0 21348.035 212.82173 -13011.139000000001 1.8499158 1.7701604 3.0640546
60850 2253.0 22076.411 955.2531600000001 -11695.936 1.6172425000000001 1.7639017 3.1964657
60850 2673.0 22705.499 1693.3883 -10328.12 1.3772905000000002 1.7497097000000001 3.3145005000000003
60850 3093.0 23232.467 2423.9074 -8913.8432 1.1311394000000001 1.7276479 3.417627
60850 3513.0 23654.943 3143.5245 -7459.466200000001 0.8798968 1.6978152 3.5053804
60850 3933.0 23971.026 3849.0027999999998 -5971.531599999999 0.6246934199999999 1.6603458 3.5773653
60850 4353.0 24179.292 4537.1693 -4456.7327000000005 0.36667795999999997 1.6154082 3.6332572
60850 4773.0 24278.804 5204.9283 -2921.8842000000004 0.10701187000000001 1.5632045 3.6728041
60850 5193.0 24269.115 5849.2766 -1373.8908000000001 -0.15313591 1.5039698000000001 3.695828
60850 5613.0 24150.267 6467.3158 180.28327 -0.41259422 1.4379706 3.7022252
60850 6033.0 23922.795000000002 7056.2663 1733.6463 -0.67019505 1.3655041 3.6919671
60850 6453.0 23587.725000000002 7613.4794 3279.21 -0.92477876 1.2868968 3.6651
60850 6873.0 23146.564000000002 8136.4493 4810.0217 -1.1751994 1.2025026 3.6217455000000003
60850 7293.0 22601.298 8622.8245 6319.1951 -1.4203299 1.1127015 3.5620992
60850 7713.0 21954.382 9070.4182 7799.9416 -1.6590671 1.0178981 3.4864304
60850 8133.0 21208.728 9477.2182 9245.600900000001 -1.8903368 0.9185191300000001 3.3950804
60850 8553.0 20367.691 9841.3962 10649.671 -2.1130987 0.81501217 3.2884612000000004
60850 8973.0 19435.056 10161.316 12005.838 -2.3263510000000003 0.70784318 3.1670536000000005
60850 9393.0 18415.022 10435.539 13308.002 -2.5291347 0.59749457 3.0314049
60850 9813.0 17312.177 10662.835000000001 14550.309000000001 -2.7205383000000003 0.48446296 2.8821264
60850 10233.0 16131.483 10842.184000000001 15727.174 -2.8997018 0.36925695000000003 2.7198906000000003
60850 10653.0 14878.254 10972.779 16833.305 -3.0658202 0.25239479 2.5454282
60850 11073.0 13558.125 11054.037 17863.732 -3.2181477 0.13440211999999999 2.3595248
60850 11493.0 12177.036 11085.593 18813.821 -3.3560002 0.0158095 2.1630173
60850 11913.0 10741.199 11067.308 19679.305 -3.4787592 -0.10284991 1.95679
60850 12333.0 9257.069300000001 10999.265 20456.294 -3.585874 -0.22104277 1.7417706000000002
60850 12753.0 7731.3223 10881.771 21141.297 -3.6768643 -0.33823793 1.5189263000000002
60850 13173.0 6170.818200000001 10715.358 21731.237 -3.7513222 -0.45390885 1.2892592
60850 13593.0 4582.573200000001 10500.774 22223.464 -3.8089143 -0.56753589 1.0538018
60850 14013.0 2973.7279 10238.986 22615.768 -3.8493826 -0.67860871 0.8136125
60850 14433.0 1351.5148000000002 9931.1704 22906.387 -3.8725463 -0.7866284600000001 0.56977063
60850 14853.0 -276.77359 9578.713099999999 23094.017 -3.8783021 -0.89111007 0.32337192
60850 15273.0 -1903.818 9183.199 23177.816 -3.8666248000000003 -0.99158439 0.075523407
60850 15693.0 -3522.3048 8746.406500000001 23157.41 -3.8375672 -1.0876003 -0.17266145
60850 16113.0 -5124.9592 8270.2994 23032.89 -3.7912604 -1.1787266 -0.42006774
60850 16533.0 -6704.5774 7757.0181 22804.817 -3.7279125 -1.2645541 -0.66558409
60850 16953.0 -8254.0594 7208.869900000001 22474.218 -3.6478082 -1.3446974 -0.9081076100000001
60850 17373.0 -9766.440400000001 6628.3186 22042.579 -3.5513072 -1.4187965999999999 -1.1465488000000001
60850 17793.0 -11234.922 6017.9737000000005 21511.839 -3.4388429 -1.4865187000000002 -1.3798363999999999
60850 18213.0 -12652.904 5380.5785000000005 20884.384000000002 -3.3109203000000003 -1.5475595000000002 -1.6069224
60850 18633.0 -14014.011 4718.9976 20163.035 -3.1681136000000003 -1.6016448 -1.8267861
60850 19053.0 -15312.125 4036.2048 19351.034 -3.0110642 -1.6485311999999999 -2.0384396
60850 19473.0 -16541.41 3335.2689 18452.029 -2.8404771 -1.6880081 -2.2409315000000003
60850 19893.0 -17696.338 2619.3404 17470.061 -2.6571184 -1.7198976000000001 -2.4333513
60850 20313.0 -18771.716 1891.6373999999998 16409.545000000002 -2.4618117 -1.7440563 -2.6148339000000003
60850 20733.0 -19762.709 1155.4308999999998 15275.247000000001 -2.2554343 -1.7603753 -2.7845630000000003
60850 21153.0 -20664.861 414.03020000000004 14072.265 -2.0389132 -1.7687809 -2.9417750000000003
60850 21573.0 -21474.112 -329.23169 12806.007 -1.8132215 -1.7692349 -3.0857625
60850 21993.0 -22186.825 -1071.0133999999998 11482.167 -1.5793734 -1.7617351 -3.2158775
60850 22413.0 -22799.791 -1807.9801000000002 10106.695 -1.3384200000000002 -1.7463146999999999 -3.3315343
60850 22833.0 -23310.254 -2536.8184 8685.775300000001 -1.0914446 -1.7230429 -3.4322121
60850 23253.0 -23715.917 -3254.2514 7225.7974 -0.8395577200000001 -1.692024 -3.5174575
60850 23673.0 -24014.954 -3957.0533 5733.3257 -0.58389197 -1.6533972000000001 -3.5868863
60850 24093.0 -24206.018 -4642.0641 4215.0713 -0.32559724 -1.607336 -3.6401859
60850 24513.0 -24288.25 -5306.2036 2677.8616 -0.065835337 -1.5540475 -3.6771160000000003
60850 24933.0 -24261.278000000002 -5946.4855 1128.6093 0.19422524000000002 -1.4937711999999999 -3.6975099
60850 25353.0 -24125.223 -6560.030900000001 -425.71846999999997 0.45341459 -1.4267781 -3.7012757
60850 25773.0 -23880.695 -7144.0808 -1978.1316000000002 0.7105667 -1.3533695000000001 -3.6883962
60850 26193.0 -23528.794 -7696.0092 -3521.6487 0.96452469 -1.2738756 -3.6589292
60850 26613.0 -23071.101 -8213.3343 -5049.3281 1.2141461 -1.188654 -3.6130072
60850 27033.0 -22509.675 -8693.730300000001 -6554.299599999999 1.4583079 -1.0980881 -3.5508368999999997
60850 27453.0 -21847.041 -9135.0371 -8029.7952000000005 1.6959119 -1.0025853 -3.4726981
60850 27873.0 -21086.177 -9535.2708 -9469.179300000002 1.9258893000000001 -0.90257529 -3.3789425
60850 28293.0 -20230.507 -9892.6322 -10865.979 2.1472059 -0.7985079100000001 -3.2699921
60850 28713.0 -19283.876 -10205.515 -12213.914 2.3588663000000003 -0.69085131 -3.1463374
60850 29133.0 -18250.544 -10472.513 -13506.922 2.5599189 -0.58008971 -3.0085347000000002
60850 29553.0 -17135.156 -10692.425000000001 -14739.189 2.7494598000000003 -0.46672124000000004 -2.8572043
60850 29973.0 -15942.729000000001 -10864.265 -15905.174 2.9266370000000004 -0.35125572 -2.6930270000000003
60850 30393.0 -14678.624 -10987.259 -16999.636 3.0906543 -0.23421233000000002 -2.5167414
60850 30813.0 -13348.525 -11060.856 -18017.653000000002 3.2407745 -0.11611727999999999 -2.3291405
60850 31233.0 -11958.414 -11084.725 -18954.648 3.3763232 0.0024985622 -2.1310679
60850 31653.0 -10514.54 -11058.759 -19806.408 3.4966914000000004 0.12110204000000001 -1.9234144
60850 32073.0 -9023.394400000001 -10983.075 -20569.105 3.6013384000000004 0.23916012 -1.7071136
60850 32493.0 -7491.682400000001 -10858.015 -21239.309 3.6897941000000003 0.35614226000000004 -1.4831379
60850 32913.0 -5926.2901 -10684.14 -21814.007 3.7616613 0.47152278999999997 -1.2524939
60850 33333.0 -4334.254900000001 -10462.233 -22290.616 3.8166171 0.58478328 -1.0162185
60850 33753.0 -2722.7342000000003 -10193.29 -22666.991 3.8544146 0.69541482 -0.77537334
60850 34173.0 -1098.9729 -9878.5219 -22941.441 3.8748839 0.80292035 -0.53104085
60850 34593.0 529.72904 -9519.3425 -23112.731 3.8779329 0.9068168200000001 -0.28431898
60850 35013.0 2156.0495 -9117.3665 -23180.089 3.8635476 1.0066374 -0.036316422
60850 35433.0 3772.6769 -8674.400599999999 -23143.213 3.8317923 1.1019335000000001 0.21185235
60850 35853.0 5372.3428 -8192.4359 -23002.266 3.7828093 1.1922768000000001 0.45907206
60850 36273.0 6947.8552 -7673.6385 -22757.881 3.7168180000000004 1.2772611999999999 0.70423163
60850 36693.0 8492.1299 -7120.340400000001 -22411.155 3.6341143000000002 1.3565047 0.94622912
60850 37113.0 9998.2231 -6535.0284 -21963.644 3.5350693 1.4296507999999999 1.1839766999999999
60850 37533.0 11459.362000000001 -5920.3335 -21417.359 3.4201272 1.4963707 1.4164054000000001
60850 37953.0 12868.976 -5279.0188 -20774.754 3.2898039 1.5563641000000001 1.6424701
60850 38373.0 14220.726 -4613.9673 -20038.717 3.1446844 1.6093609 1.8611541
60850 38793.0 15508.53 -3928.1689 -19212.556 2.9854207 1.6551224 2.071473
60850 39213.0 16726.609 -3224.71 -18299.999 2.8127278000000002 1.6934408 2.2724769
60850 39633.0 17869.461 -2506.7475 -17305.12 2.6273809999999997 1.7241469 2.4632699
60850 40053.0 18931.954 -1777.5122 -16232.403 2.4302134 1.7471003 2.6429887
60850 40473.0 19909.309 -1040.2833 -15086.673 2.2221113 1.7621974 2.8108241
60850 40893.0 20797.128 -298.37599 -13873.081 2.0040102 1.7693699 2.9660203000000003
60850 41313.0 21591.415 444.87324 -12597.084 1.7768907 1.768585 3.1078783
60850 41733.0 22288.596 1186.1217 -11264.42 1.5417744 1.759846 3.2357591
60850 42153.0 22885.534 1922.0356000000002 -9881.0837 1.2997189 1.7431917000000001 3.3490863
60850 42573.0 23379.541 2649.3049 -8453.2968 1.0518134000000001 1.7186968 3.4473493
60850 42993.0 23768.394 3364.6584 -6987.4816 0.79917346 1.6864713 3.5301053000000002
60850 43413.0 24050.343 4064.8786 -5490.231900000001 0.5429360900000001 1.6466601 3.5969812
60850 43833.0 24224.118000000002 4746.8159000000005 -3968.2831 0.28425471 1.5994423 3.6476756999999997
60850 44253.0 24288.938000000002 5407.4028 -2428.482 0.024293788 1.5450302 3.6819604
60850 44673.0 24244.510000000002 6043.6682 -877.75575 -0.23577639 1.4836688 3.6996807
60850 45093.0 24091.034 6652.7502 676.91925 -0.49478501 1.4156345 3.7007569
60850 45513.0 23829.202 7231.9097 2228.5489 -0.7515660900000001 1.3412335 3.6851845
60850 45933.0 23460.193 7778.5418 3770.1529 -1.0049637 1.2608009 3.6530338
60850 46353.0 22985.666 8290.1886 5294.7964 -1.2538373 1.1746990000000002 3.6044502000000005
60850 46773.0 22407.759000000002 8764.5494 6795.6208 -1.4970668 1.0833154999999999 3.5396529
60850 47193.0 21729.074 9199.491699999999 8265.8755 -1.7335577000000002 0.9870619500000001 3.4589343
60850 47613.0 20952.664 9593.0602 9698.947300000002 -1.9622458999999999 0.88637181 3.3626586000000005
60850 48033.0 20082.024 9943.4863 11088.391 -2.1821029 0.7816984200000001 3.2512600000000003
60850 48453.0 19121.072 10249.195 12427.959 -2.3921399 0.67351299 3.1252408000000003
60850 48873.0 18074.133 10508.814 13711.626 -2.5914125 0.5623024799999999 2.9851689
60850 49293.0 16945.918 10721.176 14933.621000000001 -2.7790253 0.44856736999999997 2.8316755
60850 49713.0 15741.503 10885.328 16088.451000000001 -2.9541351000000002 0.33281935 2.6654522000000003
60850 50133.0 14466.306 11000.535 17170.923 -3.1159554 0.21557911 2.4872475
60850 50553.0 13126.063 11066.28 18176.173 -3.2637595999999998 0.097373917 2.2978639
60850 50973.0 11726.803 11082.268 19099.683 -3.3968843000000004 -0.021264735000000003 2.0981535
60850 51393.0 10274.819 11048.431 19937.302 -3.514732 -0.13980353 1.8890153
60850 51813.0 8776.641099999999 10964.922 20685.267 -3.6167742 -0.2577097 1.6713898999999999
60850 52233.0 7239.0059 10832.118 21340.218 -3.7025535 -0.37445344 1.4462561
60850 52653.0 5668.827200000001 10650.617 21899.213 -3.7716853 -0.48951025 1.2146261999999999
60850 53073.0 4073.1646 10421.238 22359.741 -3.8238601 -0.60236331 0.9775415000000001
60850 53493.0 2459.1918 10145.012 22719.733 -3.8588444 -0.71250573 0.73606758
60850 53913.0 834.16422 9823.1818 22977.575 -3.8764819000000004 -0.8194429 0.49128959
60850 54333.0 -794.6130899999999 9457.1957 23132.108 -3.8766939000000002 -0.92269462 0.24430735
60850 54753.0 -2419.8187000000003 9048.6993 23182.64 -3.8594803000000004 -1.0217972 -0.0037695135
60850 55173.0 -4034.1475 8599.5293 23128.944 -3.8249187000000004 -1.1163058000000001 -0.25182654
60850 55593.0 -5630.3431 8111.7051 22971.264 -3.7731646999999997 -1.2057959 -0.49874943000000005
60850 56013.0 -7201.2311 7587.4197 22710.309 -3.704451 -1.2898657 -0.74342896
60850 56433.0 -8739.7505 7029.0298 22347.252 -3.6190862000000004 -1.3681376 -0.98476599
60850 56853.0 -10238.986 6439.045099999999 21883.725000000002 -3.5174537999999997 -1.4402602 -1.2216764
60850 57273.0 -11692.198 5820.1176 21321.813000000002 -3.4000101000000003 -1.5059093000000001 -1.4530957000000002
60850 57693.0 -13092.854000000001 5175.0291 20664.039 -3.2672822999999998 -1.5647899 -1.6779841
60850 58113.0 -14434.658 4506.678900000001 19913.362 -3.1198664 -1.6166375000000002 -1.8953309999999999
60850 58533.0 -15711.578 3818.071 19073.154 -2.9584243000000003 -1.661219 -2.1041596
60850 58953.0 -16917.872 3112.3004 18147.192 -2.783681 -1.6983336999999998 -2.3035312
60850 59373.0 -18048.117000000002 2392.5395 17139.638 -2.5964211 -1.7278147 -2.4925493000000003
60850 59793.0 -19097.231 1662.0236000000002 16055.019 -2.3974858 -1.7495291 -2.6703638
60850 60213.0 -20060.496 924.03628 14898.213 -2.1877686 -1.7633791 -2.8361751
60850 60633.0 -20933.579 181.89506 13674.417 -1.9682119 -1.7693021000000002 -2.9892371
60850 61053.0 -21712.554 -561.0638 12389.135 -1.7398022000000002 -1.7672712 -3.1288611
60850 61473.0 -22393.917 -1301.5002 11048.144 -1.5035661 -1.757295 -3.2544186
60850 61893.0 -22974.602 -2036.0854 9657.4722 -1.2605655 -1.7394183 -3.3653443000000003
60850 62313.0 -23451.998 -2761.5165 8223.3731 -1.0118929 -1.7137209 -3.4611387000000002
60850 62733.0 -23823.955 -3474.5321000000004 6752.2947 -0.75866641 -1.6803183 -3.5413704
60850 63153.0 -24088.799 -4171.926 5250.8517 -0.5020249099999999 -1.6393604000000002 -3.6056779000000003
60850 63573.0 -24245.339 -4850.5627 3725.7956000000004 -0.24312262 -1.5910312 -3.6537714
60850 63993.0 -24292.869 -5507.3905 2183.9844 0.016875869 -1.5355479 -3.6854341
60850 64413.0 -24231.174 -6139.456099999999 632.35159 0.27680098 -1.4731599000000002 -3.7005232
60850 64833.0 -24060.53 -6743.9173 -922.1249399999999 0.53548343 -1.4041479 -3.6989705
60850 65253.0 -23781.705 -7318.0562 -2472.4544 0.79175945 -1.3288221000000002 -3.6807828000000002
60850 65673.0 -23395.951 -7859.2913 -4011.6647000000003 1.0444761 -1.2475214000000001 -3.6460419
60850 66093.0 -22905.002 -8365.1888 -5532.8337 1.2924965 -1.1606116 -3.5949039
60850 66513.0 -22311.067 -8833.474400000001 -7029.1203 1.534705 -1.0684836 -3.5275990000000004
60850 66933.0 -21616.816 -9262.0425 -8493.7956 1.770012 -0.97155186 -3.4444303
60850 67353.0 -20825.372 -9648.966400000001 -9920.2728 1.9973592000000002 -0.87025246 -3.3457719000000004
60850 67773.0 -19940.292 -9992.506800000001 -11302.137 2.2157242000000004 -0.76504107 -3.2320680000000004
60850 68193.0 -18965.559 -10291.119 -12633.175000000001 2.4241249 -0.65639097 -3.1038304
60850 68613.0 -17905.554 -10543.462 -13907.401 2.6216244000000004 -0.54479081 -2.9616361
60850 69033.0 -16765.045000000002 -10748.401 -15119.085000000001 2.8073348 -0.43074252 -2.806125
60850 69453.0 -15549.16 -10905.015 -16262.779 2.9804215 -0.31475893000000005 -2.6379967000000004
60850 69873.0 -14263.367 -11012.6 -17333.341 3.1401064 -0.19736152999999998 -2.4580076
60850 70293.0 -12913.448 -11070.674 -18325.958 3.285672 -0.079078125 -2.2669672999999997
60850 70713.0 -11505.471 -11078.976 -19236.167 3.4164643999999997 0.039559595 -2.0657349
60850 71133.0 -10045.769 -11037.469000000001 -20059.875 3.5318959 0.15801839 -1.8552152000000002
60850 71553.0 -8540.902300000002 -10946.341 -20793.379 3.631448 0.27576587 -1.6363548
60850 71973.0 -6997.6383 -10806.0 -21433.383 3.7146735 0.3922729 -1.4101375
60850 72393.0 -5422.914900000001 -10617.078 -21977.007 3.7811986 0.50701597 -1.1775801
60850 72813.0 -3823.8117 -10380.426 -22421.809 3.8307245 0.6194795000000001 -0.93972782
60850 73233.0 -2207.5178 -10097.105 -22765.787 3.8630286000000003 0.72915816 -0.6976496
60850 73653.0 -581.29942 -9768.3917 -23007.395 3.8779658 0.83555917 -0.45243331999999997
60850 74073.0 1047.5323 -9395.7617 -23145.546000000002 3.8754686 0.93820443 -0.20518091000000002
60850 74493.0 2671.6546000000003 -8980.8904 -23179.617000000002 3.8555481 1.0366327000000002 0.042996536999999994
60850 74913.0 4283.7656 -8525.6426 -23109.455 3.8182933 1.1304017 0.29098373
60850 75333.0 5876.617200000001 -8032.0644 -22935.374 3.7638712 1.2190898 0.5376662
60850 75753.0 7443.0477 -7502.374400000001 -22658.154000000002 3.6925257 1.3022986 0.7819352300000001
60850 76173.0 8976.014000000001 -6938.9533 -22279.04 3.6045768 1.3796538 1.0226929
60850 76593.0 10468.623 -6344.3335 -21799.735 3.500419 1.4508075 1.2588567000000002
60850 77013.0 11914.162 -5721.188099999999 -21222.392 3.3805196 1.5154398000000002 1.489365
60850 77433.0 13306.130000000001 -5072.318 -20549.605 3.2454168 1.5732597000000001 1.7131812
60850 77853.0 14638.268 -4400.6403 -19784.398 3.0957171 1.6240069000000001 1.9292984
60850 78273.0 15904.596 -3709.1767999999997 -18930.222 2.9320859 1.6674527000000001 2.1367482
60850 78693.0 17099.408 -3001.0388 -17990.918 2.7552648 1.7034001 2.3345899
60850 79113.0 18217.304 -2279.3995 -16970.665 2.5660557 1.7316901 2.5219359
60850 79533.0 19253.278000000002 -1547.5095000000001 -15874.079 2.3653014 1.7521934000000001 2.6979436999999997
60850 79953.0 20202.667 -808.66026 -14706.091 2.1539041 1.7648173999999999 2.8618208
60850 80373.0 21061.2 -66.174193 -13471.952000000001 1.9328144 1.7695049 3.0128292
60850 80793.0 21825.013 676.60954 -12177.212 1.7030263 1.7662343 3.1502887
60850 81213.0 22490.669 1416.3503 -10827.693000000001 1.4655734 1.7550199 3.2735798000000003
60850 81633.0 23055.171000000002 2149.721 -9429.466199999999 1.2215239999999998 1.7359119 3.382147
60850 82053.0 23515.979 2873.4230000000002 -7988.8198 0.97197618 1.7089960000000002 3.4755011000000002
60850 82473.0 23871.019 3584.2012999999997 -6512.2343 0.71805301 1.674393 3.5532213
60850 82893.0 24118.691 4278.8586 -5006.352 0.46089737000000003 1.6322586 3.6149572
60850 83313.0 24257.882 4954.2704 -3477.9473 0.2016668 1.5827822 3.6604306
60850 83733.0 24287.964 5607.3988 -1933.8961000000002 -0.058471706 1.5261865000000001 3.6894366
60850 84153.0 24208.803 6235.3059 -381.14472 -0.31834704 1.4627263000000001 3.7018444
60850 84573.0 24020.753 6835.1677 1173.3213 -0.57678925 1.3926873000000002 3.6975985000000002
60850 84993.0 23724.663 7404.2862000000005 2722.5088 -0.8326349000000001 1.3163849 3.6767179999999997
60850 85413.0 23321.865 7940.1021 4259.4484 -1.0847323 1.2341627000000002 3.6392973000000004
60850 85833.0 22814.172 8440.2059 5777.2263 -1.3319467 1.1463911 3.5855056
60850 86253.0 22203.869 8902.3489 7269.0148 -1.5731655 1.0534653 3.5155854
60851 273.0 21493.704 9324.453599999999 8728.1039 -1.8073034000000001 0.95580377 3.4298524
60851 693.0 20686.873 9704.6226 10147.931 -2.0333068 0.8538463000000001 3.3286933
60851 1113.0 19787.008 10041.147 11522.11 -2.2501594000000003 0.74805192 3.2125641000000003
60851 1533.0 18798.157 10332.516 12844.462 -2.4568859 0.6388969 3.0819886000000003
60851 1953.0 17724.772 10577.419 14109.04 -2.652557 0.5268725200000001 2.9375552
60851 2373.0 16571.681 10774.757 15310.159 -2.8362932 0.4124829 2.7799147
60851 2793.0 15344.072 10923.645 16442.419 -3.0072691000000003 0.29624267 2.6097770999999996
60851 3213.0 14047.469000000001 11023.415 17500.729 -3.1647168000000003 0.17867471000000001 2.4279088000000004
60851 3633.0 12687.703 11073.62 18480.334 -3.3079292000000002 0.060307727 2.2351284000000002
60851 4053.0 11270.891 11074.036 19376.831000000002 -3.4362636 -0.058326079999999995 2.0323037
60851 4473.0 9803.4056 11024.664 20186.19 -3.5491443 -0.17669343 1.8203471
60851 4893.0 8291.845 10925.726 20904.777000000002 -3.646065 -0.29426237 1.6002123
60851 5313.0 6743.0066 10777.669 21529.362 -3.7265911000000003 -0.4105046 1.3728891
60851 5733.0 5163.8546 10581.161 22057.141 -3.790362 -0.5248979 1.1393997
60851 6153.0 3561.4887000000003 10337.086 22485.742000000002 -3.837092 -0.6369284300000001 0.9007936999999999
60851 6573.0 1943.1127 10046.542 22813.241 -3.8665721 -0.74609304 0.65814344
60851 6993.0 316.00185999999997 9710.8374 23038.168 -3.8786707000000002 -0.85190148 0.41253935
60851 7413.0 -1312.5295 9331.4814 23159.515 -3.8733342 -0.9538786300000001 0.16508496
60851 7833.0 -2935.161 8910.18 23176.736 -3.8505871000000003 -1.0515666000000001 -0.083107998
60851 8253.0 -4544.599099999999 8448.8275 23089.757 -3.8105320000000003 -1.1445267 -0.33092454
60851 8673.0 -6133.6096 7949.4980000000005 22898.968 -3.7533491 -1.2323415 -0.57725143
60851 9093.0 -7695.0500999999995 7414.4362 22605.229 -3.6792954 -1.3146168 -0.82098212
60851 9513.0 -9221.9021 6846.0473 22209.86 -3.5887037 -1.3909829 -1.0610217
60851 9933.0 -10707.302 6246.886 21714.639 -3.4819807000000003 -1.4610969 -1.2962917999999999
60851 10353.0 -12144.574 5619.6455000000005 21121.791 -3.3596057999999998 -1.5246437000000002 -1.5257354
60851 10773.0 -13527.257 4967.1448 20433.981 -3.2221283 -1.5813379 -1.7483215
60851 11193.0 -14849.134 4292.3168 19654.301 -3.0701655000000003 -1.6309246000000002 -1.9630498
60851 11613.0 -16104.263 3598.1946000000003 18786.255 -2.9043998 -1.6731808000000001 -2.1689552
60851 12033.0 -17287.001 2887.898 17833.744 -2.7255757 -1.7079164 -2.3651120000000003
60851 12453.0 -18392.031 2164.6197 16801.049 -2.5344960999999997 -1.7349751000000002 -2.5506382
60851 12873.0 -19414.382 1431.6109 15692.813 -2.3320195 -1.7542349 -2.7246996
60851 13293.0 -20349.458 692.16654 14514.017 -2.1190554 -1.7656092 -2.8865132
60851 13713.0 -21193.054 -50.389396000000005 13269.959 -1.8965606000000002 -1.7690462 -3.0353509
60851 14133.0 -21941.375 -792.71872 11966.232 -1.6655352 -1.7645304000000002 -3.1705429
60851 14553.0 -22591.055 -1531.4841999999999 10608.699 -1.4270174 -1.7520817 -3.2914808
60851 14973.0 -23139.171000000002 -2263.3644 9203.4607 -1.1820794000000001 -1.7317557 -3.39762
60851 15393.0 -23583.257 -2985.0688 7756.8368 -0.93182265 -1.7036436000000001 -3.4884827
60851 15813.0 -23921.314000000002 -3693.3525 6275.3315999999995 -0.67737231 -1.6678716 -3.5636594
60851 16233.0 -24151.822 -4385.030900000001 4765.6067 -0.41987276 -1.6246003 -3.6228117
60851 16653.0 -24273.743000000002 -5056.9939 3234.4509 -0.16048214 -1.5740239999999999 -3.6656728
60851 17073.0 -24286.526 -5706.22 1688.7497 0.099632752 -1.5163703000000002 -3.6920495
60851 17493.0 -24190.114 -6329.7902 135.45412 0.35930181 -1.4518982 -3.701823
60851 17913.0 -23984.938000000002 -6924.9004 -1418.4506000000001 0.61735689 -1.3808978 -3.6949489
60851 18333.0 -23671.922000000002 -7488.875 -2965.9763 0.8726371 -1.3036883000000001 -3.6714580000000003
60851 18753.0 -23252.473 -8019.177900000001 -4500.1634 1.123994 -1.2206172 -3.6314561
60851 19173.0 -22728.475000000002 -8513.4249 -6014.1125999999995 1.3702969 -1.132058 -3.5751228999999998
60851 19593.0 -22102.286 -8969.394 -7501.0155 1.6104378 -1.0384092 -3.5027122
60851 20013.0 -21376.721 -9385.035 -8954.185300000001 1.8433366000000002 -0.9400920700000001 -3.4145497999999996
60851 20433.0 -20555.044 -9758.4796 -10367.087 2.0679458 -0.8375489 -3.3110326
60851 20853.0 -19640.949 -10088.049 -11733.368 2.2832554000000003 -0.7312409599999999 -3.1926265
60851 21273.0 -18638.547 -10372.262 -13046.883 2.4882972 -0.62164642 -3.0598643
60851 21693.0 -17552.346 -10609.841 -14301.728000000001 2.6821495 -0.5092581700000001 -2.9133436
60851 22113.0 -16387.23 -10799.718 -15492.258 2.8639407 -0.39458162 -2.7537236
60851 22533.0 -15148.439 -10941.041000000001 -16613.122 3.0328539 -0.27813242000000005 -2.5817224000000003
60851 22953.0 -13841.543 -11033.175000000001 -17659.279 3.18813 -0.16043412 -2.3981138
60851 23373.0 -12472.417 -11075.705 -18626.028000000002 3.3290713000000003 -0.042015816000000004 -2.2037234
60851 23793.0 -11047.218 -11068.442000000001 -19509.02 3.4550446000000004 0.07659021799999999 -1.9994255
60851 24213.0 -9572.3547 -11011.418 -20304.286 3.565484 0.19485092 -1.7861385
60851 24633.0 -8054.4565 -10904.89 -21008.252 3.6598933000000002 0.31223484 -1.5648215
60851 25053.0 -6500.3482 -10749.337 -21617.751 3.7378487000000002 0.42821449 -1.3364691
60851 25473.0 -4917.0166 -10545.459 -22130.044 3.7989998000000003 0.54226876 -1.1021077000000001
60851 25893.0 -3311.5797000000002 -10294.172 -22542.828 3.8430720000000003 0.65388518 -0.86279065
60851 26313.0 -1691.2552 -9996.607 -22854.245 3.8698673 0.76256226 -0.61959331
60851 26733.0 -63.327268 -9654.1001 -23062.896 3.8792649999999997 0.86781171 -0.37360856000000003
60851 27153.0 1564.8854 -9268.1913 -23167.841 3.8712226999999997 0.96916062 -0.12594177
60851 27573.0 3186.0627999999997 -8840.615099999999 -23168.607 3.8457762 1.0661535 0.12229415
60851 27993.0 4792.9164 -8373.2933 -23065.19 3.8030394000000003 1.1583546 0.36998365
60851 28413.0 6378.2217 -7868.3262 -22858.054 3.7432038 1.2453494 0.6160135800000001
60851 28833.0 7934.8509 -7327.9835 -22548.126 3.6665375 1.3267468 0.8592781700000001
60851 29253.0 9455.804699999999 -6754.6939 -22136.8 3.5733845000000004 1.4021809 1.0986839
60851 29673.0 10934.244 -6151.0341 -21625.923 3.4641625 1.4713123000000001 1.3331545
60851 30093.0 12363.52 -5519.7177 -21017.789 3.3393617 1.53383 1.5616357
60851 30513.0 13737.205 -4863.5824 -20315.131 3.1995421000000004 1.5894526000000002 1.7830999
60851 30933.0 15049.12 -4185.578 -19521.107 3.0453314999999996 1.6379298 1.9965509
60851 31353.0 16293.358 -3488.7489 -18639.272 2.877423 1.6790444 2.201031
60851 31773.0 17464.337 -2776.2356 -17673.618 2.6965684000000003 1.7126084000000001 2.3956152000000004
60851 32193.0 18556.779 -2051.237 -16628.467 2.5035827 1.738472 2.5794299
60851 32613.0 19565.77 -1317.0138000000002 -15508.521 2.2993324 1.7565182 2.7516475000000002
60851 33033.0 20486.769 -576.86772 -14318.815 2.0847357000000004 1.7666655 2.9114925
60851 33453.0 21315.634000000002 165.87275 -13064.7 1.8607573 1.7688678 3.058245
60851 33873.0 22048.633 907.86726 -11751.815 1.6284045 1.7631146000000002 3.1912439
60851 34293.0 22682.468 1645.7786 -10386.065 1.3887226000000001 1.7494315 3.3098899000000004
60851 34713.0 23214.285 2376.288 -8973.5923 1.1427898 1.7278798 3.4136482999999997
60851 35133.0 23641.691 3096.1095 -7520.7505 0.89171289 1.6985562 3.5020515000000003
60851 35553.0 23962.761000000002 3802.0054 -6034.0749000000005 0.6366218 1.6615924 3.574701
60851 35973.0 24176.052 4490.8005 -4520.2533 0.37866474 1.6171546 3.6312693
60851 36393.0 24280.601 5159.3967 -2986.0961 0.11900291 1.5654428 3.6715014999999998
60851 36813.0 24275.939000000002 5804.7865 -1438.5049 -0.14119473 1.5066895999999999 3.6952162
60851 37233.0 24162.087 6424.0671 115.55784 -0.40075678 1.4411597 3.7023068
60851 37653.0 23939.556 7014.4531 1669.1006000000002 -0.65851469 1.3691481 3.6927413000000002
60851 38073.0 23609.349000000002 7573.2893 3215.1344 -0.9133081 1.2909791 3.6665632
60851 38493.0 23172.953 8098.0626 4746.7042 -1.1639901 1.2070046 3.6238908000000003
60851 38913.0 22632.331000000002 8586.4133 6256.920099999999 -1.4094323 1.1176030000000001 3.5649166
60851 39333.0 21989.918 9036.1456 7738.9888 -1.6485302 1.0231767999999999 3.4899069
60851 39753.0 21248.605 9445.2378 9186.243900000001 -1.8802079 0.92415136 3.3992
60851 40173.0 20411.728 9811.8512 10592.176 -2.1034232000000004 0.82097244 3.2932052
60851 40593.0 19483.055 10134.338 11950.463 -2.3171722 0.71410463 3.1724003
60851 41013.0 18466.764 10411.25 13254.995 -2.5204937 0.60402899 3.0373301
60851 41433.0 17367.428 10641.343 14499.908 -2.7124738 0.49124093 2.8886031
60851 41853.0 16189.995 10823.584 15679.603000000001 -2.8922497 0.37624798 2.7268895000000004
60851 42273.0 14939.761 10957.155 16788.778000000002 -3.0590138000000002 0.25956745999999997 2.5529177
60851 42693.0 13622.35 11041.457 17822.447 -3.2120172 0.14172418 2.3674712
60851 43113.0 12243.689 11076.114 18775.964 -3.3505729000000004 0.023248086 2.1713846
60851 43533.0 10809.979 11060.972 19645.044 -3.4740592 -0.09532819000000001 1.9655405000000001
60851 43953.0 9327.6669 10996.099 20425.782 -3.5819221 -0.21347166 1.7508651
60851 44373.0 7803.4195 10881.791000000001 21114.669 -3.6736779000000004 -0.33065138000000005 1.5283238
60851 44793.0 6244.090400000001 10718.561 21708.613 -3.7489153 -0.44634087 1.2989176
60851 45213.0 4656.6907 10507.146 22204.943 -3.8072975000000002 -0.56002039 1.0636778
60851 45633.0 3048.3572000000004 10248.497 22601.433 -3.8485629 -0.6711793500000001 0.82366171
60851 46053.0 1426.3203999999998 9943.777800000002 22896.302 -3.8725270999999997 -0.77931851 0.5799481500000001
60851 46473.0 -202.12813 9594.359900000001 23088.225000000002 -3.8790833 -0.88395227 0.33363220000000005
60851 46893.0 -1829.6681 9201.8145 23176.343 -3.8682027 -0.98461077 0.085820579
60851 47313.0 -3448.9838 8767.9068 23160.261000000002 -3.8399346000000003 -1.080842 -0.16237341000000002
60851 47733.0 -5052.7964 8294.587599999999 23040.052 -3.7944065 -1.1722139999999999 -0.40983481
60851 48153.0 -6633.8972 7783.9849 22816.258 -3.7318232 -1.2583163 -0.65545197
60851 48573.0 -8185.1792000000005 7238.393900000001 22489.885000000002 -3.6524659 -1.3387623000000002 -0.8981215300000001
60851 48993.0 -9699.669699999999 6660.2671 22062.401 -3.556691 -1.4131908000000002 -1.1367534000000001
60851 49413.0 -11170.561 6052.2031 21535.728 -3.4449287 -1.4812673 -1.3702754
60851 49833.0 -12591.241 5416.9348 20912.232 -3.3176808 -1.5426860999999998 -1.5976383
60851 50253.0 -13955.325 4757.317599999999 20194.717 -3.1755187 -1.5971711 -1.8178206000000001
60851 50673.0 -15256.678 4076.3163 19386.407 -3.0190807 -1.6444774 -2.0298327
60851 51093.0 -16489.452 3376.9916000000003 18490.935 -2.8490693 -1.6843922 -2.2327215000000002
60851 51513.0 -17648.103 2662.4869 17512.326 -2.666248 -1.716736 -2.4255751
60851 51933.0 -18727.421000000002 1936.0138000000002 16454.979 -2.4714378999999997 -1.7413632 -2.6075261999999997
60851 52353.0 -19722.554 1200.8378 15323.645 -2.2655141 -1.7581629 -2.7777565
60851 52773.0 -20629.027000000002 460.26365999999996 14123.411 -2.0494016999999998 -1.7670591 -2.9355003
60851 53193.0 -21442.761000000002 -282.37952 12859.673 -1.8240718 -1.7680116000000001 -3.0800478
60851 53613.0 -22160.098 -1023.7532 11538.11 -1.5905371000000001 -1.7610158 -3.2107485000000002
60851 54033.0 -22777.811 -1760.5242 10164.665 -1.3498473 -1.7461027999999998 -3.3270141
60851 54453.0 -23293.119 -2489.3803 8745.5128 -1.1030844 -1.7233395 -3.4283211000000002
60851 54873.0 -23703.706000000002 -3207.0445 7287.0338 -0.8513579 -1.6928278 -3.5142132999999998
60851 55293.0 -24007.724000000002 -3910.29 5795.786099999999 -0.59579981 -1.6547048 -3.5843039
60851 55713.0 -24203.803 -4595.9547999999995 4278.4753 -0.33755944 -1.6091417 -3.6382768999999997
60851 56133.0 -24291.061 -5260.955900000001 2741.9244 -0.077798295 -1.5563433 -3.6758892999999997
60851 56553.0 -24269.104 -5902.3033 1193.0430000000001 0.18231516 -1.4965469 -3.6969713000000004
60851 56973.0 -24138.03 -6517.1131 -361.2036 0.44161083 -1.4300213000000002 -3.7014279
60851 57393.0 -23898.429 -7102.620900000001 -1913.8258 0.69892226 -1.3570658000000002 -3.6892389
60851 57813.0 -23551.376 -7656.194 -3457.8412000000003 0.95309192 -1.2780086 -3.6604588
60851 58233.0 -23098.431 -8175.3435 -4986.3062 1.2029764 -1.1932051 -3.6152172
60851 58653.0 -22541.633 -8657.7351 -6492.3472 1.4474516000000002 -1.103037 -3.5537177000000004
60851 59073.0 -21883.483 -9101.2001 -7969.191400000001 1.6854179 -1.0079098 -3.4762370000000002
60851 59493.0 -21126.943 -9503.7449 -9410.197400000001 1.9158050000000002 -0.9082515 -3.3831239
60851 59913.0 -20275.414 -9863.5597 -10808.885 2.1375767000000003 -0.80451039 -3.2747975
60851 60333.0 -19332.725000000002 -10179.027 -12158.965 2.3497358 -0.69715309 -3.1517453
60851 60753.0 -18303.115 -10448.73 -13454.367 2.5513283 -0.58666248 -3.0145211
60851 61173.0 -17191.215 -10671.455 -14689.265 2.7414481 -0.47353546 -2.8637422999999997
60851 61593.0 -16002.025 -10846.201000000001 -15858.108 2.9192404 -0.35828075000000004 -2.7000874
60851 62013.0 -14740.891 -10972.185 -16955.639 3.0839062 -0.24141655 -2.5242926000000003
60851 62433.0 -13413.485 -11048.84 -17976.924 3.2347057 -0.12346827 -2.3371486
60851 62853.0 -12025.775 -11075.821 -18917.372 3.3709611 -0.0049660998 -2.139497
60851 63273.0 -10584.0 -11053.008 -19772.755 3.4920605 0.11355732 -1.9322265
60851 63693.0 -9094.6425 -10980.504 -20539.226 3.5974597 0.23156932000000002 -1.7162691
60851 64113.0 -7564.398400000001 -10858.636 -21213.34 3.6866854 0.34853958 -1.4925955
60851 64533.0 -6000.1475 -10687.951000000001 -21792.067 3.7593367 0.46394248 -1.2622112
60851 64953.0 -4408.9220000000005 -10469.216 -22272.803 3.8150874 0.57725951 -1.0261514999999999
60851 65373.0 -2797.8756000000003 -10203.416000000001 -22653.388 3.8536868 0.68798151 -0.7854774099999999
60851 65793.0 -1174.2509 -9891.7447 -22932.11 3.8749615 0.795611 -0.54127036
60851 66213.0 454.65287 -9535.6034 -23107.714 3.8788158 0.8996644 -0.29462775
60851 66633.0 2081.5127 -9136.5928 -23179.411 3.8652320000000002 0.99967414 -0.046657916
60851 67053.0 3699.0145 -8696.5062 -23146.877 3.8342707000000003 1.0951908000000001 0.20152484999999998
60851 67473.0 5299.8863 -8217.3217 -23010.257 3.7860706 1.1857851000000001 0.44880522
60851 67893.0 6876.9303 -7701.193 -22770.162 3.7208478 1.2710499 0.69407187
60851 68313.0 8423.0558 -7150.4398 -22427.672 3.6388944000000003 1.3506017 0.9362224
60851 68733.0 9931.3105 -6567.5375 -21984.324 3.5405783000000004 1.4240829000000002 1.1741683
60851 69153.0 11394.912 -5955.106400000001 -21442.11 3.4263403 1.491163 1.4068397
60851 69573.0 12807.279 -5315.899200000001 -20803.464 3.2966931 1.55154 1.6331904
60851 69993.0 14162.058 -4652.789400000001 -20071.257 3.1522186000000003 1.6049422 1.8522024
60851 70413.0 15453.158 -3968.7583 -19248.781 2.9935652 1.6511291000000001 2.0628904
60851 70833.0 16674.763 -3266.8787 -18339.721 2.8214481 1.6898932 2.2643060999999998
60851 71253.0 17821.391 -2550.3104 -17348.182 2.6366354000000003 1.7210587000000002 2.4555439999999997
60851 71673.0 18887.876 -1822.2732 -16278.611 2.4399602000000002 1.7444855000000001 2.6357426
60851 72093.0 19869.421000000002 -1086.041 -15135.817000000001 2.2323062 1.7600678 2.8040906
60851 72513.0 20761.607 -344.92459 -13924.94 2.014607 1.7677349 2.9598298
60851 72933.0 21560.421000000002 397.74312 -12651.424 1.7878414 1.767452 3.1022587
60851 73353.0 22262.267 1138.622 -11320.996000000001 1.5530294 1.7592199000000002 3.2307357000000003
60851 73773.0 22863.987 1874.3799 -9939.6406 1.3112271000000002 1.7430752 3.3446817
60851 74193.0 23362.871 2601.7074 -8513.5702 1.0635226 1.7190904 3.4435832
60851 74613.0 23756.675 3317.3331000000003 -7049.1997 0.8110306399999999 1.6873731 3.5269946
60851 75033.0 24043.626 4018.0381 -5553.116400000001 0.5548875600000001 1.6480659000000002 3.5945396
60851 75453.0 24222.431 4700.6705 -4032.0506 0.29624638 1.6013454 3.6459140000000003
60851 75873.0 24292.286 5362.1597 -2492.8452 0.036271422000000005 1.547422 3.6808861999999998
60851 76293.0 24252.876 5999.530400000001 -942.42493 -0.22386691 1.4865384 3.6992985
60851 76713.0 24104.379 6609.9158 612.23517 -0.48299745000000005 1.4189687 3.7010681
60851 77133.0 23847.463 7190.5705 2164.1409 -0.7399536000000001 1.3450172 3.6861873000000003
60851 77553.0 23483.284 7738.8833 3706.3105 -0.99357861 1.2650169 3.6547233
60851 77973.0 23013.483 8252.388200000001 5231.8063 -1.2427308000000001 1.1793281 3.6068182
60851 78393.0 22440.174 8728.7764 6733.7660000000005 -1.4862888 1.0883367000000002 3.5426884000000003
60851 78813.0 21765.937 9165.9059 8205.4333 -1.7231566 0.99245255 3.4626233
60851 79233.0 20993.808 9561.8119 9640.188800000002 -1.9522683 0.89210743 3.366984
60851 79653.0 20127.262 9914.714800000002 11031.58 -2.1725934000000002 0.78775315 3.2562019
60851 80073.0 19170.199 10223.029 12373.348 -2.383141 0.6798595199999999 3.1307766000000004
60851 80493.0 18126.925 10485.369 13659.461000000001 -2.5829644 0.5689122099999999 2.9912734000000003
60851 80913.0 17002.136 10700.557 14884.135 -2.7711656 0.45541053 2.838321
60851 81333.0 15800.892 10867.628 16041.864 -2.9468987 0.33986518 2.6726085
60851 81753.0 14528.598 10985.831 17127.444 -3.1093744 0.22279594 2.4948822
60851 82173.0 13190.976 11054.637 18135.995 -3.2578631999999996 0.10472933999999999 2.3059425
60851 82593.0 11794.044 11073.738 19062.984 -3.3916984 -0.013803713 2.1066397
60851 83013.0 10344.085000000001 11043.051 19904.247 -3.5102796 -0.13227036 1.8978707
60851 83433.0 8847.6199 10962.715 20656.002 -3.6130749 -0.25013814 1.6805749
60851 83853.0 7311.3773 10833.093 21314.872 -3.6996234 -0.36687739 1.4557294
60851 84273.0 5742.2654 10654.769 21877.899 -3.7695372000000003 -0.48196361000000004 1.2243454
60851 84693.0 4147.3391 10428.547 22342.553 -3.8225032000000003 -0.5948798399999999 0.9874630600000001
60851 85113.0 2533.7689 10155.445 22706.747 -3.8582845000000003 -0.7051189000000001 0.74614715
60851 85533.0 908.80873 9836.6917 22968.847 -3.8767212 -0.81218572 0.50148214
60851 85953.0 -720.2367800000001 9473.7207 23127.677 -3.8777312000000004 -0.91559952 0.25456739
60851 86373.0 -2346.0447999999997 9068.1646 23182.524 -3.8613106 -1.0148959 0.0065122585
60852 393.0 -3961.3074 8621.847099999999 23133.144 -3.8275337 -1.1096291 -0.24156888
60852 813.0 -5558.764099999999 8136.7747 22979.759000000002 -3.7765524999999998 -1.1993737000000002 -0.48856158
60852 1233.0 -7131.2347 7615.1281 22723.06 -3.7085964 -1.2837266999999999 -0.73335632
60852 1653.0 -8671.651 7059.2523 22364.201 -3.6239706000000003 -1.3623091999999999 -0.9748534200000001
60852 2073.0 -10173.089 6471.6458 21904.796000000002 -3.5230553000000002 -1.4347684 -1.2119680000000002
60852 2493.0 -11628.800000000001 5854.9498 21346.911 -3.4063037 -1.5007787000000001 -1.4436348
60852 2913.0 -13032.24 5211.9362 20693.052 -3.27424 -1.5600436 -1.6688128
60852 3333.0 -14377.101 4545.495 19946.158 -3.1274572 -1.6122967000000001 -1.8864903
60852 3753.0 -15657.336000000001 3858.6217 19109.587 -2.9666144 -1.6573030000000002 -2.0956888
60852 4173.0 -16867.189000000002 3154.4035 18187.099000000002 -2.7924338 -1.6948603 -2.2954681999999997
60852 4593.0 -18001.222 2436.0058 17182.839 -2.6056977000000003 -1.7247994000000002 -2.48493
60852 5013.0 -19054.335 1706.6576000000002 16101.321 -2.4072449000000002 -1.7469855 -2.6632225
60852 5433.0 -20021.792 969.63751 14947.408 -2.1979668 -1.7613188 -2.8295436
60852 5853.0 -20899.243000000002 228.25849 13726.286 -1.9788037 -1.7677343 -2.9831453000000003
60852 6273.0 -21682.741 -514.14663 12443.444 -1.7507404 -1.7662031 -3.1233362000000002
60852 6693.0 -22368.762 -1254.2403000000002 11104.649 -1.514802 -1.7567316000000002 -3.2494856
60852 7113.0 -22954.22 -1988.6953 9715.921400000001 -1.2720489 -1.7393621000000001 -3.3610255
60852 7533.0 -23436.482 -2714.2095 8283.5039 -1.0235726 -1.7141724999999999 -3.4574536
60852 7953.0 -23813.376 -3427.521 6813.8371 -0.77049024 -1.6812757999999999 -3.5383358
60852 8373.0 -24083.208 -4125.4227 5313.5296 -0.5139400000000001 -1.6408196000000002 -3.6033077
60852 8793.0 -24244.762 -4804.7765 3789.3275 -0.25507569 -1.5929857 -3.6520765
60852 9213.0 -24297.31 -5462.527700000001 2248.0849 0.0049383619 -1.5379891 -3.6844224
60852 9633.0 -24240.616 -6095.719 696.73266 0.26493252 -1.4760771 -3.7001996
60852 10053.0 -24074.934 -6701.5032 -857.75278 0.5237372299999999 -1.4075281 -3.6993368
60852 10473.0 -23801.007 -7277.156400000001 -2408.3808 0.78018825 -1.3326503 -3.6818377
60852 10893.0 -23420.067 -7820.090400000001 -3948.178 1.0331319 -1.2517805000000002 -3.6477809000000003
60852 11313.0 -22933.826 -8327.864 -5470.2198 1.2814303 -1.1652826 -3.5973198
60852 11733.0 -22344.472 -8798.194300000001 -6967.661400000001 1.5239666 -1.0735457 -3.5306813000000004
60852 12153.0 -21654.654 -9228.9666 -8433.768900000001 1.7596498 -0.97698239 -3.4481653000000003
60852 12573.0 -20867.474000000002 -9618.2445 -9861.9491 1.9874199000000001 -0.87602711 -3.3501434
60852 12993.0 -19986.473 -9964.278 -11245.78 2.2062527 -0.77113398 -3.2370566
60852 13413.0 -19015.611 -10265.512 -12579.039 2.4151640000000003 -0.66277481 -3.109414
60852 13833.0 -17959.256 -10520.592 -13855.73 2.6132147 -0.55143695 -2.9677899
60852 14253.0 -16822.156 -10728.372 -15070.114 2.7995145000000003 -0.43762109 -2.8128216000000004
60852 14673.0 -15609.426 -10887.918 -16216.729000000001 2.9732259 -0.32183902000000003 -2.6452063
60852 15093.0 -14326.518 -10998.514000000001 -17290.422 3.1335683 -0.20461131000000002 -2.4656979000000003
60852 15513.0 -12979.202000000001 -11059.663 -18286.363 3.2798211999999998 -0.086464957 -2.2751039
60852 15933.0 -11573.533 -11071.09 -19200.077 3.4113276000000003 0.032068974 -2.0742813
60852 16353.0 -10115.834 -11032.745 -20027.454 3.5274966 0.15045773 -1.8641332
60852 16773.0 -8612.6569 -10944.801 -20764.775 3.6278063000000005 0.26816926 -1.6456042
60852 17193.0 -7070.7603 -10807.652 -21408.725000000002 3.7118063 0.38467462 -1.4196767
60852 17613.0 -5497.0762 -10621.916000000001 -21956.41 3.7791191 0.4994503 -1.1873661
60852 18033.0 -3898.6791000000003 -10388.428 -22405.365 3.8294425000000003 0.6119806099999999 -0.94971651
60852 18453.0 -2282.755 -10108.238 -22753.574 3.8625502000000003 0.72175993 -0.70779592
60852 18873.0 -656.56837 -9782.6042 -22999.468 3.8782934 0.82829502 -0.46269143
60852 19293.0 972.57007 -9412.991300000002 -23141.943 3.8766010000000004 0.9311072 -0.21550444
60852 19713.0 2597.3362 -9001.0602 -23180.356 3.8574805000000003 1.0297345 0.032654295
60852 20133.0 4210.4254 -8548.662300000002 -23114.533 3.8210173 1.1237336 0.2806696
60852 20553.0 5804.5852 -8057.831099999999 -22944.769 3.7673746 1.2126822 0.5274269100000001
60852 20973.0 7372.6482000000005 -7530.7725 -22671.826 3.6967928000000003 1.2961803 0.77181718
60852 21393.0 8907.563699999999 -6969.8554 -22296.928 3.6095885 1.3738525 1.0127419
60852 21813.0 10402.43 -6377.601000000001 -21821.760000000002 3.5061527999999997 1.4453495 1.249118
60852 22233.0 11850.524 -5756.6715 -21248.455 3.3869497 1.5103497 1.4798828000000002
60852 22653.0 13245.335000000001 -5109.857900000001 -20579.589 3.2525141 1.5685605 1.7039983
60852 23073.0 14580.588 -4440.068 -19818.168 3.1034495000000004 1.61972 1.9204567
60852 23493.0 15850.279 -3750.3127999999997 -18967.615 2.9404244 1.6635975 2.1282844
60852 23913.0 17048.695 -3043.6937000000003 -18031.752 2.7641725999999998 1.6999955 2.3265452
60852 24333.0 18170.444 -2323.3873 -17014.783 2.575485 1.7287498000000001 2.5143478
60852 24753.0 19210.48 -1592.6324 -15921.283 2.3752095 1.7497307000000002 2.6908464
60852 25173.0 20164.123 -854.7152600000001 -14756.166000000001 2.1642462 1.7628432 2.8552464
60852 25593.0 21027.083 -112.95418 -13524.673 1.9435437 1.7680280000000002 3.0068071
60852 26013.0 21795.475000000002 629.31491 -12232.342 1.7140944 1.7652613 3.1448460000000003
60852 26433.0 22465.842 1368.7537 -10884.983 1.4769302 1.7545552 3.268741
60852 26853.0 23035.166 2102.0362999999998 -9488.6579 1.2331181999999998 1.7359574 3.3779337999999997
60852 27273.0 23500.884000000002 2825.8646000000003 -8049.6463 0.9837554900000001 1.7095514 3.4719323
60852 27693.0 23860.9 3536.9827000000005 -6574.4216 0.7299642000000001 1.6754557 3.5503128000000004
60852 28113.0 24113.594 4232.192099999999 -5069.619900000001 0.47288668 1.6338236 3.612722
60852 28533.0 24257.827 4908.3655 -3542.0108999999998 0.21368016 1.5848424 3.6588784999999997
60852 28953.0 24292.95 5562.4615 -1998.4668000000001 -0.046488478 1.5287325 3.6885743000000004
60852 29373.0 24218.806 6191.5380000000005 -445.93197 -0.30644794000000003 1.4657466 3.7016758
60852 29793.0 24035.727 6792.7655 1108.609 -0.56502788 1.3961681000000001 3.6981238
60852 30213.0 23744.539 7363.4400000000005 2658.1625 -0.82106418 1.3203105000000002 3.6779348
60852 30633.0 23346.551 7900.995 4195.7575 -1.0734043 1.2385153 3.6411998
60852 31053.0 22843.556 8403.0131 5714.4768 -1.3209123 1.151151 3.5880848999999997
60852 31473.0 22237.817 8867.2371 7207.4888 -1.5624743 1.0586110000000002 3.5188297
60852 31893.0 21532.062 9291.5799 8668.0775 -1.7970033 0.96131201 3.4337467000000004
60852 32313.0 20729.467 9674.1341 10089.674 -2.023444 0.85969228 3.3332199
60852 32733.0 19833.644 10013.18 11465.883 -2.2407781 0.75420931 3.2177024000000003
60852 33153.0 18848.625 10307.196 12790.518 -2.448028 0.64533798 3.0877152000000003
60852 33573.0 17778.843 10554.859 14057.62 -2.6442621 0.53356831 2.9438440999999997
60852 33993.0 16629.111 10755.057 15261.493 -2.8285983999999997 0.41940330000000003 2.7867375
60852 34413.0 15404.603000000001 10906.894 16396.725 -3.0002086 0.30335660000000003 2.6171031
60852 34833.0 14110.826000000001 11009.687 17458.213 -3.158322 0.18595021 2.4357046999999996
60852 35253.0 12753.601 11062.976 18441.184 -3.3022287 0.06771216 2.2433593000000003
60852 35673.0 11339.033 11066.523000000001 19341.223 -3.4312827 -0.050825924 2.0409324
60852 36093.0 9873.4845 11020.314 20154.284 -3.5449050000000004 -0.16913118 1.8293349
60852 36513.0 8363.5453 10924.56 20876.713 -3.6425859999999997 -0.2866719 1.6095188
60852 36933.0 6816.005700000001 10779.691 21505.267 -3.7238879000000003 -0.40291993000000004 1.3824726
60852 37353.0 5237.8239 10586.361 22037.121 -3.7884463999999998 -0.517353 1.1492173
60852 37773.0 3636.0956 10345.441 22469.887 -3.8359724 -0.62945709 0.9108013
60852 38193.0 2018.0217 10058.014000000001 22801.622 -3.8662534 -0.73872871 0.66829629
60852 38613.0 390.87632 9725.373800000001 23030.836 -3.8791542 -0.84467713 0.42279202
60852 39033.0 -1238.0262 9349.0169 23156.501 -3.8746175 -0.94682661 0.1753916
60852 39453.0 -2861.3637000000003 8930.6356 23178.055 -3.8526643 -1.0447184999999999 -0.072793462
60852 39873.0 -4471.839400000001 8472.1111 23095.401 -3.8133938 -1.1379132 -0.32064822
60852 40293.0 -6062.2145 7975.5048 22908.913 -3.7569825999999997 -1.2259921999999999 -0.56705925
60852 40713.0 -7625.3403 7443.0493 22619.428 -3.6836844 -1.3085601 -0.8109196399999999
60852 41133.0 -9154.190900000001 6877.138 22228.251 -3.5938284 -1.3852460000000002 -1.0511339
60852 41553.0 -10641.894 6280.3145 21737.138 -3.4878182000000004 -1.4557055 -1.2866229
60852 41973.0 -12081.763 5655.2614 21148.297 -3.36613 -1.5196221 -1.5163286
60852 42393.0 -13467.325 5004.7883 20464.376 -3.22931 -1.5767086 -1.7392189
60852 42813.0 -14792.351 4331.8185 19688.448 -3.0779726999999997 -1.6267083 -1.9542921
60852 43233.0 -16050.884 3639.3771 18824.0 -2.9127975999999998 -1.6693965000000002 -2.1605816
60852 43653.0 -17237.267 2930.5762000000004 17874.919 -2.7345265 -1.7045811000000002 -2.35716
60852 44073.0 -18346.165 2208.6018 16845.47 -2.54396 -1.7321039 -2.5431436
60852 44493.0 -19372.592 1476.6991 15740.279 -2.3419541 -1.7518408 -2.7176959000000003
60852 44913.0 -20311.931 738.1581500000001 14564.316 -2.1294163 -1.7637028000000001 -2.8800318000000003
60852 45333.0 -21159.96 -3.7011422 13322.865 -1.9073016 -1.7676364000000002 -3.0294209999999997
60852 45753.0 -21912.864 -745.5437800000001 12021.509 -1.6766081 -1.7636235 -3.1651913
60852 46173.0 -22567.255 -1484.0347 10666.097 -1.4383727 -1.7516819000000001 -3.2867315
60852 46593.0 -23120.191 -2215.8539 9262.7235 -1.1936664000000001 -1.731865 -3.3934945
60852 47013.0 -23569.183 -2937.7110000000002 7817.698 -0.94358925 -1.7042615 -3.4849996
60852 47433.0 -23912.211 -3646.3606 6337.517900000001 -0.68926588 -1.6689954 -3.5608346
60852 47853.0 -24147.732 -4338.616400000001 4828.838900000001 -0.43183998 -1.6262251 -3.620658
60852 48273.0 -24274.684 -5011.3658 3298.4449 -0.17246933 -1.5761427000000001 -3.6642002000000002
60852 48693.0 -24292.497 -5661.5839000000005 1753.2178999999999 0.087679407 -1.5189733 -3.6912649
60852 49113.0 -24201.088 -6286.347 200.10671 0.34743599999999997 -1.454974 -3.70173
60852 49533.0 -24000.869 -6882.8461 -1353.9043000000001 0.6056319499999999 -1.3844327 -3.6955482
60852 49953.0 -23692.739 -7448.3989 -2901.8267 0.86110576 -1.3076664 -3.6727472
60852 50373.0 -23278.082000000002 -7980.4626 -4436.6993 1.1127082000000001 -1.2250207 -3.6334295
60852 50793.0 -22758.764 -8476.6451 -5951.6196 1.3593074 -1.1368672 -3.5777721000000002
60852 51213.0 -22137.12 -8934.715400000001 -7439.775000000001 1.5997941 -1.0436025 -3.5060252999999997
60852 51633.0 -21415.945 -9352.6142 -8894.473300000001 1.8330867000000002 -0.9456461399999999 -3.4185122000000003
60852 52053.0 -20598.482 -9728.4629 -10309.173 2.058136 -0.8434388 -3.3156266000000003
60852 52473.0 -19688.406 -10060.572 -11677.512 2.2739299 -0.7374402 -3.1978317
60852 52893.0 -18689.812 -10347.449 -12993.338 2.4794982 -0.62812712 -3.0656574
60852 53313.0 -17607.189000000002 -10587.803 -14250.734 2.6739167000000004 -0.51599117 -2.9196986000000003
60852 53733.0 -16445.406 -10780.557 -15444.047 2.8563112999999998 -0.40153663 -2.760612
60852 54153.0 -15209.686 -10924.842 -16567.91 3.0258625 -0.28527812 -2.5891134000000005
60852 54573.0 -13905.586000000001 -11020.011 -17617.272 3.1818081000000005 -0.16773833999999999 -2.405974
60852 54993.0 -12538.970000000001 -11065.636 -18587.414 3.3234475000000003 -0.049445668 -2.2120177
60852 55413.0 -11115.983 -11061.514000000001 -19473.974000000002 3.4501444 0.06906818699999999 -2.0081164
60852 55833.0 -9643.0211 -11007.663 -20272.968 3.5613296 0.18727058 -1.7951871000000001
60852 56253.0 -8126.7077 -10904.325 -20980.801 3.6565037000000005 0.30463033 -1.5741869
60852 56673.0 -6573.8597 -10751.965 -21594.294 3.7352391 0.42062006 -1.3461093000000002
60852 57093.0 -4991.4582 -10551.269 -22110.686 3.7971822000000004 0.5347186 -1.1119792
60852 57513.0 -3386.617 -10303.138 -22527.656 3.8420546 0.64641329 -0.87284901
60852 57933.0 -1766.5508 -10008.688 -22843.329 3.8696547999999997 0.7552023000000001 -0.6297932100000001
60852 58353.0 -138.54279000000002 -9669.2435 -23056.286 3.8798586 0.86059682 -0.38390403
60852 58773.0 1490.0881000000002 -9286.328800000001 -23165.567 3.8726198 0.96212329 -0.13628641
60852 59193.0 3112.02 -8861.6654 -23170.68 3.8479706 1.0593255 0.11194696999999999
60852 59613.0 4719.9610999999995 -8397.162 -23071.601 3.8060214 1.1517666 0.3596806
60852 60033.0 6306.6819000000005 -7894.9063 -22868.774 3.74696 1.2390311 0.6058011299999999
60852 60453.0 7865.048400000001 -7357.1557 -22563.109 3.6710511 1.3207267 0.8492023900000001
60852 60873.0 9388.0535 -6786.3270999999995 -22155.978 3.5786352000000003 1.3964860000000001 1.0887902999999999
60852 61293.0 10868.849 -6184.9863 -21649.21 3.4701268 1.4659684 1.3234876999999998
60852 61713.0 12300.775 -5555.8363 -21045.081000000002 3.3460127 1.5288612000000001 1.5522394
60852 62133.0 13677.392 -4901.7053 -20346.305 3.2068499999999998 1.5848813 1.7740164999999999
60852 62553.0 14992.509 -4225.5338 -19556.024 3.0532632 1.6337765 1.9878215000000001
60852 62973.0 16240.210000000001 -3530.3605000000002 -18677.784 2.8859418999999997 1.675327 2.1926934
60852 63393.0 17414.883 -2819.3135 -17715.541 2.7056376 1.7093445 2.3877084
60852 63813.0 18511.242000000002 -2095.5879 -16673.614 2.513161 1.7356764 2.5719897
60852 64233.0 19524.355 -1362.4383 -15556.689 2.3093765 1.7542035 2.7447076000000004
60852 64653.0 20449.664 -623.1615400000001 -14369.788 2.0952003 1.7648420000000002 2.9050841999999997
60852 65073.0 21283.003 118.91769000000001 -13118.247 1.8715951 1.7675437 3.0523973
60852 65493.0 22020.624 860.4620600000001 -11807.696 1.6395667 1.7622959 3.1859832000000003
60852 65913.0 22659.206000000002 1598.1363999999999 -10444.028 1.4001586 1.7491219000000002 3.3052399
60852 66333.0 23195.875 2328.6229 -9033.376 1.1544481000000002 1.7280806 3.4096300000000004
60852 66753.0 23628.215 3048.6357000000003 -7582.086 0.90354071 1.6992664 3.4986829
60852 67173.0 23954.279000000002 3754.9364 -6096.6861 0.6485657499999999 1.6628088 3.5719973
60852 67593.0 24172.601 4444.3478 -4583.8583 0.39067088 1.6188716 3.6292424999999997
60852 68013.0 24282.197 5113.7689 -3050.4085 0.13101704 1.5676526 3.6701607
60852 68433.0 24282.573 5760.1885999999995 -1503.2353 -0.12922684 1.5093823 3.6945673
60852 68853.0 24173.728 6380.6994 50.70071300000001 -0.38888911000000004 1.4443229 3.7023525
60852 69273.0 23956.151 6972.5103 1604.4086000000002 -0.64680077 1.3727675 3.6934813
60852 69693.0 23630.823 7532.9597 3150.8984 -0.90180072 1.2950382999999999 3.667994
60852 70113.0 23199.207000000002 8059.527 4683.213 -1.1527411 1.2114853 3.6260056
60852 70533.0 22663.247 8549.8446 6194.4592 -1.3984923 1.1224849 3.5677057
60852 70953.0 22025.355 9001.707699999999 7677.8387 -1.6379484 1.0284379 3.4933575
60852 71373.0 21288.402000000002 9413.0851 9126.679300000002 -1.8700319 0.92976784 3.4032964000000003
60852 71793.0 20455.707000000002 9782.1276 10534.464 -2.0936987 0.82691899 3.2979287
60852 72213.0 19531.015 10107.177 11894.863 -2.3079427999999997 0.72035442 3.1777294
60852 72633.0 18518.489 10386.772 13201.756 -2.5118008 0.6105538699999999 3.0432406000000003
60852 73053.0 17422.685 10619.658 14449.269 -2.7043563 0.49801151 2.8950682000000003
60852 73473.0 16248.533 10804.789 15631.791000000001 -2.8847440000000004 0.38323378 2.73388
60852 73893.0 15001.317000000001 10941.334 16744.007 -3.0521534000000003 0.26673705999999997 2.5604020000000003
60852 74313.0 13686.647 11028.681 17780.917 -3.2058327 0.14904534000000003 2.3754153000000002
60852 74733.0 12310.437 11066.439 18737.861 -3.3450919 0.030687897 2.1797529
60852 75153.0 10878.876 11054.44 19610.538 -3.4693061 -0.087803151 1.9742952
60852 75573.0 9398.404199999999 10992.74 20395.027000000002 -3.5779180000000004 -0.20589518 1.7599666999999999
60852 75993.0 7875.6781 10881.618 21087.803 -3.6704406 -0.32305749 1.5377315
60852 76413.0 6317.545 10721.575 21685.754 -3.7464592 -0.43876362999999996 1.308589
60852 76833.0 4731.0109 10513.333 22186.195 -3.8056333 -0.55249382 1.0735694
60852 77253.0 3123.2087 10257.829 22586.878 -3.8476979 -0.6637372 0.83372916
60852 77673.0 1501.3667 9956.2122 22886.003 -3.8724651 -0.77199416 0.59014623
60852 78093.0 -127.22445 9609.84 23082.23 -3.8798243 -0.87677856 0.34391518000000004
60852 78513.0 -1755.2437 9220.2703 23174.676 -3.8697431000000004 -0.9776198700000001 0.096142318
60852 78933.0 -3375.3731000000002 8789.2548 23162.929 -3.8422675 -1.0740653 -0.15205918
60852 79353.0 -4980.3302 8318.7316 23047.043 -3.7975213 -1.1656818 -0.39957432
60852 79773.0 -6562.900900000001 7810.8159000000005 22827.539 -3.7357057 -1.2520579 -0.64529119
60852 80193.0 -8115.9718 7267.7910999999995 22505.404000000002 -3.6570986 -1.3328058 -0.88810599
60852 80613.0 -9632.562 6692.097900000001 22082.089 -3.562053 -1.4075628 -1.1269278999999999
60852 81033.0 -11105.854 6086.3242 21559.494 -3.4509959 -1.4759931 -1.360684
60852 81453.0 -12529.226 5453.192599999999 20939.97 -3.324426 -1.5377893 -1.5883241000000001
60852 81873.0 -13896.28 4795.548900000001 20226.302 -3.1829115000000003 -1.5926737000000002 -1.8088251
60852 82293.0 -15200.869 4116.349 19421.696 -3.0270880000000004 -1.6403996 -2.0211963
60852 82713.0 -16437.128 3418.6457 18529.769 -2.8576551 -1.6807523000000002 -2.2244829
60852 83133.0 -17599.5 2705.5749 17554.53 -2.6753738 -1.7135503 -2.4177711
60852 83553.0 -18682.758 1980.3419 16500.363 -2.4810627 -1.738646 -2.6001919
60852 83973.0 -19682.03 1246.2066000000002 15372.005000000001 -2.2755948 -1.7559263 -2.7709247
60852 84393.0 -20592.824 506.46908 14174.53 -2.059893 -1.7653133 -2.9292016
60852 84813.0 -21411.043 -235.54532999999998 12913.32 -1.8349268 -1.7667644 -3.0743105
60852 85233.0 -22133.007 -976.50084 11594.045 -1.6017070000000002 -1.7602728 -3.2055983
60852 85653.0 -22755.468 -1713.0664 10222.635 -1.3612819999999999 -1.7458674 -3.3224741
60852 86073.0 -23275.626 -2441.9303999999997 8805.258 -1.1147326 -1.7236126999999999 -3.4244117000000003
60853 93.0 -23691.141 -3159.8159 7348.285400000001 -0.8631674 -1.6936085 -3.5109521
60853 513.0 -24000.143 -3863.4952000000003 5858.2687000000005 -0.6077176 -1.6559894 -3.5817053999999997
60853 933.0 -24201.241 -4549.8045 4341.9079 -0.34953206000000003 -1.6109245 -3.636353
60853 1353.0 -24293.53 -5215.657700000001 2806.0218 -0.089772015 -1.5586163 -3.6746485
60853 1773.0 -24276.593 -5858.0609 1257.517 0.17039407 -1.4993 -3.6964194000000004
60853 2193.0 -24150.506 -6474.1257000000005 -296.64292 0.42979586999999997 -1.4332422 -3.7015673000000002
60853 2613.0 -23915.834 -7061.082 -1849.4688 0.6872664700000001 -1.36074 -3.690069
60853 3033.0 -23573.634000000002 -7616.290599999999 -3393.9773 0.94164761 -1.2821195 -3.6619761
60853 3453.0 -23125.443 -8137.2552000000005 -4923.2227 1.1917950000000002 -1.1977345000000001 -3.6174148
60853 3873.0 -22573.277000000002 -8621.6336 -6430.3279 1.4365833000000001 -1.1079644000000002 -3.5565858
60853 4293.0 -21919.618000000002 -9067.2479 -7908.5154 1.6749114999999999 -1.0132132 -3.4797629000000003
60853 4713.0 -21167.406 -9472.0949 -9351.1377 1.9057076 -0.9139071400000001 -3.3872918
60853 5133.0 -20320.024 -9834.3547 -10751.708 2.1279337000000003 -0.81049283 -3.2795888
60853 5553.0 -19381.281 -10152.399 -12103.927 2.3405906 -0.7034355000000001 -3.1571385000000003
60853 5973.0 -18355.401 -10424.798 -13401.716 2.5427220000000004 -0.59321664 -3.0204921
60853 6393.0 -17246.996 -10650.327 -14639.239 2.7334194000000003 -0.48033196 -2.8702645
60853 6813.0 -16061.050000000001 -10827.974 -15810.931 2.9118254 -0.36528906 -2.7071315
60853 7233.0 -14802.896 -10956.941 -16911.525 3.0771384 -0.2486052 -2.5318271
60853 7653.0 -13478.191 -11036.646 -17936.072 3.2286155 -0.13080496 -2.3451397000000003
60853 8073.0 -12092.892 -11066.735 -18879.966 3.365576 -0.012417870000000001 -2.1479089
60853 8493.0 -10653.226 -11047.07 -19738.964 3.4874047999999997 0.10602396 -1.9410215000000002
60853 8913.0 -9165.6669 -10977.741 -20509.202 3.5935544 0.22398822999999998 -1.7254078
60853 9333.0 -7636.9023 -10859.061 -21187.22 3.6835482 0.34094484999999997 -1.5020369
60853 9753.0 -6073.805200000001 -10691.562 -21769.968 3.7569819000000004 0.45636827 -1.2719128000000002
60853 10173.0 -4483.4025 -10475.999 -22254.826 3.8135256 0.56973988 -1.0360699
60853 10593.0 -2872.8441000000003 -10213.339 -22639.614 3.8529253 0.6805503 -0.79556795
60853 11013.0 -1249.3705 -9904.7649 -22922.602 3.8750039000000003 0.78830165 -0.5514877300000001
60853 11433.0 379.71987 -9551.6621 -23102.516 3.8796619000000003 0.89250982 -0.30492605
60853 11853.0 2007.1033 -9155.6183 -23178.548 3.8668782000000004 0.99270654 -0.056990825
60853 12273.0 3625.4634 -8718.413400000001 -23150.352 3.8367098 1.0884416000000001 0.19120381
60853 12693.0 5227.524200000001 -8242.0123 -23018.056 3.7892918 1.1792847 0.4385425
60853 13113.0 6806.0829 -7728.5564 -22782.252 3.7248366 1.2648275000000002 0.6839136600000001
60853 13533.0 8354.0419 -7180.3533 -22443.999 3.6436332000000005 1.3446854000000001 0.92621444
60853 13953.0 9864.4407 -6599.866900000001 -22004.815 3.5460458 1.4184994 1.1643556000000002
60853 14373.0 11330.488 -5989.7065999999995 -21466.672 3.4325120000000005 1.4859373 1.3972666
60853 14793.0 12745.589 -5352.6149000000005 -20831.99 3.3035414000000003 1.5466958 1.6239000000000001
60853 15213.0 14103.382 -4691.4557 -20103.618000000002 3.1597127 1.6005014000000002 1.8432366
60853 15633.0 15397.759 -4009.2012999999997 -19284.831000000002 3.0016716999999997 1.6471117 2.0542896
60853 16053.0 16622.891 -3308.917 -18379.301 2.8301293999999997 1.6863173999999999 2.2561101
60853 16473.0 17773.28 -2593.755 -17391.113 2.6458534 1.7179404999999999 2.4477887999999997
60853 16893.0 18843.742000000002 -1866.9288999999999 -16324.7 2.4496736 1.7418391 2.6284632
60853 17313.0 19829.462 -1131.707 -15184.859 2.2424714 1.757905 2.7973199
60853 17733.0 20726.005 -391.39556 -13976.713 2.0251781 1.7660656 2.9535985
60853 18153.0 21529.336 350.67603 -12705.696 1.7987709 1.7662837 3.0965949
60853 18573.0 22235.839 1091.1704 -11377.523000000001 1.564268 1.7585579 3.2256650000000002
60853 18993.0 22842.335 1826.7571 -9998.168599999999 1.3227243000000002 1.7429225 3.3402271000000003
60853 19413.0 23346.094 2554.1277000000005 -8573.8361 1.0752266 1.7194477 3.4397649
60853 19833.0 23744.848 3270.0103 -7110.9326 0.8228886 1.6882388000000002 3.5238297
60853 20253.0 24036.802 3971.185 -5616.0387 0.56684604 1.6494361 3.5920427
60853 20673.0 24220.641 4654.4977 -4095.8794 0.30825145 1.603214 3.6440963
60853 21093.0 24295.539 5316.875 -2557.2933 0.048268928 1.5497805 3.679756
60853 21513.0 24261.157 5955.3373 -1007.2024 -0.21193109999999998 1.4893761 3.6988609
60853 21933.0 24117.65 6567.012900000001 547.4197800000001 -0.4711772 1.4222729 3.7013251
60853 22353.0 23865.665 7149.1508 2099.5791 -0.7283022600000001 1.3487727999999999 3.6871377000000005
60853 22773.0 23506.335 7699.1328 3642.2927999999997 -0.9821487600000001 1.2692071 3.6563628
60853 23193.0 23041.279000000002 8214.4856 5168.6208 -1.2315740000000002 1.1839339 3.6091395000000004
60853 23613.0 22472.589 8692.8919 6671.6967 -1.4754554000000002 1.0933373 3.5456808
60853 24033.0 21802.826 9132.2007 8144.7595 -1.7126954 0.9978254500000001 3.4662733
60853 24453.0 21035.005 9530.4372 9581.1832 -1.9422266 0.89782831 3.3712750000000002
60853 24873.0 20172.58 9885.8115 10974.507 -2.1630163 0.79379619 3.2611145
60853 25293.0 19219.434 10196.727 12318.466 -2.3740717 0.68619746 3.1362883999999998
60853 25713.0 18179.856 10461.786 13607.015 -2.5744438 0.57551645 2.9973595
60853 26133.0 17058.523 10679.799 14834.361 -2.7632319 0.46225130000000003 2.8449539
60853 26553.0 15860.482 10849.786 15994.985 -2.9395876 0.34691165 2.679758
60853 26973.0 14591.121000000001 10970.987000000001 17083.671000000002 -3.1027187 0.23001634999999998 2.5025161
60853 27393.0 13256.152 11042.856 18095.524 -3.2518927 0.1120912 2.3140262
60853 27813.0 11861.579 11065.073 19025.997 -3.3864400000000003 -0.006333549599999999 2.1151367
60853 28233.0 10413.675000000001 11037.54 19870.908 -3.5057566000000002 -0.1247255 1.9067426
60853 28653.0 8918.9513 10960.383 20626.461 -3.6093076 -0.2425525 1.6897816
60853 29073.0 7384.1293 10833.949 21289.262 -3.6966285 -0.35928507000000004 1.4652295
60853 29493.0 5816.1107 10658.81 21856.332000000002 -3.767328 -0.47439874 1.2340961
60853 29913.0 4221.9455 10435.754 22325.126 -3.8210895000000002 -0.58737638 0.9974203700000001
60853 30333.0 2608.8009 10165.784 22693.538 -3.8576725 -0.69771055 0.75626626
60853 30753.0 983.92885 9850.116300000002 22959.915 -3.8769134 -0.80490574 0.51171752
60853 31173.0 -645.3661500000001 9490.170199999999 23123.06 -3.8787266000000002 -0.9084805800000001 0.26487302
60853 31593.0 -2271.7602 9087.5646 23182.242000000002 -3.8631045 -1.00797 0.016841798
60853 32013.0 -3887.9426000000003 8644.11 23137.196 -3.8301179000000003 -1.1029272 -0.23126184000000002
60853 32433.0 -5486.648700000001 8161.8000999999995 22988.128 -3.7799154 -1.1929258999999999 -0.47832334
60853 32853.0 -7060.6925 7642.8031 22735.706000000002 -3.7127226 -1.2775619 -0.72323285
60853 33273.0 -8602.9989 7089.4520999999995 22381.067 -3.6288415 -1.3564552 -0.96489018
60853 33693.0 -10106.635 6504.2345000000005 21925.806 -3.5286488 -1.4292514 -1.2022097
60853 34113.0 -11564.843 5889.7805 21371.968 -3.4125946 -1.4956234 -1.4341252
60853 34533.0 -12971.067000000001 5248.8521 20722.043 -3.2811999000000003 -1.5552731000000002 -1.6595946
60853 34953.0 -14318.986 4584.329900000001 19978.953 -3.1350548 -1.6079324 -1.8776049000000001
60853 35373.0 -15602.539 3899.2008 19146.037 -2.9748154 -1.6533646000000002 -2.087176
60853 35793.0 -16815.958 3196.5442000000003 18227.039 -2.8012013000000002 -1.6913653 -2.2873661000000003
60853 36213.0 -17953.785 2479.5185 17226.089 -2.6149923 -1.7217635 -2.477275
60853 36633.0 -19010.905 1751.3465 16147.687 -2.4170247 -1.7444225 -2.6560488
60853 37053.0 -19982.564000000002 1015.3016 14996.68 -2.2081878 -1.7592399 -2.8228835
60853 37473.0 -20864.392 274.69232 13778.241 -1.9894200000000002 -1.766149 -2.9770284
60853 37893.0 -21652.424 -467.15189000000004 12497.85 -1.7617043000000001 -1.7651184000000002 -3.1177901
60853 38313.0 -22343.114 -1206.896 11161.26 -1.5260641000000001 -1.7561524 -3.244535
60853 38733.0 -22933.356 -1941.2143999999998 9774.482800000002 -1.2835588 -1.739291 -3.3566925000000003
60853 39153.0 -23420.495 -2666.8056 8343.751900000001 -1.0352784 -1.7146098 -3.4537577
60853 39573.0 -23802.338 -3380.4072 6875.5007000000005 -0.78233947 -1.6822194 -3.5352935000000003
60853 39993.0 -24077.167 -4078.8107999999997 5376.3313 -0.5258794299999999 -1.6422653 -3.6009325
60853 40413.0 -24243.745 -4758.8760999999995 3852.9847000000004 -0.26705172 -1.5949271 -3.650379
60853 40833.0 -24301.322 -5417.545400000001 2312.3114 -0.007020518 -1.5404174000000002 -3.6834102
60853 41253.0 -24249.637 -6051.856900000001 761.2395600000001 0.25304445999999997 -1.4789814 -3.6998771
60853 41673.0 -24088.924 -6658.9586 -793.25559 0.51197333 -1.4108953 -3.6997054
60853 42093.0 -23819.902000000002 -7236.1207 -2344.1832999999997 0.76860127 -1.3364653000000002 -3.6828958
60853 42513.0 -23443.782 -7780.7480000000005 -3884.569 1.0217738 -1.2560262 -3.6495237000000005
60853 42933.0 -22962.255 -8290.3919 -5407.4852 1.2703521 -1.1699398 -3.5997394
60853 43353.0 -22377.486 -8762.761 -6906.0834 1.5132179000000001 -1.0785936 -3.5337668
60853 43773.0 -21692.105 -9195.7316 -8373.6242 1.7492788000000001 -0.98239824 -3.4519029000000003
60853 44193.0 -20909.194 -9587.357199999999 -9803.508300000001 1.9774732 -0.88178662 -3.3545163
60853 44613.0 -20032.273 -9935.8773 -11189.306 2.1967748 -0.77721129 -3.2420452
60853 45033.0 -19065.286 -10239.725 -12524.785 2.4061975 -0.6691426300000001 -3.1149959
60853 45453.0 -18012.582000000002 -10497.536 -13803.941 2.6047997 -0.55806669 -2.9739400999999996
60853 45873.0 -16878.894 -10708.15 -15021.022 2.7916887999999997 -0.44448298 -2.8195126
60853 46293.0 -15669.321 -10870.622 -16170.557 2.9660246000000003 -0.32890227 -2.652408
60853 46713.0 -14389.301 -10984.221 -17247.375 3.1270237 -0.2118442 -2.4733782
60853 47133.0 -13044.59 -11048.438 -18246.637 3.2739627000000002 -0.093835026 -2.2832283
60853 47553.0 -11641.234 -11062.984 -19163.850000000002 3.4061814 0.024594804 -2.0828134
60853 47973.0 -10185.542 -11027.794 -19994.889 3.5230858 0.142913 -1.8730347
60853 48393.0 -8684.0595 -10943.027 -20736.02 3.6241508 0.26058784 -1.6548354
60853 48813.0 -7143.536700000001 -10809.064 -21383.909 3.7089225000000003 0.37709052000000004 -1.4291962
60853 49233.0 -5570.8993 -10626.508 -21935.645 3.7770201 0.49189757 -1.1971313000000001
60853 49653.0 -3973.2174 -10396.18 -22388.746 3.8281376000000003 0.6044931400000001 -0.95968364
60853 50073.0 -2357.6735 -10119.115 -22741.175 3.8620455000000002 0.71437133 -0.7179203599999999
60853 50493.0 -731.5302800000001 -9796.5578 -22991.347 3.8785912 0.82103847 -0.47292783
60853 50913.0 897.90165 -9429.9592 -23138.136000000002 3.8777002000000005 0.92401528 -0.22580694
60853 51333.0 2523.2969 -9020.9665 -23180.882 3.8593763 1.0228391000000001 0.022331861
60853 51753.0 4137.3482 -8571.418 -23119.391 3.8237013 1.1170657000000002 0.27037352
60853 52173.0 5732.798900000001 -8083.3342999999995 -22953.938000000002 3.770835 1.2062717 0.5172033500000001
60853 52593.0 7302.4757 -7558.909000000001 -22685.265 3.7010142999999998 1.2900561000000001 0.7617120300000001
60853 53013.0 8839.320800000001 -7000.4991 -22314.579 3.6145524 1.3680422 1.0028005
60853 53433.0 10336.424 -6410.6145 -21843.543 3.5118369 1.4398792 1.2393851
60853 53853.0 11787.052 -5791.9068 -21274.275 3.3933287 1.505244 1.4704021
60853 54273.0 13184.683 -5147.157 -20609.331000000002 3.2595597 1.5638426 1.6948125
60853 54693.0 14523.03 -4479.263400000001 -19851.699 3.1111302000000003 1.6154110000000002 1.9116071
60853 55113.0 15796.074 -3791.2289 -19004.785 2.9487063 1.6597168999999998 2.1198105999999997
60853 55533.0 16998.083 -3086.1448 -18072.387 2.7730205000000003 1.6965613000000002 2.3184853
60853 55953.0 18123.659 -2367.1844 -17058.711 2.5848568000000003 1.7257771 2.5067388
60853 56373.0 19167.734 -1637.5788 -15968.305 2.3850634 1.747233 2.6837226999999997
60853 56793.0 20125.61 -900.60883 -14806.073 2.1745381000000004 1.7608320000000002 2.8486401000000003
60853 57213.0 20992.976 -159.58871 -13577.241 1.9542273000000001 1.7665123 3.0007482
60853 57633.0 21765.929 582.14908 -12287.334 1.7251216999999999 1.764248 3.1393619
60853 58053.0 22440.991 1321.2686 -10942.154 1.4882519 1.754049 3.2638566
60853 58473.0 23015.123 2054.4455000000003 -9547.7504 1.2446833 1.7359606 3.3736713000000003
60853 58893.0 23485.741 2778.3822000000005 -8110.3951 0.9955118900000001 1.7100641 3.4683110000000004
60853 59313.0 23850.726 3489.8223 -6636.5537 0.74185907 1.6764757 3.5473493
60853 59733.0 24108.435 4185.5659 -5132.8561 0.48486647 1.6353464 3.6104297
60853 60153.0 24257.708 4862.4833 -3606.067 0.2256909 1.5868612000000002 3.657268
60853 60573.0 24297.873 5517.5299 -2063.0548 -0.034500898999999995 1.5312383 3.6876531
60853 60993.0 24228.749 6147.759099999999 -510.76135 -0.29453756 1.468728 3.701448
60853 61413.0 24050.647 6750.3364 1043.8299 -0.5532484 1.3996119000000002 3.6985907000000005
60853 61833.0 23764.369 7322.5517 2593.725 -0.80946874 1.324201 3.6790943000000005
60853 62253.0 23371.203 7861.8315 4131.9516 -1.0620452 1.2428352 3.643047
60853 62673.0 22872.920000000002 8365.7507 5651.5898 -1.3098408 1.1558808 3.5906114
60853 63093.0 22271.763 8832.043599999999 7145.8036 -1.5517403 1.0637292999999999 3.5220241999999997
60853 63513.0 21570.436 9258.613800000001 8607.8719 -1.7866552999999998 0.96679594 3.437595
60853 63933.0 20772.098 9643.543800000001 10031.218 -2.0135288 0.86551705 3.3377045
60853 64353.0 19880.341 9985.103500000001 11409.442000000001 -2.2313403 0.76034867 3.2228033000000003
60853 64773.0 18899.178 10281.758 12736.344000000001 -2.4391104 0.6517642499999999 3.0934093
60853 65193.0 17833.025 10532.176 14005.958 -2.6359048 0.54025255 2.9501058
60853 65613.0 16686.679 10735.231 15212.575 -2.8208392 0.42631536999999997 2.7935385999999998
60853 66033.0 15465.297 10890.013 16350.772 -2.9930825 0.31046535999999997 2.6244128
60853 66453.0 14174.375 10995.827000000001 17415.431 -3.1518611 0.19322362 2.4434902000000003
60853 66873.0 12819.719000000001 11052.199 18401.766 -3.2964622 0.07511744299999999 2.2515853000000003
60853 67293.0 11407.423 11058.879 19305.345 -3.4262366 -0.043322137 2.0495619
60853 67713.0 9943.837800000001 11015.837 20122.108 -3.540602 -0.1615627 1.8383289
60853 68133.0 8435.546400000001 10923.268 20848.385000000002 -3.6390456 -0.27907283 1.6188367000000001
60853 68553.0 6889.3307 10781.592 21480.913 -3.7211260000000004 -0.39532449000000003 1.3920724
60853 68973.0 5312.1432 10591.445 22016.851 -3.7864754 -0.5097954100000001 1.1590555999999999
60853 69393.0 3711.0750000000003 10353.685 22453.791 -3.8348012 -0.62197138 0.92083371
60853 69813.0 2093.3241000000003 10069.381 22789.772 -3.8658872000000004 -0.73134858 0.67847754
60853 70233.0 466.16314 9739.812800000002 23023.286 -3.8795946 -0.83743582 0.43307617
60853 70653.0 -1163.0934 9366.4624 23153.284 -3.8758624 -0.93975671 0.18573225
60853 71073.0 -2787.1218 8951.0089 23179.184 -3.8547081 -1.0378517999999999 -0.062442974
60853 71493.0 -4398.6221 8495.320300000001 23100.872 -3.8162271000000003 -1.1312806 -0.31033458
60853 71913.0 -5990.3507 8001.4453 22918.699 -3.7605926 -1.2196236 -0.5568289700000001
60853 72333.0 -7555.1530999999995 7471.6041 22633.486 -3.6880547000000004 -1.3024841 -0.80081885
60853 72753.0 -9085.9955 6908.178400000001 22246.515 -3.5989392 -1.3794899 -1.0412081
60853 73173.0 -10575.997 6313.7008 21759.526 -3.4936464000000003 -1.4502952 -1.2769169
60853 73593.0 -12018.459 5690.8432 21174.709 -3.3726491000000003 -1.5145819 -1.506886
60853 74013.0 -13406.899 5042.4052 20494.691 -3.2364906 -1.572061 -1.7300823
60853 74433.0 -14735.074 4371.3013 19722.528000000002 -3.0857823 -1.6224743000000001 -1.9455026
60853 74853.0 -15997.014000000001 3680.5478 18861.693 -2.9212008000000003 -1.6655951 -2.1521787
60853 75273.0 -17187.044 2973.2497000000003 17916.053 -2.7434854 -1.7012293 -2.3491815000000003
60853 75693.0 -18299.814000000002 2252.5860000000002 16889.859 -2.5534341 -1.7292166 -2.5356253000000004
60853 76113.0 -19330.321 1521.7961 15787.723 -2.3519006 -1.7494310000000002 -2.7106716000000004
60853 76533.0 -20273.93 784.1650400000001 14614.601 -2.1397903 -1.7617813000000002 -2.8735331
60853 76953.0 -21126.397 43.008726 13375.764000000001 -1.9180563 -1.7662117000000002 -3.0234769000000004
60853 77373.0 -21883.889 -698.341 12076.783 -1.687695 -1.7627019000000002 -3.1598283
60853 77793.0 -22542.998 -1436.5513 10723.498 -1.4497418 -1.7512675 -3.2819737
60853 78213.0 -23100.759000000002 -2168.3032000000003 9321.9916 -1.2052665 -1.7319594 -3.3893632
60853 78633.0 -23554.663 -2890.3068 7878.5665 -0.95536805 -1.7048642999999999 -3.4815131000000004
60853 79053.0 -23902.666 -3599.3159 6399.712500000001 -0.70117034 -1.6701038000000001 -3.5580085
60853 79473.0 -24143.204 -4292.1426 4892.0796 -0.44381651 -1.627834 -3.6185047
60853 79893.0 -24275.192 -4965.6717 3362.447 -0.18446405999999999 -1.5782448 -3.6627291
60853 80313.0 -24298.037 -5616.8746 1817.6933999999999 0.07572041400000001 -1.5215591 -3.6904825000000003
60853 80733.0 -24211.634000000002 -6242.8233 264.76553 0.33556648 -1.4580318 -3.7016396
60853 81153.0 -24016.372 -6840.7033 -1289.353 0.5939052100000001 -1.3879485999999999 -3.6961500000000003
60853 81573.0 -23713.128 -7407.8263 -2837.6730000000002 0.84957444 -1.3116246 -3.6740383000000003
60853 81993.0 -23303.265 -7941.6422 -4373.2316 1.101424 -1.2294033 -3.6354039
60853 82413.0 -22788.625 -8439.7511 -5889.1231 1.3483209 -1.1416545 -3.5804206
60853 82833.0 -22171.524 -8899.9133 -7378.530400000001 1.5891546 -1.0487729 -3.5093359
60853 83253.0 -21454.736 -9320.0601 -8834.7555 1.8228419 -0.95117643 -3.4224699000000003
60853 83673.0 -20641.485 -9698.302800000001 -10251.25 2.0483316 -0.8493041100000001 -3.3202134
60853 84093.0 -19735.427 -10032.941 -11621.644 2.2646099 -0.7436141900000001 -3.2030268
60853 84513.0 -18740.638 -10322.471 -12939.776 2.4707042 -0.63458206 -3.0714375
60853 84933.0 -17661.591 -10565.591 -14199.718 2.6656879 -0.5226980800000001 -2.9260376999999997
60853 85353.0 -16503.139 -10761.208 -15395.805 2.8486846999999997 -0.40846542 -2.7674816
60853 85773.0 -15270.49 -10908.445 -16522.66 3.0188719 -0.29239771999999997 -2.5964825
60853 86193.0 -13969.187 -11006.638 -17575.216 3.1754849 -0.17501681 -2.4138096
60854 213.0 -12605.082 -11055.349 -18548.741 3.3178199 -0.056850374 -2.2202846
60854 633.0 -11184.307 -11054.357 -19438.857 3.4452375 0.061570444 -2.0167777
60854 1053.0 -9713.2511 -11003.669 -20241.564000000002 3.5571652 0.17971341000000002 -1.8042038
60854 1473.0 -8198.5276 -10903.511 -20953.253 3.6531004 0.29704761 -1.5835188
60854 1893.0 -6646.946400000001 -10754.336 -21570.723 3.7326122 0.41304578 -1.3557144
60854 2313.0 -5065.483 -10556.813 -22091.2 3.7953433 0.52718672 -1.1218146999999998
60854 2733.0 -3461.2471 -10311.831 -22512.341 3.841012 0.63895758 -0.88287081
60854 3153.0 -1841.4507 -10020.491 -22832.255 3.8694131000000005 0.74785618 -0.63995649
60854 3573.0 -213.3758 -9684.1021 -23049.502 3.8804189 0.85339324 -0.39416332
60854 3993.0 1415.6585 -9304.177300000001 -23163.104 3.8739796 0.95509456 -0.1465958
60854 4413.0 3038.3284 -8882.4237 -23172.55 3.8501239000000003 1.0525031 0.1016336
60854 4833.0 4647.3387999999995 -8420.737000000001 -23077.795000000002 3.8089585 1.1451812000000001 0.34940941
60854 5253.0 6235.4557 -7921.1922 -22879.265 3.7506679 1.2327123 0.5956181
60854 5673.0 7795.538500000001 -7386.0345 -22577.850000000002 3.6755133 1.3147028 0.83915311
60854 6093.0 9320.572699999999 -6817.6692 -22174.904000000002 3.5838318 1.3907842000000001 1.0789198
60854 6513.0 10803.701000000001 -6218.6511 -21672.236 3.4760346 1.4606142 1.3138401
60854 6933.0 12238.253 -5591.6726 -21072.105 3.3526053000000005 1.5238787 1.542858
60854 7353.0 13617.778 -4939.5521 -20377.206000000002 3.214098 1.580293 1.7649434000000002
60854 7773.0 14936.071 -4265.2212 -19590.663 3.0611344 1.6296031 1.9790974000000001
60854 8193.0 16187.207 -3571.7116 -18716.013 2.8943996000000003 1.6715868 2.1843576
60854 8613.0 17365.553 -2862.1426 -17757.188000000002 2.7146446 1.7060545 2.3797979000000002
60854 9033.0 18465.803 -2139.7016000000003 -16718.488 2.5226781000000003 1.7328516999999999 2.5645402
60854 9453.0 19483.013 -1407.6383 -15604.589 2.3193612 1.751857 2.7377527
60854 9873.0 20412.606 -669.24476 -14420.499 2.1056079 1.7629844000000001 2.8986553
60854 10293.0 21250.397 72.15845200000001 -13171.544 1.8823792000000001 1.7661833999999998 3.0465234999999997
60854 10713.0 21992.618000000002 813.23706 -11863.338 1.6506788 1.7614392 3.1806911
60854 11133.0 22635.927 1550.6581 -10501.766 1.4115491 1.7487727 3.3005533999999996
60854 11553.0 23177.429 2281.1048 -9092.9518 1.1660658000000002 1.7282407000000002 3.4055705
60854 11973.0 23614.687 3001.2918 -7643.231900000001 0.91533349 1.6999351 3.4952689
60854 12393.0 23945.733 3707.9796 -6159.1275000000005 0.66048065 1.6639831999999999 3.5692444
60854 12813.0 24169.075 4397.9897 -4647.3148 0.40265434 1.6205467000000002 3.6271634
60854 13233.0 24283.708 5068.2182 -3114.5950000000003 0.14301514 1.5698208 3.668765
60854 13653.0 24289.117000000002 5715.6505 -1567.8633 -0.1172681 1.512034 3.6938617
60854 14073.0 24185.277000000002 6337.3745 -14.078059999999999 -0.37702363000000005 1.4474463000000002 3.7023403
60854 14493.0 23972.655 6930.5938 1539.7703999999999 -0.63508205 1.3763485000000002 3.6941629
60854 14913.0 23652.209 7492.6405 3086.6918 -0.8902816400000001 1.2990609 3.6693665
60854 15333.0 23225.38 8020.986900000001 4619.726900000001 -1.1414736 1.2159313999999999 3.628063
60854 15753.0 22694.09 8513.257300000001 6131.9795 -1.3875274 1.1273345 3.5704391
60854 16173.0 22060.731 8967.2382 7616.646900000001 -1.6273356 1.0336692 3.4967546000000005
60854 16593.0 21328.154 9380.8887 9067.0511 -1.8598192 0.93535718 3.4073420999999997
60854 17013.0 20499.655 9752.3496 10476.669 -2.0839323 0.83284124 3.3026048
60854 17433.0 19578.964 10079.951000000001 11839.16 -2.2986668 0.72658289 3.1830151
60854 17853.0 18570.223 10362.222 13148.397 -2.5030573 0.61706046 3.0491118999999998
60854 18273.0 17477.973 10597.894 14398.494 -2.6961848 0.50476688 2.9014987999999997
60854 18693.0 16307.127 10785.909 15583.829 -2.8771814 0.39020747 2.7408408
60854 19113.0 15062.953 10925.423 16699.075 -3.0452339000000004 0.2738976 2.5678616
60854 19533.0 13751.048 11015.811 17739.217 -3.1995877 0.15636043000000002 2.3833401
60854 19953.0 12377.314 11056.668 18699.581000000002 -3.3395497 0.038124549 2.1881071000000003
60854 20373.0 10947.93 11047.812 19575.850000000002 -3.4644917 -0.080278473 1.983041
60854 20793.0 9469.323 10989.285 20364.088 -3.5738531 -0.19831641 1.7690647
60854 21213.0 7948.143400000001 10881.352 21060.752 -3.6671436 -0.31545878 1.5471405
60854 21633.0 6391.2312 10724.499 21662.712 -3.743945 -0.43117923 1.3182665
60854 22053.0 4805.5867 10519.433 22167.266 -3.8039131000000004 -0.5449579 1.0834717
60854 22473.0 3198.3388 10267.078 22572.147 -3.8467796 -0.6562837100000001 0.84381154
60854 22893.0 1576.7132 9968.5685 22875.538 -3.8723527 -0.7646566699999999 0.60036314
60854 23313.0 -52.000093 9625.248 23076.075 -3.8805183000000003 -0.86959011 0.35422046
60854 23733.0 -1680.4797 9238.6604 23172.86 -3.8712404 -0.97061282 0.10648944
60854 24153.0 -3301.4055 8810.544300000001 23165.46 -3.8445612000000002 -1.0672712 -0.14171693999999999
60854 24573.0 -4907.491400000001 8342.8245 23053.908 -3.8006010000000003 -1.1591312 -0.38928364
60854 24993.0 -6491.5183 7837.6038 22838.707000000002 -3.7395574000000003 -1.2457802999999998 -0.63509853
60854 25413.0 -8046.3661 7297.153200000001 22520.825 -3.6617049 -1.3268294 -0.87805734
60854 25833.0 -9565.045800000002 6723.9022 22101.691 -3.5673931 -1.4019145000000002 -1.1170686
60854 26253.0 -11040.731 6120.4274000000005 21583.19 -3.4570455000000004 -1.4706983 -1.3510585000000002
60854 26673.0 -12466.788 5489.4412 20967.652000000002 -3.3311578 -1.5328718 -1.5789758
60854 27093.0 -13836.807 4833.7798 20257.844 -3.1902950000000003 -1.5881555 -1.7997962
60854 27513.0 -15144.628 4156.3901000000005 19456.956000000002 -3.0350897 -1.636301 -2.0125274
60854 27933.0 -16384.371 3460.3167000000003 18568.588 -2.8662389 -1.6770918 -2.2162131
60854 28353.0 -17550.464 2748.6885 17596.732 -2.6845008 -1.7103442 -2.4099377
60854 28773.0 -18637.662 2024.704 16545.757 -2.4906916000000003 -1.7359087 -2.5928299000000004
60854 29193.0 -19641.076 1291.6178 15420.387 -2.2856821 -1.7536701000000001 -2.7640674
60854 29613.0 -20556.195 552.72499 14225.68 -2.0703931 -1.7635482 -2.9228797
60854 30033.0 -21378.903000000002 -188.65262 12967.008 -1.8457922000000002 -1.7654982000000001 -3.0685523
60854 30453.0 -22105.498 -929.1821600000001 11650.028 -1.6128886 -1.7595112 -3.2004296
60854 30873.0 -22732.713 -1665.5344 10280.662 -1.3727293999999999 -1.7456137 -3.317918
60854 31293.0 -23257.726 -2394.3987 8865.0655 -1.1263941 -1.7238679 -3.4204886
60854 31713.0 -23678.175 -3112.4982000000005 7409.604700000001 -0.8749904199999999 -1.6943713 -3.5076793
60854 32133.0 -23992.167 -3816.6039 5920.8234 -0.61964882 -1.6572564 -3.5790974
60854 32553.0 -24198.289 -4503.550200000001 4405.4164 -0.36151772 -1.6126898 -3.6344213
60854 32973.0 -24295.614 -5170.2480000000005 2870.198 -0.10175816 -1.5608719000000002 -3.6734016
60854 33393.0 -24283.702 -5813.6998 1322.0721 0.15846137 -1.5020355 -3.6958625
60854 33813.0 -24162.606 -6431.0122 -231.99920000000003 0.41797025000000004 -1.4364453000000001 -3.7017027
60854 34233.0 -23932.87 -7019.4095 -1785.0271 0.67560105 -1.3643961999999998 -3.6908957
60854 34653.0 -23595.526 -7576.246 -3330.0275 0.93019476 -1.2862124 -3.6634901
60854 35073.0 -23152.092 -8099.0181 -4860.052 1.180606 -1.2022454 -3.6196091999999997
60854 35493.0 -22604.56 -8585.375300000002 -6368.2199 1.4257084 -1.1128732000000001 -3.5594504000000002
60854 35913.0 -21955.394 -9033.131 -7847.749 1.6643994 -1.0184976000000001 -3.4832845000000003
60854 36333.0 -21207.513 -9440.2722 -9291.9856 1.8956054 -0.91954338 -3.3914544
60854 36753.0 -20364.279 -9804.9687 -10694.435 2.1182865000000004 -0.8164556000000001 -3.2843735
60854 37173.0 -19429.486 -10125.581 -12048.791000000001 2.3314415 -0.7096979700000001 -3.1625237000000004
60854 37593.0 -18407.337 -10400.668 -13348.964 2.5341119 -0.5997507000000001 -3.0264534
60854 38013.0 -17302.428 -10628.994 -14589.107 2.7253865999999998 -0.48710825 -2.8767750000000003
60854 38433.0 -16119.728000000001 -10809.533 -15763.644 2.9044058 -0.37227717000000005 -2.714162
60854 38853.0 -14864.555 -10941.473 -16867.294 3.070365 -0.25577378 -2.5393459
60854 39273.0 -13542.554 -11024.222 -17895.096 3.2225185 -0.13812186 -2.3531131000000003
60854 39693.0 -12159.669 -11057.409 -18842.428 3.3601826000000004 -0.019850295 -2.156301
60854 40113.0 -10722.116 -11040.884 -19705.031 3.4827388000000004 0.09850932600000001 -1.9497949
60854 40533.0 -9236.3606 -10974.723 -20479.028000000002 3.5896367000000002 0.21642506 -1.734523
60854 40953.0 -7709.0813 -10859.223 -21160.939000000002 3.6803962 0.33336701 -1.5114532
60854 41373.0 -6147.1446 -10694.905 -21747.697 3.7546095 0.44880972 -1.2815881
60854 41793.0 -4557.5728 -10482.506 -22236.666 3.8119433 0.56223446 -1.0459609
60854 42213.0 -2947.5117999999998 -10222.981 -22625.646 3.8521402 0.67313162 -0.8056304400000001
60854 42633.0 -1324.1998999999998 -9917.4987 -22912.888 3.8750193 0.7810029500000001 -0.56167677
60854 43053.0 305.06521999999995 -9567.4305 -23097.101 3.8804779 0.8853637700000001 -0.31519611
60854 43473.0 1932.9588 -9174.350400000001 -23177.454 3.8684911000000004 0.9857451700000001 -0.06729602800000001
60854 43893.0 3552.1625 -8740.025 -23153.587 3.8391124 1.0816960999999998 0.18090949
60854 44313.0 5155.3964000000005 -8266.4064 -23025.604 3.7924733 1.1727852 0.42830506
60854 44733.0 6735.4525 -7755.6234 -22794.079 3.728783 1.2586033 0.67377886
60854 45153.0 8285.2266 -7209.9717 -22460.053 3.6483269000000003 1.3387644 0.91622758
60854 45573.0 9797.7501 -6631.9039 -22025.024 3.5514658 1.4129081000000001 1.1545614000000002
60854 45993.0 11266.222 -6024.0182 -21490.948 3.4386343000000004 1.4807009 1.3877088000000002
60854 46413.0 12684.038 -5389.0471 -20860.222 3.3103388000000002 1.5418379 1.6146215
60854 46833.0 14044.822 -4729.8449 -20135.681 3.1671549 1.5960437 1.8342789000000002
60854 47253.0 15342.453 -4049.3751 -19320.582000000002 3.0097257 1.6430745 2.0456929
60854 47673.0 16571.083 -3350.6914 -18418.566 2.8387591000000003 1.6827201 2.2479164000000003
60854 48093.0 17725.212 -2636.9462000000003 -17433.733 2.6550193 1.7147979 2.4400317
60854 48513.0 18799.63 -1911.3418000000001 -16370.48 2.4593355999999997 1.7391655000000001 2.6211777
60854 48933.0 19789.505 -1177.1422 -15233.594000000001 2.2525863 1.7557127000000001 2.7905387
60854 49353.0 20690.383 -437.64871999999997 -14028.185 2.0357008000000003 1.7643644 2.9473522
60854 49773.0 21498.211 303.81293 -12759.674 1.8096542 1.7650815 3.0909119
60854 50193.0 22209.352 1043.9082 -11433.765 1.5754632 1.7578601 3.2205708
60854 50613.0 22820.607 1779.3084 -10056.422 1.3341812 1.7427325 3.3357449000000003
60854 51033.0 23329.223 2506.7059 -8633.840199999999 1.0868937 1.7197664 3.4359151000000003
60854 51453.0 23732.913 3222.8291000000004 -7172.4177 0.8347137 1.6890649000000002 3.5206299
60854 51873.0 24029.857 3924.4567 -5678.728700000001 0.578776 1.6507660000000002 3.5895074
60854 52293.0 24218.72 4608.4328 -4159.4925 0.32023267 1.6050418 3.6422371
60854 52713.0 24298.65 5271.6809 -2621.5438 0.060247538 1.5520981999999999 3.6785815
60854 53133.0 24269.289 5911.2177 -1071.8013 -0.20000898 1.4921733 3.6983767
60854 53553.0 24130.769 6524.1668 482.76295000000005 -0.45936523 1.425537 3.7015336000000003
60854 53973.0 23883.712 7107.7711 2035.1553000000001 -0.71665363 1.3524894 3.6880382
60854 54393.0 23529.232 7659.4062 3578.3919 -0.97071595 1.2733594000000001 3.6579515000000002
60854 54813.0 23068.923 8176.5913 5105.530400000001 -1.2204086 1.1885033 3.6114094
60854 55233.0 22504.858 8657.000800000002 6609.701099999999 -1.4646077 1.0983034 3.548622
60854 55653.0 21839.575 9098.474699999999 8084.137900000001 -1.7022144000000001 1.0031658 3.4698726000000004
60854 56073.0 21076.07 9499.0286 9522.2088 -1.9321595 0.90351896 3.3755165000000003
60854 56493.0 20217.779 9856.8621 10917.446 -2.1534088000000002 0.7998115400000001 3.2659792000000003
60854 56913.0 19268.564000000002 10170.367 12263.575 -2.3649671 0.69251043 3.1417546
60854 57333.0 18232.697 10438.135 13554.542 -2.5658832000000005 0.58209863 3.0034027
60854 57753.0 17114.839 10658.964 14784.542 -2.755254 0.46907305000000005 2.8515468999999998
60854 58173.0 15920.019 10831.862000000001 15948.046 -2.9322286 0.35394224 2.6868713
60854 58593.0 14653.614 10956.053 17039.823 -3.0960119 0.2372241 2.5101176
60854 59013.0 13321.319 11030.981 18054.965 -3.2458685000000003 0.11944362 2.3220817
60854 59433.0 11929.128 11056.311 18988.91 -3.3811256 0.0011304087 2.12361
60854 59853.0 10483.303 11031.931 19837.461 -3.5011761999999997 -0.11718365 1.9155955
60854 60273.0 8990.3449 10957.951000000001 20596.805 -3.6054819000000005 -0.23496677 1.6989742
60854 60693.0 7456.9681 10834.707 21263.531 -3.6935749 -0.35168966 1.4747203
60854 61113.0 5890.067400000001 10662.754 21834.643 -3.7650605 -0.46682788000000003 1.2438423
60854 61533.0 4296.687599999999 10442.866 22307.576 -3.8196183 -0.57986421 1.007378
60854 61953.0 2683.9924 10176.033 22680.207000000002 -3.8570043000000003 -0.69029095 0.76639038
60854 62373.0 1059.2318 9863.4565 22950.862 -3.8770513 -0.7976121500000001 0.5219624
60854 62793.0 -570.29037 9506.5415 23118.328 -3.87967 -0.9013458799999999 0.27519239
60854 63213.0 -2197.2491 9106.8935 23181.851 -3.8648493 -1.0010263 0.027189071
60854 63633.0 -3814.3313 8666.3096 23141.15 -3.8326562 -1.0962059 -0.2209334
60854 64053.0 -5414.268099999999 8186.7706 22996.407 -3.7832356000000003 -1.1864572 -0.46806038
60854 64473.0 -6989.8681 7670.4323 22748.274 -3.7168098 -1.271375 -0.7130817100000001
60854 64893.0 -8534.0491 7119.6158 22397.867000000002 -3.6336773 -1.3505779 -0.9548966900000001
60854 65313.0 -10039.87 6536.7969 21946.762 -3.5342114000000002 -1.4237101 -1.1924190000000001
60854 65733.0 -11500.562 5924.5953 21396.986 -3.4188588 -1.4904431 -1.4245814
60854 66153.0 -12909.559000000001 5285.7627 20751.010000000002 -3.2881374 -1.5504772 -1.6503409
60854 66573.0 -14260.528 4623.1703 20011.738 -3.1426342 -1.6035424 -1.8686829
60854 66993.0 -15547.394 3939.7963 19182.492000000002 -2.9830025 -1.6494001 -2.0786260000000003
60854 67413.0 -16764.372 3238.7122999999997 18267.0 -2.8099591 -1.6878442 -2.2792266
60854 67833.0 -17905.99 2523.0694 17269.376 -2.6242812 -1.7187017 -2.4695828
60854 68253.0 -18967.116 1796.0846000000001 16194.105 -2.4268027 -1.7418335999999999 -2.6488384000000003
60854 68673.0 -19942.977 1061.0256000000002 15046.019 -2.2184109 -1.7571356 -2.8161873
60854 69093.0 -20829.184 321.19674 13830.28 -2.0000419 -1.7645386 -2.9708767
60854 69513.0 -21621.752 -420.07610999999997 12552.353000000001 -1.7726771000000001 -1.7640091 -3.1122104
60854 69933.0 -22317.116 -1159.4605 11217.982 -1.5373382999999998 -1.7555491 -3.2395522999999997
60854 70353.0 -22912.148 -1893.6322 9833.168300000001 -1.2950834 -1.7391963000000001 -3.3523292000000002
60854 70773.0 -23404.170000000002 -2619.2905 8404.136400000001 -1.0470015000000001 -1.7150241000000002 -3.4500333000000003
60854 71193.0 -23790.969 -3333.1727 6937.312400000001 -0.79420821 -1.6831407 -3.5322246
60854 71613.0 -24070.805 -4032.069 5439.291700000001 -0.5378402999999999 -1.6436895 -3.5985328
60854 72033.0 -24242.416 -4712.837 3916.8106000000002 -0.27905083 -1.5968475000000002 -3.6486590999999997
60854 72453.0 -24305.031 -5372.415599999999 2376.7155000000002 -0.019003809 -1.5428254 -3.6823777
60854 72873.0 -24258.367000000002 -6007.838900000001 825.93211 0.24113093000000002 -1.481866 -3.6995365000000002
60854 73293.0 -24102.633 -6616.25 -728.56557 0.50018317 -1.4142435 -3.7000580000000003
60854 73713.0 -23838.528000000002 -7194.9131 -2279.7867 0.75698753 -1.3402619 -3.6839397
60854 74133.0 -23467.24 -7741.2262 -3820.7552 1.0103887 -1.2602541 -3.6512541
60854 74553.0 -22990.438000000002 -8252.7331 -5344.541 1.2592467 -1.17458 -3.6021482000000002
60854 74973.0 -22410.266 -8727.1339 -6844.2915 1.5024422 -1.0836249 -3.5368431
60854 75393.0 -21729.332000000002 -9162.295900000001 -8313.2621 1.7388811000000002 -0.98779823 -3.4556326
60854 75813.0 -20950.7 -9556.2627 -9744.8469 1.9675001 -0.8875309 -3.3588823000000003
60854 76233.0 -20077.871 -9907.2632 -11132.608 2.1872710000000004 -0.783274 -3.2470278
60854 76653.0 -19114.77 -10213.72 -12470.306 2.3972056 -0.67549649 -3.1205725
60854 77073.0 -18065.728 -10474.255000000001 -13751.924 2.5963600000000002 -0.56468314 -2.9800855000000004
60854 77493.0 -16935.462 -10687.698 -14971.701000000001 2.7838389 -0.45133229999999996 -2.8261989
60854 77913.0 -15729.056 -10853.09 -16124.152 2.9587996 -0.33595368000000003 -2.6596052
60854 78333.0 -14451.934000000001 -10969.688 -17204.096 3.1204559 -0.21906604999999998 -2.4810538
60854 78753.0 -13109.838 -11036.968 -18206.676 3.2680813 -0.1011949 -2.2913476999999998
60854 79173.0 -11708.803 -11054.628 -19127.385000000002 3.4010127000000003 0.017129928 -2.0913402000000003
60854 79593.0 -10255.128 -11022.59 -19962.085 3.5186528 0.13537659999999999 -1.8819306
60854 80013.0 -8755.3495 -10940.997 -20707.022 3.6204732 0.25301372 -1.6640603
60854 80433.0 -7216.2098 -10810.218 -21358.848 3.7060166 0.36951263 -1.4387088000000001
60854 80853.0 -5644.6285 -10630.839 -21914.632 3.7748988 0.48434988 -1.2068889
60854 81273.0 -4047.6710000000003 -10403.669 -22371.875 3.8268103 0.5970094800000001 -0.96964256
60854 81693.0 -2432.5167 -10129.727 -22728.521 3.8615180000000002 0.70698525 -0.72803595
60854 82113.0 -806.42669 -9810.2462 -22982.967 3.8788658000000003 0.8137830699999999 -0.48315477
60854 82533.0 823.2888100000001 -9446.661699999999 -23134.067 3.8787755 0.91692309 -0.23609943000000003
60854 82953.0 2449.3031 -9040.6079 -23181.141 3.8612474000000003 1.0159419 0.012019892
60854 83373.0 4064.306 -8593.9099 -23123.977 3.8263598 1.1103944 0.26008823000000003
60854 83793.0 5661.0365 -8108.575400000001 -22962.83 3.7742689 1.1998563 0.50699078
60854 84213.0 7232.3157 -7586.7857 -22698.423 3.7052083 1.2839253000000002 0.7516178800000001
60854 84633.0 8771.0787 -7030.8862 -22331.944 3.6194876 1.3622234000000002 0.99287001
60854 85053.0 10270.406 -6443.375400000001 -21865.037 3.5174913 1.4343987 1.2296626000000002
60854 85473.0 11723.557 -5826.8940999999995 -21299.801 3.3996769000000002 1.5001264 1.4609312
60854 85893.0 13123.994 -5184.213400000001 -20638.774 3.2665733 1.5591108 1.6856356000000001
60854 86313.0 14465.421 -4518.222400000001 -19884.927 3.1187777999999997 1.6110863 1.9027654
60855 333.0 15741.804 -3831.9153 -19041.649 2.9569542 1.6558188 2.1113434000000004
60855 753.0 16947.406 -3128.3802 -18112.739 2.7818345 1.6931048000000002 2.3104232000000002
60855 1173.0 18076.796000000002 -2410.7755 -17102.356 2.5941947 1.7227804000000002 2.4991252
60855 1593.0 19124.896 -1682.3295 -16015.048 2.3948835 1.7447095 2.6765918
60855 2013.0 20086.989 -946.3180500000001 -14855.704 2.1847965 1.7587929999999998 2.8420239
60855 2433.0 20958.748 -206.05086 -13629.537 1.9648783 1.7649672 2.9946765
60855 2853.0 21736.249 535.14298 -12342.061 1.7361177 1.7632039 3.133862
60855 3273.0 22415.993000000002 1273.93 -10999.067000000001 1.4995437 1.7535105000000002 3.2589532
60855 3693.0 22994.921000000002 2006.9875 -9606.593 1.2562204 1.7359305 3.3693867
60855 4113.0 23470.426 2731.0184 -8170.9038 1.0072428 1.7105425 3.4646646999999997
60855 4533.0 23840.37 3442.7659 -6698.4569 0.75373113 1.6774607000000001 3.5443577
60855 4953.0 24103.085 4139.0289 -5195.8758 0.49682652000000005 1.6368337 3.6081066
60855 5373.0 24257.391 4816.6753 -3669.9201000000003 0.23768532 1.5888442 3.6556241000000003
60855 5793.0 24302.591 5472.6573 -2127.4543 -0.022525922 1.5337082 3.686696
60855 6213.0 24238.483 6104.0243 -575.41775 -0.28263581 1.4716739 3.7011823
60855 6633.0 24065.355 6707.9366 979.2074 -0.54147336 1.4030206 3.699018
60855 7053.0 23783.987 7281.6781 2529.4273 -0.79787338 1.3280574 3.6802129
60855 7473.0 23395.645 7822.6686 4068.2681000000002 -1.0506817000000002 1.247122 3.6448521
60855 7893.0 22902.077 8328.475400000001 5588.8072999999995 -1.2987604 1.1605787 3.5930952000000005
60855 8313.0 22305.505 8796.8241 7084.205 -1.5409929 1.0688174 3.5251759000000003
60855 8733.0 21608.614 9225.609199999999 8547.734900000001 -1.7762894 0.9722512799999999 3.4414006
60855 9153.0 20814.541 9612.903300000002 9972.814300000002 -2.0035913 0.87131516 3.3421472
60855 9573.0 19926.86 9956.965699999999 11353.034 -2.2218760000000004 0.76646349 3.2278632
60855 9993.0 18949.565 10256.25 12682.187 -2.4301619999999997 0.65816829 3.099064
60855 10413.0 17887.055 10509.413 13954.296 -2.6275129 0.5469169700000001 2.9563299
60855 10833.0 16744.11 10715.317000000001 15163.643 -2.8130417000000003 0.43321019 2.8003042000000002
60855 11253.0 15525.872000000001 10873.038 16304.789 -2.9859148 0.31755951 2.6316896
60855 11673.0 14237.822 10981.868 17372.606 -3.1453557 0.20048515 2.4512455
60855 12093.0 12885.754 11041.319 18362.293 -3.2906486 0.082513643 2.2597842999999997
60855 12513.0 11475.749 11051.128 19269.403000000002 -3.4211411 -0.0358246 2.0581676000000004
60855 12933.0 10014.15 11011.25 20089.859 -3.5362478999999998 -0.15399761 1.8473027
60855 13353.0 8507.527900000001 10921.867 20819.975000000002 -3.6354526000000003 -0.27147429 1.6281381
60855 13773.0 6962.6585000000005 10783.383 21456.471 -3.7183104 -0.38772675 1.4016595
60855 14193.0 5386.488 10596.421 21996.487 -3.7844501 -0.50223272 1.1688852
60855 14613.0 3786.1028 10361.824 22437.599000000002 -3.8335755 -0.61447782 0.9308615
60855 15033.0 2168.6977 10080.647 22777.826 -3.8654668 -0.72395794 0.68865828
60855 15453.0 541.54377 9754.1553 23015.639 -3.8799814 -0.83018141 0.44336390999999997
60855 15873.0 -1088.0446000000002 9383.8174 23149.973 -3.877055 -0.93267122 0.19608056
60855 16293.0 -2712.7422 8971.2987 23180.224000000002 -3.8567011000000004 -1.0309672 -0.052080809000000006
60855 16713.0 -4325.246099999999 8518.454 23106.258 -3.8190116 -1.1246279 -0.30000535
60855 17133.0 -5918.3083 8027.3192 22928.409 -3.7641562 -1.2132328000000001 -0.54657933
60855 17553.0 -7484.7682 7500.1022 22647.476 -3.6923813 -1.2963839000000001 -0.79069509
60855 17973.0 -9017.5847 6939.1727 22264.722 -3.6040094 -1.3737079 -1.0312560000000002
60855 18393.0 -10509.868 6347.0521 21781.87 -3.4994375 -1.4448574 -1.2671813
60855 18813.0 -11954.91 5726.4017 21201.088 -3.3791349 -1.5095128 -1.4974111
60855 19233.0 -13346.214 5080.0113 20524.987 -3.2436419 -1.5673835999999999 -1.7209107
60855 19653.0 -14677.527 4410.786 19756.606 -3.0935668 -1.6182095 -1.9366759
60855 20073.0 -15942.863000000001 3721.7337 18899.398 -2.9295835 -1.6617621 -2.1437368
60855 20493.0 -17136.533 3015.9517 17957.216 -2.7524283 -1.6978454 -2.3411626
60855 20913.0 -18253.170000000002 2296.6122 16934.295000000002 -2.5628968 -1.7262971 -2.5280656
60855 21333.0 -19287.752 1566.9487 15835.232 -2.3618405 -1.7469889 -2.7036052
60855 21753.0 -20235.628 830.2410699999999 14664.968 -2.1501624 -1.7598277 -2.8669917999999996
60855 22173.0 -21092.535 89.80114900000001 13428.763 -1.9288137 -1.7647552000000002 -3.0174903
60855 22593.0 -21854.617000000002 -651.0424399999999 12132.175000000001 -1.698789 -1.7617491 -3.1544235
60855 23013.0 -22518.447 -1388.9591 10781.033 -1.4611223 -1.7508226 -3.277175
60855 23433.0 -23081.039 -2120.6312000000003 9381.4116 -1.216882 -1.7320244 -3.385192
60855 23853.0 -23539.862 -2842.7692 7939.6033 -0.9671661500000001 -1.7054388 -3.4779883000000003
60855 24273.0 -23892.849000000002 -3552.1262 6462.091200000001 -0.71309767 -1.6711851 -3.5551457
60855 24693.0 -24138.414 -4245.5126 4955.5193 -0.45581918000000005 -1.6294171 -3.6163168000000003
60855 25113.0 -24275.45 -4919.8107 3426.6621 -0.19648786999999998 -1.5803225 -3.6612258000000004
60855 25533.0 -24303.34 -5571.9885 1882.395 0.063729728 -1.5241220000000002 -3.6896702
60855 25953.0 -24221.957000000002 -6199.1135 329.6625 0.32366301 -1.4610682 -3.7015218
60855 26373.0 -24031.666 -6798.365900000001 -1224.5525 0.5821426199999999 -1.3914447 -3.696727
60855 26793.0 -23733.324 -7367.051 -2773.2604 0.8380057200000001 -1.3155645999999999 -3.6753072
60855 27213.0 -23328.269 -7902.611900000001 -4309.4962000000005 1.0901012 -1.2337692999999998 -3.6373587000000005
60855 27633.0 -22818.325 -8402.6405 -5826.3513 1.3372950000000001 -1.1464268 -3.5830523
60855 28053.0 -22205.783 -8864.8887 -7317.003900000001 1.5784752000000002 -1.05393 -3.5126323000000004
60855 28473.0 -21493.4 -9287.278300000002 -8774.7506 1.8125568 -0.9566950200000001 -3.4264159
60855 28893.0 -20684.377 -9667.910300000001 -10193.036 2.038487 -0.85515928 -3.3247910000000003
60855 29313.0 -19782.354 -10005.074 -11565.482 2.2552499 -0.74977955 -3.2082151
60855 29733.0 -18791.387 -10297.253 -12885.916000000001 2.4618707 -0.64102985 -3.0772129
60855 30153.0 -17715.933 -10543.136 -14148.403 2.6574205 -0.52939928 -2.932374
60855 30573.0 -16560.827 -10741.616 -15347.264000000001 2.8410202 -0.41538987 -2.7743501000000004
60855 30993.0 -15331.265 -10891.802 -16477.11 3.0118446 -0.29951429 -2.6038521
60855 31413.0 -14032.774 -10993.019 -17532.861 3.1691260000000003 -0.18229353 -2.4216471999999998
60855 31833.0 -12671.194 -11044.814 -18509.769 3.3121578 -0.06425456200000002 -2.2285547
60855 32253.0 -11252.647 -11046.953 -19403.444 3.4402973 0.054072029 -2.0254431
60855 32673.0 -9783.510300000002 -10999.427 -20209.867000000002 3.5529688999999998 0.17215442 -1.8132256
60855 33093.0 -8270.3897 -10902.452000000001 -20925.412 3.6496665 0.28946195 -1.5928563
60855 33513.0 -6720.0879 -10756.462 -21546.863 3.7299559 0.40546747 -1.3653258000000001
60855 33933.0 -5139.5748 -10562.114 -22071.426 3.7934763 0.51964973 -1.1316567
60855 34353.0 -3535.9557999999997 -10320.283 -22496.742000000002 3.8399424 0.6314956899999999 -0.89289938
60855 34773.0 -1916.4403 -10032.055 -22820.899 3.8691455 0.7405028300000001 -0.6501266600000001
60855 35193.0 -288.30914 -9698.7267 -23042.439000000002 3.8809543 0.84618137 -0.40442954
60855 35613.0 1341.1182 -9321.7956 -23160.365 3.8753155 0.94805647 -0.15691210000000003
60855 36033.0 2964.5163 -8902.956 -23174.146 3.8522541 1.0456703999999999 0.091313404
60855 36453.0 4574.5866 -8444.0905 -23083.719 3.8118733000000002 1.1385844 0.33913148000000004
60855 36873.0 6164.090200000001 -7947.2616 -22889.489 3.7543541 1.2263809 0.58542842
60855 37293.0 7725.880400000001 -7414.7024 -22592.327 3.6799544 1.3086653 0.8290972600000001
60855 37713.0 9252.935 -6848.8064 -22193.569 3.5890078 1.3850675000000001 1.0690427
60855 38133.0 10738.387 -6252.1174 -21695.004 3.4819223000000004 1.455244 1.3041861
60855 38553.0 12175.557 -5627.317400000001 -21098.873 3.3591783 1.5188791000000001 1.5334701
60855 38973.0 13557.982 -4977.215 -20407.854 3.2213269 1.5756864000000002 1.7558637000000001
60855 39393.0 14879.443000000001 -4304.7327000000005 -19625.052 3.0689867 1.6254101 1.9703665000000001
60855 39813.0 16134.012 -3612.8971 -18754.003 2.9028376 1.6678252 2.1760136
60855 40233.0 17316.084 -2904.8336 -17798.682 2.7236106 1.7027367 2.3718797
60855 40653.0 18420.21 -2183.6893999999998 -16763.214 2.5321561999999997 1.7299979 2.557081
60855 41073.0 19441.501 -1452.7249 -15652.345000000001 2.3293093 1.7494802999999999 2.7307863
60855 41493.0 20375.363 -715.22749 -14471.072 2.1159813 1.7610957 2.8922134
60855 41913.0 21217.592 25.486492 -13224.707 1.8931313 1.7647913000000002 3.0406353
60855 42333.0 21964.4 766.08586 -11918.853000000001 1.6617613 1.7605501 3.1753833
60855 42753.0 22612.425 1503.2398 -10559.385 1.4229121 1.7483906999999999 3.2958503
60855 43173.0 23158.749 2233.6330000000003 -9152.4148 1.1776581000000002 1.7283676000000001 3.4014934
60855 43593.0 23600.915 2953.9801 -7704.272400000001 0.92710295 1.7005706 3.4918366
60855 44013.0 23936.931 3661.0412 -6221.4714 0.6723741400000001 1.6651244 3.5664724000000003
60855 44433.0 24165.285 4351.6359 -4710.682 0.41461819000000005 1.6221885 3.6250646000000004
60855 44853.0 24284.949 5022.6579 -3178.7006 0.15499533 1.5719558999999999 3.667349
60855 45273.0 24295.384000000002 5671.088900000001 -1632.419 -0.1053257 1.5146528000000001 3.6931350000000003
60855 45693.0 24196.542 6294.0123 -78.793576 -0.36517298 1.4505371 3.7023064
60855 46113.0 23988.869 6888.6265 1475.1861999999999 -0.62337672 1.3798973 3.6948220000000003
60855 46533.0 23673.298 7452.2571 3022.5295 -0.87877455 1.3030518 3.6707157
60855 46953.0 23251.252 7982.3695 4556.2753 -1.1302168 1.2203462999999999 3.6300965
60855 47373.0 22724.629 8476.5797 6069.524 -1.3765718 1.1321536 3.5731475
60855 47793.0 22095.799 8932.6657 7555.4687 -1.6167307000000002 1.0388706 3.5001259
60855 48213.0 21367.594 9348.5771 9007.4254 -1.8496130000000002 0.94091751 3.4113611
60855 48633.0 20543.29 9722.444300000001 10418.864 -2.0741709999999998 0.8387353500000001 3.3072532000000003
60855 49053.0 19626.597 10052.587 11783.436 -2.2893944999999998 0.73278415 3.1882719
60855 49473.0 18621.641 10337.522 13095.005000000001 -2.4943158 0.62354085 3.0549534
60855 49893.0 17532.943 10575.969000000001 14347.673 -2.6880137 0.5114971300000001 2.9078985
60855 50313.0 16365.403 10766.858 15535.808 -2.8696176 0.39715718 2.7477698
60855 50733.0 15124.272 10909.332 16654.07 -3.0383116 0.28103538 2.5752884
60855 51153.0 13815.135 11002.751 17697.43 -3.1933380000000002 0.16365406 2.3912312
60855 51573.0 12443.879 11046.699 18661.199 -3.3340007000000003 0.045541102 2.1964267
60855 51993.0 11016.674 11040.978000000001 19541.046000000002 -3.4596684 -0.072772466 1.9917515000000001
60855 52413.0 9539.936599999999 10985.616 20333.017 -3.5697773 -0.19075481 1.7781266
60855 52833.0 8020.308599999999 10880.864 21033.554 -3.6638335000000004 -0.30787568 1.5565128
60855 53253.0 6464.6232 10727.195 21639.509000000002 -3.7414153000000003 -0.42360882 1.3279069
60855 53673.0 4879.8752 10525.300000000001 22148.161 -3.8021752 -0.5374342799999999 1.0933365
60855 54093.0 3273.1895 10276.089 22557.224000000002 -3.845841 -0.64884076 0.8538563
60855 54513.0 1651.7896 9980.6827 22864.863 -3.8722175 -0.75732789 0.6105424500000001
60855 54933.0 22.964178 9640.4105 23069.696 -3.8811869000000003 -0.86240846 0.36448840000000005
60855 55353.0 -1605.9646 9256.802599999999 23170.805 -3.8727096000000003 -0.96361059 0.11679971
60855 55773.0 -3227.6744 8831.5842 23167.735 -3.8468242 -1.0604798000000002 -0.1314108
60855 56193.0 -4834.8757000000005 8366.6672 23060.503 -3.8036472 -1.1525812000000002 -0.37902803
60855 56613.0 -6420.344099999999 7864.1416 22849.59 -3.7433731 -1.2395011 -0.6249396
60855 57033.0 -7976.953 7326.2665 22535.947 -3.6662725000000003 -1.3208491 -0.86804077
60855 57453.0 -9497.7055 6755.4596 22120.982 -3.5726918999999997 -1.39626 -1.1072393999999999
60855 57873.0 -10975.766 6154.2869 21606.563000000002 -3.4630515 -1.4653948 -1.3414608000000001
60855 58293.0 -12404.489 5525.4502 20995.0 -3.3378437 -1.5279430999999999 -1.5696526
60855 58713.0 -13777.453 4871.7762999999995 20289.042 -3.1976307000000004 -1.5836237000000002 -1.7907894
60855 59133.0 -15088.486 4196.203 19491.864 -3.043042 -1.6321864000000001 -2.0038772
60855 59553.0 -16331.693000000001 3501.7669 18607.047 -2.8747719000000003 -1.6734126000000002 -2.2079584
60855 59973.0 -17501.484 2791.5896000000002 17638.568 -2.6935761000000005 -1.7071171 -2.4021152000000003
60855 60393.0 -18592.601 2068.8631 16590.782 -2.5002684 -1.7331479 -2.5854748
60855 60813.0 -19600.136 1336.8362 15468.397 -2.2957172 -1.7513878999999999 -2.7572124
60855 61233.0 -20519.558 598.79959 14276.459 -2.0808413999999997 -1.7617549 -2.9165555
60855 61653.0 -21346.732 -141.92892 13020.326000000001 -1.8566068 -1.7642017 -3.0627871
60855 62073.0 -22077.938000000002 -882.01931 11705.645 -1.624021 -1.7587173 -3.1952492
60855 62493.0 -22709.887 -1618.1443000000002 10338.328 -1.3841295 -1.7453258 -3.3133455
60855 62913.0 -23239.735 -2346.9943 8924.5212 -1.1380109 -1.7240874 -3.4165441999999997
60855 63333.0 -23665.099000000002 -3065.2923 7470.582 -0.8867717199999999 -1.6950971 -3.5043807
60855 63753.0 -23984.064000000002 -3769.8086000000003 5983.0479000000005 -0.63154185 -1.6584852 -3.5764593000000002
60855 64173.0 -24195.196 -4457.375599999999 4468.608 -0.37346918 -1.6144161 -3.6324554
60855 64593.0 -24297.543 -5124.9017 2934.0726 -0.11371449 -1.5630878000000001 -3.6721166
60855 65013.0 -24290.644 -5769.3853 1386.3423 0.14655375 -1.5047312 -3.6952642
60855 65433.0 -24174.53 -6387.9285 -167.62242 0.40616467 -1.4396087 -3.7017936000000002
60855 65853.0 -23949.721 -6977.7502 -1720.8333 0.6639503999999999 -1.368013 -3.6916755
60855 66273.0 -23617.229 -7536.198200000001 -3266.3052000000002 0.91875123 -1.2902664 -3.6649552
60855 66693.0 -23178.549 -8060.7617 -4797.0879 1.1694209000000002 -1.2067185 -3.6217530000000004
60855 67113.0 -22635.652000000002 -8549.0821 -6306.2971 1.4148318 -1.1177453000000002 -3.5622633
60855 67533.0 -21990.981 -8998.9641 -7787.146 1.6538799 -1.0237469 -3.4867539
60855 67953.0 -21247.435 -9408.3851 -9232.974900000001 1.8854902 -0.92514631 -3.3955648000000003
60855 68373.0 -20408.357 -9775.5047 -10637.282000000001 2.1086210000000003 -0.8223870600000001 -3.2891064
60855 68793.0 -19477.521 -10098.673 -11993.753 2.322269 -0.71593139 -3.1678579
60855 69213.0 -18459.113 -10376.437 -13296.288 2.5254734 -0.60625814 -3.0323652
60855 69633.0 -17357.713 -10607.548 -14539.031 2.7173209000000003 -0.49386055 -2.8832378
60855 70053.0 -16178.274 -10790.969000000001 -15716.393 2.8969491 -0.37924407000000004 -2.7211469000000004
60855 70473.0 -14926.1 -10925.875 -16823.081000000002 3.0635508000000002 -0.26292406 -2.5468217
60855 70893.0 -13606.82 -11011.66 -17854.12 3.2163772 -0.14542348000000002 -2.3610463
60855 71313.0 -12226.368 -11047.939 -18804.874 3.3547419 -0.027270524 -2.1646562
60855 71733.0 -10790.949 -11034.550000000001 -19671.069 3.4780232 0.091003751 -1.9585346
60855 72153.0 -9307.0181 -10971.553 -20448.81 3.5856673000000003 0.20886779000000003 -1.7436082
60855 72573.0 -7781.246 -10859.233 -21134.602 3.6771909000000003 0.32579195 -1.5208431
60855 72993.0 -6220.4925 -10698.093 -21725.361 3.7521828999999998 0.44125083000000004 -1.2912408
60855 73413.0 -4631.7743 -10488.86 -22218.431 3.8103064 0.5547256700000001 -1.0558331
60855 73833.0 -3022.2336 -10232.473 -22611.596 3.8513004 0.66570665 -0.81567802
60855 74253.0 -1399.1062 -9930.0851 -22903.087 3.8749807 0.77369513 -0.57185465
60855 74673.0 230.31099 -9583.0558 -23091.594 3.8812406999999998 0.8782059400000001 -0.32545864999999996
60855 75093.0 1858.6928 -9192.944800000001 -23176.267 3.8700521 0.97876951 -0.077597214
60855 75513.0 3478.7186 -8761.5054 -23156.726 3.8414648000000002 1.074934 0.17061590000000001
60855 75933.0 5083.1050000000005 -8290.6767 -23033.057 3.7956069 1.1662671 0.41806529000000003
60855 76353.0 6664.638900000001 -7782.575 -22805.814000000002 3.7326837999999998 1.2523585000000002 0.66363892
60855 76773.0 8216.2094 -7239.4838 -22476.017 3.6529776000000003 1.3328210999999999 0.90623308
60855 77193.0 9730.8401 -6663.844099999999 -22045.148 3.5568456999999998 1.4072931000000002 1.1447573
60855 77613.0 11201.72 -6058.2433 -21515.141 3.4447195 1.4754395 1.3781393000000002
60855 78033.0 12622.235 -5425.4035 -20888.378 3.3171021 1.5369538 1.6053297
60855 78453.0 13985.997 -4768.1695 -20167.674 3.1745661000000003 1.5915592 1.8253067
60855 78873.0 15286.872000000001 -4089.4956 -19356.269 3.0177514999999997 1.6390097000000001 2.037081
60855 79293.0 16519.012 -3392.4339 -18457.813000000002 2.8473613 1.6790912 2.2396994
60855 79713.0 17676.875 -2680.1197 -17476.348 2.6641611 1.7116229 2.4322494999999997
60855 80133.0 18755.239 -1955.751 -16416.267 2.4689772 1.7364594 2.6138664
60855 80553.0 19749.261 -1222.5872 -15282.347 2.2626844 1.7534879 2.7837315
60855 80973.0 20654.469 -483.92525 -14079.685 2.04621 1.7626311000000001 2.94108
60855 81393.0 21466.788 256.91303 -12813.691 1.8205273 1.7638475 3.0852031
60855 81813.0 22182.564000000002 996.5959300000001 -11490.057 1.5866512000000002 1.7571313 3.2154515999999997
60855 82233.0 22798.575 1731.7967 -10114.737000000001 1.3456336 1.7425122 3.3312386000000003
60855 82653.0 23312.048 2459.2087 -8693.915 1.0985589 1.7200556999999999 3.4320421000000003
60855 83073.0 23720.672000000002 3175.5602000000003 -7233.983 0.84653902 1.6898625 3.517408
60855 83493.0 24022.608 3877.629 -5741.5078 0.590708 1.6520684 3.5869513000000004
60855 83913.0 24216.495 4562.2571 -4223.2033 0.33221741 1.6068432000000001 3.6403586
60855 84333.0 24301.461 5226.3652 -2685.8997000000004 0.072230831 1.5543904 3.6773891
60855 84753.0 24277.123 5866.9661 -1136.5129 -0.18808136 1.4949462000000002 3.6978760000000004
60855 85173.0 24143.591 6481.1785 417.98670000000004 -0.44754726 1.428778 3.7017269
60855 85593.0 23901.465 7066.2399000000005 1970.6059 -0.70499879 1.3561838 3.6889247000000003
60855 86013.0 23551.836 7619.518900000001 3514.3597000000004 -0.959277 1.2774905 3.6595272
60856 33.0 23096.277000000002 8138.5275 5042.303599999999 -1.2092373 1.1930524 3.6136672
60856 453.0 22536.839 8620.9318 6547.5641 -1.4537546000000001 1.10325 3.5515516
60856 873.0 21876.04 9064.5629 8023.3701 -1.6917286 1.0084874 3.4734608
60856 1293.0 21116.853 9467.4265 9463.0836 -1.9220885 0.9091915800000001 3.379747
60856 1713.0 20262.696 9827.7117 10860.229 -2.143798 0.8058094800000001 3.2708327
60856 2133.0 19317.414 10143.799 12208.523000000001 -2.3558600000000003 0.69880655 3.1472091
60856 2553.0 18285.258 10414.27 13501.903 -2.5573209 0.58866446 3.0094334
60856 2973.0 17170.875 10637.907000000001 14734.553 -2.7472751 0.47587889 2.8581263
60856 3393.0 15979.278 10813.709 15900.93 -2.924869 0.36095734 2.6939697000000002
60856 3813.0 14715.828 10940.885 16995.792 -3.0893047 0.24441677 2.5177027
60856 4233.0 13386.208 11018.866 18014.216 -3.2398439 0.12678138 2.3301191
60856 4653.0 11996.399 11047.302 18951.625 -3.3758105 0.0085801422 2.1320632
60856 5073.0 10552.653 11026.068000000001 19803.807 -3.4965945 -0.10965554000000001 1.9244263000000001
60856 5493.0 9061.4617 10955.261 20566.933 -3.601654 -0.22739420999999999 1.7081426
60856 5913.0 7529.5313 10835.201000000001 21237.573 -3.6905178000000003 -0.34410676 1.4841848
60856 6333.0 5963.7502 10666.428 21812.714 -3.7627876000000002 -0.45926877000000005 1.2535600999999998
60856 6753.0 4371.1585000000005 10449.704 22289.775 -3.8181398 -0.57236289 1.0173053
60856 7173.0 2758.9164 10186.004 22666.611 -3.8563264 -0.68288114 0.77648238
60856 7593.0 1134.2718 9876.5144 22941.532 -3.8771768000000004 -0.79032713 0.5321736300000001
60856 8013.0 -495.47171000000003 9522.627199999999 23113.303 -3.8805981000000003 -0.89421835 0.28547689000000004
60856 8433.0 -2122.9881 9125.9341 23181.153000000002 -3.8665754000000003 -0.9940882600000001 0.037500568000000005
60856 8853.0 -3740.9615 8688.2189 23144.78 -3.8351724 -1.0894884 -0.21064123
60856 9273.0 -5342.1191 8211.449700000001 23004.348 -3.7865303 -1.1799903999999999 -0.45783375000000004
60856 9693.0 -6919.2638 7697.7698 22760.488 -3.720868 -1.2651877999999999 -0.7029665
60856 10113.0 -8465.3063 7149.4883 22414.298 -3.6384805 -1.3446979 -0.9449382399999999
60856 10533.0 -9973.2973 6569.0698 21967.335 -3.5397378 -1.4181638 -1.1826619
60856 10953.0 -11436.458 5959.1233 21421.607 -3.4250834 -1.4852552 -1.4150694000000001
60856 11373.0 -12848.211000000001 5322.390200000001 20779.567 -3.2950321 -1.5456709000000002 -1.6411165
60856 11793.0 -14202.211000000001 4661.7325 20044.102 -3.1501680000000003 -1.5991391000000001 -1.8597873
60856 12213.0 -15492.37 3980.1197 19218.516 -2.9911414 -1.6454197 -2.0700990999999997
60856 12633.0 -16712.887 3280.6156 18306.521 -2.8186666000000002 -1.6843043 -2.2711064000000003
60856 13053.0 -17858.275 2566.3642000000004 17312.216 -2.6335182 -1.7156181 -2.4619056
60856 13473.0 -18923.384000000002 1840.5762 16240.07 -2.4365277 -1.7392201 -2.6416386000000003
60856 13893.0 -19903.424 1106.5140000000001 15094.902 -2.2285802 -1.7550039 -2.8094969
60856 14313.0 -20793.988 367.47759 13881.861 -2.01061 -1.7628982000000002 -2.9647256000000004
60856 14733.0 -21591.07 -373.2108 12606.399 -1.7835966 -1.7628673 -3.1066261
60856 15153.0 -22291.086 -1112.2213000000002 11274.251 -1.5485601999999998 -1.7549111000000002 -3.2345598
60856 15573.0 -22890.885000000002 -1846.2313000000001 9891.4051 -1.3065574999999998 -1.7390649 -3.3479506999999997
60856 15993.0 -23387.771 -2571.9410000000003 8464.0799 -1.0586765 -1.7153998 -3.4462884
60856 16413.0 -23779.507 -3286.0872000000004 6998.6927000000005 -0.80603174 -1.6840219 -3.5291299
60856 16833.0 -24064.33 -3985.4591 5501.8328 -0.5497594400000001 -1.6450721000000001 -3.5961022
60856 17253.0 -24240.958 -4666.9121 3980.2311 -0.29101223 -1.5987255 -3.6469035
60856 17673.0 -24308.596 -5327.3820000000005 2440.7302000000004 -0.030953927 -1.5451903 -3.6813049
60856 18093.0 -24266.939000000002 -5963.8991 890.25307 0.22924559 -1.4847073 -3.6991513
60856 18513.0 -24116.174 -6573.6014000000005 -664.22757 0.4884158 -1.4175484 -3.7003622000000003
60856 18933.0 -23856.978 -7153.7473 -2215.721 0.7453907799999999 -1.3440158 -3.6849319
60856 19353.0 -23490.515 -7701.7285 -3757.25 0.9990145 -1.2644401 -3.6529299
60856 19773.0 -23018.434 -8215.081 -5281.8819 1.248146 -1.1791794 -3.6045002
60856 20193.0 -22442.858 -8691.4968 -6782.7604 1.4916646 -1.0886171999999998 -3.5398607
60856 20613.0 -21766.375 -9128.8342 -8253.136 1.728475 -0.99316097 -3.4593024999999997
60856 21033.0 -20992.028000000002 -9525.126900000001 -9686.396400000001 1.957512 -0.89324017 -3.3631883
60856 21453.0 -20123.298 -9878.5937 -11076.097 2.1777457 -0.78930426 -3.2519506000000002
60856 21873.0 -19164.093 -10187.646 -12415.987000000001 2.3881858000000005 -0.68182078 -3.1260901
60856 22293.0 -18118.726 -10450.894 -13700.044 2.5878861000000004 -0.5712731400000001 -2.9861734
60856 22713.0 -16991.898 -10667.156 -14922.493 2.775949 -0.45815852 -2.8328301000000002
60856 23133.0 -15788.676 -10835.459 -16077.838 2.9515292 -0.34298556 -2.66675
60856 23553.0 -14514.472 -10955.048 -17160.884000000002 3.1138377 -0.22627209 -2.4886804000000002
60856 23973.0 -13175.013 -11025.385 -18166.763 3.2621451 -0.10854280000000001 -2.2994220999999997
60856 24393.0 -11776.324 -11046.156 -19090.951 3.3957853 0.0096730965 -2.0998263
60856 24813.0 -10324.691 -11017.266 -19929.295000000002 3.5141578 0.12784429 -1.8907905
60856 25233.0 -8826.643300000002 -10938.847 -20678.025 3.6167311 0.24543973 -1.6732545
60856 25653.0 -7288.9141 -10811.251 -21333.776 3.7030444000000005 0.36193097999999996 -1.4481960999999999
60856 26073.0 -5718.417 -10635.053 -21893.598 3.77271 0.47679463 -1.2166269
60856 26493.0 -4122.2125 -10411.044 -22354.976 3.8254151000000003 0.5895145900000001 -0.97958759
60856 26913.0 -2507.4763 -10140.232 -22715.835 3.8609229000000003 0.69958443 -0.7381434299999999
60856 27333.0 -881.4675500000001 -9823.8335 -22974.552 3.8790738 0.80650963 -0.49337937
60856 27753.0 748.5039499999999 -9463.2713 -23129.963 3.8797861 0.9098097900000001 -0.24639522
60856 28173.0 2375.1105000000002 -9060.1659 -23181.368000000002 3.8630563 1.0090208 0.0016992006
60856 28593.0 3991.0394 -8616.3289 -23128.536 3.8289591 1.1036967 0.24978907
60856 29013.0 5589.0257 -8133.7552000000005 -22971.702 3.7776473000000004 1.1934122 0.49675953
60856 29433.0 7161.884900000001 -7614.613700000001 -22711.57 3.7093508 1.2777638999999998 0.7415006700000001
60856 29853.0 8702.5451 -7061.237700000001 -22349.308 3.6243757999999997 1.3563726 0.98291248
60856 30273.0 10204.079 -6476.1143 -21886.542 3.5231035000000004 1.4288849000000001 1.2199098
60856 30693.0 11659.734 -5861.8737 -21325.351 3.4059882 1.4949745 1.451427
60856 31113.0 13062.964 -5221.2767 -20668.256 3.2735553 1.5543441 1.6764232
60856 31533.0 14407.459 -4557.203 -19918.21 3.1263994 1.6067264 1.8938863
60856 31953.0 15687.17 -3872.638 -19078.584 2.9651810000000003 1.6518856000000002 2.1028382000000003
60856 32373.0 16896.339 -3170.6565 -18153.141 2.7906239999999998 1.689619 2.3023409999999997
60856 32793.0 18029.535 -2454.4205 -17146.062 2.6035117 1.7197546 2.4914923
60856 33213.0 19081.651 -1727.1463999999999 -16061.86 2.4046868 1.7421576 2.6694427999999997
60856 33633.0 20047.957000000002 -992.1051 -14905.411 2.1950418 1.7567266 2.8353914000000002
60856 34053.0 20924.103 -252.60215 -13681.916000000001 1.9755192 1.7633957 2.9885906
60856 34473.0 21706.148 488.03686 -12396.877 1.747106 1.7621343 3.1283504
60856 34893.0 22390.571 1226.481 -11056.072 1.5108295 1.7529478 3.2540410000000004
60856 35313.0 22974.293 1959.4091 -9665.5316 1.2677526000000001 1.7358771 3.3650961
60856 35733.0 23454.685 2683.5245 -8231.5105 1.018969 1.7109986 3.4610152
60856 36153.0 23829.584 3395.5703 -6760.4588 0.7655982 1.6784241 3.5413658999999997
60856 36573.0 24097.304 4092.3437000000004 -5258.9938 0.50878057 1.6383 3.6057859
60856 36993.0 24256.639 4770.7105 -3733.8699 0.2496721 1.5908068000000002 3.6539849
60856 37413.0 24306.872 5427.6194000000005 -2191.9482000000003 -0.010560781 1.536158 3.6857456
60856 37833.0 24247.775 6060.1158 -640.16534 -0.27074655999999997 1.4745998 3.7009247999999997
60856 38253.0 24079.615 6665.3546 914.49739 -0.52971389 1.4064092000000001 3.6994542999999998
60856 38673.0 23803.149 7240.6138 2465.0459 -0.78629693 1.3318933 3.6813409000000004
60856 39093.0 23419.621 7783.3062 4004.5047999999997 -1.0393406 1.2513876000000002 3.6466662000000003
60856 39513.0 22930.758 8290.9914 5525.9486 -1.287706 1.1652547 3.5955871000000004
60856 39933.0 22338.760000000002 8761.3866 7022.533200000001 -1.5302752000000002 1.0738826 3.5283338
60856 40353.0 21646.291 9192.376800000002 8487.526800000001 -1.7659567 0.97768259 3.4452099
60856 40773.0 20856.469 9582.0246 9914.339800000002 -1.9936900000000002 0.877088 3.3465903
60856 41193.0 19972.848 9928.578800000001 11296.555 -2.2124506999999998 0.7725517 3.2329198000000003
60856 41613.0 18999.405 10230.482 12627.957 -2.4212550999999998 0.66454431 3.1047107
60856 42033.0 17940.519 10486.378 13902.557 -2.6191644000000003 0.55355197 2.9625409
60856 42453.0 16800.957000000002 10695.118 15114.626 -2.8052889 0.44007418000000004 2.8070511000000002
60856 42873.0 15585.844000000001 10855.764000000001 16258.713 -2.9787922 0.32462153 2.6389416999999997
60856 43293.0 14300.648000000001 10967.596 17329.676 -3.1388952 0.20771334 2.4589697999999998
60856 43713.0 12951.149 11030.113 18322.7 -3.2848788 0.089875422 2.2679456
60856 44133.0 11543.418 11043.035 19233.323 -3.4160876 -0.028362366000000003 2.066729
60856 44553.0 10083.786 11006.307 20057.452 -3.5319328999999997 -0.14646849 1.8562254
60856 44973.0 8578.8184 10920.095 20791.385000000002 -3.6318952 -0.26391211 1.6373817
60856 45393.0 7035.2813 10784.787 21431.823 -3.7155261 -0.38016547000000006 1.4111823
60856 45813.0 5460.1157 10600.995 21975.89 -3.7824508999999997 -0.49470623999999996 1.1786443
60856 46233.0 3860.4037000000003 10369.546 22421.143 -3.8323698 -0.6070199000000001 0.94081301
60856 46653.0 2243.3375 10091.481 22765.582000000002 -3.8650596 -0.7166019800000001 0.69875745
60856 47073.0 616.1865600000001 9768.0517 23007.66 -3.8803741 -0.8229603200000001 0.45356544000000004
60856 47493.0 -1013.7344 9400.7127 23146.292 -3.8782453 -0.9256173 0.20633873
60856 47913.0 -2639.0985 8991.116 23180.855 -3.8586833 -1.0241119 -0.041811896
60856 48333.0 -4252.599700000001 8541.1034 23111.197 -3.8217764 -1.118002 -0.28977159999999996
60856 48753.0 -5846.9853 8052.6981 22937.63 -3.7676908 -1.2068657 -0.5364264200000001
60856 49173.0 -7415.0886 7528.0958 22660.936 -3.6966696000000003 -1.2903042 -0.78066832
60856 49593.0 -8949.8611 6969.6547 22282.36 -3.609032 -1.3679426000000001 -1.0214
60856 50013.0 -10444.404 6379.885 21803.603 -3.5051715 -1.4394322 -1.2575399999999999
60856 50433.0 -11891.999 5761.437599999999 21226.818 -3.3855545000000005 -1.5044519 -1.4880274
60856 50853.0 -13286.139000000001 5117.0922 20554.597 -3.2507181999999997 -1.5627095 -1.7118263
60856 51273.0 -14620.556 4449.7451 19789.961 -3.1012681 -1.6139431 -1.9279312
60856 51693.0 -15889.252 3762.3958 18936.348 -2.9378753000000004 -1.6579224 -2.1353706000000003
60856 52113.0 -17086.522 3058.1337000000003 17997.594 -2.7612734999999997 -1.6944496 -2.333212
60856 52533.0 -18206.983 2340.1246 16977.918 -2.572256 -1.7233603000000002 -2.5205659999999996
60856 52953.0 -19245.597 1611.5958 15881.905 -2.3716717 -1.7445242 -2.6965899
60856 53373.0 -20197.694 875.82226 14714.48 -2.160422 -1.7578461 -2.8604921
60856 53793.0 -21058.991 136.11154000000002 13480.892 -1.9394558 -1.7632657 -3.011535
60856 54213.0 -21825.615 -604.21099 12186.686 -1.7097664 -1.7607583 -3.1490392000000003
60856 54633.0 -22494.118000000002 -1341.8171000000002 10837.681 -1.472386 -1.750335 -3.2723856000000002
60856 55053.0 -23061.492000000002 -2073.3905 9439.9424 -1.2283818000000002 -1.7320423 -3.3810191
60856 55473.0 -23525.185 -2795.6422000000002 7999.754 -0.97885093 -1.7059621999999999 -3.4744504000000003
60856 55893.0 -23883.11 -3505.3248 6523.5916 -0.72491536 -1.6722118000000001 -3.5522588
60856 56313.0 -24133.657 -4199.2473 5018.0931 -0.46771713 -1.6309426 -3.6140939
60856 56733.0 -24275.698 -4874.2897 3490.0283 -0.20841306 -1.5823401 -3.6596771
60856 57153.0 -24308.592 -5527.416700000001 1946.2688 0.051830513 -1.5266226999999999 -3.6888028
60856 57573.0 -24232.192 -6155.6916 393.75676000000004 0.31184287 -1.464041 -3.7013399000000002
60856 57993.0 -24046.84 -6756.2895 -1160.526 0.5704543400000001 -1.3948765 -3.6972316000000003
60856 58413.0 -23753.37 -7326.5097000000005 -2709.5897000000004 0.8265015499999999 -1.3194402 -3.6764964
60856 58833.0 -23353.100000000002 -7863.7886 -4246.467900000001 1.0788326 -1.2380714000000002 -3.6392275
60856 59253.0 -22847.83 -8365.7103 -5764.2492 1.3263125 -1.1511363 -3.5855927000000003
60856 59673.0 -22239.832000000002 -8830.0184 -7256.108 1.567828 -1.0590259000000002 -3.5158332999999997
60856 60093.0 -21531.841 -9254.6255 -8715.3354 1.8022927 -0.96215463 -3.4302635
60856 60513.0 -20727.041 -9637.6227 -10135.369 2.0286522000000002 -0.86095822 -3.3292684
60856 60933.0 -19829.051 -9977.2885 -11509.825 2.2458887 -0.7558919100000001 -3.2133026
60856 61353.0 -18841.909 -10272.096 -12832.52 2.4530252 -0.6474282899999999 -3.082888
60856 61773.0 -17770.054 -10520.721 -14097.51 2.6491306 -0.53605517 -2.9386116
60856 62193.0 -16618.307 -10722.045 -15299.104000000001 2.8333234000000003 -0.42227339999999997 -2.7811226000000002
60856 62613.0 -15391.847 -10875.165 -16431.902000000002 3.0047758 -0.30659461 -2.6111294
60856 63033.0 -14096.187 -10979.392 -17490.809 3.1627172999999997 -0.18953887 -2.4293969000000004
60856 63453.0 -12737.155 -11034.258 -18471.066 3.3064382 -0.071632403 -2.2367423
60856 63873.0 -11320.861 -11039.518 -19368.265 3.435293 0.046594826 -2.0340319
60856 64293.0 -9853.6718 -10995.148000000001 -20178.372 3.5487026999999998 0.16461146 -1.8221773
60856 64713.0 -8342.1845 -10901.348 -20897.747 3.6461581 0.28188716 -1.6021309000000001
60856 65133.0 -6793.1942 -10758.541000000001 -21523.154 3.7272214 0.39789495 -1.3748816
60856 65553.0 -5213.6647 -10567.367 -22051.782 3.7915285 0.51211357 -1.141451
60856 65973.0 -3610.6969 -10328.688 -22481.254 3.8387906 0.62402987 -0.90288803
60856 66393.0 -1991.497 -10043.575 -22809.639 3.8687952 0.7331410100000001 -0.6602647700000001
60856 66813.0 -363.34423 -9713.3105 -23035.46 3.8814075 0.83895678 -0.41467145
60856 67233.0 1266.442 -9339.3791 -23157.702 3.8765707000000003 0.94100174 -0.16721163000000003
60856 67653.0 2890.5349 -8923.4613 -23175.812 3.8543060000000002 1.0388174 0.08100275000000001
60856 68073.0 4501.6328 -8467.426300000001 -23089.71 3.8147131 1.1319641 0.3288563
60856 68493.0 6092.4924 -7973.3238 -22899.78 3.7579694 1.2200233 0.5752352100000001
60856 68913.0 7655.961200000001 -7443.3745 -22606.874 3.6843292 1.3025992000000002 0.81903219
60856 69333.0 9185.009300000002 -6879.9602 -22212.308 3.5941227 1.3793204000000001 1.0591514
60856 69753.0 10672.761 -6285.6134 -21717.853 3.4877545 1.4498419 1.2945135
60856 70173.0 12112.527 -5663.0055 -21125.731 3.3657017000000002 1.5138466000000002 1.5240601
60856 70593.0 13497.831 -5014.9351 -20438.601 3.2285122000000004 1.5710462 1.7467591
60856 71013.0 14822.444 -4344.3156 -19659.552 3.0768017 1.6211833999999998 1.9616088
60856 71433.0 16080.408 -3654.1618 -18792.085 2.9112511 1.6640322 2.1676425
60856 71853.0 17266.056 -2947.5744 -17840.089 2.7326066 1.6994003 2.3639332
60856 72273.0 18374.069 -2227.7341 -16807.862 2.5416657000000002 1.7271268 2.5495976000000002
60856 72693.0 19399.455 -1497.8755 -15700.033 2.3392893 1.7470873 2.7237997000000003
60856 73113.0 20337.599000000002 -761.28079 -14521.585000000001 2.1263866 1.7591915 2.885755
60856 73533.0 21184.28 -21.262369 -13277.816 1.9039149 1.7633845 3.034734
60856 73953.0 21935.687 718.85172 -11974.319 1.6728745 1.7596468 3.1700657000000003
60856 74373.0 22588.44 1455.7328 -10616.957 1.4343046 1.7479951 3.2911402
60856 74793.0 23139.599000000002 2186.0667000000003 -9211.8343 1.1892785 1.7284812 3.3974119000000003
60856 75213.0 23586.684 2906.5685 -7765.271 0.93889869 1.7011928 3.4884018
60856 75633.0 23927.682 3613.9973 -6283.774 0.6842920299999999 1.6662524 3.5636997999999998
60856 76053.0 24161.058 4305.171 -4774.0079000000005 0.42660444999999997 1.6238171000000001 3.6229663000000003
60856 76473.0 24285.761000000002 4976.9809000000005 -3242.7645 0.16699592000000002 1.5740776 3.6659341
60856 76893.0 24301.229 5626.4049 -1696.9325000000001 -0.09336484900000001 1.517258 3.6924097000000002
60856 77313.0 24207.393 6250.522 -143.4663 -0.35330573 1.4536138 3.7022738
60856 77733.0 24004.675 6846.525000000001 1410.6453000000001 -0.6116564600000001 1.3834318 3.6954818
60856 78153.0 23693.987 7411.7335 2958.4106 -0.86725399 1.3070278000000002 3.6720648000000002
60856 78573.0 23276.728 7943.6054 4492.866599999999 -1.1189476999999999 1.2247461000000002 3.6321284
60856 78993.0 22754.776 8439.749099999999 6007.1106 -1.3656047000000002 1.1369571 3.5758528000000003
60856 79413.0 22130.481 8897.9336 7494.3308 -1.6061148 1.0440563 3.5034922
60856 79833.0 21406.652000000002 9316.099199999999 8947.8375 -1.8393959 0.94646195 3.4153729
60856 80253.0 20586.548 9692.366 10361.093 -2.0643982999999997 0.84461355 3.3118924
60856 80673.0 19673.859 10025.043 11727.742 -2.28011 0.73896965 3.1935172
60856 81093.0 18672.692 10312.636 13041.637 -2.485561 0.63000583 3.0607811000000003
60856 81513.0 17587.553 10553.852 14296.871000000001 -2.6798276999999997 0.51821253 2.9142823
60856 81933.0 16423.325 10747.608 15487.799 -2.8620368 0.40409282 2.7546809
60856 82353.0 15185.246000000001 10893.036 16609.068 -3.0313698000000002 0.28816013 2.5826957000000004
60856 82773.0 13878.884 10989.482 17655.638 -3.1870661 0.17093593 2.3991012
60856 83193.0 12510.117 11036.515 18622.804 -3.3284266 0.052947432 2.204724
60856 83613.0 11085.102 11033.925000000001 19506.219 -3.4548168 -0.065274884 2.000439
60856 84033.0 9610.2466 10981.726 20301.914 -3.5656697 -0.18319958 1.7871652999999998
60856 84453.0 8092.1844 10880.153 21006.313000000002 -3.6604881000000002 -0.30029666 1.5658622
60856 84873.0 6537.7413 10729.666000000001 21616.253 -3.7388470000000003 -0.41603996000000004 1.3375251000000001
60856 85293.0 4953.9068 10530.942000000001 22128.993000000002 -3.8003952 -0.5299094700000001 1.1031806
60856 85713.0 3347.8017999999997 10284.876 22542.231 -3.8448572 -0.6413937 0.8638821900000001
60856 86133.0 1726.647 9992.5756 22854.111 -3.8720342000000003 -0.7499919300000001 0.62070533
60857 153.0 97.730345 9655.3554 23063.234 -3.8818047000000004 -0.85521645 0.37474286
60857 573.0 -1531.6257 9274.7324 23168.66 -3.8741258 -0.9565947200000001 0.12709995000000002
60857 993.0 -3154.0969 8852.418099999999 23169.918 -3.8490322999999997 -1.0536714999999999 -0.12111078
60857 1413.0 -4762.3903 8390.311599999999 23067.004 -3.8066375 -1.1460109 -0.36877422000000004
60857 1833.0 -6349.2765 7890.4903 22860.38 -3.747132 -1.2331983 -0.61477778
60857 2253.0 -7907.6228 7355.2013 22550.977 -3.6707835 -1.3148421000000001 -0.85801634
60857 2673.0 -9430.4243 6786.8505000000005 22140.187 -3.5779346999999997 -1.3905756 -1.0973971
60857 3093.0 -10910.836 6187.9929 21629.855 -3.4690029 -1.4600587 -1.3318447000000002
60857 3513.0 -12342.203 5561.3201 21022.275 -3.3444771 -1.5229791000000001 -1.5603057
60857 3933.0 -13718.092 4909.6489 20320.18 -3.2049166000000002 -1.5790542 -1.7817534000000002
60857 4353.0 -15032.316 4235.9084 19526.724000000002 -3.050948 -1.6280318 -1.9951927
60857 4773.0 -16278.967 3543.1268 18645.474000000002 -2.8832627000000004 -1.6696918 -2.1996642000000004
60857 5193.0 -17452.441 2834.4181000000003 17680.39 -2.7026139 -1.7038467000000002 -2.3942487000000003
60857 5613.0 -18547.461 2112.968 16635.812 -2.5098128 -1.7303429000000001 -2.5780712
60857 6033.0 -19559.104 1382.0192 15516.433 -2.3057258000000003 -1.7490608 -2.750305
60857 6453.0 -20482.819 644.8577700000001 14327.287 -2.0912695 -1.7599163000000002 -2.9101755
60857 6873.0 -21314.453 -95.202632 13073.718 -1.8674077 -1.7628601000000002 -3.0569632
60857 7293.0 -22050.265 -834.8349900000001 11761.362000000001 -1.6351466000000001 -1.7578787 -3.1900077000000002
60857 7713.0 -22686.946 -1570.7141000000001 10396.119 -1.39553 -1.7449942 -3.3087102
60857 8133.0 -23221.632 -2299.5316000000003 8984.128400000001 -1.1496351999999999 -1.7242644 -3.4125362
60857 8553.0 -23651.916 -3018.0107000000003 7531.7375 -0.89856774 -1.695782 -3.5010182
60857 8973.0 -23975.862 -3722.9209 6045.4773 -0.64345675 -1.6596751 -3.5737578
60857 9393.0 -24192.014 -4411.092900000001 4532.0311 -0.3854495 -1.6161058000000001 -3.6304272
60857 9813.0 -24299.397 -5079.432400000001 2998.2044 -0.12570646000000002 -1.56527 -3.6707711
60857 10233.0 -24297.528000000002 -5724.934200000001 1450.8948 0.13460402 -1.507396 -3.6946077
60857 10653.0 -24186.414 -6344.696 -102.93961 0.39431092 -1.4427443000000002 -3.7018295
60857 11073.0 -23966.555 -6935.9311 -1656.311 0.65224596 -1.3716054999999998 -3.6924039
60857 11493.0 -23638.938000000002 -7495.9811 -3202.2338 0.9072488 -1.2942996 -3.6663731
60857 11913.0 -23205.037 -8022.3279 -4733.755700000001 1.1581723 -1.2111744000000002 -3.6238542000000002
60857 12333.0 -22666.802 -8512.6051 -6243.9895 1.4038877 -1.1226039 -3.5650387
60857 12753.0 -22026.655 -8964.6085 -7726.143400000001 1.6432898 -1.0289865 -3.4901913
60857 13173.0 -21287.474000000002 -9376.3061 -9173.5525 1.8753019 -0.93074335 -3.3996489000000003
60857 13593.0 -20452.582000000002 -9745.847099999999 -10579.708 2.0988804 -0.8283164000000001 -3.293819
60857 14013.0 -19525.736 -10071.571 -11938.287 2.3130202 -0.72216639 -3.1731781999999997
60857 14433.0 -18511.102 -10352.012 -13243.18 2.5167583000000002 -0.61277077 -3.0382692000000002
60857 14853.0 -17413.244 -10585.912 -14488.52 2.7091788 -0.50062151 -2.8896992
60857 15273.0 -16237.097 -10772.22 -15668.708 2.889417 -0.38622293 -2.7281367
60857 15693.0 -14987.952000000001 -10910.097 -16778.437 3.0566628000000002 -0.27008941 -2.5543085000000003
60857 16113.0 -13671.425000000001 -10998.925000000001 -17812.719 3.2101646 -0.15274303 -2.3689965
60857 16533.0 -12293.435 -11038.305 -18766.903000000002 3.3492328000000002 -0.034711306000000004 -2.1730340999999997
60857 16953.0 -10860.178 -11028.061 -19636.7 3.4732426999999997 0.083475271 -1.9673025
60857 17373.0 -9378.097800000001 -10968.238 -20418.199 3.5816373 0.20128555 -1.7527265
60857 17793.0 -7853.8575 -10859.108 -21107.887 3.6739296 0.31819014 -1.5302709
60857 18213.0 -6294.309700000001 -10701.159 -21702.663 3.7497051999999997 0.43366374 -1.3009355
60857 18633.0 -4706.4654 -10495.103000000001 -22199.854 3.8086238 0.5471875300000001 -1.0657509
60857 19053.0 -3097.4631 -10241.866 -22597.223 3.8504206 0.65825146 -0.82577415
60857 19473.0 -1474.5358999999999 -9942.5861 -22892.984 3.8749077 0.76635655 -0.58208353
60857 19893.0 155.02026 -9598.608800000002 -23085.806 3.8819751 0.87101708 -0.33577408000000003
60857 20313.0 1783.8796000000002 -9211.4799 -23174.822 3.8715906 0.9717628 -0.087952553
60857 20733.0 3404.7192999999997 -8782.9396 -23159.631 3.8438007 1.068141 0.16026746
60857 21153.0 5010.2524 -8314.913700000001 -23040.298 3.7987296 1.1597186 0.40777056
60857 21573.0 6593.2606 -7809.505700000001 -22817.36 3.7365792 1.2460840000000002 0.65344444
60857 21993.0 8146.6265 -7268.9873 -22491.815 3.6576282 1.3268488999999999 0.89618496
60857 22413.0 9663.3655 -6695.787700000001 -22065.128 3.5622307 1.4016501000000001 1.1349010000000002
60857 22833.0 11136.657000000001 -6092.4834 -21539.212 3.4508144 1.4701512 1.3685193999999998
60857 23253.0 12559.877 -5461.786 -20916.432 3.3238793 1.5320440000000002 1.5959896000000002
60857 23673.0 13926.623 -4806.5307 -20199.585 3.181995 1.58705 1.8162888000000001
60857 24093.0 15230.748 -4129.6631 -19391.893 3.0257986000000003 1.6349214 2.0284258
60857 24513.0 16466.389 -3434.2259 -18496.985 2.8559906 1.6754426000000002 2.2314468
60857 24933.0 17627.984 -2723.3462999999997 -17518.884000000002 2.6733353 1.7084308000000001 2.4244369000000003
60857 25353.0 18710.307 -2000.2199 -16461.985 2.4786522 1.7337374 2.6065285
60857 25773.0 19708.49 -1268.0985 -15331.041000000001 2.2728165 1.7512481 2.7769014000000003
60857 26193.0 20618.041 -530.2742099999999 -14131.136 2.0567533 1.7608835999999999 2.9347884
60857 26613.0 21434.867000000002 209.93488000000002 -12867.667 1.8314341 1.7626 3.0794783000000003
60857 27033.0 22155.292 949.19983 -11546.314 1.5978722 1.7563893000000002 3.2103192
60857 27453.0 22776.073 1684.1958000000002 -10173.02 1.3571182 1.7422789 3.3267216
60857 27873.0 23294.416 2411.6169 -8753.962599999999 1.1102552 1.7203321 3.4281609
60857 28293.0 23707.987 3128.1912 -7295.5241 0.85839402 1.6906473000000002 3.5141797
60857 28713.0 24014.925 3830.6957 -5804.2651 0.60266829 1.6533578 3.5843903
60857 29133.0 24213.849000000002 4515.9704 -4286.8940999999995 0.34422903000000005 1.6086313 3.6384762
60857 29553.0 24303.861 5180.932900000001 -2750.2371000000003 0.08423960800000001 1.5566691000000001 3.6761936
60857 29973.0 24284.557 5822.5921 -1201.2072 -0.17612952999999998 1.497705 3.6973724000000003
60857 30393.0 24156.023 6438.0617999999995 353.22662 -0.43570621 1.4320044 3.7019173000000003
60857 30813.0 23918.838 7024.5739 1906.0713 -0.69332181 1.3598632 3.6898078
60857 31233.0 23574.07 7579.4905 3450.3409 -0.9478165900000001 1.2816062 3.6610989
60857 31653.0 23123.269 8100.3161 4979.0882 -1.198045 1.1975859 3.61592
60857 32073.0 22568.467 8584.7087 6485.4361 -1.4428806 1.1081805999999998 3.5544751999999997
60857 32493.0 21912.159 9030.4902 7962.6086 -1.6812217 1.013793 3.4770416
60857 32913.0 21157.3 9435.6567 9403.9612 -1.9119957 0.9148481900000001 3.3839686
60857 33333.0 20307.288 9798.387 10803.011 -2.1341646 0.81179164 3.275676
60857 33753.0 19365.947 10117.051 12153.466 -2.3467289 0.70508733 3.1526519
60857 34173.0 18337.514 10390.217 13449.254 -2.5487331 0.59521561 3.0154511000000004
60857 34593.0 17226.617000000002 10616.658 14684.547 -2.7392688 0.48267095 2.8646917
60857 35013.0 16038.254 10795.357 15853.791000000001 -2.9174799 0.36795981 2.7010531
60857 35433.0 14777.772 10925.513 16951.731 -3.0825658 0.25159822 2.5252721
60857 35853.0 13450.84 11006.542 17973.431 -3.233785 0.13410958 2.3381404000000003
60857 36273.0 12063.429 11038.081 18914.298 -3.3704587000000004 0.016022232 2.1405004
60857 36693.0 10621.778 11019.991 19770.104 -3.4919734 -0.10213292 1.9332414000000002
60857 37113.0 9132.37 10952.354 20537.004 -3.5977840000000003 -0.21982476 1.7172961
60857 37533.0 7601.9043 10835.477 21211.553 -3.6874161 -0.33652439 1.4936356000000002
60857 37953.0 6037.2621 10669.886 21790.719 -3.7604679 -0.45170744 1.2632659000000002
60857 38373.0 4445.4785999999995 10456.328 22271.902000000002 -3.8166122000000002 -0.56485645 1.0272227
60857 38793.0 2833.7105 10195.763 22652.94 -3.8555976000000003 -0.6754631799999999 0.7865668899999999
60857 39213.0 1209.2036 9889.3641 22932.123 -3.8772499 -0.7830308800000001 0.54238021
60857 39633.0 -420.73899 9538.51 23108.199 -3.8814726 -0.8870764600000001 0.2957599
60857 40053.0 -2048.7903 9144.778400000001 23180.376 -3.8682474000000004 -0.9871327 0.047814079
60857 40473.0 -3667.6322000000005 8709.94 23148.333 -3.8376342 -1.0827503 -0.2003433
60857 40893.0 -5269.987700000001 8235.9498 23012.214 -3.7897710000000004 -1.1735 -0.4475974
60857 41313.0 -6848.6546 7724.938700000001 22772.633 -3.7248729 -1.2589740999999999 -0.69283745
60857 41733.0 -8396.5366 7179.204 22430.667 -3.6432317 -1.3387888000000001 -0.93496174
60857 42153.0 -9906.6762 6601.1987 21987.854 -3.5452141999999998 -1.4125857000000002 -1.1728825
60857 42573.0 -11372.285 5993.521 21446.184 -3.4312604 -1.4800333 -1.4055309
60857 42993.0 -12786.775 5358.9022 20808.092 -3.3018822 -1.5408285000000002 -1.6318614
60857 43413.0 -14143.788 4700.1948 20076.447 -3.1576606000000003 -1.5946980000000002 -1.8508571
60857 43833.0 -15437.222 4020.3595 19254.537 -2.9992431 -1.6413997999999999 -2.0615337
60857 44253.0 -16661.264 3322.4521 18346.056 -2.8273411999999998 -1.6807238 -2.2629441999999997
60857 44673.0 -17810.409 2609.6094 17355.088 -2.6427269 -1.7124930999999999 -2.4541832
60857 45093.0 -18879.491 1885.0357 16286.087 -2.4462296 -1.7365646 -2.6343905
60857 45513.0 -19863.701 1151.9881 15143.858 -2.2387318 -1.7528299999999999 -2.8027559
60857 45933.0 -20758.616 413.76186 13933.536 -2.0211661 -1.7612158 -2.9585218
60857 46353.0 -21560.208 -326.32446999999996 12660.562 -1.7945099 -1.761684 -3.1009875000000005
60857 46773.0 -22264.874 -1064.9437 11330.659 -1.559782 -1.7542323 -3.2295118000000005
60857 47193.0 -22869.443 -1798.7753 9949.8055 -1.3180376 -1.7388938 -3.3435162000000003
60857 47613.0 -23371.195 -2524.5198 8524.2103 -1.0703635 -1.7157373 -3.4424875000000004
60857 48033.0 -23767.874 -3238.9144 7060.2834 -0.81787329 -1.6848666 -3.5259799
60857 48453.0 -24057.693 -3938.7471 5564.6072 -0.56170249 -1.6464204 -3.5936174000000003
60857 48873.0 -24239.350000000002 -4620.871 4043.9074 -0.30300322 -1.6005714 -3.6450954
60857 49293.0 -24312.025 -5282.219400000001 2505.0223 -0.042939062 -1.5475257 -3.6801817999999997
60857 49713.0 -24275.391 -5919.8183 954.8720000000001 0.21732015999999998 -1.4875217 -3.6987186000000003
60857 50133.0 -24129.612 -6530.8011 -599.57232 0.47660366 -1.4208294000000001 -3.7006221
60857 50553.0 -23875.344 -7112.4205 -2151.3203 0.73374508 -1.3477485999999999 -3.6858835
60857 50973.0 -23513.729 -7662.0614000000005 -3693.3936000000003 0.98758765 -1.2686081 -3.6545693000000004
60857 51393.0 -23046.392 -8177.2526 -5218.8573 1.2369895 -1.1837638 -3.6068202
60857 51813.0 -22475.436 -8655.677800000001 -6720.8514000000005 1.4808287 -1.0935976 -3.5428512000000003
60857 52233.0 -21803.428 -9095.1862 -8192.6215 1.7180085999999999 -0.99851496 -3.4629503
60857 52653.0 -21033.391 -9493.8019 -9627.5492 1.9474624 -0.89894369 -3.367477
60857 53073.0 -20168.786 -9849.7331 -11019.182 2.1681583 -0.79533167 -3.2568613
60857 53493.0 -19213.503 -10161.380000000001 -12361.262 2.3791037999999998 -0.68814496 -3.1316009
60857 53913.0 -18171.837 -10427.342 -13647.755000000001 2.5793508000000003 -0.57786565 -2.9922595000000003
60857 54333.0 -17048.473 -10646.424 -14872.876 2.7679988 -0.46498967 -2.8394643
60857 54753.0 -15848.461000000001 -10817.641 -16031.117 2.9442002000000005 -0.35002458000000003 -2.6739025
60857 55173.0 -14577.198 -10940.224 -17117.271 3.1071631 -0.23348729000000001 -2.4963191
60857 55593.0 -13240.4 -11013.623 -18126.454 3.2561551 -0.11590168 -2.3075126
60857 56013.0 -11844.078 -11037.509 -19054.129 3.3905070999999998 0.0022037021 -2.1083323000000003
60857 56433.0 -10394.509 -11011.774 -19896.126 3.5096153 0.12029803 -1.8996736
60857 56853.0 -8898.2101 -10936.534 -20648.659 3.6129449 0.23785061 -1.6824747
60857 57273.0 -7361.9092 -10812.129 -21308.346 3.7000318 0.35433319 -1.4577119
60857 57693.0 -5792.5125 -10639.117 -21872.22 3.7704847 0.4692224 -1.2263954000000001
60857 58113.0 -4197.0755 -10418.278 -22337.746 3.8239872 0.58200204 -0.98956476
60857 58533.0 -2582.7704 -10150.602 -22702.831000000002 3.860299 0.69216542 -0.7482842500000001
60857 58953.0 -956.8542600000001 -9837.2942 -22965.833 3.8792568000000003 0.79921759 -0.50363809
60857 59373.0 673.36347 -9479.7622 -23125.57 3.8807752 0.9026775699999999 -0.25672555999999996
60857 59793.0 2300.5541000000003 -9079.6131 -23181.321 3.8648472000000003 1.0020805000000002 -0.0086561442
60857 60213.0 3917.4022000000004 -8638.645199999999 -23132.835 3.8315439000000002 1.0969797000000001 0.23945547
60857 60633.0 5516.638900000001 -8158.8405 -22980.328 3.7810144 1.1869486999999999 0.48649432000000004
60857 61053.0 7091.0740000000005 -7642.3553 -22724.485 3.7134850999999998 1.2715830000000001 0.73135021
60857 61473.0 8633.628400000001 -7091.511 -22366.454 3.6292587 1.3505022 0.97292261
60857 61893.0 10137.366 -6508.7834 -21907.842 3.528713 1.4233514 1.2101256
60857 62313.0 11595.525 -5896.7916 -21350.71 3.4122991000000003 1.4898030000000002 1.4418928000000002
60857 62733.0 13001.549 -5258.286599999999 -20697.559 3.2805391 1.5495577 1.667182
60857 63153.0 14349.112000000001 -4596.138400000001 -19951.326 3.1340246 1.6023468 1.8849799
60857 63573.0 15632.156 -3913.3239 -19115.362 2.9734132 1.6479325 2.0943068
60857 63993.0 16844.906 -3212.9117 -18193.423 2.7994261000000003 1.6861096 2.2942215999999997
60857 64413.0 17981.91 -2498.053 -17189.659 2.6128447 1.7167054000000002 2.483823
60857 64833.0 19038.051 -1771.9604 -16108.577000000001 2.4145078 1.7395822 2.6622583
60857 65253.0 20008.576 -1037.8993 -14955.039 2.2053065000000003 1.7546367 2.8287242000000004
60857 65673.0 20889.118000000002 -299.17048 -13734.23 1.9861811 1.7618005 2.9824707
60857 66093.0 21675.716 440.90373 -12451.641 1.7581169 1.761041 3.1228054000000003
60857 66513.0 22364.829 1178.9950000000001 -11113.04 1.5221396999999999 1.7523613 3.249096
60857 66933.0 22953.354 1911.7836000000002 -9724.446699999999 1.2793109999999999 1.7357999 3.3607733
60857 67353.0 23438.644 2635.9737000000005 -8292.107 1.0307233000000002 1.7114311 3.4573339
60857 67773.0 23818.512 3348.3078 -6822.4637999999995 0.7774953000000001 1.6793642 3.5383426
60857 68193.0 24091.249 4045.5819 -5322.128 0.5207667500000001 1.6397433000000001 3.6034341
60857 68613.0 24255.628 4724.6595 -3797.849 0.26169325 1.5927467 3.6523151
60857 69033.0 24310.907 5382.486 -2256.484 0.001441071 1.5385858000000001 3.684765
60857 69453.0 24256.837 6016.1025 -704.96752 -0.25881814000000003 1.4775043 3.7006377
60857 69873.0 24093.663 6622.6591 849.72049 -0.5179126700000001 1.4097773 3.6998617
60857 70293.0 23822.117000000002 7199.4276 2400.5857 -0.77467608 1.3357097000000002 3.6824407000000003
60857 70713.0 23443.423 7743.8141 3940.6510000000003 -1.0279525 1.255635 3.6484533000000003
60857 71133.0 22959.285 8253.3704 5462.9883 -1.2766018 1.1699140000000001 3.598053
60857 71553.0 22371.882 8725.805300000002 6960.7492 -1.5195048 1.0789326000000001 3.5314672000000003
60857 71973.0 21683.858 9158.9946 8427.1965 -1.7555684000000003 0.98310054 3.4489965000000002
60857 72393.0 20898.311 9550.991 9855.7341 -1.9837304999999998 0.88284944 3.3510127000000005
60857 72813.0 20018.775 9900.0325 11239.937 -2.2029647 0.7786306700000001 3.2379578
60857 73233.0 19049.209 10204.551 12573.58 -2.412285 0.67091341 3.1103415
60857 73653.0 17993.976 10463.178 13850.665 -2.6107502 0.56018252 2.9687390000000002
60857 74073.0 16857.823 10674.752 15065.451000000001 -2.7974683000000002 0.44693636 2.8137883
60857 74493.0 15645.865 10838.323 16212.476 -2.9716002 0.33168448 2.6461876
60857 74913.0 14363.551 10953.159 17286.584 -3.1323638000000003 0.21494531 2.4666916000000003
60857 75333.0 13016.652 11018.743 18282.945 -3.2790369999999998 0.097243931 2.2761086
60857 75753.0 11611.225 11034.783 19197.082000000002 -3.4109615 -0.020890399 2.0752964
60857 76173.0 10153.592 11001.209 20024.888 -3.5275452 -0.1389266 1.8651586
60857 76593.0 8650.308500000001 10918.173 20762.642 -3.6282653000000002 -0.25633413000000005 1.6466407
60857 77013.0 7108.133900000001 10786.050000000001 21407.03 -3.7126701 -0.37258538 1.4207254
60857 77433.0 5534.003 10605.436 21955.158 -3.7803814000000004 -0.48715805 1.1884286
60857 77853.0 3934.9934 10377.144 22404.563000000002 -3.8310958999999998 -0.59953742 0.95079472
60857 78273.0 2318.2941 10102.202 22753.228 -3.8645868 -0.70921875 0.70889181
60857 78693.0 691.1731800000001 9781.8472 22999.587 -3.8807043 -0.8157094300000001 0.46380705
60857 79113.0 -939.0548299999999 9417.5201 23142.534 -3.8793769000000005 -0.9185312400000001 0.21664171
60857 79533.0 -2565.0616 9010.859400000001 23181.43 -3.860611 -1.0172225 -0.031493673
60857 79953.0 -4179.5382 8563.6937 23116.100000000002 -3.8244916 -1.1113399 -0.27948431
60857 80373.0 -5775.2275 8078.0334 22946.839 -3.7711810999999997 -1.200461 -0.52621611
60857 80793.0 -7344.9569 7556.0621 22674.41 -3.7009194 -1.2841855 -0.7705806700000001
60857 81213.0 -8881.6704 7000.125900000001 22300.037 -3.6140221 -1.3621373 -1.0114802
60857 81633.0 -10378.461 6412.724 21825.403000000002 -3.5108795 -1.4339664 -1.2478324
60857 82053.0 -11828.599 5796.496700000001 21252.643 -3.3919549000000004 -1.49935 -1.4785753
60857 82473.0 -13225.568000000001 5154.2136 20584.331000000002 -3.2577822000000003 -1.5579945 -1.7026722
60857 82893.0 -14563.086000000001 4488.7619 19823.47 -3.1089641 -1.6096361 -1.9191159
60857 83313.0 -15835.141 3803.1324 18973.481 -2.9461688 -1.6540427 -2.1269337
60857 83733.0 -17036.013 3100.407 18038.184 -2.7701275 -1.6910147 -2.3251914
60857 84153.0 -18160.304 2383.7444 17021.784 -2.5816307000000003 -1.7203855000000001 -2.5129975
60857 84573.0 -19202.957000000002 1656.366 15928.848 -2.3815253 -1.7420231000000002 -2.6895074
60857 84993.0 -20159.285 921.54146 14764.29 -2.1707102 -1.7558298 -2.8539274
60857 85413.0 -21024.987 182.57413 13533.346 -1.9501325999999999 -1.7617434 -3.0055177
60857 85833.0 -21796.168 -557.21399 12241.547 -1.720784 -1.7597368 -3.1435962
60857 86253.0 -22469.362 -1294.4971 10894.704 -1.483695 -1.749819 -3.2675414000000003
60858 273.0 -23041.538 -2025.9604 9498.8697 -1.2399316 -1.7320341000000001 -3.3767955
60858 693.0 -23510.123 -2748.3154 8060.321400000001 -0.99058961 -1.706462 -3.4708665
60858 1113.0 -23873.009000000002 -3458.3142000000003 6585.527099999999 -0.73679037 -1.6732173000000001 -3.5493308000000003
60858 1533.0 -24128.563000000002 -4152.7645 5081.1183 -0.47967522 -1.6324494999999999 -3.611835
60858 1953.0 -24275.634000000002 -4828.544 3553.8599 -0.22040057 -1.5843416 -3.6580975
60858 2373.0 -24313.56 -5482.6140000000005 2010.6198000000002 0.039867371 -1.5291099 -3.6879098
60858 2793.0 -24242.170000000002 -6112.0335000000005 458.33787 0.29995781 -1.4670028 -3.7011374999999997
60858 3213.0 -24061.784 -6713.9727 -1096.0052 0.55870074 -1.3982996 -3.697721
60858 3633.0 -23773.213 -7285.7249 -2645.4193999999998 0.8149321900000001 -1.3233093 -3.6776755
60858 4053.0 -23377.754 -7824.719400000001 -4182.9367999999995 1.0674994999999998 -1.2423692000000002 -3.6410911
60858 4473.0 -22877.186 -8328.5329 -5701.6432 1.3152666 -1.1558435 -3.5881326
60858 4893.0 -22273.758 -8794.900300000001 -7194.7089000000005 1.5571188 -1.0641214 -3.5190383
60858 5313.0 -21570.186 -9221.7251 -8655.4196 1.7919686 -0.9676155700000001 -3.4341192
60858 5733.0 -20769.633 -9607.0884 -10077.207 2.0187596 -0.8667601 -3.3337577
60858 6153.0 -19875.699 -9949.258 -11453.677 2.2364720000000005 -0.76200869 -3.2184054
60858 6573.0 -18892.405 -10246.696 -12778.641 2.4441269 -0.65383249 -3.0885816
60858 6993.0 -17824.172 -10498.066 -14046.141 2.6407908000000004 -0.54271804 -2.9448705
60858 7413.0 -16675.803 -10702.238 -15250.478000000001 2.8255797 -0.429165 -2.7879187
60858 7833.0 -15452.464 -10858.295 -16386.238 2.9976631000000005 -0.31368397 -2.6184324
60858 8253.0 -14159.654 -10965.535 -17448.313000000002 3.1562677 -0.19679412 -2.4371739
60858 8673.0 -12803.186 -11023.478000000001 -18431.929 3.3006808999999997 -0.07902092200000001 -2.2449586
60858 9093.0 -11389.16 -11031.863 -19332.665 3.430254 0.039106270000000005 -2.0426506
60858 9513.0 -9923.9321 -10990.653 -20146.47 3.5444049 0.15705655999999998 -1.8311597
60858 9933.0 -8414.090800000002 -10900.035 -20869.687 3.6426209 0.27429991000000004 -1.6114366
60858 10353.0 -6866.4235 -10760.414 -21499.063000000002 3.7244609 0.39030949 -1.3844689000000001
60858 10773.0 -5287.8881 -10572.42 -22031.769 3.7895573000000002 0.50456407 -1.1512768000000002
60858 11193.0 -3685.5807999999997 -10336.898000000001 -22465.41 3.8376177 0.6165503099999999 -0.91290806
60858 11613.0 -2066.7048999999997 -10054.906 -22798.037 3.8684261 0.7257650800000001 -0.67043398
60858 12033.0 -438.53795 -9727.7122 -23028.153000000002 3.881844 0.83171771 -0.42494407
60858 12453.0 1191.6005 -9356.786699999999 -23154.722 3.8778109 0.93393214 -0.17754140000000002
60858 12873.0 2816.3822000000005 -8943.796900000001 -23177.175 3.8563445 1.0319491 0.070662363
60858 13293.0 4428.5024 -8490.5989 -23095.41 3.8175409 1.1253281 0.31855189
60858 13713.0 6020.7133 -7999.2294 -22909.791 3.7615739 1.2136495999999999 0.56501323
60858 14133.0 7585.8563 -7471.897 -22621.154000000002 3.6886943000000003 1.2965164 0.8089387100000001
60858 14553.0 9116.8941 -6910.9716 -22230.792 3.5992288 1.3735559000000002 1.049232
60858 14973.0 10606.942000000001 -6318.9745 -21740.459 3.4935787 1.4444218000000002 1.2848127999999999
60858 15393.0 12049.300000000001 -5698.566400000001 -21152.357 3.3722179000000003 1.5087952 1.5146220000000001
60858 15813.0 13437.482 -5052.536099999999 -20469.129 3.2356909999999997 1.5663865000000001 1.7376261
60858 16233.0 14765.243 -4383.7877 -19693.844 3.0846109000000004 1.6169362 1.9528221000000001
60858 16653.0 16026.613000000001 -3695.3276 -18829.988 2.9196557 1.6602168 2.1592419
60858 17073.0 17215.912 -2990.2497000000003 -17881.436 2.7415672 1.6960336 2.3559569000000002
60858 17493.0 18327.799 -2271.7265 -16852.463 2.5511436 1.7242242 2.5420812
60858 17913.0 19357.266 -1542.9872 -15747.689 2.3492416 1.7446619 2.7167771
60858 18333.0 20299.682 -807.30899 -14572.081 2.1367685 1.7572543 2.8792579000000003
60858 18753.0 21150.806 -68.000157 -13330.925000000001 1.9146797 1.761944 3.0287918
60858 19173.0 21906.806 671.61447 -12029.803 1.6839736 1.7587098 3.1647053
60858 19593.0 22564.282 1408.2085 -10674.566 1.445688 1.7475656 3.2863858
60858 20013.0 23120.273 2138.469 -9271.3089 1.2008948000000002 1.7285612000000001 3.393285
60858 20433.0 23572.277000000002 2859.1113 -7826.3437 0.95069558 1.7017819 3.484921
60858 20853.0 23918.258 3566.8939 -6346.1703 0.69621623 1.6673479 3.5608807000000002
60858 21273.0 24156.659 4258.633400000001 -4837.446900000001 0.43860217 1.625414 3.6208217
60858 21693.0 24286.407 4931.218 -3306.9608 0.17901303 1.5761688 3.6644738
60858 22113.0 24306.917 5581.6224 -1761.5972 -0.081382586 1.5198339 3.6916401999999997
60858 22533.0 24218.097 6206.921200000001 -208.30856 -0.34141238 1.4566628000000001 3.7021984000000003
60858 22953.0 24020.346 6804.3018 1345.9172 -0.59990569 1.3869401000000001 3.6961009
60858 23373.0 23714.555 7371.0775 2894.0879 -0.8556988 1.3109796 3.6733754
60858 23793.0 23302.099000000002 7904.6992 4429.2387 -1.1076402 1.2291234 3.6341246000000003
60858 24213.0 22784.835 8402.767300000001 5944.4635 -1.3545959 1.1417401999999999 3.5785255000000005
60858 24633.0 22165.092 8863.0422 7432.9461 -1.5954543 1.0492236000000001 3.5068291
60858 25053.0 21445.659 9283.4546 8887.991199999999 -1.8291317 0.95199006 3.4193588
60858 25473.0 20629.774 9662.1147 10303.054 -2.0545766 0.85047753 3.3165092
60858 25893.0 19721.109 9997.3206 11671.77 -2.270775 0.74514305 3.198744
60858 26313.0 18723.754 10287.566 12987.985 -2.4767547 0.6364607999999999 3.0665942
60858 26733.0 17642.196 10531.547 14245.779 -2.6715895 0.52491997 2.9206552
60858 27153.0 16481.302 10728.169 15439.497000000001 -2.8544038 0.4110225 2.7615847
60858 27573.0 15246.295 10876.548 16563.772 -3.0243762000000003 0.29528087 2.5900993
60858 27993.0 13942.731 10976.02 17613.55 -3.1807431000000004 0.17821567 2.406971
60858 28413.0 12576.474 11026.138 18584.113 -3.3228026 0.06035341600000001 2.2130246000000002
60858 28833.0 11153.669 11026.679 19471.098 -3.4499169000000003 -0.057775949 2.0091327000000003
60858 29253.0 9680.716 10977.643 20270.52 -3.5615156000000003 -0.17564139 1.796213
60858 29673.0 8164.2386 10879.251 20978.787 -3.6570983999999997 -0.29271318 1.5752232
60858 30093.0 6611.0560000000005 10731.948 21592.717 -3.7362366000000002 -0.40846523 1.3471571
60858 30513.0 5028.152099999999 10536.398000000001 22109.552 -3.7985756999999998 -0.5223775 1.1130403
60858 30933.0 3422.6438 10293.481 22526.971 -3.8438365 -0.63393829 0.8739252300000001
60858 31353.0 1801.7491000000002 10004.289 22843.099000000002 -3.8718167 -0.74264652 0.6308865899999999
60858 31773.0 172.75488 9670.125300000002 23056.519 -3.8823912999999997 -0.84801398 0.38501661000000004
60858 32193.0 -1457.0158999999999 9292.4916 23166.272 -3.8755135000000003 -0.94956751 0.13742006
60858 32613.0 -3080.2372 8873.0865 23171.866 -3.8512149 -1.0468511 -0.11079062
60858 33033.0 -4689.6125 8413.795800000002 23073.278000000002 -3.8096049 -1.1394278 -0.35850032
60858 33453.0 -6277.9076 7916.6844 22870.951 -3.7508708000000004 -1.2268821 -0.60459622
60858 33873.0 -7837.983200000001 7383.987099999999 22565.798 -3.6752767 -1.308821 -0.84797276
60858 34293.0 -9362.8268 6818.0985 22159.188000000002 -3.5831622000000003 -1.3848767 -1.0875366
60858 34713.0 -10845.584 6221.5623 21652.951 -3.474941 -1.4547075 -1.3222113
60858 35133.0 -12279.59 5597.059700000001 21049.363 -3.3510991 -1.5179997 -1.5509427
60858 35553.0 -13658.398000000001 4947.397900000001 20351.136000000002 -3.2121926 -1.5744688000000002 -1.7727027000000002
60858 35973.0 -14975.81 4275.4969 19561.408 -3.0588454 -1.6238611 -1.9864949
60858 36393.0 -16225.903 3584.3766 18683.73 -2.8917459 -1.6659544000000002 -2.1913583
60858 36813.0 -17403.056 2877.1437 17722.046000000002 -2.7116449 -1.7005594000000002 -2.3863718
60858 37233.0 -18501.977 2156.9771 16680.68 -2.5193510000000003 -1.7275204000000002 -2.5706586000000002
60858 37653.0 -19517.724000000002 1427.1138999999998 15564.311 -2.3157283000000004 -1.7467158999999999 -2.7433899999999998
60858 38073.0 -20445.731 690.83518 14377.959 -2.1016915 -1.7580594 -2.903789
60858 38493.0 -21281.822 -48.549304 13126.956 -1.8782024 -1.7614995 -3.0511339
60858 38913.0 -22022.238 -787.71559 11816.927 -1.6462654 -1.7570206000000002 -3.1847616
60858 39333.0 -22663.648 -1523.3406000000002 10453.761 -1.4069231 -1.7446426 -3.3040708
60858 39753.0 -23203.167 -2252.117 9043.587800000001 -1.1612514 -1.7244206 -3.4085243999999997
60858 40173.0 -23638.367000000002 -2970.7682999999997 7592.7469 -0.9103550800000001 -1.6964456 -3.4976518999999997
60858 40593.0 -23967.291 -3676.0633 6107.7623 -0.65536225 -1.660843 -3.5710520000000003
60858 41013.0 -24188.459 -4364.8308 4595.3116 -0.39741976 -1.6177728 -3.6283942000000002
60858 41433.0 -24300.874 -5033.973900000001 3062.1959 -0.13768777000000001 -1.5674285000000001 -3.6694199
60858 41853.0 -24304.029000000002 -5680.4839 1515.3093999999999 0.12266541 -1.5100365 -3.6939445
60858 42273.0 -24197.912 -6301.4538 -38.391474 0.38246858 -1.4458548 -3.7018572
60858 42693.0 -23982.996 -6894.0916 -1591.9197 0.6405530300000001 -1.3751721000000001 -3.6931224000000005
60858 43113.0 -23660.25 -7455.732599999999 -3138.2888 0.8957577400000001 -1.2983064 -3.6677792
60858 43533.0 -23231.124 -7983.8516 -4670.5447 1.1469347 -1.2156033 -3.6259418
60858 43953.0 -22697.547 -8476.0742 -6181.7967 1.392954 -1.1274351 -3.5677983
60858 44373.0 -22061.920000000002 -8930.1874 -7665.2487 1.6327091 -1.0341982 -3.4936106000000002
60858 44793.0 -21327.100000000002 -9344.1497 -9114.229800000001 1.8651216 -0.9363122700000001 -3.4037126
60858 45213.0 -20496.392 -9716.100400000001 -10522.224 2.0891463 -0.83421749 -3.298509
60858 45633.0 -19573.532 -10044.367 -11882.901 2.3037759 -0.72837316 -3.1784734
60858 46053.0 -18562.671000000002 -10327.475 -13190.141 2.5080454 -0.61925533 -3.0441460000000005
60858 46473.0 -17468.353 -10564.152 -14438.067000000001 2.7010365000000003 -0.50735474 -2.8961313
60858 46893.0 -16295.501 -10753.334 -15621.068000000001 2.8818818000000004 -0.3931746 -2.7350952000000004
60858 47313.0 -15049.387 -10894.172 -16733.825 3.0497686 -0.27722829000000004 -2.5617623
60858 47733.0 -13735.615 -10986.032000000001 -17771.335 3.2039424 -0.16003707 -2.3769122000000005
60858 48153.0 -12360.093 -11028.502 -18728.935 3.3437106 -0.042127740000000004 -2.1813762000000003
60858 48573.0 -10929.004 -11021.393 -19602.318 3.4684454000000002 0.075969751 -1.9760335
60858 48993.0 -9448.782000000001 -10964.736 -20387.559 3.5775864000000004 0.19372465 -1.7618075
60858 49413.0 -7926.0831 -10858.786 -21081.128 3.6706434 0.31060782000000003 -1.5396611
60858 49833.0 -6367.7522 -10704.021 -21679.905 3.7471986000000004 0.42609406 -1.3105927
60858 50253.0 -4780.795 -10501.135 -22181.2 3.8069081000000002 0.53966448 -1.0756320000000001
60858 50673.0 -3172.3457000000003 -10251.042 -22582.759000000002 3.8495036000000002 0.65080884 -0.8358347700000001
60858 51093.0 -1549.635 -9954.8655 -22882.775 3.8747938 0.75902779 -0.59227856
60858 51513.0 80.04205100000001 -9613.9365 -23079.9 3.8826648 0.86383512 -0.34605779000000003
60858 51933.0 1709.3594 -9229.7876 -23173.246 3.8730811 0.9647599400000001 -0.0982788
60858 52353.0 3330.9921 -8804.1453 -23162.392 3.8460854 1.0613487 0.14994503
60858 52773.0 4937.6499 -8338.9226 -23047.386000000002 3.8017984 1.1531675000000001 0.39749829000000003
60858 53193.0 6522.1094 -7836.2103 -22828.743000000002 3.7404186 1.2398034 0.6432685
60858 53613.0 8077.246700000001 -7298.267900000001 -22507.444 3.6622212 1.3208672 0.88615108
60858 54033.0 9596.0695 -6727.5132 -22084.933 3.5675567000000004 1.3959942 1.1250543
60858 54453.0 11071.748 -6126.5114 -21563.106 3.4568497000000002 1.4648466000000002 1.3589042
60858 54873.0 12497.647 -5497.964 -20944.308 3.3305971 1.5271147 1.5866493000000002
60858 55293.0 13867.352 -4844.6963 -20231.319 3.1893652 1.5825181 1.8072654000000001
60858 55713.0 15174.705 -4169.6449 -19427.343 3.0337882 1.6308074 2.0197601
60858 56133.0 16413.825 -3475.8447 -18535.993 2.8645643 1.6717651 2.2231774
60858 56553.0 17579.133 -2766.4141 -17561.271 2.6824552 1.7052068 2.4166018
60858 56973.0 18665.394 -2044.5441 -16507.566 2.4882763 1.7309812 2.599163
60858 57393.0 19667.718 -1313.4799 -15379.611 2.2829017 1.7489721 2.7700388
60858 57813.0 20581.593 -576.5088499999999 -14182.477 2.0672543 1.7590980999999999 2.9284598
60858 58233.0 21402.909 163.05482 -12921.548 1.8423037 1.7613132 3.0737123000000004
60858 58653.0 22127.967 901.8851 -11602.494 1.6090614 1.755607 3.205142
60858 59073.0 22753.506 1636.6591 -10231.247 1.3685767000000002 1.7420048 3.3221567
60858 59493.0 23276.709 2364.072 -8813.974900000001 1.1219314 1.7205674 3.4242289
60858 59913.0 23695.221 3080.8521 -7357.0518 0.87023537 1.6913909 3.5108984999999997
60858 60333.0 24007.158 3783.7751000000003 -5867.0315 0.6146213800000001 1.6546065 3.5817748000000003
60858 60753.0 24211.116 4469.679400000001 -4350.617 0.35623995 1.6103795 3.6365384
60858 61173.0 24306.175 5135.4797 -2814.63 0.09625420200000001 1.558909 3.6749422
60858 61593.0 24291.909 5778.1811 -1265.9805000000001 -0.16416546 1.5004264 3.6968132000000002
60858 62013.0 24168.38 6394.892900000001 288.36438 -0.42384664 1.4351950999999998 3.7020529000000004
60858 62433.0 23936.145 6982.841200000001 1841.4118999999998 -0.6816202600000001 1.3635088000000002 3.6906377000000004
60858 62853.0 23596.248 7539.3816 3386.1752 -0.93632585 1.2856903 3.6626192
60858 63273.0 23150.221 8062.0114 4915.704900000001 -1.1868169 1.2020899999999999 3.618124
60858 63693.0 22600.07 8548.3804 6423.120400000001 -1.4319658 1.1130845 3.5573529
60858 64113.0 21948.272 8996.3017 7901.6408 -1.6706694 1.0190746000000002 3.48058
60858 64533.0 21197.761000000002 9403.7616 9344.6156 -1.9018536 0.92048361 3.3881518
60858 64953.0 20351.914 9768.928699999999 10745.555 -2.1244784 0.8177554699999999 3.280485
60858 65373.0 19414.538 10090.162 12098.157000000001 -2.3375423 0.7113527000000001 3.1580651
60858 65793.0 18389.851 10366.017 13396.341 -2.5400873 0.6017542499999999 3.0214439000000004
60858 66213.0 17282.465 10595.257 14634.268 -2.731203 0.4894534 2.8712371
60858 66633.0 16097.361 10776.851 15806.372000000001 -2.9100303 0.3749555 2.7081214
60858 67053.0 14839.872000000001 10909.984 16907.385000000002 -3.0757659 0.25877564000000003 2.5328315
60858 67473.0 13515.655 10994.06 17932.357 -3.2276655 0.14143638000000003 2.3461567
60858 67893.0 12130.666000000001 11028.702000000001 18876.68 -3.365047 0.023465416000000003 2.1489374
60858 68313.0 10691.135 11013.757 19736.112 -3.4872939 -0.094606866 1.9420610999999999
60858 68733.0 9203.5352 10949.292 20506.79 -3.5938577 -0.21224973 1.7264586
60858 69153.0 7674.5571 10835.601 21185.251 -3.6842605 -0.32893447 1.5030996
60858 69573.0 6111.075900000001 10673.195 21768.448 -3.7580972000000004 -0.44413679 1.2729887000000002
60858 69993.0 4520.121400000001 10462.806 22253.761000000002 -3.8150369 -0.5573391400000001 1.0371604
60858 70413.0 2908.8465 10205.381 22639.011000000002 -3.8548248 -0.66803303 0.79667473
60858 70833.0 1284.4951 9902.079300000001 22922.467 -3.8772829000000004 -0.77572129 0.5526126100000001
60858 71253.0 -345.63053 9554.2641 23102.858 -3.8823111 -0.87992031 0.30607076
60858 71673.0 -1974.2026 9163.500300000002 23179.374 -3.8698875 -0.9801621699999999 0.05815693
60858 72093.0 -3593.9003 8731.545 23151.674 -3.8400685 -1.0759967 -0.19001504
60858 72513.0 -5197.443200000001 8260.340400000001 23019.882 -3.7929882 -1.1669936 -0.43733023
60858 72933.0 -6777.6232 7752.004900000001 22784.592 -3.7288586 -1.2527443 -0.6826776
60858 73353.0 -8327.3375 7208.8237 22446.862 -3.6479677 -1.3328635 -0.9249549300000001
60858 73773.0 -9839.62 6633.2384 22008.212 -3.550679 -1.4069915000000002 -1.1630737999999998
60858 74193.0 -11307.673 6027.8363 21470.612 -3.4374294 -1.4747953 -1.3959643000000002
60858 74613.0 -12724.897 5395.3386 20836.481 -3.3087274000000004 -1.5359702 -1.62258
60858 75033.0 -14084.921 4738.5881 20108.666 -3.1651511 -1.5902412 -1.8419025999999998
60858 75453.0 -15381.631000000001 4060.5368 19290.442 -3.0073451 -1.6373645 -2.0529463
60858 75873.0 -16609.198 3364.2324 18385.484 -2.8360181 -1.677128 -2.2547624
60858 76293.0 -17762.101 2652.8048 17397.86 -2.6519396000000004 -1.7093529 -2.4464436999999997
60858 76713.0 -18835.157 1929.4518 16332.011 -2.4559364 -1.7338942 -2.6271280999999997
60858 77133.0 -19823.541 1197.4251000000002 15192.726 -2.2488891 -1.7506412 -2.7960031
60858 77553.0 -20722.808 460.01517 13985.128 -2.031728 -1.7595184 -2.9523089000000002
60858 77973.0 -21528.913 -279.46282 12714.645 -1.8054289000000001 -1.7604856 -3.0953423
60858 78393.0 -22238.231 -1017.6845000000001 11386.989 -1.5710089 -1.7535381 -3.2244595
60858 78813.0 -22847.571 -1751.3309 10008.129 -1.3295219 -1.7387069 -3.3390794
60858 79233.0 -23354.192 -2477.1037 8584.2647 -1.0820535 -1.7160585000000002 -3.4386859
60858 79653.0 -23755.815 -3191.7397 7121.798 -0.82971642 -1.6856944 -3.5228305
60858 80073.0 -24050.631 -3892.0258 5627.305200000001 -0.5736455 -1.647751 -3.5911342
60858 80493.0 -24237.315 -4574.813099999999 4107.5064 -0.31499242 -1.6023987 -3.6432893
60858 80913.0 -24315.026 -5237.0318 2569.2362000000003 -0.054920598 -1.5498414 -3.6790609
60858 81333.0 -24283.414 -5875.7042 1019.4119000000001 0.2054001 -1.4903155 -3.6982876
60858 81753.0 -24142.619 -6487.9585 -534.99665 0.46479859 -1.4240885 -3.7008829000000003
60858 82173.0 -23893.275 -7071.0419 -2086.9993 0.7221079600000001 -1.3514584 -3.6868348
60858 82593.0 -23536.503 -7622.3328 -3629.6162999999997 0.97617068 -1.2727519 -3.6562066
60858 83013.0 -23073.907 -8139.3523 -5155.9105 1.2258439 -1.188323 -3.609136
60858 83433.0 -22507.566 -8619.7761 -6659.018 1.4700044 -1.0985517 -3.5458350999999997
60858 83853.0 -21840.029000000002 -9061.4442 -8132.1793 1.707554 -1.0038417 -3.4665886
60858 84273.0 -21074.296000000002 -9462.3712 -9568.769699999999 1.9374244 -0.90461906 -3.3717535
60858 84693.0 -20213.812 -9820.7548 -10962.329 2.1585818 -0.80133024 -3.2617566000000005
60858 85113.0 -19262.447 -10134.984 -12306.592 2.3700318000000005 -0.69443981 -3.137093
60858 85533.0 -18224.478 -10403.647 -13595.512 2.5708238000000003 -0.58442852 -2.9983237
60858 85953.0 -17104.573 -10625.537 -14823.296 2.760055 -0.47179112 -2.8460733
60858 86373.0 -15907.769 -10799.655 -15984.422 2.9368751000000004 -0.35703411 -2.6810268
60859 393.0 -14639.447 -10925.221 -17073.671000000002 3.1004894 -0.24067345 -2.5039267
60859 813.0 -13305.31 -11001.669 -18086.144 3.2501628 -0.12323224 -2.3155693999999998
60859 1233.0 -11911.357 -11028.658 -19017.291 3.3852229000000005 -0.0052383906 -2.1168022
60859 1653.0 -10463.854 -11006.067000000001 -19862.926 3.5050630000000003 0.11277779 -1.9085187000000001
60859 2073.0 -8969.310300000001 -10933.996000000001 -20619.246 3.6091447 0.23028594000000002 -1.6916554000000001
60859 2493.0 -7434.4445000000005 -10812.771 -21282.851 3.6970008 0.34675803000000005 -1.467187
60859 2913.0 -5866.156900000001 -10642.938 -21850.759000000002 3.7682365 0.46167073000000003 -1.2361225
60859 3333.0 -4271.4978 -10425.259 -22320.416 3.8225320000000003 0.57450775 -0.99950041
60859 3753.0 -2657.6361 -10160.713 -22689.71 3.8596433 0.68476213 -0.75838392
60859 4173.0 -1031.827 -9850.4895 -22956.981 3.8794036000000003 0.79193853 -0.51385655
60859 4593.0 598.6209200000001 -9495.9829 -23121.026 3.881724 0.89555542 -0.26701706000000003
60859 5013.0 2226.3777000000005 -9098.7865 -23181.107 3.8665937 0.99514724 -0.018974581
60859 5433.0 3844.1256000000003 -8660.6855 -23136.952 3.8340804 1.0902665 0.22915632
60859 5853.0 5444.5916 -8183.6488 -22988.759000000002 3.7843296 1.1804856 0.47626062
60859 6273.0 7020.5801 -7669.8204000000005 -22737.193 3.7175643000000003 1.2653993000000001 0.72122783
60859 6693.0 8565.0052 -7121.5098 -22383.381 3.6340839000000003 1.3446255 0.9629569400000001
60859 7113.0 10070.923 -6541.1812 -21928.914 3.5342625 1.4178083 1.2003614
60859 7533.0 11531.56 -5931.4430999999995 -21375.833 3.4185482 1.4846181999999999 1.4323738000000001
60859 7953.0 12940.35 -5295.0363 -20726.621 3.2874600000000003 1.5447548 1.657951
60859 8373.0 14290.956 -4634.821400000001 -19984.197 3.1415863 1.5979474 1.8760784000000001
60859 8793.0 15577.304 -3953.7664 -19151.896 2.9815819 1.6439563000000001 2.0857748000000003
60859 9213.0 16793.609 -3254.9328 -18233.46 2.8081646 1.6825744 2.2860972999999998
60859 9633.0 17934.397 -2541.4635 -17233.017 2.6221149 1.7136274 2.4761428999999997
60859 10053.0 18994.536 -1816.5653 -16155.061 2.424268 1.7369754000000002 2.6550572000000003
60859 10473.0 19969.255 -1083.498 -15004.44 2.2155131000000003 1.7525128 2.8220346
60859 10893.0 20854.171000000002 -345.55808 -13786.329 1.9967884 1.7601692 2.9763229
60859 11313.0 21645.299 393.93581 -12506.203 1.7690774 1.7599099000000002 3.1172272
60859 11733.0 22339.081000000002 1131.6579 -11169.821 1.5334041999999999 1.7517354 3.2441126
60859 12153.0 22932.392 1864.2903000000001 -9783.1915 1.2908289 1.7356822 3.3564073
60859 12573.0 23422.563000000002 2588.5379 -8352.5523 1.0424429 1.7118222 3.4536053000000004
60859 12993.0 23807.387 3301.1429 -6884.3382 0.7893640199999999 1.6802625 3.5352684
60859 13413.0 24085.131 3998.9001000000003 -5385.1537 0.53273117 1.6411449 3.6010284
60859 13833.0 24254.546000000002 4678.671 -3861.7427000000002 0.27369952000000003 1.5946453 3.6505888
60859 14253.0 24314.866 5337.3978 -2320.9586 0.013435127 1.5409729 3.6837263
60859 14673.0 24265.822 5972.117700000001 -769.73302 -0.24689035 1.4803693 3.7002915
60859 15093.0 24107.634000000002 6579.9757 784.95538 -0.50610493 1.4131072999999998 3.7002098
60859 15513.0 23841.013 7158.2379 2336.1124 -0.76304167 1.3394898000000002 3.6834816000000004
60859 15933.0 23467.16 7704.3036 3876.7597 -1.0165439 1.2598482 3.6501826000000004
60859 16353.0 22987.757 8215.7171 5399.9665 -1.2654706000000002 1.1745412 3.6004631
60859 16773.0 22404.962 8690.178800000002 6898.8808 -1.5087013 1.0839531 3.5345473000000003
60859 17193.0 21721.399 9125.555400000001 8366.7601 -1.7451414 0.98849172 3.4527328
60859 17613.0 20940.143 9519.8897 9797.001900000001 -1.9737271 0.88858696 3.3553885
60859 18033.0 20064.712 9871.4092 11183.173 -2.1934302 0.78468866 3.2429533999999998
60859 18453.0 19099.044 10178.534 12519.041000000001 -2.4032624 0.67726454 3.1159344
60859 18873.0 18047.486 10439.885 13798.596 -2.6022804 0.56679815 2.974904
60859 19293.0 16914.768 10654.288 15016.087 -2.7895896 0.45378663999999996 2.8204976000000004
60859 19713.0 15705.988000000001 10820.781 16166.039 -2.9643481 0.33873851000000005 2.6534109
60859 20133.0 14426.583 10938.616 17243.282 -3.1257710000000003 0.22217128 2.4743962
60859 20553.0 13082.309000000001 11007.266 18242.974000000002 -3.2731335 0.10460925 2.2842597000000002
60859 20973.0 11679.212 11026.423 19160.623 -3.4057737 -0.013418933000000001 2.0838571999999997
60859 21393.0 10223.604 10996.003 19992.103 -3.5230967 -0.13138265999999998 1.8740905
60859 21813.0 8722.0293 10916.144 20733.68 -3.6245760000000002 -0.24875172 1.6559032
60859 22233.0 7181.241900000001 10787.208 21382.02 -3.7097567 -0.36499866 1.4302766999999998
60859 22653.0 5608.1693 10609.776 21934.213 -3.7782569 -0.47960118 1.1982256
60859 23073.0 4009.8846000000003 10384.646 22387.776 -3.8297699 -0.5920444499999999 0.96079314
60859 23493.0 2393.5733999999998 10112.832 22740.675 -3.8640652 -0.70182339 0.71904652
60859 23913.0 766.5021899999999 9795.556199999999 22991.323 -3.8809894 -0.80844498 0.4740722
60859 24333.0 -864.01477 9434.2469 23138.598 -3.8804672 -0.91143038 0.22697098
60859 24753.0 -2490.6477999999997 9030.5286 23181.837 -3.8625016999999997 -1.0103171 -0.021146888000000003
60859 25173.0 -4106.0851 8586.2166 23120.848 -3.8271739 -1.1046612 -0.26916669000000004
60859 25593.0 -5703.0651 8103.308599999999 22955.906 -3.774643 -1.1940389 -0.5159742
60859 26013.0 -7274.4095 7583.9755000000005 22687.755 -3.705145 -1.2780489 -0.7604606300000001
60859 26433.0 -8813.054900000001 7030.552000000001 22317.598 -3.6189923 -1.3563138 -1.0015276
60859 26853.0 -10312.085000000001 6445.5256 21847.102 -3.5165718000000004 -1.4284820999999999 -1.2380922
60859 27273.0 -11764.762 5831.526 21278.38 -3.3983436 -1.4942297000000002 -1.4690914000000002
60859 27693.0 -13164.555 5191.313099999999 20613.99 -3.2648384000000004 -1.553261 -1.6934873000000001
60859 28113.0 -14505.171 4527.7644 19856.917 -3.1166558 -1.6053107 -1.9102713000000002
60859 28533.0 -15780.584 3843.8624 19010.564000000002 -2.9544612000000003 -1.6501449000000001 -2.1184692
60859 28953.0 -16985.058 3142.6812000000004 18078.736 -2.778983 -1.6875619 -2.3171451000000003
60859 29373.0 -18113.18 2427.3726 17065.62 -2.5910094 -1.7173933 -2.5054054999999997
60859 29793.0 -19159.875 1701.1518 15975.772 -2.3913848 -1.7395047 -2.6824038999999997
60859 30213.0 -20120.437 967.2835200000001 14814.09 -2.1810059 -1.7537966 -2.8473443
60859 30633.0 -20990.546000000002 229.06666 13585.795 -1.9608181 -1.7602043 -2.9994844
60859 31053.0 -21766.289 -510.18007 12296.411 -1.7318109 -1.7586988 -3.1381397000000004
60859 31473.0 -22444.177 -1247.1332 10951.733 -1.4950137000000001 -1.7492866 -3.2626862
60859 31893.0 -23021.159 -1978.4796000000001 9557.808500000001 -1.251491 -1.7320096 -3.3725632
60859 32313.0 -23494.641 -2700.9309 8120.9036 -1.0023376 -1.7069454000000002 -3.4672759
60859 32733.0 -23862.491 -3411.2391000000002 6647.479700000001 -0.748674 -1.6742064 -3.5463979
60859 33153.0 -24123.055 -4106.2102 5144.1623 -0.49164097 -1.6339396 -3.6095727
60859 33573.0 -24275.16 -4782.719599999999 3617.7115 -0.2323946 -1.5863260000000001 -3.6565157
60859 33993.0 -24318.12 -5437.7254 2074.9916000000003 0.027899005 -1.5315796000000002 -3.6870154000000004
60859 34413.0 -24251.742000000002 -6068.282200000001 522.94025 0.2880689 -1.4699466 -3.7009343
60859 34833.0 -24076.323 -6671.555 -1031.4628 0.54694467 -1.4017042 -3.6982096
60859 35253.0 -23792.653000000002 -7244.8313 -2581.2271 0.80336174 -1.3271593000000002 -3.6788535
60859 35673.0 -23402.005 -7785.5333 -4119.3832 1.0561666 -1.2466473 -3.642953
60859 36093.0 -22906.138 -8291.2302 -5639.0137 1.3042219 -1.1605303 -3.5906697
60859 36513.0 -22307.28 -8759.6482 -7133.2848 1.5464120000000001 -1.0691958 -3.5222390999999997
60859 36933.0 -21608.125 -9188.6816 -8595.4767 1.7816475 -0.9730547900000001 -3.4379690999999997
60859 37353.0 -20811.818 -9576.401800000001 -10019.014000000001 2.0088703 -0.8725396500000001 -3.3382392
60859 37773.0 -19921.939000000002 -9921.0658 -11397.496000000001 2.2270588 -0.7681026000000001 -3.2234983
60859 38193.0 -18942.491 -10221.125 -12724.723 2.4352319000000002 -0.66021339 -3.0942628
60859 38613.0 -17877.878 -10475.23 -13994.728000000001 2.6324537 -0.54935726 -2.9511145
60859 39033.0 -16732.888 -10682.239 -15201.801 2.8178377 -0.43603274 -2.7946974
60859 39453.0 -15512.669 -10841.223 -16340.515000000001 2.9905507 -0.32074942 -2.6257154000000003
60859 39873.0 -14222.708 -10951.467 -17405.749 3.1498166000000003 -0.20402559 -2.4449284
60859 40293.0 -12868.806 -11012.476 -18392.716 3.2949200000000003 -0.08638598 -2.2531498
60859 40713.0 -11457.049 -11023.977 -19296.977 3.4252088 0.031640633 -2.0512419
60859 41133.0 -9993.7866 -10985.918 -20114.468 3.5400979 0.14952379999999998 -1.8401125999999999
60859 41553.0 -8485.5957 -10898.471 -20841.513 3.6390713000000003 0.26673378000000003 -1.620711
60859 41973.0 -6939.2574 -10762.03 -21474.845 3.7216845 0.38274389000000003 -1.3940234
60859 42393.0 -5361.7235 -10577.207 -22011.615 3.7875664 0.49703288 -1.1610685
60859 42813.0 -3760.0858 -10344.835000000001 -22449.411 3.8364212 0.60908727 -0.9228933500000001
60859 43233.0 -2141.5446 -10065.957 -22786.265 3.8680293000000003 0.7184036300000001 -0.6805682000000001
60859 43653.0 -513.376 -9741.8281 -23020.66 3.8822487000000003 0.82449082 -0.43518193000000005
60859 44073.0 1117.1006000000002 -9373.904 -23151.543 3.8790154 0.9268722 -0.18783717
60859 44493.0 2742.5551 -8963.8387 -23178.325 3.8583434000000003 1.0250878 0.060354684
60859 44913.0 4355.680200000001 -8513.475400000001 -23100.883 3.8203254 1.1186961 0.30827837
60859 45333.0 5949.2235 -8024.838 -22919.564000000002 3.7651315 1.2072767 0.5548197800000001
60859 45753.0 7516.0204 -7500.1227 -22635.183 3.6930093000000004 1.2904311 0.7988709300000001
60859 46173.0 9049.0262 -6941.687900000001 -22249.015 3.6042820000000004 1.3677857 1.0393349
60859 46593.0 10541.348 -6352.0435 -21762.795000000002 3.4993477 1.4389926000000002 1.2751307
60859 47013.0 11986.275 -5733.8398 -21178.707000000002 3.3786771 1.5037312999999999 1.5051983
60859 47433.0 13377.309000000001 -5089.8557 -20499.376 3.2428116 1.5617107000000001 1.7285031
60859 47853.0 14708.194 -4422.9857999999995 -19727.852 3.0923612 1.6126696999999999 1.9440407
60859 48273.0 15972.945 -3736.2282999999998 -18867.605 2.9280014000000003 1.6563788 2.1508414
60859 48693.0 17165.867000000002 -3032.6679 -17922.491 2.7504699 1.692642 2.3479772
60859 49113.0 18281.605 -2315.4735 -16896.778000000002 2.5605638 1.7212936 2.5345562
60859 49533.0 19315.13 -1587.8659 -15795.063 2.359138 1.7422058 2.7097408
60859 49953.0 20261.795000000002 -853.11761 -14622.302 2.1470969 1.7552837 2.8727421
60859 50373.0 21117.339 -114.53278999999999 -13383.768 1.9253937 1.7604682 3.0228260000000002
60859 50793.0 21877.912 624.5670600000001 -12085.031 1.6950254 1.7577353 3.1593164000000002
60859 51213.0 22540.092 1360.8579 -10731.932 1.457028 1.7470970000000001 3.2815984
60859 51633.0 23100.898 2091.0283 -9330.555400000001 1.2124723 1.7286008 3.3891208
60859 52053.0 23557.805 2811.794 -7887.205 0.9624584300000001 1.7023297 3.481399
60859 52473.0 23908.756 3519.9131 -6408.3731 0.70811166 1.6684014999999999 3.558017
60859 52893.0 24152.172000000002 4212.200400000001 -4900.7119 0.45057671 1.6269687 3.6186295
60859 53313.0 24286.956000000002 4885.5421 -3371.0037 0.19101282 1.5782178 3.6629632
60859 53733.0 24312.502 5536.9094000000005 -1826.1302 -0.069411563 1.5223681 3.6908182000000003
60859 54153.0 24228.694 6163.3725 -273.04134999999997 -0.32952402999999997 1.4596709 3.702069
60859 54573.0 24035.91 6762.1137 1281.2758000000001 -0.58815359 1.3904086 3.696665
60859 54993.0 23735.016 7330.4402 2829.8286000000003 -0.8441359300000001 1.314893 3.6746307000000002
60859 55413.0 23327.367000000002 7865.795900000001 4365.650900000001 -1.0963187 1.2334641 3.6360655000000004
60859 55833.0 22814.799 8365.7734 5881.8334 -1.3435669000000001 1.1464888000000002 3.5811437
60859 56253.0 22199.618000000002 8828.1247 7371.5560000000005 -1.5847677000000002 1.0543586 3.5101129
60859 56673.0 21484.593 9250.770900000001 8828.1175 -1.8188356 0.95748848 3.4232937000000003
60859 57093.0 20672.942 9631.8124 10244.967 -2.0447177 0.8563146 3.3210775
60859 57513.0 19768.319 9969.5364 11615.731 -2.2613978 0.7512924900000001 3.2039253
60859 57933.0 18774.793 10262.425000000001 12934.247 -2.4679016000000003 0.64289491 3.0723651
60859 58353.0 17696.836 10509.164 14194.584 -2.6633006 0.53160975 2.92699
60859 58773.0 16539.298 10708.643 15391.075 -2.8467167 0.41793782 2.7684549
60859 59193.0 15307.388 10859.969000000001 16518.343 -3.0173255 0.30239054 2.5974738000000004
60859 59613.0 14006.646 10962.462 17571.319 -3.1743609999999998 0.18548763 2.4148168
60859 60033.0 12642.924 11015.662 18545.269 -3.3171178 0.067754878 2.2213062
60859 60453.0 11222.356 11019.334 19435.818 -3.4449552 -0.050278368000000004 2.0178128
60859 60873.0 9751.3305 10973.461 20238.962 -3.5572996 -0.16808151000000002 1.8052524
60859 61293.0 8236.4638 10878.252 20951.094 -3.6536471 -0.28512509 1.584581
60859 61713.0 6684.5673 10734.136 21569.014 -3.7335658 -0.40088315999999996 1.3567912
60859 62133.0 5102.619 10541.762 22089.945 -3.7966974000000002 -0.51483564 1.1229071
60859 62553.0 3497.7316 10301.998 22511.55 -3.8427593000000004 -0.62647065 0.88398018
60859 62973.0 1877.1202 10015.922 22831.933 -3.8715454 -0.73528678 0.6410842400000001
60859 63393.0 248.07039000000003 9684.8205 23049.658 -3.8829272 -0.84079531 0.39531088000000003
60859 63813.0 -1382.0946000000001 9310.1833 23163.746 -3.8768542000000004 -0.9425224500000001 0.14776443
60859 64233.0 -3006.047 8893.695 23173.687 -3.8533543 -1.0400114 -0.10044289
60859 64653.0 -4616.486900000001 8437.228500000001 23079.438000000002 -3.8125333 -1.1328243 -0.34819599
60859 65073.0 -6206.1754 7942.8357000000005 22881.422 -3.754575 -1.2205444 -0.59438184
60859 65493.0 -7767.9668 7412.7394 22580.531 -3.6797398 -1.3027779000000002 -0.83789447
60859 65913.0 -9294.840800000002 6849.3223 22178.118000000002 -3.5883640999999997 -1.3791552 -1.0776398999999999
60859 66333.0 -10779.934000000001 6255.117 21675.992000000002 -3.4808580000000005 -1.4493334 -1.3125409
60859 66753.0 -12216.571 5632.794400000001 21076.41 -3.3577045 -1.5129971 -1.5415421
60859 67173.0 -13598.292 4985.1517 20382.067 -3.2194564999999997 -1.5698602000000001 -1.7636144999999999
60859 67593.0 -14918.887 4315.0998 19596.084 -3.0667349 -1.6196672 -1.97776
60859 68013.0 -16172.419 3625.6506000000004 18721.993 -2.9002254 -1.6621941 -2.1830159
60859 68433.0 -17353.251 2919.9030000000002 17763.724000000002 -2.7206758 -1.6972494999999999 -2.3784596000000002
60859 68853.0 -18456.074 2201.0292999999997 16725.584 -2.5288927 -1.7246757000000001 -2.5632122
60859 69273.0 -19475.928 1472.261 15612.239 -2.3257375000000002 -1.7443491 -2.7364429
60859 69693.0 -20408.229 736.87401 14428.694 -2.112123 -1.7561811 -2.8973723000000002
60859 70113.0 -21248.782 -1.8256854 13180.27 -1.8890090000000002 -1.7601181 -3.0452764
60859 70533.0 -21993.807 -740.51722 11872.579 -1.6573985 -1.7561422 -3.1794896
60859 70953.0 -22639.952 -1475.8796000000002 10511.501 -1.4183323 -1.7442709 -3.2994078
60859 71373.0 -23184.312 -2204.6067000000003 9103.153900000001 -1.1728853 -1.7245573 -3.4044912
60859 71793.0 -23624.437 -2923.4221000000002 7653.871400000001 -0.92216117 -1.6970899 -3.4942666
60859 72213.0 -23958.347 -3629.0938 6170.17 -0.66728734 -1.661992 -3.5683296
60859 72633.0 -24184.538 -4318.4490000000005 4658.7213 -0.40941011 -1.6194211 -3.6263465999999998
60859 73053.0 -24301.993000000002 -4988.388 3126.3222 -0.1496894 -1.5695686000000002 -3.6680563000000004
60859 73473.0 -24310.182 -5635.8984 1579.8636999999999 0.11070653 -1.5126587 -3.6932706
60859 73893.0 -24209.069 -6258.0689 26.300516000000002 0.37060621 -1.4489473000000002 -3.7018759
60859 74313.0 -23999.106 -6852.101900000001 -1527.381 0.6288404900000001 -1.3787208000000002 -3.6938332999999997
60859 74733.0 -23681.239 -7415.326400000001 -3074.1935 0.88424766 -1.3022952 -3.6691789
60859 75153.0 -23256.895 -7945.21 -4607.1808 1.1356787 -1.2200144 -3.6280237000000004
60859 75573.0 -22727.984 -8439.3704 -6119.4489 1.3820026 -1.1322484 -3.5705529
60859 75993.0 -22096.883 -8895.5859 -7604.196900000001 1.6221114 -1.0393921000000002 -3.4970252
60859 76413.0 -21366.432 -9311.8055 -9054.7481 1.8549251 -0.94186335 -3.4077716000000002
60859 76833.0 -20539.914 -9686.158300000001 -10464.579 2.0793966999999998 -0.8401008000000001 -3.3031941000000002
60859 77253.0 -19621.048 -10016.961 -11827.351 2.2945167 -0.73456224 -3.1837633000000003
60859 77673.0 -18613.965 -10302.728000000001 -13136.936 2.499318 -0.62572238 -3.0500167
60859 78093.0 -17523.194 -10542.175000000001 -14387.445 2.69288 -0.5140707200000001 -2.9025563
60859 78513.0 -16353.641 -10734.224 -15573.256000000001 2.8743325 -0.40010935999999997 -2.7420457000000003
60859 78933.0 -15110.565 -10878.015 -16689.037 3.0428601 -0.28435071 -2.5692068
60859 79353.0 -13799.555 -10972.9 -17729.772 3.1977056 -0.16731521000000002 -2.3848173000000004
60859 79773.0 -12426.505000000001 -11018.454 -18690.783 3.3381733 -0.049528964 -2.1897064
60859 80193.0 -10997.591 -11014.473 -19567.747 3.4636322 0.068478618 -1.9847515000000002
60859 80613.0 -9519.2348 -10960.976 -20356.725000000002 3.5735187 0.18617719 -1.7708741000000001
60859 81033.0 -7998.0845 -10858.202000000001 -21054.167 3.6673394 0.30303784 -1.5490357
60859 81453.0 -6440.9783 -10706.615 -21656.939000000002 3.7446728 0.41853546999999997 -1.3202334
60859 81873.0 -4854.9165 -10506.896 -22162.332000000002 3.8051718 0.53215117 -1.0854955
60859 82293.0 -3247.0292999999997 -10259.943000000001 -22568.072 3.8485644000000003 0.64337446 -0.84587692
60859 82713.0 -1624.5448999999999 -9966.8661 -22872.336 3.8746558 0.75170565 -0.60245446
60859 83133.0 5.2426874 -9628.9831 -23073.755 3.8833287000000003 0.8566580300000001 -0.35632191999999996
60859 83553.0 1635.0068 -9247.8125 -23171.422000000002 3.8745438 0.95776006 -0.10858525000000001
60859 83973.0 3257.4205 -8825.0674 -23164.897 3.8483403 1.0545574999999998 0.13964235
60859 84393.0 4865.1900000000005 -8362.6478 -23054.21 3.8048355000000003 1.1466152 0.38724545
60859 84813.0 6451.087 -7862.6322 -22839.854 3.7442242 1.2335196000000002 0.63311137
60859 85233.0 8007.9812 -7327.2676 -22522.794 3.6667783 1.31488 0.87613509
60859 85653.0 9528.8722 -6758.9605 -22104.452 3.572845 1.3903305000000001 1.1152243000000002
60859 86073.0 11006.921 -6160.265 -21586.707000000002 3.4628457 1.4595319 1.3493041000000001
60860 93.0 12435.482 -5533.8723 -20971.885000000002 3.3372738 1.5221728 1.5773222
60860 513.0 13808.130000000001 -4882.598 -20262.749 3.1966930000000002 1.5779712 1.7982529
60860 933.0 15118.691 -4209.3697 -19462.484 3.0417343000000003 1.6266760999999998 2.0111027999999997
60860 1353.0 16361.271 -3517.2142000000003 -18574.689000000002 2.8730934 1.6680679 2.2149139
60860 1773.0 17530.267 -2809.2392999999997 -17603.334 2.6915332 1.7019612 2.4087686
60860 2193.0 18620.449 -2088.6353 -16552.823 2.4978582 1.728201 2.5917962
60860 2613.0 19626.895 -1358.6388000000002 -15427.858 2.2929447 1.7466700000000002 2.7631715
60860 3033.0 20545.078 -622.53234 -14233.499 2.0777134999999998 1.7572845 2.9221228000000004
60860 3453.0 21370.865 116.37367 -12975.115 1.8531323 1.7599963 3.0679342000000003
60860 3873.0 22100.541 854.7562700000001 -11658.366 1.6202112 1.7547929 3.1999488
60860 4293.0 22730.821 1589.2946000000002 -10289.173 1.3799976 1.7416972000000002 3.3175718
60860 4713.0 23258.869 2316.685 -8873.694800000001 1.1335724 1.7207678000000002 3.4202731
60860 5133.0 23682.308 3033.6558 -7418.2978 0.88204426 1.6920986 3.5075898000000003
60860 5553.0 23999.23 3736.9821 -5929.5286 0.6265452800000001 1.6558184000000002 3.5791283
60860 5973.0 24208.211 4423.500400000001 -4414.084400000001 0.36822541000000003 1.6120902000000001 3.6345661000000002
60860 6393.0 24308.308 5090.1226 -2878.7825000000003 0.10824742000000001 1.5611110000000001 3.6736533000000002
60860 6813.0 24299.07 5733.8504 -1330.5297 -0.15221833 1.5031098999999999 3.6962138
60860 7233.0 24180.54 6351.7883 223.70876 -0.41199928 1.4383481999999999 3.7021458
60860 7653.0 23953.251 6941.157 1776.9406999999999 -0.66992595 1.3671172999999999 3.6914228
60860 8073.0 23618.225000000002 7499.3059 3322.1787000000004 -0.92483722 1.2897381 3.6640934
60860 8493.0 23176.97 8023.7249 4852.4712 -1.1755856000000002 1.2065591 3.6202808
60860 8913.0 22631.473 8512.055900000001 6360.934200000001 -1.4210426 1.1179547 3.5601828
60860 9333.0 21984.19 8962.1031 7840.782400000001 -1.6601035 1.0243241 3.4840706
60860 9753.0 21238.033 9371.8434 9285.3593 -1.8916927000000001 0.9260888 3.3922876000000004
60860 10173.0 20396.36 9739.4349 10688.168 -2.1147683 0.8236911800000001 3.2852475
60860 10593.0 19462.96 10063.226 12042.898000000001 -2.3283269 0.71759222 3.1634331
60860 11013.0 18442.033 10341.761 13343.460000000001 -2.5314083000000003 0.6082695200000001 3.0273934
60860 11433.0 17338.172 10573.79 14584.003 -2.7230996000000003 0.49621508999999997 2.8777415
60860 11853.0 16156.344000000001 10758.27 15758.951000000001 -2.9025392 0.38193318 2.7151515
60860 12273.0 14901.868 10894.374 16863.021 -3.0689209 0.26593785000000003 2.5403557
60860 12693.0 13580.384 10981.491 17891.251 -3.2214977 0.14875089 2.3541412
60860 13113.0 12197.838 11019.231 18839.018 -3.3595843 0.030899273999999997 2.1573462
60860 13533.0 10760.449 11007.427 19702.064000000002 -3.4825611 -0.087087156 1.9508565000000002
60860 13953.0 9274.679800000002 10946.133 20476.510000000002 -3.5898762000000004 -0.20467804 1.7356009
60860 14373.0 7747.213 10835.627 21158.877 -3.6810485 -0.32134493 1.5125476000000002
60860 14793.0 6184.916700000001 10676.406 21746.099000000002 -3.7556692 -0.43656358 1.2826999000000001
60860 15213.0 4594.8152 10469.189 22235.538 -3.8134041 -0.5498163899999999 1.0470909
60860 15633.0 2984.0578 10214.907000000001 22624.997 -3.8539946 -0.66059462 0.80677993
60860 16053.0 1359.8858 9914.7055 22912.726 -3.8772591000000003 -0.7684007500000001 0.56284685
60860 16473.0 -270.39937 9569.9345 23097.435 -3.8830940999999997 -0.8727506100000001 0.31638787
60860 16893.0 -1899.4691 9182.1446 23178.293 -3.8714737 -0.9731756100000001 0.068510361
60860 17313.0 -3520.0006000000003 8753.0797 23154.941 -3.8424508 -1.0692248 -0.17967202000000002
60860 17733.0 -5124.709400000001 8284.6688 23027.482 -3.7961561 -1.1604668 -0.42704430000000004
60860 18153.0 -6706.3825 7779.018 22796.492000000002 -3.7327977999999997 -1.246492 -0.6724952
60860 18573.0 -8257.9102 7238.4001 22463.010000000002 -3.6526606000000004 -1.326914 -0.9149220400000001
60860 18993.0 -9772.3184 6665.245400000001 22028.534 -3.5561044 -1.4013715 -1.1532357
60860 19413.0 -11242.800000000001 6062.130099999999 21495.018 -3.4435629 -1.46953 -1.3863655000000001
60860 19833.0 -12662.744 5431.765 20864.859 -3.3155414000000003 -1.5310835 -1.6132638
60860 20253.0 -14025.767 4776.9836 20140.891 -3.1726147 -1.5857551 -1.8329111
60860 20673.0 -15325.743 4100.7288 19326.367000000002 -3.0154248 -1.6332991 -2.0443200999999998
60860 21093.0 -16556.826 3406.0402999999997 18424.949 -2.8446774 -1.6735017 -2.2465406
60860 21513.0 -17713.481 2696.0407 17440.687 -2.6611393 -1.706182 -2.4386633000000004
60860 21933.0 -18790.507 1973.9213000000002 16378.007 -2.4656351 -1.7311929000000001 -2.6198244
60860 22353.0 -19783.062 1242.9283 15241.684000000001 -2.2590429 -1.7484216 -2.7892089
60860 22773.0 -20686.681 506.34771 14036.827000000001 -2.042291 -1.7577906 -2.9460549
60860 23193.0 -21497.3 -232.50925 12768.852 -1.8163534 -1.7592572 -3.0896565999999996
60860 23613.0 -22211.274 -970.3209 11443.460000000001 -1.5822455 -1.7528146999999998 -3.2193679000000004
60860 24033.0 -22825.39 -1703.7702 10066.61 -1.3410198 -1.7384917 -3.3346046
60860 24453.0 -23336.885000000002 -2429.5595 8644.491699999999 -1.0937607 -1.7163523 -3.4348481000000004
60860 24873.0 -23743.46 -3144.4255000000003 7183.5 -0.8415801 -1.6864957999999999 -3.5196469
60860 25293.0 -24043.282 -3845.1542000000004 5690.2044000000005 -0.5856120300000001 -1.6490563 -3.588619
60860 25713.0 -24235.005 -4528.594599999999 4171.3197 -0.32700777 -1.6042020000000001 -3.6414535999999997
60860 26133.0 -24317.763 -5191.673900000001 2633.6762000000003 -0.06693050700000001 -1.5521345 -3.6779128
60860 26553.0 -24291.184 -5831.410400000001 1084.1888999999999 0.19344979 -1.4930879 -3.6978321000000003
60860 26973.0 -24155.387 -6444.9277 -470.17422 0.45296175 -1.4273277 -3.7011218
60860 27393.0 -23910.981 -7029.467000000001 -2022.4228 0.7104379300000001 -1.3551496 -3.6877667
60860 27813.0 -23559.066 -7582.4002 -3565.5761 0.96472 -1.2768785 -3.6578271
60860 28233.0 -23101.224000000002 -8101.2411 -5092.6942 1.214664 -1.1928663 -3.6114376000000004
60860 28653.0 -22539.513 -8583.657000000001 -6596.9096 1.4591457 -1.1034911 -3.548807
60860 29073.0 -21876.46 -9027.479 -8071.4575 1.6970652 -1.009155 -3.4702172
60860 29493.0 -21115.047 -9430.7119 -9509.707 1.9273526 -0.91028225 -3.3760222
60860 29913.0 -20258.698 -9791.5432 -10905.19 2.1489721 -0.8073178000000001 -3.266646
60860 30333.0 -19311.263 -10108.351 -12251.633 2.3609272999999997 -0.70072474 -3.1425808
60860 30753.0 -18277.005 -10379.711 -13542.98 2.5622651000000003 -0.59098254 -3.0043851
60860 31173.0 -17160.574 -10604.404 -14773.425000000001 2.7520805 -0.47858473 -2.8526808000000003
60860 31593.0 -15966.99 -10781.421 -15937.436 2.9295204 -0.36403676 -2.6881505000000003
60860 32013.0 -14701.621000000001 -10909.966 -17029.779 3.0937873000000002 -0.24785366 -2.5115342999999997
60860 32433.0 -13370.157000000001 -10989.462 -18045.544 3.2441431 -0.13055776 -2.3236268
60860 32853.0 -11978.584 -11019.553 -18980.163 3.3799124000000003 -0.012676304999999999 -2.1252729
60860 33273.0 -10533.158 -11000.103000000001 -19829.435 3.5004853 0.10526086 -1.9173647
60860 33693.0 -9040.3797 -10931.2 -20589.542 3.6053202 0.22272372999999998 -1.7008369
60860 34113.0 -7506.9589000000005 -10813.155 -21257.067 3.6939463000000003 0.33918445 -1.4766628000000002
60860 34533.0 -5939.7901 -10646.499 -21829.009000000002 3.7659655 0.45411975000000004 -1.24585
60860 34953.0 -4345.9185 -10431.98 -22302.797 3.8210545000000002 0.5670132200000001 -1.0094359
60860 35373.0 -2732.5096000000003 -10170.565 -22676.3 3.8589656 0.67735764 -0.76848295
60860 35793.0 -1106.8165000000001 -9863.426300000001 -22947.839 3.8795287 0.78465725 -0.52407385
60860 36213.0 523.85247 -9511.9462 -23116.192 3.8826511 0.8884299800000001 -0.27730687
60860 36633.0 2152.1664 -9117.7042 -23180.602 3.8683185 0.98820956 -0.029290839
60860 37053.0 3770.8049 -8682.472099999999 -23140.777000000002 3.836595 1.0835476000000002 0.21885978
60860 37473.0 5372.491 -8208.2061 -22996.897 3.7876227 1.1740157 0.46602986
60860 37893.0 6950.0235999999995 -7697.037700000001 -22749.605 3.7216211 1.2592073000000001 0.71110862
60860 38313.0 8496.3097 -7151.2645 -22400.013 3.638886 1.3387392 0.9529945400000001
60860 38733.0 10004.397 -6573.3393 -21949.689000000002 3.5397885000000002 1.412254 1.1906003
60860 39153.0 11467.503 -5965.8599 -21400.657 3.4247732 1.4794209 1.4228578
60860 39573.0 12879.050000000001 -5331.5569000000005 -20755.384000000002 3.2943561 1.5399377 1.6487226000000001
60860 39993.0 14232.688 -4673.2815 -20016.768 3.1491227 1.5935322 1.8671789
60860 40413.0 15522.329 -3993.993 -19188.128 2.989725 1.6399628 2.0772440000000003
60860 40833.0 16742.181 -3296.7461000000003 -18273.197 2.816876 1.6790202 2.2779735999999997
60860 41253.0 17886.752 -2584.678 -17276.089 2.6313537 1.7105276 2.4684622
60860 41673.0 18950.875 -1860.9835 -16201.26 2.4339969999999997 1.7343451 2.6478539000000003
60860 42093.0 19929.777000000002 -1128.9202 -15053.559000000001 2.2256888 1.7503639000000002 2.8153411000000004
60860 42513.0 20819.052 -391.77997999999997 -13838.147 2.0073652 1.7585115 2.9701693000000002
60860 42933.0 21614.699 347.12216 -12560.487000000001 1.7800079000000002 1.7587508 3.1116412
60860 43353.0 22313.137 1084.4632 -11226.327000000001 1.5446394 1.7510803000000001 3.2391194000000003
60860 43773.0 22911.222 1816.9269 -9841.6668 1.3023184 1.7355341000000002 3.3520295
60860 44193.0 23406.263 2541.2187999999996 -8412.7336 1.0541353 1.7121819 3.4498627
60860 44613.0 23796.031 3254.0813 -6945.955 0.80120673 1.6811284000000002 3.5321778
60860 45033.0 24078.772 3952.3079 -5447.929 0.54467106 1.6425132000000002 3.5986039
60860 45453.0 24253.212 4632.7579000000005 -3925.3945 0.28568297000000004 1.5965099 3.6488415
60860 45873.0 24318.565 5292.3707 -2385.2006 0.025408311000000003 1.5433256 3.6826641
60860 46293.0 24274.538 5928.179400000001 -834.27637 -0.23498124 1.4831995 3.6999194
60860 46713.0 24121.329 6537.3241 720.40102 -0.49431343 1.4164023 3.7005296
60860 47133.0 23859.627 7117.0653 2271.8374 -0.7514208099999999 1.3432349 3.684492
60860 47553.0 23490.609 7664.7955999999995 3813.0534 -1.0051459999999999 1.2640266999999998 3.6518791999999998
60860 47973.0 23015.938000000002 8178.0518 5337.1157 -1.2543468 1.1791342999999999 3.6028384
60860 48393.0 22437.748 8654.5261 6837.1684000000005 -1.4979018000000002 1.0889402000000001 3.5375909
60860 48813.0 21758.644 9092.0761 8306.464 -1.7347149 0.9938504100000001 3.4564310999999996
60860 49233.0 20981.681 9488.734900000001 9738.393800000002 -1.9637205 0.89429319 3.359725
60860 49653.0 20110.356 9842.7196 11126.517 -2.1838885 0.7907167700000001 3.2479088000000003
60860 50073.0 19148.591 10152.44 12464.592 -2.3942288 0.68358745 3.1214863999999998
60860 50493.0 18100.713 10416.503 13746.601 -2.5937956 0.57338742 2.9810278
60860 50913.0 16971.437 10633.724 14966.778 -2.7816918 0.46061262000000003 2.8271658000000004
60860 51333.0 15765.844000000001 10803.128 16119.640000000001 -2.9570731 0.34577050000000004 2.6605935
60860 51753.0 14489.358 10923.955 17200.002 -3.1191516000000004 0.22937761 2.4820610000000003
60860 52173.0 13147.721 10995.662 18203.009000000002 -3.2671995000000003 0.11195751 2.2923724
60860 52593.0 11746.968 11017.929 19124.153000000002 -3.4005522000000004 -0.005961850100000001 2.0923811999999997
60860 53013.0 10293.399 10990.658 19959.293 -3.5186111 -0.12385033000000001 1.8829874
60860 53433.0 8793.5502 10913.973 20704.677 -3.6208468 -0.24117807 1.6651331
60860 53853.0 7254.167200000001 10788.221 21356.957000000002 -3.7068006000000002 -0.3574178 1.4397980000000001
60860 54273.0 5682.1714 10613.968 21913.202 -3.7760875 -0.47204725000000003 1.2079955
60860 54693.0 4084.6309 10391.999 22370.914 -3.8283971 -0.58455148 0.9707676000000001
60860 55113.0 2468.7279 10123.313 22728.036 -3.8634951 -0.69442513 0.72918062
60860 55533.0 841.7269100000001 9809.118900000001 22982.967 -3.8812248 -0.80117476 0.48432027
60860 55953.0 -789.05795 9450.8305 23134.561 -3.8815071 -0.90432095 0.23728686
60860 56373.0 -2416.2960000000003 9050.0587 23182.139 -3.8643415 -1.0034005 -0.010809711
60860 56793.0 -4032.6725 8608.6057 23125.488 -3.8298054 -1.0979685 -0.2588548
60860 57213.0 -5630.9220000000005 8128.4563 22964.864 -3.7780543 -1.1876003000000002 -0.50573408
60860 57633.0 -7203.8603 7611.769 22700.99 -3.7093209000000003 -1.2718934 -0.75033845
60860 58053.0 -8744.4169 7060.866400000001 22335.052 -3.623914 -1.3504692 -0.99156904
60860 58473.0 -10245.667 6478.2249 21868.696 -3.5222170999999998 -1.4229746 -1.2283421
60860 58893.0 -11700.862000000001 5866.4633 21304.018 -3.4046871000000003 -1.4890841000000001 -1.4595936999999999
60860 59313.0 -13103.461000000001 5228.3314 20643.556 -3.2718517 -1.5485005 -1.6842848
60860 59733.0 -14447.158 4566.6974 19890.279 -3.1243072 -1.6009568 -1.9014056000000001
60860 60153.0 -15725.912 3884.5352000000003 19047.572 -2.9627163000000003 -1.6462171 -2.1099802
60860 60573.0 -16933.975 3184.9111000000003 18119.224000000002 -2.7878047 -1.6840779000000001 -2.309071
60860 60993.0 -18065.913 2470.9697 17109.406 -2.6003578000000003 -1.7143687 -2.4977828
60860 61413.0 -19116.638 1745.9204 16022.658 -2.4012179000000002 -1.7369533 -2.6752669
60860 61833.0 -20081.424 1013.0223000000001 14863.866 -2.1912794 -1.7517297 -2.8407251000000002
60860 62253.0 -20955.933 275.57008 13638.237000000001 -1.9714857 -1.7586312000000002 -2.9934129
60860 62673.0 -21736.23 -463.12095 12351.283 -1.7428245 -1.7576267 -3.1326433000000002
60860 63093.0 -22418.808 -1199.7299 11008.789 -1.5063237 -1.7487201 -3.2577896
60860 63513.0 -23000.594 -1930.945 9616.7908 -1.2630464 -1.7319514 -3.3682884
60860 63933.0 -23478.971 -2653.4787 8181.5473 -1.0140864 -1.7073957 -3.4636423
60860 64353.0 -23851.787 -3364.0824 6709.512 -0.7605632600000001 -1.675163 -3.5434217
60860 64773.0 -24117.365 -4059.561 5207.304099999999 -0.5036171 -1.6353983 -3.6072673
60860 65193.0 -24274.508 -4736.7874 3681.6787999999997 -0.24440364 -1.5882802 -3.6548915
60860 65613.0 -24322.510000000002 -5392.7164 2139.4967 0.015911182 -1.5340205 -3.6860796000000002
60860 66033.0 -24261.152000000002 -6024.398700000001 587.69302 0.27615628 -1.4728631 -3.7006911000000002
60860 66453.0 -24090.712 -6628.9941 -966.75355 0.53516092 -1.4050831000000001 -3.6986601
60860 66873.0 -23811.954 -7203.7839 -2516.8523999999998 0.79175994 -1.3309853 -3.6799953999999997
60860 67293.0 -23426.132 -7746.1838 -4055.6324 1.044799 -1.2509032 -3.6447812
60860 67713.0 -22934.981 -8253.7551 -5576.1735 1.2931397 -1.1651969999999998 -3.5931758
60860 68133.0 -22340.709 -8724.215800000002 -7071.6375 1.535665 -1.0742521999999999 -3.5254116
60860 68553.0 -21645.989 -9155.4507 -8535.2994 1.771284 -0.97847801 -3.4417938
60860 68973.0 -20853.946 -9545.521400000001 -9960.5771 1.9989371000000002 -0.87830531 -3.3426986000000003
60860 69393.0 -19968.141 -9892.6744 -11341.062 2.2176004 -0.7741847199999999 -3.2285722000000003
60860 69813.0 -18992.558 -10195.349 -12670.545 2.4262908000000003 -0.66658459 -3.0999284
60860 70233.0 -17931.584 -10452.186 -13943.050000000001 2.6240701 -0.55598886 -2.9573460000000003
60860 70653.0 -16789.991 -10662.03 -15152.854000000001 2.8100491 -0.44289491 -2.8014667
60860 71073.0 -15572.912 -10823.939 -16294.518 2.9833921 -0.32781128000000004 -2.6329917999999997
60860 71493.0 -14285.82 -10937.186 -17362.909 3.1433201 -0.21125539000000002 -2.4526793
60860 71913.0 -12934.503 -11001.261 -18353.225000000002 3.2891145 -0.093751238 -2.2613401
60860 72333.0 -11525.035 -11015.878 -19261.012 3.4201204 0.024173019 -2.0598347
60860 72753.0 -10063.754 -10980.971 -20082.189000000002 3.5357493 0.14198737 -1.8490692
60860 73173.0 -8557.2312 -10896.698 -20813.066 3.6354819000000003 0.25916237999999997 -1.6299911
60860 73593.0 -7012.238200000001 -10763.438 -21450.356 3.7188702 0.37517151000000004 -1.4035852
60860 74013.0 -5435.7213 -10581.79 -21991.194 3.7855398 0.48949351 -1.1708691
60860 74433.0 -3834.7677000000003 -10352.571 -22433.149 3.8351912 0.60161474 -0.9328887
60860 74853.0 -2216.5748 -10076.812 -22774.233 3.8676013 0.71103147 -0.6907133700000001
60860 75273.0 -588.41713 -9755.7525 -23012.913 3.8826246 0.8172521100000001 -0.44543138
60860 75693.0 1042.3858 -9390.8349 -23148.115 3.8801932000000003 0.91979942 -0.19814488
60860 76113.0 2668.5026000000003 -8983.6998 -23179.23 3.8603179 1.0182126 0.050034957
60860 76533.0 4282.6227 -8536.177099999999 -23106.117000000002 3.8230875 1.1120495000000001 0.29799293
60860 76953.0 5877.4894 -8050.2780999999995 -22929.103 3.7686688 1.2008884 0.5446147600000001
60860 77373.0 7445.932 -7528.1866 -22648.982 3.6973058 1.2843298 0.7887920900000001
60860 77793.0 8980.8985 -6972.2493 -22267.013 3.6093185 1.3619988 1.0294274
60860 78213.0 10475.487000000001 -6384.9648 -21784.911 3.5051014 1.433546 1.2654391
60860 78633.0 11922.977 -5768.972900000001 -21204.84 3.3851221000000002 1.4986496 1.4957659
60860 79053.0 13316.858 -5127.0424 -20529.408 3.2499191 1.5570165999999999 1.7193723
60860 79473.0 14650.862000000001 -4462.059 -19761.65 3.1000993 1.6083843 1.9352524000000002
60860 79893.0 15918.989 -3777.0121000000004 -18905.014 2.9363352000000003 1.6525214000000001 2.1424351
60860 80313.0 17115.523 -3074.9768 -17963.335 2.7593633 1.6892306000000001 2.3399917
60860 80733.0 18235.107 -2359.119 -16940.882 2.5699753999999997 1.7183430000000002 2.5270264000000005
60860 81153.0 19272.686 -1632.6515 -15842.227 2.3690256 1.7397291000000001 2.7027004000000003
60860 81573.0 20223.596 -898.84193 -14672.315 2.1574161 1.7532922000000002 2.8662227
60860 81993.0 21083.556 -160.9901 -13436.405 1.9360983 1.7589707 3.0168569000000005
60860 82413.0 21848.698 577.58578 -12140.055 1.7060672 1.7567386 3.1539243999999997
60860 82833.0 22515.578 1313.5641 -10789.095 1.4683575000000002 1.7466057000000001 3.2768076
60860 83253.0 23081.193 2043.6346 -9389.6001 1.2240385 1.7286171 3.3849528
60860 83673.0 23542.999 2764.5137000000004 -7947.8661 0.97420953 1.7028534 3.4778725
60860 84093.0 23898.915 3472.9590000000003 -6470.3777 0.7199948500000001 1.6694304 3.5551479
60860 84513.0 24147.34 4165.7839 -4963.7812 0.46253863 1.6284983 3.6164307
60860 84933.0 24287.156 4839.8719 -3434.8539 0.20299974 1.5802412 3.6614445
60860 85353.0 24317.732 5492.1912 -1890.4741000000001 -0.05745348 1.5248761 3.6899866
60860 85773.0 24238.931 6119.8075 -337.58959999999996 -0.3176485 1.4626524 3.7019282
60860 86193.0 24051.108 6719.898099999999 1216.8136000000002 -0.5764139699999999 1.3938502000000002 3.6972157
60861 213.0 23755.107 7289.763900000001 2765.7426 -0.83258496 1.3187792 3.6758704
60861 633.0 23352.261000000002 7826.8422 4302.2293 -1.0850083 1.2377775 3.6379888
60861 1053.0 22844.384000000002 8328.717700000001 5819.3617 -1.3325479 1.1512099 3.5837418
60861 1473.0 22233.761000000002 8793.1337 7310.3152 -1.5740895000000001 1.0594663 3.5133743
60861 1893.0 21523.14 9218.0025 8768.3834 -1.8085463 0.96295981 3.4272037
60861 2313.0 20715.721 9601.413900000001 10187.008 -2.0348635 0.86212497 3.3256187
60861 2733.0 19815.137 9941.644900000001 11559.809000000001 -2.2520230999999997 0.7574157699999999 3.2090772000000003
60861 3153.0 18825.441 10237.167 12880.612000000001 -2.4590484000000004 0.64930358 3.0781048
60861 3573.0 17751.086 10486.652 14143.479000000001 -2.6550088 0.53827502 2.9332916
60861 3993.0 16596.906 10688.979 15342.73 -2.8390234000000003 0.42482970999999997 2.7752901000000003
60861 4413.0 15368.095000000001 10843.242 16472.976 -3.0102655 0.30947807 2.604812
60861 4833.0 14070.179 10948.747 17529.133 -3.1679659 0.19273896 2.422625
60861 5253.0 12708.999 11005.022 18506.456000000002 -3.3114164 0.07513740799999999 2.2295494
60861 5673.0 11290.675000000001 11011.815 19400.552 -3.4399732 -0.042797813 2.0264541
60861 6093.0 9821.5874 10969.099 20207.402000000002 -3.5530593 -0.16053655 1.8142529
60861 6513.0 8308.3425 10877.066 20923.383 -3.6501676000000005 -0.27754962 1.5939004
60861 6933.0 6757.7448 10736.132 21545.276 -3.7308628 -0.39331122 1.3663876000000001
60861 7353.0 5176.7666 10546.933 22070.289 -3.7947831 -0.50730126 1.1327375
60861 7773.0 3572.5159 10310.319 22496.063000000002 -3.8416424000000005 -0.6190076800000001 0.8940004300000001
60861 8193.0 1952.2052 10027.356 22820.687 -3.8712310000000003 -0.72792875 0.65124941
60861 8613.0 323.11862 9699.317500000001 23042.703 -3.8834168 -0.83357528 0.40557533
60861 9033.0 -1307.4205 9327.6781 23161.116 -3.8781456 -0.93547286 0.1580821
60861 9453.0 -2932.0827999999997 8914.1093 23175.393 -3.8554418 -1.0331639000000001 -0.090118318
60861 9873.0 -4543.5651 8460.470800000001 23085.474000000002 -3.8154077 -1.1262097000000002 -0.33791087
60861 10293.0 -6134.6239000000005 7968.8021 22891.761000000002 -3.7582236 -1.2141925000000002 -0.58418236
60861 10713.0 -7698.1075 7441.313400000001 22595.128 -3.6841463 -1.2967171000000002 -0.82782645
60861 11133.0 -9226.988 6880.3758 22196.908 -3.5935087 -1.3734129000000002 -1.0677485999999998
60861 11553.0 -10714.393 6288.5109 21698.892 -3.4867179999999998 -1.4439354000000002 -1.3028708
60861 11973.0 -12153.636 5668.3787999999995 21103.317 -3.3642536 -1.5079677 -1.5321367000000001
60861 12393.0 -13538.248 5022.767 20412.861 -3.2266654 -1.5652222 -1.7545161
60861 12813.0 -14862.004 4354.5773 19630.627 -3.0745713 -1.6154413 -1.9690094999999999
60861 13233.0 -16118.953 3666.813 18760.132 -2.9086543000000002 -1.6583994 -2.1746529
60861 13653.0 -17303.443 2962.5656000000004 17805.288 -2.7296595000000003 -1.6939031 -2.3705218
60861 14073.0 -18410.148 2245.0005 16770.386 -2.5383908 -1.7217928 -2.5557354
60861 14493.0 -19434.093 1517.3434 15660.079 -2.3357075 -1.7419427 -2.7294607
60861 14913.0 -20370.672 782.8651 14479.357 -2.1225201 -1.7542621 -2.8909164
60861 15333.0 -21215.673 44.867468 13233.528 -1.8997865999999999 -1.7586952000000002 -3.0393761
60861 15753.0 -21965.296000000002 -693.3318 11928.194 -1.6685079 -1.7552218000000002 -3.1741715
60861 16173.0 -22616.169 -1428.4139 10569.223 -1.4297238 -1.7438573 -3.2946961000000003
60861 16593.0 -23165.363 -2157.0741000000003 9162.723699999999 -1.1845075 -1.7246524 -3.4004071
60861 17013.0 -23610.409 -2876.0362000000005 7715.0215 -0.93396178 -1.6976932999999998 -3.4908287000000002
60861 17433.0 -23949.303 -3582.0677 6232.6255 -0.6792132000000001 -1.6631010000000002 -3.5655535
60861 17853.0 -24180.52 -4271.994 4722.2015 -0.42140749 -1.6210308 -3.624245
60861 18273.0 -24303.019 -4942.713 3190.5417 -0.16170421 -1.5716718 -3.6666386
60861 18693.0 -24316.249 -5591.2088 1644.5339 0.098728439 -1.5152459 -3.6925434
60861 19113.0 -24220.149 -6214.5656 91.13042 0.35871886999999997 -1.4520068000000002 -3.7018426
60861 19533.0 -24015.151 -6809.9804 -1462.6828 0.6170975 -1.382239 -3.694494
60861 19953.0 -23702.176 -7374.7761 -3009.9181000000003 0.8727019699999999 -1.3062562 -3.6705306
60861 20373.0 -23282.631 -7906.4133 -4543.6173 1.1243824 -1.2244003 -3.6300604
60861 20793.0 -22758.403000000002 -8402.5016 -6056.883 1.3710067 -1.1370395000000002 -3.5732654000000004
60861 21213.0 -22131.849000000002 -8860.8107 -7542.9102 1.6114653 -1.0445669 -3.5004013
60861 21633.0 -21405.786 -9279.2802 -8995.016099999999 1.8446769 -0.94739841 -3.4117961
60861 22053.0 -20583.482 -9656.029 -10406.671 2.0695926 -0.84597123 -3.3078488000000004
60861 22473.0 -19668.632 -9989.3636 -11771.526 2.2852009 -0.7407416 -3.1890270999999997
60861 22893.0 -18665.352 -10277.786 -13083.446 2.4905325 -0.63218284 -3.0558658999999997
60861 23313.0 -17578.153000000002 -10519.999 -14336.53 2.6846643 -0.52078319 -2.9089646
60861 23733.0 -16411.924 -10714.916000000001 -15525.145 2.8667236 -0.40704360000000006 -2.748984
60861 24153.0 -15171.91 -10861.66 -16643.946 3.0358923 -0.2914755 -2.5766439
60861 24573.0 -13863.686 -10959.572 -17687.903000000002 3.1914103000000003 -0.17459847 -2.3927196
60861 24993.0 -12493.135 -11008.213 -18652.324 3.3325787 -0.056937901 -2.1980383000000003
60861 25413.0 -11066.418 -11007.364 -19532.872 3.4587635 0.060977356 -1.9934754000000001
60861 25833.0 -9589.9506 -10957.031 -20325.588 3.5693978000000004 0.17861736 -1.7799505999999998
60861 26253.0 -8070.3707 -10857.438 -21026.91 3.6639847 0.29545348000000005 -1.5584238000000001
60861 26673.0 -6514.509900000001 -10709.036 -21633.684 3.7420994999999997 0.41096072 -1.3298909
60861 27093.0 -4929.362700000001 -10512.49 -22143.181 3.8033913 0.52462009 -1.0953788
60861 27513.0 -3322.0553 -10268.685 -22553.112 3.8475847 0.6359209499999999 -0.8559415699999999
60861 27933.0 -1699.8135 -9978.7168 -22861.633 3.8744812000000004 0.74436324 -0.61265506
60861 28353.0 -69.92996400000001 -9643.888500000001 -23067.356 3.8839599 0.84945975 -0.36661249
60861 28773.0 1560.268 -9265.7052 -23169.356 3.8759778000000003 0.9507382700000001 -0.11891946
60861 29193.0 3183.4515 -8845.8666 -23167.174 3.8505706 1.0477437 0.12931106
60861 29613.0 4792.3233 -8386.2598 -23060.816 3.807852 1.1400401999999998 0.3769636
60861 30033.0 6379.650000000001 -7888.9503 -22850.761000000002 3.7480132 1.2272129 0.62292524
60861 30453.0 7938.2948 -7356.1733 -22537.95 3.6713227 1.3088697999999999 0.8660905299999999
60861 30873.0 9461.2496 -6790.3234 -22123.789 3.5781241 1.3846439000000001 1.1053665000000001
60861 31293.0 10941.666000000001 -6193.9438 -21610.138 3.4688357 1.4541945 1.3396774
60861 31713.0 12372.887 -5569.7153 -20999.303 3.3439477 1.5172084000000001 1.5679699
60861 32133.0 13748.476 -4920.443700000001 -20294.03 3.2040205999999998 1.5734023 1.7892171000000001
60861 32553.0 15062.247000000001 -4249.0478 -19497.487 3.0496825 1.6225231000000002 2.002424
60861 32973.0 16308.291000000001 -3558.5460000000003 -18613.255 2.8816262000000004 1.6643493 2.2066312
60861 33393.0 17480.994 -2852.041 -17645.3 2.7006097000000002 1.6986931 2.4009191000000003
60861 33813.0 18575.095 -2132.7122000000004 -16597.988 2.5074403000000003 1.7253988 2.584415
60861 34233.0 19585.665 -1403.7925 -15476.019 2.3029892 1.7443462 2.7562918
60861 34653.0 20508.155 -668.5597700000001 -14284.439 2.0881751 1.7554494999999999 2.9157755
60861 35073.0 21338.416 69.679657 -13028.604000000001 1.8639639 1.7586583 3.0621478000000004
60861 35493.0 22072.71 807.60574 -11714.163 1.6313639000000002 1.7539578 3.1947493000000002
60861 35913.0 22707.734 1541.8997 -10347.026 1.3914212000000001 1.7413688 3.3129824
60861 36333.0 23240.627 2269.2589 -8933.3438 1.1452154 1.7209475 3.4163144
60861 36753.0 23668.993000000002 2986.4117 -7479.473900000001 0.8938542700000001 1.6927856 3.5042795
60861 37173.0 23990.901 3690.1326000000004 -5991.9563 0.6384691100000001 1.6570094 3.5764811
60861 37593.0 24204.904000000002 4377.2561 -4477.4825 0.38020939 1.61378 3.6325938
60861 38013.0 24310.038 5044.691400000001 -2942.8657000000003 0.12023764 1.5632918 3.6723646
60861 38433.0 24305.828 5689.4366 -1395.0095000000001 -0.14027581 1.5057719 3.6956144
60861 38853.0 24192.294 6308.5915 159.1224 -0.40015816000000004 1.4414793 3.7022382
60861 39273.0 23969.947 6899.371400000001 1712.5384 -0.65823942 1.3707035 3.6922064999999997
60861 39693.0 23639.788 7459.1193 3258.2501 -0.9133577900000001 1.2937632000000001 3.6655646
60861 40113.0 23203.302 7985.3178 4789.3038 -1.1643649 1.2110048 3.6224328
60861 40533.0 22662.455 8475.600900000001 6298.812 -1.4101309000000002 1.1228012 3.5630059000000003
60861 40953.0 22019.681 8927.764000000001 7779.9846 -1.6495497000000001 1.0295495000000001 3.4875519
60861 41373.0 21277.873 9339.7744 9226.159099999999 -1.8815442 0.9316696 3.3964112
60861 41793.0 20440.37 9709.7801 10630.831 -2.1050705 0.8296022799999999 3.289995
60861 42213.0 19510.94 10036.118 11987.683 -2.3191234 0.72380706 3.168783
60861 42633.0 18493.768 10317.323 13290.614 -2.5227402000000003 0.61476017 3.0333215
60861 43053.0 17393.428 10552.130000000001 14533.763 -2.7150057000000003 0.50295239 2.8842212
60861 43473.0 16214.873 10739.487000000001 15711.543 -2.8950558 0.38888686 2.7221536
60861 43893.0 14963.405 10878.551 16818.659 -3.0620816 0.27307671 2.5478488
60861 44313.0 13644.653 10968.7 17850.133 -3.2153329 0.15604286 2.3620916000000003
60861 44733.0 12264.550000000001 11009.529 18801.33 -3.3541216 0.038311621000000004 2.1657183
60861 45153.0 10829.303 11000.858 19667.974000000002 -3.4778249000000003 -0.079587698 1.9596126
60861 45573.0 9345.367400000001 10942.726 20446.171000000002 -3.5858878 -0.19712513 1.7447018
60861 45993.0 7819.4155 10835.397 21132.426 -3.6778257 -0.31377245 1.5219526
60861 46413.0 6258.3094 10679.355 21723.654000000002 -3.7532262999999997 -0.42900553 1.2923666
60861 46833.0 4669.0683 10475.303 22217.201 -3.8117520000000003 -0.5423066700000001 1.0569762
60861 47253.0 3058.8372999999997 10224.16 22610.849000000002 -3.8531407 -0.65316693 0.81683942
60861 47673.0 1434.8555000000001 9927.0546 22902.832000000002 -3.8772073000000002 -0.7610884200000001 0.5730355100000001
60861 48093.0 -195.57641 9585.3247 23091.839 -3.8838445000000004 -0.86558645 0.32666005000000004
60861 48513.0 -1825.1293 9200.507 23177.022 -3.8730231 -0.9661917600000001 0.07882006800000001
60861 48933.0 -3446.4781000000003 8774.332 23157.999 -3.8447922 -1.0624526 -0.16937096
60861 49353.0 -5052.334900000001 8308.7157 23034.857 -3.7992790000000003 -1.1539367 -0.41679804000000004
60861 49773.0 -6635.4813 7805.7515 22808.151 -3.7366883 -1.2402333 -0.66234963
60861 50193.0 -8188.801200000001 7267.700400000001 22478.901 -3.6573013000000003 -1.3209547 -0.9049226200000001
60861 50613.0 -9705.3124 6696.981 22048.586 -3.5614746 -1.3957384 -1.1434272
60861 51033.0 -11178.198 6096.1585000000005 21519.141 -3.4496386 -1.4642486 -1.3767919
60861 51453.0 -12600.838 5467.9337000000005 20892.947 -3.3222955 -1.5261773 -1.6039681000000001
60861 51873.0 -13966.835000000001 4815.130099999999 20172.818 -3.1800171 -1.5812463 -1.823935
60861 52293.0 -15270.050000000001 4140.6819 19361.99 -3.0234423 -1.6292080000000002 -2.0357039
60861 52713.0 -16504.623 3447.6207000000004 18464.108 -2.8532742 -1.6698467000000001 -2.2383229
60861 53133.0 -17665.004 2739.0617 17483.207000000002 -2.6702771 -1.7029796 -2.4308811
60861 53553.0 -18745.975000000002 2018.1897 16423.697 -2.475273 -1.7284576 -2.6125126
60861 53973.0 -19742.675 1288.2452 15290.341 -2.2691378 -1.7461658 -2.7824006
60861 54393.0 -20650.622 552.5095600000001 14088.232 -2.0527976 -1.7560244 -2.9397807
60861 54813.0 -21465.732 -185.70987 12822.776 -1.8272248 -1.7579887 -3.0839449
60861 55233.0 -22184.34 -923.0943199999999 11499.66 -1.593433 -1.7520497000000002 -3.2142444
60861 55653.0 -22803.212 -1656.3287 10124.834 -1.3524730999999999 -1.7382337 -3.3300926
60861 56073.0 -23319.565 -2382.1164 8704.4786 -1.1054286 -1.7166025999999999 -3.4309681000000003
60861 56493.0 -23731.076 -3097.1942000000004 7244.9807 -0.8534101500000001 -1.6872534000000001 -3.5164164
60861 56913.0 -24035.892 -3798.347 5752.9028 -0.5975511299999999 -1.6503179000000001 -3.5860529000000003
60861 57333.0 -24232.642 -4482.4222 4234.9542 -0.33900227 -1.6059620000000001 -3.6395637
60861 57753.0 -24320.44 -5146.344 2697.9610000000002 -0.078926496 -1.5543851 -3.6767077
60861 58173.0 -24298.89 -5787.1271 1148.8348999999998 0.1815063 -1.495819 -3.6973176
60861 58593.0 -24168.089 -6401.890200000001 -405.45758 0.44112454 -1.4305271 -3.7013002000000004
60861 59013.0 -23928.623 -6987.8692 -1957.9266000000002 0.6987603299999999 -1.3588030000000002 -3.6886377
60861 59433.0 -23581.57 -7542.4293 -3501.5905000000002 0.95325464 -1.2809694999999999 -3.6593868000000005
60861 59853.0 -23128.489 -8063.0770999999995 -5029.5073 1.2034626000000002 -1.1973765 -3.6136792
60861 60273.0 -22571.419 -8547.471800000001 -6534.8056 1.4482588 -1.1084003 -3.5517206000000003
60861 60693.0 -21912.864 -8993.4356 -8010.7161 1.686542 -1.0144410000000001 -3.4737899000000003
60861 61113.0 -21155.786 -9398.9637 -9450.6018 1.9172406000000002 -0.91592142 -3.380238
60861 61533.0 -20303.589 -9762.2331 -10847.988 2.1393169 -0.81328468 -3.2714859
60861 61953.0 -19360.107 -10081.611 -12196.59 2.3517726 -0.7069924700000001 -3.1480231
60861 62373.0 -18329.581000000002 -10355.662 -13490.345000000001 2.5536523000000004 -0.59752288 -3.0104054000000002
60861 62793.0 -17216.647 -10583.154 -14723.435 2.7440485 -0.48536822 -2.859252
60861 63213.0 -16026.308 -10763.066 -15890.317000000001 2.9221055000000002 -0.37103283 -2.6952429
60861 63633.0 -14763.918 -10894.588 -16985.743 3.0870230000000003 -0.25503079 -2.5191161
60861 64053.0 -13435.152 -10977.131 -18004.788 3.2380601 -0.13788361000000002 -2.3316635999999997
60861 64473.0 -12045.986 -11010.324 -18942.872 3.3745380000000003 -0.020117884 -2.1337287000000003
60861 64893.0 -10602.665 -10994.018 -19795.777000000002 3.4958439 0.09773709 -1.9262012
60861 65313.0 -9111.6779 -10928.287 -20559.669 3.6014326999999997 0.21515165 -1.7100141000000002
60861 65733.0 -7579.7285 -10813.426 -21231.113 3.6908303 0.33159819 -1.4861394
60861 66153.0 -6013.7038 -10649.953 -21807.09 3.7636351 0.44655345999999996 -1.2555833
60861 66573.0 -4420.6440999999995 -10438.602 -22285.012 3.8195201 0.5595009700000001 -1.0193819
60861 66993.0 -2807.7112 -10180.324 -22662.729 3.8582343000000003 0.6699332600000001 -0.77859681
60861 67413.0 -1182.156 -9876.28 -22938.543 3.8796036 0.77735417 -0.5343099099999999
60861 67833.0 448.71371999999997 -9527.836 -23111.213 3.8835319 0.88128107 -0.28761894
60861 68253.0 2077.5662 -9136.558500000001 -23179.962 3.8700012000000004 0.98124701 -0.039632399
60861 68673.0 3697.0786000000003 -8704.2061 -23144.479 3.8390721 1.0768028 0.20853538000000002
60861 69093.0 5299.97 -8232.7218 -23004.923 3.7908829 1.1675189000000001 0.45576921
60861 69513.0 6879.0337 -7724.2249 -22761.919 3.7256496 1.2529878 0.70095799
60861 69933.0 8427.1701 -7181.0007000000005 -22416.559 3.6436647 1.3328250000000001 0.9429997200000001
60861 70353.0 9937.418 -6605.4907 -21970.392 3.5452958 1.4066717000000002 1.1808064
60861 70773.0 11402.986 -6000.2818 -21425.424 3.4309842 1.4741956 1.4133089
60861 71193.0 12817.284 -5368.0943 -20784.102 3.3012428000000003 1.535093 1.6394618
60861 71613.0 14173.951000000001 -4711.7699 -20049.308 3.1566539 1.5890897 1.8582479
60861 72033.0 15466.885 -4034.2592999999997 -19224.343 2.9978666 1.6359426000000001 2.0686832
60861 72453.0 16690.272 -3338.6072000000004 -18312.914 2.8255931000000003 1.675441 2.2698219
60861 72873.0 17838.607 -2627.9438 -17319.124 2.6406082 1.7074059 2.4607564
60861 73293.0 18906.722 -1905.462 -16247.432 2.4437435 1.7316939 2.6406286
60861 73713.0 19889.812 -1174.4113 -15102.659 2.2358832000000004 1.7481951 2.8086286
60861 74133.0 20783.455 -438.07899 -13889.952000000001 2.0179614999999997 1.7568347000000002 2.9639998000000003
60861 74553.0 21583.628 300.22355 -12614.765 1.7909583 1.7575735 3.1060423
60861 74973.0 22286.731 1037.1759 -11282.832 1.5558945000000002 1.7504076 3.2341162
60861 75393.0 22889.599000000002 1769.4636 -9900.1441 1.3138273999999999 1.7353691 3.3476443
60861 75813.0 23389.518 2493.793 -8472.9195 1.0658463 1.7125251000000001 3.4461149
60861 76233.0 23784.238 3206.9061 -7007.5781 0.81306687 1.6819782 3.5290842
60861 76653.0 24071.982 3905.5953 -5510.7116 0.55662695 1.6438657 3.5961781000000004
60861 77073.0 24251.454 4586.718 -3989.0537000000004 0.29768079000000003 1.5983589999999999 3.6470943000000005
60861 77493.0 24321.846 5247.2102 -2449.4498 0.037394069 1.5456627 3.6816031
60861 77913.0 24282.841 5884.1012 -898.8263000000001 -0.22306144 1.4860142 3.699549
60861 78333.0 24134.615 6494.5262 655.84084 -0.48251316000000005 1.4196818 3.7008512000000002
60861 78753.0 23877.834 7075.7399000000005 2207.5574 -0.7397930500000001 1.3469643000000002 3.685504
60861 79173.0 23513.655 7625.1281 3749.3426 -0.9937429 1.2681892000000001 3.6535767000000003
60861 79593.0 23043.717 8140.2203 5274.2605 -1.2432196 1.1837112 3.6052136
60861 80013.0 22470.134000000002 8618.7002 6775.4512 -1.4871002000000002 1.0939107 3.5406329000000003
60861 80433.0 21795.49 9058.4166 8246.1621 -1.7242873 0.99919227 3.4601259
60861 80853.0 21022.819 9457.392800000001 9679.777800000002 -1.9537136000000002 0.89998233 3.3640559
60861 81273.0 20155.601 9813.835500000001 11069.851 -2.1743471 0.79672762 3.2528561000000003
60861 81693.0 19197.738 10126.143 12410.129 -2.3851954 0.68989298 3.1270278
60861 82113.0 18153.54 10392.912 13694.585000000001 -2.5853105999999997 0.5799593200000001 2.9871383000000002
60861 82533.0 17027.706000000002 10612.944 14917.444 -2.7737930000000004 0.46742138 2.8338179
60861 82953.0 15825.301 10785.252 16073.208 -2.9497958 0.35278557 2.6677573000000003
60861 83373.0 14551.736 10909.062 17156.681 -3.1125282000000003 0.23656754000000002 2.4897044
60861 83793.0 13212.738 10983.82 18162.993 -3.2612595 0.11929005 2.3004609
60861 84213.0 11814.332 11009.191 19087.621 -3.3953219 0.0014804387000000002 2.1008787000000004
60861 84633.0 10362.806 10985.063 19926.409 -3.5141139 -0.11633164 1.8918559000000001
60861 85053.0 8864.688699999999 10911.547 20675.589 -3.6171026000000004 -0.23361666 1.6743328
60861 85473.0 7326.7171 10788.973 21331.795000000002 -3.7038262 -0.34984755 1.4492878
60861 85893.0 5755.8065 10617.895 21892.08 -3.7738961 -0.46450206 1.217733
60861 86313.0 4159.0202 10399.084 22353.925 -3.8269983 -0.5770651400000001 0.9807092900000001
60862 333.0 2543.5371 10133.524 22715.259000000002 -3.8628952 -0.68703118 0.73928209
60862 753.0 916.61981 9822.410800000001 22974.458 -3.8814264 -0.7939063 0.49453642000000003
60862 1173.0 -714.418 9467.143 23130.359 -3.8825095000000003 -0.89721055 0.24757206
60862 1593.0 -2342.2444 9069.318800000001 23182.263 -3.8661401 -0.99648004 -0.0005013708000000001
60862 2013.0 -3959.5423 8630.7271 23129.938000000002 -3.8323921999999997 -1.091269 -0.24856936
60862 2433.0 -5559.0418 8153.339900000001 22973.622 -3.7814180000000004 -1.1811518 -0.49551748
60862 2853.0 -7133.553400000001 7639.3031 22714.016 -3.7134464 -1.2657248 -0.74023635
60862 3273.0 -8675.9997 7090.9277 22352.289 -3.6287831 -1.3446080999999999 -0.98162659
60862 3693.0 -10179.447 6510.6786 21890.067 -3.5278083000000002 -1.4174475 -1.2186036999999998
60862 4113.0 -11637.138 5901.1639000000005 21329.429 -3.4109754 -1.4839157 -1.4501031
60862 4533.0 -13042.52 5265.1233 20672.894 -3.2788092000000004 -1.5437142 -1.6750844
60862 4953.0 -14389.274 4605.415599999999 19923.412 -3.131903 -1.5965740000000002 -1.8925367000000002
60862 5373.0 -15671.347 3925.0059 19084.354 -2.9709166000000002 -1.6422577 -2.1014825999999998
60862 5793.0 -16882.974000000002 3226.9527000000003 18159.489 -2.796573 -1.6805597 -2.3009829
60862 6213.0 -18018.707000000002 2514.3935 17152.976 -2.6096552 -1.7113077 -2.4901406
60862 6633.0 -19073.441 1790.5313999999998 16069.339 -2.4110027 -1.7343632 -2.6681052
60862 7053.0 -20042.431 1058.6201 14913.447 -2.2015081 -1.7496224 -2.834076
60862 7473.0 -20921.321 321.94983 13690.499 -1.9821125 -1.7570164 -2.9873066
60862 7893.0 -21706.158 -416.1677 12405.99 -1.7538019999999999 -1.7565116 -3.1271074
60862 8313.0 -22393.41 -1152.4142 11065.697 -1.5176028 -1.7481101000000001 -3.2528493
60862 8733.0 -22979.988 -1883.4797 9675.6445 -1.2745765 -1.7318493000000001 -3.3639662
60862 9153.0 -23463.252 -2606.0773 8242.0831 -1.0258158000000002 -1.707802 -3.4599578
60862 9573.0 -23841.027000000002 -3316.9582 6771.4583 -0.77243936 -1.6760762 -3.5403919000000004
60862 9993.0 -24111.614 -4012.9262000000003 5270.383 -0.51558655 -1.6368144 -3.6049062
60862 10413.0 -24273.795000000002 -4690.8517999999995 3745.6068999999998 -0.25641263 -1.5901929000000001 -3.65321
60862 10833.0 -24326.839 -5347.687 2203.9869 0.0039166546000000005 -1.5364213 -3.6850856
60862 11253.0 -24270.507 -5980.478400000001 652.45547 0.26423025 -1.4757414000000002 -3.7003894
60862 11673.0 -24105.052 -6586.380700000001 -902.0100500000001 0.52335713 -1.408426 -3.6990522
60862 12093.0 -23831.216 -7162.6696 -2452.4191 0.7801316 -1.334778 -3.68108
60862 12513.0 -23450.232 -7706.753900000001 -3991.7992999999997 1.0333986 -1.2551286 -3.6465536000000003
60862 12933.0 -22963.812 -8216.1874 -5513.228 1.2820187 -1.1698361 -3.5956284000000003
60862 13353.0 -22374.144 -8688.679800000002 -7009.8631 1.5248735999999998 -1.0792842 -3.5285336000000003
60862 13773.0 -21683.879 -9122.106800000001 -8474.974400000001 1.7608711000000001 -0.98388034 -3.4455712
60862 14193.0 -20896.121 -9514.52 -9901.9734 1.9889497 -0.8840536600000001 -3.3471146
60862 14613.0 -20014.413 -9864.1555 -11284.443000000001 2.2080837 -0.7802532200000001 -3.2336072
60862 15033.0 -19042.721 -10169.442000000001 -12616.168 2.4172879 -0.67294592 -3.1055596999999997
60862 15453.0 -17985.414 -10429.007 -13891.158 2.6156217 -0.56261438 -2.9635484
60862 15873.0 -16847.246 -10641.684000000001 -15103.682 2.8021936000000003 -0.44975476 -2.8082123
60862 16293.0 -15633.335000000001 -10806.518 -16248.289 2.9761651000000002 -0.33487455 -2.6402503999999998
60862 16713.0 -14349.141 -10922.768 -17319.831000000002 3.1367543 -0.21849024 -2.460418
60862 17133.0 -13000.436 -10989.912 -18313.491 3.2832397 -0.10112504 -2.2695241999999998
60862 17553.0 -11593.286 -11007.649 -19224.802 3.4149633 0.016693521 -2.0684272
60862 17973.0 -10134.017 -10975.9 -20049.668 3.5313333 0.13443592000000001 -1.8580314000000002
60862 18393.0 -8629.189400000001 -10894.808 -20784.379 3.6318271 0.25157303 -1.6392825
60862 18813.0 -7085.5686 -10764.737000000001 -21425.633 3.7159931999999998 0.36757851 -1.4131638
60862 19233.0 -5510.0943 -10586.273000000001 -21970.547 3.7834537 0.48193113 -1.1806917000000001
60862 19653.0 -3909.8491000000004 -10360.219000000001 -22416.671000000002 3.8339054999999997 0.5941171000000001 -0.94291079
60862 20073.0 -2292.027 -10087.589 -22761.998 3.8671219000000003 0.7036323999999999 -0.7008897
60862 20493.0 -663.90088 -9769.6102 -23004.977 3.8829537000000003 0.80998499 -0.45571593000000005
60862 20913.0 967.2098900000001 -9407.7113 -23144.513 3.8813293 0.9126970400000001 -0.20849113
60862 21333.0 2593.9725 -9003.519 -23179.978 3.8622559 1.011307 0.039673793000000006
60862 21753.0 4209.0736 -8558.849900000001 -23111.211 3.8258186999999997 1.1053718 0.28766370999999996
60862 22173.0 5805.2518 -8075.7023 -22938.521 3.7721809 1.1944686999999998 0.53436421
60862 22593.0 7375.3307 -7556.2478 -22662.681 3.7015828 1.2781971 0.77866656
60862 23013.0 8912.250800000002 -7002.8211 -22284.93 3.6143409 1.3561807 1.0194727000000001
60862 23433.0 10409.101 -6417.9095 -21806.965 3.5108465 1.4280687 1.2557001
60862 23853.0 11859.151 -5804.1422 -21230.932 3.391564 1.4935377 1.4862868
60862 24273.0 13255.879 -5164.2779 -20559.419 3.2570285 1.5522932 1.7101957
60862 24693.0 14593.004 -4501.193 -19795.444 3.1078438999999998 1.6040706 1.9264198
60862 25113.0 15864.511 -3817.8685 -18942.439000000002 2.9446799 1.6486366000000001 2.1339863
60862 25533.0 17064.677 -3117.3746 -18004.233 2.7682704 1.6857912 2.331962
60862 25953.0 18188.111 -2402.8642000000004 -16985.054 2.5794054 1.7153655 2.5194546
60862 26373.0 19229.753 -1677.5479 -15889.478000000001 2.3789352 1.7372268 2.6956206000000003
60862 26793.0 20184.918 -944.68751 -14722.43 2.1677606000000003 1.7512763 2.8596667000000004
60862 27213.0 21049.306 -207.57861 -13489.158 1.9468307 1.7574501 3.0108542000000003
60862 27633.0 21819.029000000002 530.46387 -12195.209 1.7171391 1.7557201 3.1485019000000003
60862 28053.0 22490.621 1266.1206000000002 -10846.4 1.4797189000000002 1.7460936999999999 3.2719895
60862 28473.0 23061.06 1996.083 -9448.797900000001 1.2356380999999999 1.7286139 3.3807606999999997
60862 28893.0 23527.778000000002 2717.0676000000003 -8008.6899 0.9859949800000001 1.7033589 3.4743251
60862 29313.0 23888.674 3425.8316 -6532.5532 0.7319129799999999 1.6704421 3.552261
60862 29733.0 24142.124 4119.1869 -5027.028200000001 0.4745357 1.6300116 3.614217
60862 30153.0 24286.985 4794.014700000001 -3498.8876 0.21502168000000002 1.5822491 3.6599138
60862 30573.0 24322.606 5447.2796 -1955.0061 -0.045460796000000005 1.5273695 3.6891454
60862 30993.0 24248.827 6076.0432 -402.32936 -0.30573906 1.46562 3.7017801
60862 31413.0 24065.978 6677.477400000001 1152.1573 -0.56464132 1.3972784 3.6977611
60862 31833.0 23774.884000000002 7248.8772 2701.4606000000003 -0.82100203 1.3226525999999998 3.6771065
60862 32253.0 23376.854 7787.6727 4238.6106 -1.0736671 1.2420786000000001 3.6399098
60862 32673.0 22873.68 8291.4411 5756.692099999999 -1.3214993 1.1559193 3.5863389000000003
60862 33093.0 22267.627 8757.9172 7248.8763 -1.5633831 1.0645628 3.5166354
60862 33513.0 21561.424 9185.0037 8708.451000000001 -1.7982301 0.96842031 3.4311138999999997
60862 33933.0 20758.247 9570.7808 10128.851 -2.0249836 0.86792493 3.3301602
60862 34353.0 19861.713 9913.5145 11503.688 -2.2426236 0.7635291 3.2142295
60862 34773.0 18875.857 10211.665 12826.78 -2.4501715 0.6557028 3.0838444
60862 35193.0 17805.113 10463.892 14092.176 -2.646694 0.54493137 2.9395925000000003
60862 35613.0 16654.301 10669.065 15294.187 -2.8313078999999997 0.4317133 2.782124
60862 36033.0 15428.598 10826.26 16427.409 -3.0031836 0.31655801000000006 2.6121480999999998
60862 36453.0 14133.519 10934.775 17486.747 -3.1615491000000002 0.19998348 2.4304302
60862 36873.0 12774.888 10994.121000000001 18467.441 -3.3056934 0.08251402299999999 2.2377886
60862 37293.0 11358.818000000001 11004.035 19365.082000000002 -3.4349693 -0.035322168 2.0350904
60862 37713.0 9891.677 10964.473 20175.636 -3.5487968000000003 -0.15299537000000002 1.8232475
60862 38133.0 8380.0632 10875.616 20895.463 -3.6466654 -0.2699767 1.603213
60862 38553.0 6830.7741 10737.863 21521.327 -3.7281363 -0.38574049000000005 1.3759765
60862 38973.0 5250.7758 10551.837 22050.417 -3.7928445 -0.49976662 1.1425598000000001
60862 39393.0 3647.1724 10318.375 22480.358 -3.8405002 -0.61154287 0.90401211
60862 39813.0 2027.1733000000002 10038.526 22809.219 -3.8708901 -0.7205672 0.6614057400000001
60862 40233.0 398.06126 9713.552 23035.524 -3.8838787000000004 -0.82634996 0.41583091
60862 40653.0 -1232.8401999999999 9344.912900000001 23158.256 -3.8794082 -0.9284161400000001 0.1683911
60862 41073.0 -2858.1999 8934.267 23176.867000000002 -3.8574994 -1.0263073999999999 -0.07980198000000001
60862 41493.0 -4470.7118 8483.4608 23091.273 -3.8182511 -1.1195842 -0.32763328
60862 41913.0 -6063.1276 7994.5211 22901.861 -3.7618399 -1.2078276000000001 -0.57398945
60862 42333.0 -7628.2897 7469.6459 22609.484 -3.6885195 -1.2906414 -0.81776377
60862 42753.0 -9159.1625 6911.1947 22215.455 -3.5986194 -1.3676536000000001 -1.0578611
60862 43173.0 -10648.865 6321.6777 21721.546000000002 -3.4925432 -1.4385183 -1.2932027000000001
60862 43593.0 -12090.701000000001 5703.7446 21129.978 -3.3707673000000002 -1.5029173 -1.5227313
60862 44013.0 -13478.188 5060.173 20443.41 -3.2338386999999997 -1.5605609999999999 -1.7454155
60862 44433.0 -14805.089 4393.8556 19664.928 -3.0823722 -1.6111904 -1.9602545
60862 44853.0 -16065.44 3707.7871 18798.03 -2.9170479 -1.6545779 -2.1662826
60862 45273.0 -17253.573 3005.0515 17846.614 -2.7386084 -1.6905282 -2.3625738000000003
60862 45693.0 -18364.147 2288.8074 16814.955 -2.5478551000000005 -1.7188798 -2.5482454
60862 46113.0 -19392.167 1562.2744 15707.691 -2.3456449 -1.7395047 -2.7224624
60862 46533.0 -20333.012 828.71834 14529.800000000001 -2.1328862 -1.7523102 -2.8844413
60862 46953.0 -21182.449 91.43683300000001 13286.576000000001 -1.9105351000000002 -1.7572383 -3.0334532
60862 47373.0 -21936.658 -646.25567 11983.609 -1.6795908 -1.7542665 -3.1688277
60862 47793.0 -22592.247 -1381.0428000000002 10626.756 -1.4410914000000001 -1.7434081000000001 -3.2899556
60862 48213.0 -23146.267 -2109.6209 9222.1176 -1.1961089999999999 -1.7247114 -3.3962914
60862 48633.0 -23596.225000000002 -2828.7146000000002 7776.009400000001 -0.94574519 -1.6982604 -3.4873564000000004
60862 49053.0 -23940.097 -3535.0905000000002 6294.9338 -0.69112569 -1.6641737 -3.5627405
60862 49473.0 -24176.335 -4225.572700000001 4785.5506 -0.43339562000000004 -1.6226044 -3.6221043
60862 49893.0 -24303.876 -4897.0567 3254.6469 -0.17371416 -1.5737394999999998 -3.6651801
60862 50313.0 -24322.145 -5546.523099999999 1709.1071000000002 0.086750631 -1.5177984 -3.6917738
60862 50733.0 -24231.06 -6171.0517 155.88152 0.34682708 -1.4550328 -3.7017657
60862 51153.0 -24031.029000000002 -6767.8345 -1398.0451 0.60534525 -1.3857249 -3.6951104999999997
60862 51573.0 -23722.951 -7334.1882000000005 -2945.6845 0.86114219 -1.3101864 -3.6718381
60862 51993.0 -23308.211 -7867.5663 -4480.077 1.1130672 -1.2287573 -3.6320531000000003
60862 52413.0 -22788.675 -8365.5708 -5994.322099999999 1.3599871000000001 -1.1418036999999999 -3.5759346
60862 52833.0 -22166.679 -8825.962599999999 -7481.6104000000005 1.6007911 -1.0497168 -3.5037352999999998
60862 53253.0 -21445.019 -9246.6721 -8935.2536 1.8343963 -0.95291101 -3.4157801
60862 53673.0 -20626.941 -9625.8081 -10348.715 2.059752 -0.85182169 -3.312465
60862 54093.0 -19716.124 -9961.6663 -11715.639000000001 2.2758448 -0.7469036 -3.194255
60862 54513.0 -18716.664 -10252.737000000001 -13029.878 2.4817033000000004 -0.63862862 -3.061682
60862 54933.0 -17633.056 -10497.712 -14285.524 2.6764018000000003 -0.52748372 -2.9153427
60862 55353.0 -16470.172 -10695.492 -15476.931 2.8590654 -0.41396871 -2.7558955999999997
60862 55773.0 -15233.241 -10845.186 -16598.741 3.028873 -0.29859398 -2.5840579
60862 56193.0 -13927.826000000001 -10946.123 -17645.912 3.1850616 -0.18187823 -2.4006026
60862 56613.0 -12559.795 -10997.849 -18613.736 3.3269295000000003 -0.064346136 -2.2063547
60862 57033.0 -11135.299 -11000.133 -19497.862 3.4538393000000003 0.053474036 -2.0021878
60862 57453.0 -9660.743900000001 -10952.965 -20294.314000000002 3.5652209 0.17105278000000002 -1.7890197
60862 57873.0 -8142.7579000000005 -10856.557 -20999.512 3.6605742 0.28786172 -1.5678088000000001
60862 58293.0 -6588.1658 -10711.342 -21610.286 3.7394707 0.40337599 -1.3395492999999998
60862 58713.0 -5003.9564 -10517.975 -22123.89 3.8015562000000003 0.51707658 -1.1052671
60862 59133.0 -3397.2515 -10277.323 -22538.015 3.8465517 0.62845264 -0.8660150999999999
60862 59553.0 -1775.2742 -9990.47 -22850.797 3.8742550000000002 0.73700378 -0.62286838
60862 59973.0 -145.31603 -9658.704 -23060.832000000002 3.8845416 0.8422423 -0.37691952
60862 60393.0 1485.2955 -9283.516599999999 -23167.172000000002 3.8773649000000003 0.94369534 -0.12927366
60862 60813.0 3109.2297000000003 -8866.5938 -23169.34 3.8527568000000003 1.0409070999999999 0.11895643
60862 61233.0 4719.1858 -8409.8097 -23067.323 3.8108274000000004 1.1334406 0.36665528000000003
60862 61653.0 6307.9256 -7915.217000000001 -22861.58 3.7517645 1.2208800000000002 0.61270978
60862 62073.0 7868.3060000000005 -7385.0388 -22553.032 3.6758330000000004 1.3028323000000002 0.85601406
60862 62493.0 9393.311 -6821.6578 -22143.066 3.5833730999999998 1.3789289000000002 1.0954745000000001
60862 62913.0 10876.083 -6227.606400000001 -21633.522 3.4747996 1.4488276000000002 1.3300146
60862 63333.0 12309.955 -5605.5545 -21026.69 3.3505997 1.512214 1.5585799
60862 63753.0 13688.477 -4958.298400000001 -20325.296000000002 3.2113305999999997 1.5688028 1.7801423
60862 64173.0 15005.45 -4288.7477 -19532.491 3.0576176 1.6183391 1.9937054
60862 64593.0 16254.951000000001 -3599.9123 -18651.839 2.8901504 1.6605999 2.1983083999999997
60862 65013.0 17431.356 -2894.8887999999997 -17687.294 2.7096825 1.6953948 2.3930301
60862 65433.0 18529.376 -2176.8478999999998 -16643.198 2.5170228000000003 1.7225666000000002 2.5769947
60862 65853.0 19544.069 -1449.0176000000001 -15524.242 2.313038 1.7419928 2.7493737
60862 66273.0 20470.87 -714.67085 -14335.455 2.0986448 1.7535855 2.9093908
60862 66693.0 21305.609 22.889959 -13082.185 1.8748071 1.7572919999999999 3.0563252000000003
60862 67113.0 22044.527000000002 760.34782 -11770.067000000001 1.6425315 1.7530953 3.1895149000000003
60862 67533.0 22684.3 1494.386 -10405.001 1.4028628 1.7410139 3.3083599
60862 67953.0 23222.047000000002 2221.703 -8993.1282 1.1568792 1.7211017 3.4123244
60862 68373.0 23655.349000000002 2939.0274 -7540.798 0.9056875400000001 1.693448 3.5009398000000003
60862 68793.0 23982.254 3643.1327 -6054.5438 0.65041837 1.6581771 3.5738067
60862 69213.0 24201.29 4330.8517999999995 -4541.0515000000005 0.39222065 1.6154475 3.6305965000000002
60862 69633.0 24311.472 4999.0911 -3007.1297000000004 0.13225667000000002 1.5654514 3.6710532
60862 70053.0 24312.303 5644.845 -1459.6793 -0.12830323000000002 1.5084138 3.6949944
60862 70473.0 24203.778000000002 6265.2087 94.337978 -0.388286 1.4445915 3.7023123
60862 70893.0 23986.387 6857.3921 1647.9308 -0.6465211799999999 1.3742718999999999 3.6929739
60862 71313.0 23661.108 7418.7317 3194.1097999999997 -0.9018462100000001 1.2977715 3.6670216
60862 71733.0 23229.405 7946.703 4725.9191 -1.1531117 1.215435 3.6245726
60862 72153.0 22693.221 8438.9318 6236.4677 -1.3991867 1.1276331 3.5658184000000004
60862 72573.0 22054.97 8893.2049 7718.9605 -1.6389637000000001 1.0347614 3.4910241
60862 72993.0 21317.524 9307.48 9166.7293 -1.8713637 0.9372378800000001 3.4005273000000003
60862 73413.0 20484.204 9679.894900000001 10573.262 -2.0953412 0.83550185 3.2947361
60862 73833.0 19558.758 10008.776 11932.233 -2.3098887 0.73001134 3.1741275
60862 74253.0 18545.353 10292.645 13237.53 -2.5140416 0.62124122 3.0392452
60862 74673.0 17448.547 10530.228000000001 14483.285 -2.7068819 0.5096810500000001 2.8906971
60862 75093.0 16273.277 10720.457 15663.896 -2.887543 0.39583286 2.7291526
60862 75513.0 15024.83 10862.479 16774.056 -3.0552132000000003 0.28020887 2.5553391000000003
60862 75933.0 13708.823 10955.657000000001 17808.773 -3.2091395000000005 0.16332914 2.3700395
60862 76353.0 12331.174 10999.573 18763.397 -3.3486308 0.045719312000000005 2.1740880000000002
60862 76773.0 10898.081 10994.033 19633.639 -3.4730610000000004 -0.072091819 1.9683664
60862 77193.0 9415.9899 10939.062 20415.587 -3.5818718 -0.18957468 1.7538004
60862 77613.0 7891.5645 10834.91 21105.728 -3.6745753 -0.30620127 1.5313552
60862 78033.0 6331.6601 10682.046 21700.962 -3.750756 -0.42144752999999996 1.3020311
60862 78453.0 4743.2908 10481.16 22198.615 -3.8100725000000004 -0.53479572 1.0668592000000001
60862 78873.0 3133.5977000000003 10233.155 22596.453 -3.8522594 -0.64573667 0.82689662
60862 79293.0 1509.8178 9939.1476 22892.688000000002 -3.8771279 -0.75377211 0.58322195
60862 79713.0 -120.74927000000001 9600.4609 23085.993000000002 -3.8845672 -0.8584168600000001 0.33693018999999996
60862 80133.0 -1750.7736000000002 9218.618 23175.498 -3.8745445 -0.9592010000000001 0.08912797600000001
60862 80553.0 -3372.928 8795.336 23160.805 -3.8471054 -1.055672 -0.15907136
60862 80973.0 -4979.9208 8332.5182 23041.979 -3.8023735000000003 -1.1473965000000002 -0.40655277
60862 81393.0 -6564.5286 7832.2452 22819.556 -3.7405502000000004 -1.2339629 -0.65220447
60862 81813.0 -8119.6287 7296.7661 22494.538 -3.6619133 -1.3149822 -0.8949229000000001
60862 82233.0 -9638.231 6728.4878 22068.385000000002 -3.5668159999999998 -1.3900905000000001 -1.1336176
60862 82653.0 -11113.509 6129.964900000001 21543.013 -3.4556856 -1.4589505999999999 -1.3672163000000002
60862 83073.0 -12538.832 5503.8875 20920.783 -3.3290210000000005 -1.5212531 -1.5946693
60862 83493.0 -13907.791000000001 4853.0697 20204.494 -3.1873910000000003 -1.5767179000000002 -1.8149545
60862 83913.0 -15214.234 4180.4367999999995 19397.364 -3.0314317 -1.6250957000000001 -2.0270818999999998
60862 84333.0 -16452.286 3489.0121000000004 18503.021 -2.8618434 -1.6661690000000002 -2.2300981
60862 84753.0 -17616.381 2781.9035 17525.485 -2.6793878 -1.6997531 -2.4230902999999997
60862 85173.0 -18701.284 2062.2894 16469.15 -2.4848845 -1.7256967 -2.6051907
60862 85593.0 -19702.119 1333.4045 15338.765 -2.2792071000000003 -1.743883 -2.7755804
60862 86013.0 -20614.383 598.5253100000001 14139.41 -2.0632797999999997 -1.7542301 -2.933493
60863 33.0 -21433.975000000002 -139.04456 12876.477 -1.8380729 -1.756691 -3.0782178
60863 453.0 -22157.207000000002 -875.98933 11555.645 -1.6045985 -1.7512545 -3.2091038
60863 873.0 -22780.827 -1608.9959 10182.85 -1.3639062 -1.7379447000000001 -3.3255617
60863 1293.0 -23302.029000000002 -2334.7688 8764.2664 -1.1170779 -1.7168211 -3.4270672
60863 1713.0 -23718.468 -3050.0447999999997 7306.2714000000005 -0.8652235899999999 -1.6879785999999999 -3.5131634
60863 2133.0 -24028.271 -3751.6081000000004 5815.4211 -0.60947575 -1.6515465999999999 -3.5834624
60863 2553.0 -24230.044 -4436.3042000000005 4298.4193 -0.35098459000000004 -1.6076888 -3.6376475
60863 2973.0 -24322.877 -5101.0545999999995 2762.0876000000003 -0.090912771 -1.5566023 -3.6754747
60863 3393.0 -24306.353 -5742.8702 1213.3348 0.16956987 -1.4985168000000002 -3.6967735
60863 3813.0 -24180.545000000002 -6358.8653 -340.87433000000004 0.42929156 -1.4336935000000002 -3.7014477
60863 4233.0 -23946.018 -6946.2701 -1893.5505 0.68708395 -1.3624238 -3.6894763
60863 4653.0 -23603.827 -7502.4436 -3437.7112 0.9417873600000001 -1.2850285 -3.6609130000000003
60863 5073.0 -23155.510000000002 -8024.8850999999995 -4966.412200000001 1.1922560000000002 -1.2018556 -3.6158863
60863 5493.0 -22603.083 -8511.2457 -6472.7789 1.4373633000000001 -1.1132794 -3.5545989000000002
60863 5913.0 -21949.03 -8959.3389 -7950.0371 1.6760066 -1.0196982 -3.4773267000000003
60863 6333.0 -21196.293 -9367.150300000001 -9391.543800000001 1.9071128000000002 -0.92153314 -3.3844176000000004
60863 6753.0 -20348.256 -9732.846800000001 -10790.817000000001 2.1296424000000003 -0.81922576 -3.2762897
60863 7173.0 -19408.734 -10054.784 -12141.564 2.3425949999999998 -0.71323623 -3.1534298
60863 7593.0 -18381.951 -10331.516 -13437.713 2.545013 -0.60404128 -3.0163907
60863 8013.0 -17272.525 -10561.799 -14673.434000000001 2.7359865 -0.49213197000000003 -2.8657892
60863 8433.0 -16085.445 -10744.598 -15843.171 2.9146572 -0.37801152000000005 -2.7023028
60863 8853.0 -14826.048 -10879.091 -16941.667 3.0802222 -0.26219303000000005 -2.5266669999999998
60863 9273.0 -13499.998 -10964.675000000001 -17963.981 3.2319375 -0.14519719 -2.3396717
60863 9693.0 -12113.256 -11000.965 -18905.518 3.3691215000000003 -0.027549875 -2.142158
60863 10113.0 -10672.057 -10987.800000000001 -19762.045000000002 3.4911579 0.09022013599999999 -1.9350139
60863 10533.0 -9182.8808 -10925.237000000001 -20529.712 3.5974985999999998 0.20758358999999998 -1.7191706
60863 10953.0 -7652.4226 -10813.56 -21205.066 3.687666 0.3240131 -1.4955985
60863 11373.0 -6087.5626 -10653.27 -21785.073 3.7612551 0.43898552 -1.2653025
60863 11793.0 -4495.3359 -10445.089 -22267.124 3.8179352 0.55198429 -1.0293173999999998
60863 12213.0 -2882.9003 -10189.951000000001 -22649.051 3.8574519 0.66250173 -0.7887038300000001
60863 12633.0 -1257.5044 -9889.0042 -22929.138 3.8796274 0.77004129 -0.54454292
60863 13053.0 373.54465999999996 -9543.600900000001 -23106.124 3.8843620000000003 0.87411983 -0.2979318
60863 13473.0 2002.9145 -9155.293599999999 -23179.213 3.8716341 0.9742697 -0.049978577
60863 13893.0 3623.2801 -8725.8275 -23148.075 3.8415004 1.0700409 0.19820257000000002
60863 14313.0 5227.3566 -8257.1327 -23012.847 3.7940959 1.1610029 0.44549641
60863 14733.0 6807.9322 -7751.3157 -22774.137 3.7296329999999998 1.2467471 0.69079158
60863 15153.0 8357.9002 -7210.6497 -22433.017 3.6484005 1.3268878 0.9329856200000001
60863 15573.0 9870.2915 -6637.5650000000005 -21991.016 3.5507628 1.4010646999999998 1.1709899000000001
60863 15993.0 11338.305 -6034.6372 -21450.122 3.4371577 1.4689440999999999 1.4037343000000002
60863 16413.0 12755.34 -5404.5765 -20812.762 3.3080951 1.5302207 1.6301723
60863 16833.0 14115.022 -4750.215 -20081.802 3.1641541 1.5846186 1.8492856
60863 17253.0 15411.236 -4074.4943 -19260.526 3.0059810000000002 1.6318929 2.0600884
60863 17673.0 16638.153000000002 -3380.4519 -18352.624 2.8342855 1.6718307000000001 2.2616328
60863 18093.0 17790.252 -2671.209 -17362.179 2.6498396 1.7042516 2.4530106999999997
60863 18513.0 18862.350000000002 -1949.9538 -16293.640000000001 2.4534716 1.7290097000000002 2.6333613999999996
60863 18933.0 19849.622 -1219.9296000000002 -15151.813 2.2460641 1.745993 2.8018726000000003
60863 19353.0 20747.628 -484.41909000000004 -13941.831 2.0285492 1.7551247 2.9577856000000002
60863 19773.0 21552.326 253.26995000000002 -12669.136 1.8019051 1.7563631000000002 3.1003979
60863 20193.0 22260.093 989.8199000000001 -11339.45 1.5671509000000001 1.7497023999999999 3.2290669
60863 20613.0 22867.745 1721.9181 -9958.753 1.3253427 1.7351721 3.3432130000000004
60863 21033.0 23372.545000000002 2446.2717000000002 -8533.2561 1.0775684 1.7128372 3.4423216
60863 21453.0 23772.223 3159.6226 -7069.371 0.82494294 1.682798 3.5259459000000004
60863 21873.0 24064.977 3858.7621000000004 -5573.6825 0.56860339 1.6451894 3.5937089
60863 22293.0 24249.491 4540.5455 -4052.9192000000003 0.30970357000000004 1.6001805 3.6453051999999997
60863 22713.0 24324.933 5201.905900000001 -2513.9224 0.04940893 1.5479739 3.6805021000000004
60863 23133.0 24290.963 5839.8686 -963.6159100000001 -0.21110869 1.4888044 3.699141
60863 23553.0 24147.735 6451.564 591.02575 -0.47067642000000004 1.4229385 3.7011379000000004
60863 23973.0 23895.892 7034.2408 2143.0084 -0.7281256899999999 1.3506727 3.6864839000000003
60863 24393.0 23536.568 7585.2785 3685.35 -0.9822975 1.2723325 3.6552453000000003
60863 24813.0 23071.381 8102.1989 5211.112099999999 -1.2320477 1.1882706 3.6075632
60863 25233.0 22502.425 8582.677599999999 6713.4308 -1.4762522 1.0988657000000002 3.5436526
60863 25653.0 21832.260000000002 9024.5544 8185.5483 -1.7138119 1.0045205 3.4638021
60863 26073.0 21063.903000000002 9425.8426 9620.843 -1.9436579 0.90565968 3.3683717000000004
60863 26493.0 20200.812 9784.7386 11012.859 -2.1647563 0.80272849 3.2577919000000004
60863 26913.0 19246.871 10099.629 12355.337 -2.3761126 0.69619032 3.1325612
60863 27333.0 18206.374 10369.101 13642.238000000001 -2.5767764000000004 0.58652475 2.9932441
60863 27753.0 17084.003 10591.941 14867.777 -2.7658458 0.47422535 2.8404684000000002
60863 28173.0 15884.806 10767.152 16026.444 -2.9424710000000003 0.35979744 2.6749225
60863 28593.0 14614.181 10893.945 17113.029 -3.1058586 0.24375579 2.4973519
60863 29013.0 13277.841 10971.754 18122.648 -3.2552749 0.12662234 2.3085560999999997
60863 29433.0 11881.800000000001 11000.229 19050.763 -3.390049 0.008923836899999999 2.1093851
60863 29853.0 10432.335000000001 10979.245 19893.204 -3.5095762 -0.10881057 1.9007351000000001
60863 30273.0 8935.965900000001 10908.897 20646.185 -3.6133202 -0.22605167 1.6835449000000002
60863 30693.0 7399.4213 10789.504 21306.322 -3.7008158 -0.34227259 1.4587914000000002
60863 31113.0 5829.6106 10621.604 21870.652000000002 -3.771671 -0.45695112 1.2274853000000001
60863 31533.0 4233.5921 10405.953 22336.638 -3.8255683 -0.5695720700000001 0.99066649
60863 31953.0 2618.5414 10143.523000000001 22702.189000000002 -3.8622666 -0.6796295800000001 0.7493994900000001
60863 32373.0 991.71934 9835.492699999999 22965.663 -3.8816018 -0.7866293500000001 0.50476864
60863 32793.0 -639.56083 9483.249300000001 23125.877 -3.8834878 -0.89009087 0.2578732
60863 33213.0 -2267.9661 9088.376800000002 23182.114 -3.8679168 -0.98954953 0.0098225189
60863 33633.0 -3886.1765 8652.650800000001 23134.123 -3.8349593 -1.0845587 -0.23826898
60863 34053.0 -5486.9182 8178.0303 22982.119 -3.7847638000000003 -1.1746918000000002 -0.48528676000000004
60863 34473.0 -7062.996 7666.6491 22726.787 -3.7175559 -1.2595441 -0.7301211
60863 34893.0 -8607.3253 7120.8060000000005 22369.277000000002 -3.6336376 -1.3387344 -0.97167211
60863 35313.0 -10112.965 6542.9547999999995 21911.195 -3.533386 -1.4119070999999999 -1.2088546
60863 35733.0 -11573.146 5935.6927000000005 21354.600000000002 -3.4172512999999998 -1.4787335000000001 -1.4406029
60863 36153.0 -12981.305 5301.7492999999995 20701.995 -3.285755 -1.5389133 -1.6658758
60863 36573.0 -14331.112000000001 4643.974099999999 19956.313000000002 -3.1394877 -1.5921760999999999 -1.8836609000000002
60863 36993.0 -15616.498 3965.3233999999998 19120.905 -2.9791061 -1.6382824 -2.0929793
60863 37413.0 -16831.685 3268.8478999999998 18199.527000000002 -2.8053305 -1.6770250000000002 -2.2928902
60863 37833.0 -17971.209 2557.678 17196.321 -2.6189414 -1.7082294 -2.4824948
60863 38253.0 -19029.947 1835.0104 16115.794 -2.4207761 -1.7317551000000002 -2.6609404
60863 38673.0 -20003.137 1104.0937 14962.805 -2.2117248 -1.7474963000000001 -2.8274245000000002
60863 39093.0 -20886.403000000002 368.21344 13742.537 -1.9927268 -1.7553819000000002 -2.9811981000000003
60863 39513.0 -21675.773 -369.32216 12460.476 -1.7647662000000002 -1.755376 -3.1215694
60863 39933.0 -22367.695 -1105.1974 11122.384 -1.5288678 -1.7474786 -3.2479066
60863 40353.0 -22959.059 -1836.1041000000002 9734.278900000001 -1.2860918 -1.7317247 -3.3596410000000003
60863 40773.0 -23447.202 -2558.756 8302.4009 -1.0375298 -1.708185 -3.4562696
60863 41193.0 -23829.93 -3269.9041 6833.1885 -0.7842994999999999 -1.6769650999999999 -3.5373572
60863 41613.0 -24105.52 -3966.3509 5333.2480000000005 -0.5275396600000001 -1.6382052 -3.6025387
60863 42033.0 -24272.731 -4644.965099999999 3809.3242999999998 -0.26840508999999996 -1.5920794 -3.6515204
60863 42453.0 -24330.811 -5302.6953 2268.2701 -0.0080613543 -1.5387952 -3.6840816
60863 42873.0 -24279.497 -5936.5842 717.01548 0.25232045 -1.4785918999999998 -3.7000756000000004
60863 43293.0 -24119.02 -6543.781599999999 -837.46355 0.511569 -1.4117405 -3.6994301999999997
60863 43713.0 -23850.101 -7121.557400000001 -2388.1764 0.7685180699999999 -1.3385415 -3.6821482000000003
60863 44133.0 -23473.949 -7667.3138 -3928.1494 1.0220118 -1.2593243 -3.6483072
60863 44553.0 -22992.255 -8178.5971 -5450.457200000001 1.2709097999999999 -1.1744452 -3.5980597
60863 44973.0 -22407.185 -8653.1085 -6948.253900000001 1.5140926 -1.084286 -3.5316317
60863 45393.0 -21721.37 -9088.714800000002 -8414.8041 1.7504664 -0.98925242 -3.4493224000000002
60863 45813.0 -20937.895 -9483.457900000001 -9843.5129 1.9789681000000001 -0.88977186 -3.3515022
60863 46233.0 -20060.283 -9835.563199999999 -11227.956 2.1985701 -0.7862918600000001 -3.2386115
60863 46653.0 -19092.481 -10143.448 -12561.908 2.4082851 -0.6792778700000001 -3.1111584
60863 47073.0 -18038.84 -10405.729 -13839.37 2.6071702 -0.56921118 -2.9697164
60863 47493.0 -16904.099000000002 -10621.227 -15054.6 2.7943314999999997 -0.45658677000000003 -2.814922
60863 47913.0 -15693.361 -10788.975 -16202.133 2.9689277 -0.34191107 -2.6474717
60863 48333.0 -14412.069 -10908.218 -17276.809 3.1301743 -0.22569963999999998 -2.4681186
60863 48753.0 -13065.985 -10978.421 -18273.798 3.2773467999999997 -0.10847491 -2.2776695
60863 49173.0 -11661.161 -10999.269 -19188.618000000002 3.409784 0.009236217699999999 -2.0769807
60863 49593.0 -10203.913 -10970.668 -20017.155 3.526891 0.1269047 -1.8669546000000001
60863 50013.0 -8700.793 -10892.749 -20755.685 3.6281418 0.24400175999999998 -1.6485355
60863 50433.0 -7158.558 -10765.86 -21400.887 3.7130817 0.36000121 -1.4227051
60863 50853.0 -5584.1417 -10590.574 -21949.861 3.7813291 0.47438187 -1.1904783
60863 51273.0 -3984.6218 -10367.678 -22400.139 3.8325774999999997 0.58662982 -0.95289889
60863 51693.0 -2367.189 -10098.174 -22749.696 3.8665966 0.69624076 -0.7110344000000001
60863 52113.0 -739.11448 -9783.2742 -22996.96 3.8832336 0.80272224 -0.46597166
60863 52533.0 892.28282 -9424.3929 -23140.819 3.8824134 0.9055958399999999 -0.21881182000000002
60863 52953.0 2519.6689 -9023.1436 -23180.624 3.8641394 1.0043993 0.029334541999999998
60863 53373.0 4135.7274 -8581.3296 -23116.196 3.8284932 1.0986886999999999 0.27735239
60863 53793.0 5733.1930999999995 -8100.9365 -22947.822 3.7756346 1.1880401999999999 0.5241272
60863 54213.0 7304.8836 -7584.1234 -22676.258 3.7058004 1.2720523000000001 0.7685499200000001
60863 54633.0 8843.732300000001 -7033.2131 -22302.723 3.6193036000000003 1.3503471 1.009522
60863 55053.0 10342.82 -6450.6817 -21828.895 3.5165322000000003 1.4225727 1.2459602
60863 55473.0 11795.405 -5839.147400000001 -21256.901 3.3979471 1.488404 1.4768015
60863 55893.0 13194.956 -5201.3591 -20589.31 3.2640805999999998 1.5475450000000002 1.7010078000000002
60863 56313.0 14535.177 -4540.1837000000005 -19829.124 3.1155333 1.5997293 1.9175709
60863 56733.0 15810.042 -3858.5935 -18979.758 2.9529722 1.6447219 2.1255162999999997
60863 57153.0 17013.813000000002 -3159.6518 -18045.025 2.7771275 1.6823205 2.3239091
60863 57573.0 18141.079 -2446.503 -17029.136 2.5887884 1.7123547000000001 2.5118552
60863 57993.0 19186.765 -1722.3523 -15936.65 2.3888019 1.7346895 2.6885090000000003
60863 58413.0 20146.167 -990.45611 -14772.481 2.1780666 1.7492239 2.8530752
60863 58833.0 21014.969 -254.1057 -13541.863 1.9575296000000002 1.755892 3.0048125
60863 59253.0 21789.259000000002 483.38743 -12250.33 1.7281827 1.7546633 3.1430374000000003
60863 59673.0 22465.553 1218.7065 -10903.691 1.4910573999999999 1.7455429999999998 3.2671271
60863 60093.0 23040.807 1948.5443 -9508.001 1.2472204999999998 1.7285717999999999 3.3765222
60863 60513.0 23512.432 2669.6181 -8069.5386 0.99776888 1.7038255999999998 3.4707299
60863 60933.0 23878.304 3378.6847000000002 -6594.774 0.7438253 1.6714156 3.5493252
60863 61353.0 24136.776 4072.5545 -5090.3411 0.48653268000000005 1.6314873 3.6119540000000003
60863 61773.0 24286.685 4748.1065 -3563.0078 0.22704917 1.5842205 3.6583338
60863 62193.0 24327.354 5402.302 -2019.6452 -0.033457088 1.5298277 3.6882556
60863 62613.0 24258.602 6032.1983 -467.19649 -0.29381331 1.4685538 3.7015844
60863 63033.0 24080.736 6634.9623 1087.354 -0.55284736 1.4006747000000002 3.6982603
60863 63453.0 23794.558 7207.8829000000005 2637.0126 -0.8093930800000001 1.3264958999999998 3.6782985
60863 63873.0 23401.356 7748.3835 4174.8077 -1.0622956 1.2463516 3.641789
60863 64293.0 22902.9 8254.0335 5693.821400000001 -1.3104164 1.1606026999999999 3.5888967
60863 64713.0 22301.432 8722.5591 7187.2204 -1.5526388 1.0696352999999998 3.5198603
60863 65133.0 21599.662 9151.8538 8648.2871 -1.7878729000000002 0.97385921 3.4349912
60863 65553.0 20800.746 9539.9879 10070.45 -2.0150601 0.87370563 3.3346723000000003
60863 65973.0 19908.281 9885.2168 11447.312 -2.2331785 0.7696255200000001 3.2193557999999998
60863 66393.0 18926.283 10185.989 12772.681 -2.4412473 0.6620874400000001 3.0895618
60863 66813.0 17859.171000000002 10440.954 14040.599 -2.6383308000000003 0.5515754399999999 2.9458752
60863 67233.0 16711.747 10648.966 15245.362000000001 -2.8235433 0.43858686999999996 2.7889434
60863 67653.0 15489.174 10809.091 16381.555 -2.9960524 0.32363011 2.6194734
60863 68073.0 14196.951000000001 10920.612000000001 17444.071 -3.1550834 0.20722225 2.4382283000000005
60863 68493.0 12840.891 10983.028 18428.133 -3.2999221 0.089886889 2.2460243
60863 68913.0 11427.094000000001 10996.061 19329.318 -3.4299182999999998 -0.027848398 2.0437264
60863 69333.0 9961.9194 10959.653 20143.577 -3.5444887 -0.14545432 1.8322448999999998
60863 69753.0 8451.9556 10873.971 20867.251 -3.6431194000000002 -0.26240229 1.6125311999999998
60863 70173.0 6903.9929 10739.401 21497.089 -3.7253682 -0.37816677 1.3855735
60863 70593.0 5324.9918 10556.550000000001 22030.261000000002 -3.7908665999999998 -0.49222765 1.1523923
60863 71013.0 3722.0515 10326.24 22464.374 -3.8393211000000003 -0.6040725200000001 0.9140359499999999
60863 71433.0 2102.3788 10049.509 22797.477 -3.8705152 -0.71319904 0.6715757
60863 71853.0 473.25513 9727.6024 23028.075 -3.8843093 -0.81911709 0.42610124000000005
60863 72273.0 -1157.996 9361.967 23155.134000000002 -3.8806423 -0.92135104 0.17871559
60863 72693.0 -2784.0418 8954.2476 23178.084 -3.8595312 -1.0194418 -0.069469758
60863 73113.0 -4397.5731 8506.277699999999 23096.824 -3.8210713000000003 -1.1129489000000001 -0.31733978
60863 73533.0 -5991.3368 8020.0712 22911.719 -3.7654358 -1.2014524 -0.5637809300000001
60863 73953.0 -7558.1692 7497.8139 22623.603 -3.6928747 -1.2845548 -0.80768609
60863 74373.0 -9091.027300000002 6941.8535999999995 22233.771 -3.6037141000000004 -1.3618831 -1.0479595
60863 74793.0 -10583.021 6354.6893 21743.977 -3.4983545 -1.4330897 -1.2835217
60863 75213.0 -12027.443000000001 5738.9602 21156.421000000002 -3.3772689000000002 -1.4978549 -1.5133143
60863 75633.0 -13417.801 5097.433900000001 20473.745 -3.2410012000000004 -1.5558875 -1.7363047999999999
60863 76053.0 -14747.844000000001 4432.9939 19699.018 -3.0901633000000004 -1.6069268 -1.9514908
60863 76473.0 -16011.593 3748.6268 18835.721 -2.9254326 -1.6507432 -2.1579054
60863 76893.0 -17203.366 3047.4086 17887.735 -2.7475488 -1.6871397 -2.3546205000000002
60863 77313.0 -18317.804 2332.4912999999997 16859.322 -2.5573110000000003 -1.7159525000000002 -2.5407517
60863 77733.0 -19349.897 1607.0885 15755.103000000001 -2.3555737 -1.7370519 -2.7154618999999998
60863 78153.0 -20295.003 874.46104 14580.043 -2.1432433 -1.7503427999999999 -2.8779653
60863 78573.0 -21148.871 137.90235 13339.424 -1.9212738999999999 -1.7557650000000002 -3.0275308
60863 78993.0 -21907.663 -599.27635 12038.823 -1.690663 -1.7532940000000001 -3.1634853
60863 79413.0 -22567.963 -1333.7609 10684.087 -1.4524472000000002 -1.7429405999999998 -3.2852170000000003
60863 79833.0 -23126.803 -2062.2492 9281.3086 -1.2076974 -1.724751 -3.3921779
60863 80253.0 -23581.669 -2781.466 7836.7937 -0.95751412 -1.6988069000000001 -3.4838863
60863 80673.0 -23930.512 -3488.1775000000002 6357.0376 -0.70302229 -1.6652246 -3.5599294
60863 81093.0 -24171.764 -4179.2063 4848.6944 -0.44536647 -1.624155 -3.6199645
60863 81513.0 -24304.339 -4851.4452 3318.5468 -0.18570552 -1.5757827 -3.6637212
60863 81933.0 -24327.64 -5501.871700000001 1773.4755 0.074792582 -1.5203251 -3.6910024
60863 82353.0 -24241.56 -6127.5611 220.42893 0.33495600000000003 -1.4580315000000001 -3.701685
60863 82773.0 -24046.487 -6725.7002 -1333.6089 0.5936143899999999 -1.3891822 -3.6957208
60863 83193.0 -23743.298 -7293.5996 -2881.6494 0.8496041599999999 -1.3140868 -3.6731365
60863 83613.0 -23333.355 -7828.705900000001 -4416.7307 1.1017737 -1.2330832 -3.6340339
60863 84033.0 -22818.502 -8328.6132 -5931.9496 1.3489888 -1.1465356999999998 -3.5785888
60863 84453.0 -22201.054 -8791.0741 -7420.492 1.5901373 -1.0548338000000002 -3.5070509000000003
60863 84873.0 -21483.788 -9214.0096 -8875.6641 1.8241347 -0.95838984 -3.4197422000000004
60863 85293.0 -20669.929 -9595.5184 -10290.922 2.0499287 -0.85763784 -3.3170558000000003
60863 85713.0 -19763.138 -9933.8856 -11659.902 2.2665038 -0.75303096 -3.1994539
60863 86133.0 -18767.493 -10227.591 -12976.449 2.4728863000000003 -0.64503971 -3.0674657
60864 153.0 -17687.471 -10475.313 -14234.642 2.6681485 -0.53414978 -2.9216853
60864 573.0 -16527.928 -10675.94 -15428.825 2.8514127 -0.42085982 -2.7627686
60864 993.0 -15294.079 -10828.571 -16553.629 3.0218552 -0.30567924 -2.5914306000000003
60864 1413.0 -13991.472 -10932.519 -17603.996 3.1787103 -0.18912585 -2.408442
60864 1833.0 -12625.964 -10987.317000000001 -18575.204 3.3212731 -0.071723599 -2.2146257
60864 2253.0 -11203.694 -10992.721 -19462.887 3.4489032 0.045999833000000004 -2.0108533
60864 2673.0 -9731.0565 -10948.707 -20263.055 3.5610273 0.16351538 -1.7980409
60864 3093.0 -8214.6726 -10855.472 -20972.11 3.657142 0.28029495 -1.5771453
60864 3513.0 -6661.3594 -10713.436 -21586.864 3.7368153000000004 0.39581383 -1.3491594
60864 3933.0 -5078.1 -10523.237000000001 -22104.554 3.7996897 0.50955297 -1.1151077
60864 4353.0 -3472.0119 -10285.732 -22522.853 3.8454825 0.62100139 -0.87604207
60864 4773.0 -1850.3153 -10001.987000000001 -22839.878 3.8739879999999998 0.72965835 -0.63303681
60864 5193.0 -220.30046 -9673.278 -23054.205 3.8850781000000003 0.8350357 -0.38718381
60864 5613.0 1410.7048 -9301.082400000001 -23164.868000000002 3.8787026 0.93665997 -0.13958779000000002
60864 6033.0 3035.3681 -8887.073 -23171.37 3.8548899000000003 1.0340745 0.10863873
60864 6453.0 4646.3856 -8433.1105 -23073.68 3.8137465 1.1268415999999999 0.35638031000000003
60864 6873.0 6236.5143 -7941.2352 -22872.235 3.7554567000000003 1.2145443 0.60252366
60864 7293.0 7798.6050000000005 -7413.6576 -22567.939000000002 3.6802817 1.2967883999999998 0.84596255
60864 7713.0 9325.6339 -6852.749 -22162.158 3.5885586 1.3732039999999999 1.0856028
60864 8133.0 10810.735 -6261.030400000001 -21656.715 3.4806988000000003 1.4434476 1.320367
60864 8553.0 12247.229 -5641.1615 -21053.88 3.3571862 1.507203 1.5491998000000002
60864 8973.0 13628.657000000001 -4995.928599999999 -20356.362 3.218575 1.5641834 1.7710719
60864 9393.0 14948.805 -4328.232 -19567.294 3.0654874 1.6141322 1.9849856000000001
60864 9813.0 16201.736 -3641.0737000000004 -18690.224000000002 2.8986107000000003 1.6568245 2.1899782
60864 10233.0 17381.809 -2937.5414 -17729.087 2.7186955 1.6920682 2.3851279
60864 10653.0 18483.724000000002 -2220.8008999999997 -16688.214 2.5265477 1.7197035 2.5695555
60864 11073.0 19502.518 -1494.0734 -15572.278 2.3230322 1.7396061999999999 2.7424310999999997
60864 11493.0 20433.608 -760.6270400000001 -14386.298 2.1090635000000004 1.7516863 2.9029762000000003
60864 11913.0 21272.803 -23.759991000000003 -13135.606 1.8856035 1.7558888 3.0504677
60864 12333.0 22016.327 713.21384 -11825.826000000001 1.6536572 1.7521945 3.184241
60864 12753.0 22660.833 1446.9799 -10462.849 1.4142677000000001 1.7406196 3.3036934000000002
60864 13173.0 23203.420000000002 2174.2381 -9052.8044 1.1685121 1.7212157 3.4082866
60864 13593.0 23641.646 2891.7171000000003 -7602.0348 0.91749612 1.69407 3.4975491
60864 14013.0 23973.538 3596.1899 -6117.0661 0.6623494799999999 1.6593043 3.5710785
60864 14433.0 24197.602 4284.487700000001 -4604.5783 0.40422057 1.6170749000000002 3.6285433
60864 14853.0 24312.829 4953.5143 -3071.3754 0.14427134000000003 1.5675717 3.6696844
60864 15273.0 24318.699 5600.2606 -1524.355 -0.11632797 1.5110175 3.6943163
60864 15693.0 24215.187 6221.817400000001 29.523146 -0.37640416 1.4476669 3.7023282
60864 16113.0 24002.757 6815.389099999999 1583.2684 -0.63478638 1.3778052 3.6936838
60864 16533.0 23682.366 7378.3061 3129.8907999999997 -0.89031141 1.3017467999999999 3.6684225
60864 16953.0 23255.456000000002 7908.036700000001 4662.4326 -1.141829 1.2198343 3.6266582
60864 17373.0 22723.949 8402.198900000001 6173.9992999999995 -1.3882070000000002 1.1324367 3.5685794
60864 17793.0 22090.237 8858.5706 7657.7916 -1.6283366000000001 1.0399474 3.4944482
60864 18213.0 21357.173 9275.1001 9107.135 -1.8611373000000002 0.94278313 3.404599
60864 18633.0 20528.055 9649.9151 10515.511 -2.0855616 0.8413812500000001 3.2994371
60864 19053.0 19606.615 9981.3309 11876.584 -2.3006001 0.73619837 3.1794365
60864 19473.0 18597.0 10267.859 13184.235 -2.5052859 0.62770796 3.0451382
60864 19893.0 17503.754 10508.211 14432.583 -2.6986986 0.51639833 2.8971476
60864 20313.0 16331.794 10701.308 15616.015 -2.8799691 0.40277040000000003 2.7361312
60864 20733.0 15086.394 10846.285 16729.211 -3.0482827 0.28733537000000003 2.5628145
60864 21153.0 13773.156 10942.49 17767.167 -3.2028838 0.17061248 2.3779778
60864 21573.0 12397.989 10989.493 18725.216 -3.3430779000000004 0.053126673 2.1824534
60864 21993.0 10967.076000000001 10987.083 19599.054 -3.468236 -0.064593814 1.9771211000000002
60864 22413.0 9486.8545 10935.275 20384.754 -3.5777963 -0.1820198 1.7629047
60864 22833.0 7963.9802 10834.302 21078.785 -3.6712677 -0.29862352 1.5407681
60864 23253.0 6405.3012 10684.62 21678.03 -3.7482309000000003 -0.41388104 1.3117101
60864 23673.0 4817.825900000001 10486.903 22179.797 -3.8083413999999998 -0.5272745200000001 1.0767605
60864 24093.0 3208.6919 10242.042 22581.832000000002 -3.8513298000000002 -0.6382945999999999 0.83697574
60864 24513.0 1585.1332 9951.1376 22882.33 -3.877004 -0.74644263 0.5934333500000001
60864 24933.0 -45.551119 9615.4999 23079.943 -3.8852494 -0.85123293 0.34722783
60864 25353.0 -1676.0308 9236.638 23173.783 -3.8760296 -0.9521949100000001 0.09946544
60864 25773.0 -3298.9764 8816.2557 23163.432 -3.8493866 -1.0488752 -0.14874065
60864 26193.0 -4907.0927 8356.2431 23048.935 -3.8054405000000004 -1.1408397000000001 -0.39627534000000003
60864 26613.0 -6493.1512 7858.6685 22830.81 -3.7443889 -1.2276753 -0.64202662
60864 27033.0 -8050.0227 7325.768599999999 22510.037 -3.6665064000000003 -1.3089921999999998 -0.8848904400000001
60864 27453.0 -9570.708900000001 6759.9389 22088.059 -3.5721427 -1.3844250999999999 -1.1237757
60864 27873.0 -11048.374 6163.722900000001 21566.773 -3.4617217 -1.4536351 -1.3576092000000002
60864 28293.0 -12476.376 5539.8003 20948.522 -3.3357392 -1.5163113000000001 -1.5853403000000001
60864 28713.0 -13848.295 4890.9757 20236.085 -3.1947611 -1.5721720000000001 -1.8059455
60864 29133.0 -15157.964 4220.1653 19432.664 -3.0394203 -1.6209662 -2.0184334
60864 29553.0 -16399.495 3530.3842999999997 18541.871 -2.8704144 -1.6624744 -2.2218489
60864 29973.0 -17567.305 2824.7331000000004 17567.71 -2.6885025000000002 -1.6965099000000001 -2.4152775
60864 30393.0 -18656.144 2106.3837000000003 16514.558 -2.4945017 -1.7229195 -2.5978494999999997
60864 30813.0 -19661.116 1378.5652 15387.151 -2.2892836 -1.7415842000000001 -2.7687435999999996
60864 31233.0 -20577.701 644.54922 14190.556 -2.07377 -1.7524199 -2.9271912
60864 31653.0 -21401.777000000002 -92.36446400000001 12930.153 -1.8489295 -1.7553776 -3.0724793
60864 32073.0 -22129.637 -828.86298 11611.608 -1.6157726000000001 -1.7504437000000002 -3.2039542
60864 32493.0 -22758.008 -1561.6352 10240.849 -1.3753474 -1.73764 -3.321024
60864 32913.0 -23284.063000000002 -2287.3867 8824.0385 -1.1287348 -1.7170239 -3.4231617
60864 33333.0 -23705.434 -3002.8543 7367.548 -0.87704361 -1.6886877999999999 -3.5099074000000003
60864 33753.0 -24020.227 -3704.8213 5877.9262 -0.62140573 -1.652759 -3.5808704
60864 34173.0 -24227.024 -4390.1314 4361.8715 -0.36297089 -1.6093989 -3.6357310000000003
60864 34593.0 -24324.894 -5055.7032 2826.2014 -0.10290151 -1.5588023000000002 -3.6742421
60864 35013.0 -24313.396 -5698.543900000001 1277.8217 0.15763256 -1.5011968 -3.6962301
60864 35433.0 -24192.581000000002 -6315.7633 -276.30434 0.41745927 -1.4368413 -3.7015958
60864 35853.0 -23962.993000000002 -6904.586 -1829.1878000000002 0.67540979 -1.3660253 -3.690315
60864 36273.0 -23625.662 -7462.3646 -3373.8452 0.93032369 -1.2890674 -3.6624383
60864 36693.0 -23182.107 -7986.5911 -4903.3297999999995 1.1810542000000002 -1.2063138 -3.6180913
60864 37113.0 -22634.32 -8474.908800000001 -6410.763599999999 1.4264736 -1.1181367 -3.5574735
60864 37533.0 -21984.767 -8925.1221 -7889.3675 1.6654778 -1.0249329 -3.4808579
60864 37953.0 -21236.368000000002 -9335.207199999999 -9332.4925 1.896992 -0.9271215899999999 -3.3885894
60864 38373.0 -20392.488 -9703.3207 -10733.649 2.1199749000000003 -0.82514288 -3.2810832000000003
60864 38793.0 -19456.924 -10027.808 -12086.537 2.333424 -0.7194554500000001 -3.1588235
60864 39213.0 -18433.881 -10307.211 -13385.072 2.5363796 -0.61053466 -3.0223603
60864 39633.0 -17327.962 -10540.273000000001 -14623.416000000001 2.7279293 -0.49887036 -2.8723079
60864 40053.0 -16144.138 -10725.948 -15796.002 2.9072123000000003 -0.38496469000000005 -2.7093413
60864 40473.0 -14887.734 -10863.401 -16897.558 3.0734227 -0.26932978 -2.5341937
60864 40893.0 -13564.398000000001 -10952.016 -17923.13 3.2258138 -0.1524855 -2.3476529
60864 41313.0 -12180.081 -10991.393 -18868.108 3.3637009 -0.034957065999999995 -2.1505579
60864 41733.0 -10741.007 -10981.358 -19728.245 3.4864647 0.082727278 -1.9437949
60864 42153.0 -9253.6458 -10921.954 -20499.672 3.5935538 0.20003864999999998 -1.7282935
60864 42573.0 -7724.6840999999995 -10813.451000000001 -21178.923 3.6844871 0.31644991 -1.5050224
60864 42993.0 -6160.995900000001 -10656.336 -21762.944 3.7588563 0.43143797 -1.2749851
60864 43413.0 -4569.610900000001 -10451.315 -22249.108 3.8163274 0.54448622 -1.0392156
60864 43833.0 -2957.6831 -10199.31 -22635.231 3.8566422 0.65508673 -0.7987733100000001
60864 44253.0 -1332.459 -9901.4544 -22919.575 3.8796195 0.76274262 -0.5547386599999999
60864 44673.0 298.75523 -9559.0864 -23100.862 3.885156 0.8669702 -0.30820821000000004
60864 45093.0 1928.6263999999999 -9173.745 -23178.275 3.8732265000000003 0.9673011699999999 -0.060289715
60864 45513.0 3549.8273 -8747.1621 -23151.467 3.8438842 1.0632846999999999 0.18790283
60864 45933.0 5155.0694 -8281.255000000001 -23020.555 3.7972606 1.1544895 0.43525414
60864 46353.0 6737.135700000001 -7778.1175 -22786.126 3.7335644 1.2405055 0.6806526300000001
60864 46773.0 8288.913 -7240.011 -22449.234 3.6530814 1.3209462 0.9229953900000001
60864 47193.0 9803.4241 -6669.354 -22011.391 3.5561723 1.3954498000000002 1.1611931
60864 47613.0 11273.859 -6068.7114 -21474.562 3.4432718 1.4636812000000001 1.3941749
60864 48033.0 12693.604 -5440.783 -20841.161 3.3148866 1.5253334 1.6208933
60864 48453.0 14056.276 -4788.3914 -20114.032 3.1715928 1.580129 1.8403286
60864 48873.0 15355.745 -4114.4693 -19296.443 3.0140337 1.6278213000000001 2.0514937
60864 49293.0 16586.168 -3422.0465 -18392.07 2.8429162000000003 1.6681951 2.2534386
60864 49713.0 17742.004 -2714.2353 -17404.972 2.6590112 1.701069 2.445254
60864 50133.0 18818.06 -1994.2193 -16339.594000000001 2.4631418 1.7262943 2.6260775
60864 50553.0 19809.491 -1265.2352 -15200.721 2.2561896000000004 1.7437571 2.7950945000000003
60864 50973.0 20711.837 -530.56127 -13993.474 2.0390849 1.7533785000000002 2.9515438
60864 51393.0 21521.038 206.49863000000002 -12723.282000000001 1.8128037 1.7551147 3.0947208
60864 51813.0 22233.45 942.6297800000001 -11395.857 1.5783637000000001 1.7489574 3.2239803
60864 52233.0 22845.868000000002 1674.5213999999999 -10017.169 1.3368193000000002 1.734934 3.3387399
60864 52653.0 23355.536 2398.8817000000004 -8593.4187 1.0892574 1.7131072999999999 3.4384823
60864 53073.0 23760.158 3112.4526 -7131.0098 0.8367918200000001 1.6835751 3.522758
60864 53493.0 24057.913 3812.0244 -5636.5208 0.5805589 1.6464702 3.5911871
60864 53913.0 24247.461 4494.4505 -4116.6747000000005 0.32171192000000004 1.6019593 3.643461
60864 54333.0 24327.949 5156.6613 -2578.3086000000003 0.061416092 1.5502428 3.6793442
60864 54753.0 24299.012 5795.6781 -1028.3433 -0.19915678 1.4915533 3.6986747
60864 55173.0 24160.782 6408.626700000001 526.24828 -0.45883362 1.4261551 3.7013656999999998
60864 55593.0 23913.881 6992.7503 2078.4723 -0.71644539 1.3543426 3.6874050000000005
60864 56013.0 23559.420000000002 7545.421700000001 3621.3457000000003 -0.9708323900000001 1.2764393 3.6568557
60864 56433.0 23098.994 8064.1555 5147.9277 -1.2208495000000001 1.1927959000000001 3.6098559
60864 56853.0 22534.676 8546.6192 6651.3509 -1.4653715 1.1037891 3.5466175
60864 57273.0 21869.005 8990.6435 8124.8526 -1.7032978 1.0098198 3.4674259000000003
60864 57693.0 21104.979 9394.232300000001 9561.804900000001 -1.933558 0.9113111 3.3726384
60864 58113.0 20246.035 9755.571300000001 10955.745 -2.1551162 0.8087065800000001 3.2626823
60864 58533.0 19296.039 10073.037 12300.403 -2.3669759 0.70246816 3.1380534
60864 58953.0 18259.267 10345.203 13589.734 -2.5681845 0.5930740600000001 2.9993134
60864 59373.0 17140.382 10570.846 14817.938 -2.7578375 0.4810166 2.8470876
60864 59793.0 15944.42 10748.954 15979.495 -2.9350826000000003 0.36680003 2.6820617
60864 60213.0 14676.762 10878.728000000001 17069.182 -3.0991235 0.25093813 2.504979
60864 60633.0 13343.109 10959.585000000001 18082.101 -3.2492237 0.13395205999999998 2.3166367
60864 61053.0 11949.460000000001 10991.164 19013.699 -3.3847091000000002 0.016367884 2.1178828
60864 61473.0 10502.085000000001 10973.324 19859.79 -3.5049717 -0.10128577 1.9096116
60864 61893.0 9007.4911 10906.148000000001 20616.571 -3.6094720000000002 -0.21848006 1.69276
60864 62313.0 7472.4008 10789.939 21280.643 -3.6977414 -0.33468831 1.4683035
60864 62733.0 5903.7164 10625.221 21849.023 -3.7693843000000005 -0.44938838 1.2372515000000002
60864 63153.0 4308.491 10412.736 22319.157 -3.8240797 -0.56206497 1.0006426
60864 63573.0 2693.8967000000002 10153.441 22688.933 -3.8615828000000003 -0.67221198 0.75954047
60864 63993.0 1067.1923000000002 9848.5016 22956.693 -3.8817259 -0.7793346800000001 0.51502864
60864 64413.0 -564.30966 9499.2904 23121.234 -3.8844192 -0.88295202 0.26820585999999996
60864 64833.0 -2193.275 9107.377900000001 23181.818 -3.8696514000000004 -0.98259867 0.020181134
60864 65253.0 -3812.3813 8674.5262 23138.174 -3.8374892000000003 -1.0778272 -0.22793123
60864 65673.0 -5414.3506 8202.6815 22990.499 -3.7880774 -1.1682099000000001 -0.47501657
60864 66093.0 -6991.9821 7693.965200000001 22739.459 -3.7216383 -1.2533409999999998 -0.71996488
60864 66513.0 -8538.1844 7150.664 22386.182 -3.6384703 -1.332838 -0.96167572
60864 66933.0 -10046.007 6575.2201 21932.257 -3.5389470000000003 -1.406344 -1.1990632
60864 67353.0 -11508.672 5970.2201 21379.724000000002 -3.4235155 -1.4735287000000001 -1.4310607
60864 67773.0 -12919.605 5338.383400000001 20731.067 -3.292694 -1.5340902 -1.6566258
60864 68193.0 -14272.463 4682.5498 19989.201 -3.1470700000000003 -1.5877564 -1.8747448
60864 68613.0 -15561.163 4005.6673 19157.461 -2.9872974 -1.6342859 -2.0844373000000003
60864 69033.0 -16779.912 3310.7783 18239.585 -2.8140937 -1.6734695 -2.2847608
60864 69453.0 -17923.23 2601.0062000000003 17239.7 -2.6282369 -1.7051310000000002 -2.4748145
60864 69873.0 -18985.976 1879.5415 16162.299 -2.4305617 -1.7291277 -2.6537438000000004
60864 70293.0 -19963.371 1149.6273 15012.225 -2.2219564000000003 -1.7453515 -2.8207439
60864 70713.0 -20851.02 414.54484 13794.649 -2.0033581 -1.7537292 -2.9750635
60864 71133.0 -21644.93 -322.40131 12515.045 -1.7757492 -1.7542229 -3.1160083
60864 71553.0 -22341.531 -1057.8981 11179.164 -1.5401528000000002 -1.7468299999999999 -3.2429438
60864 71973.0 -22937.689000000002 -1788.6388000000002 9793.0134 -1.2976279 -1.7315835 -3.3552988
60864 72393.0 -23430.721 -2511.3381 8362.8254 -1.0492650000000001 -1.7085517000000001 -3.4525672
60864 72813.0 -23818.41 -3222.7466 6895.0307 -0.7961808600000001 -1.6778379 -3.5343112000000003
60864 73233.0 -24099.011000000002 -3919.6656000000003 5396.2293 -0.5395136199999999 -1.63958 -3.6001625
60864 73653.0 -24271.262 -4598.9615 3873.1611000000003 -0.28041772 -1.5939501 -3.6498244
60864 74073.0 -24334.385000000002 -5257.5801 2332.675 -0.020058573 -1.541153 -3.6830732
60864 74493.0 -24288.098 -5892.5598 781.69878 0.24039261 -1.4814263 -3.6997591
60864 74913.0 -24132.607 -6501.0455 -772.79283 0.49976414999999996 -1.4150386000000001 -3.6998066
60864 75333.0 -23868.611 -7080.3013 -2323.809 0.75688925 -1.3422884 -3.6832156
60864 75753.0 -23497.296000000002 -7627.7227 -3864.3747000000003 1.0106112 -1.263503 -3.6500605999999998
60864 76173.0 -23020.333 -8140.8483 -5387.5616 1.2597886 -1.1790368000000002 -3.6004909
60864 76593.0 -22439.867000000002 -8617.3714 -6886.5199 1.5033006 -1.0892699000000001 -3.5347296000000004
60864 77013.0 -21758.508 -9055.1494 -8354.5087 1.740052 -0.9946060999999999 -3.4530728
60864 77433.0 -20979.319 -9452.2145 -9784.926800000001 1.9689778 -0.89547127 -3.355888
60864 77853.0 -20105.806 -9806.7817 -11171.342 2.1890487 -0.7923113700000001 -3.2436127999999997
60864 78273.0 -19141.897 -10117.257 -12507.519 2.3992751 -0.68559041 -3.1167525
60864 78693.0 -18091.926 -10382.246000000001 -13787.452000000001 2.5987118000000002 -0.57578842 -2.9758781
60864 79113.0 -16960.615 -10600.557 -15005.383 2.7864625000000003 -0.46339917 -2.8216235000000003
60864 79533.0 -15753.052 -10771.210000000001 -16155.839 2.9616832 -0.34892807 -2.6546828000000002
60864 79953.0 -14474.666000000001 -10893.438 -17233.646 3.1235865 -0.23288977 -2.4758069000000003
60864 80373.0 -13131.206 -10966.691 -18233.958 3.2714450999999998 -0.11580593 -2.2858004000000003
60864 80793.0 -11728.712 -10990.642 -19152.279 3.4045946 0.0017971626000000001 -2.0855178000000003
60864 81213.0 -10273.49 -10965.183 -19984.48 3.522437 0.11939095000000001 -1.8758596
60864 81633.0 -8772.082 -10890.429 -20726.82 3.6244431 0.23644697 -1.6577684
60864 82053.0 -7231.2389 -10766.716 -21375.962 3.7101546 0.35243923 -1.4322246
60864 82473.0 -5657.8876 -10594.602 -21928.988 3.7791866 0.46684657 -1.2002419
60864 82893.0 -4059.1011000000003 -10374.859 -22383.41 3.8312291000000003 0.57915496 -0.96286278
60864 83313.0 -2442.0668 -10108.476 -22737.186 3.8660483 0.68885982 -0.7211540700000001
60864 83733.0 -814.0540699999999 -9796.650300000001 -22988.725000000002 3.8834877000000003 0.79546828 -0.47620186000000003
60864 84153.0 817.6183199999999 -9440.783300000001 -23136.896 3.8834687 0.89850137 -0.22910681
60864 84573.0 2445.6151 -9042.4746 -23181.03 3.8659912 0.99749613 0.019020788
60864 84993.0 4062.6173 -8603.5143 -23120.93 3.8311333 1.0920077000000001 0.26706597
60864 85413.0 5661.3553 -8125.8753 -22956.862 3.7790511 1.1816114 0.51391409
60864 85833.0 7234.6412 -7611.7043 -22689.565 3.7099781 1.2659045000000002 0.75845579
60864 86253.0 8775.4012 -7063.3122 -22320.236 3.6242238 1.344508 0.99959197
60865 273.0 10276.707 -6483.1638 -21850.536 3.522173 1.4170683 1.2362387000000001
60865 693.0 11731.809000000001 -5873.866599999999 -21282.574 3.4042833999999997 1.4832592 1.467332
60865 1113.0 13134.162 -5238.1596 -20618.9 3.271084 1.5427829 1.6918328
60865 1533.0 14477.459 -4578.9001 -19862.498 3.1231727 1.5953713 1.9087314
60865 1953.0 15755.66 -3899.052 -19016.767 2.9612135 1.6407876000000001 2.1170519
60865 2373.0 16963.015 -3201.6708 -18085.507 2.7859323 1.6788276000000002 2.3158586
60865 2793.0 18094.094 -2489.8944 -17072.909 2.5981183999999997 1.7093187 2.5042537000000005
60865 3213.0 19143.802 -1766.9203 -15983.515000000001 2.3986162 1.7321244999999998 2.6813909
60865 3633.0 20107.420000000002 -1036.0004000000001 -14822.229000000001 2.1883212 1.7471415 2.8464725
60865 4053.0 20980.613 -300.42159000000004 -13594.27 1.9681788 1.7543016 2.998755
60865 4473.0 21759.45 436.50826 -12305.163 1.7391789000000002 1.7535724000000001 3.1375524
60865 4893.0 22440.427 1171.4749 -10960.702000000001 1.5023513000000002 1.7449565 3.2622395
60865 5313.0 23020.478 1901.1728 -9566.9359 1.2587615 1.7284924000000002 3.3722542
60865 5733.0 23496.993000000002 2622.3199 -8130.132500000001 1.0095053 1.7042538 3.4671008000000003
60865 6153.0 23867.827 3331.6726000000003 -6656.754900000001 0.75570451 1.6723497 3.5463517
60865 6573.0 24131.309 4026.0403 -5153.4308 0.49850134 1.6329232 3.6096497
60865 6993.0 24286.253 4702.2997000000005 -3626.9228 0.23905351 1.5861518000000001 3.6567094000000004
60865 7413.0 24331.963 5357.4089 -2084.0983 -0.021471053 1.5322459 3.6873186000000002
60865 7833.0 24268.231 5988.4213 -531.89791 -0.28189951 1.4714481000000001 3.7013395
60865 8253.0 24095.345 6592.4986 1022.6953000000001 -0.5410594599999999 1.4040321 3.6987088
60865 8673.0 23814.082000000002 7166.9241 2572.6876 -0.79778419 1.3303015 3.6794385000000003
60865 9093.0 23425.709 7709.1142 4111.106 -1.050918 1.2505883 3.6436158
60865 9513.0 22931.973 8216.6308 5631.0298 -1.2993216 1.1652514 3.5914023000000004
60865 9933.0 22335.098 8687.1918 7125.6218 -1.5418769 1.0746752 3.5230336
60865 10353.0 21637.769 9118.6815 8588.159099999999 -1.7774924 0.9792676 3.4388182
60865 10773.0 20843.124 9509.1602 10012.063 -2.005108 0.87945817 3.3391358
60865 11193.0 19954.741 9856.8729 11390.93 -2.2236998 0.7756963 3.2244359
60865 11613.0 18976.618000000002 10160.257 12718.559000000001 -2.4322849 0.6684491 3.0952357000000004
60865 12033.0 17913.155 10417.95 13988.98 -2.6299253 0.5581993199999999 2.9521174
60865 12453.0 16769.137 10628.793 15196.479000000001 -2.8157327 0.44544310000000004 2.7957259
60865 12873.0 15549.713 10791.842 16335.629 -2.9888721 0.33068779000000004 2.6267656
60865 13293.0 14260.368 10906.364 17401.309 -3.1485658 0.21444954000000002 2.4459974000000004
60865 13713.0 12906.901 10971.845 18388.728 -3.2940967999999997 0.097251201 2.2542352
60865 14133.0 11495.401 10987.994 19293.448 -3.4248117000000002 -0.020380268 2.0523420999999997
60865 14553.0 10032.216 10954.739 20111.404 -3.5401239 -0.13791605 1.8412266
60865 14973.0 8523.9256 10872.232 20838.920000000002 -3.6395162 -0.25482786 1.6218382999999998
60865 15393.0 6977.313400000001 10740.845 21472.728 -3.7225429 -0.37059033 1.3951639
60865 15813.0 5399.3332 10561.17 22009.98 -3.7888319999999998 -0.48468333 1.1622228000000001
60865 16233.0 3797.0798 10334.016 22448.264 -3.8380865 -0.59659434 0.92406207
60865 16653.0 2177.7566 10060.406 22785.611 -3.8700859999999997 -0.7058206800000001 0.68175222
60865 17073.0 548.64361 9741.5714 23020.507 -3.8846876000000004 -0.8118718 0.43638218
60865 17493.0 -1082.9358 9378.9454 23151.898 -3.8818264 -0.91427145 0.18905453
60865 17913.0 -2709.6473 8974.159099999999 23179.195 -3.8615157 -1.0125598 -0.059119503000000004
60865 18333.0 -4324.178599999999 8529.0326 23102.275 -3.8238474 -1.1062954 -0.30702495
60865 18753.0 -5919.272400000001 8045.5673 22921.487 -3.7689908 -1.1950574 -0.5535481099999999
60865 19173.0 -7487.7587 7525.9366 22637.644 -3.6971925999999997 -1.2784472 -0.79758147
60865 19593.0 -9022.5871 6972.4763 22252.021 -3.6087753 -1.3560903000000002 -1.0380287000000001
60865 20013.0 -10516.859 6387.6743 21766.353 -3.5041362 -1.4276378 -1.2738096
60865 20433.0 -11963.856 5774.1591 21182.823 -3.383745 -1.4927683 -1.5038647
60865 20853.0 -13357.074 5134.688400000001 20504.053 -3.2481423 -1.5511892 -1.7271602000000001
60865 21273.0 -14690.251 4472.1365000000005 19733.095 -3.0979372 -1.6026378000000001 -1.9426927
60865 21693.0 -15957.391 3789.4813 18873.414 -2.9338040999999997 -1.6468829 -2.1494934
60865 22113.0 -17152.799 3089.7914 17928.873 -2.7564801 -1.6837254000000001 -2.3466325
60865 22533.0 -18271.099000000002 2376.2118 16903.719 -2.5667617000000003 -1.7129995 -2.5332236
60865 22953.0 -19307.263 1651.95 15802.56 -2.365501 -1.7345734 -2.7084277
60865 23373.0 -20256.631 920.2619100000001 14630.345000000001 -2.1536024000000005 -1.7483498 -2.8714566
60865 23793.0 -21114.933 184.43668 13392.344000000001 -1.9320179000000002 -1.7542666 -3.0215769
60865 24213.0 -21878.309 -552.21773 12094.122 -1.7017434 -1.7522968 -3.1581129000000003
60865 24633.0 -22543.325 -1286.3895 10741.517 -1.4638139000000001 -1.7424489 -3.2804501
60865 25053.0 -23106.99 -2014.7779 9340.6096 -1.2192991 -1.7247670000000002 -3.3880379
60865 25473.0 -23566.768 -2734.108 7897.6985 -0.96929841 -1.6993304 -3.4803917
60865 25893.0 -23920.59 -3441.1456000000003 6419.271900000001 -0.71493598 -1.6662531 -3.5570956000000002
60865 26313.0 -24166.864 -4132.7116000000005 4911.977900000001 -0.45735583 -1.6256839 -3.6178041
60865 26733.0 -24304.481 -4805.6965 3382.5944 -0.19771651 -1.5778049 -3.6622437
60865 27153.0 -24332.821 -5457.0743 1837.9991000000002 0.062814101 -1.5228313 -3.6902141999999998
60865 27573.0 -24251.756 -6083.916 285.13822999999996 0.32306393000000005 -1.4610105000000002 -3.7015893
60865 27993.0 -24061.651 -6683.4033 -1269.005 0.58186222 -1.3926205 -3.6963178
60865 28413.0 -23763.358 -7252.8405 -2817.4412 0.83804473 -1.3179687 -3.6744233
60865 28833.0 -23358.221 -7789.6673 -4353.2068 1.090459 -1.2373912 -3.6360043
60865 29253.0 -22848.06 -8291.4701 -5869.3952 1.3379695 -1.1512504 -3.5812337000000003
60865 29673.0 -22235.169 -8755.992900000001 -7359.188099999999 1.5794629 -1.0599339 -3.5103582
60865 30093.0 -21522.305 -9181.1474 -8815.885699999999 1.8138529 -0.96385237 -3.4236967
60865 30513.0 -20712.675 -9565.0223 -10232.938 2.0400856000000003 -0.8634382 -3.3216395000000003
60865 30933.0 -19809.918 -9905.8921 -11603.971 2.2571434 -0.7591430400000001 -3.2046459
60865 31353.0 -18818.096 -10202.225 -12922.822 2.4640505 -0.6514360299999999 -3.0732426
60865 31773.0 -17741.667 -10452.688 -14183.56 2.6598767 -0.54080158 -2.9280209
60865 32193.0 -16585.474000000002 -10656.158 -15380.517 2.8437417999999997 -0.42773723 -2.7696344
60865 32613.0 -15354.715 -10811.719000000001 -16508.31 3.0148195 -0.31275137000000003 -2.5987956
60865 33033.0 -14054.924 -10918.672 -17561.869 3.172341 -0.19636097000000002 -2.4162730000000003
60865 33453.0 -12691.945 -10976.538 -18536.458 3.3155986 -0.07908924399999999 -2.2228876
60865 33873.0 -11271.908 -10985.058 -19427.695 3.4439487 0.038536696 -2.0195089
60865 34293.0 -9801.196699999999 -10944.192000000001 -20231.574 3.5568149 0.15598821000000002 -1.8070515
60865 34713.0 -8286.4228 -10854.126 -20944.481 3.6536902 0.27273748999999997 -1.5864704
60865 35133.0 -6734.396900000001 -10715.264000000001 -21563.211 3.7341396000000002 0.38825993000000003 -1.3587572
60865 35553.0 -5152.0961 -10528.232 -22084.982 3.7978018000000002 0.5020365 -1.1249352
60865 35973.0 -3546.634 -10293.87 -22507.448 3.8443907 0.6135560000000001 -0.88605539
60865 36393.0 -1925.2278000000001 -10013.231 -22828.71 3.8736972 0.7223174 -0.6431911
60865 36813.0 -295.16673 -9687.5777 -23047.324 3.8855893999999997 0.82783207 -0.39743367
60865 37233.0 1336.2213000000002 -9318.3732 -23162.304 3.8800137 0.92962593 -0.14988738000000001
60865 37653.0 2961.6023 -8907.277 -23173.134000000002 3.8569948 1.0272416 0.098335447
60865 38073.0 4573.669 -8456.1367 -23079.764 3.8166358000000002 1.1202404 0.34611939999999997
60865 38493.0 6165.1737 -7966.9800000000005 -22882.611 3.7591174 1.2082044 0.59235099
60865 38913.0 7728.9610999999995 -7442.0053 -22582.561 3.6846975000000004 1.2907382 0.83592359
60865 39333.0 9257.999800000001 -6883.5722000000005 -22180.961 3.5937099 1.3674707000000001 1.0757424000000002
60865 39753.0 10745.415 -6294.1905 -21679.614 3.4865624 1.4380569 1.3107294
60865 40173.0 12184.517 -5676.5095 -21080.773 3.3637361 1.5021791 1.539828
60865 40593.0 13568.835000000001 -5033.3055 -20387.128 3.2257819 1.5595489 1.762008
60865 41013.0 14892.142 -4367.47 -19601.795000000002 3.0733191000000004 1.609908 1.9762701
60865 41433.0 16148.487000000001 -3681.9963 -18728.305 2.9070324000000003 1.6530295000000002 2.1816503
60865 41853.0 17332.203 -2979.9609 -17770.56 2.7276726 1.6887208 2.3772260000000003
60865 42273.0 18437.997 -2264.5301 -16732.911 2.5360364 1.7168176000000002 2.5621143
60865 42693.0 19460.877 -1538.9153999999999 -15619.999 2.3329903 1.7371948 2.735484
60865 43113.0 20396.239 -806.38022 -14436.827000000001 2.1194465 1.7497603 2.8965544
60865 43533.0 21239.876 -70.21857399999999 -13188.717 1.8963649 1.7544570000000002 3.0446
60865 43953.0 21987.991 666.25886 -11881.28 1.6647489 1.7512634 3.178954
60865 44373.0 22637.216 1399.7398 -10520.397 1.4256400000000002 1.7401934000000001 3.2990109000000003
60865 44793.0 23184.63 2126.9254 -9112.188699999999 1.1801141 1.7212965999999998 3.4042297
60865 45213.0 23627.768 2844.5449 -7662.9884 0.9292758400000001 1.6946576 3.4941361000000004
60865 45633.0 23964.636000000002 3549.3705 -6179.3152 0.6742541 1.6603961 3.5683249999999997
60865 46053.0 24193.717 4238.2318 -4667.8431 0.41619670000000003 1.618666 3.6264618
60865 46473.0 24313.979 4908.0305 -3135.3716 0.15626524 1.5696552 3.6682844
60865 46893.0 24324.881 5555.7536 -1588.7948000000001 -0.10437014000000001 1.5135841 3.6936044000000003
60865 47313.0 24226.374 6178.4879 -35.07054 -0.36453611999999996 1.4507052 3.7023077
60865 47733.0 24018.9 6773.432400000001 1518.8115 -0.62306144 1.3813015 3.6943552
60865 48153.0 23703.395 7337.9113 3065.8607 -0.87878229 1.3056856000000001 3.6697828
60865 48573.0 23281.277000000002 7869.3861 4599.1174 -1.1305474999999998 1.2241978999999998 3.6287015
60865 48993.0 22754.447 8365.4668 6111.6843 -1.377224 1.1372056 3.5712968000000003
60865 49413.0 22125.277000000002 8823.9228 7596.7574 -1.6177015 1.0451002 3.4978276999999998
60865 49833.0 21396.597 9242.6931 9047.6566 -1.850898 0.9482967099999999 3.4086255999999997
60865 50253.0 20571.689000000002 9619.895199999999 10457.856 -2.0757643 0.84723087 3.3040928
60865 50673.0 19654.263 9953.833900000001 11821.014000000001 -2.2912890000000004 0.74235775 3.1847007
60865 51093.0 18648.45 10243.009 13131.0 -2.4965029 0.63414942 3.0509874
60865 51513.0 17558.774 10486.121000000001 14381.922 -2.6904836 0.5230929200000001 2.9035555
60865 51933.0 16390.139 10682.078 15568.158 -2.872359 0.40968801000000005 2.7430693
60865 52353.0 15147.802 10830.001 16684.374 -3.0413121000000003 0.29444486000000003 2.5702516
60865 52773.0 13837.352 10929.227 17725.552 -3.1965841999999998 0.17788186 2.3858806
60865 53193.0 12464.684000000001 10979.311 18687.012 -3.3374779 0.060523217000000004 2.1907863
60865 53613.0 11035.972 10980.029 19564.434 -3.4633609 -0.057103417999999996 1.9858467000000002
60865 54033.0 9557.6421 10931.380000000001 20353.874 -3.5736683 -0.17446929 1.7719839
60865 54453.0 8036.341200000001 10833.585000000001 21051.786 -3.6679055 -0.29104693 1.5501599000000001
60865 54873.0 6478.9108 10687.084 21655.033 -3.7456500000000004 -0.40631249 1.3213723
60865 55293.0 4892.3533 10492.539 22160.907 -3.8065534 -0.51974814 1.0866495999999999
60865 55713.0 3283.8022 10250.824 22567.136000000002 -3.8503431000000004 -0.6308443 0.84704714
60865 56133.0 1660.4888999999998 9963.0269 22871.894 -3.8768231 -0.73910201 0.60364165
60865 56553.0 29.711029 9630.4434 23073.815 -3.8858752 -0.84403507 0.35752699000000004
60865 56973.0 -1601.2005 9254.569 23171.993000000002 -3.8774595 -0.94517227 0.10980901
60865 57393.0 -3224.9145 8837.0938 23165.986 -3.8516143 -1.0420594 -0.13839935
60865 57813.0 -4834.1323 8379.8951 23055.825 -3.808456 -1.1342615 -0.38598298999999997
60865 58233.0 -6421.6205 7885.0280999999995 22842.004 -3.7481788000000003 -1.2213644 -0.63182967
60865 58653.0 -7980.2434 7354.7177 22525.486 -3.6710535 -1.302977 -0.87483494
60865 59073.0 -9502.9949 6791.3475 22107.693 -3.5774267 -1.3787327 -1.1139070999999998
60865 59493.0 -10983.03 6197.45 21590.505 -3.4677188 -1.4482912 -1.347972
60865 59913.0 -12413.696 5575.6944 20976.245 -3.3424225 -1.51134 -1.575978
60865 60333.0 -13788.561 4928.875599999999 20267.675 -3.2021003 -1.5675957 -1.7969004
60865 60753.0 -15101.445 4259.9006 19467.98 -3.0473824 -1.6168054 -2.0097464
60865 61173.0 -16346.444 3571.7766 18580.753 -2.8789635 -1.6587480000000001 -2.2135592
60865 61593.0 -17517.961 2867.5962999999997 17609.983 -2.6976001000000003 -1.6932346 -2.4074225
60865 62013.0 -18610.729 2150.5253 16560.033 -2.5041067 -1.72011 -2.5904646
60865 62433.0 -19619.834 1423.7866000000001 15435.623 -2.2993526 -1.7392532 -2.7618622
60865 62853.0 -20540.738 690.64734 14241.807 -2.0842577 -1.7505778 -2.9208443
60865 63273.0 -21369.298 -45.596827 12983.953 -1.8597885 -1.7540327 -3.0666956
60865 63693.0 -22101.789 -781.636 11667.714 -1.6269539 -1.749602 -3.1987597
60865 64113.0 -22734.915 -1514.1611 10299.008 -1.3868006000000002 -1.7373053 -3.3164421
60865 64533.0 -23265.828 -2239.8787 8883.990099999999 -1.1404081000000001 -1.7171976 -3.4192131
60865 64953.0 -23692.139 -2955.526 7429.021900000001 -0.8888843500000001 -1.6893692000000002 -3.5066098
60865 65373.0 -24011.93 -3657.8853 5940.6458 -0.6333605 -1.6539449 -3.5782386
60865 65793.0 -24223.763 -4343.798400000001 4425.5545 -0.37498577 -1.6110838 -3.6337767
60865 66213.0 -24326.682 -5010.1814 2890.5613 -0.11492229000000001 -1.5609785999999999 -3.6729741
60865 66633.0 -24320.225000000002 -5654.0377 1342.5691000000002 0.14566010000000001 -1.5038546 -3.695654
60865 67053.0 -24204.419 -6272.472400000001 -211.46081 0.4055891 -1.4399686 -3.701714
60865 67473.0 -23979.785 -6862.7047 -1764.5397 0.6636954100000001 -1.369608 -3.6911269000000004
60865 67893.0 -23647.333 -7422.0808 -3309.6831 0.9188179000000001 -1.2930891999999998 -3.6639401
60865 68313.0 -23208.556 -7948.085599999999 -4839.9422 1.1698089 -1.2107565 -3.6202759
60865 68733.0 -22665.43 -8438.3541 -6348.4352 1.4155392 -1.1229803 -3.560331
60865 69153.0 -22020.395 -8890.6821 -7828.3784000000005 1.6549037000000002 -1.0301555 -3.4843752
60865 69573.0 -21276.353 -9303.036300000002 -9273.1164 1.8868255999999999 -0.93269971 -3.3927504
60865 69993.0 -20436.65 -9673.562800000002 -10676.153 2.110262 -0.8310512999999999 -3.2858692
60865 70413.0 -19505.062 -10000.596 -12031.178 2.3242081 -0.72566754 -3.1642125
60865 70833.0 -18485.778000000002 -10282.667 -13332.099 2.5277021 -0.61702244 -3.0283279000000003
60865 71253.0 -17383.383 -10518.507 -14573.067000000001 2.7198290000000003 -0.50560463 -2.8788271
60865 71673.0 -16202.834 -10707.057 -15748.501 2.8997255 -0.39191513 -2.7163825999999998
60865 72093.0 -14949.44 -10847.469000000001 -16853.118 3.0665829 -0.27646514 -2.5417252
60865 72513.0 -13628.835000000001 -10939.114 -17881.95 3.2196516 -0.15977370999999999 -2.3556407
60865 72933.0 -12246.959 -10981.579 -18830.373 3.3582438000000003 -0.042365372 -2.1589659
60865 73353.0 -10810.025 -10974.674 -19694.123 3.4817370000000003 0.075232146 -1.9525852000000001
60865 73773.0 -9324.492300000002 -10918.431 -20469.316 3.5895764 0.19249034 -1.7374265
60865 74193.0 -7797.040400000001 -10813.103000000001 -21152.467 3.6812777000000003 0.3088823 -1.5144570000000002
60865 74613.0 -6234.5363 -10659.165 -21740.506 3.7564292 0.42388502 -1.2846789
60865 75033.0 -4644.0045 -10457.307 -22230.789 3.8146932000000002 0.53698179 -1.0491251
60865 75453.0 -3032.5953 -10208.438 -22621.111 3.855808 0.64766449 -0.80885388
60865 75873.0 -1407.5528000000002 -9913.6764 -22909.717 3.8795889000000003 0.75543583 -0.5649451299999999
60865 76293.0 223.81734 -9574.347300000001 -23095.309 3.885929 0.85981163 -0.31849480999999996
60865 76713.0 1854.1814 -9191.975699999999 -23177.052 3.8747994 0.9603229 -0.07061031599999999
60865 77133.0 3476.2097000000003 -8768.280400000001 -23154.577 3.8462498000000003 1.056518 0.17759447
60865 77553.0 5082.61 -8305.165500000001 -23027.983 3.8004082 1.1479647 0.42500421
60865 77973.0 6666.16 -7804.712500000001 -22797.84 3.7374798 1.2342519 0.67050703
60865 78393.0 8219.74 -7269.1705999999995 -22465.179 3.6577468 1.3149917 0.91299955
60865 78813.0 9736.3644 -6700.947 -22031.494 3.5615668 1.3898212 1.1513918
60865 79233.0 11209.214 -6102.5955 -21498.734 3.4493712000000003 1.4584037 1.3846120000000002
60865 79653.0 12631.664 -5476.8058 -20869.291 3.3216634 1.5204307 1.6116115
60865 80073.0 13997.319 -4826.3907 -20145.994 3.1790166 1.5756231 1.8313695
60865 80493.0 15300.036 -4154.2742 -19332.093 3.0220712 1.6237324000000002 2.0428975
60865 80913.0 16533.959 -3463.4782999999998 -18431.25 2.8515311000000003 1.6645414 2.2452436
60865 81333.0 17693.532 -2757.1088 -17447.510000000002 2.6681643 1.6978666 2.4374962
60865 81753.0 18773.539 -2038.3403 -16385.291 2.4727932 1.723558 2.6187924
60865 82173.0 19769.121 -1310.4053999999999 -15249.373 2.266296 1.7414993 2.7883147
60865 82593.0 20675.8 -576.5774399999999 -14044.863000000001 2.049601 1.7516094 2.9452997
60865 83013.0 21489.494 159.84351 -12777.176 1.8236824999999999 1.7538422 3.0890404
60865 83433.0 22206.544 895.5456 -11452.014000000001 1.5895563 1.7481874000000002 3.2188892
60865 83853.0 22823.72 1627.22 -10075.336 1.3482756 1.7346700000000002 3.3342609000000003
60865 84273.0 23338.245 2351.576 -8653.3345 1.1009259999999998 1.7133505 3.4346357
60865 84693.0 23747.804 3065.3554 -7192.4052 0.84862048 1.6843245 3.5195610999999998
60865 85113.0 24050.552 3765.3478 -5699.119900000001 0.5924945300000001 1.6477225000000002 3.5886543000000004
60865 85533.0 24245.126 4448.4045 -4180.196 0.33370099 1.603709 3.6416039000000002
60865 85953.0 24330.65 5111.4533 -2642.4666 0.07340479000000001 1.552482 3.678171
60865 86373.0 24306.739 5751.5117 -1092.8493 -0.18722227000000002 1.4942720999999999 3.698191
60866 393.0 24173.501 6365.7008 461.68431 -0.4470069 1.4293413000000001 3.7015737
60866 813.0 23931.535 6951.2582 2014.1408999999999 -0.7047795800000001 1.357982 3.688304
60866 1233.0 23581.931 7505.5505 3557.5364 -0.95937991 1.2805155 3.6584418000000003
60866 1653.0 23126.261000000002 8026.084900000001 5084.9276 -1.2096619000000002 1.1972906 3.612122
60866 2073.0 22566.577 8510.5208 6589.443700000001 -1.4544989000000002 1.1086822 3.5495536000000003
60866 2493.0 21905.398 8956.6801 8064.317 -1.6927893 1.0150893 3.4710189999999996
60866 2913.0 21145.701 9362.556900000001 9502.9136 -1.9234608000000002 0.91693338 3.3768724000000003
60866 3333.0 20290.903000000002 9726.3271 10898.763 -2.1454758000000003 0.81465635 3.2675383000000005
60866 3753.0 19344.853 10046.356 12245.588 -2.3578357000000003 0.7087186799999999 3.1435097
60866 4173.0 18311.807 10321.205 13537.332 -2.5595856 0.59959724 3.0053456
60866 4593.0 17196.414 10549.64 14768.186 -2.7498188 0.48778312 2.8536687
60866 5013.0 16003.692000000001 10730.636 15932.617 -2.9276801 0.37377945999999995 2.6891622
60866 5433.0 14739.007 10863.380000000001 17025.39 -3.0923707 0.25809907 2.512567
60866 5853.0 13408.048 10947.278 18041.592 -3.2431509000000003 0.14126232 2.3246781999999997
60866 6273.0 12016.802 10981.952000000001 18976.657 -3.3793438 0.023794576 2.1263417
60866 6693.0 10571.527 10967.251 19826.381 -3.5003381 -0.093776048 1.9184498
60866 7113.0 9078.7225 10903.24 20586.948 -3.6055911000000003 -0.21092107999999998 1.7019380000000002
60866 7533.0 7545.101000000001 10790.210000000001 21254.939000000002 -3.6946307000000003 -0.32711408000000003 1.47778
60866 7953.0 5977.5588 10628.671 21827.353 -3.7670578999999997 -0.44183296 1.2469839
60866 8373.0 4383.1439 10419.349 22301.621 -3.8225482000000004 -0.55456236 1.0105872
60866 8793.0 2769.0246 10163.188 22675.611 -3.8608532 -0.66479591 0.7696525799999999
60866 9213.0 1142.4575 9861.3392 22947.645 -3.8818015999999997 -0.77203853 0.52526278
60866 9633.0 -489.24535 9515.1615 23116.502 -3.8853000000000004 -0.87580859 0.27851602000000003
60866 10053.0 -2118.7491 9126.2115 23181.424 -3.8713335000000004 -0.97564012 0.030520937
60866 10473.0 -3738.7288 8696.2381 23142.121 -3.8399651 -1.0710848000000002 -0.21760829
60866 10893.0 -5341.9029 8227.174500000001 22998.77 -3.7913361 -1.1617141 -0.46475695
60866 11313.0 -6921.0649 7721.1295 22752.018 -3.7256653 -1.2471208999999999 -0.70981475
60866 11733.0 -8469.116800000002 7180.3779 22402.973 -3.6432476 -1.3269217000000002 -0.9516808099999999
60866 12153.0 -9979.099800000002 6607.3504 21953.205 -3.5444533000000003 -1.4007581 -1.1892684999999998
60866 12573.0 -11444.227 6004.6227 21404.736 -3.4297261 -1.4682984 -1.4215103999999998
60866 12993.0 -12857.911 5374.9039 20760.031 -3.2995811 -1.529239 -1.6473629
60866 13413.0 -14213.798 4721.0244 20021.988 -3.1546027 -1.5833062 -1.8658111
60866 13833.0 -15505.791000000001 4045.9232 19193.924 -2.9954419 -1.6302568000000002 -2.0758731
60866 14253.0 -16728.083 3352.6347 18279.561 -2.8228135 -1.6698796 -2.2766048000000003
60866 14673.0 -17875.178 2644.2753 17283.009000000002 -2.6374928 -1.7019965 -2.4671035000000003
60866 15093.0 -18941.917 1924.0289 16208.747000000001 -2.4403121000000003 -1.7264628 -2.6465127
60866 15513.0 -19923.503 1195.1332 15061.604000000001 -2.2321574 -1.7431682000000002 -2.8140253
60866 15933.0 -20815.523 460.86482 13846.737000000001 -2.0139638 -1.7520374 -2.9688879000000004
60866 16353.0 -21613.964 -275.47537 12569.607 -1.7867118000000002 -1.7530302 -3.1104035
60866 16773.0 -22315.236 -1010.577 11235.956 -1.5514229000000002 -1.7461419 -3.2379353
60866 17193.0 -22916.182 -1741.1353000000001 9851.7795 -1.3091548 -1.731403 -3.3509091
60866 17613.0 -23414.101 -2463.8656 8423.3016 -1.0609966 -1.7088797 -3.4488163
60866 18033.0 -23806.751 -3175.5184 6956.9452 -0.8080642299999999 -1.6786729 -3.5312159000000003
60866 18453.0 -24092.366 -3872.8939 5459.3036 -0.55149519 -1.6409183 -3.5977369
60866 18873.0 -24269.659 -4552.8566 3937.1115 -0.29244343 -1.5957855 -3.6480794000000003
60866 19293.0 -24337.834 -5212.349 2397.214 -0.032074155 -1.5434773 -3.6820167
60866 19713.0 -24296.581000000002 -5848.4057999999995 846.53595 0.22844135000000002 -1.4842291 -3.6993958
60866 20133.0 -24146.087 -6458.167 -707.94901 0.48793115000000004 -1.4183071 -3.7001382
60866 20553.0 -23887.026 -7038.8908 -2259.2502000000004 0.74522787 -1.3460079 -3.6842404
60866 20973.0 -23520.564000000002 -7587.966200000001 -3800.391 0.9991740200000001 -1.2676567 -3.651774
60866 21393.0 -23048.349000000002 -8102.9243 -5324.4408 1.2486271999999998 -1.183606 -3.602885
60866 21813.0 -22472.504 -8581.4501 -6824.545700000001 1.4924653 -1.094234 -3.5377935000000003
60866 22233.0 -21795.618000000002 -9021.3921 -8293.959700000001 1.7295915 -0.99994264 -3.4567925
60866 22653.0 -21020.736 -9420.772500000001 -9726.0748 1.9589393 -0.90115622 -3.3602468
60866 23073.0 -20151.343 -9777.7961 -11114.451000000001 2.1794773 -0.7983191000000001 -3.2485908
60866 23493.0 -19191.347 -10090.858 -12452.846 2.3902139000000004 -0.69189387 -3.1223272000000004
60866 23913.0 -18145.068 -10358.552 -13735.24 2.5902015 -0.58235919 -2.9820241999999997
60866 24333.0 -17017.209 -10579.673 -14955.869 2.7785413 -0.47020767 -2.8283133
60866 24753.0 -15812.843 -10753.23 -16109.243 2.9543867 -0.35594364 -2.6618859
60866 25173.0 -14537.384 -10878.442000000001 -17190.177 3.1169475 -0.24008083 -2.4834909
60866 25593.0 -13196.569 -10954.747 -18193.812 3.2654933 -0.12314011999999999 -2.2939306000000004
60866 26013.0 -11796.426 -10981.803 -19115.635000000002 3.3993567 -0.0056471698999999995 -2.0940574
60866 26433.0 -10343.25 -10959.487000000001 -19951.502 3.5179363 0.11186996 -1.8847702
60866 26853.0 -8843.574 -10887.902 -20697.655 3.6206997000000003 0.22888315 -1.6670099
60866 27273.0 -7304.1411 -10767.37 -21350.741 3.7071853000000003 0.34486658000000003 -1.4417552
60866 27693.0 -5731.8719 -10598.432 -21907.822 3.7770046 0.45929913 -1.2100188
60866 28113.0 -4133.8348 -10381.848 -22366.395 3.829844 0.57166664 -0.9728419
60866 28533.0 -2517.2137000000002 -10118.592 -22724.397 3.8654663 0.6814642700000001 -0.73129053
60866 28953.0 -889.2763000000001 -9809.846599999999 -22980.218 3.8837111 0.78819872 -0.48645004999999997
60866 29373.0 742.6589399999999 -9457.0006 -23132.708 3.8844965000000005 0.8913904300000001 -0.23942066
60866 29793.0 2371.2555 -9061.6396 -23181.181 3.8678185 0.9905757599999999 0.0086876347
60866 30213.0 3989.1917000000003 -8625.5404 -23125.416 3.8337518 1.085309 0.25675995
60866 30633.0 5589.1936 -8150.6630000000005 -22965.663 3.782449 1.1751643999999999 0.5036815
60866 31053.0 7164.067599999999 -7639.1418 -22702.64 3.7141398 1.2597381 0.74834259
60866 31473.0 8706.732699999999 -7093.2758 -22337.526 3.6291307 1.3386498 0.98964356
60866 31893.0 10210.252 -6515.518400000001 -21871.962 3.5278028 1.4115448 1.2264997000000002
60866 32313.0 11667.866 -5908.4666 -21308.038 3.4106107000000003 1.4780951 1.4578462
60866 32733.0 13073.018 -5274.848900000001 -20648.288 3.2780804 1.5380013 1.6826427000000002
60866 33153.0 14419.389000000001 -4617.513599999999 -19895.677 3.1308066 1.5909937 1.8998782
60866 33573.0 15700.923 -3939.4157000000005 -19053.586 2.9694506 1.6368335999999999 2.1085755
60866 33993.0 16911.851 -3243.6006 -18125.789 2.7947368999999997 1.6753158000000001 2.3077982
60866 34413.0 18046.739 -2533.2035 -17116.482 2.6074492 1.7062642000000001 2.4966445
60866 34833.0 19100.469 -1811.4139 -16030.184000000001 2.4084312 1.7295408 2.6742668
60866 35253.0 20068.303 -1081.4783 -14871.782000000001 2.1985763 1.7450401 2.8398654000000003
60866 35673.0 20945.888 -346.67901 -13646.485 1.9788279 1.7526921 2.9926945000000003
60866 36093.0 21729.272 389.67940000000004 -12359.803 1.7501741 1.7524618 3.1320657
60866 36513.0 22414.931 1124.2853 -11017.522 1.5136432 1.7443498 3.2573510999999997
60866 36933.0 22999.778000000002 1853.8346999999999 -9625.679 1.2702993 1.7283923 3.3679859000000003
60866 37353.0 23481.182 2575.0463 -8190.5347 1.0212372 1.7046609000000001 3.4634717999999998
60866 37773.0 23856.974000000002 3284.6762000000003 -6718.5442 0.7675778000000001 1.6732619 3.5433781
60866 38193.0 24125.463 3979.5324 -5216.329 0.5104627 1.6343364999999999 3.6073448
60866 38613.0 24285.441 4656.4895 -3690.6469 0.25104924 1.5880598000000001 3.6550834
60866 39033.0 24336.186 5312.5025000000005 -2148.3614 -0.009494787499999999 1.5346401 3.6863787
60866 39453.0 24277.471 5944.6207 -596.41089 -0.26999646 1.4743176 3.7010898
60866 39873.0 24109.559 6550.0008 958.22266 -0.5292830199999999 1.4073641000000001 3.6991504
60866 40293.0 23833.207000000002 7125.9202000000005 2508.5452999999998 -0.78618718 1.3340809999999999 3.6805695000000003
60866 40713.0 23449.658 7669.7888 4047.5826 -1.0395525 1.2547983 3.6454309
60866 41133.0 22960.638 8179.1607 5568.411099999999 -1.2882384 1.1698730000000002 3.5938933000000004
60866 41553.0 22368.349000000002 8651.7456 7064.1894 -1.5311258 1.0796877 3.5261894000000003
60866 41973.0 21675.457000000002 9085.4187 8528.189300000002 -1.7671216 0.9846484799999999 3.4426245
60866 42393.0 20885.081000000002 9478.230599999999 9953.8258 -1.995164 0.8851832900000001 3.3435756000000003
60866 42813.0 20000.777000000002 9828.4156 11334.687 -2.2142272 0.78173997 3.2294893000000005
60866 43233.0 19026.525 10134.4 12664.563 -2.423326 0.67478421 3.10088
60866 43653.0 17966.71 10394.81 13937.474 -2.6215204 0.5647974299999999 2.9583273
60866 44073.0 16826.099000000002 10608.475 15147.696 -2.8079195 0.45227461 2.8024736
60866 44493.0 15609.826000000001 10774.436 16289.788 -2.9816856 0.33772204 2.6340209
60866 44913.0 14323.362000000001 10891.95 17358.615 -3.1420384 0.22165498 2.4537278000000002
60866 45333.0 12972.493 10960.488 18349.375 -3.2882576 0.10459547999999999 2.2624061
60866 45753.0 11563.296 10979.744 19257.613 -3.419687 -0.012930113 2.0609169
60866 46173.0 10102.109 10949.635 20079.248 -3.5357367 -0.13039346000000002 1.8501668
60866 46593.0 8595.5038 10870.297 20810.589 -3.6358863 -0.24726661 1.631104
60866 47013.0 7050.2542 10742.087 21448.350000000002 -3.7196866 -0.36302437 1.4047136
60866 47433.0 5473.3088 10565.585000000001 21989.665 -3.7867622 -0.47714664 1.1720137
60866 47853.0 3871.7578 10341.585000000001 22432.104 -3.8368126000000005 -0.58912076 0.93405026
60866 48273.0 2252.8015 10071.095 22773.68 -3.8696138 -0.6984438000000001 0.6918929500000001
60866 48693.0 623.71801 9755.3321 23012.859 -3.8850194 -0.80462475 0.44663
60866 49113.0 -1008.1694 9395.7168 23148.569 -3.8829607000000004 -0.9071868 0.19936349
60866 49533.0 -2635.525 8993.8664 23180.2 -3.8634477 -1.0056694 -0.048795648000000004
60866 49953.0 -4251.0338 8551.587599999999 23107.611 -3.8265685 -1.0996303 -0.29673252000000006
60866 50373.0 -5847.4340999999995 8070.8691 22931.131 -3.7724889 -1.1886475 -0.5433332799999999
60866 50793.0 -7417.550200000001 7553.8719 22651.554 -3.7014522000000003 -1.2723213 -0.7874901200000001
60866 51213.0 -8954.3243 7002.92 22270.136000000002 -3.6137775000000003 -1.350276 -1.0281061999999999
60866 51633.0 -10450.849 6420.4899000000005 21788.592 -3.5098586000000003 -1.4221613 -1.2641004
60866 52053.0 -11900.396 5809.1996 21209.087 -3.3901621 -1.4876543 -1.4944126000000002
60866 52473.0 -13296.451000000001 5171.7966 20534.226 -3.2552256 -1.5464607000000001 -1.7180077000000002
60866 52893.0 -14632.737000000001 4511.1459 19767.042 -3.1056549 -1.5983162 -1.9338810000000002
60866 53313.0 -15903.246000000001 3830.2169 18910.983 -2.9421217000000004 -1.6429875999999999 -2.1410621
60866 53733.0 -17102.267 3132.0703 17969.897 -2.7653604 -1.6802741 -2.3386196
60866 54153.0 -18224.408 2419.8442999999997 16948.014 -2.5761649 -1.7100077000000002 -2.5256654
60866 54573.0 -19264.623 1696.7401000000002 15849.928 -2.3753851 -1.7320547 -2.7013583
60866 54993.0 -20218.236 966.00848 14680.573 -2.163923 -1.7463157000000002 -2.8649079000000004
60866 55413.0 -21080.956000000002 230.93417000000002 13445.208 -1.9427287 -1.7527262000000001 -3.0155785
60866 55833.0 -21848.904000000002 -505.17825 12149.386 -1.7127963 -1.7512572 -3.152692
60866 56253.0 -22518.626 -1239.0195 10798.932 -1.4751594000000001 -1.7419149 -3.2756314000000004
60866 56673.0 -23087.109 -1967.2902 9399.9176 -1.2308861 -1.7247411 -3.3838431
60866 57093.0 -23551.795000000002 -2686.7162000000003 7958.633900000001 -0.98107471 -1.6998127 -3.47684
60866 57513.0 -23910.593 -3394.0627000000004 6481.5611 -0.72684867 -1.6672416 -3.5542032
60866 57933.0 -24161.89 -4086.1495 4975.341 -0.46935125 -1.6271741 -3.6155843
60866 58353.0 -24304.553 -4759.8645 3446.7468 -0.20974061000000002 -1.5797902 -3.6607066
60866 58773.0 -24337.939000000002 -5412.1786 1902.6525000000001 0.050815505000000004 -1.5253029 -3.6893667999999997
60866 59193.0 -24261.899 -6040.1586 350.00185 0.31114497 -1.4639573000000001 -3.7014358000000005
60866 59613.0 -24076.773 -6640.981 -1204.2228 0.5700766899999999 -1.3960291 -3.696859
60866 60033.0 -23783.394 -7211.9442 -2753.0317999999997 0.82644584 -1.3218239 -3.6756568000000005
60866 60453.0 -23383.079 -7750.4809000000005 -4289.459900000001 1.0790990999999999 -1.2416756 -3.6379247
60866 60873.0 -22877.63 -8254.17 -5806.5978 1.3268999 -1.1559447 -3.5838324
60866 61293.0 -22269.319 -8720.7468 -7297.6225 1.5687336 -1.0650169 -3.5136235
60866 61713.0 -21560.881 -9148.113800000001 -8755.829099999999 1.8035125 -0.96930125 -3.427614
60866 62133.0 -20755.504 -9534.349800000002 -10174.66 2.0301807 -0.86922832 -3.3261911
60866 62553.0 -19856.808 -9877.7185 -11547.735 2.2477188999999997 -0.7652483 -3.2098114
60866 62973.0 -18868.835 -10176.677 -12868.881 2.4551488 -0.65782887 -3.0789985000000004
60866 63393.0 -17796.029 -10429.881 -14132.156 2.6515381000000002 -0.54745318 -2.9343413000000003
60866 63813.0 -16643.213 -10636.193000000001 -15331.880000000001 2.8360039 -0.43461758 -2.7764906000000003
60866 64233.0 -15415.571 -10794.686 -16462.66 3.0077172 -0.31982943999999996 -2.6061566
60866 64653.0 -14118.624 -10904.649 -17519.411 3.1659063 -0.20360485 -2.4241055
60866 65073.0 -12758.203 -10965.586 -18497.382 3.3098604999999997 -0.08646627999999999 -2.2311562
60866 65493.0 -11340.425000000001 -10977.226 -19392.178 3.4389331000000003 0.031059745 -2.0281763
60866 65913.0 -9871.6642 -10939.516 -20199.774 3.5525443 0.14844502 -1.8160784
60866 66333.0 -8358.5241 -10852.626 -20916.54 3.6501837999999998 0.26516204 -1.5958160000000001
60866 66753.0 -6807.8075 -10716.947 -21539.255 3.731413 0.38068633 -1.3683793000000002
60866 67173.0 -5226.486 -10533.089 -22065.117000000002 3.7958672 0.49449883 -1.1347904000000002
60866 67593.0 -3621.6685 -10301.879 -22491.764 3.8432568000000003 0.60608817 -0.89609916
60866 68013.0 -2000.5695 -10024.356 -22817.276 3.8733688 0.71495301 -0.6533781300000001
60866 68433.0 -370.47684999999996 -9701.7685 -23040.19 3.8860680000000003 0.82060424 -0.40771801
60866 68853.0 1261.2813999999998 -9335.5652 -23159.503 3.8812968999999997 0.9225671400000001 -0.16022266999999998
60866 69273.0 2887.3693 -8927.3926 -23174.676 3.8590768 1.0203836 0.08799578200000001
60866 69693.0 4500.4765 -8479.0852 -23085.641 3.8195069 1.113614 0.33582194
60866 70113.0 6093.3506 -7992.657700000001 -22892.796000000002 3.7627647000000004 1.2018394000000001 0.58214211
60866 70533.0 7658.83 -7470.2964 -22597.008 3.6891044 1.2846631 0.82584924
60866 70953.0 9189.875699999999 -6914.349099999999 -22199.602 3.5988562 1.3617129000000001 1.0658479
60866 71373.0 10679.603000000001 -6327.3146 -21702.366 3.4924251 1.4326421 1.3010593
60866 71793.0 12121.314 -5711.831400000001 -21107.531 3.3702884 1.4971317 1.5304258
60866 72213.0 13508.523000000001 -5070.6663 -20417.771 3.2329943 1.5548916 1.7529159
60866 72633.0 14834.993 -4406.7013 -19636.185 3.0811591 1.6056616 1.9675289
60866 73053.0 16094.757 -3722.9215 -18766.286 2.9154642 1.649213 2.1732993
60866 73473.0 17282.141 -3022.3988 -17811.973 2.736657 1.6853502 2.3693008
60866 73893.0 18391.818 -2308.2868 -16777.556 2.5455348 1.7139093 2.5546522
60866 74313.0 19418.787 -1583.7943 -15667.675000000001 2.3429596000000004 1.7347617 2.7285184
60866 74733.0 20358.428 -852.1792800000001 -14487.319 2.1298418000000003 1.7478133 2.8901166
60866 75153.0 21206.512 -116.73175 -13241.796 1.9071393 1.7530048 3.0387188000000003
60866 75573.0 21959.223 619.24082 -11936.708 1.6758538 1.7503124 3.1736557
60866 75993.0 22613.173 1352.4284 -10577.924 1.4370255 1.739748 3.2943193
60866 76413.0 23165.419 2079.5335 -9171.554800000002 1.1917289000000002 1.7213586 3.4001657
60866 76833.0 23613.474000000002 2797.2855 -7723.9264 0.94106763 1.6952266999999999 3.4907179000000004
60866 77253.0 23955.322 3502.4562 -6241.5504 0.6861698199999999 1.6614697 3.5655677999999997
60866 77673.0 24189.424 4191.8737 -4731.0954 0.42818274 1.6202393 3.6243778000000004
60866 78093.0 24314.726 4862.4367999999995 -3199.3562 0.16826772 1.5717210000000001 3.6668827999999998
60866 78513.0 24330.663 5511.129400000001 -1653.2237 -0.092405184 1.5161331 3.6928914
60866 78933.0 24237.164 6135.0337 -99.65365200000001 -0.35266242999999997 1.4537258 3.7022863000000004
60866 79353.0 24034.649 6731.3436 1454.3646 -0.6113323500000001 1.3847801 3.6950252
60866 79773.0 23724.03 7297.377 3001.84 -0.86725045 1.3096066000000002 3.6711412
60866 80193.0 23306.705 7830.588400000001 4535.8108 -1.1192647 1.2285436 3.630742
60866 80613.0 22784.553 8328.5801 6049.3763 -1.3662407 1.1419564 3.5740101
60866 81033.0 22159.924 8789.1129 7535.7282000000005 -1.6070671 1.0502348 3.5012015
60866 81453.0 21435.629 9210.116300000002 8988.1805 -1.8406600000000002 0.95379194 3.4126446
60866 81873.0 20614.929 9589.697800000002 10400.2 -2.0659686 0.85306206 3.3087388
60866 82293.0 19701.518 9926.1516 11765.438 -2.2819795 0.74849869 3.1899528
60866 82713.0 18699.505 10217.966 13077.752 -2.4877213 0.64057253 3.0568219
60866 83133.0 17613.399 10463.83 14331.243 -2.682269 0.52976936 2.9099463
60866 83553.0 16448.088 10662.639000000001 15520.275 -2.8647483000000005 0.41658779 2.7499876
60866 83973.0 15208.815 10813.502 16639.502 -3.0343393 0.30153703000000004 2.5776662999999997
60866 84393.0 13901.155 10915.741 17683.893 -3.1902803 0.18513459000000002 2.3937585
60866 84813.0 12530.989 10968.899 18648.753 -3.3318712 0.067903976 2.1990921
60866 85233.0 11104.481 10972.738 19529.746 -3.4584764 -0.049627738000000005 1.9945432
60866 85653.0 9628.0468 10927.243 20322.914 -3.5695279 -0.16693222 1.7810321
60866 86073.0 8108.325400000001 10832.621000000001 21024.693 -3.6645276 -0.28348225000000005 1.5595194
60867 93.0 6552.1508 10689.297 21631.929 -3.7430497000000003 -0.39875414000000003 1.3310011
60867 513.0 4966.5201 10497.919 22141.897 -3.8047424000000003 -0.51222999 1.0965046999999999
60867 933.0 3358.5624 10259.347 22552.304 -3.8493294000000002 -0.6234000700000001 0.85708441
60867 1353.0 1735.5065 9974.655400000001 22861.309 -3.8766114 -0.73176507 0.61381624
60867 1773.0 104.64893 9645.1251 23067.524 -3.8864665 -0.8368383300000001 0.36779339
60867 2193.0 -1526.6791 9272.2382 23170.024 -3.8788511 -0.9381480000000001 0.12012131
60867 2613.0 -3151.1446 8857.6715 23168.351 -3.8538001 -1.0352392 -0.12808727
60867 3033.0 -4761.4457 8403.289 23062.512 -3.8114263000000004 -1.1276758 -0.37571727
60867 3453.0 -6350.343900000001 7911.1336 22852.985 -3.7519205 -1.2150429 -0.62165625
60867 3873.0 -7910.6975 7383.4178 22540.712 -3.6755500000000003 -1.2969480000000002 -0.86479936
60867 4293.0 -9435.4926 6822.5136 22127.098 -3.582658 -1.3730234000000001 -1.1040543
60867 4713.0 -10917.875 6230.9423 21614.001 -3.4736617 -1.4429272000000002 -1.3383462
60867 5133.0 -12351.182 5611.3629 21003.729 -3.3490504999999997 -1.5063454 -1.5666223000000001
60867 5553.0 -13728.970000000001 4966.5602 20299.025 -3.209384 -1.5629931 -1.7878569
60867 5973.0 -15045.044 4299.432400000001 19503.055 -3.0552893 -1.6126155000000002 -2.0010556
60867 6393.0 -16293.489 3612.9781000000003 18619.397 -2.8874585 -1.6549897 -2.2052603
60867 6813.0 -17468.692 2910.2827 17652.024 -2.7066451000000002 -1.6899248 -2.3995529
60867 7233.0 -18565.367000000002 2194.5047999999997 16605.283 -2.5136615 -1.7172639 -2.5830596999999997
60867 7653.0 -19578.585 1468.8618999999999 15483.880000000001 -2.3093744000000003 -1.7368835999999999 -2.7549555
60867 8073.0 -20503.787 736.61589 14292.855 -2.0947017000000003 -1.7486955000000002 -2.914467
60867 8493.0 -21336.815 1.0584432 13037.562 -1.870608 -1.7526462 -3.0608766000000003
60867 8913.0 -22073.920000000002 -734.50369 11723.645 -1.6381004000000001 -1.7487177 -3.1935254
60867 9333.0 -22711.787 -1466.7636000000002 10357.011 -1.398224 -1.7369274000000001 -3.3118163
60867 9753.0 -23247.547000000002 -2192.4292 8943.804300000002 -1.1520573 -1.7173279000000001 -3.4152168
60867 10173.0 -23678.79 -2908.2379 7490.3791 -0.90070704 -1.6900071 -3.5032613
60867 10593.0 -24003.574 -3610.9712999999997 6003.2705000000005 -0.6453035 -1.6550878 -3.5755532
60867 11013.0 -24220.438000000002 -4297.469700000001 4489.1657000000005 -0.38699534 -1.6127267 -3.6317669
60867 11433.0 -24328.406 -4964.6463 2954.8731000000002 -0.12694438 -1.5631141 -3.671649
60867 11853.0 -24326.991 -5609.5014 1407.2924 0.13367963 -1.5064731999999998 -3.6950198999999997
60867 12273.0 -24216.199 -6229.1354 -146.61692000000002 0.39370427 -1.4430586 -3.7017741
60867 12693.0 -23996.527000000002 -6820.7621 -1699.8669 0.6519598200000001 -1.3731556 -3.6918811000000002
60867 13113.0 -23668.963 -7381.7216 -3245.4723 0.9072844800000001 -1.2970785 -3.6653852000000002
60867 13533.0 -23234.979 -7909.4915 -4776.482400000001 1.1585297 -1.2151696 -3.6224056
60867 13953.0 -22696.528000000002 -8401.699 -6286.0121 1.4045652 -1.1277973 -3.5631359000000002
60867 14373.0 -22056.029000000002 -8856.131300000001 -7767.272900000001 1.6442844 -1.0353548000000001 -3.4878428
60867 14793.0 -21316.364 -9270.7453 -9213.6038 1.876609 -0.93825784 -3.3968652
60867 15213.0 -20480.859 -9643.677300000001 -10618.501 2.1004943 -0.8369433000000001 -3.2906127
60867 15633.0 -19553.271 -9973.251 -11975.647 2.3149335 -0.73186688 -3.1695634
60867 16053.0 -18537.773 -10257.985 -13278.939 2.5189625 -0.6235012000000001 -3.0342623
60867 16473.0 -17438.929 -10496.6 -14522.517 2.7116640000000003 -0.51233362 -2.8853182000000004
60867 16893.0 -16261.682 -10688.023000000001 -15700.789 2.8921718999999997 -0.39886404 -2.7234011999999996
60867 17313.0 -15011.326000000001 -10831.395 -16808.459 3.0596750000000004 -0.28360265 -2.5492397
60867 17733.0 -13693.481 -10926.071 -17840.546000000002 3.2134206 -0.16706764000000002 -2.3636172
60867 18153.0 -12314.075 -10971.626 -18792.41 3.3527179 -0.049782852 -2.1673684
60867 18573.0 -10879.309000000001 -10967.857 -19659.771 3.4769412 0.067724557 -1.9613758000000001
60867 18993.0 -9395.6335 -10914.781 -20438.731 3.5855325 0.18492649 -1.7465655
60867 19413.0 -7869.719 -10812.635 -21125.787 3.678004 0.30129629 -1.5239032
60867 19833.0 -6308.4255 -10661.881 -21717.850000000002 3.7539404 0.41631105 -1.2943897
60867 20253.0 -4718.7721 -10463.196 -22212.259000000002 3.8130006 0.52945401 -1.0590564
60867 20673.0 -3107.9051 -10217.473 -22606.791 3.8549193 0.64021684 -0.81896104
60867 21093.0 -1483.0664 -9925.8171 -22899.671000000002 3.8795082000000005 0.74810189 -0.57518242
60867 21513.0 148.43967 -9589.5385 -23089.582000000002 3.8866565 0.85262444 -0.32881597
60867 21933.0 1779.2785000000001 -9210.1491 -23175.669 3.8763318 0.95331486 -0.080968729
60867 22353.0 3402.1183 -8789.354 -23157.544 3.8485803 1.0497207000000002 0.1672456
60867 22773.0 5009.6632 -8329.0443 -23035.287 3.8035261 1.1414087 0.41471163
60867 23193.0 6594.6857 -7831.289 -22809.447 3.741371 1.2279668 0.66031722
60867 23613.0 8150.0593 -7298.325 -22481.036 3.6623937 1.3090058 0.90295851
60867 24033.0 9668.790500000001 -6732.5479000000005 -22051.529000000002 3.5669483 1.3841614 1.1415448
60867 24453.0 11144.050000000001 -6136.500599999999 -21522.856 3.4554629 1.4530954999999999 1.3750036
60867 24873.0 12569.203 -5512.8623 -20897.391 3.3284378 1.5154979000000002 1.6022850000000002
60867 25293.0 13937.842 -4864.4362 -20177.945 3.186443 1.5710879 1.8223669
60867 25713.0 15243.809000000001 -4194.1374 -19367.75 3.0301158999999998 1.6196151 2.0342593
60867 26133.0 16481.232 -3504.9788 -18470.447 2.8601578 1.6608608999999999 2.2370096
60867 26553.0 17644.543 -2800.0601 -17490.072 2.6773333 1.6946393000000002 2.4297037
60867 26973.0 18728.507 -2082.5494 -16431.028000000002 2.4824634999999997 1.7207981 2.6114755
60867 27393.0 19728.248 -1355.6732 -15298.077000000001 2.2764238999999997 1.7392191000000001 2.7815062
60867 27813.0 20639.269 -622.70042 -14096.314 2.0601407 1.749819 2.9390302999999998
60867 28233.0 21457.468 113.07289 -12831.142 1.8345862 1.7525497 3.0833381
60867 28653.0 22179.165 848.33771 -11508.251 1.6007749 1.7473984 3.2137795000000002
60867 29073.0 22801.11 1579.7871000000002 -10133.591 1.3597584999999999 1.734388 3.3297667000000004
60867 29493.0 23320.505 2304.1313 -8713.344500000001 1.1126212 1.7135766000000001 3.430777
60867 29913.0 23735.011000000002 3018.1122 -7253.8994 0.86047533 1.6850576000000002 3.5163551
60867 30333.0 24042.762 3718.5184 -5761.8211 0.6044555500000001 1.6489591000000001 3.5861151
60867 30753.0 24242.372 4402.1993 -4243.821599999999 0.34571428 1.6054434000000002 3.6397426
60867 31173.0 24332.944 5066.0797 -2706.73 0.085416267 1.5547064000000002 3.6769959
60867 31593.0 24314.068 5707.1735 -1157.4613000000002 -0.17526666000000002 1.4969763 3.697707
60867 32013.0 24185.83 6322.597 397.01458 -0.43516091 1.432513 3.7017827000000003
60867 32433.0 23948.807 6909.5823 1949.7043 -0.69309644 1.3616069 3.6892048
60867 32853.0 23604.066 7465.4893 3493.6227000000003 -0.94791207 1.2845771 3.6600300000000003
60867 33273.0 23153.159 7987.818200000001 5021.8241 -1.1984608 1.2017707 3.6143902
60867 33693.0 22598.114 8474.2201 6527.4338 -1.4436148000000002 1.1135606 3.5524914
60867 34113.0 21941.432 8922.5081 8003.6793 -1.6822709 1.0203439 3.4746129000000003
60867 34533.0 21186.067 9330.6668 9443.920300000002 -1.9133552 0.92254062 3.3811059
60867 34953.0 20335.419 9696.8616 10841.679 -2.1358281000000003 0.82059097 3.2723923
60867 35373.0 19393.317 10019.447 12190.669 -2.3486891 0.71495401 3.1489622
60867 35793.0 18364.0 10296.973 13484.825 -2.550981 0.6061052600000001 3.0113719000000003
60867 36213.0 17252.1 10528.194 14718.326000000001 -2.7417944000000003 0.49453461 2.8602415999999997
60867 36633.0 16062.62 10712.071 15885.627 -2.9202718 0.38074412 2.6962521
60867 37053.0 14800.912 10847.78 16981.48 -3.0856114 0.26524568 2.520142
60867 37473.0 13472.65 10934.712 18000.96 -3.2370708 0.14855882 2.3327043
60867 37893.0 12083.811 10972.477 18939.484 -3.3739699 0.031208267 2.1347828
60867 38313.0 10640.64 10960.907000000001 19792.834 -3.4956942 -0.086278385 1.9272682
60867 38733.0 9149.6291 10900.058 20557.177 -3.6016979 -0.20337304 1.7110941
60867 39153.0 7617.482 10790.203 21229.077 -3.6915055000000003 -0.31954946 1.4872329
60867 39573.0 6051.0886 10631.838 21805.517 -3.7647145 -0.43428564000000003 1.2566912
60867 39993.0 4457.491900000001 10425.676 22283.907 -3.8209969000000004 -0.54706614 1.0205055
60867 40413.0 2843.8565 10172.647 22662.100000000002 -3.8601009 -0.65738436 0.77973753
60867 40833.0 1217.4369 9873.8878 22938.397 -3.8818516 -0.76474484 0.53546935
60867 41253.0 -414.45545000000004 9530.742900000001 23111.558 -3.8861521 -0.86866544 0.2887986
60867 41673.0 -2044.4849 9144.7558 23180.806 -3.8729838 -0.9686795 0.040833613
60867 42093.0 -3665.3241000000003 8717.662 23145.833 -3.8424062 -1.0643379 -0.20731159
60867 42513.0 -5269.6877 8251.382 23006.796000000002 -3.7945571 -1.1552111 -0.45452222000000003
60867 42933.0 -6850.3639 7748.0119 22764.321 -3.7296519 -1.2408911 -0.69968773
60867 43353.0 -8400.247800000001 7209.8145 22419.498 -3.647982 -1.3209929999999999 -0.94170675
60867 43773.0 -9912.372800000001 6639.2092 21973.88 -3.5499145 -1.395157 -1.179492
60867 44193.0 -11379.942000000001 6038.760700000001 21429.468 -3.4358896 -1.4630501 -1.4119751
60867 44613.0 -12796.357 5411.1679 20788.709 -3.3064196000000003 -1.5243672 -1.6381116
60867 45033.0 -14155.253 4759.2516 20054.485 -3.1620857 -1.5788327 -1.8568852
60867 45453.0 -15450.519 4085.9421 19230.094 -3.0035361 -1.6262017000000002 -2.0673126
60867 45873.0 -16676.332000000002 3394.2657000000004 18319.243 -2.8314828000000003 -1.6662613 -2.268448
60867 46293.0 -17827.182 2687.3313 17326.026 -2.6466985 -1.6988313000000002 -2.4593872
60867 46713.0 -18897.893 1968.3166 16254.906 -2.4500132 -1.7237650000000002 -2.6392715
60867 47133.0 -19883.65 1240.4537 15110.699 -2.2423105 -1.74095 -2.8072918000000002
60867 47553.0 -20780.022 507.0144 13898.548 -2.0245237 -1.7503090000000001 -2.9626924
60867 47973.0 -21582.975000000002 -228.7041 12623.902 -1.7976313000000002 -1.7517994000000001 -3.1047741
60867 48393.0 -22288.9 -963.39435 11292.492 -1.5626531000000001 -1.7454143 -3.2328973999999997
60867 48813.0 -22894.62 -1693.7533999999998 9910.3036 -1.3206455000000001 -1.7311822 -3.3464856
60867 49233.0 -23397.41 -2416.4975 8483.551 -1.0726963 -1.7091667 -3.4450273000000005
60867 49653.0 -23795.009000000002 -3128.3774 7018.6496 -0.8199206 -1.6794666 -3.5280788
60867 50073.0 -24085.627 -3826.1921 5522.1862 -0.5634549799999999 -1.6422152 -3.5952659
60867 50493.0 -24267.956000000002 -4506.8043 4000.8899 -0.30445295 -1.59758 -3.6462862
60867 50913.0 -24341.175 -5167.1535 2461.6017 -0.044079442999999996 -1.5457615 -3.6809095000000003
60867 51333.0 -24304.954 -5804.2707 911.24373 0.2164943 -1.4869927 -3.6989799
60867 51753.0 -24159.456000000002 -6415.291200000001 -643.21216 0.47609611 -1.4215379000000001 -3.7004158000000005
60867 52173.0 -23905.333 -6997.4676 -2194.7754 0.73355817 -1.3496914 -3.6852106
60867 52593.0 -23543.729 -7548.1823 -3736.4686 0.98772228 -1.2717764999999999 -3.6534326999999998
60867 53013.0 -23076.268 -8064.9592 -5261.3584 1.2374451 -1.1881436 -3.6052251
60867 53433.0 -22505.054 -8545.475 -6762.587500000001 1.4816033 -1.0991689 -3.5408047000000002
60867 53853.0 -21832.655 -8987.5692 -8233.4048 1.7190988 -1.0052528 -3.4604615
60867 54273.0 -21062.094 -9389.2546 -9667.196300000001 1.9488632000000001 -0.90681776 -3.3645571
60867 54693.0 -20196.837 -9748.725400000001 -11057.514000000001 2.1698635 -0.8043065 -3.2535233
60867 55113.0 -19240.775 -10064.366 -12398.107 2.3811059 -0.69818016 -3.1278598000000004
60867 55533.0 -18198.207000000002 -10334.757 -13682.947 2.5816406 -0.5889160600000001 -2.9881322
60867 55953.0 -17073.822 -10558.685 -14906.257 2.7705662 -0.47700556 -2.834969
60867 56373.0 -15872.676 -10735.142 -16062.537 2.9470336 -0.36295190000000005 -2.6690596
60867 56793.0 -14600.169 -10863.336 -17146.587 3.1102497 -0.24726787 -2.4911501
60867 57213.0 -13262.024 -10942.692000000001 -18153.535 3.2594811 -0.13047353 -2.3020409
60867 57633.0 -11864.257 -10972.852 -19078.852 3.3940574000000003 -0.01309388 -2.1025822
60867 58053.0 -10413.153 -10953.682 -19918.38 3.5133741 0.10434353 -1.893671
60867 58473.0 -8915.2346 -10885.269 -20668.344 3.6168951000000003 0.22131093999999998 -1.6762464000000001
60867 58893.0 -7377.2375 -10767.921 -21325.372 3.7041556 0.33728273999999997 -1.4512859
60867 59313.0 -5806.0756 -10602.164 -21886.510000000002 3.7747635 0.45173783 -1.2198005
60867 59733.0 -4208.8122 -10388.745 -22349.236 3.8284018 0.56416198 -0.98283048
60867 60153.0 -2592.628 -10128.623 -22711.469 3.8648294 0.67405008 -0.74144084
60867 60573.0 -964.78832 -9822.9673 -22971.58 3.8838826 0.78090841 -0.49671624000000003
60867 60993.0 667.3886200000001 -9473.1515 -23128.398 3.8854755 0.88425686 -0.24975635000000002
60867 61413.0 2296.5652999999998 -9080.748 -23181.217 3.8696007 0.98363107 -0.0016708501
60867 61833.0 3915.4173 -8647.520400000001 -23129.8 3.8363292 1.0785845 0.24642547
60867 62253.0 5516.666700000001 -8175.4158 -22974.375 3.7858098 1.1686904 0.49341771
60867 62673.0 7093.1142 -7666.5560000000005 -22715.639 3.718269 1.2535437 0.73819587
60867 63093.0 8637.671699999999 -7123.228 -22354.754 3.6340095000000003 1.332763 0.97965976
60867 63513.0 10143.394 -6547.8738 -21893.341 3.5334092 1.4059919 1.2167239
60867 63933.0 11603.511 -5943.0796 -21333.471 3.4169194000000003 1.4729013 1.4483226
60867 64353.0 13011.455 -5311.5638 -20677.661 3.2850627 1.5331899000000002 1.6734143
60867 64773.0 14360.894 -4656.1652 -19928.856 3.138431 1.5865863 1.8909866
60867 65193.0 15645.76 -3979.8301 -19090.422 2.9776825 1.6328502 2.1000608
60867 65613.0 16860.27 -3285.5978 -18166.123 2.8035396 1.6717734 2.2996969
60867 66033.0 17998.966 -2576.5923 -17160.122 2.6167833000000003 1.7031796 2.488995
60867 66453.0 19056.72 -1855.9996 -16076.935 2.4182537 1.7269277 2.6671037
60867 66873.0 20028.775 -1127.0603999999998 -14921.434000000001 2.2088427999999998 1.7429103000000001 2.8332208999999997
60867 67293.0 20910.757 -393.05244 -13698.813 1.989492 1.751055 2.9865985
60867 67713.0 21698.695 342.72319 -12414.572 1.7611874 1.7513246999999998 3.1265455
60867 68133.0 22389.044 1076.9574 -11074.484 1.5249561 1.7437178 3.2524314
60867 68553.0 22978.697 1806.348 -9684.5775 1.2818605 1.7282682 3.363689
60867 68973.0 23464.999 2527.6142999999997 -8251.1038 1.0329946 1.7050450000000001 3.4598166000000004
60867 69393.0 23845.761000000002 3237.5119 -6780.5108 0.7794782699999999 1.6741523999999999 3.540381
60867 69813.0 24119.269 3932.8478 -5279.4138 0.5224525200000001 1.6357293 3.605019
60867 70233.0 24284.292 4610.4943 -3754.5656000000004 0.26307432999999997 1.5899485 3.6534391999999998
60867 70653.0 24340.086 5267.403200000001 -2212.8262000000004 0.0025113610999999997 1.5370160000000002 3.6854233
60867 71073.0 24286.4 5900.6197999999995 -661.1316700000001 -0.25806334 1.4771701000000002 3.7008271
60867 71493.0 24123.475000000002 6507.2958 893.5372 -0.51747663 1.4106800000000002 3.6995812999999997
60867 71913.0 23852.046000000002 7084.7026 2444.1861000000004 -0.77456064 1.3378454 3.6816917
60867 72333.0 23473.333 7630.2434 3983.839 -1.028158 1.2589941 3.6472390999999997
60867 72753.0 22989.041 8141.464900000001 5505.5696 -1.2771272 1.1744812999999998 3.5963791
60867 73173.0 22401.351 8616.0683 7002.532200000001 -1.5203477 1.0846877 3.5293411999999997
60867 73593.0 21712.907 9051.919800000001 8467.9933 -1.7567248 0.9900175600000001 3.4464279
60867 74013.0 20926.809 9447.06 9895.3611 -1.9851952000000002 0.89089726 3.3480132
60867 74433.0 20046.594 9799.7129 11278.216 -2.2047309 0.7877731 3.2345409
60867 74853.0 19076.224000000002 10108.294 12610.339 -2.4143447 0.68110935 3.1065227
60867 75273.0 18020.066 10371.416000000001 13885.739 -2.6130940999999996 0.57138614 2.9645355
60867 75693.0 16882.872 10587.899 15098.682 -2.8000857000000003 0.45909728 2.8092193
60867 76113.0 15669.758 10756.77 16243.715 -2.9744794000000003 0.34474803000000004 2.6412736
60867 76533.0 14386.183 10877.271 17315.69 -3.1354916 0.22885276 2.4614549
60867 76953.0 13037.92 10948.862000000001 18309.788 -3.2823996 0.11193275 2.2705728
60867 77373.0 11631.034 10971.224 19221.542 -3.4145436 -0.005486245900000001 2.0694866000000003
60867 77793.0 10171.854 10944.258 20046.854 -3.5313308 -0.12287637 1.8591010000000001
60867 78213.0 8666.94 10868.086 20782.017 -3.6322374 -0.23970997 1.6403626
60867 78633.0 7123.0611 10743.053 21423.727 -3.7168108 -0.35546204000000003 1.4142551
60867 79053.0 5547.159000000001 10569.722 21969.102 -3.7846722 -0.46961250000000004 1.1817954
60867 79473.0 3946.3191 10348.875 22415.692 -3.8355176 -0.58164855 0.94402847
60867 79893.0 2327.7386 10081.504 22761.492000000002 -3.8691195 -0.69106697 0.7020230199999999
60867 80313.0 698.69411 9768.8136 23004.95 -3.8853279000000005 -0.7973763500000001 0.45686665
60867 80733.0 -933.49125 9412.2101 23144.973 -3.8840705 -0.9000992800000001 0.20966097
60867 81153.0 -2561.4805 9013.297 23180.934 -3.8653538 -0.99877448 -0.038483339
60867 81573.0 -4177.9556 8573.8683 23112.672000000002 -3.8292622 -1.0929589000000002 -0.28645145000000005
60867 81993.0 -5775.6506 8095.8996 22940.496 -3.7759582999999997 -1.1822295 -0.53312938
60867 82413.0 -7347.384 7581.5397 22665.179 -3.7056817 -1.2661855 -0.77740898
60867 82833.0 -8886.091 7033.1007 22287.961 -3.6187483000000005 -1.3444498 -1.0181928
60867 83253.0 -10384.855 6453.048 21810.538 -3.5155484 -1.4166709000000002 -1.2543992000000002
60867 83673.0 -11836.939 5843.9887 21235.056 -3.3965456 -1.4825244 -1.4849668999999999
60867 84093.0 -13235.815 5208.6606 20564.101 -3.2622743 -1.5417143000000002 -1.7088598
60867 84513.0 -14575.196 4549.919 19800.689000000002 -3.1133374 -1.5939746000000001 -1.9250718
60867 84933.0 -15849.059000000001 3870.7251 18948.252 -2.9504038 -1.6390704 -2.1326311000000002
60867 85353.0 -17051.678 3174.1315 18010.621 -2.7742051 -1.6767988 -2.3306047
60867 85773.0 -18177.645 2463.2694 16992.011 -2.5855327000000004 -1.7069902 -2.5181025
60867 86193.0 -19221.897 1741.3341 15897.0 -2.3852341999999997 -1.7295085 -2.6942813
60868 213.0 -20179.739 1011.5709 14730.51 -2.1742093000000002 -1.7442523 -2.8583487
60868 633.0 -21046.864 277.26009999999997 13497.786 -1.9534064000000002 -1.751155 -3.0095666999999997
60868 1053.0 -21819.371 -458.29707 12204.369 -1.7238176 -1.7501854000000001 -3.1472547
60868 1473.0 -22493.785 -1191.7939 10856.073 -1.4864749 -1.7413474000000002 -3.2707932
60868 1893.0 -23067.073 -1919.9327 9458.9617 -1.2424452000000001 -1.7246805 -3.3796259
60868 2313.0 -23536.656 -2639.4397999999997 8019.3153 -0.99282562 -1.7002595 -3.4732629000000004
60868 2733.0 -23900.421000000002 -3347.0803 6543.607599999999 -0.73873871 -1.6681939000000001 -3.5512826
60868 3153.0 -24156.731 -4039.6724 5038.473900000001 -0.48132709 -1.6286277 -3.6133334
60868 3573.0 -24304.433 -4714.1022 3510.6826 -0.22174848 -1.5817387 -3.6591359000000003
60868 3993.0 -24342.86 -5367.3371 1967.1038 0.038829524 -1.5277376999999999 -3.6884836
60868 4413.0 -24271.84 -5996.4400000000005 414.67891 0.29923477000000004 -1.4668674000000002 -3.7012442
60868 4833.0 -24091.691 -6598.5823 -1139.6108000000002 0.55829583 -1.3994016999999999 -3.6973602000000003
60868 5253.0 -23803.223 -7171.056500000001 -2688.7755 0.8148473199999999 -1.3256439 -3.6768488
60868 5673.0 -23407.732 -7711.2886 -4225.8485 1.0677351000000002 -1.2459258 -3.6398024
60868 6093.0 -22906.998 -8216.8498 -5743.9176 1.3158217 -1.1606061 -3.5863876
60868 6513.0 -22303.27 -8685.4672 -7236.155900000001 1.5579912 -1.0700686000000001 -3.5168449
60868 6933.0 -21599.266 -9115.0339 -8695.8529 1.7931542 -0.9747205800000001 -3.4314872999999997
60868 7353.0 -20798.15 -9503.618900000001 -10116.445 2.0202533000000003 -0.87499094 -3.3306991
60868 7773.0 -19903.525 -9849.4756 -11491.543 2.2382671000000003 -0.77132831 -3.2149339
60868 8193.0 -18919.415 -10151.049 -12814.965 2.4462154999999997 -0.6641989600000001 -3.0847127000000003
60868 8613.0 -17850.245 -10406.985 -14080.76 2.6431636 -0.5540846800000001 -2.9406216
60868 9033.0 -16700.822 -10616.132 -15283.236 2.8282260999999997 -0.44148066 -2.7833089
60868 9453.0 -15476.315 -10777.551 -16416.987 3.0005713000000003 -0.32689322 -2.6134823000000003
60868 9873.0 -14182.231 -10890.517 -17476.916 3.1594246 -0.21083753 -2.4319058
60868 10293.0 -12824.388 -10954.522 -18458.257 3.3040725 -0.093835286 -2.2393959
60868 10713.0 -11408.89 -10969.279 -19356.599000000002 3.4338649 0.023587607 -2.0368184
60868 11133.0 -9942.1029 -10934.723 -20167.902000000002 3.548219 0.14090342 -1.8250841
60868 11553.0 -8430.62 -10851.009 -20888.52 3.6466211 0.25758496000000003 -1.6051447
60868 11973.0 -6881.2367 -10718.514000000001 -21515.213 3.7286292 0.37310793000000003 -1.3779890000000001
60868 12393.0 -5300.9185 -10537.833 -22045.164 3.7938749 0.48695327 -1.1446377
60868 12813.0 -3696.7699 -10309.78 -22475.988 3.8420650999999997 0.59860948 -0.9061397
60868 13233.0 -2076.0023 -10035.378 -22805.75 3.8729834000000003 0.70757492 -0.66356661
60868 13653.0 -445.90177000000006 -9715.8622 -23032.966 3.8864906 0.81336001 -0.41800845
60868 14073.0 1186.2033999999999 -9352.6677 -23156.614 3.8825258 0.91548947 -0.17056861
60868 14493.0 2812.9759 -8947.4272 -23176.136000000002 3.8611065 1.0135044 0.07764106200000001
60868 14913.0 4427.1022 -8501.961800000001 -23091.444 3.8223284 1.1069643 0.32550521
60868 15333.0 6021.3255 -8018.2738 -22902.916 3.7663653 1.1954492 0.5719099700000001
60868 15753.0 7588.477900000001 -7498.5368 -22611.399 3.6934679000000004 1.2785612000000002 0.8157479200000001
60868 16173.0 9121.5131 -6945.087 -22218.201 3.6039630000000002 1.3559268 1.0559231
60868 16593.0 10613.538 -6360.411700000001 -21725.087 3.4982521 1.4271979 1.2913557
60868 17013.0 12057.842 -5747.139 -21134.274 3.3768093 1.4920540000000002 1.5209873
60868 17433.0 13447.931 -5108.0255 -20448.415 3.2401797 1.5502031 1.7437852
60868 17853.0 14777.552 -4445.9442 -19670.592 3.0889766 1.6013834999999998 1.9587472000000001
60868 18273.0 16040.727 -3763.8715 -18804.301 2.9238785 1.6453647 2.1649064
60868 18693.0 17231.768 -3064.8731000000002 -17853.431 2.7456281 1.6819486 2.3613348000000003
60868 19113.0 18345.323 -2352.0932000000003 -16822.264 2.5550242 1.7109699 2.5471486
60868 19533.0 19376.379 -1628.7358000000002 -15715.43 2.3529245000000003 1.7322978 2.7215111000000003
60868 19953.0 20320.297 -898.05377 -14537.908 2.1402371 1.7458359 2.8836371
60868 20373.0 21172.829 -163.33297000000002 -13294.991 1.9179182000000001 1.7515228 3.0327964
60868 20793.0 21930.139 572.1224000000001 -11992.268 1.6869674000000001 1.7493325 3.168317
60868 21213.0 22588.819 1305.0046000000002 -10635.6 1.4484237 1.7392744 3.2895884
60868 21633.0 23145.902000000002 2032.0175000000002 -9231.0859 1.2033602 1.7213934 3.3960638
60868 22053.0 23598.883 2749.8909 -7785.044900000001 0.95287946 1.6957697 3.4872635
60868 22473.0 23945.72 3455.396 -6303.9811 0.69810886 1.6625183 3.5627762
60868 22893.0 24184.854 4145.3592 -4794.557 0.44019511 1.6217887000000002 3.6222616
60868 23313.0 24315.207000000002 4816.6771 -3263.5631000000003 0.18029919000000003 1.5737641000000002 3.6654514
60868 23733.0 24336.192 5466.329900000001 -1717.8868 -0.080408886 1.5186606999999999 3.692151
60868 24153.0 24247.714 6091.3955000000005 -164.48204 -0.34075541 1.4567263000000001 3.7022401
60868 24573.0 24050.172000000002 6689.0626 1389.6627 -0.59956828 1.3882400000000001 3.6956732000000003
60868 24993.0 23744.454 7256.642900000001 2937.5555 -0.85568233 1.3135101 3.6724802
60868 25413.0 23331.938000000002 7791.584 4472.2327000000005 -1.1079446000000002 1.2328731 3.6327659
60868 25833.0 22814.479 8291.4801 5986.7905 -1.3552195999999999 1.1466923 3.5767094000000004
60868 26253.0 22194.408 8754.0836 7474.4158 -1.5963945000000002 1.0553557 3.5045637000000003
60868 26673.0 21474.514 9177.3146 8928.4168 -1.8303839000000002 0.95927474 3.4166545000000004
60868 27093.0 20658.039 9559.2706 10342.254 -2.0561351 0.8588819999999999 3.313378
60868 27513.0 19748.656 9898.235 11709.568000000001 -2.2726327 0.7546295199999999 3.1952002000000004
60868 27933.0 18750.459 10192.685 13024.210000000001 -2.478903 0.64698663 3.0626537
60868 28353.0 17667.94 10441.297 14280.269 -2.6740188 0.53643785 2.9163359
60868 28773.0 16505.968 10642.955 15472.096 -2.857103 0.42348066 2.7569061
60868 29193.0 15269.773000000001 10796.755000000001 16594.334 -3.027333 0.3086233 2.5850825
60868 29613.0 13964.915 10902.005000000001 17641.938000000002 -3.1839443000000003 0.19238239999999998 2.4016388
60868 30033.0 12597.265 10958.235 18610.2 -3.3262336 0.075280772 2.207401
60868 30453.0 11172.974 10965.194 19494.766 -3.4535623 -0.042155064000000006 2.0032432
60868 30873.0 9698.4475 10922.852 20291.663 -3.5653591000000002 -0.15939719 1.7900841
60868 31293.0 8180.3172 10831.401 20997.311 -3.6611227 -0.27591867000000003 1.5688827
60868 31713.0 6625.4096 10691.255000000001 21608.538 -3.7404236 -0.39119591000000004 1.3406335999999999
60868 32133.0 5040.7162 10503.044 22122.600000000002 -3.8029066 -0.50471098 1.1063632
60868 32553.0 3433.3621000000003 10267.616 22537.188000000002 -3.8482919000000004 -0.61595398 0.86712471
60868 32973.0 1810.5735 9986.0303 22850.44 -3.8763767 -0.72442525 0.62399333
60868 33393.0 179.64568 9659.554699999999 23060.95 -3.8870354000000003 -0.82963766 0.37806168
60868 33813.0 -1452.0897 9289.6572 23167.774 -3.880221 -0.9311187400000001 0.13043482
60868 34233.0 -3077.2977 8878.001199999999 23170.434 -3.8559646 -1.0284128000000001 -0.1177747
60868 34653.0 -4688.673 8426.4379 23068.918 -3.8143757000000003 -1.1210829000000002 -0.36545177
60868 35073.0 -6278.9725 7936.9973 22863.684 -3.7556412999999997 -1.208713 -0.61148374
60868 35493.0 -7841.048 7411.8798 22555.657 -3.6800256 -1.2909095 -0.85476534
60868 35913.0 -9367.877900000001 6853.445900000001 22146.22 -3.5878682 -1.3673032 -1.0942037
60868 36333.0 -10852.599 6264.205599999999 21637.214 -3.4795832 -1.4375510999999999 -1.3287229
60868 36753.0 -12288.538 5646.8077 21030.929 -3.3556567 -1.5013375000000002 -1.5572695
60868 37173.0 -13669.238000000001 5004.027 20330.088 -3.2166453 -1.5583758 -1.7788164
60868 37593.0 -14988.495 4338.7528 19537.842 -3.0631732 -1.6084095999999999 -1.9923679
60868 38013.0 -16240.376 3653.9752000000003 18657.753 -2.8959296 -1.651214 -2.1969642
60868 38433.0 -17419.253 2952.7723 17693.775 -2.7156657 -1.6865964 -2.3916855
60868 38853.0 -18519.825 2238.2958 16650.242000000002 -2.5231909999999997 -1.7143976 -2.5756563999999997
60868 39273.0 -19537.144 1513.7574 15531.845000000001 -2.3193703 -1.7344924000000002 -2.7480493000000004
60868 39693.0 -20466.636000000002 782.41395 14343.611 -2.1051192999999997 -1.7467902 -2.908089
60868 40113.0 -21304.119 47.553149 13090.881 -1.8814006 -1.7512354 -3.0550554
60868 40533.0 -22045.827 -687.52144 11779.287 -1.6492197000000002 -1.7478078000000001 -3.1882871
60868 40953.0 -22688.425 -1419.5052 10414.727 -1.4096203 -1.7365225 -3.3071845
60868 41373.0 -23229.02 -2145.1072000000004 9003.3343 -1.1636795 -1.7174299000000002 -3.4112124
60868 41793.0 -23665.182 -2861.0651000000003 7551.455900000001 -0.91250306 -1.6906157000000002 -3.4999023000000005
60868 42213.0 -23994.948 -3564.16 6065.619900000001 -0.6572205 -1.6562003 -3.5728548
60868 42633.0 -24216.833 -4251.2307 4552.5074 -0.39897991000000005 -1.6143380999999999 -3.6297414
60868 43053.0 -24329.84 -4919.1877 3018.9226000000003 -0.13894278000000002 -1.5652174 -3.6703057
60868 43473.0 -24333.458 -5565.0279 1471.7617 0.12172123000000001 -1.509059 -3.6943649
60868 43893.0 -24227.670000000002 -6185.8472 -82.017681 0.38183954999999997 -1.4461153999999998 -3.7018106
60868 44313.0 -24012.953 -6778.8543 -1635.4282 0.64024205 -1.3766696 -3.692609
60868 44733.0 -23690.27 -7341.383 -3181.484 0.89576632 -1.301034 -3.6668015
60868 45153.0 -23261.073 -7870.9038 -4713.2325 1.1472628999999999 -1.2195489 -3.6245041000000002
60868 45573.0 -22727.291 -8365.0363 -6223.7852 1.3936005 -1.1325808 -3.5659074
60868 45993.0 -22091.326 -8821.5587 -7706.349400000001 1.633671 -1.040521 -3.4912749
60868 46413.0 -21356.036 -9238.4189 -9154.2579 1.8663949 -0.9437835700000001 -3.4009427999999997
60868 46833.0 -20524.73 -9613.742900000001 -10561.0 2.0907253999999997 -0.8428037399999999 -3.2953175999999997
60868 47253.0 -19601.144 -9945.8436 -11920.25 2.3056538 -0.73803571 -3.1748746000000003
60868 47673.0 -18589.432 -10233.228000000001 -13225.896 2.5102138 -0.6299507 -3.0401561000000004
60868 48093.0 -17494.145 -10474.606 -14472.067000000001 2.7034858 -0.5190347900000001 -2.8917680999999997
60868 48513.0 -16320.206 -10668.891 -15653.16 2.8846011 -0.40578674000000003 -2.7303784
60868 48933.0 -15072.896 -10815.211 -16763.866 3.0527457 -0.29071577000000004 -2.5567130000000002
60868 49353.0 -13757.822 -10912.91 -17799.19 3.2071642000000002 -0.17433917 -2.3715529
60868 49773.0 -12380.897 -10961.547 -18754.478 3.3471626999999997 -0.057180094 -2.1757310000000003
60868 50193.0 -10948.312 -10960.905 -19625.434 3.4721122 0.060234884 -1.9701278
60868 50613.0 -9466.5086 -10910.988 -20408.145 3.5814516 0.17737808000000002 -1.7556675000000002
60868 51033.0 -7942.1475 -10812.019 -21099.09 3.6746898000000003 0.2937231 -1.5333143
60868 51453.0 -6382.0823 -10664.445 -21695.163 3.7514079000000002 0.40874717 -1.3040676000000002
60868 51873.0 -4793.3263 -10468.929 -22193.686 3.8112614 0.52193346 -1.0689577
60868 52293.0 -3183.0218 -10226.35 -22592.415 3.8539813 0.63277347 -0.82904113
60868 52713.0 -1558.4080000000001 -9937.797400000001 -22889.558 3.8793757 0.74076919 -0.5853959599999999
60868 53133.0 73.21183400000001 -9604.5696 -23083.779000000002 3.8873303000000003 0.84543542 -0.33911701
60868 53553.0 1704.5025 -9228.1637 -23174.203 3.8778092 0.94630189 -0.09131089199999999
60868 53973.0 3328.1305 -8810.2715 -23160.422000000002 3.8508546000000003 1.0429154 0.15690888
60868 54393.0 4936.7963 -8352.7711 -23042.497 3.8065873000000003 1.1348416 0.40442691000000003
60868 54813.0 6523.267400000001 -7857.7187 -22820.957000000002 3.7452055 1.2216676 0.65013085
60868 55233.0 8080.411 -7327.3392 -22496.796000000002 3.6669843 1.3030028 0.89291642
60868 55653.0 9601.2255 -6764.0163 -22071.469 3.5722746 1.3784817 1.1316922999999999
60868 56073.0 11078.872 -6170.282099999999 -21546.886000000002 3.461501 1.4477647 1.3653851
60868 56493.0 12506.707 -5548.805200000001 -20925.404 3.3351606 1.5105401 1.5929439
60868 56913.0 13878.307 -4902.3792 -20209.816 3.1938203 1.5665254 1.8133454999999998
60868 57333.0 15187.504 -4233.909900000001 -19403.335 3.0381146 1.6154685 2.0255983
60868 57753.0 16428.411 -3546.4025 -18509.588 2.8687423 1.6571489 2.2287477
60868 58173.0 17595.442 -2842.948 -17532.59 2.6864652 1.6913788 2.4218788
60868 58593.0 18683.349000000002 -2126.7093 -16476.735 2.4921009 1.7180037 2.6041228999999997
60868 59013.0 19687.237 -1400.9067 -15346.767 2.2865235 1.7369033999999999 2.7746592000000003
60868 59433.0 20602.588 -668.8040699999999 -14147.768 2.0706569 1.7479925 2.9327198
60868 59853.0 21425.284 66.30630599999999 -12885.129 1.8454717 1.7512206000000001 3.0775927000000003
60868 60273.0 22151.621 801.11842 -11564.528 1.6119804999999998 1.7465727 3.2086252
60868 60693.0 22778.331000000002 1532.3274 -10191.904 1.3712335 1.7340693000000003 3.3252267000000004
60868 61113.0 23302.593 2256.6446 -8773.4316 1.124314 1.7137664 3.4268718
60868 61533.0 23722.046000000002 2970.8119 -7315.4902 0.8723329700000001 1.6857550000000001 3.5131023
60868 61953.0 24034.803 3671.617 -5824.638400000001 0.61642455 1.650161 3.5835293999999998
60868 62373.0 24239.454 4355.9078 -4307.5827 0.35774059999999996 1.6071442999999999 3.6378357
60868 62793.0 24335.079 5020.606 -2771.148 0.097445616 1.5568985 3.6757762
60868 63213.0 24321.247 5662.7219000000005 -1222.2462 -0.16328858 1.4996497 3.69718
60868 63633.0 24198.02 6279.3673 332.15418 -0.42328815 1.4356557 3.7019505
60868 64053.0 23965.952 6867.7685 1885.0602 -0.6813825600000001 1.3652045000000002 3.6900666
60868 64473.0 23626.088 7425.2794 3429.4856 -0.93640988 1.2886134999999999 3.6615818
60868 64893.0 23179.958 7949.392400000001 4958.4825 -1.1872221 1.2062275 3.6166248000000003
60868 65313.0 22629.57 8437.751 6465.172500000001 -1.4326903 1.1184177 3.5553986
60868 65733.0 21977.401 8888.1592 7942.778 -1.6717097 1.0255794 3.4781794
60868 66153.0 21226.387 9298.5922 9384.6526 -1.9032049 0.92813081 3.3853155000000004
60868 66573.0 20379.908 9667.205 10784.311 -2.1261343000000004 0.8265106799999999 3.2772257000000002
60868 66993.0 19441.774 9992.3411 12135.458 -2.3394953000000003 0.7211765400000001 3.1543975
60868 67413.0 18416.206000000002 10272.54 13432.019 -2.5423283999999997 0.61260256 3.0173845999999998
60868 67833.0 17307.82 10506.542 14668.162 -2.7337219 0.50127741 2.8668042999999996
60868 68253.0 16121.602 10693.297 15838.33 -2.9128156 0.38770205 2.7033351
60868 68673.0 14862.89 10831.968 16937.262 -3.0788049 0.27238744000000004 2.5277134
60868 69093.0 13537.345000000001 10921.932 17960.018 -3.2309443 0.15585226 2.3407298
60868 69513.0 12150.931 10962.787 18902.002 -3.3685508 0.038620596 2.1432262
60868 69933.0 10709.884 10954.35 19758.979 -3.4910068 -0.078780491 1.9360914
60868 70353.0 9220.6839 10896.661 20527.100000000002 -3.597763 -0.19582327000000002 1.7202574
60868 70773.0 7690.0284 10789.982 21202.913 -3.6883405 -0.31198174 1.4966949
60868 71193.0 6124.8000999999995 10634.793 21783.383 -3.7623335000000004 -0.42673396 1.2664094000000001
60868 71613.0 4532.0368 10431.795 22265.901 -3.8194105 -0.5395643999999999 1.0304362
60868 72033.0 2918.8996 10181.899 22648.301 -3.8593159000000004 -0.64996624 0.78983611
60868 72453.0 1292.6408000000001 9886.2324 22928.867000000002 -3.8818715000000004 -0.75744363 0.5456904
60868 72873.0 -339.42897 9546.1237 23106.338 -3.8869765000000003 -0.86151389 0.29909621
60868 73293.0 -1969.9729 9163.1032 23179.920000000002 -3.8746088 -0.9617097 0.051161547
60868 73713.0 -3591.6616000000004 8738.8931 23149.282 -3.8448244000000003 -1.0575811000000002 -0.19699968999999998
60868 74133.0 -5197.2055 8275.4008 23014.565 -3.7977576 -1.1486977 -0.44427263
60868 74553.0 -6779.3877 7774.7101 22776.373 -3.73362 -1.2346501 -0.68954641
60868 74973.0 -8331.0964 7239.0718 22435.78 -3.6526999 -1.3150526 -0.93171919
60868 75393.0 -9845.3566 6670.8937000000005 21994.316 -3.5553608 -1.3895438 -1.169703
60868 75813.0 -11315.362000000001 6072.7296 21453.966 -3.4420399 -1.4577892 -1.4024285
60868 76233.0 -12734.504 5447.2682 20817.158 -3.3132460000000004 -1.5194822 -1.6288502
60868 76653.0 -14096.403 4797.320900000001 20086.757 -3.1695576 -1.5743455 -1.8479505
60868 77073.0 -15394.937 4125.8089 19266.043 -3.0116199000000003 -1.6221325 -2.0587447
60868 77493.0 -16624.268 3435.7505 18358.707000000002 -2.8401421 -1.6626283000000002 -2.2602853
60868 77913.0 -17778.868 2730.2476 17368.826 -2.6558944 -1.6956506999999998 -2.4516661
60868 78333.0 -18853.547 2012.4712 16300.85 -2.4597045 -1.7210511 -2.6320267
60868 78753.0 -19843.471 1285.6479 15159.58 -2.2524536 -1.738715 -2.8005559
60868 79173.0 -20744.189000000002 553.04501 13950.146 -2.035073 -1.7485628 -2.9564953999999997
60868 79593.0 -21551.651 -182.04420000000002 12677.985 -1.8085394 -1.75055 -3.0991438
60868 80013.0 -22262.223 -916.3150400000001 11348.816 -1.5738712000000001 -1.7446673000000001 -3.227859
60868 80433.0 -22872.711 -1646.4664 9968.6155 -1.3321231 -1.7309408000000002 -3.3420617000000004
60868 80853.0 -23380.368000000002 -2369.2156 8543.5884 -1.0843820000000002 -1.709432 -3.4412377000000003
60868 81273.0 -23782.909 -3081.3132 7080.142400000001 -0.8317618 -1.6802375 -3.5249405
60868 81693.0 -24078.524 -3779.5573 5584.8578 -0.5753986200000001 -1.6434883 -3.5927930000000003
60868 82113.0 -24265.881 -4460.808599999999 4064.4584 -0.31644541 -1.5993495 -3.6444897000000003
60868 82533.0 -24344.138 -5122.004 2525.7812000000004 -0.056066925 -1.5480194 -3.6797975000000003
60868 82953.0 -24312.942 -5760.1703 975.7455699999999 0.20456561 -1.489729 -3.6985573
60868 83373.0 -24172.432 -6372.438400000001 -578.6780200000001 0.46427973 -1.4247402 -3.7006846
60868 83793.0 -23923.239 -6956.0551 -2130.4992 0.72190712 -1.3533454 -3.6861696000000004
60868 84213.0 -23566.484 -7508.3965 -3672.7392999999997 0.97628883 -1.2758657 -3.6550775
60868 84633.0 -23103.771 -8026.9791 -5198.4628 1.2262806000000002 -1.1926497 -3.6075483
60868 85053.0 -22537.181 -8509.4715 -6700.8083 1.4707578000000001 -1.1040718 -3.543796
60868 85473.0 -21869.261000000002 -8953.7045 -8173.02 1.7086208999999999 -1.0105304 -3.4641074
60868 85893.0 -21103.015 -9357.681 -9608.4774 1.9388001 -0.9124463700000001 -3.3688414
60868 86313.0 -20241.889 -9719.5851 -11000.726 2.1602602 -0.81026089 -3.2584268
60869 333.0 -19289.757 -10037.79 -12343.504 2.3720055 -0.7044336 -3.1333604999999998
60869 753.0 -18250.898 -10310.866 -13630.776 2.5730841 -0.5954404799999999 -2.9942054
60869 1173.0 -17129.986 -10537.586 -14856.752 2.762592 -0.48377169 -2.8415877000000003
60869 1593.0 -15932.06 -10716.93 -16015.92 2.9396774 -0.36992937000000004 -2.676194
60869 2013.0 -14662.508 -10848.094000000001 -17103.07 3.1035447 -0.25442536000000004 -2.4987684
60869 2433.0 -13327.037 -10930.487000000001 -18113.313000000002 3.2534574 -0.1377789 -2.3101088
60869 2853.0 -11931.652 -10963.741 -19042.107 3.3887422000000003 -0.020514315 -2.1110637000000003
60869 3273.0 -10482.627 -10947.707 -19885.278000000002 3.5087912 0.096841351 -1.902528
60869 3693.0 -8986.4761 -10882.456 -20639.033 3.6130653 0.21376071 -1.6854393
60869 4113.0 -7449.9263 -10768.282000000001 -21299.986 3.7010961000000004 0.32971839000000003 -1.4607734
60869 4533.0 -5879.885200000001 -10605.7 -21865.163 3.7724883 0.44419336 -1.2295401
60869 4953.0 -4283.4108 -10395.439 -22332.025 3.8269211000000003 0.5566713 -0.9927784900000001
60869 5373.0 -2667.6803 -10138.446 -22698.472 3.8641501 0.66664687 -0.7515526200000001
60869 5793.0 -1039.9571 -9835.8756 -22962.856 3.8840078 0.7736259700000001 -0.5069464
60869 6213.0 592.44133 -9489.087300000001 -23123.988 3.8864047999999998 0.8771279500000001 -0.26005894
60869 6633.0 2222.1765 -9099.6401 -23181.141 3.8713301 0.97668776 -0.011999606999999999
60869 7053.0 3841.9216 -8669.284300000001 -23134.059 3.838851 1.071858 0.23611696000000001
60869 7473.0 5444.394700000001 -8199.9539 -22982.951 3.7891129 1.162211 0.4831758
60869 7893.0 7022.3911 -7693.758400000001 -22728.495 3.7223387 1.2473407 0.72806661
60869 8313.0 8568.8157 -7152.9727 -22371.833 3.6388276 1.3268642 0.96968871
60869 8733.0 10076.715 -6580.0275 -21914.566 3.5389542 1.4004240000000001 1.206956
60869 9153.0 11539.309000000001 -5977.4979 -21358.749 3.4231665 1.4676893 1.4388017
60869 9573.0 12950.019 -5348.0922 -20706.878 3.291984 1.5283573 1.6641833
60869 9993.0 14302.502 -4694.6398 -19961.882 3.1459955 1.582155 1.8820872
60869 10413.0 15590.674 -4020.078 -19127.109 2.9858563 1.6288401 2.0915331000000004
60869 10833.0 16808.741 -3327.4389 -18206.309 2.8122854000000004 1.6682024 2.2915792
60869 11253.0 17951.223 -2619.838 -17203.625 2.6260627 1.7000641 2.4813239
60869 11673.0 19012.98 -1900.4557 -16123.56 2.4280248 1.7242817000000001 2.6599139000000003
60869 12093.0 19989.234 -1172.527 -14970.972 2.2190618 1.7407458 2.8265449
60869 12513.0 20875.594 -439.32534999999996 -13751.042 2.0001129 1.7493818 2.9804665
60869 12933.0 21668.069 295.85208 -12469.257 1.7721626000000001 1.7501504 3.1209852000000002
60869 13353.0 22363.093 1029.6989 -11131.380000000001 1.5362362 1.7430478 3.2474681000000003
60869 13773.0 22957.539 1758.9145 -9743.4289 1.2933948 1.7281054 3.359345
60869 14193.0 23448.73 2480.219 -8311.646 1.0447311 1.7053903000000001 3.4561118000000004
60869 14613.0 23834.455 3190.3682000000003 -6842.4718 0.79136406 1.6750043000000001 3.5373322
60869 15033.0 24112.977 3886.1677000000004 -5342.5151 0.53443409 1.637084 3.60264
60869 15453.0 24283.042 4564.487700000001 -3818.5235000000002 0.27509769 1.5917999 3.6517409
60869 15873.0 24343.885000000002 5222.277 -2277.353 0.014522274 1.5393557 3.6844134
60869 16293.0 24295.232 5856.577 -725.93712 -0.24611905 1.4799876 3.7005104
60869 16713.0 24137.3 6464.5345 828.74461 -0.50565286 1.4139627000000001 3.6999592
60869 17133.0 23870.802 7043.4152 2379.6979 -0.76291076 1.3415784000000002 3.6827626
60869 17553.0 23496.936 7590.6155 3919.9453 -1.0167346 1.2631606 3.6489982
60869 17973.0 23017.386000000002 8103.6747000000005 5442.557900000001 -1.2659819 1.1790625000000001 3.5988184000000003
60869 18393.0 22434.309 8580.285699999999 6940.686 -1.5095307 1.0896629 3.5324497999999998
60869 18813.0 21750.331000000002 9018.3056 8407.590800000002 -1.746285 0.99536431 3.4501917
60869 19233.0 20968.53 9415.7652 9836.6742 -1.9751796 0.89659144 3.3524152
60869 19653.0 20092.425 9770.8782 11221.508 -2.1951848 0.79378901 3.2395613
60869 20073.0 19125.958 10082.049 12555.866 -2.4053112000000003 0.68741985 3.1121386
60869 20493.0 18073.479 10347.878 13833.745 -2.6046138 0.57796276 2.9707216
60869 20913.0 16939.724000000002 10567.174 15049.402 -2.7921969 0.46591036 2.8159475000000005
60869 21333.0 15729.793 10738.95 16197.369 -2.9672175000000003 0.35176684999999996 2.6485136000000002
60869 21753.0 14449.130000000001 10862.437 17272.486 -3.1288894000000003 0.23604568 2.4691738
60869 22173.0 13103.497 10937.081 18269.921000000002 -3.2764866 0.11926738 2.2787357999999998
60869 22593.0 11698.945 10962.547 19185.19 -3.4093465000000003 0.0019570535 2.0780567000000003
60869 23013.0 10241.793 10938.724 20014.181 -3.5268728 -0.1153579 1.8680395
60869 23433.0 8738.5926 10865.72 20753.168 -3.6285384 -0.23215018 1.6496292000000001
60869 23853.0 7196.1050000000005 10743.864 21398.832000000002 -3.7138874 -0.34789493 1.423808
60869 24273.0 5621.2654 10573.708 21948.271 -3.7825374000000003 -0.46207209 1.1915915
60869 24693.0 4021.1548 10356.015 22399.019 -3.8341808000000004 -0.57416874 0.95402356
60869 25113.0 2402.9672 10091.768 22749.051 -3.8685867 -0.68368138 0.7121720699999999
60869 25533.0 773.9771999999999 9782.1536 22996.796000000002 -3.8856011 -0.79011816 0.46712396
60869 25953.0 -858.4920500000001 9428.565900000001 23141.142 -3.8851486 -0.8930010899999999 0.21998035
60869 26373.0 -2487.1022000000003 9032.595 23181.442 -3.8672316 -0.9918681800000001 -0.028148334
60869 26793.0 -4104.5326000000005 8596.0211 23117.515 -3.8319312 -1.0862755 -0.27614732
60869 27213.0 -5703.5127 8120.807400000001 22949.652000000002 -3.7794064 -1.175799 -0.52290247
60869 27633.0 -7276.8552 7609.090099999999 22678.607 -3.7098932000000002 -1.2600368000000002 -0.7673052800000001
60869 28053.0 -8817.4879 7063.1696 22305.599000000002 -3.623704 -1.3386105 -1.0082578
60869 28473.0 -10318.486 6485.4998 21832.305 -3.521226 -1.4111671 -1.2446774
60869 28893.0 -11773.101 5878.6774000000005 21260.853 -3.4029195 -1.4773809000000002 -1.475502
60869 29313.0 -13174.796 5245.429700000001 20593.812 -3.2693156 -1.5369541 -1.6996944
60869 29733.0 -14517.269 4588.6032000000005 19834.18 -3.1210144 -1.5896191 -1.916247
60869 30153.0 -15794.484 3911.1501000000003 18985.37 -2.9586817 -1.6351392 -2.1241866000000003
60869 30573.0 -17000.699 3216.1154 18051.2 -2.7830467 -1.6733095 -2.3225783
60869 30993.0 -18130.491 2506.6232999999997 17035.866 -2.5948982000000003 -1.7039583 -2.5105302000000003
60869 31413.0 -19178.779 1785.8628999999999 15943.935 -2.3950812999999997 -1.7269477 -2.6871971
60869 31833.0 -20140.851 1057.0742 14780.312 -2.1844937 -1.7421741 -2.8517843
60869 32253.0 -21012.378 323.53327 13550.231 -1.9640817 -1.7495687 -3.0035515
60869 32673.0 -21789.443 -411.46219 12259.220000000001 -1.7348358000000001 -1.7490979 -3.1418156
60869 33093.0 -22468.548 -1144.6079 10913.083 -1.4977864 -1.7407637 -3.2659545
60869 33513.0 -23046.64 -1872.6078 9517.874099999999 -1.2539992 -1.7246032 -3.3754093
60869 33933.0 -23521.117000000002 -2592.1889 8079.8648 -1.0045701 -1.7006888 -3.4696871000000002
60869 34353.0 -23889.846 -3300.1157000000003 6605.5214000000005 -0.7506209 -1.6691278 -3.5483635000000002
60869 34773.0 -24151.166 -3993.2054 5101.473599999999 -0.49329356 -1.630062 -3.6110841000000002
60869 35193.0 -24303.901 -4668.3416 3574.4845 -0.2337455 -1.583667 -3.6575663
60869 35613.0 -24347.365 -5322.4886 2031.4208999999998 0.026855836 -1.5301512000000002 -3.6876006
60869 36033.0 -24281.359 -5952.7052 479.22197 0.28733816 -1.4697552 -3.7010518
60869 36453.0 -24106.181 -6556.157700000001 -1075.132 0.54652968 -1.4027508 -3.6978589000000004
60869 36873.0 -23822.618000000002 -7130.1327 -2624.651 0.80326441 -1.3294393 -3.6780364
60869 37293.0 -23431.945 -7672.0497000000005 -4162.3666 1.0563874000000002 -1.2501504 -3.6416734
60869 37713.0 -22935.918 -8179.4721 -5681.3636 1.3047601 -1.1652409000000001 -3.5889335
60869 38133.0 -22336.768 -8650.1186 -7174.8109 1.5472651000000002 -1.0750927 -3.5200542
60869 38553.0 -21637.19 -9081.873300000001 -8635.992699999999 1.7828119 -0.9801114700000001 -3.4353456
60869 38973.0 -20840.329 -9472.795300000002 -10058.338 2.010341 -0.88072438 -3.3351889999999997
60869 39393.0 -19949.769 -9821.127400000001 -11435.451000000001 2.2288292000000003 -0.77737856 -3.2200352
60869 39813.0 -18969.516 -10125.304 -12761.14 2.4372943 -0.6705388400000001 -3.0904025
60869 40233.0 -17903.976 -10383.958 -14029.444 2.634799 -0.56068573 -2.9468744
60869 40653.0 -16757.943 -10595.927 -15234.66 2.8204556 -0.44831326000000005 -2.7900966
60869 41073.0 -15536.57 -10760.259 -16371.369 2.9934296 -0.33392669999999997 -2.6207745
60869 41493.0 -14245.347 -10876.216 -17434.46 3.1529438 -0.21804033 -2.4396697
60869 41913.0 -12890.082 -10943.276 -18419.155 3.2982815000000003 -0.10117509 -2.2475969
60869 42333.0 -11476.867 -10961.139000000001 -19321.027000000002 3.4287897 0.016143719 -2.0454197
60869 42753.0 -10012.057 -10929.726 -20136.02 3.5438823000000004 0.13338883999999998 -1.8340471
60869 43173.0 -8502.2368 -10849.177 -20860.472 3.6430423000000003 0.25003337999999997 -1.6144295
60869 43593.0 -6954.1946 -10719.855 -21491.125 3.7258244 0.36555323 -1.3875537999999998
60869 44013.0 -5374.889700000001 -10542.342 -22025.144 3.7918566 0.47942932000000005 -1.1544399
60869 44433.0 -3771.4219 -10317.436 -22460.128 3.8408426 0.59115003 -0.91613541
60869 44853.0 -2150.9996 -10046.148000000001 -22794.121 3.8725621 0.7002134200000001 -0.6737110900000001
60869 45273.0 -520.9073900000001 -9729.697699999999 -23025.621 3.8868725 0.8061295 -0.42825631
60869 45693.0 1111.5266000000001 -9369.506800000001 -23153.586 3.8837093 0.90842238 -0.18087398
60869 46113.0 2738.9637000000002 -8967.1946 -23177.441 3.8630864000000003 1.0066324 0.067324305
60869 46533.0 4354.0874 -8524.569 -23097.076 3.8250961 1.1003184000000001 0.31522327
60869 46953.0 5949.6365000000005 -8043.6196 -22912.851 3.7699085 1.1890591 0.5617089
60869 47373.0 7518.4372 -7526.5077 -22625.593 3.6977709 1.2724557 0.80567346
60869 47793.0 9053.436 -6975.5575 -22236.592 3.6090068000000004 1.3501333 1.0460204000000002
60869 48213.0 10547.731 -6393.245400000001 -21747.594 3.5040142000000003 1.4217426 1.2816693000000001
60869 48633.0 11994.602 -5782.1885999999995 -21160.796000000002 3.3832642 1.4869613 1.5115606000000001
60869 49053.0 13387.542 -5145.1337 -20478.834 3.2472986 1.5454961 1.7346606
60869 49473.0 14720.287 -4484.9446 -19704.772 3.0967277 1.5970834 1.9499658
60869 49893.0 15986.843 -3804.5891 -18842.09 2.9322275 1.6414909 2.1565076
60869 50313.0 17181.508 -3107.1239 -17894.657 2.7545375 1.6785191 2.3533576
60869 50733.0 18298.916 -2395.6887 -16866.746 2.564454 1.7079997 2.539628
60869 51153.0 19334.034 -1673.48 -15762.969000000001 2.3628326000000004 1.7298004 2.7144811
60869 51573.0 20282.207000000002 -943.7455500000001 -14588.291000000001 2.1505791 1.7438227 2.8771296000000004
60869 51993.0 21139.166 -209.76698000000002 -13347.992 1.9286478 1.7500029 3.0268408
60869 52413.0 21901.055 525.1549200000001 -12047.651 1.6980365 1.7483129 3.1629404
60869 52833.0 22564.446 1257.7149 -10693.114 1.4597826 1.7387598 3.2848151
60869 53253.0 23126.353 1984.6182 -9290.4746 1.2149577 1.7213863 3.3919156
60869 53673.0 23584.245 2702.5953 -7846.041200000001 0.9646636 1.6962702 3.4837592
60869 54093.0 23936.062 3408.4168 -6366.3111 0.71002657 1.6635242000000001 3.5599319
60869 54513.0 24180.22 4098.9079 -4857.9407 0.45219272 1.6232956 3.6200902999999998
60869 54933.0 24315.619 4770.9627 -3327.7155000000002 0.19232267 1.5757653 3.6639631
60869 55353.0 24341.649 5421.5582 -1782.5197 -0.06841372800000001 1.5211470999999999 3.6913527
60869 55773.0 24258.194 6047.7682 -229.30460000000002 -0.32884265 1.459687 3.7021354000000004
60869 56193.0 24065.629 6646.776 1324.942 -0.5877916599999999 1.3916616 3.6962629000000002
60869 56613.0 23764.82 7215.8876 2873.2279 -0.8440949900000001 1.3173772 3.6737618000000003
60869 57033.0 23357.121 7752.5433 4408.5878 -1.0965989 1.2371684 3.6347336
60869 57453.0 22844.368000000002 8254.3301 5924.1147 -1.3441667 1.1513964 3.5793546000000003
60869 57873.0 22228.868000000002 8718.9914 7412.9912 -1.5856842999999998 1.0604474 3.5078746
60869 58293.0 21513.392 9144.438400000001 8868.5201 -1.8200648000000001 0.96473116 3.4206162
60869 58713.0 20701.161 9528.7584 10284.155 -2.0462537 0.8646785300000001 3.3179728
60869 59133.0 19795.829 9870.224199999999 11653.528 -2.2632336 0.76074005 3.2004072999999997
60869 59553.0 18801.471 10167.301 12970.482 -2.4700288 0.6533836199999999 3.0684498
60869 59973.0 17722.561 10418.656 14229.094000000001 -2.6657095 0.54309245 2.9226948000000004
60869 60393.0 16563.954 10623.158 15423.705 -2.8493962 0.43036289 2.7637992
60869 60813.0 15330.863000000001 10779.89 16548.945 -3.0202635 0.31570211000000004 2.5924786
60869 61233.0 14028.835000000001 10888.149 17599.756 -3.177544 0.19962588 2.4095046000000004
60869 61653.0 12663.727 10947.451000000001 18571.413 -3.3205315 0.082656273 2.215701
60869 62073.0 11241.68 10957.529 19459.55 -3.4485841 -0.034680799 2.0119399000000002
60869 62493.0 9769.0884 10918.341 20260.176 -3.5611273000000003 -0.15185785999999998 1.7991383
60869 62913.0 8252.5753 10830.065 20969.694 -3.6576563 -0.26834825 1.5782533
60869 63333.0 6698.960099999999 10693.098 21584.916 -3.7377383 -0.38362852 1.3502785
60869 63753.0 5115.2283 10508.059000000001 22103.079 -3.8010145000000004 -0.49718072 1.1162387
60869 64173.0 3508.5007 10275.78 22521.855 -3.8472016 -0.60849478 0.87718625
60869 64593.0 1886.0007 9997.306400000001 22839.364 -3.8760929 -0.71707072 0.63419546
60869 65013.0 255.02251 9673.8919 23054.181 -3.8875594 -0.82242092 0.38835834
60869 65433.0 -1377.1022 9306.990800000001 23165.341 -3.8815503 -0.92407227 0.14077952
60869 65853.0 -3003.0367 8898.253 23172.347 -3.8580932 -1.0215683 -0.10742866
60869 66273.0 -4615.4722 8449.5165 23075.169 -3.8172939 -1.1144711999999999 -0.3551511
60869 66693.0 -6207.161 7962.7987 22874.244 -3.7593358 -1.2023639000000002 -0.60127491
60869 67113.0 -7770.948200000001 7440.287700000001 22570.477 -3.6844796000000004 -1.2848515 -0.8446944
60869 67533.0 -9299.804800000002 6884.332200000001 22165.233 -3.5930616 -1.3615635 -1.084316
60869 67953.0 -10786.858 6297.4313 21660.334 -3.4854922999999998 -1.4321555000000001 -1.3190632
60869 68373.0 -12225.425000000001 5682.222900000001 21058.05 -3.3622548 -1.4963103000000002 -1.5478811000000001
60869 68793.0 -13609.036 5041.4723 20361.088 -3.2239025000000003 -1.5537394999999998 -1.7697417
60869 69213.0 -14931.473 4378.0595 19572.581000000002 -3.0710567 -1.6041851 -1.9836477000000001
60869 69633.0 -16186.79 3694.9665 18696.072 -2.9044037 -1.6474201000000002 -2.1886377
60869 70053.0 -17369.344 2995.2635 17735.502 -2.7246921000000004 -1.6832502 -2.3837902
60869 70473.0 -18473.816 2282.0957000000003 16695.189000000002 -2.5327289 -1.711514 -2.5682277
60869 70893.0 -19495.241 1558.669 15579.808 -2.3293765 -1.7320843 -2.7411206000000004
60869 71313.0 -20429.026 828.2351600000001 14394.373 -2.1155486000000003 -1.7448683 -2.9016913
60869 71733.0 -21270.97 94.077892 13144.214 -1.8922059999999998 -1.7498083 -3.0492173
60869 72153.0 -22017.287 -640.50238 11834.95 -1.6603525 -1.7468818000000002 -3.1830348
60869 72573.0 -22664.62 -1372.2032 10472.468 -1.4210302 -1.7361017 -3.3025414
60869 72993.0 -23210.057 -2097.7347999999997 9062.894199999999 -1.1753151 -1.717516 -3.4071992
60869 73413.0 -23651.145 -2813.8354 7612.566 -0.92431196 -1.6912083 -3.4965369
60869 73833.0 -23985.897 -3517.2851 6128.0047 -0.66914951 -1.6572965 -3.5701521
60869 74253.0 -24212.808 -4204.9211 4615.8861 -0.41097534 -1.615933 -3.6277133
60869 74673.0 -24330.857 -4873.6515 3083.0098 -0.15095068 -1.5673037 -3.6689611
60869 75093.0 -24339.512 -5520.469400000001 1536.2691000000002 0.10975485 -1.5116271 -3.6937096
60869 75513.0 -24238.732 -6142.4665 -17.380362 0.36996844 -1.4491537 -3.7018472000000004
60869 75933.0 -24028.971 -6736.8462 -1570.9516 0.62851951 -1.3801645 -3.6933372
60869 76353.0 -23711.171000000002 -7300.9358 -3117.458 0.88424495 -1.3049697000000002 -3.6682178
60869 76773.0 -23286.762 -7832.1991 -4649.9447 1.1359944 -1.2239076 -3.626602
60869 77193.0 -22757.651 -8328.2476 -6161.5201 1.3826353 -1.1373429000000002 -3.5686771
60869 77613.0 -22126.219 -8786.8512 -7645.3864 1.6230582999999998 -1.045665 -3.4947039
60869 78033.0 -21395.304 -9205.9481 -9094.8709 1.8561821 -0.9492864200000001 -3.4050155
60869 78453.0 -20568.195 -9583.6543 -10503.455 2.0809582 -0.84864069 -3.3000154000000004
60869 78873.0 -19648.61 -9918.2721 -11864.806 2.2963759 -0.74418053 -3.1801765
60869 79293.0 -18640.685 -10208.298 -13172.801 2.5014667 -0.6363758 -3.0460380000000002
60869 79713.0 -17548.953 -10452.427 -14421.56 2.6953085999999997 -0.52571134 -2.8982036
60869 80133.0 -16378.323 -10649.564 -15605.468 2.8770302 -0.4126848 -2.7373386
60869 80553.0 -15134.059000000001 -10798.823 -16719.201 3.045815 -0.29780439000000003 -2.5641665
60869 80973.0 -13821.756 -10899.533 -17757.754 3.2009046 -0.18158658 -2.3794663999999996
60869 81393.0 -12447.314 -10951.242 -18716.455 3.341602 -0.06455380499999999 -2.184069
60869 81813.0 -11016.914 -10953.718 -19590.997 3.4672754 0.052767921 -1.9788527999999999
60869 82233.0 -9536.9857 -10906.95 -20377.446 3.5773601 0.16985133 -1.7647406
60869 82653.0 -8014.183400000001 -10811.149 -21072.268 3.6713619 0.28617029000000005 -1.5426948
60869 83073.0 -6455.352900000001 -10666.747 -21672.339 3.7488584 0.40120215000000004 -1.3137135000000002
60869 83493.0 -4867.5021 -10474.392 -22174.96 3.8095016999999998 0.5144300500000001 -1.0788259
60869 83913.0 -3257.7694 -10234.95 -22577.873 3.8530192000000003 0.6253452899999999 -0.8390874300000001
60869 84333.0 -1633.3913 -9949.4958 -22879.265 3.8792156 0.73344954 -0.59557545
60869 84753.0 -1.6701294 -9619.313699999999 -23077.781 3.8879729000000003 0.83825713 -0.34938416
60869 85173.0 1630.0586 -9245.887400000001 -23172.528000000002 3.8792516000000004 0.9392971400000001 -0.10161979
60869 85593.0 3254.4593 -8830.895199999999 -23163.078 3.8530904 1.0361156 0.14660435000000002
60869 86013.0 4864.229 -8376.2023 -23049.472 3.8096066 1.1282773 0.39417284
60870 33.0 6452.1305 -7883.8523 -22832.22 3.7489948 1.2153682 0.6399731399999999
60870 453.0 8011.0244 -7356.057900000001 -22512.297 3.6715268 1.2969967 0.88290053
60870 873.0 9533.9014 -6795.1912999999995 -22091.139 3.5775499 1.3727958000000002 1.1218631000000001
60870 1293.0 11013.914 -6203.7733 -21570.637 3.4674857 1.4424246 1.3557865
60870 1713.0 12444.406 -5584.4624 -20953.131 3.341828 1.5055698 1.5836191
60870 2133.0 13818.945 -4940.0423 -20241.394 3.2011407 1.5619473000000001 1.8043362
60870 2553.0 15131.348 -4273.409900000001 -19438.624 3.0460554 1.6113032 2.0169449999999998
60870 2973.0 16375.714 -3587.5622000000003 -18548.431 2.8772680999999998 1.6534151 2.220489
60870 3393.0 17546.438000000002 -2885.5811000000003 -17574.806 2.6955393 1.6880938 2.4140518
60870 3813.0 18638.264 -2170.6252999999997 -16522.141 2.5016813000000004 1.715182 2.5967631
60870 4233.0 19646.275 -1445.9083 -15395.161 2.2965673000000004 1.7345578000000001 2.7677997999999997
60870 4653.0 20565.934 -714.68893 -14198.932 2.0811192999999997 1.7461337000000001 2.9263917000000004
60870 5073.0 21393.104 19.744463 -12938.834 1.8563058000000001 1.749857 3.0718244
60870 5493.0 22124.061 754.08898 -11620.534 1.6231378 1.7457105 3.2034428
60870 5913.0 22755.516 1485.0419 -10249.960000000001 1.3826642 1.7337127 3.3206538
60870 6333.0 23284.627 2209.3158 -8833.2761 1.1359668 1.713917 3.4229290999999997
60870 6753.0 23709.012 2923.6528 -7376.8552 0.88415559 1.6864122 3.5098077
60870 7173.0 24026.761000000002 3624.8399 -5887.2483 0.62836396 1.651322 3.5808980999999998
60870 7593.0 24236.442 4309.7232 -4371.1563 0.36974317 1.6088041000000002 3.6358797
60870 8013.0 24337.112 4975.222 -2835.3996 0.10945739 1.5590496 3.6745047
60870 8433.0 24328.317 5618.343 -1286.8871000000001 -0.15132163 1.5022827 3.6965989
60870 8853.0 24210.097 6236.1934 267.41484 -0.4114199 1.4387587000000002 3.7020628
60870 9273.0 23982.984 6825.9942 1820.5137 -0.66966648 1.3687637 3.6908719999999997
60870 9693.0 23647.999 7385.092900000001 3365.4222999999997 -0.9248988 1.2926128000000001 3.6630769
60870 10113.0 23206.652000000002 7910.9751 4895.1909000000005 -1.1759680000000001 1.2106492 3.6188032
60870 10533.0 22660.927 8401.276 6402.9377 -1.4217439 1.1232417000000001 3.5582507000000003
60870 10953.0 22013.283 8853.791000000001 7881.8803 -1.6611205 1.0307842 3.4816925000000003
60870 11373.0 21266.633 9266.4858 9325.3666 -1.8930207000000001 0.93369285 3.3894739
60870 11793.0 20424.338 9637.5054 10726.904 -2.1164012 0.83240496 3.2820110000000002
60870 12213.0 19490.19 9965.1822 12080.189 -2.3302573000000004 0.72737651 3.1597882
60870 12633.0 18468.39 10248.044 13379.136 -2.5336273 0.6190802700000001 3.0233563
60870 13053.0 17363.539 10484.82 14617.905 -2.7255971 0.50800368 2.8733304
60870 13473.0 16180.606 10674.448 15790.925000000001 -2.9053039 0.39464656000000004 2.7103862
60870 13893.0 14924.914 10816.076000000001 16892.923 -3.0719402000000002 0.27951886000000004 2.5352575
60870 14313.0 13602.111 10909.068000000001 17918.946 -3.2247578 0.16313845000000002 2.3487331
60870 14733.0 12218.148000000001 10953.01 18864.381 -3.3630704000000002 0.046028702000000005 2.1516526
60870 15153.0 10779.25 10947.704 19724.98 -3.4862574 -0.071283868 1.9449028000000002
60870 15573.0 9291.887400000001 10893.177 20496.876 -3.593766 -0.18827193 1.729414
60870 15993.0 7762.7493 10789.675000000001 21176.600000000002 -3.6851141 -0.30440971 1.5061555000000002
60870 16413.0 6198.711700000001 10637.665 21761.099000000002 -3.7598922 -0.41917537 1.2761312
60870 16833.0 4606.8069000000005 10437.832 22247.747 -3.8177654000000003 -0.53205331 1.0403753
60870 17253.0 2994.1921 10191.075 22634.36 -3.8584745 -0.6425365000000001 0.79994763
60870 17673.0 1368.1171000000002 9898.5058 22919.201 -3.8818375 -0.7501287 0.55592869
60870 18093.0 -264.10801000000004 9561.4395 23100.991 -3.8877502 -0.8543467299999999 0.30941503000000004
60870 18513.0 -1895.146 9181.3925 23178.915 -3.8761866 -0.95472258 0.061514295
60870 18933.0 -3517.6651 8760.073699999999 23152.625 -3.8471992 -1.0508055 -0.18665976
60870 19353.0 -5124.3719 8299.377400000001 23022.239 -3.8009187000000004 -1.1421641 -0.43399221
60870 19773.0 -6708.0445 7801.3748 22788.344 -3.7375531 -1.228388 -0.6793719300000001
60870 20193.0 -8261.5641 7268.304700000001 22451.994 -3.6573872 -1.3090899999999999 -0.9216965800000001
60870 20613.0 -9777.947800000002 6702.5632000000005 22014.7 -3.5607811000000003 -1.3839076000000001 -1.1598775000000001
60870 21033.0 -11250.379 6106.6933 21478.427 -3.4481687 -1.4525048999999999 -1.3928445
60870 21453.0 -12672.239 5483.3732 20845.587 -3.3200557 -1.5145734 -1.6195509
60870 21873.0 -14037.136 4835.4048 20119.023 -3.1770173 -1.5698343000000001 -1.8389779000000002
60870 22293.0 -15338.934000000001 4165.7004 19302.003 -3.0196958 -1.6180392 -2.0501392999999997
60870 22713.0 -16571.779 3477.2702000000004 18398.197 -2.8487978 -1.6589713 -2.2520857999999997
60870 23133.0 -17730.13 2773.2086 17411.668 -2.6650907000000004 -1.6924465 -2.4439096
60870 23553.0 -18808.778000000002 2056.6803999999997 16346.851 -2.4693997 -1.7183139 -2.6247480000000003
60870 23973.0 -19802.871 1330.9065 15208.532000000001 -2.2626039000000002 -1.7364572 -2.7937876999999998
60870 24393.0 -20707.94 599.14935 14001.828 -2.0456325 -1.7467945 -2.9502683000000003
60870 24813.0 -21519.914 -135.30132999999998 12732.164 -1.8194603999999999 -1.7492789 -3.0934857000000004
60870 25233.0 -22235.141 -869.14377 11405.247 -1.5851043 -1.7438991000000001 -3.2227952
60870 25653.0 -22850.403000000002 -1599.0788 10027.044 -1.3436175000000001 -1.7306789000000002 -3.3376149
60870 26073.0 -23362.933 -2321.8245 8603.751900000001 -1.0960859 -1.7096775 -3.4374278
60870 26493.0 -23770.425 -3034.1316 7141.7693 -0.84362231 -1.6809892 -3.5217842999999998
60870 26913.0 -24071.044 -3732.7971000000002 5647.6705 -0.58736222 -1.6447426 -3.5903047000000003
60870 27333.0 -24263.439000000002 -4414.6798 4128.174 -0.32845817 -1.6011007 -3.64268
60870 27753.0 -24346.742000000002 -5076.7137 2590.1129 -0.068074699 -1.5502596000000002 -3.6786744
60870 28173.0 -24320.578 -5715.9218 1040.4039 0.19261689 -1.4924477999999999 -3.6981257000000003
60870 28593.0 -24185.065 -6329.430200000001 -513.98393 0.45244381 -1.4279254000000001 -3.700946
60870 29013.0 -23940.81 -6914.4802 -2066.0602 0.7102372299999999 -1.3569825000000002 -3.6871225
60870 29433.0 -23588.913 -7468.4412 -3608.8451 0.96483741 -1.2799384 -3.6567174000000002
60870 29853.0 -23130.955 -7988.8225999999995 -5135.4003 1.215099 -1.1971395 -3.6098675
60870 30273.0 -22568.995 -8473.284800000001 -6638.8607 1.4598962 -1.1089584 -3.5467838
60870 30693.0 -21905.561 -8919.6496 -8112.4653 1.6981279999999999 -1.0157918 -3.4677502000000002
60870 31113.0 -21143.637 -9325.9105 -9549.5874 1.9287229000000001 -0.91805887 -3.3731225
60870 31533.0 -20286.648 -9690.241199999999 -10943.764000000001 2.1506437999999997 -0.8161992100000001 -3.2633266
60870 31953.0 -19338.45 -10011.004 -12288.727 2.3628928 -0.71067103 -3.1388570000000002
60870 32373.0 -18303.306 -10286.758 -13578.428 2.5645158 -0.60194898 -3.0002736
60870 32793.0 -17185.872 -10516.263 -14807.068000000001 2.7546063 -0.49052202 -2.8482002000000004
60870 33213.0 -15991.171 -10698.488 -15969.123 2.9323101 -0.37689120000000004 -2.683321
60870 33633.0 -14724.577000000001 -10832.614 -17059.368 3.0968284 -0.26156744 -2.5063778
60870 34053.0 -13391.785 -10918.04 -18072.903000000002 3.2474220999999996 -0.14506919 -2.3181664
60870 34473.0 -11998.787 -10954.381 -19005.169 3.3834147 -0.027920117 -2.1195333
60870 34893.0 -10551.847 -10941.475 -19851.976 3.5041952000000003 0.08935324300000001 -1.9113716
60870 35313.0 -9057.4693 -10879.381 -20609.518 3.6092211 0.20622386 -1.6946173
60870 35733.0 -7522.3731 -10768.377 -21274.388 3.6980209 0.32216656 -1.4702446
60870 36153.0 -5953.4596 -10608.964 -21843.598 3.7701955 0.43666039 -1.2392621
60870 36573.0 -4357.782099999999 -10401.857 -22314.588 3.825421 0.54919093 -1.0027078
60870 36993.0 -2742.514 -10147.989 -22685.241 3.8634491 0.6592526000000001 -0.76164485
60870 37413.0 -1114.9168 -9848.5001 -22953.89 3.884109 0.7663509000000001 -0.5171564200000001
60870 37833.0 517.69267 -9504.7366 -23119.327 3.8873078000000003 0.87000467 -0.27034113000000004
60870 38253.0 2147.9748 -9118.243699999999 -23180.806 3.8730306999999997 0.96974817 -0.022308016
60870 38673.0 3768.6004 -8690.7584 -23138.051 3.8413416000000002 1.0651332 0.22582839000000002
60870 39093.0 5372.2836 -8224.2021 -22991.252 3.7923823000000003 1.1557311 0.47295303
60870 39513.0 6951.8141 -7720.6716 -22741.068 3.7263723 1.2411347000000001 0.7179553200000001
60870 39933.0 8500.090300000002 -7182.43 -22388.621 3.6436075000000003 1.3209600000000001 0.9597341
60870 40353.0 10010.15 -6611.8965 -21935.495 3.5444591 1.3948481 1.1972025000000002
60870 40773.0 11475.204 -6011.6355 -21383.724000000002 3.4293717999999997 1.4624667 1.4292931000000002
60870 41193.0 12888.663 -5384.345 -20735.787 3.298862 1.5235114 1.6549621
60870 41613.0 14244.171 -4732.8448 -19994.597 3.1535156000000004 1.5777077 1.8731946000000002
60870 42033.0 15535.630000000001 -4060.0637 -19163.483 2.9939850000000003 1.6248113000000002 2.083009
60870 42453.0 16757.237 -3369.0263 -18246.183 2.8209848 1.6646101000000002 2.2834621000000004
60870 42873.0 17903.49 -2662.841 -17246.822 2.6352944000000003 1.6969242999999998 2.4736496000000003
60870 43293.0 18969.229 -1944.6798999999999 -16169.882 2.4377491 1.721609 2.6527171
60870 43713.0 19949.664 -1217.7735 -15020.210000000001 2.2292351 1.7385523 2.8198581
60870 44133.0 20840.382 -485.39067 -13802.976 2.0106897 1.7476775 2.9743198000000004
60870 44553.0 21637.376 249.17505 -12523.654 1.7830957 1.748943 3.1154064
60870 44973.0 22337.059 982.62012 -11187.997 1.5474765 1.7423429000000001 3.2424824
60870 45393.0 22936.281 1711.6458 -9802.0111 1.3048921 1.7279064000000002 3.354975
60870 45813.0 23432.346 2432.9732999999997 -8371.9308 1.0564338 1.7056981 3.4523774
60870 46233.0 23823.02 3143.358 -6904.1885 0.80321973 1.6758177 3.5342503
60870 46653.0 24106.544 3839.6047000000003 -5405.3866 0.54638949 1.6383995 3.6002249
60870 47073.0 24281.642 4518.581700000001 -3882.2674 0.28709911 1.5936116999999999 3.6500035
60870 47493.0 24347.526 5177.2349 -2341.6828 0.026515796 1.5416558 3.6833620000000002
60870 47913.0 24303.899 5812.6017 -790.5635699999999 -0.23418736 1.4827656999999999 3.7001498
60870 48333.0 24150.956000000002 6421.8243 764.1121700000001 -0.49383671 1.4172065 3.7002914000000002
60870 48753.0 23889.387 7002.1626 2315.3503 -0.75126334 1.3452733000000001 3.6837863000000004
60870 49173.0 23520.369 7551.0067 3856.1722000000004 -1.0053084 1.2672900999999999 3.650709
60870 49593.0 23045.562 8065.888400000001 5379.6463 -1.2548284 1.1836081 3.601209
60870 50013.0 22467.104 8544.492400000001 6878.9195 -1.4987002 1.0946042 3.5355096
60870 50433.0 21787.598 8984.6669 8347.2476 -1.7358263999999999 1.0006791 3.4539072
60870 50853.0 21010.103 9384.433 9778.026300000001 -1.9651402 0.9022559 3.3567698
60870 51273.0 20138.119 9741.994 11164.82 -2.1856098999999998 0.79977763 3.2445355
60870 51693.0 19175.568 10055.743 12501.393 -2.3962440000000003 0.69370568 3.1177103
60870 52113.0 18126.784 10324.27 13781.734 -2.5960954000000003 0.5845175100000001 2.9768658
60870 52533.0 16996.484 10546.37 15000.086000000001 -2.7842659 0.47270452 2.8226367
60870 52953.0 15789.754 10721.045 16150.972 -2.9599098 0.35876981999999996 2.6557177000000003
60870 53373.0 14512.024 10847.512 17229.218 -3.1222381 0.24322589 2.4768605
60870 53793.0 13169.041000000001 10925.202000000001 18229.976 -3.2705218 0.12659247 2.2868705
60870 54213.0 11766.845 10953.77 19148.75 -3.4040953 0.009394004400000001 2.0866028
60870 54633.0 10311.744 10933.088 19981.409 -3.522359 -0.10784263000000001 1.8769585
60870 55053.0 8810.2818 10863.251 20724.214 -3.6247826 -0.22459047000000001 1.6588808
60870 55473.0 7269.2092999999995 10744.574 21373.826 -3.7109067000000002 -0.34032487 1.4333505
60870 55893.0 5695.4565 10577.593 21927.327 -3.7803453 -0.45452584 1.2013819000000001
60870 56313.0 4096.099200000001 10363.059000000001 22382.231 -3.8327874000000004 -0.56668032 0.9640175900000001
60870 56733.0 2478.3278999999998 10101.938 22736.495 -3.8679982 -0.6762845700000001 0.7223246400000001
60870 57153.0 849.41545 9795.4057 22988.53 -3.8858204 -0.78284631 0.47738921
60870 57573.0 -783.31542 9444.840300000002 23137.203 -3.8861747 -0.885887 0.2303119
60870 57993.0 -2412.5253 9051.8184 23181.847 -3.86906 -0.9849439200000001 -0.017797141
60870 58413.0 -4030.8906 8618.1075 23122.265 -3.8345536000000005 -1.0795723000000002 -0.26582326
60870 58833.0 -5631.1368 8145.6573 22958.723 -3.7828109 -1.169347 -0.5126521900000001
60870 59253.0 -7206.070900000001 7636.592000000001 22691.96 -3.7140646000000004 -1.2538652 -0.75717508
60870 59673.0 -8748.6135 7093.1998 22323.173 -3.6286235000000002 -1.3327470000000001 -0.99829342
60870 60093.0 -10251.831 6517.9233 21854.021 -3.5268713 -1.4056382 -1.2349239
60870 60513.0 -11708.965 5913.348400000001 21286.614 -3.409265 -1.4722114 -1.4660034000000002
60870 60933.0 -13113.467 5282.1923 20623.501 -3.2763328 -1.5321673 -1.6904936000000002
60870 61353.0 -14459.023000000001 4627.2921 19867.663 -3.1286714000000004 -1.5852365 -1.9073855000000002
60870 61773.0 -15739.582 3951.5913 19022.498 -2.966944 -1.6311805 -2.1157043
60870 62193.0 -16949.388 3258.1271 18091.803 -2.791877 -1.6697925 -2.3145135
60870 62613.0 -18083.001 2550.0166 17079.763 -2.6042565 -1.7008988999999999 -2.5029193000000003
60870 63033.0 -19135.323 1830.4426 15990.927 -2.4049253 -1.7243595 -2.6800743000000002
60870 63453.0 -20101.624 1102.64 14830.188 -2.194779 -1.7400686 -2.8451817000000004
60870 63873.0 -20977.556 369.88028 13602.765 -1.9747618 -1.7479554000000002 -2.9974987
60870 64293.0 -21759.18 -364.54227000000003 12314.176 -1.7458625 -1.747984 -3.13634
60870 64713.0 -22442.981 -1097.326 10970.214 -1.5091099 -1.7401541 -3.2610805000000003
60870 65133.0 -23025.882 -1825.1763 9576.921199999999 -1.2655683 -1.7245006 -3.3711588000000003
60870 65553.0 -23505.261000000002 -2544.8208 8140.5628 -1.0163327 -1.7010935999999999 -3.4660791
60870 65973.0 -23878.961 -3253.0239 6667.597 -0.7625239500000001 -1.6700380000000001 -3.5454142
60870 66393.0 -24145.3 -3946.6013 5164.6472 -0.5052833800000001 -1.6314735 -3.6088065
60870 66813.0 -24303.08 -4622.4345 3638.4718 -0.24576804000000002 -1.5855732 -3.6559705
60870 67233.0 -24351.59 -5277.4846 2095.934 0.014854756 -1.5325436 -3.6866936999999997
60870 67653.0 -24290.611 -5908.8062 543.97062 0.27541256 -1.4726229000000002 -3.7008375
60870 68073.0 -24120.417 -6513.5607 -1010.439 0.53473325 -1.4060808 -3.6983381
60870 68493.0 -23841.772 -7089.0288 -2560.3045 0.79165022 -1.3332164 -3.6792066
60870 68913.0 -23455.929 -7632.6232 -4098.6557999999995 1.0450077000000002 -1.2543577000000001 -3.6435292
60870 69333.0 -22964.624 -8141.8996 -5618.5748 1.2936659 -1.1698593000000002 -3.5914663
60870 69753.0 -22370.064000000002 -8614.5686 -7113.2261 1.5365064 -1.0801015 -3.5232524
60870 70173.0 -21674.926 -9048.505000000001 -8575.8883 1.7724369 -0.98548791 -3.4391946
60870 70593.0 -20882.334 -9441.7581 -9999.984 2.0003962 -0.88644433 -3.3396712
60870 71013.0 -19995.853 -9792.560300000001 -11379.109 2.2193592 -0.78341625 -3.2251303
60870 71433.0 -19019.469 -10099.335000000001 -12707.063 2.4283415 -0.67686711 -3.0960874
60870 71853.0 -17957.575 -10360.703 -13977.874 2.6264034 -0.56727613 -2.9531233
60870 72273.0 -16814.944 -10575.49 -15185.827000000001 2.8126548 -0.45513616 -2.7968813
60870 72693.0 -15596.716 -10742.731 -16325.493 2.9862584 -0.34095146 -2.6280644000000004
60870 73113.0 -14308.367 -10861.675000000001 -17391.747 3.1464341 -0.22523541 -2.447432
60870 73533.0 -12955.692000000001 -10931.787 -18379.795000000002 3.2924624 -0.1085082 -2.2557966
60870 73953.0 -11544.772 -10952.753 -19285.196 3.4236872 0.0087054832 -2.0540198999999997
60870 74373.0 -10081.95 -10924.48 -20103.879 3.539519 0.12587883 -1.8430092
60870 74793.0 -8573.804 -10847.095 -20832.164 3.6394376000000004 0.24248528 -1.6237131
60870 75213.0 -7027.1136 -10720.945 -21466.776 3.7229942 0.35800086 -1.3971174000000002
60870 75633.0 -5448.8324 -10546.599 -22004.863 3.7898136 0.47190655 -1.1642406
60870 76053.0 -3846.0558 -10324.841 -22444.005 3.8395956 0.58369056 -0.92612919
60870 76473.0 -2225.9891000000002 -10056.667 -22782.228 3.8721166 0.69285068 -0.6838532199999999
60870 76893.0 -595.91525 -9743.2822 -23018.011000000002 3.8872304 0.7988964700000001 -0.43850138
60870 77313.0 1036.8376 -9386.096300000001 -23150.293 3.8848689 0.90135149 -0.19117612
60870 77733.0 2664.9292 -8986.7142 -23178.478 3.8650425 0.99975537 0.057011202
60870 78153.0 4281.0402 -8546.930900000001 -23102.439000000002 3.8278398000000005 1.0936659 0.30494535
60870 78573.0 5877.9049 -8068.7231 -22922.516 3.7734274 1.1826611 0.55151217
60870 78993.0 7448.3437 -7554.2399000000005 -22639.516 3.7020493 1.2663408999999999 0.79560352
60870 79413.0 8985.2955 -7005.7936 -22254.709 3.6140254 1.3443291 1.0361223
60870 79833.0 10481.85 -6425.8495 -21769.824 3.5097506 1.4162750000000002 1.2719873
60870 80253.0 11931.276 -5817.014 -21187.04 3.3896927000000003 1.4818549 1.5021382
60870 80673.0 13327.057 -5182.024 -20508.973 3.2543905 1.5407738 1.7255399
60870 81093.0 14662.915 -4523.7339 -19738.672 3.1044513 1.5927664 1.9411876000000001
60870 81513.0 15932.841 -3845.1029 -18879.598 2.9405482000000003 1.6375987 2.1481111999999998
60870 81933.0 17131.111 -3149.1775000000002 -17935.593 2.7634192 1.6750701 2.3453824
60870 82353.0 18252.361 -2439.0955 -16910.938000000002 2.5738553000000004 1.7050083999999999 2.5321082
60870 82773.0 19291.53 -1718.0445 -15810.219000000001 2.3727118000000003 1.7272805000000002 2.7074504999999998
60870 83193.0 20243.944 -989.26748 -14638.385 2.160892 1.7417854 2.8706197
60870 83613.0 21105.318 -256.04153 -13400.705 1.9393481 1.7484576 3.0208809999999997
60870 84033.0 21871.775 478.33590000000004 -12102.747 1.7090764 1.7472665 3.1575574000000004
60870 84453.0 22539.865 1210.5620000000001 -10750.346 1.4711125999999999 1.7382172 3.2800331000000003
60870 84873.0 23106.582000000002 1937.3437 -9349.5847 1.2265271 1.7213498999999999 3.3877561999999997
60870 85293.0 23569.375 2655.4118 -7906.764099999999 0.97642046 1.6967402 3.4802413000000003
60870 85713.0 23926.16 3361.5368 -6428.374 0.72191821 1.6644987000000002 3.5570713
60870 86133.0 24175.331000000002 4052.5425 -4921.0647 0.46416579 1.6247703 3.6179
60871 153.0 24315.766 4725.3206 -3391.6169 0.20432343 1.5777336 3.6624532
60871 573.0 24346.834 5376.845 -1846.9111 -0.056439169000000004 1.5236004 3.6905300000000003
60871 993.0 24268.393 6004.1853 -293.89643 -0.31694808 1.4626141000000001 3.702004
60871 1413.0 24080.797000000002 6604.5198 1260.4403 -0.57603054 1.3950495 3.6968234000000004
60871 1833.0 23784.89 7175.148400000001 2809.1066 -0.83252021 1.3212108 3.6750119
60871 2253.0 23382.005 7713.504900000001 4345.1354 -1.0852625 1.2414304999999999 3.6366679
60871 2673.0 22873.954 8217.1684 5861.617 -1.3331198 1.1560678 3.5819646
60871 3093.0 22263.024 8683.874099999999 7351.7296 -1.5749765 1.0655073 3.5111487
60871 3513.0 21551.966 9111.5238 8808.7705 -1.8097444 0.97015663 3.4245398000000002
60871 3933.0 20743.98 9498.195099999999 10226.186 -2.0363672999999998 0.87044528 3.3225284000000004
60871 4353.0 19842.701 9842.150099999999 11597.602 -2.2538256999999997 0.76682214 3.2055746
60871 4773.0 18852.186 10141.843 12916.851 -2.4611418 0.6597536900000001 3.0742055
60871 5193.0 17776.892 10395.928 14177.999 -2.6573835 0.5497218500000001 2.9290133000000003
60871 5613.0 16621.658 10603.264000000001 15375.378 -2.8416688 0.43722179 2.7706521
60871 6033.0 15391.681 10762.92 16503.603 -3.0131696000000003 0.32275964 2.5998352000000002
60871 6453.0 14092.494 10874.18 17557.603 -3.1711156000000003 0.20685029 2.4173318
60871 6873.0 12729.941 10936.544 18532.64 -3.3147977 0.09001503400000001 2.2239636000000003
60871 7293.0 11310.151 10949.736 19424.333 -3.4435707000000004 -0.027220802 2.0206008
60871 7713.0 9839.509900000001 10913.697 20228.674 -3.5568571 -0.1443302 1.8081585
60871 8133.0 8324.6308 10828.59 20942.048 -3.6541485 -0.26078681000000004 1.5875924000000001
60871 8553.0 6772.325900000001 10694.800000000001 21561.253 -3.7350088 -0.37606734 1.3598943
60871 8973.0 5189.5749000000005 10512.931 22083.504 -3.7990758000000002 -0.48965383 1.1260881
60871 9393.0 3583.4939 10283.800000000001 22506.458 -3.8460623999999997 -0.60103604 0.88722479
60871 9813.0 1961.3035 10008.439 22828.215 -3.8757585 -0.70971371 0.6443780100000001
60871 10233.0 330.29634000000004 9688.087300000001 23047.331000000002 -3.8880314 -0.81519874 0.39863906
60871 10653.0 -1302.1956 9324.1855 23162.822 -3.8828267000000003 -0.91701743 0.15111212000000002
60871 11073.0 -2928.8342000000002 8918.3701 23174.171000000002 -3.8601682999999998 -1.0147126 -0.097090703
60871 11493.0 -4542.307400000001 8472.465800000002 23081.327 -3.8201584 -1.1078454 -0.34485434
60871 11913.0 -6135.3628 7988.4773 22884.71 -3.762977 -1.1959978000000002 -0.59106575
60871 12333.0 -7700.8397 7468.580400000001 22585.204 -3.6888812 -1.2787738 -0.83461883
60871 12753.0 -9231.7013 6915.112099999999 22184.156 -3.5982038 -1.3558017 -1.0744194
60871 13173.0 -10721.066 6330.5603 21683.368000000002 -3.4913521000000003 -1.4267354 -1.3093902000000002
60871 13593.0 -12162.24 5717.5523 21085.092 -3.3688059 -1.4912563 -1.5384754
60871 14013.0 -13548.743 5078.8435 20392.017 -3.2311155 -1.5490744 -1.7606456000000001
60871 14433.0 -14874.343 4417.304700000001 19607.258 -3.0788991 -1.5999299 -1.9749024
60871 14853.0 -16133.08 3735.9094 18734.342 -2.9128403 -1.643594 -2.1802826
60871 15273.0 -17319.295000000002 3037.7202 17777.193 -2.7336848000000002 -1.6798704 -2.375863
60871 15693.0 -18427.654 2325.8755 16740.112 -2.5422374 -1.7085957 -2.5607641
60871 16113.0 -19453.173 1603.5752 15627.763 -2.3393579 -1.7296407 -2.7341544
60871 16533.0 -20391.241 874.06601 14445.144 -2.1259579 -1.7429105 -2.8952539
60871 16953.0 -21237.639 140.62747000000002 13197.572 -1.9029963 -1.748345 -3.0433379
60871 17373.0 -21988.56 -593.44323 11890.656 -1.6714751 -1.7459196 -3.1777398
60871 17793.0 -22640.625 -1324.8459 10530.271 -1.432435 -1.7356448 -3.2978548
60871 18213.0 -23190.903000000002 -2050.2923 9122.5337 -1.1869505999999999 -1.7175667000000001 -3.4031421
60871 18633.0 -23636.916 -2766.5206000000003 7673.774 -0.93612563 -1.6917662 -3.4931275
60871 19053.0 -23976.659 -3470.3107999999997 6190.5059 -0.68108808 -1.658359 -3.5674059000000002
60871 19473.0 -24208.601 -4158.4982 4679.3992 -0.42298495 -1.6174954000000001 -3.6256425
60871 19893.0 -24331.699 -4827.9886 3147.2492 -0.16297714 -1.5693588 -3.6675749
60871 20313.0 -24345.399 -5475.7715 1600.9457 0.097765793 -1.5141658 -3.6930142999999997
60871 20733.0 -24249.637 -6098.9345 47.442609 0.35807084 -1.4521644 -3.7018458
60871 21153.0 -24044.845 -6694.6754 -1506.2738000000002 0.6167670000000001 -1.3836335 -3.6940296
60871 21573.0 -23731.941 -7260.3155 -3053.2162000000003 0.8726905 -1.3088814 -3.6696007
60871 21993.0 -23312.334 -7793.3118 -4586.4276 1.12469 -1.2282444000000001 -3.628669
60871 22413.0 -22787.91 -8291.2676 -6099.0132 1.3716319000000001 -1.1420852 -3.5714188
60871 22833.0 -22161.027000000002 -8751.9444 -7584.1705999999995 1.6124055000000002 -1.0507914 -3.4981077000000003
60871 23253.0 -21434.504 -9173.271 -9035.221 1.8459277 -0.95477382 -3.4090659000000003
60871 23673.0 -20611.61 -9553.3534 -10445.639000000001 2.0711483 -0.85446433 -3.3046941000000003
60871 24093.0 -19696.044 -9890.483199999999 -11809.083 2.2870546 -0.7503141799999999 -3.1854621
60871 24513.0 -18691.924 -10183.145 -13119.422 2.4926758 -0.6427918300000001 -3.0519067
60871 24933.0 -17603.766 -10430.024 -14370.764000000001 2.6870875 -0.53238087 -2.9046289
60871 25353.0 -16436.463 -10630.01 -15557.482 2.8694158 -0.41957781 -2.7442912
60871 25773.0 -15195.263 -10782.205 -16674.241 3.0388415 -0.30488987 -2.5716153
60871 26193.0 -13885.749 -10885.926 -17716.02 3.1946030000000003 -0.18883267 -2.3873775999999998
60871 26613.0 -12513.808 -10940.706 -18678.135000000002 3.3360005999999998 -0.07192791300000001 -2.1924069
60871 27033.0 -11085.609 -10946.300000000001 -19556.261 3.4623992 0.045298936 -1.9875799
60871 27453.0 -9607.572400000001 -10902.684000000001 -20346.451 3.5732309 0.16232103 -1.7738176
60871 27873.0 -8086.3442000000005 -10810.053 -21045.151 3.6679980000000003 0.27861251 -1.5520809
60871 28293.0 -6528.7631 -10668.825 -21649.222 3.7462748 0.39365083 -1.3233664
60871 28713.0 -4941.8315999999995 -10479.634 -22155.946 3.8077098 0.50691911 -1.0887021
60871 29133.0 -3332.6837 -10243.332 -22563.046000000002 3.8520271 0.61790844 -0.8491426900000001
60871 29553.0 -1708.5536000000002 -9960.9799 -22868.691 3.8790274 0.72612018 -0.60576456
60871 29973.0 -76.742446 -9633.8477 -23071.507 3.8885893 0.83106815 -0.35966134
60871 30393.0 1555.4137 -9263.4056 -23170.58 3.8806697 0.9322808 -0.11193891
60871 30813.0 3180.5773 -8851.3186 -23165.465 3.8553038 1.0293034 0.13628961
60871 31233.0 4791.442 -8399.4386 -23056.182 3.8126051000000003 1.1216998 0.38390875999999996
60871 31653.0 6380.7654 -7909.7966 -22843.222 3.752765 1.2090549000000002 0.62980577
60871 32073.0 7941.401900000001 -7384.5932999999995 -22527.541 3.6760515999999996 1.2909758999999998 0.87287547
60871 32493.0 9466.3343 -6826.1893 -22110.556 3.582809 1.3670944999999999 1.1120253
60871 32913.0 10948.706 -6237.0943 -21594.139 3.4734553000000004 1.4370684000000002 1.3461801
60871 33333.0 12381.85 -5619.9563 -20980.611 3.3484813 1.5005827999999999 1.5742872
60871 33753.0 13759.321 -4977.5493 -20272.729 3.2084478 1.5573518 1.7953206000000002
60871 34173.0 15074.925000000001 -4312.7611 -19473.672 3.0539834000000003 1.6071198 2.0082861000000003
60871 34593.0 16322.746000000001 -3628.5807000000004 -18587.034 2.8857812 1.6496626 2.2122255
60871 35013.0 17497.163 -2928.0826 -17616.793 2.7046 1.6847887000000001 2.4062201
60871 35433.0 18592.902000000002 -2214.4183 -16567.321 2.5112484 1.7123396 2.589399
60871 35853.0 19605.03 -1490.7956000000001 -15443.329 2.306598 1.7321908000000001 2.7609364000000003
60871 36273.0 20528.991 -760.46871 -14249.872 2.0915684000000003 1.7442527 2.9200598
60871 36693.0 21360.629 -26.721751 -12992.317000000001 1.8671265000000001 1.7484704 3.0660524000000002
60871 37113.0 22096.201 707.1454 -11676.319 1.6342815000000002 1.7448247 3.1982566
60871 37533.0 22732.396 1437.8322 -10307.796 1.3940808 1.7333316 3.3160767
60871 37953.0 23266.350000000002 2162.0523 -8892.902800000002 1.1476051 1.7140423 3.4189816
60871 38373.0 23695.661 2876.5483 -7438.0045 0.8959634 1.6870435000000001 3.5065076
60871 38793.0 24018.395 3578.1063 -5949.645 0.6402882200000001 1.6524564000000002 3.5782602000000003
60871 39213.0 24233.099000000002 4263.570900000001 -4434.5198 0.38173034 1.6104364 3.6339157
60871 39633.0 24338.808 4929.858700000001 -2899.4447999999998 0.12145367 1.5611727000000002 3.6732235
60871 40053.0 24335.044 5573.9727 -1351.3259 -0.13937011000000002 1.504887 3.6960064000000004
60871 40473.0 24221.825 6193.0160000000005 202.87228 -0.39956679000000006 1.4418325 3.7021616
60871 40893.0 23999.659 6784.204 1756.1577 -0.657965 1.3722932 3.6916615999999998
60871 41313.0 23669.549 7344.8781 3301.5426 -0.91340149 1.2965823 3.6645539
60871 41733.0 23232.978 7872.5168 4832.0747 -1.1647264 1.2150407 3.620961
60871 42153.0 22691.913 8364.747299999999 6340.8691 -1.4108086000000002 1.1280356999999999 3.5610795
60871 42573.0 22048.788 8819.3566 7821.1387 -1.6505406 1.035959 3.4851798
60871 42993.0 21306.499 9234.3009 9266.225199999999 -1.8828437 0.93922538 3.3936041
60871 43413.0 20468.386000000002 9607.7149 10669.629 -2.1066729 0.83827031 3.2867656000000003
60871 43833.0 19538.221 9937.9205 12025.039 -2.3210213 0.73354834 3.1651458
60871 44253.0 18520.19 10223.434000000001 13326.359 -2.5249252 0.62553088 3.0292931
60871 44673.0 17418.874 10462.973 14567.738000000001 -2.7174679 0.51470408 2.8798196
60871 45093.0 16239.229000000001 10655.462 15743.594000000001 -2.8977842000000003 0.40156666 2.7173989
60871 45513.0 14986.561 10800.037 16848.642 -3.0650639 0.28662757 2.5427622000000003
60871 45933.0 13666.506 10896.049 17877.914 -3.2185558000000003 0.17040383 2.3566962
60871 46353.0 12285.001 10943.069 18826.784 -3.3575707 0.053418105 2.1600383
60871 46773.0 10848.261 10940.887 19690.987 -3.4814847 -0.063803657 1.9536736000000001
60871 47193.0 9362.7465 10889.515 20466.641 -3.5897419 -0.18073453 1.7385305000000002
60871 47613.0 7835.1381 10789.185 21150.259000000002 -3.6818567 -0.29684902 1.5155768
60871 48033.0 6272.3049 10640.349 21738.772 -3.7574163 -0.41162538000000004 1.2858150000000002
60871 48453.0 4681.2739 10443.679 22229.535 -3.8160822 -0.52454797 1.0502782
60871 48873.0 3069.1981 10200.059000000001 22620.345 -3.8575917 -0.63510956 0.81002512
60871 49293.0 1443.3251 9910.587 22909.447 -3.8817591000000005 -0.74281357 0.56613548
60871 49713.0 -189.03619 9576.563900000001 23095.543 -3.8884767000000005 -0.8471763200000001 0.31970528000000004
60871 50133.0 -1820.5479 9199.492300000002 23177.799 -3.8777149 -0.9477291400000001 0.071841762
60871 50553.0 -3443.8761 8781.0681 23155.845 -3.8495226 -1.0440205 -0.1763415
60871 50973.0 -5051.723900000001 8323.1723 23029.783 -3.8040267 -1.135618 -0.42372954
60871 51393.0 -6636.8643 7827.8638 22800.18 -3.7414319000000003 -1.2221104 -0.66921101
60871 51813.0 -8192.172 7297.3689 22468.067 -3.6620196000000003 -1.3031091 -0.9116831100000001
60871 52233.0 -9710.6559 6734.0723 22034.94 -3.5661462999999998 -1.3782504 -1.1500565
60871 52653.0 -11185.49 6140.506 21502.744 -3.4542427 -1.4471967 -1.3832602999999999
60871 53073.0 -12610.046 5519.3379 20873.872 -3.3268112999999997 -1.5096383000000002 -1.6102465
60871 53493.0 -13977.918 4873.3599 20151.15 -3.1844242 -1.5652945 -1.8299953
60871 53913.0 -15282.957 4205.4756 19337.827 -3.0277209 -1.6139151 -2.0415189000000002
60871 54333.0 -16519.297 3518.687 18437.559 -2.8574050000000004 -1.6552815 -2.2438665
60871 54753.0 -17681.379 2816.081 17454.392 -2.6742414 -1.6892076 -2.4361284000000003
60871 55173.0 -18763.976 2100.8158 16392.744 -2.4790529 -1.7155406 -2.6174401
60871 55593.0 -19762.222 1376.1067 15257.389000000001 -2.2727162 -1.734162 -2.7869861
60871 56013.0 -20671.627 645.21126 14053.43 -2.0561585 -1.7449878 -2.9440037
60871 56433.0 -21488.100000000002 -88.58467 12786.28 -1.8303528 -1.7479689 -3.0877863000000003
60871 56853.0 -22207.97 -821.9822800000001 11461.634 -1.596314 -1.7430917 -3.2176869000000003
60871 57273.0 -22827.999 -1551.6843999999999 10085.448 -1.3550942000000001 -1.7303778 -3.3331208
60871 57693.0 -23345.396 -2274.4103 8663.9106 -1.1077778 -1.7098841 -3.4335682000000003
60871 58113.0 -23757.834 -2986.9106 7203.412700000001 -0.8554769400000001 -1.6817025 -3.5185768
60871 58533.0 -24063.457000000002 -3685.9817000000003 5710.5215 -0.59932612 -1.6459595999999999 -3.5877637
60871 58953.0 -24260.89 -4368.4804 4191.9502 -0.34047744 -1.6028158000000001 -3.6408172
60871 59373.0 -24349.244 -5031.3379 2654.5275 -0.080095162 -1.5524652 -3.6774982
60871 59793.0 -24328.119 -5671.5737 1105.1673 0.18064940999999998 -1.4951339000000001 -3.6976415000000005
60871 60213.0 -24197.612 -6286.3090999999995 -449.16294 0.44058328999999996 -1.43108 -3.7011561000000004
60871 60633.0 -23958.307 -6872.7799 -2001.4732 0.69853716 -1.3605914000000001 -3.688026
60871 61053.0 -23611.28 -7428.349200000001 -3544.7824 0.95335056 -1.2839852 -3.6583102
60871 61473.0 -23158.092 -7950.5190999999995 -5072.1502 1.2038772 -1.201606 -3.6121425
60871 61893.0 -22600.781 -8436.9419 -6576.7076 1.4489901 -1.1138245 -3.5497307
60871 62313.0 -21941.853 -8885.4306 -8051.6888 1.6875868 -1.0210356 -3.4713557
60871 62733.0 -21184.271 -9293.9691 -9490.4606 1.9185940000000001 -0.9236566500000001 -3.3773703
60871 63153.0 -20331.442 -9660.720800000001 -10886.553 2.140973 -0.82212576 -3.2681976
60871 63573.0 -19387.202 -9984.037300000002 -12233.689 2.3537238000000005 -0.71689963 -3.1443290000000004
60871 63993.0 -18355.796000000002 -10262.465 -13525.81 2.5558897000000003 -0.60845156 -3.0063220000000004
60871 64413.0 -17241.864 -10494.754 -14757.107 2.7465621000000002 -0.49726926 -2.8547976
60871 64833.0 -16050.414 -10679.859 -15922.043 2.9248838999999998 -0.38385271 -2.6904376
60871 65253.0 -14786.803 -10816.949 -17015.38 3.0900537 -0.26871186 -2.5139814
60871 65673.0 -13456.714 -10905.408 -18032.204 3.2413293 -0.15236435 -2.3262226
60871 66093.0 -12066.127 -10944.839 -18967.943 3.3780311000000003 -0.035333178 -2.1280058
60871 66513.0 -10621.294 -10935.065 -19818.39 3.4995450000000003 0.081855643 -1.9202221
60871 66933.0 -9128.7122 -10876.132 -20579.721 3.6053252000000002 0.19867545 -1.7038058
60871 67353.0 -7595.0908 -10768.303 -21248.514 3.6948966000000003 0.3146013 -1.4797297
60871 67773.0 -6027.325 -10612.065 -21821.762 3.7678569000000004 0.42911229 -1.249001
60871 68193.0 -4432.4629 -10408.119 -22296.889 3.8238783 0.54169391 -1.0126567
60871 68613.0 -2817.6742999999997 -10157.383 -22671.756 3.8627092 0.65184035 -0.7717589
60871 69033.0 -1190.2186000000002 -9860.9835 -22944.68 3.8841751 0.75905674 -0.52739006
60871 69453.0 442.58784 -9520.253 -23114.432 3.8881794000000003 0.86286136 -0.28064828999999997
60871 69873.0 2073.4046000000003 -9136.723 -23180.248 3.8747038 0.96278779 -0.032642318000000003
60871 70293.0 3694.8999 -8712.117199999999 -23141.83 3.8438086 1.058387 0.21551343
60871 70713.0 5299.784000000001 -8248.3439 -22999.352 3.7956319 1.1492294 0.46270379000000006
60871 71133.0 6880.841200000001 -7747.487700000001 -22753.45 3.7303898 1.2349067 0.70781788
60871 71553.0 8430.9629 -7211.7995 -22405.229 3.6483746999999997 1.3150336 0.94975401
60871 71973.0 9943.1789 -6643.687 -21956.254 3.5499544000000003 1.38925 1.1874247
60871 72393.0 11410.689 -6045.7038 -21408.54 3.4355704 1.4572219 1.4197613
60871 72813.0 12826.895 -5420.5378 -20764.548 3.3057361000000003 1.5186436 1.6457192
60871 73233.0 14185.426 -4770.9991 -20027.171000000002 3.1610340000000003 1.5732386 1.8642822000000001
60871 73653.0 15480.172 -4100.0077 -19199.724000000002 3.0021139 1.6207611 2.0744670000000003
60871 74073.0 16705.31 -3410.5785 -18285.920000000002 2.8296884 1.6609975 2.27533
60871 74493.0 17855.331000000002 -2705.8152999999998 -17289.88 2.6445329 1.6937652 2.4659633
60871 74913.0 18925.055 -1988.8832 -16216.068000000001 2.4474804 1.7189173000000002 2.6455107
60871 75333.0 19909.672 -1263.007 -15069.316 2.2394154 1.7363400999999998 2.8131638
60871 75753.0 20804.753 -531.45088 -13854.781 2.0212733000000003 1.7459547 2.9681677
60871 76173.0 21606.268 202.49543 -12577.924 1.7940348 1.7477173000000001 3.1098241
60871 76593.0 22310.611 935.53108 -11244.487000000001 1.558722 1.7416198 3.2374948
60871 77013.0 22914.612 1664.3592 -9860.4676 1.3163932999999999 1.727689 3.3506045
60871 77433.0 23415.552 2385.7018 -8432.0899 1.0681391000000002 1.7059875 3.4486433
60871 77853.0 23811.176 3096.3143 -6965.7793 0.81507639 1.6766125 3.5311695
60871 78273.0 24099.702 3793.0002999999997 -5468.1317 0.5583442700000001 1.6396960999999999 3.597811
60871 78693.0 24279.833 4472.6263 -3945.8842999999997 0.29909828 1.5954042 3.6482674000000004
60871 79113.0 24350.756 5132.1350999999995 -2405.8852 0.038505448000000005 1.5439362 3.6823111
60871 79533.0 24312.153000000002 5768.5603 -855.06258 -0.22226107 1.4855236 3.6997889
60871 79953.0 24164.197 6379.039400000001 699.60679 -0.48202732 1.4204295 3.7006219000000002
60871 80373.0 23907.554 6960.826599999999 2251.1287 -0.73962386 1.348947 3.6848067
60871 80793.0 23543.379 7511.3054 3792.5233 -0.99389105 1.2713979 3.6524146
60871 81213.0 23073.312 8028.0003 5316.856400000001 -1.2436844 1.1881316 3.6035920000000004
60871 81633.0 22499.468 8508.5879 6817.2708 -1.4878795 1.0995229 3.5385592000000003
60871 82053.0 21824.431 8950.9074 8287.0175 -1.7253776 1.005971 3.4576097
60871 82473.0 21051.238 9352.9704 9719.485400000001 -1.95511 0.90789719 3.3611085
60871 82893.0 20183.371 9712.9697 11108.232 -2.1760433 0.80574298 3.2494909
60871 83313.0 19224.733 10029.288 12447.012 -2.3871838 0.6999683 3.1232601
60871 83733.0 18179.64 10300.503 13729.804 -2.5875822 0.59104928 2.9829851
60871 84153.0 17052.794 10525.397 14950.841 -2.7763378 0.47947609999999996 2.8292979999999996
60871 84573.0 15849.266 10702.961 16104.633 -2.9526023 0.36575081 2.6628911
60871 84993.0 14574.468 10832.398000000001 17185.994 -3.1155839999999997 0.25038499 2.4845139
60871 85413.0 13234.137 10913.128 18190.061 -3.2645508 0.13389753 2.2949696
60871 85833.0 11834.302 10944.788 19112.324 -3.3988341 0.016812258 2.0951112
60871 86253.0 10381.257 10927.24 19948.637 -3.5178313 -0.10034446 1.8858382
60872 273.0 8881.5385 10860.563 20695.242000000002 -3.6210085 -0.21704603 1.6680921000000002
60872 693.0 7341.8899 10745.058 21348.785 -3.7079032 -0.33276799999999995 1.4428522000000001
60872 1113.0 5769.2343 10581.248 21906.33 -3.7781257999999998 -0.44699042 1.2111313000000001
60872 1533.0 4170.6427 10369.868 22365.373 -3.8313620000000004 -0.55920017 0.9739711999999999
60872 1953.0 2553.3021000000003 10111.872 22723.853 -3.8673733 -0.66889323 0.73243789
60872 2373.0 924.48346 9808.4194 22980.161 -3.8859989 -0.77557695 0.48761685
60872 2793.0 -708.49102 9460.875699999999 23133.145 -3.8871558 -0.87877224 0.24060818
60872 3213.0 -2338.2808 9070.8041 23182.121 -3.8708395 -0.9780156799999999 -0.0074783266
60872 3633.0 -3957.5599 8639.9583 23126.869 -3.8371237000000002 -1.0728616 -0.25552809
60872 4053.0 -5559.0497000000005 8170.2757 22967.638 -3.7861602 -1.1628842 -0.50242679
60872 4473.0 -7135.5515000000005 7663.8676 22705.147 -3.7181782 -1.2476791 -0.74706525
60872 4893.0 -8679.9792 7123.0105 22340.574 -3.6334832 -1.3268655 -0.98834448
60872 5313.0 -10185.391 6550.1356 21875.559 -3.5324556 -1.4000878 -1.2251805
60872 5733.0 -11645.019 5947.817900000001 21312.193 -3.415549 -1.467017 -1.4565092
60872 6153.0 -13052.302 5318.7645999999995 20653.008 -3.2832885000000003 -1.5273524 -1.6812913
60872 6573.0 -14400.914 4665.8031 19900.967 -3.1362679 -1.5808228 -1.8985165
60872 6993.0 -15684.793 3991.8683 19059.449 -2.9751475000000003 -1.6271878 -2.1072085
60872 7413.0 -16898.165 3299.9894 18132.238 -2.8006507000000003 -1.666239 -2.3064292
60872 7833.0 -18035.576 2593.2763 17123.5 -2.6135614 -1.6978005 -2.4952829000000003
60872 8253.0 -19091.911 1874.9056 16037.771 -2.4147198 -1.7217304 -2.6729204
60872 8673.0 -20062.420000000002 1148.1065 14879.93 -2.2050192 -1.7379206999999999 -2.8385426000000002
60872 9093.0 -20942.739 416.14613 13655.182 -1.9854019 -1.7462984 -2.9914045000000002
60872 9513.0 -21728.907 -317.68495 12369.033 -1.7568548000000002 -1.7468256 -3.1308182
60872 9933.0 -22417.39 -1050.0877 11027.265 -1.5204051 -1.7394995 -3.2561564
60872 10353.0 -23005.09 -1777.7695 9635.911300000002 -1.2771157000000002 -1.7243529000000002 -3.3668546999999998
60872 10773.0 -23489.363 -2497.4587 8201.2269 -1.0280804000000001 -1.7014536 -3.4624147
60872 11193.0 -23868.03 -3205.9193999999998 6729.6629 -0.77441903 -1.6709043 -3.5424061000000004
60872 11613.0 -24139.387 -3899.9663 5227.8360999999995 -0.5172723600000001 -1.6328422 -3.6064687
60872 12033.0 -24302.213 -4576.4788 3702.5 -0.25779693 -1.5874383 -3.6543137000000003
60872 12453.0 -24355.774 -5232.4151 2160.5136 0.0028401567999999998 -1.5348966000000002 -3.6857255
60872 12873.0 -24299.828 -5864.8256 608.8114 0.26346643999999997 -1.4754535000000002 -3.7005625
60872 13293.0 -24134.627 -6470.867 -945.62868 0.5229095 -1.4093761 -3.6987578
60872 13713.0 -23860.913 -7047.8143 -2495.8161 0.78000221 -1.3369619000000001 -3.6803194
60872 14133.0 -23479.917 -7593.0733 -4034.7795 1.033588 -1.2585363 -3.6453301000000002
60872 14553.0 -22993.350000000002 -8104.1925 -5555.598 1.2825261000000001 -1.1744523999999998 -3.5939474000000002
60872 14973.0 -22403.402000000002 -8578.874 -7051.4323 1.5256968 -1.0850883 -3.5264026
60872 15393.0 -21712.726 -9014.9836 -8515.555699999999 1.7620063000000001 -0.99084602 -3.4429997
60872 15813.0 -20924.426 -9410.5609 -9941.3841 1.9903919 -0.8921496200000001 -3.3441142
60872 16233.0 -20042.05 -9763.827800000001 -11322.506 2.2098263 -0.78944303 -3.2301912
60872 16653.0 -19069.564000000002 -10073.196 -12652.711000000001 2.4193231 -0.68318822 -3.1017435
60872 17073.0 -18011.342 -10337.276 -13926.018 2.6179403000000003 -0.57386308 -2.9593491
60872 17493.0 -16872.142 -10554.880000000001 -15136.701000000001 2.8047851 -0.46195927999999997 -2.8036487
60872 17913.0 -15657.088 -10725.031 -16279.318000000001 2.9790178000000003 -0.34797998 -2.6353428
60872 18333.0 -14371.643 -10846.965 -17348.73 3.1398554 -0.23243765 -2.4551887000000003
60872 18753.0 -13021.586000000001 -10920.133 -18340.131 3.2865753 -0.11585169000000001 -2.2639964
60872 19173.0 -11612.989 -10944.207 -19249.062 3.4185182 0.0012538415999999999 -2.0626259
60872 19593.0 -10152.183 -10919.08 -20071.438000000002 3.5350915 0.11835263000000001 -1.8519825
60872 20013.0 -8645.7373 -10844.866 -20803.561 3.6357716 0.23491846000000002 -1.6330133
60872 20433.0 -7100.4238 -10721.897 -21442.141 3.7201062 0.35042752000000005 -1.4067024
60872 20853.0 -5523.1898 -10550.727 -21984.306 3.7877167 0.46436082 -1.174067
60872 21273.0 -3921.126 -10332.126 -22427.618000000002 3.8382992 0.57620645 -0.93615273
60872 21693.0 -2301.4346 -10067.076000000001 -22770.085 3.8716265 0.68546192 -0.69402858
60872 22113.0 -671.3968199999999 -9756.769400000001 -23010.165 3.8875488000000002 0.79163636 -0.44878259000000004
60872 22533.0 961.65932 -9402.6 -23146.779000000002 3.8859943 0.89425272 -0.20151676000000002
60872 22953.0 2590.3922000000002 -9006.1599 -23179.312 3.8669697000000003 0.99284992 0.046657838
60872 23373.0 4207.4796 -8569.2309 -23107.616 3.83056 1.0869849 0.294626
60872 23793.0 5805.6512 -8093.7767 -22932.011000000002 3.7769283000000002 1.1762346000000001 0.5412734100000001
60872 24213.0 7377.7216 -7581.9340999999995 -22653.286 3.7063148999999997 1.2601978 0.7854915600000001
60872 24633.0 8916.6223 -7036.0036 -22272.692 3.6190365000000004 1.338497 1.0261828000000002
60872 25053.0 10415.434000000001 -6458.439 -21791.938000000002 3.5154844 1.4107801 1.2622650000000002
60872 25473.0 11867.416000000001 -5851.8363 -21213.183 3.3961232 1.4767219 1.4926769
60872 25893.0 13266.038 -5218.9220000000005 -20539.028000000002 3.2614885 1.5360258 1.7163822
60872 26313.0 14605.012 -4562.5414 -19772.502 3.1121846 1.5884248 1.9323749000000001
60872 26733.0 15878.314 -3885.6452999999997 -18917.05 2.9488818 1.6336827 2.1396831
60872 27153.0 17080.21 -3191.2746 -17976.508 2.7723154 1.6715963999999999 2.3373743
60872 27573.0 18205.307 -2482.5553 -16955.12 2.5832746 1.7019938 2.5245585
60872 27993.0 19248.534 -1762.6717 -15857.469000000001 2.3826111 1.7247382 2.7003928999999998
60872 28413.0 20205.199 -1034.8612 -14688.49 2.1712267 1.7397268 2.864086
60872 28833.0 21070.997 -302.39665 -13453.44 1.9500716 1.7468919 3.0149004
60872 29253.0 21842.03 431.42792 -12157.873 1.7201402000000001 1.7462005999999999 3.1521567
60872 29673.0 22514.83 1163.3122 -10807.614 1.4824667999999999 1.7376557000000001 3.2752364
60872 30093.0 23086.368000000002 1889.9643999999998 -9408.7366 1.2381206 1.7212954 3.3835851
60872 30513.0 23554.071 2608.1162000000004 -7967.5333 0.988201 1.6971928 3.4767141
60872 30933.0 23915.834 3314.5375 -6490.4866 0.7338327000000001 1.6654563 3.5542039
60872 31353.0 24170.028000000002 4006.0506 -4984.2408 0.47616059000000005 1.6262284 3.615705
60872 31773.0 24315.509000000002 4679.545099999999 -3455.5719 0.21634457 1.5796857 3.6609402
60872 32193.0 24351.621 5331.991599999999 -1911.3571000000002 -0.044445736 1.5260373999999999 3.6897057
60872 32613.0 24278.202 5960.455400000001 -358.54341 -0.30503627 1.4655252 3.7018717000000003
60872 33033.0 24095.583 6562.1099 1195.8832 -0.5642538500000001 1.3984215 3.6973836
60872 33453.0 23804.585 7134.2489000000005 2744.9298 -0.82093151 1.3250283999999999 3.6762618000000002
60872 33873.0 23406.518 7674.2993 4281.6274 -1.0739138000000001 1.2456765 3.6386017
60872 34293.0 22903.174 8179.8328 5799.0632000000005 -1.3220619 1.1607231 3.5845733
60872 34713.0 22296.819 8648.576000000001 7290.4112000000005 -1.5642591000000001 1.0705508 3.5144205000000004
60872 35133.0 21590.182 9078.4216 8748.963 -1.7994154000000002 0.97556584 3.4284597
60872 35553.0 20786.444 9467.437300000001 10168.158 -2.0264729 0.8761958 3.3270787
60872 35973.0 19889.222 9813.8747 11541.614 -2.2444102 0.7728881300000001 3.2107348000000004
60872 36393.0 18902.554 10116.177 12863.154 -2.4522473000000002 0.6661079200000001 3.0799523
60872 36813.0 17830.88 10372.986 14126.835000000001 -2.6490497 0.5563357800000001 2.9353207
60872 37233.0 16679.021 10583.149 15326.975 -2.8339328999999998 0.44406574000000004 2.7774918
60872 37653.0 15452.161 10745.723 16458.179 -3.0060662000000002 0.32980291 2.6071763999999997
60872 38073.0 14155.819 10859.977 17515.362 -3.1646764 0.21406129000000002 2.4251416
60872 38493.0 12795.826000000001 10925.4 18493.772 -3.3090514 0.097361428 2.2322069
60872 38913.0 11378.300000000001 10941.7 19389.012 -3.438543 -0.01977195 2.0292408
60872 39333.0 9909.6155 10908.804 20197.058 -3.5525702000000003 -0.13681227999999998 1.8171564
60872 39753.0 8396.3778 10826.864 20914.28 -3.6506217000000003 -0.25323353 1.5969077999999999
60872 40173.0 6845.3917 10696.248 21537.456000000002 -3.7322577999999997 -0.36851253000000006 1.3694857
60872 40593.0 5263.631 10517.546 22063.786 -3.7971127 -0.48213137 1.1359124999999999
60872 41013.0 3658.2074 10291.562 22490.908 -3.8448961 -0.59357965 0.89723822
60872 41433.0 2036.3386 10019.313 22816.903000000002 -3.8753941 -0.7023568 0.65453571
60872 41853.0 405.31576 9702.0245 23040.307 -3.8884706 -0.8079743 0.4088956
60872 42273.0 -1227.5292 9341.1235 23160.118000000002 -3.8840675 -0.9099578500000001 0.16142163
60872 42693.0 -2854.8563 8938.2329 23175.8 -3.8622052 -1.0078495 -0.086774316
60872 43113.0 -4469.3507 8495.1644 23087.283 -3.8229824 -1.1012097 -0.33457722
60872 43533.0 -6063.755400000001 8013.91 22894.966 -3.7665755 -1.1896190999999998 -0.5808738600000001
60872 43953.0 -7630.9035 7496.6331 22599.714 -3.6932381999999997 -1.2726809000000001 -0.82455779
60872 44373.0 -9163.751 6945.6591 22202.856 -3.6032999 -1.3500218 -1.0645343
60872 44793.0 -10655.407000000001 6363.4645 21706.176 -3.4971645 -1.4212946 -1.2997252000000001
60872 45213.0 -12099.168 5752.6660999999995 21111.905 -3.3753088 -1.4861790000000001 -1.5290739000000002
60872 45633.0 -13488.542 5116.009400000001 20422.716 -3.2382799 -1.5443835 -1.7515497
60872 46053.0 -14817.285 4456.3559000000005 19641.706000000002 -3.0866931 -1.5956465000000002 -1.9661528000000001
60872 46473.0 -16079.421 3776.6706000000004 18772.385000000002 -2.9212291 -1.6397374 -2.1719187000000004
60872 46893.0 -17269.278000000002 3080.0085 17818.661 -2.742631 -1.6764580000000002 -2.3679224
60872 47313.0 -18381.505 2369.501 16784.821 -2.551701 -1.705643 -2.5532825
60872 47733.0 -19411.100000000002 1648.3419 15675.511 -2.3492967 -1.7271610000000002 -2.7271655
60872 48153.0 -20353.435 919.77291 14495.718 -2.1363274999999997 -1.740915 -2.8887893
60872 48573.0 -21204.27 187.06915 13250.746000000001 -1.9137503 -1.7468429 -3.0374267
60872 48993.0 -21959.78 -546.47551 11946.192000000001 -1.6825653 -1.7449177 -3.1724088000000004
60872 49413.0 -22616.565 -1277.5633 10587.92 -1.4438118 -1.7351478 -3.2931282000000004
60872 49833.0 -23171.672000000002 -2002.9074 9182.037199999999 -1.198563 -1.7175769 -3.3990413
60872 50253.0 -23622.603 -2719.2466 7734.865 -0.94792161 -1.6922837 -3.4896713
60872 50673.0 -23967.329 -3423.3602 6252.910400000001 -0.69301465 -1.6593817 -3.56461
60872 51093.0 -24204.299 -4112.0825 4742.837 -0.43498852 -1.6190186000000002 -3.6235198
60872 51513.0 -24332.445 -4782.3166 3211.4353 -0.17500375 -1.571376 -3.6661353
60872 51933.0 -24351.191 -5431.049 1665.5918000000001 0.085770242 -1.5166678999999998 -3.6922645000000003
60872 52353.0 -24260.452 -6055.362700000001 112.25809 0.34616038 -1.4551402 -3.7017895
60872 52773.0 -24060.634000000002 -6652.4507 -1441.5803999999998 0.60499532 -1.3870698 -3.6946673000000003
60872 53193.0 -23752.636000000002 -7219.6281 -2988.936 0.86111068 -1.3127628 -3.6709298
60872 53613.0 -23337.843 -7754.345 -4522.8499 1.1133543 -1.2325534 -3.6306838
60872 54033.0 -22818.12 -8254.197 -6036.4242 1.3605915 -1.1468025 -3.5741104
60872 54453.0 -22195.803 -8716.9371 -7522.8521 1.6017103 -1.0558958 -3.5014642
60872 54873.0 -21473.692 -9140.484900000001 -8975.4493 1.835626 -0.96024229 -3.4130723
60872 55293.0 -20655.033 -9522.9362 -10387.684000000001 2.0612868 -0.86027229 -3.3093325
60872 55713.0 -19743.509000000002 -9862.5721 -11753.205 2.2776779 -0.7564354600000001 -3.1907118000000003
60872 56133.0 -18743.218 -10157.866 -13065.873 2.4838262 -0.64919885 -3.057744
60872 56553.0 -17658.659 -10407.491 -14319.785 2.6788051999999998 -0.53904474 -2.9110275000000003
60872 56973.0 -16494.708 -10610.324 -15509.303 2.8617383 -0.42646849 -2.7512224
60872 57393.0 -15256.6 -10765.456 -16629.08 3.0318034 -0.31197629 -2.5790477000000003
60872 57813.0 -13949.902 -10872.188 -17674.08 3.1882363000000002 -0.19608287000000002 -2.3952777999999997
60872 58233.0 -12580.489 -10930.042 -18639.605 3.3303341 -0.07930920600000001 -2.2007392
60872 58653.0 -11154.518 -10938.758 -19521.315 3.4574585000000004 0.037819833000000004 -1.9963067
60872 59073.0 -9678.4005 -10898.298 -20315.246 3.5690383000000003 0.15477784 -1.7828994
60872 59493.0 -8158.7727 -10808.842 -21017.828 3.6645725000000002 0.27103922999999996 -1.5614767
60872 59913.0 -6602.4664 -10670.795 -21625.904 3.7436320000000003 0.38608159000000003 -1.3330338
60872 60333.0 -5016.478400000001 -10484.777 -22136.738 3.8058615000000002 0.49938801 -1.0985975000000001
60872 60753.0 -3407.9384 -10251.624 -22548.034 3.8509816000000003 0.61044942 -0.85922125
60872 61173.0 -1784.0779 -9972.3837 -22857.942 3.8787895 0.71876684 -0.61598081
60872 61593.0 -152.19685 -9648.3119 -23065.07 3.8891601000000002 0.8238536000000001 -0.36996916
60872 62013.0 1480.3683999999998 -9280.865099999999 -23168.483 3.8820465 0.92523754 -0.12229174000000001
60872 62433.0 3106.2785 -8871.6947 -23167.717 3.8574804 1.0224631000000002 0.12593852
60872 62853.0 4718.223599999999 -8422.6396 -23062.774 3.8155716 1.1150933 0.37360613000000004
60872 63273.0 6308.9565999999995 -7935.718 -22854.123 3.7565079999999997 1.202712 0.6195981
60872 63693.0 7871.3253 -7413.1184 -22542.701 3.6805540999999997 1.2849251 0.86280884
60872 64113.0 9398.304800000002 -6857.1896 -22129.906 3.5880506000000003 1.361363 1.1021451
60872 64533.0 10883.029 -6270.4303 -21617.592 3.4794125 1.4316820000000001 1.336531
60872 64953.0 12318.82 -5655.4778 -21008.06 3.355127 1.4955656 1.5649126000000002
60872 65373.0 13699.222 -5015.0965 -20304.05 3.2157519000000003 1.5527265000000001 1.7862628999999999
60872 65793.0 15018.027 -4352.165 -19508.724000000002 3.0619129 1.6029072000000002 1.9995861
60872 66213.0 16269.302 -3669.6634 -18625.657 2.8943002 1.6458817 2.2039229000000002
60872 66633.0 17447.417 -2970.6605 -17658.817 2.7136679 1.6814564 2.3983527
60872 67053.0 18547.074 -2258.2989 -16612.551 2.5208264 1.7094707 2.5820014000000002
60872 67473.0 19563.323 -1535.7815 -15491.561 2.3166426 1.7297983 2.7540418
60872 67893.0 20491.594 -806.35751 -14300.889000000001 2.1020342999999997 1.7423472 2.9136992
60872 68313.0 21327.708 -73.307019 -13045.889000000001 1.8779662000000001 1.7470606 3.0602544
60872 68733.0 22067.902000000002 660.07319 -11732.203 1.6454461 1.7439167 3.1930472
60872 69153.0 22708.845 1390.4847 -10365.74 1.4055198 1.7329293000000001 3.3114792000000004
60872 69573.0 23247.653000000002 2114.6425 -8952.6457 1.1592668000000002 1.7141476 3.4150166
60872 69993.0 23681.899 2829.2891 -7499.2767 0.90779508 1.6876557 3.5031927
60872 70413.0 24009.628 3531.2102999999997 -6012.170400000001 0.6522364900000001 1.6535726 3.57561
60872 70833.0 24229.366 4217.2487 -4498.0166 0.3937413 1.6120516 3.6319421000000003
60872 71253.0 24340.123 4884.3183 -2963.6268999999998 0.13347315 1.5632793999999999 3.671935
60872 71673.0 24341.399 5529.4187 -1415.9042 -0.12739626 1.5074755 3.6954084
60872 72093.0 24233.19 6149.6483 138.18831 -0.38769249000000006 1.4448911 3.7022566
60872 72513.0 24015.982 6742.2173 1691.6591 -0.64624366 1.3758081 3.6924489
60872 72933.0 23690.753 7304.4607000000005 3237.5194 -0.90188579 1.3005375 3.6660296
60872 73353.0 23258.966 7833.8499 4768.8147 -1.1534681 1.2194183 3.623118
60872 73773.0 22722.567 8328.0044 6278.656400000001 -1.3998582 1.1328159 3.563908
60872 74193.0 22083.968 8784.7022 7760.2527 -1.6399471 1.0411203 3.4886666
60872 74613.0 21346.045000000002 9201.8901 9206.9391 -1.8726545 0.9447444500000001 3.3977333
60872 75033.0 20512.118000000002 9577.6929 10612.209 -2.0969336 0.8441223 3.2915183000000003
60872 75453.0 19585.942 9910.421699999999 11969.742 -2.3117755000000004 0.73970691 3.1705005
60872 75873.0 18571.684 10198.581 13273.433 -2.5162141 0.6319683199999999 3.0352255
60872 76293.0 17473.907 10440.878 14517.42 -2.7093304 0.5213914700000001 2.8863029
60872 76713.0 16297.553 10636.222 15696.11 -2.8902565 0.40847395000000003 2.7244037
60872 77133.0 15047.913 10783.739 16804.205 -3.0581795 0.29372378 2.5502571
60872 77553.0 13730.608 10882.766 17836.721 -3.2123453 0.1776571 2.3646474
60872 77973.0 12351.566 10932.86 18789.02 -3.3520617 0.060795915 2.1684101
60872 78393.0 10916.988 10933.797 19656.821 -3.4767015999999997 -0.056334376 1.9624285000000001
60872 78813.0 9433.3257 10885.575 20436.226 -3.5857059000000002 -0.17320724999999998 1.7476292000000002
60872 79233.0 7907.2524 10788.413 21123.731 -3.6785857 -0.28929745 1.5249785
60872 79653.0 6345.6298 10642.748 21716.248 -3.7549247 -0.40408334 1.2954777
60872 80073.0 4755.4795 10449.237000000001 22211.117000000002 -3.814381 -0.51704923 1.0601586
60872 80493.0 3143.9509 10208.752 22606.115 -3.8566883 -0.62768769 0.8200790600000001
60872 80913.0 1518.289 9922.375199999999 22899.468 -3.8816574999999998 -0.73550179 0.5763180999999999
60872 81333.0 -114.19806 9591.3941 23089.86 -3.8891772000000002 -0.84000736 0.32997111
60872 81753.0 -1746.1719 9217.298 23176.437 -3.8792143 -0.9407351 0.082144954
60872 82173.0 -3370.2965 8801.768900000001 23158.811 -3.8518141999999997 -1.0372327000000001 -0.16604693
60872 82593.0 -4979.2715 8346.6755 23037.062 -3.8071002 -1.1290669 -0.41348955000000004
60872 83013.0 -6565.8646 7854.0635 22811.74 -3.7452737000000003 -1.2158252 -0.6590713100000001
60872 83433.0 -8122.9441 7326.147599999999 22483.857 -3.6666124 -1.297118 -0.90168897
60872 83853.0 -9643.511199999999 6765.3008 22054.889 -3.5714698 -1.3725803 -1.1402526
60872 84273.0 -11120.731 6174.044 21526.763 -3.4602730999999998 -1.4418731 -1.3736904
60872 84693.0 -12547.963 5555.0348 20901.854 -3.3335217 -1.504685 -1.6009534
60872 85113.0 -13918.791000000001 4911.0555 20182.97 -3.1917849 -1.5607338 -1.8210206
60872 85533.0 -15227.053 4245.000599999999 19373.342 -3.035699 -1.6097675999999999 -2.0329027
60872 85953.0 -16466.867000000002 3559.8639 18476.611 -2.8659649 -1.6515658000000002 -2.2356475999999996
60872 86373.0 -17632.659 2858.7248 17496.805 -2.6833451 -1.6859405 -2.4283436000000003
60873 393.0 -18719.187 2144.735 16438.33 -2.4886597999999998 -1.7127367999999998 -2.6101243
60873 813.0 -19721.566 1421.1038999999998 15305.944 -2.2827834 -1.7318343 -2.7801723000000003
60873 1233.0 -20635.288 691.0843000000001 14104.736 -2.0666411 -1.7431466 -2.9377225
60873 1653.0 -21456.243000000002 -42.042021 12840.106 -1.841204 -1.7466226999999999 -3.0820661
60873 2073.0 -22180.74 -774.9793000000001 11517.74 -1.6074853 -1.7422467 -3.2125536
60873 2493.0 -22805.518 -1504.4325000000001 10143.583 -1.3665356 -1.7300379000000001 -3.3285976
60873 2913.0 -23327.769 -2227.122 8723.813800000002 -1.1194381 -1.710051 -3.4296758
60873 3333.0 -23745.141 -2939.7988 7264.8151 -0.86730392 -1.6823756 -3.5153328000000004
60873 3753.0 -24055.758 -3639.2584 5773.147599999999 -0.61126676 -1.6471359 -3.5851830000000002
60873 4173.0 -24258.22 -4322.3559000000005 4255.5187000000005 -0.35247816 -1.6044903 -3.6389117
60873 4593.0 -24351.617000000002 -4986.0201 2718.753 -0.092102087 -1.5546304 -3.6762768
60873 5013.0 -24335.528000000002 -5627.2667 1169.761 0.16869024 -1.4977802999999998 -3.6971099
60873 5433.0 -24210.023 -6243.212500000001 -384.49132000000003 0.42872566 -1.4341957 -3.701317
60873 5853.0 -23975.668 -6831.0881 -1937.0146000000002 0.6868344200000001 -1.3641625 -3.688879
60873 6273.0 -23633.515 -7388.2502 -3480.8269 0.9418554100000001 -1.2879958999999999 -3.6598517999999998
60873 6693.0 -23185.102 -7912.1938 -5008.9856 1.1926414 -1.2060383 -3.6143661000000002
60873 7113.0 -22632.447 -8400.563199999999 -6514.6185000000005 1.4380644 -1.1186585 -3.5526264000000003
60873 7533.0 -21978.034 -8851.162699999999 -7990.9548 1.6770204000000002 -1.0262494999999998 -3.4749108
60873 7953.0 -21224.806 -9261.9668 -9431.355599999999 1.9084348 -0.9292272100000001 -3.3815691
60873 8373.0 -20376.15 -9631.1287 -10829.344000000001 2.1312667000000003 -0.82802792 -3.2730214
60873 8793.0 -19435.884000000002 -9956.9891 -12178.633 2.3445142999999997 -0.72310686 -3.1497563
60873 9213.0 -18408.234 -10238.083 -13473.156 2.5472188 -0.61493594 -3.0123285
60873 9633.0 -17297.824 -10473.148000000001 -14707.092 2.7384690000000003 -0.50400163 -2.8613564
60873 10053.0 -16109.645 -10661.128 -15874.894 2.9174053 -0.39080275999999997 -2.6975193
60873 10473.0 -14849.04 -10801.177 -16971.31 3.0832234 -0.2758483 -2.5215543
60873 10893.0 -13521.678 -10892.667 -17991.412 3.2351783999999997 -0.15965503 -2.3342525999999997
60873 11313.0 -12133.527 -10935.187 -18930.613 3.3725875000000003 -0.042745248 -2.1364568
60873 11733.0 -10690.828 -10928.546 -19784.691 3.4948335000000004 0.074355593 -1.9290561000000002
60873 12153.0 -9200.0667 -10872.775 -20549.806 3.6013672000000003 0.19112124 -1.712983
60873 12573.0 -7667.9462 -10768.125 -21222.518 3.6917102 0.30702699 -1.4892088
60873 12993.0 -6101.354 -10615.066 -21799.804 3.7654566000000003 0.42155203999999996 -1.2587391
60873 13413.0 -4507.3329 -10414.286 -22279.067 3.8222750999999997 0.53418184 -1.02261
60873 13833.0 -2893.0489 -10166.689 -22658.152000000002 3.8619106000000003 0.64441036 -0.7818823
60873 14253.0 -1265.759 -9873.3872 -22935.356 3.8841848 0.75174235 -0.5376379
60873 14673.0 367.22136 -9535.698699999999 -23109.429 3.8889975 0.85569558 -0.29097427
60873 15093.0 1998.5509 -9155.1414 -23179.59 3.8763267000000003 0.9558029800000001 -0.042999758
60873 15513.0 3620.8957000000005 -8733.4257 -23145.522 3.8462289999999997 1.0516147 0.20517136
60873 15933.0 5226.962 -8272.4468 -23007.375 3.7988391000000004 1.1427001 0.45242386
60873 16353.0 6809.5289 -7774.2767 -22765.77 3.7343692 1.2286499 0.69764658
60873 16773.0 8361.481 -7241.1541 -22421.79 3.6531084000000003 1.3090776000000002 0.93973735
60873 17193.0 9875.8399 -6675.4754 -21976.981 3.5554211000000002 1.3836215 1.1776079
60873 17613.0 11345.796 -6079.7829 -21433.34 3.4417454 1.4519464 1.4101889
60873 18033.0 12764.739 -5456.7543 -20793.31 3.3125914 1.5137448 1.6364344000000002
60873 18453.0 14126.287 -4809.1901 -20059.765 3.1685387 1.5687385999999999 1.8553269000000001
60873 18873.0 15424.316 -4140.0014 -19236.003 3.0102339000000002 1.6166801000000002 2.0658818
60873 19293.0 16652.987 -3452.1958 -18325.723 2.8383881 1.6573536 2.2671522
60873 19713.0 17806.774 -2748.8675 -17333.021 2.6537727 1.6905752 2.4582311
60873 20133.0 18880.485 -2033.1774 -16262.357 2.4572177 1.7161955 2.6382591000000004
60873 20553.0 19869.289 -1308.3438999999998 -15118.545 2.2496063 1.7340985 2.8064255
60873 20973.0 20768.736 -577.6265 -13906.727 2.0318716 1.7442034000000002 2.961973
60873 21393.0 21574.78 155.68867 -12632.352 1.8049926 1.7464643000000002 3.1042009
60873 21813.0 22283.793 888.3036500000001 -11301.153 1.5699898 1.7408704000000002 3.2324684
60873 22233.0 22892.582000000002 1616.9234 -9919.114599999999 1.3279202 1.7274466 3.3461973
60873 22653.0 23398.409 2338.2709 -8492.454300000001 1.079873 1.706253 3.4448753
60873 23073.0 23798.995 3049.1014 -7027.5891 0.82696439 1.6773847000000002 3.5280573
60873 23493.0 24092.537 3746.2176 -5531.1084 0.57033267 1.6409713 3.5953685
60873 23913.0 24277.715 4426.4838 -4009.7443 0.311133 1.5971767000000001 3.6465053
60873 24333.0 24353.693 5086.84 -2470.341 0.050532222 1.5461977999999998 3.6812373
60873 24753.0 24320.13 5724.3161 -919.8239000000001 -0.21029645 1.4882641 3.699408
60873 25173.0 24177.177 6336.0445 634.83131 -0.47017875 1.4236364000000001 3.7009353000000003
60873 25593.0 23925.476 6919.2741 2186.6304 -0.72794468 1.3526057 3.6858128000000003
60873 26013.0 23566.162 7471.3815 3728.5923 -0.98243381 1.2754919 3.6541086000000003
60873 26433.0 23100.851 7989.8841 5253.7799 -1.2325006 1.1926423 3.605966
60873 26853.0 22531.638 8472.4502 6755.3324 -1.4770193999999999 1.10443 3.5416022
60873 27273.0 21861.086 8916.9101 8226.495200000001 -1.7148899 1.0112524 3.4613077
60873 27693.0 21092.211 9321.2657 9660.651 -1.9450417 0.91352895 3.3654447000000003
60873 28113.0 20228.476 9683.6995 11051.349 -2.1664396000000004 0.8116997699999999 3.2544454999999997
60873 28533.0 19273.767 10002.583 12392.336000000001 -2.3780877 0.7062233 3.1288106
60873 28953.0 18232.381 10276.483 13677.58 -2.5790343 0.59757433 2.9891064000000003
60873 29373.0 17109.003 10504.169 14901.303 -2.7683763 0.48624187 2.8359622
60873 29793.0 15908.689 10684.62 16058.003 -2.9452628 0.3727269 2.6700683
60873 30213.0 14636.838 10817.026 17142.48 -3.108899 0.25754006 2.4921715
60873 30633.0 13299.172 10900.793 18149.859 -3.2585502 0.14119947 2.3030732
60873 31053.0 11901.708 10935.545 19075.612 -3.3935446000000002 0.024228295 2.1036243
60873 31473.0 10450.732 10921.130000000001 19915.58 -3.5132763000000002 -0.092847578 1.8947226000000001
60873 31893.0 8952.768300000002 10857.612000000001 20665.987 -3.6172082000000003 -0.20950191 1.6773078000000001
60873 32313.0 7414.5543 10745.28 21323.463 -3.7048744 -0.32521045 1.4523578
60873 32733.0 5843.0063 10584.641 21885.054 -3.775882 -0.43945331 1.2208843
60873 33153.0 4245.1905 10376.417 22348.238 -3.8299128000000002 -0.55171725 0.98392782
60873 33573.0 2628.2905 10121.546 22710.935 -3.8667252 -0.66149802 0.74255358
60873 33993.0 999.57533 9821.1751 22971.517 -3.8861546 -0.7683025699999999 0.49784633000000006
60873 34413.0 -633.63325 9476.6557 23128.813000000002 -3.8881145000000004 -0.87165126 0.25090569
60873 34833.0 -2263.9936000000002 9089.537 23182.12 -3.8725967000000003 -0.97108 0.0028411635
60873 35253.0 -3884.177 8661.5598 23131.199 -3.8396714000000003 -1.0661423 -0.24523277
60873 35673.0 -5486.900900000001 8194.6486 22976.279000000002 -3.7894871 -1.1564114 -0.49220164
60873 36093.0 -7064.9610999999995 7690.9022 22718.059 -3.7222693000000002 -1.2414817 -0.736956
60873 36513.0 -8611.2644 7152.5853 22357.7 -3.6383201 -1.3209714 -0.97839631
60873 36933.0 -10118.86 6582.1176 21896.822 -3.5380166 -1.3945234 -1.2154379
60873 37353.0 -11580.971 5982.063400000001 21337.497 -3.4218093 -1.4618072 -1.4470158
60873 37773.0 -12991.026 5355.1196 20682.24 -3.2902201 -1.5225206 -1.6720894000000002
60873 38193.0 -14342.685 4704.104200000001 19933.995 -3.1438399 -1.5763907 -1.8896473
60873 38613.0 -15629.873 4031.9435 19096.125 -2.9833259 -1.6231754 -2.0987118000000002
60873 39033.0 -16846.801 3341.6585 18172.398 -2.8093991000000003 -1.6626642 -2.2983431000000003
60873 39453.0 -17987.999 2636.352 17166.964 -2.6228406 -1.6946795 -2.4876435000000003
60873 39873.0 -19048.336 1919.1943 16084.343 -2.4244883 -1.7190772 -2.6657620000000004
60873 40293.0 -20023.043 1193.4091 14929.401 -2.2152335 -1.7357474 -2.8318974
60873 40713.0 -20907.737 462.25902 13707.331 -1.9960162000000001 -1.7446148000000001 -2.9853024
60873 41133.0 -21698.439000000002 -270.96915 12423.627 -1.7678216 -1.7456393000000001 -3.1252866
60873 41553.0 -22391.594 -1002.9791 11084.058 -1.5316754000000001 -1.7388160000000001 -3.2512201000000003
60873 41973.0 -22984.082000000002 -1730.48 9694.6484 -1.2886389999999999 -1.7241753000000002 -3.3625361
60873 42393.0 -23473.239 -2450.201 8261.6446 -1.0398052 -1.7017828 -3.4587334000000003
60873 42813.0 -23856.863 -3158.9062000000004 6791.4899000000005 -0.7862927700000001 -1.6717389 -3.5393788
60873 43233.0 -24133.229 -3853.4092 5290.7948 -0.5292418 -1.6341786 -3.6041091
60873 43653.0 -24301.093 -4530.5874 3766.3075 -0.26980837 -1.5892706 -3.6526326
60873 44073.0 -24359.698 -5187.3959 2224.8833 -0.0091593847 -1.5372166999999999 -3.6847307000000002
60873 44493.0 -24308.781 -5820.8816 673.4539000000001 0.25153269 -1.478251 -3.7002588000000003
60873 44913.0 -24148.569 -6428.196 -881.0040500000001 0.51109517 -1.4126386 -3.6991467
60873 45333.0 -23879.782 -7006.6086 -2431.5 0.76836041 -1.3406746 -3.6813993999999997
60873 45753.0 -23503.63 -7553.5187000000005 -3971.0614 1.0221711 -1.2626828 -3.6470965
60873 46173.0 -23021.802 -8066.4673 -5492.7645999999995 1.2713856000000001 -1.179014 -3.5963926
60873 46593.0 -22436.466 -8543.1483 -6989.7667 1.5148828 -1.0900446 -3.5295158
60873 47013.0 -21750.254 -8981.418599999999 -8455.335500000001 1.7515676000000002 -0.9961747900000001 -3.4467671
60873 47433.0 -20966.252 -9379.3081 -9882.8808 1.9803754 -0.89782688 -3.3485191
60873 47853.0 -20087.986 -9735.0281 -11265.983 2.2002774 -0.79544326 -3.2352139
60873 48273.0 -19119.405 -10046.98 -12598.424 2.4102848 -0.68948444 -3.1073615
60873 48693.0 -18064.864 -10313.761 -13874.211000000001 2.6094535000000003 -0.5804269799999999 -2.9655373
60873 49113.0 -16929.107 -10534.173 -15087.608 2.7968881000000003 -0.46876131 -2.8103793
60873 49533.0 -15717.239 -10707.226 -16233.16 2.9717464000000002 -0.35498953 -2.6425858
60873 49953.0 -14434.711000000001 -10832.141 -17305.716 3.1332424000000003 -0.23962316000000003 -2.4629113000000005
60873 50373.0 -13087.288 -10908.359 -18300.455 3.2806505 -0.12318083 -2.2721641
60873 50793.0 -11681.03 -10935.536 -19212.904 3.4133085000000003 -0.0061859142 -2.0712019
60873 51213.0 -10222.258 -10913.551 -20038.961 3.5306206 0.11083575999999999 -1.8609283
60873 51633.0 -8717.5312 -10842.504 -20774.912 3.6320596000000003 0.2273583 -1.6422885
60873 52053.0 -7173.6142 -10722.713 -21417.449 3.7171700999999997 0.34285812 -1.4162653
60873 52473.0 -5597.4481 -10554.719000000001 -21963.683 3.7855698 0.45681626999999997 -1.1838746000000002
60873 52893.0 -3996.1185 -10339.275 -22411.159 3.8369513000000004 0.5687207200000001 -0.9461608300000001
60873 53313.0 -2376.8242 -10077.351 -22757.863 3.8710838 0.67806872 -0.7041921
60873 53733.0 -746.84483 -9770.124099999999 -23002.237 3.8878138 0.78436897 -0.45905574000000005
60873 54153.0 886.49212 -9418.974900000001 -23143.18 3.887066 0.8871438700000001 -0.21185323
60873 54573.0 2515.8437999999996 -9025.4816 -23180.059 3.8688434000000003 0.9859316300000001 0.036304633
60873 54993.0 4133.8851 -8591.412699999999 -23112.707000000002 3.8332273 1.0802882999999999 0.28430275
60873 55413.0 5733.3416 -8118.7192000000005 -22941.424 3.7803773 1.1697899 0.53102666
60873 55833.0 7307.0221 -7609.5254 -22666.978 3.7105302000000004 1.254034 0.77536754
60873 56253.0 8847.850900000001 -7066.1198 -22290.602 3.6239991000000003 1.3326419 1.0162272
60873 56673.0 10348.9 -6490.9449 -21813.986 3.5211721 1.4052601 1.2525228
60873 57093.0 11803.418 -5886.5857000000005 -21239.271 3.4025105 1.4715619 1.483192
60873 57513.0 13204.866 -5255.759 -20569.038 3.2685466 1.531249 1.7071975
60873 57933.0 14546.939 -4601.3004 -19806.299 3.1198818000000004 1.5840527 1.9235319
60873 58353.0 15823.602 -3926.1519 -18954.482 2.9571833 1.6297352 2.1312217
60873 58773.0 17029.109 -3233.348 -18017.411 2.7811826 1.6680909 2.3293329
60873 59193.0 18158.042 -2526.0053 -16999.306 2.5926687999999998 1.6989462000000002 2.5169732
60873 59613.0 19205.318 -1807.3031 -15904.739 2.39249 1.7221624 2.6932981000000003
60873 60033.0 20166.226 -1080.4732 -14738.632 2.1815455999999998 1.7376344 2.8575136000000003
60873 60453.0 21036.441 -348.78431 -13506.227 1.9607838 1.7452923 3.0088801
60873 60873.0 21812.049 384.4732 -12213.067000000001 1.7311975 1.7451010000000002 3.1467158
60873 61293.0 22489.556 1116.0015 -10864.967 1.4938191 1.737061 3.2703995
60873 61713.0 23065.915 1842.5105 -9467.9911 1.2497166 1.7212081000000001 3.3793737999999998
60873 62133.0 23538.531 2560.7322999999997 -8028.4218 0.99998831 1.6976134 3.4731475
60873 62553.0 23905.275 3267.4365000000003 -6552.7348 0.7457580699999999 1.6663828 3.5512979000000002
60873 62973.0 24164.497 3959.4443 -5047.5685 0.48817014999999997 1.6276565 3.6134727
60873 63393.0 24315.03 4633.642900000001 -3519.6938999999998 0.22838407000000002 1.5816089 3.6593915000000004
60873 63813.0 24356.196 5286.9996 -1975.9848000000002 -0.032430648 1.528447 3.6888473
60873 64233.0 24287.809 5916.5757 -423.38594 -0.29309982 1.4684102 3.7017073999999996
60873 64653.0 24110.177 6519.539400000001 1131.1176 -0.55244987 1.4017688000000001 3.6979140000000004
60873 65073.0 23824.099000000002 7093.1787 2680.5324 -0.80931322 1.3288228 3.6774842
60873 65493.0 23430.864 7634.9138 4217.8877999999995 -1.0625335 1.2499007999999998 3.6405103
60873 65913.0 22932.241 8142.308400000001 5736.267900000001 -1.3109709 1.1653583 3.5871594
60873 66333.0 22330.474000000002 8613.0811 7228.8423 -1.5535072 1.075576 3.5176721
60873 66753.0 21628.274 9045.1152 8688.897 -1.789051 0.9809581399999999 3.4323620000000004
60873 67173.0 20828.799 9436.4685 10109.865 -2.0165425 0.8819309500000001 3.3316139
60873 67593.0 19935.649 9785.3822 11485.355 -2.2349584 0.7789402599999999 3.2158821
60873 68013.0 18952.842 10090.288 12809.181 -2.4433164 0.6724497300000001 3.0856882999999997
60873 68433.0 17884.802 10349.817000000001 14075.39 -2.6406798 0.56293872 2.9416195
60873 68853.0 16736.335 10562.803 15278.289 -2.8261614 0.45090007000000004 2.7843248
60873 69273.0 15512.607 10728.29 16412.47 -2.9989278 0.33683789000000003 2.6145127
60873 69693.0 14219.125 10845.535 17472.834 -3.1582029000000005 0.22126527999999998 2.432948
60873 70113.0 12861.706 10914.014000000001 18454.615 -3.3032717 0.10470204 2.2404483
60873 70533.0 11446.457 10933.42 19353.401 -3.4334828 -0.012327688 2.0378799
60873 70953.0 9979.7425 10903.667 20165.152000000002 -3.5482521 -0.1292978 1.8261543
60873 71373.0 8468.159300000001 10824.891 20886.222 -3.6470647 -0.24568256 1.6062241
60873 71793.0 6918.5045 10697.449 21513.37 -3.7294777 -0.36095897000000005 1.3790784
60873 72213.0 5337.746 10521.914 22043.78 -3.7951218 -0.4746091 1.1457385999999998
60873 72633.0 3732.9912999999997 10299.076000000001 22475.07 -3.8437031000000004 -0.5861223999999999 0.90725363
60873 73053.0 2111.455 10029.94 22805.303 -3.8750041000000004 -0.69499802 0.66469542
60873 73473.0 480.42702 9715.715800000002 23032.997 -3.8888851 -0.8007469700000001 0.41915405
60873 73893.0 -1152.7607 9357.817000000001 23157.129 -3.8852846 -0.90289437 0.17173284000000003
60873 74313.0 -2780.7666 8957.8531 23177.145 -3.8642192 -1.0009815 -0.076456565
60873 74733.0 -4396.2727 8517.6227 23092.954 -3.8257841 -1.094568 -0.32429915
60873 75153.0 -5992.0172999999995 8039.1050000000005 22904.938000000002 -3.7701522 -1.1832335 -0.5706815000000001
60873 75573.0 -7560.827700000001 7524.4513 22613.941 -3.6975738000000002 -1.2665799 -0.8144967900000001
60873 75993.0 -9095.6521 6975.975 22221.273 -3.6083748 -1.3442329 -1.0546497
60873 76413.0 -10589.591 6396.1417 21728.699 -3.502956 -1.4158437 -1.2900612
60873 76833.0 -12035.93 5787.557400000001 21138.434 -3.3817907000000003 -1.4810905 -1.5196738
60873 77253.0 -13428.167 5152.9578 20453.13 -3.2454232000000003 -1.5396802 -1.7424556
60873 77673.0 -14760.043 4495.1951 19675.868000000002 -3.0944657 -1.5913494000000001 -1.9574054
60873 78093.0 -16025.57 3817.2257999999997 18810.141 -2.9295961000000004 -1.6358659 -2.1635572
60873 78513.0 -17219.059 3122.0973 17859.841 -2.7515549999999998 -1.6730293999999999 -2.3599842
60873 78933.0 -18335.144 2412.9341 16829.24 -2.5611419 -1.7026728 -2.5458032
60873 79353.0 -19368.806 1692.9239 15722.969000000001 -2.3592122 -1.7246624 -2.7201786
60873 79773.0 -20315.397 965.30319 14546.002 -2.1466731 -1.7388993000000001 -2.882326
60873 80193.0 -21170.659 233.34296 13303.629 -1.9244797000000002 -1.7453192 -3.0315160999999997
60873 80613.0 -21930.748 -499.6663 12001.437 -1.6936304 -1.7438928 -3.1670774
60873 81033.0 -22592.242000000002 -1230.4292 10645.278 -1.455163 -1.7346264000000002 -3.2883998
60873 81453.0 -23152.168 -1955.6605 9241.2511 -1.2101494 -1.7175613 -3.3949373
60873 81873.0 -23608.005 -2672.0995000000003 7795.6682 -0.9596912400000001 -1.692774 -3.4862100999999996
60873 82293.0 -23957.704 -3376.525 6315.0296 -0.70491475 -1.6603758 -3.5618071000000002
60873 82713.0 -24199.69 -4065.7699 4805.9929 -0.44696572 -1.6205121999999998 -3.6213879
60873 83133.0 -24332.873 -4736.735 3275.3439 -0.18700432 -1.5733622 -3.6646841
60873 83553.0 -24356.655 -5386.4035 1729.9657 0.073800132 -1.5191379 -3.6915005
60873 83973.0 -24270.927 -6011.8544 176.80794 0.33427445 -1.458083 -3.7017162
60873 84393.0 -24076.075 -6610.2753 -1377.1449 0.59324691 -1.3904722 -3.6952851
60873 84813.0 -23772.973 -7178.9756 -2924.9047 0.84955251 -1.3166095 -3.672236
60873 85233.0 -23362.986 -7715.398400000001 -4459.5109 1.1020383 -1.2368272 -3.6326726
60873 85653.0 -22847.955 -8217.1318 -5974.0623 1.3495685000000002 -1.1514842 -3.576773
60873 86073.0 -22230.198 -8681.920300000002 -7461.7480000000005 1.5910297 -1.0609645 -3.5047888
60874 93.0 -21512.492000000002 -9107.6742 -8915.8781 1.8253359 -0.9656752300000001 -3.4170441
60874 513.0 -20698.065 -9492.4796 -10329.914 2.0514334 -0.86604509 -3.3139337
60874 933.0 -19790.58 -9834.607 -11697.496000000001 2.2683054 -0.76252221 -3.1959219
60874 1353.0 -18794.117000000002 -10132.518 -13012.476 2.474977 -0.65557224 -3.0635396999999998
60874 1773.0 -17713.158 -10384.875 -14268.941 2.6705189000000003 -0.54567616 -2.9173829000000002
60874 2193.0 -16552.562 -10590.543 -15461.241 2.8540522999999998 -0.43332816 -2.7581091
60874 2613.0 -15317.551 -10748.598 -16584.016 3.0247523000000003 -0.31903339999999997 -2.5864348
60874 3033.0 -14013.675000000001 -10858.33 -17632.218 3.1818519000000003 -0.20330572000000002 -2.4031323
60874 3453.0 -12646.798 -10919.247 -18601.134000000002 3.3246452 -0.08666534199999999 -2.2090258
60874 3873.0 -11223.066 -10931.075 -19486.409 3.4524908 0.030363472000000002 -2.0049883
60874 4293.0 -9748.8793 -10893.761 -20284.062 3.5648143 0.14725478 -1.7919371000000002
60874 4713.0 -8230.866 -10807.474 -20990.508 3.6611113 0.26348329000000004 -1.57083
60874 5133.0 -6675.8505000000005 -10672.601 -21602.571 3.7409493000000005 0.37852676 -1.3426607
60874 5553.0 -5090.8234 -10489.75 -22117.498 3.8039696 0.49186829 -1.1084547
60874 5973.0 -3482.9105 -10259.741 -22532.975000000002 3.8498891 0.60299865 -0.8692644800000001
60874 6393.0 -1859.3400000000001 -9983.6103 -22847.133 3.8785015 0.71141855 -0.6261649499999999
60874 6813.0 -227.41061 -9662.5975 -23058.559 3.8896781000000002 0.81664088 -0.38024842000000003
60874 7233.0 1405.5412 -9298.145900000001 -23166.302 3.8833683000000003 0.91819288 -0.13261988
60874 7653.0 3032.1742000000004 -8891.893300000002 -23169.876 3.8596002 1.0156182 0.11560796999999999
60874 8073.0 4645.175700000001 -8445.6657 -23069.263 3.8184801000000004 1.1084791 0.3633197
60874 8493.0 6237.2937 -7961.468400000001 -22864.915 3.7601922 1.1963580999999999 0.6094021000000001
60874 8913.0 7801.3698 -7441.4777 -22557.748 3.6849976000000004 1.2788603 0.8527492099999999
60874 9333.0 9330.3716 -6888.0306 -22149.142 3.5932334999999997 1.3556147 1.0922672
60874 9753.0 10817.424 -6303.6146 -21640.931 3.4853116 1.426276 1.3268793
60874 10173.0 12255.839 -5690.856400000001 -21035.398 3.3617158 1.4905264 1.5555307
60874 10593.0 13639.148000000001 -5052.5106 -20335.264 3.2230010000000004 1.5480767000000002 1.777193
60874 11013.0 14961.130000000001 -4391.4465 -19543.674 3.0697897 1.5986678 1.9908693000000002
60874 11433.0 16215.839 -3710.636 -18664.187 2.9027695 1.6420719 2.1955982
60874 11853.0 17397.627 -3013.1395 -17700.753 2.7226917 1.6780934 2.3904581
60874 12273.0 18501.183 -2302.0939 -16657.706000000002 2.5303638 1.7065696000000001 2.5745724
60874 12693.0 19521.539 -1580.6956 -15539.733 2.3266507 1.7273723 2.747112
60874 13113.0 20454.104 -852.18884 -14351.861 2.112468 1.7404072000000002 2.9072999
60874 13533.0 21294.681 -119.84955000000001 -13099.432 1.8887787 1.7456152 3.0544145
60874 13953.0 22039.488 613.0287 -11788.076000000001 1.6565886 1.7429726 3.1877931
60874 14373.0 22685.171000000002 1343.1498000000001 -10423.693000000001 1.4169422 1.7324908 3.3068346
60874 14793.0 23228.826 2067.2299 -9012.417800000001 1.1709175 1.7142166 3.4110025999999998
60874 15213.0 23668.004 2782.0121000000004 -7560.599099999999 0.9196216500000001 1.6882319000000001 3.4998275
60874 15633.0 24000.729 3484.2814 -6074.7672 0.6641855900000001 1.6546535 3.5729088000000004
60874 16053.0 24225.501 4170.8789 -4561.6062 0.40575905 1.6136322 3.6299171
60874 16473.0 24341.31 4838.7162 -3027.9233 0.14550533 1.5653526 3.6705954000000003
60874 16893.0 24347.634000000002 5484.7892 -1480.6183 -0.11540393 1.510032 3.6947603
60874 17313.0 24244.444 6106.192 73.347836 -0.37579411 1.4479193000000001 3.7023029000000003
60874 17733.0 24032.204 6700.1296 1626.9839 -0.6344929300000001 1.3792943 3.6931893000000002
60874 18153.0 23711.869 7263.9307 3173.3004 -0.89033573 1.304466 3.6674607999999997
60874 18573.0 23284.883 7795.059700000001 4705.3409 -1.1421708000000002 1.2237714000000002 3.6252336
60874 18993.0 22753.166 8291.1281 6216.2132 -1.3888646000000002 1.1375739 3.5666982
60874 19413.0 22119.112 8749.9055 7699.120900000001 -1.6293068000000002 1.0462616 3.4921189
60874 19833.0 21385.575 9169.329300000001 9147.393699999999 -1.8624156 0.95024593 3.4018319999999997
60874 20253.0 20555.857 9547.5141 10554.517 -2.087142 0.84995911 3.2962447000000004
60874 20673.0 19633.691 9882.7601 11914.164 -2.3024754 0.74585272 3.1758333
60874 21093.0 18623.228 10173.561 13220.218 -2.5074474 0.6383954199999999 3.0411404
60874 21513.0 17529.015 10418.611 14466.807 -2.7011363999999998 0.52807087 2.8927731
60874 21933.0 16355.975 10616.809000000001 15648.326000000001 -2.8826720999999997 0.41537555 2.7314000000000003
60874 22353.0 15109.387 10767.265 16759.463 -3.0512387 0.30081649 2.5577478
60874 22773.0 13794.857 10869.306 17795.224000000002 -3.2060792 0.18490899 2.3725986
60874 23193.0 12418.299 10922.473 18750.953 -3.3464984 0.068174329 2.1767859
60874 23613.0 10985.906 10926.53 19622.355 -3.471866 -0.048862622 1.9711910000000001
60874 24033.0 9504.118 10881.460000000001 20405.513 -3.5816196000000002 -0.16567575 1.7567389
60874 24453.0 7979.6003 10787.467 21096.91 -3.6752668 -0.28174006 1.5343944
60874 24873.0 6419.2078 10644.976 21693.44 -3.7523881 -0.39653402 1.3051573
60874 25293.0 4829.956700000001 10454.629 22192.422 -3.8126378 -0.50954189 1.0700583
60874 25713.0 3218.9922 10217.282000000001 22591.616 -3.8557462 -0.6202560300000001 0.83015435
60874 26133.0 1593.557 9934.0043 22889.229 -3.8815205 -0.72817919 0.58652362
60874 26553.0 -39.041749 9606.070099999999 23083.927 -3.8898458000000002 -0.83282668 0.34026097
60874 26973.0 -1671.4651000000001 9234.9544 23174.835 -3.8806853 -0.93372856 0.09247291199999999
60874 27393.0 -3296.3749 8822.326000000001 23161.547000000002 -3.8540808 -1.0304317 -0.15572728000000002
60874 27813.0 -4906.4672 8370.0404 23044.123 -3.8101522 -1.1225019999999999 -0.40322456
60874 28233.0 -6494.5047 7880.1309 22823.092 -3.7490971 -1.2095259 -0.64890706
60874 28653.0 -8053.349200000001 7354.8 22499.449 -3.67119 -1.2911124999999999 -0.8916710900000001
60874 29073.0 -9575.993699999999 6796.409000000001 22074.65 -3.5767809 -1.3668956 -1.130426
60874 29493.0 -11055.594000000001 6207.468 21550.603 -3.4662937 -1.4365345999999999 -1.3640992
60874 29913.0 -12485.499 5590.6241 20929.665 -3.3402247000000003 -1.4997167 -1.5916407
60874 30333.0 -13859.28 4948.6498 20214.627 -3.19914 -1.556158 -1.8120281
60874 30753.0 -15170.762 4284.4307 19408.702 -3.0436731 -1.6056048 -2.0242708
60874 31173.0 -16414.049 3600.9523 18515.513 -2.8745223 -1.6478347000000002 -2.2274149000000003
60874 31593.0 -17583.551 2901.2867 17539.075 -2.6924471 -1.6826578 -2.420547
60874 32013.0 -18674.010000000002 2188.5789 16483.777000000002 -2.4982654 -1.7099173 -2.6027989
60874 32433.0 -19680.521 1466.0323999999998 15354.362000000001 -2.2928496000000003 -1.7294905 -2.7733507
60874 32853.0 -20598.56 736.89546 14155.908 -2.0771225 -1.7412891 -2.9314354
60874 33273.0 -21423.996 4.4456566 12893.802 -1.8520535 -1.7452598000000001 -3.0763417
60874 33693.0 -22153.118000000002 -728.0242 11573.718 -1.6186542 -1.7413845 -3.2074173999999998
60874 34113.0 -22782.646 -1457.2212 10201.59 -1.3779737 -1.7296803 -3.3240727000000003
60874 34533.0 -23309.748 -2179.8668 8783.589300000001 -1.1310941 -1.7101996 -3.4257822
60874 34953.0 -23732.053 -2892.7122000000004 7326.090099999999 -0.87912536 -1.6830297 -3.5120882000000004
60874 35373.0 -24047.66 -3592.5522 5835.6465 -0.62320059 -1.6482926 -3.5826018
60874 35793.0 -24255.148 -4276.2402 4318.960400000001 -0.36447081 -1.6061443 -3.6370054
60874 36213.0 -24353.585 -4940.702200000001 2782.852 -0.10409974 -1.5567743 -3.6750539
60874 36633.0 -24342.526 -5582.9505 1234.2292 0.15674144 -1.5004045000000001 -3.6965758
60874 37053.0 -24222.021 -6200.0973 -319.94403000000005 0.41687933 -1.4372883 -3.7014742000000003
60874 37473.0 -23992.61 -6789.3678 -1872.6784 0.6751437100000001 -1.3677098 -3.6897267
60874 37893.0 -23655.325 -7348.1125 -3416.9911 0.93037278 -1.2919817 -3.6613861
60874 38313.0 -23211.683 -7873.8191 -4945.9372 1.1814184 -1.2104449 -3.6165801
60874 38733.0 -22663.678 -8364.1242 -6452.6411 1.4271513 -1.1234659999999999 -3.5555103
60874 39153.0 -22013.774 -8816.823400000001 -7930.3270999999995 1.6664662000000001 -1.0314364 -3.4784515000000003
60874 39573.0 -21264.895 -9229.8815 -9372.350199999999 1.8982868000000002 -0.93477013 -3.3857508
60874 39993.0 -20420.409 -9601.4419 -10772.226 2.1215705 -0.83390199 -3.2778253
60874 40413.0 -19484.112 -9929.8344 -12123.66 2.3353134 -0.7292857 -3.1551609
60874 40833.0 -18460.216 -10213.583 -13420.575 2.5385544 -0.62139181 -3.0183095
60874 41253.0 -17353.325 -10451.413 -14657.139000000001 2.7303799 -0.5107055300000001 -2.8678871
60874 41673.0 -16168.416000000001 -10642.254 -15827.794 2.9099279 -0.39772460000000004 -2.7045704
60874 42093.0 -14910.818000000001 -10785.251 -16927.276 3.0763913 -0.28295699 -2.5290941
60874 42513.0 -13586.184000000001 -10879.76 -17950.641 3.2290221000000003 -0.16691867 -2.3422475
60874 42933.0 -12200.472 -10925.358 -18893.289 3.3671348 -0.050131225 -2.1448709
60874 43353.0 -10759.911 -10921.839 -19750.983 3.4901088000000002 0.066880431 -1.9378517
60874 43773.0 -9270.9775 -10869.22 -20519.865 3.5973918 0.18359044 -1.7221207
60874 44193.0 -7740.3661 -10767.739 -21196.48 3.6885018 0.29947436 -1.4986476
60874 44613.0 -6174.9578 -10617.851 -21777.786 3.7630298 0.41401149 -1.2684369
60874 45033.0 -4581.7898 -10420.23 -22261.169 3.820641 0.5266872 -1.0325232000000002
60874 45453.0 -2968.0243 -10175.765 -22644.455 3.8610764 0.6369952799999999 -0.7919666200000001
60874 45873.0 -1340.916 -9885.554699999999 -22925.922 3.8841545 0.74444012 -0.54784811
60874 46293.0 292.2205 -9550.903699999999 -23104.302 3.8897713 0.848539 -0.30126461
60874 46713.0 1924.0433 -9173.315900000001 -23178.794 3.8779013 0.94882418 -0.053324103000000005
60874 47133.0 3547.2165 -8754.4885 -23149.061 3.8485974 1.044845 0.19485929999999999
60874 47553.0 5154.4425 -8296.3036 -23015.234 3.8019909 1.1361701 0.44217034
60874 47973.0 6738.495400000001 -7800.8206 -22777.915 3.7382906 1.2223888 0.68749762
60874 48393.0 8292.253 -7270.2663 -22438.169 3.6577819 1.3031135 0.9297385100000001
60874 48813.0 9808.7292 -6707.0253 -21997.52 3.5608258999999998 1.3779814 1.1678041000000001
60874 49233.0 11281.105 -6113.6291 -21457.948 3.4478575 1.4466557 1.4006243
60874 49653.0 12702.758 -5492.745 -20821.876 3.3193835 1.5088272999999999 1.6271520000000002
60874 50073.0 14067.296 -4847.1639000000005 -20092.164 3.1759805 1.5642165000000001 1.8463685
60874 50493.0 15368.582 -4179.7878 -19272.089 3.0182923 1.6125739000000001 2.0572877
60874 50913.0 16600.762 -3493.6168 -18365.337 2.8470264000000003 1.6536815999999999 2.2589609999999998
60874 51333.0 17758.292 -2791.7364 -17375.984 2.6629532 1.6873542000000001 2.4504799
60874 51753.0 18835.966 -2077.3019 -16308.477 2.4668989000000003 1.71344 2.630983
60874 52173.0 19828.933 -1353.5258000000001 -15167.615 2.2597448 1.7318211 2.7996575
60874 52593.0 20732.728 -623.6626600000001 -13958.528 2.0424219 1.7424144 2.9557437
60874 53013.0 21543.281 109.00516 -12686.652 1.8159074000000002 1.7451718 3.0985385
60874 53433.0 22256.945 841.18266 -11357.707 1.58122 1.7400804 3.2273985
60874 53853.0 22870.509000000002 1569.5769 -9977.669300000001 1.3394153 1.7271628 3.3417432
60874 54273.0 23381.21 2290.9116000000004 -8552.7469 1.0915812 1.7064766 3.441057
60874 54693.0 23786.749 3001.9425 -7089.3488 0.8388330700000001 1.6781149 3.5248923
60874 55113.0 24085.301 3699.4712000000004 -5594.0576 0.58230832 1.6422048 3.5928712000000003
60874 55533.0 24275.521 4380.3602 -4073.6001 0.32316165 1.598908 3.6446873
60874 55953.0 24356.553 5041.5469 -2534.8162 0.062559635 1.5484191 3.6801068
60874 56373.0 24328.032 5680.0571 -984.6286 -0.19832453000000003 1.4909655 3.6989701
60874 56793.0 24190.085 6293.018900000001 569.98861 -0.45831633 1.4268058000000001 3.7011923
60874 57213.0 23943.335 6877.6754 2122.0415000000003 -0.7162452899999999 1.3562288 3.6867636000000004
60874 57633.0 23588.891 7431.397 3664.5476000000003 -0.9709502700000001 1.2795524 3.6557489999999997
60874 58053.0 23128.348 7951.693700000001 5190.567900000001 -1.2212847 1.1971219000000002 3.6082886
60874 58473.0 22563.781 8436.225699999999 6693.2373 -1.4661219 1.1093085 3.5445967
60874 58893.0 21897.73 8882.8145 8165.7966 -1.7043599 1.0165078 3.4649606
60874 59313.0 21133.193 9289.4524 9601.622 -1.9349268 0.91913756 3.3697395
60874 59733.0 20273.611 9654.311599999999 10994.256 -2.1567853 0.81763631 3.2593629
60874 60153.0 19322.852 9975.752400000001 12337.434000000001 -2.3689377 0.712461 3.1343283000000004
60874 60573.0 18285.196 10252.331 13625.118 -2.57043 0.6040850799999999 2.9951995
60874 60993.0 17165.311 10482.804 14851.516 -2.7603564 0.49299631 2.8426034000000002
60874 61413.0 15968.236 10666.138 16011.115 -2.9378634000000003 0.37969457 2.6772274000000005
60874 61833.0 14699.356 10801.509 17098.702 -3.1021536000000003 0.26468956 2.4998162
60874 62253.0 13364.381 10888.311 18109.388 -3.2524892 0.14849856 2.311169
60874 62673.0 11969.314 10926.155 19038.63 -3.3881952 0.031644096000000003 2.1121347
60874 63093.0 10520.43 10914.873 19882.252 -3.5086626 -0.08534849 1.9036089999999999
60874 63513.0 9024.2465 10854.516 20636.464 -3.6133511 -0.20195332 1.6865301
60874 63933.0 7487.4905 10745.359 21297.876 -3.7017911 -0.31764636 1.4618745
60874 64353.0 5917.0725999999995 10587.894 21863.519 -3.7735863 -0.43190778 1.2306523
60874 64773.0 4320.053599999999 10382.829 22330.850000000002 -3.8284152 -0.5442242700000001 0.99390314
60874 65193.0 2703.6138 10131.089 22697.772 -3.8660321 -0.65409131 0.75269114
60874 65613.0 1075.0202 9833.8046 22962.638 -3.8862691000000003 -0.76101547 0.50810038
60874 66033.0 -558.4060400000001 9492.314900000001 23124.258 -3.889036 -0.86451656 0.26122996
60874 66453.0 -2189.3222 9108.1551 23181.907 -3.8743209000000003 -0.9641298 0.013189089
60874 66873.0 -3810.3971 8683.052800000001 23135.328 -3.8421906 -1.0594078999999998 -0.23490784
60874 67293.0 -5414.344 8218.9194 22984.733 -3.7927895 -1.1499229 -0.48194626
60874 67713.0 -6993.9532 7717.8414 22730.797 -3.7263401 -1.2352684999999999 -0.72681638
60874 68133.0 -8542.1244 7182.0713 22374.665 -3.6431407 -1.3150613000000002 -0.96841812
60874 68553.0 -10051.898000000001 6614.0176 21917.936 -3.5435652 -1.3889429 -1.2056661
60874 68973.0 -11516.489 6016.2334 21362.664 -3.4280608000000004 -1.4565815 -1.4374943
60874 69393.0 -12929.312 5391.4057999999995 20711.345 -3.2971462000000002 -1.5176731 -1.6628611000000002
60874 69813.0 -14284.016 4742.3432 19966.907 -3.1514091 -1.5719431 -1.8807537
60874 70233.0 -15574.512 4071.963 19132.696 -2.9915041 -1.6191476 -2.0901929
60874 70653.0 -16794.996 3383.2783 18212.461 -2.8181493 -1.6590743000000001 -2.2902370000000003
60874 71073.0 -17939.983 2679.3848 17210.338 -2.6321232 -1.6915436 -2.4799868000000003
60874 71493.0 -19004.323 1963.4464 16130.833 -2.4342615000000003 -1.7164092000000002 -2.6585889000000003
60874 71913.0 -19983.23 1238.6814 14978.797 -2.2254531 -1.7335592 -2.8252401000000003
60874 72333.0 -20872.302 508.34782 13759.409 -2.0066362 -1.7429162 -2.9791906
60874 72753.0 -21667.54 -224.27115 12478.152 -1.7787941 -1.7444378999999999 -3.1197478000000003
60874 73173.0 -22365.368000000002 -955.88192 11140.785 -1.5429509000000001 -1.7381171 -3.246279
60874 73593.0 -22962.647 -1683.1953 9753.321300000001 -1.3001668 -1.7239819 -3.3582147
60874 74013.0 -23456.69 -2402.9414 8321.999 -1.0515332000000002 -1.7020957 -3.4550509000000003
60874 74433.0 -23845.273 -3111.8841 6853.2538 -0.7981683399999999 -1.6725565999999998 -3.5363516
60874 74853.0 -24126.648 -3806.8360000000002 5353.6902 -0.54121149 -1.6354973 -3.6017506
60874 75273.0 -24299.549 -4484.6722 3830.0512000000003 -0.28181838 -1.5910843000000001 -3.6509532
60874 75693.0 -24363.198 -5142.3451 2289.1884 -0.021155735000000002 -1.5395172000000001 -3.6837378
60874 76113.0 -24317.306 -5776.897400000001 738.0310400000001 0.23960388000000002 -1.4810278000000001 -3.6999565
60874 76533.0 -24162.081000000002 -6385.476000000001 -816.44525 0.49928743 -1.4158793 -3.6995363
60874 76953.0 -23898.219 -6965.344599999999 -2367.2499 0.75672673 -1.3443646000000002 -3.6824788
60874 77373.0 -23526.907 -7513.8959 -3907.4087000000004 1.0107637 -1.2668053 -3.6488609000000003
60874 77793.0 -23049.814000000002 -8028.6636 -5429.995400000001 1.2602555 -1.1835506 -3.5988337
60874 78213.0 -22469.086 -8507.3333 -6928.1628 1.5040799 -1.0949748 -3.5326225
60874 78633.0 -21787.334 -8947.7531 -8395.1739 1.7411402 -1.0014764 -3.4505253
60874 79053.0 -21007.625 -9347.9431 -9824.4315 1.9703703000000001 -0.9034761600000001 -3.3529117999999998
