CIC_AEM_VERS = 1.0
CREATION_DATE = 2025-06-18T11:32:47.786Z
ORIGINATOR = CS Group

META_START
OBJECT_NAME = PLEIADES-NEO4
OBJECT_ID = PLEIADES-NEO4
CENTER_NAME = null
REF_FRAME_A = EME2000
REF_FRAME_B = SC_BODY_1
ATTITUDE_DIR = A2B
TIME_SYSTEM = UTC
START_TIME = 2025-06-18T05:15:53.9784
STOP_TIME = 2025-07-18T22:00:00.0
ATTITUDE_TYPE = QUATERNION
QUATERNION_TYPE = LAST
META_STOP

60844 18953.9784 0.40007599236958086 -0.6392257895432053 -0.555970623720134 0.3496087182445629
60844 19373.9784 -0.24645003291664805 0.7127053891709774 0.4633363734192512 -0.465438303740383
60844 19793.9784 -0.08025184749318558 0.749856817547137 0.3470336321149931 -0.5575321087911311
60844 20213.9784 0.09005687616088315 0.7487636720108958 0.21298459636478417 -0.621192630545657
60844 20633.9784 0.2558164043761143 0.7094462937812722 0.06801813980356937 -0.6531595947008321
60844 21053.9784 0.4085784743503204 0.6338673294396489 -0.08047472307658629 -0.6517665670409606
60844 21473.9784 0.5404935954267978 0.525883118309069 -0.2248592270971861 -0.6170510085636348
60844 21893.9784 0.6447046962031941 0.391189558664694 -0.35759294256885144 -0.550866473213082
60844 22313.9784 0.7160717031502866 0.23650803412472157 -0.4721065857124285 -0.45653109145912624
60844 22733.9784 -0.7509081488387326 -0.0698000284113368 0.5625072232124843 0.3388960487747605
60844 23153.9784 -0.7474498746263604 0.10041625410840578 0.6241984069502877 0.2039892389137166
60844 23573.9784 -0.7058799411431365 0.2655080121066866 0.6540615250936012 0.058673039729934436
60844 23993.9784 -0.6282922186120241 0.41710333642054087 0.650564359651395 -0.08966442287665734
60844 24413.9784 -0.5186109668775587 0.5474761321385689 0.613848120513926 -0.23345885015230516
60844 24833.9784 0.3825760292164492 -0.6498537291595917 -0.5458382731606755 0.3652208812750422
60844 25253.9784 -0.22696028561921117 0.7191568436265054 0.44991792304281647 -0.47841020635187803
60844 25673.9784 -0.05944854554427789 0.7518006925417547 0.3307664496721354 -0.567322787218792
60844 26093.9784 0.11133600951384098 0.7459028890182715 0.19445243689464417 -0.6272331487776013
60844 26513.9784 0.2764817327513084 0.7016544043212278 0.048070261931381024 -0.6549261013803814
60844 26933.9784 0.4272247264756461 0.6214552530005376 -0.10057365156227262 -0.6489663644729808
60844 27353.9784 0.5559320862590542 0.5095417717893383 -0.24387411679441037 -0.6097803813072242
60844 27773.9784 0.6562387858332016 0.37153209843425344 -0.3747100985723763 -0.5393578569271849
60844 28193.9784 -0.7229698401017366 -0.21453505397208408 0.4863431481732543 0.4413158315145655
60844 28613.9784 -0.7527185747470824 -0.04653660791964907 0.5730964988821895 0.32063919648575473
60844 29033.9784 -0.7438788377440952 0.12418046906792286 0.6305932551363588 0.18323654776025394
60844 29453.9784 -0.6968188575589777 0.2884628578578082 0.6556705635661974 0.03645231761482733
60844 29873.9784 -0.6140211844041221 0.4378447979186093 0.6470726890405615 -0.1121019765052705
60844 30293.9784 -0.49967866793529714 0.5648146929396646 0.6052403768228606 -0.25493073120595156
60844 30713.9784 0.3597232732564482 -0.6627871802600618 -0.5323309429896395 0.3846246059423971
60844 31133.9784 -0.20146370180848833 0.726724370394586 0.43217334752762826 -0.4944797913110067
60844 31553.9784 -0.03313085116526574 0.7534315221107236 0.3100322168471025 -0.5788983612931152
60844 31973.9784 0.1366322786025423 0.7416951961032369 0.1722519119372309 -0.6336790475905186
60844 32393.9784 0.29927804283538006 0.6922441531343951 0.025845763302790474 -0.6561727532038836
60844 32813.9784 0.44665386267100704 0.6076461600397447 -0.12179796898287341 -0.6453152143733086
60844 33233.9784 0.5713718189419245 0.49217302072067687 -0.2632548845296648 -0.60166172220356
60844 33653.9784 0.6671252796076604 0.3516246599571832 -0.39138334417921766 -0.5273737173176988
60844 34073.9784 -0.7290081312213618 -0.1930572735913181 0.4996818229080017 0.42613860372179513
60844 34493.9784 -0.7537660931064832 -0.02450417090219266 0.5825815010530695 0.3030429295036217
60844 34913.9784 -0.7400192223195134 0.1454549252899635 0.6357775821459763 0.16432066622044206
60844 35333.9784 -0.68835958154115 0.3081119972431454 0.6564580305098667 0.017056899907072844
60844 35753.9784 -0.6013860455583245 0.45504716644942983 0.6434839963470356 -0.13113064843626093
60844 36173.9784 -0.4838178754683434 0.578464794294239 0.597609872174609 -0.27232551444708564
60844 36593.9784 0.3415618531974179 -0.6723355120959884 -0.5211942080748624 0.3995710914020027
60844 37013.9784 -0.1818247758997619 0.7318944334672134 0.41809886522003564 -0.5064223810520488
60844 37433.9784 -0.012584259142269886 0.7540634039309285 0.29343738053110235 -0.5874729976611576
60844 37853.9784 0.15754787140600335 0.7375419931599567 0.15350508098928747 -0.6384721345928484
60844 38273.9784 0.3194446270351728 0.6831759293521495 0.0058164026765714725 -0.6566520762718184
60844 38693.9784 0.46501832281907884 0.5937121013748103 -0.1422231150621345 -0.6411212721986855
60844 39113.9784 0.5867208402808278 0.4737753079361815 -0.2829314065643762 -0.5926596260499272
60844 39533.9784 0.678257815658894 0.32965136148487484 -0.4089991393144303 -0.513824891776225
60844 39953.9784 -0.7349929563938293 -0.16887745338395607 0.513960684345591 0.4087911138185616
60844 40373.9784 -0.7541703234657382 2.765013087968664E-4 0.592556256951801 0.2830267285926919
60844 40793.9784 -0.7349624762039303 0.1691749299990108 0.6409008451520614 0.1430248520900839
60844 41213.9784 -0.6784553746641859 0.32934817656716403 0.6566666269846736 -0.004126037534343902
60844 41633.9784 -0.587527853007042 0.4728033763395821 0.6391042603261392 -0.1510421586703714
60844 42053.9784 -0.46671784834421004 0.5923473853249638 0.5890621446536073 -0.2903529143503174
60844 42473.9784 0.32207010249759943 -0.681891038254839 -0.5089883112077962 0.41500163864587225
60844 42893.9784 -0.1608474123780784 0.7367955256146147 0.40284639821952273 -0.5186282317875861
60844 43313.9784 0.008771330154606231 0.7541234123861567 0.2759732866985023 -0.595868851079836
60844 43733.9784 0.17811287521770933 0.7328506195167708 0.13482154376794325 -0.6426732641798588
60844 44153.9784 0.3384310861263822 0.6739724733524697 -0.013338620772315513 -0.6565421435843735
60844 44573.9784 0.4812660348768954 0.5806181809472875 -0.16066271686550457 -0.6367519321028625
60844 44993.9784 0.5993711487894455 0.45766547638432964 -0.2996139782792548 -0.584403971362621
60844 45413.9784 0.686891829289451 0.311263158620071 -0.42328366887775193 -0.5021212967029359
60844 45833.9784 -0.7392934019313864 -0.1489423679496054 0.5252928096384928 0.39411787707788665
60844 46253.9784 -0.7538812639793075 0.020961061241641564 0.6004128058920164 0.2659476193791957
60844 46673.9784 -0.7299235990329018 0.18973830460419994 0.644813281090556 0.124204459944122
60844 47093.9784 -0.6686787395990131 0.3487634073364625 0.656250546467548 -0.023833782166928705
60844 47513.9784 -0.5733091864599095 0.48994090262436013 0.6341689936289697 -0.1705994612415984
60844 47933.9784 0.448715719516086 -0.6060936824262232 -0.5797161724558214 0.3085997578990528
60844 48353.9784 0.3012747371059267 -0.6913280486624273 -0.4956823941952828 0.43081089354749097
60844 48773.9784 -0.1383508789360741 0.7413457844887399 0.3862500843911416 -0.53110859005125
60844 49193.9784 0.031824973191482885 0.7534966286600974 0.2569092984288293 -0.6043406440576665
60844 49613.9784 0.2001557571919137 0.7271300593530218 0.11458654823134175 -0.6465983858722731
60844 50033.9784 0.3580927924766296 0.6637206179356759 -0.03341835935069183 -0.655841220541742
60844 50453.9784 0.49768525781276723 0.5665875534865854 -0.17958771797572273 -0.6316931058213294
60844 50873.9784 0.6119351392608503 0.4407028686158639 -0.31654283482103757 -0.575427667613414
60844 51293.9784 0.6951003997063705 0.2924534078169907 -0.4373783390204042 -0.4899047123064091
60844 51713.9784 -0.742975231398776 -0.12930104974080203 0.5360101655189828 0.37942343960827535
60844 52133.9784 -0.7530766863139327 0.040526022184442574 0.6074225835059234 0.24954148172863422
60844 52553.9784 -0.7247930361855172 0.2084477733452062 0.6479339733784903 0.10679956285662852
60844 52973.9784 -0.6594365250189543 0.3659150591590153 0.6553793497704333 -0.0415637684295388
60844 53393.9784 -0.560341747247785 0.5047041584204435 0.6292983971648367 -0.18781471212388764
60844 53813.9784 0.43244268372353417 -0.6177977606272983 -0.5709357519504897 0.32457914197097065
60844 54233.9784 0.2823933539862429 -0.6992428536502602 -0.4832874505611239 0.444687154495799
60844 54653.9784 -0.11796630479398948 0.7448522100379881 0.3709010090000489 -0.5419516377477995
60844 55073.9784 0.052382164398567854 0.752337239309629 0.23958619128112651 -0.611427219011626
60844 55493.9784 0.21993295293368917 0.7213812554397168 0.0961062726032702 -0.6496169370331962
60844 55913.9784 0.3761898293753755 0.6536155076056721 -0.05221925244175529 -0.6546305295098372
60844 56333.9784 0.5132275567965425 0.5525285543646613 -0.19782353121972296 -0.6262391891698479
60844 56753.9784 0.6240927728088868 0.4232936002597417 -0.33329430163960216 -0.5659025069757433
60844 57173.9784 0.7031650138634112 0.2724689805371308 -0.45177036585068003 -0.4766792993855179
60844 57593.9784 -0.7464363811035588 -0.10746988845528674 0.547340956686271 0.3629060886430378
60844 58013.9784 -0.7515112848990606 0.06309604139911376 0.6149228829116431 0.2304767370056201
60844 58433.9784 -0.7180058284617955 0.23069829938486 0.6510393705562505 0.08598641137729468
60844 58853.9784 -0.6476752499527293 0.38631929681000426 0.6537062152648822 -0.06278818069475334
60844 59273.9784 -0.5441325516922249 0.5221180389466699 0.6228320364051438 -0.2083093229378214
60844 59693.9784 0.41266435266540286 -0.6311681345026666 -0.5599848589064896 0.343149931987676
60844 60113.9784 -0.2601246166765533 0.7078221394002621 0.468440785360874 -0.4603110180999359
60844 60533.9784 -0.09449648577567038 0.7481890935779474 0.35302847786418134 -0.5537638379706256
60844 60953.9784 0.07576006939849224 0.7503400405172865 0.21970773453610234 -0.6188527667113286
60844 61373.9784 0.2419767858752578 0.7142815642800343 0.07532944594503409 -0.6523607564842945
60844 61793.9784 0.3957924968938938 0.6419250381942184 -0.07278396120189357 -0.652673762099879
60844 62213.9784 0.52949252262259 0.5369524921333135 -0.21716709254173816 -0.6198049238232608
60844 62633.9784 0.6363373982993323 0.4046423235459419 -0.3505454828133786 -0.5553892058728848
60844 63053.9784 0.7108728699192192 0.2516695499650969 -0.4661414578627249 -0.4626384567832551
60844 63473.9784 -0.7492404190376933 -0.0857655688472522 0.5580529296769056 0.346208014580182
60844 63893.9784 -0.7493882250506223 0.08464675722957955 0.6215428624571091 0.21198274640785691
60844 64313.9784 -0.7112035350750259 0.25087151915969313 0.6532929386566092 0.06679332955247774
60844 64733.9784 -0.6365542713530681 0.40436930070733795 0.6515932973360078 -0.08191643995201468
60844 65153.9784 -0.5292307660153207 0.5372091776309685 0.6164666594331497 -0.226472853956558
60844 65573.97839999999 0.39477844543634705 -0.6425077802279848 -0.5497052173860315 0.3593854551090576
60844 65993.97839999999 -0.2401938957410569 0.7148399230906716 0.4547937568563056 -0.47378625510770656
60844 66413.97839999999 -0.07353773981034388 0.7505490229512719 0.33672507080542985 -0.5638125501100126
60844 66833.97839999999 0.09664605544623638 0.7479451072298396 0.20161728468997966 -0.6249705009453378
60844 67253.97839999999 0.26177492187227047 0.7072714182006055 0.05634691340920199 -0.6542675726524485
60844 67673.97839999999 0.4135445521431658 0.6306401275580678 -0.09173196595715177 -0.6502762330947429
60844 68093.97839999999 0.5443174102131555 0.5219253824524785 -0.2351525115231405 -0.6132012299523188
60844 68513.9784 0.6474770062928328 0.3865850558943036 -0.36666689684770654 -0.5448677891354401
60844 68933.97839999999 -0.7177267551392468 -0.2314404539310179 0.4795766386180317 0.44867568346559855
60844 69353.97839999999 -0.7513928781746746 -0.06438619547262255 0.5680698745946597 0.3294841089323542
60844 69773.97839999999 -0.7466706464859879 0.10605509169640978 0.6275738058211927 0.19335558292577626
60844 70193.97839999999 -0.7037271822090886 0.27115920380413205 0.654987152072591 0.04725007758937522
60844 70613.97839999999 -0.6246917723666036 0.42247459540904964 0.6488464295891553 -0.10135934382599757
60844 71033.97839999999 -0.5136346705072502 0.5521479168928053 0.6094313078680345 -0.24475617278038408
60844 71453.97839999999 0.3763212636651987 -0.6534988736603194 -0.5387919373261901 0.37553265758175114
60844 71873.97839999999 -0.21988788115348484 0.7213551546516098 0.4406268440090362 -0.48697437809192784
60844 72293.9784 -0.052389648525003815 0.7523306345883961 0.32003240822107937 -0.573439795162024
60844 72713.97839999999 0.11757904041674154 0.7449485494211524 0.18325209577590976 -0.6305913870040851
60844 73133.97839999999 0.2814491908901699 0.6996797498000754 0.03724351632578929 -0.6556275780949603
60844 73553.97839999999 0.4309931813531156 0.618850046623183 -0.11062445107252994 -0.647326600910627
60844 73973.97839999999 0.5586849130957682 0.5065241975614716 -0.2528999193366034 -0.6060907819488933
60844 74393.97839999999 0.6580334076195495 0.36834738953413504 -0.38237171806878506 -0.533951406310647
60844 74813.97839999999 -0.7239335144103676 -0.21127017801746417 0.49244846992220803 0.43448783995090035
60844 75233.97839999999 -0.7529156082229844 -0.04329494536682102 0.5774458718556985 0.31272975502294215
60844 75653.9784 -0.7434062970822529 0.12699720653897772 0.6329586646054963 0.174877431049796
60844 76073.9784 -0.6958177514580411 0.2908756214508024 0.6560835100346352 0.027990310146869417
60844 76493.97839999999 -0.6125577490062672 0.4398933774211732 0.6455857254489233 -0.12035735012850489
60844 76913.97839999999 -0.49809113500380037 0.5662183778160873 0.6020715145036625 -0.2623201503453567
60844 77333.97839999999 0.35836983381500065 -0.6635240662945031 -0.5278788346844385 0.3907055304850646
60844 77753.97839999999 -0.20027537215553962 0.7270566160092642 0.4266706908505526 -0.49922998106506944
60844 78173.97839999999 -0.0317629124489606 0.7534945501621974 0.3034963297659012 -0.582346166886376
60844 78593.97839999999 0.13849502534931446 0.7413535528962989 0.1646646808428317 -0.6356882730115883
60844 79013.97839999999 0.3016188114170235 0.6912305690820945 0.01742712525513428 -0.6564470186322486
60844 79433.9784 0.44922457457283044 0.6057501830195285 -0.13061498635830154 -0.6435866085541929
60844 79853.97839999999 0.5737760345822058 0.489369823447129 -0.27185629848266396 -0.597823043227467
60844 80273.97839999999 0.6689603994105706 0.3481242714473412 -0.39908484542684425 -0.5215676004127742
60844 80693.97839999999 -0.7299947991407019 -0.18930643264625177 0.5058435341868572 0.41879945881964364
60844 81113.97839999999 -0.7538767343760987 -0.020972941207042583 0.586803712050535 0.2947734869815596
60844 81533.97839999999 -0.7394409272317797 0.14838498936911357 0.6379213541617338 0.1557734122660019
60844 81953.97839999999 -0.6873973934869887 0.310259449203891 0.6566174577700858 0.008798395225366473
60844 82373.97839999999 -0.6003012959218776 0.45648146394058525 0.6418834451746253 -0.13873957619918068
60844 82793.97839999999 -0.4824407338048575 0.5796153827328473 0.5943435858671273 -0.2793790407383677
60844 83213.9784 0.33976803830861235 -0.6732442090628449 -0.5163116754127092 0.40585978975476605
60844 83633.97839999999 -0.17961522662766116 0.7324398657093197 0.4117487622910269 -0.5115986417446933
60844 84053.97839999999 -0.01024687390856776 0.7540982394075495 0.28603736208809777 -0.5911120658447248
60844 84473.97839999999 0.1597619939062642 0.7370638914996511 0.1455391866224362 -0.6403368412857134
60844 84893.97839999999 0.32142245868154384 0.6822446006721656 -0.002298213053488022 -0.6566769572061664
60844 85313.97839999999 0.4665832500677443 0.592478894870321 -0.14997080129577042 -0.6393571682934106
60844 85733.97839999999 0.5877918140105204 0.4724420991686992 -0.2898608467292749 -0.5893046205899649
60844 86153.97839999999 0.6788746522659246 0.32837792590273424 -0.4147957054195188 -0.5091578017237507
60845 173.9784 -0.7352486568764552 -0.16776122305044444 0.5184163451384005 0.4031253870637898
60845 593.9784 -0.7541695889998699 0.00123609999796972 0.5955595466872529 0.27665055473328853
60845 1013.9784 -0.7347543473986062 0.17007679986622565 0.6423937718918344 0.1361623037433408
60845 1433.9784 -0.6779961722723437 0.3302906932510552 0.6565839695215046 -0.011257855176355963
60845 1853.9784 -0.5867095361776722 0.47381666319508736 0.6373742971972042 -0.1581887957765144
60845 2273.9784 -0.4654050236929796 0.5933773858573098 0.58563178894685 -0.29721515716631025
60845 2693.9784 0.32020529553116667 -0.6827640580289004 -0.5038915734024786 0.42118296740452493
60845 3113.9784 -0.1585126965953968 0.7372933706227369 0.39626967942602964 -0.5236817275993221
60845 3533.9784 0.011360354507416355 0.7540782133150651 0.26827495970969495 -0.599387634625362
60845 3953.9784 0.18064315102771888 0.7322187450962345 0.1265167572810684 -0.6443735496150936
60845 4373.9784 0.34063422310036495 0.6728471361987289 -0.021697556020432468 -0.6563339648568555
60845 4793.9784 0.4831312232395866 0.5790504754286842 -0.16872748124199793 -0.6346777175154071
60845 5213.9784 0.6008461476239919 0.45570908467554794 -0.30701451920250783 -0.5805645717992403
60845 5633.9784 0.6878051078254984 0.30921622165671236 -0.4294936199838408 -0.4968346730117351
60845 6053.9784 -0.7396457332035882 -0.1471299093375651 0.5299529743839962 0.3878489707007121
60845 6473.9784 -0.7538326447238473 0.02230598164347888 0.6033735537431706 0.25918939325309565
60845 6893.9784 -0.7296993220029384 0.19055865577306844 0.6461038521239025 0.1173716765197952
60845 7313.9784 -0.6684500991633467 0.349177429465164 0.6559893211396047 -0.03045649735956132
60845 7733.9784 -0.573114184197264 0.49015345632663854 0.6324701698145004 -0.1768366631040394
60845 8153.9784 0.44842943697980536 -0.6062974262086454 -0.576632277024838 0.31434008353357895
60845 8573.9784 0.30067402829586504 -0.6915848884382019 -0.49121241028637447 0.43590806229399753
60845 8993.9784 -0.13745068113976402 0.7415094029673571 0.3805627417951064 -0.5352038070890373
60845 9413.9784 0.03280978214734501 0.7534501706954602 0.25038984341830356 -0.6070760123636769
60845 9833.9784 0.20134941924685176 0.7267952145147583 0.10740348602339639 -0.6478361048270035
60845 10253.9784 0.3595352222654423 0.6629341591615874 -0.041044851338665055 -0.6554144068799869
60845 10673.9784 0.4992625241449084 0.5651906296132513 -0.1873109916565746 -0.629452997916812
60845 11093.9784 0.6134085013323048 0.4386383496725608 -0.32389406003891485 -0.571330943115543
60845 11513.9784 0.6961937744712069 0.28981557151524784 -0.4438320559511956 -0.48408084965732656
60845 11933.9784 -0.7434746957856707 -0.1263361865849672 0.5410701532513644 0.3721930063100567
60845 12353.9784 -0.7529043179716277 0.043449823283139344 0.6107084992715188 0.24141733523894152
60845 12773.9784 -0.7240484658996711 0.21098440487678669 0.6492766879442331 0.09838283599941541
60845 13193.9784 -0.6583500239845551 0.36784333533198604 0.6548257148178851 -0.04969718085185124
60845 13613.9784 -0.5590695148501167 0.5060966336300384 0.6270158314335211 -0.19534232036434854
60845 14033.9784 0.4311752160150642 -0.6186721998370442 -0.5671690623918781 0.3311372780414082
60845 14453.9784 -0.28110974402302713 0.699754524576958 0.4782322030635134 -0.4501276231274884
60845 14873.9784 -0.11659128027715093 0.7450666807814338 0.364739036884355 -0.5461204533116711
60845 15293.9784 0.053892222488204994 0.7522290983995863 0.23254185884420184 -0.6141427324014433
60845 15713.9784 0.22159103239963318 0.7208713300066589 0.08844421973089098 -0.6507069693269694
60845 16133.9784 0.3779092435450475 0.6526206345999348 -0.060143476828420014 -0.6539523477537011
60845 16553.9784 0.5148443822348105 0.551019909852272 -0.2055776563464441 -0.6237388461838445
60845 16973.9784 0.6254122712559234 0.4213342793146022 -0.34040430443996567 -0.5616598842321706
60845 17393.9784 0.7040129977454722 0.27026053346077206 -0.4577493216887487 -0.4709463892551072
60845 17813.9784 -0.7467152107646601 -0.10550557534853308 0.5516979304815719 0.35625041906700256
60845 18233.9784 -0.7513914390888953 0.06450117745300002 0.6175022261036389 0.22347595872519704
60845 18653.9784 -0.7178483708526349 0.23118422791709595 0.6518821513080422 0.0793550882589961
60845 19073.9784 -0.6477696704132394 0.38615548473631495 0.6530999840006363 -0.06883899039899785
60845 19493.9784 -0.5446463367083879 0.5215756100384333 0.6210387795299838 -0.21361199695494118
60845 19913.9784 0.41367337954583616 -0.6305042485980786 -0.5572551703901396 0.347570716010937
60845 20333.9784 -0.26145586507518326 0.7073306803663595 0.4649148014831665 -0.46387322254266666
60845 20753.9784 -0.09580133964586501 0.748021659254642 0.3487170340727992 -0.556490908061812
60845 21173.9784 0.07477620846889842 0.7504370740009242 0.21462472993172957 -0.6206359173570923
60845 21593.9784 0.24152861373527382 0.714431136364869 0.06953350613935239 -0.6530062569864761
60845 22013.9784 0.3959015418830575 0.6418560735542834 -0.07909268705406229 -0.6519410225094477
60845 22433.9784 0.5299828635735371 0.5364676044869308 -0.22360836712626708 -0.6175111106737855
60845 22853.9784 0.6369245748256596 0.4037233069539549 -0.3565983843869593 -0.5515180592309973
60845 23273.9784 0.7112987888264164 0.2504778607547723 -0.4712774839233864 -0.45739742831877456
60845 23693.9784 -0.7493854596249722 -0.08453660594320718 0.5618694131912033 0.3399672891300648
60845 24113.9784 -0.7492873040897039 0.08558147916225681 0.6237797639184265 0.20528797451447575
60845 24533.9784 -0.7110632280507195 0.2512823779310661 0.6539283273779445 0.06019962548125244
60845 24953.9784 -0.6366496309101957 0.4042244724858578 0.6508010351590121 -0.08796496996759483
60845 25373.9784 -0.5297739504723584 0.5366754182376259 0.6145153050476198 -0.23171101985579198
60845 25793.9784 0.3958326251360552 -0.6418588368288282 -0.546856096708461 0.36370616705718517
60845 26213.9784 -0.2415774622786347 0.7143730790151037 0.45118705520242525 -0.47722287761093246
60845 26633.9784 -0.07491200626744945 0.7504116523684282 0.33238104495765286 -0.5663862500622077
60845 27053.9784 0.0956238387150484 0.7480743368590105 0.19651700727270924 -0.6265955105607827
60845 27473.9784 0.2612921857056538 0.7074473256703142 0.05056845521346315 -0.6547423206333973
60845 27893.9784 0.41359781225543074 0.6306026995817148 -0.09796558248855082 -0.6493687932334399
60845 28313.9784 0.5447170541576447 0.5215084596472721 -0.24143495560965902 -0.6107547950167146
60845 28733.9784 0.6479450058322767 0.38580412611371623 -0.3724776994764094 -0.5409092429265786
60845 29153.9784 -0.7180336152971518 -0.23049739770181082 0.4843982702657902 0.4434602493115989
60845 29573.9784 -0.7514735612695157 -0.06347300617088059 0.5715651601305606 0.32337583695364375
60845 29993.9784 -0.7465876291331799 0.10665536854665772 0.6295304240096509 0.18687693713164097
60845 30413.9784 -0.7036868769398116 0.2712685125267401 0.6554111865492114 0.040918820613247205
60845 30833.9784 -0.6249669460118724 0.4220689473063027 0.6479218828834564 -0.10710440603961685
60845 31253.9784 -0.5143993027335153 0.5514369718114174 0.6074214830837659 -0.24969934992916135
60845 31673.9784 0.3775330391998645 -0.6528004894162746 -0.535900769635295 0.3796454799344838
60845 32093.9784 -0.22130608307793684 0.7209221011941526 0.4369402595698411 -0.490283745569389
60845 32513.9784 -0.05378850476283125 0.7522317405172205 0.31563732929091015 -0.5758708897590793
60845 32933.9784 0.11644703401158074 0.7451252835088253 0.17821191131353523 -0.6320355328711946
60845 33353.9784 0.280725463630214 0.6999690389563794 0.031692276400233664 -0.6559208475026961
60845 33773.9784 0.4306823089856947 0.6190648218089657 -0.11644330910149993 -0.6463067776922015
60845 34193.9784 0.5586821657673917 0.5065251725569302 -0.25864235214481307 -0.6036643279974618
60845 34613.9784 0.6581502891948211 0.36813727408284147 -0.3875940151884605 -0.5301735787963366
60845 35033.9784 -0.7240098491026864 -0.21100340821496946 0.49671098574594147 0.42961086667269877
60845 35453.9784 -0.7529369786227741 -0.042879797660112046 0.5805605160589412 0.3069148356929197
60845 35873.9784 -0.7432687413022336 0.12778211645074236 0.6347718109543244 0.1681905375939132
60845 36293.9784 -0.6954218837080196 0.2918112234905342 0.656352667431108 0.020875570914742625
60845 36713.9784 -0.611937643262623 0.4407490137014213 0.6442405829903122 -0.12738406065012137
60845 37133.9784 -0.49710234208930415 0.567083145990372 0.5990901266066866 -0.2690668824388747
60845 37553.9784 0.3569082673985464 -0.66430930789301 -0.5232774618842426 0.3968505134093475
60845 37973.9784 -0.19865310641684564 0.7274999169065378 0.4207914378673208 -0.504197758850107
60845 38393.9784 -0.030442770295370982 0.7535470075115245 0.29693103221693573 -0.585723575856184
60845 38813.9784 0.13913097792562137 0.7412313796503298 0.15807969017127527 -0.637361298133549
60845 39233.9784 0.3015458974668837 0.6912587269113416 0.011268686260735771 -0.656585455900266
60845 39653.9784 0.4486642848141308 0.606161611174924 -0.13611900499774082 -0.6424485015536031
60845 40073.9784 0.5730753834734269 0.4901862704474461 -0.276662403703509 -0.5956172760242978
60845 40493.9784 0.6684173055149792 0.3491591195950356 -0.40320992050764615 -0.5183897905012521
60845 40913.9784 -0.7297607866882261 -0.1901873442299186 0.509293266863321 0.4146062428794795
60845 41333.9784 -0.7538598648151802 -0.02136636966838256 0.5894252521276638 0.28951106131246884
60845 41753.9784 -0.7393791444723085 0.14865932280592967 0.6394313335013122 0.1494873111639019
60845 42173.9784 -0.686986367540445 0.31115174925565026 0.6566820698734638 0.0017259361045275617
60845 42593.9784 -0.5994238103060023 0.4576212230280682 0.6402721036809496 -0.14603268511021766
60845 43013.9784 -0.4813906791055075 0.5804788574633201 0.5911651835621554 -0.2860612449325142
60845 43433.9784 0.33877701237430147 -0.6737384945562841 -0.5118475806439025 0.4114834517070622
60845 43853.9784 -0.178832240202117 0.732629440834978 0.4063365738796905 -0.5159105746288155
60845 44273.9784 -0.009736291433279644 0.7541034810537695 0.28002402968617024 -0.5939862686039402
60845 44693.9784 0.15986875248345228 0.7370388365977147 0.13937253557586532 -0.6417094604672944
60845 45113.9784 0.3213175776294906 0.6822915531940709 -0.008419304067243033 -0.6566295501006345
60845 45533.9784 0.46636298261682635 0.5926487012610289 -0.15578675828513042 -0.6379683152644525
60845 45953.9784 0.5875599033120985 0.4727231170611723 -0.2951508333961576 -0.5866789583421245
60845 46373.9784 0.678718339414766 0.32868528588069207 -0.41937571583049166 -0.5054022235400759
60845 46793.9784 -0.7352192600161753 -0.16786226655716946 0.5221639388045491 0.3982709130474839
60845 47213.9784 -0.7541620986864664 0.0018566428141982144 0.5983845299864659 0.2705033013757159
60845 47633.9784 -0.7344296930406113 0.17144138753739854 0.6439037170059049 0.12887544314377541
60845 48053.9784 -0.6770960049166247 0.33211510062945704 0.6564070919506415 -0.019242912896278077
60845 48473.9784 -0.585182332265559 0.4756888367317169 0.6353282637855932 -0.16625211531962708
60845 48893.9784 -0.4634804652279893 0.5948710648260078 0.5818206040176009 -0.3046293802728367
60845 49313.9784 0.3182794401431114 -0.683656475546376 -0.49868821905811966 0.4273430490815731
60845 49733.9784 -0.1570042147200063 0.7376103421379274 0.39021953737616083 -0.5282133777000151
60845 50153.9784 0.012158534527081002 0.7540605945683114 0.26195102488150623 -0.6021847310593045
60845 50573.9784 0.1807025865680675 0.7321986423443285 0.12035113577623563 -0.6455597009371807
60845 50993.9784 0.34016145504615497 0.6730794133412419 -0.027461619771180334 -0.6561251003251097
60845 51413.9784 0.4824651547635768 0.5795943244667963 -0.17402270458496782 -0.633256576573642
60845 51833.9784 0.6003076632026295 0.4564019628034427 -0.3118432623619087 -0.5779980428763101
60845 52253.9784 0.6875717191173979 0.3097171818149772 -0.4338339652916203 -0.4930603298967416
60845 52673.9784 -0.7396490601170927 -0.14708765884169464 0.5336378813520672 0.3827729092692528
60845 53093.9784 -0.7538032632813332 0.023088892991710703 0.6060760866430357 0.25282270563834636
60845 53513.9784 -0.7292913376866782 0.19208675686281018 0.6474275340296127 0.10988362386378504
60845 53933.9784 -0.6674187129189482 0.3511298162863614 0.6555691665921067 -0.03858991544498899
60845 54353.9784 -0.5714513355925054 0.4920799089443219 0.6301543920070174 -0.18494911867093577
60845 54773.9784 0.4464071498256225 -0.6077747628685977 -0.5725737856171884 0.3216982347302919
60845 55193.9784 0.2987638889209113 -0.6923961645307304 -0.4858592836665808 0.44189189457941414
60845 55613.9784 -0.13607401023321422 0.7417477266625522 0.374486387989487 -0.5394943178019344
60845 56033.9784 0.03341549822395311 0.75340880734768 0.24413921446675663 -0.609634823028464
60845 56453.9784 0.2012041523950648 0.7268199126688355 0.1013812406923274 -0.6488232021458036
60845 56873.9784 0.3588813252552228 0.663270331002856 -0.046626741271896005 -0.6550592411322662
60845 57293.9784 0.49848040496083434 0.5658614524477366 -0.19242095197076264 -0.6279269700741368
60845 57713.9784 0.6128206749349979 0.4394417359832732 -0.32855209538218927 -0.5686785574190341
60845 58133.9784 0.6959500303366886 0.2903794208655102 -0.44801758102338896 -0.4802224425265071
60845 58553.9784 -0.7434662599030338 -0.12633485091086458 0.5445829802346969 0.3670514997514925
60845 58973.9784 -0.7528492602542037 0.04421843057799621 0.6132200605371493 0.23499761506605152
60845 59393.9784 -0.7236011074062412 0.21247353361964808 0.6503802978824816 0.09089501085283089
60845 59813.9784 -0.6572947319549144 0.36970374117385113 0.6541778656229271 -0.05774165944451896
60845 60233.9784 -0.5574427667986348 0.5078745488832535 0.6245062425975852 -0.20325589117455073
60845 60653.9784 0.429269645573791 -0.6199867377458441 -0.5629887250571031 0.3382125247042092
60845 61073.9784 -0.2794089756460377 0.7004261778645469 0.4728637746470895 -0.45577806476069116
60845 61493.9784 -0.11549796719160145 0.7452281263835208 0.3587649426983857 -0.5500754267481314
60845 61913.9784 0.05418553655828727 0.7521993242748067 0.22649175943711652 -0.616410242529676
60845 62333.9784 0.22115277299204947 0.7209964089101185 0.08268335342800272 -0.651474552382931
60845 62753.9784 0.3770366549211059 0.6531145621039809 -0.06545487377935336 -0.6534526678437829
60845 63173.9784 0.5139440712346035 0.5518486162406467 -0.21045595896636995 -0.6221196715517279
60845 63593.9784 0.6247859803368011 0.4222504217702164 -0.34487736768206684 -0.5589335035137408
60845 64013.9784 0.7037739408738444 0.27086795789216944 -0.461778671342197 -0.46700454840146866
60845 64433.9784 -0.7467103309624706 -0.10549641547627894 0.5550487457089923 0.3510200533337778
60845 64853.9784 -0.7513155014763881 0.06529605491819185 0.6198230446655767 0.21698118755988627
60845 65273.9784 -0.717360026358864 0.23266926480185604 0.652761237524195 0.0718496526425513
60845 65693.97839999999 -0.6466716513324786 0.3879775356496345 0.6522163444903359 -0.07683129033034206
60845 66113.97839999999 -0.5429877201253563 0.5232946302804998 0.6183072623621432 -0.221411822229289
60845 66533.97839999999 0.41172923215670193 -0.6317725445450995 -0.5528724538329167 0.3545060523311728
60845 66953.97839999999 -0.25968597107818936 0.7079840131231673 0.4593519853377575 -0.46938000293307525
60845 67373.97839999999 -0.0945925556683188 0.7481793207303439 0.3425498371364068 -0.5603030979045526
60845 67793.97839999999 0.07522035546701332 0.7503963985258949 0.2083949856351189 -0.6227508917415704
60845 68213.97839999999 0.24125990023963523 0.7145253038616889 0.0636178377166781 -0.6536054019069739
60845 68633.9784 0.3952009721648123 0.6422911751671081 -0.08452467721913902 -0.6512555695296914
60845 69053.97839999999 0.5292382431320679 0.5372052941817124 -0.22856596732544623 -0.615690630503831
60845 69473.97839999999 0.6364166034461963 0.4045258505711038 -0.3610929197821474 -0.5485842199343104
60845 69893.97839999999 0.7111262797760707 0.25097118737543517 -0.47525577282299425 -0.453260220753629
60845 70313.97839999999 -0.7493962644660446 -0.0844555356024624 0.565086469112901 0.33458897730791076
60845 70733.97839999999 -0.7491930590208717 0.08641356180312408 0.6259086082923195 0.19869793838139868
60845 71153.97839999999 -0.7105322262750983 0.25278200201250933 0.6545786300732827 0.0526500895961718
60845 71573.97839999999 -0.6354833670236246 0.40605701943320904 0.649668555097005 -0.09596538815377875
60845 71993.97839999999 -0.5280110037061287 0.5384126066583206 0.611520735757745 -0.23949662773188568
60845 72413.9784 0.3937354214384578 -0.6431517536760307 -0.5421951770249438 0.37061115695431546
60845 72833.97839999999 -0.23960505163122656 0.7150410484668243 0.44533818180503426 -0.48267962673687387
60845 73253.97839999999 -0.07345632913776694 0.7505597419193526 0.325921997612931 -0.5701219983403161
60845 73673.97839999999 0.09633680796975266 0.7479868889840828 0.19000234085712586 -0.6285968054380526
60845 74093.97839999999 0.2612908678577602 0.7074514692745808 0.044395366437235385 -0.655185891510401
60845 74513.97839999999 0.41313410735977596 0.6309098703638264 -0.10360543738752864 -0.6484896746728352
60845 74933.97839999999 0.5441664055738346 0.5220858445122332 -0.24653891069295716 -0.6087099962372322
60845 75353.97839999999 0.6475756582281106 0.38642632706225927 -0.3770453590533909 -0.537733444970555
60845 75773.9784 -0.7179341566604999 -0.23081358484470182 0.4883645864703129 0.4390850332600678
60845 76193.97839999999 -0.751493875862169 -0.06327123038719658 0.5746734734022009 0.31781142980515215
60845 76613.97839999999 -0.7464633254861618 0.10754544028847196 0.6314782142163161 0.1801714376572259
60845 77033.97839999999 -0.7031073128152512 0.2727747830133189 0.6558379125638298 0.03332651889519142
60845 77453.97839999999 -0.6237341754373945 0.42389264788299325 0.6465464144163428 -0.11510184823689447
60845 77873.97839999999 -0.5125384870879928 0.5531696965136733 0.6041713434866923 -0.25745790689354836
60845 78293.97839999999 0.37533982395638166 -0.6540675674767339 -0.5309965782107542 0.3864689737300149
60845 78713.97839999999 -0.21924176207862758 0.7215564101237865 0.43087348586462404 -0.4956182360938712
60845 79133.97839999999 -0.05217610821746863 0.7523492173785882 0.3089429543033299 -0.5794847364922009
60845 79553.9784 0.11745084772240152 0.7449713176733124 0.17138097199978292 -0.6339176576258052
60845 79973.97839999999 0.2811728594770165 0.699792497926997 0.025077164606281385 -0.6562037936143934
60845 80393.97839999999 0.4307824047265179 0.6189975430214429 -0.12264634023998956 -0.6451561336120059
60845 80813.97839999999 0.558688622691756 0.5065199377045282 -0.26433961787680327 -0.6011897720381936
60845 81233.97839999999 0.6582364895956541 0.36798571543979225 -0.3927061610942525 -0.5263963412065759
60845 81653.97839999999 -0.7241786597397062 -0.21043339409528258 0.5010807903936844 0.4245009975554626
60845 82073.97839999999 -0.7529905517254755 -0.04199051875050677 0.5837881557499184 0.300721490009172
60845 82493.97839999999 -0.7431329012448259 0.12858931051402456 0.6365062079107362 0.16148723664757633
60845 82913.9784 -0.6951285185209354 0.29251629191467227 0.6565322103108151 0.014000661690631752
60845 83333.97839999999 -0.611527022015608 0.44132275894984846 0.6428790479083318 -0.1340725681789257
60845 83753.97839999999 -0.49673803269804173 0.5674037732440882 0.5963400889646825 -0.275105040435913
60845 84173.97839999999 0.3567604793492017 -0.6643882918801832 -0.5194110882134365 0.40189834464450575
60845 84593.97839999999 -0.19883302434997877 0.7274493332680384 0.416130432628794 -0.5080535001315314
60845 85013.97839999999 -0.03097158024061342 0.7535229969001244 0.2917930756272216 -0.5883032002089237
60845 85433.97839999999 0.13838998153807514 0.7413666955911754 0.15268716345786354 -0.6386785308692506
60845 85853.97839999999 0.30079331541944704 0.6915821881288728 0.0057735044676605505 -0.6566613473534278
60845 86273.97839999999 0.4480896479368291 0.6065809481385108 -0.1415841037991801 -0.6412715199653082
60846 293.9784 0.5727898149031596 0.4905144943315887 -0.2819404426955384 -0.5931415898134895
60846 713.9784 0.6683962958494906 0.3491955275380951 -0.4080650650570046 -0.5145792241454121
60846 1133.9784 -0.7298533820408536 -0.18982768219156015 0.5133932607522749 0.409520270086176
60846 1553.9784 -0.753879344442853 -0.02064188619434607 0.5924105197187141 0.283354235336896
60846 1973.9784 -0.7391741927166312 0.14967136263385256 0.6410144071424823 0.1425500819530262
60846 2393.9784 -0.6865378718086965 0.31213620078362464 0.6566636869863842 -0.005435524463971007
60846 2813.9784 -0.5986421466842305 0.4586401185984139 0.6386027661655103 -0.15317744243552137
60846 3233.9784 -0.48003804147176254 0.581595453234854 0.5877522276044695 -0.2930145499160116
60846 3653.9784 0.33692581191862236 -0.6746614243290634 -0.5067886212571432 0.41770594100340547
60846 4073.9784 -0.1767828665278966 0.7331183696660932 0.39998814630930773 -0.5208596326961358
60846 4493.9784 -0.007837062927228241 0.7541145587078738 0.2728972756617865 -0.5973080358792089
60846 4913.9784 0.16128011854478752 0.7367186697898358 0.13207162602584185 -0.6432662050381353
60846 5333.9784 0.3220772060779167 0.6819188442466241 -0.015360420540877485 -0.656518865431298
60846 5753.9784 0.4665224343244949 0.5925067738467155 -0.1619899544346121 -0.6364367964534866
60846 6173.9784 0.5873631343755306 0.47294899801233486 -0.300452695072989 -0.5839965510849002
60846 6593.9784 0.6784392579114087 0.3292360884227291 -0.42372738787243136 -0.5017757189935799
60846 7013.9784 -0.7350395303609634 -0.16859323209405988 0.5255197029815153 0.39385562415310615
60846 7433.9784 -0.754152188874745 8.225294687956554E-4 0.6005617287366463 0.26566785548416416
60846 7853.9784 -0.7346715497249672 0.17035124543044927 0.6449241614091444 0.1237375983107867
60846 8273.9784 -0.6774981798462583 0.3312659266945295 0.6562408906006816 -0.02463728109686738
60846 8693.9784 -0.5855374011885206 0.4752334559525833 0.6338714545310334 -0.1717733776912756
60846 9113.9784 -0.46354590738014834 0.5948103129242351 0.5789587287402882 -0.3100526952076336
60846 9533.9784 0.31789550049970117 -0.6838302972139039 -0.4943874659483657 0.4323188740820161
60846 9953.9784 -0.15619542426202215 0.7377795673217993 0.38462402759753644 -0.5323050411904017
60846 10373.9784 0.013264950241528245 0.7540397345370804 0.25535451524833275 -0.6050142075824566
60846 10793.9784 0.18183546666804645 0.7319150181253243 0.11323807164866379 -0.6468488296607733
60846 11213.9784 0.34105039392813213 0.672625759340137 -0.034532314317017455 -0.6557947361343187
60846 11633.9784 0.4829479324447438 0.5791880108677628 -0.18053009737264664 -0.6314360035324357
60846 12053.9784 0.6003981584024491 0.45627522147760224 -0.31741436429644726 -0.5749635597068695
60846 12473.9784 0.6874086214434643 0.31005727833537844 -0.4382373460512463 -0.4891644916001302
60846 12893.9784 -0.7394777019036178 -0.14789875977131742 0.5368255599238858 0.37830808008534095
60846 13313.9784 -0.7538286207947879 0.02196923030748922 0.6080819049533678 0.2479841935660579
60846 13733.9784 -0.7296034893408682 0.19086639551992088 0.6482742168589682 0.10482989630231512
60846 14153.9784 -0.6679508787689351 0.3500969040510816 0.6552524410989399 -0.04379520247167905
60846 14573.9784 -0.5720014924059037 0.49142548919586426 0.6285989063868345 -0.1902069823726258
60846 14993.9784 0.44671766991931106 -0.6075362289610287 -0.5696761221657455 0.3268213115998902
60846 15413.9784 0.2986386116406085 -0.6924449918495269 -0.4815717648396678 0.44656863773566324
60846 15833.9784 -0.1355048506298303 0.7418495999109352 0.3689358010026873 -0.5433083666816462
60846 16253.9784 0.034335840036327815 0.7533657740036434 0.23759340549157482 -0.612217636397227
60846 16673.9784 0.2022294871094752 0.7265328786431398 0.09430222817497379 -0.6498925300041434
60846 17093.9784 0.3597419640926897 0.6628017358491418 -0.0536859225407799 -0.6545207406545983
60846 17513.9784 0.4989890498974596 0.5654109475832498 -0.1989278727044343 -0.6258978270426656
60846 17933.9784 0.6129629715106722 0.43923834371492837 -0.3341149913074769 -0.5654319106231782
60846 18353.9784 0.6958438980577997 0.29062854263655047 -0.4523800338036318 -0.47611828861797173
60846 18773.9784 -0.743339846034752 -0.12707634165597856 0.5476782980201271 0.3624168298605087
60846 19193.9784 -0.7529142417584841 0.04311407915541226 0.6150849347344549 0.2300692152343268
60846 19613.9784 -0.72396108534773 0.21124661860753502 0.6510691340942443 0.08581489182414954
60846 20033.9784 -0.6578746761912727 0.36866896811248356 0.6536997848979387 -0.06293404167454417
60846 20453.9784 -0.5580105777067805 0.5072462612948316 0.6227811159227657 -0.20849246322050802
60846 20873.9784 0.42953629504547247 -0.6197994719705658 -0.5598948625078396 0.34331462060469253
60846 21293.9784 -0.2791521989193972 0.7005279450365706 0.46833614896732517 -0.4604301245919518
60846 21713.9784 -0.114720830295254 0.7453469385876496 0.35293678796241573 -0.5538345384112107
60846 22133.9784 0.05534790345200284 0.7521130146190668 0.21965831423297325 -0.6188803178421622
60846 22553.9784 0.2224216043608785 0.7206035181610541 0.07533397840005523 -0.6523679875851237
60846 22973.9784 0.3781099529916671 0.6524915131900252 -0.07273677654222645 -0.6526844949911687
60846 23393.9784 0.5146095655218452 0.5512270778194923 -0.21710497222842484 -0.6198315374242391
60846 23813.9784 0.6250391989570735 0.42188149816087245 -0.35049668094935565 -0.5554224319561852
60846 24233.9784 0.703742577725939 0.27096344092963787 -0.4661269966106791 -0.46265626658020015
60846 24653.9784 -0.7466301474225234 -0.10610037834508401 0.5580730034745829 0.34618009109090775
60846 25073.9784 -0.7514047525886421 0.06432217947544902 0.6215764937345616 0.21188727534087112
60846 25493.9784 -0.7177156754540428 0.23158561909258157 0.6533094162005406 0.06662669840808325
60846 25913.9784 -0.6472116101556334 0.38708251590528486 0.6515662710432086 -0.08213191827198064
60846 26333.9784 -0.5436885326417863 0.5225692919332413 0.6164726948170622 -0.22646309003279416
60846 26753.9784 0.4123600910839717 -0.6313619580249153 -0.5498302162355677 0.359204630474765
60846 27173.9784 -0.2598479862668605 0.7079252559769509 0.45496984891219444 -0.47362779961045504
60846 27593.9784 -0.09400118717028001 0.748253774522903 0.3367544175565637 -0.563805399033165
60846 28013.9784 0.07671726535076044 0.750243862912636 0.20121093887945155 -0.625110202631725
60846 28433.9784 0.2433742603574101 0.7138060910438544 0.05546012401145686 -0.6543500656596667
60846 28853.9784 0.39750871252007225 0.6408634547543364 -0.09305289625701982 -0.6500938504009646
60846 29273.9784 0.5312528248377056 0.5352134192352703 -0.23670829618837166 -0.6126060842727952
60846 29693.9784 0.637811916712887 0.4023255624901983 -0.3681678903219966 -0.5438589019238623
60846 30113.9784 -0.7118022784837403 -0.24905632842569553 0.4807448040569374 0.44742920667824604
60846 30533.9784 -0.7495396004711649 -0.08319582687787991 0.5687902247764273 0.3282476533265906
60846 30953.9784 -0.7491458841980556 0.08683690799421064 0.6278751016185735 0.19238672606649468
60846 31373.9784 -0.710641697700383 0.2524774471714397 0.6550282720292275 0.046706305802480225
60846 31793.9784 -0.6359203905227186 0.40537288434743307 0.6488358951641194 -0.10143994627291229
60846 32213.9784 -0.5286696793105049 0.5377664849043768 0.6095153019893178 -0.24455403192789402
60846 32633.9784 0.39434910988341254 -0.6427759023396875 -0.539005293700413 0.37523487613559103
60846 33053.9784 -0.23976982623129492 0.7149861775400127 0.4408406216037848 -0.4867902450745335
60846 33473.9784 -0.07287617124409218 0.7506160406420068 0.32004380154064044 -0.5734427506657783
60846 33893.9784 0.09771409063670894 0.7478068914299258 0.18285831611993678 -0.6307136004929127
60846 34313.9784 0.2632734675580365 0.7067139171348696 0.03632990019175895 -0.655684877788037
60846 34733.9784 0.4153077442920401 0.629478404739591 -0.11199420587473183 -0.6470963709897045
60846 35153.9784 0.5460517183650898 0.5201105534403354 -0.25450261074535935 -0.6054262582629832
60846 35573.9784 0.6488577113950268 0.3842680258449245 -0.3839104424989281 -0.5328550711185263
60846 35993.9784 -0.7185226599251954 -0.2289695572049313 0.4936262494289476 0.43316423550670724
60846 36413.9784 -0.7515884535725992 -0.062101242531898485 0.5781529482384801 0.3114440568954506
60846 36833.9784 -0.7464114978744754 0.10787757642994679 0.6332415896316775 0.17388902640801981
60846 37253.9784 -0.7032481074765798 0.2723995611499505 0.6561151246969515 0.02745034717133682
60846 37673.9784 -0.624228687365314 0.4231564625312312 0.6455722776499806 -0.12047235541006199
60846 38093.9784 -0.5132338234756871 0.5525203228117755 0.6020372491281462 -0.2624185320870327
60846 38513.9784 0.37593677696193184 -0.653722060234645 -0.5276674607837697 0.3910064686422143
60846 38933.9784 -0.2193327642176354 0.7215268515556006 0.42621804937103647 -0.4996301786474293
60846 39353.9784 -0.051490285585340495 0.7523948172582697 0.3029015375931246 -0.5826675278209313
60846 39773.9784 0.11895419553636968 0.7447303172213595 0.16407708833530432 -0.6358501105284776
60846 40193.9784 0.2832671395192979 0.6989440689517167 0.0168852199396112 -0.6564691961496469
60846 40613.9784 0.43302498221536234 0.6174270857080617 -0.1310950716503836 -0.6434961078362601
60846 41033.9784 0.5605888200755766 0.5044122701745137 -0.2722779763388277 -0.5976396406736244
60846 41453.9784 0.6594837881838889 0.36573974337283544 -0.39945783144489977 -0.5212955151711341
60846 41873.9784 -0.7247169366646896 -0.20855683574589212 0.506169953525975 0.41842727698194054
60846 42293.9784 -0.7530487240605376 -0.04083350786799026 0.5870697629539773 0.29427765333295697
60846 42713.9784 -0.7430631577543767 0.1289536512840925 0.6380907077164906 0.15513976967387566
60846 43133.9784 -0.6952370318105243 0.29224099785693014 0.6566398962819958 0.00804458710236634
60846 43553.9784 -0.6119255991175047 0.4407582786266873 0.6417175119856475 -0.13956301722760442
60846 43973.9784 -0.49736842274633986 0.5668419594226841 0.5940317474014168 -0.2800734335346523
60846 44393.9784 0.35748114589655783 -0.6639951398921653 -0.5160324192035382 0.40623666360757205
60846 44813.9784 -0.19933358235386225 0.7273097699764881 0.41165752891392154 -0.5116880889088662
60846 45233.9784 -0.03077938960297269 0.7535292471757825 0.2860592391506974 -0.5911145527923425
60846 45653.9784 0.1397094820105867 0.7411174155009219 0.1454891343078095 -0.640358609589917
60846 46073.9784 0.3027373874392805 0.6907306941467969 -0.0022974508596648596 -0.6566855443280829
60846 46493.9784 0.45001825356676795 0.6051470607694963 -0.14969437049310294 -0.639431154809827
60846 46913.9784 0.5741550361475191 0.48890712113400614 -0.2892028563000961 -0.589641865269729
60846 47333.9784 0.6689973943362433 0.34802632496605973 -0.4138194956710968 -0.50997410571955
60846 47753.9784 -0.7298922730584653 -0.18965239123446404 0.5173551588887845 0.40451561131773045
60846 48173.9784 -0.7538427945350485 -0.021709028254593154 0.5946837093072553 0.27856964139043167
60846 48593.9784 -0.7396122185100155 0.14745295618487367 0.6419323115944254 0.1383990580678655
60846 49013.9784 -0.6877742341891461 0.30938503129736905 0.6566323862313633 -0.009023000984440642
60846 49433.9784 -0.6007387747524923 0.4558786670136576 0.6378580445336914 -0.15628397388849677
60846 49853.9784 -0.4827625130010983 0.5793248772095834 0.5863592626062206 -0.29581389055089113
60846 50273.9784 0.33979462120046655 -0.6732118953235076 -0.50461611762684 0.4203426378912532
60846 50693.9784 -0.1792466990275485 0.7325122557700208 0.3968080379419236 -0.5232970447643709
60846 51113.9784 -0.00953412019244876 0.7540885155045999 0.2685808341201776 -0.5992695110545291
60846 51533.9784 0.16050799332821572 0.7368809990978202 0.12664329937473914 -0.6443640678760943
60846 51953.9784 0.3220474821577292 0.6819250397705574 -0.021561592243838797 -0.6563526164415749
60846 52373.9784 0.46685867592276553 0.5922297999117626 -0.16839319993955443 -0.6347838774151665
60846 52793.9784 0.5876759691710739 0.472544772049408 -0.30638145846976433 -0.580920644816099
60846 53213.9784 0.6785176539630059 0.3290590001777985 -0.4286041971593199 -0.4976267776556452
60846 53633.9784 -0.7349309701676326 -0.1690432294573916 0.5290018449387257 0.3891759290019136
60846 54053.9784 -0.7541462246399231 -5.021986439426706E-4 0.6026053004028106 0.26101737793547597
60846 54473.9784 -0.7351624140966303 0.1681875448016292 0.6457273858365077 0.11952120252894301
60846 54893.9784 -0.6787884719277208 0.32859872672810325 0.6561019602894118 -0.028271980388539595
60846 55313.9784 -0.5876617697285714 0.4725938207131016 0.6330164676419817 -0.17492534612612384
60846 55733.9784 -0.4662562509807928 0.5926756105183183 0.577444094019928 -0.31288823467746285
60846 56153.9784 0.32070539889153366 -0.6824995468552089 -0.4920827952114094 0.4349677440008429
60846 56573.9784 -0.15856353544586926 0.7372567734387019 0.38129998168267587 -0.5347152318893229
60846 56993.9784 0.011670449471814155 0.754049961682257 0.2509024046939803 -0.6068940922557171
60846 57413.9784 0.18114914906513555 0.7320686956598392 0.10770629596659356 -0.6478115192222468
60846 57833.9784 0.34108165190350104 0.6725908277043464 -0.04079245076267279 -0.655454698040632
60846 58253.9784 0.4833200752267298 0.5788572369102725 -0.18693026908357713 -0.6295896113022945
60846 58673.9784 0.6007278813804825 0.4558221850252534 -0.32328021791223704 -0.5717010135355167
60846 59093.9784 0.687495300123047 0.3098445025733217 -0.44300789216638675 -0.4848614276389772
60846 59513.9784 -0.7393847477959182 -0.1483176309946026 0.5401827120591347 0.3735166832356397
60846 59933.9784 -0.7538541817731326 0.02068251610786234 0.6100002278214167 0.24326082341476316
60846 60353.9784 -0.7301388621402083 0.18876145493659993 0.6489627682389535 0.10056679652079065
60846 60773.9784 -0.6692825639334453 0.3475214272328135 0.6550090449518866 -0.04746428404557803
60846 61193.9784 -0.5741471476439154 0.48890402283504225 0.627640227280208 -0.1933795604703802
60846 61613.9784 0.44941681394375554 -0.6055344829266465 -0.568048396339006 0.32965669528781955
60846 62033.9784 0.3014045797964552 -0.6912386485053319 -0.4791439558516157 0.44918312486235445
60846 62453.9784 -0.13779454601277707 0.741421600291157 0.36548423870304325 -0.5456445225332051
60846 62873.9784 0.03283405905286955 0.7534272871196128 0.23303024135138958 -0.6139756951259603
60846 63293.9784 0.20162572276348453 0.7266948930252926 0.08869829188726008 -0.6506874928776051
60846 63713.9784 0.35983296835914563 0.6627455254177438 -0.0599610226324988 -0.6539826291159956
60846 64133.9784 0.4993904201785289 0.5650490346442568 -0.2052799967703127 -0.62385007782919
60846 64553.9784 0.6132981932912193 0.438761749628379 -0.33987747543702407 -0.5619935541083412
60846 64973.9784 0.6959311999619171 0.29040925789219285 -0.4570074202128157 -0.4716846888764771
60846 65393.9784 -0.7432625922387267 -0.12749756474974844 0.5508782384236931 0.35754476138332764
60846 65813.97839999999 -0.7529802855068521 0.04183273501921324 0.6168534076255194 0.22530553792487337
60846 66233.97839999999 -0.7245553996855003 0.20917498225855993 0.6516265396775724 0.08153620282763467
60846 66653.97839999999 -0.6592649508862168 0.3661658428943945 0.6533419651505483 -0.06660763172228347
60846 67073.97839999999 -0.5601934755261936 0.5048288600780889 0.6217153133837809 -0.2116628477419886
60846 67493.97839999999 0.43223091297051713 -0.6179205920323069 -0.5581546282763266 0.3461415761633272
60846 67913.97839999999 -0.28186636979672874 0.6994413114360197 0.46577942481680523 -0.4630148257362831
60846 68333.97839999999 -0.1169075576793484 0.7450107022851146 0.34933566244556624 -0.5561081471996321
60846 68753.9784 0.05399079941767538 0.7522157601199773 0.21493564319514286 -0.6205313151563387
60846 69173.97839999999 0.2219674652257072 0.7207475309142677 0.0695908681318337 -0.6530011884636344
60846 69593.97839999999 0.3783212738108576 0.6523728090217137 -0.07909776064093463 -0.6519403930520322
60846 70013.97839999999 0.5150810108851599 0.5507898640692281 -0.22346686774067162 -0.617563467901313
60846 70433.97839999999 0.6253966914261235 0.4213544119109138 -0.35618465979823866 -0.5517897480389418
60846 70853.97839999999 0.70382746644534 0.2707487897714681 -0.47060867691866487 -0.45809329128822956
60846 71273.97839999999 -0.7465635884831618 -0.10658489687100547 0.5610904914053377 0.34126225775004465
60846 71693.97839999999 -0.7515236607764864 0.06294241841065114 0.6231661381784224 0.20715791919576368
60846 72113.9784 -0.7184127348951929 0.2294202292013707 0.6537209802459776 0.062437014341159384
60846 72533.97839999999 -0.6487373618696746 0.384524784103262 0.6511042550793923 -0.08569582686586535
60846 72953.97839999999 -0.5458026537208407 0.5203653043506439 0.6152443548713726 -0.22976900795855468
60846 73373.97839999999 0.4146988780468351 -0.6298332681813572 -0.547764854219884 0.3623376316643856
60846 73793.97839999999 -0.2620889871842521 0.7071023199537446 0.4519968652814609 -0.47646039257056605
60846 74213.97839999999 -0.0959055423213711 0.7480157395577601 0.3328683241450665 -0.5661035763062763
60846 74633.97839999999 0.07512311694259746 0.7504091947282643 0.1966416778200761 -0.6265577453932016
60846 75053.97839999999 0.2421372647359649 0.7142305656609748 0.05042377960235804 -0.6547531493260662
60846 75473.97839999999 0.3964928211666716 0.6414959512123992 -0.09814849232982116 -0.6493406354100872
60846 75893.9784 0.5303336955757141 0.5361271594091969 -0.24142536551269497 -0.6107598817603306
60846 76313.97839999999 0.6369657888222268 0.403666530645489 -0.37214309822620906 -0.541144555871452
60846 76733.97839999999 -0.7111418725346211 -0.250941113580169 0.48376772536390505 0.4441560340008123
60846 77153.97839999999 -0.7492654054005407 -0.08565624836987865 0.570796375277174 0.3247396762879471
60846 77573.97839999999 -0.7494785000175463 0.08394756078444873 0.6289357265817861 0.1888773064156487
60846 77993.97839999999 -0.7117123044076452 0.24945359174657336 0.6552577877564527 0.043309732208972405
60846 78413.97839999999 -0.6376991980812138 0.4025751254941324 0.6483125329243836 -0.10470845597720549
60846 78833.97839999999 -0.5309669048208263 0.5355019978359252 0.6082423807257986 -0.24769530190889155
60846 79253.9784 0.39680809180730464 -0.6412636030664838 -0.5368893375290209 0.37825146253000275
60846 79673.9784 -0.2420651921408064 0.7142151565379203 0.4377982926017363 -0.4895240626571412
60846 80093.97839999999 -0.07479241856984231 0.7504306189479046 0.3160846208206794 -0.5756305175636413
60846 80513.97839999999 0.09621568857400394 0.7480043846590887 0.1781601634065639 -0.6320529550424986
60846 80933.97839999999 0.26209337589582515 0.7071553603419339 0.031230614653320943 -0.6559443630061738
60846 81353.97839999999 0.41429084596317334 0.6301503812215316 -0.11705891399040746 -0.6461971855810444
60846 81773.97839999999 0.5450877643173304 0.5211223736274155 -0.2590939399613507 -0.6034742174871821
60846 82193.97839999999 0.6479596053451313 0.3857824580944139 -0.3876913565306038 -0.5301090990910019
60846 82613.97839999999 -0.7178494400185382 -0.23107825857333544 0.4964364697184714 0.42993703191659005
60846 83033.9784 -0.751363279412945 -0.06479615796587267 0.5799677494583283 0.3080455970322056
60846 83453.97839999999 -0.7468550950028949 0.10478152429298636 0.6341528887780321 0.17052393641225838
60846 83873.97839999999 -0.7044702017987028 0.2692304546893803 0.6562401346122703 0.024198817523049154
60846 84293.97839999999 -0.6261635006650925 0.4202927712636793 0.6449742905386799 -0.12361804642712876
60846 84713.97839999999 -0.5156938309050084 0.5502265777746743 0.6007161693787013 -0.2654254504072024
60846 85133.97839999999 0.3785635726611775 -0.6522031599441857 -0.5255343237614492 0.3938709613076605
60846 85553.97839999999 -0.22180326746852108 0.7207682692770154 0.4231980442673977 -0.5021950098039138
60846 85973.97839999999 -0.05358938141731495 0.7522439442608346 0.2990132675104907 -0.5846779390184921
60846 86393.97839999999 0.11725087975482605 0.7449951964007155 0.15951847436367828 -0.6370151056868769
60847 413.9784 0.2817969479553303 0.6995320402039791 0.012057480563773431 -0.6565820756109426
60847 833.9784 0.43167616541849313 0.6183634668350385 -0.13577588531723128 -0.6425318825238636
60847 1253.9784 0.5593212435802076 0.5058103018969324 -0.27642698187746506 -0.5957380369465589
60847 1673.9784 0.6583753158997904 0.36772487058244835 -0.4028070427558673 -0.5187165403910363
60847 2093.9784 -0.7239614585583344 -0.2111543437729418 0.5086177140126247 0.41545357215996986
60847 2513.9784 -0.7528698324377433 -0.043964057058595574 0.5886224651468854 0.2911662250614183
60847 2933.9784 -0.7436494383147126 0.1255158656879975 0.6388357067559095 0.15205334632451423
60847 3353.9784 -0.6966554472967728 0.28883728935230607 0.6566725277261332 0.005039777883661389
60847 3773.9784 -0.6140738407606959 0.43775622731968905 0.6410755668463 -0.142495337218224
60847 4193.9784 -0.49991720813228296 0.5645925176163431 0.5926382150409343 -0.2830159361908059
60847 4613.9784 0.3599120285367507 -0.6626757394685887 -0.5136724210951366 0.4092246813678043
60847 5033.9784 -0.2012799868574682 0.7267650122688687 0.4081845720570977 -0.5144748185937311
60847 5453.9784 -0.03230912233852771 0.7534542742704637 0.28167003954226316 -0.5932324721570311
60847 5873.9784 0.13819454033305467 0.7413893250120924 0.14074655832801264 -0.6414316363409814
60847 6293.9784 0.30132708839377753 0.6913337221485439 -0.007164980023745783 -0.6566645517169535
60847 6713.9784 0.4488121407413907 0.6060268100783904 -0.1544672262551443 -0.6383095203757991
60847 7133.9784 0.5732214282852607 0.4899834222216609 -0.2936549486986809 -0.5874523054745214
60847 7553.9784 0.6683663414621704 0.3492123353991149 -0.4177229405352175 -0.506798503703573
60847 7973.9784 -0.72956050712215 -0.1908730822434782 0.5204920846835963 0.400495846051204
60847 8393.9784 -0.7537943916241241 -0.02291539469158172 0.5968636890645665 0.2739026040737512
60847 8813.9784 -0.7398303518923856 0.14629158916378593 0.6430178670534513 0.13333358169925935
60847 9233.9784 -0.688249677868889 0.3082940844571858 0.6565557629493394 -0.014201004897082592
60847 9653.9784 -0.6014719191178024 0.45489027499173496 0.6366288218146784 -0.16127650624175252
60847 10073.9784 -0.4837524083994695 0.578487032631489 0.5840625311204276 -0.30034533488324244
60847 10493.9784 0.3410215657844616 -0.6725854899370504 -0.5013994549605436 0.4241834944470633
60847 10913.9784 -0.18066135622988028 0.7321624694792767 0.3928591298239668 -0.526271124768539
60847 11333.9784 -0.011051699649433942 0.7540666529498068 0.2641082953452015 -0.6012554791216342
60847 11753.9784 0.15900640865231505 0.7372048468745351 0.1218561262102062 -0.6452883543480608
60847 12173.9784 0.3206922201035709 0.6825617679338004 -0.02646480298442422 -0.6561749363722477
60847 12593.9784 0.4657387682927189 0.5931093017368853 -0.1731916059538699 -0.6334930335287714
60847 13013.9784 0.5868381533484939 0.4735796607655357 -0.31084161012818345 -0.5785505855987427
60847 13433.9784 0.6779694216905406 0.3301684417653744 -0.43248607116801047 -0.4942692197178345
60847 13853.9784 -0.7346618075079203 -0.17017329422282382 0.5320737259272027 0.3849813355222455
60847 14273.9784 -0.7541380489131796 -0.0016233207061646805 0.6046756093653611 0.25620416751086794
60847 14693.9784 -0.7354060557054287 0.16709078612997588 0.6466685233804557 0.11436093428785775
60847 15113.9784 -0.6792892684960938 0.32754518743793654 0.655865277080122 -0.03348101272219136
60847 15533.9784 -0.5884329876323733 0.47161973951140784 0.6316345456131683 -0.17988674536295743
60847 15953.9784 -0.4673002732050466 0.5918432218563247 0.575019685969346 -0.31733959121567035
60847 16373.9784 0.32199478692360733 -0.6818876085867182 -0.4887679627749195 0.4386963927533053
60847 16793.9784 -0.16002929775800012 0.7369375614426974 0.37727882508430216 -0.5375633381630304
60847 17213.9784 0.01013573863413581 0.754070391761824 0.24636811572209255 -0.6087510678644066
60847 17633.9784 0.1796712662414084 0.7324306461371826 0.10286114026083022 -0.6486009331711758
60847 18053.9784 0.33979758464107385 0.6732387706888748 -0.04575761873604654 -0.6551285365796786
60847 18473.9784 0.48230746006936176 0.5796998274217359 -0.19179438907797025 -0.6281262105396167
60847 18893.9784 0.600010191040297 0.4567638174244966 -0.32779391165305277 -0.569127171397376
60847 19313.9784 0.6870570426899937 0.3108145211531478 -0.4469067409546444 -0.48127052519317853
60847 19733.9784 -0.7391921962715102 -0.1492819734159597 0.5432192979316051 0.36908343736753063
60847 20153.9784 -0.7538822455573602 0.019726071648773803 0.6119774413225089 0.23823528966770394
60847 20573.9784 -0.7303884822840817 0.18780293305813023 0.6497618271109113 0.09524857642510615
60847 20993.9784 -0.6697786753378256 0.34656613225911964 0.6546028585815216 -0.05275926051948184
60847 21413.9784 -0.5749229602858571 0.48798965711514014 0.6260884956478505 -0.19835039677854516
60847 21833.9784 -0.4504844612762477 0.6047386846949219 0.565476820179303 -0.33405215045260395
60847 22253.9784 -0.3027301543240889 0.6906582224892128 0.4757166672083823 -0.4528126830280968
60847 22673.9784 -0.13929086837288107 0.7411402404639276 0.3613829253210206 -0.5483717527730819
60847 23093.9784 0.03130091345068087 0.7534903307636228 0.22843027036092545 -0.6157046254866969
60847 23513.9784 0.20018723971782504 0.727089793653637 0.08379434102103432 -0.6513401641475215
60847 23933.9784 0.35863938103054777 0.6633898454311763 -0.06499868480192088 -0.6535035411739145
60847 24353.9784 0.49851071874307773 0.565824237021391 -0.21023017797154256 -0.6222003442360623
60847 24773.9784 0.6127312847402236 0.43955830923455086 -0.34447214776780294 -0.5591849469501972
60847 25193.9784 0.6956227379087262 0.29115983596456224 -0.46095909875379576 -0.4678158459282299
60847 25613.9784 -0.743148350590356 -0.12819291663073373 0.5539148619936445 0.3528107577768866
60847 26033.9784 -0.753022738550178 0.04115537257544647 0.6187626544269442 0.21999038165585447
60847 26453.9784 -0.7247649660604284 0.20846501370084253 0.6522925797461231 0.07597678883896924
60847 26873.9784 -0.6596925263071883 0.3654019026083268 0.6527588072199774 -0.07206358235202438
60847 27293.9784 -0.5609044760245179 0.5040423608754372 0.6199753085098569 -0.21669814040938243
60847 27713.9784 0.4332615906116949 -0.6172004324168023 -0.5554183316535038 0.3505117646932477
60847 28133.9784 -0.2831879576594753 0.6989087263651632 0.46223261003759464 -0.4665535200436426
60847 28553.9784 -0.11841909621070203 0.7447724523090774 0.3451616276186529 -0.5587077614941515
60847 28973.9784 0.05245677438637683 0.7523238577482253 0.2102919879010455 -0.6221208722655361
60847 29393.9784 0.22055505830783767 0.7211801635499737 0.06466064154467122 -0.6535087140902491
60847 29813.9784 0.3772290796798743 0.6530042846694522 -0.08419970797535667 -0.6513018001081194
60847 30233.9784 0.5143781959614736 0.5514472639270027 -0.2285365461947459 -0.6157045019164789
60847 30653.9784 0.6250385395119075 0.4218876246378894 -0.3609411010785015 -0.5486885982544742
60847 31073.9784 0.7036986182769047 0.271088854678702 -0.4747180435989956 -0.4538302177970381
60847 31493.9784 -0.7465397756198047 -0.10676198542867964 0.5642254267527526 0.3360504570604425
60847 31913.9784 -0.7515352668209966 0.06281574613887668 0.6250706429879326 0.20133458728187362
60847 32333.9784 -0.718479918555123 0.22921128224289408 0.6542678472068669 0.05641257693886928
60847 32753.9784 -0.6489592376194381 0.38414955575252935 0.6503136759831912 -0.09150491545682601
60847 33173.9784 -0.546312320216758 0.5198300517761512 0.6132636781315736 -0.2350047385358861
60847 33593.9784 0.41559193462427857 -0.6292440524388991 -0.5448178596924563 0.366754367534529
60847 34013.9784 -0.2633592333584959 0.7066298099815178 0.44831194424348336 -0.47992981413841873
60847 34433.9784 -0.09743096637152465 0.7478175381453903 0.328634975703448 -0.5685729409481889
60847 34853.9784 0.07357033815338798 0.7505610035155689 0.19198217545263863 -0.6280035267848189
60847 35273.9784 0.24077706845910768 0.7146878285758477 0.04545238932165643 -0.6551196770779599
60847 35693.9784 0.3952863301505992 0.6422374512764136 -0.10308981205712993 -0.6485771072309546
60847 36113.9784 0.5295185533507248 0.5369290725633039 -0.2462890906093805 -0.6088176710152804
60847 36533.9784 0.6366034192427679 0.40423506316936286 -0.37678196660978364 -0.5379269931417663
60847 36953.9784 -0.711107417247676 -0.2510313830225972 0.48790642784572535 0.43960983103193413
60847 37373.9784 -0.7493193685266735 -0.08515034436995006 0.5740706750160777 0.3189243842841922
60847 37793.9784 -0.7493650870115766 0.08491502718006293 0.6309398685250356 0.1820886784859296
60847 38213.9784 -0.711306469131776 0.2505932647684666 0.6557035905526996 0.03604058767923626
60847 38633.9784 -0.6370700249160371 0.4035602738459993 0.6471237281899781 -0.11185601968747706
60847 39053.9784 -0.530361730610466 0.5360955792880905 0.6055861207994013 -0.254132671781436
60847 39473.9784 0.3965533595075653 -0.6414180865046711 -0.5331310005238705 0.38353566672262257
60847 39893.9784 -0.2423920057155238 0.7141023134229213 0.43336590428031785 -0.49345515960068737
60847 40313.9784 -0.07575029722320903 0.7503329322253144 0.3113520380510944 -0.5782060979358373
60847 40733.9784 0.09483539871543308 0.7481784178192535 0.1733301220668826 -0.6333971669057599
60847 41153.9784 0.26061057446874336 0.7077005859367554 0.02638693099522266 -0.6561598425783904
60847 41573.9784 0.413046238892425 0.6309643743863018 -0.12190433114400147 -0.6453031046263904
60847 41993.9784 0.5443101179360641 0.5219316060049348 -0.2639057299902008 -0.601388110826841
60847 42413.9784 0.6476696973706939 0.38626280713406075 -0.3923065983052298 -0.5267072620145352
60847 42833.9784 -0.7178724354286753 -0.2309923395025485 0.5005410437424896 0.42515922790411237
60847 43253.9784 -0.7514219853095598 -0.06405087516756384 0.5831646599361152 0.3019626877369189
60847 43673.9784 -0.7466779191196153 0.10599322386911576 0.6360123812291215 0.16348018998121824
60847 44093.9784 -0.7039535617287618 0.27056005619490786 0.6564801574930607 0.016746394808580898
60847 44513.9784 -0.6254267701672307 0.42137600837402944 0.6435574062430961 -0.1308337861357473
60847 44933.9784 -0.5150370021807942 0.5508316359843387 0.5978645247088572 -0.27180766228730546
60847 45353.9784 0.378353688147589 -0.6523188305444367 -0.5216632767625575 0.3989938040366125
60847 45773.9784 -0.22227176577149144 0.7206209017143 0.41875893615335147 -0.5059068407770403
60847 46193.9784 -0.05474533748954297 0.7521584819309499 0.2943694697160094 -0.587032521570654
60847 46613.9784 0.11566417890994186 0.745241061404756 0.15483868838180312 -0.6381712455866408
60847 47033.9784 0.28022363127592415 0.7001612117036357 0.007313978561240639 -0.6566547797875512
60847 47453.9784 0.43043632052045494 0.6192228438694133 -0.14057521492386443 -0.6415031196776814
60847 47873.9784 0.5586373026160888 0.5065559908328406 -0.28126855459419364 -0.5934756881909087
60847 48293.9784 0.6582046767788641 0.36801279666828723 -0.4074837048357942 -0.5150633118832211
60847 48713.9784 -0.7240639058764222 -0.2107789447310376 0.5127522590852847 0.41035206526589685
60847 49133.9784 -0.7529265221515897 -0.04287681377796885 0.591775980883875 0.2847181405001947
60847 49553.9784 -0.7433823178969682 0.12704535358500435 0.6405557438346188 0.1446739320370827
60847 49973.9784 -0.696001570729487 0.29038985143774454 0.6566951709829617 -0.0026457762018677737
60847 50393.9784 -0.6132229202323254 0.4389343054411894 0.6394189955090428 -0.14979210189728454
60847 50813.9784 -0.4992281716348085 0.5651900577558373 0.5895919869153909 -0.289331505759883
60847 51233.9784 0.35977880245461485 -0.6627378575219175 -0.5097026255242598 0.41417505845385955
60847 51653.9784 -0.2018958264378107 0.7265854334218933 0.40374166202157724 -0.5179810359020564
60847 52073.9784 -0.03362298455898617 0.7533889665165282 0.2770809699550801 -0.5953996104544038
60847 52493.9784 0.1364599071182567 0.7417030614931855 0.1361629587312842 -0.6424289151263781
60847 52913.9784 0.29965344704454183 0.6920520691123985 -0.011808046386374914 -0.656606667154781
60847 53333.9784 0.44761194291669226 0.6069014890498212 -0.1592677142427927 -0.6371404290635855
60847 53753.9784 0.5723961096647056 0.4909327938077788 -0.2982468970034349 -0.5851465406482564
60847 54173.9784 0.6679414840130086 0.3500101467535792 -0.4219162656203198 -0.5033226956029712
60847 54593.9784 -0.7294805050189498 -0.19115830302299072 0.5241202279992523 0.39574572971123806
60847 55013.9784 -0.7538117047475459 -0.022133628084694837 0.5997208138638751 0.2676059822049174
60847 55433.9784 -0.739439767088016 0.1482152074451946 0.6445906131743795 0.12555486664512944
60847 55853.9784 -0.6870450833852796 0.31095079492425304 0.6563166761842912 -0.022958159649533127
60847 56273.9784 -0.5994155320419636 0.45758440725648397 0.6343234443967322 -0.17015080978722263
60847 56693.9784 -0.4812230265166266 0.5805807171917833 0.5798650051822294 -0.3083942368791379
60847 57113.9784 0.33869337390470994 -0.6737444630824225 -0.4958917534176003 0.4306350726906024
60847 57533.9784 -0.17921838272217183 0.7324999394273869 0.3868289085195206 -0.5307428808443124
60847 57953.9784 -0.010887170107970225 0.7540526694670143 0.25827857620249134 -0.6038031287361169
60847 58373.9784 0.15789176031079316 0.7374275980214133 0.11671336555883438 -0.6462574719121301
60847 58793.9784 0.31874693328857073 0.6834536355412555 -0.030823751740208478 -0.6560041287318473
60847 59213.9784 0.46365073001231966 0.5947235470848555 -0.1769781131808583 -0.6324639519820826
60847 59633.9784 0.585234624919135 0.47554103214649696 -0.31437717576372826 -0.5766525400096887
60847 60053.9784 0.6771528157683309 0.33182044614571343 -0.4359546542160353 -0.49122580865021515
60847 60473.9784 -0.7344926651491096 -0.17086454889560745 0.5353447824861378 0.38043632139653577
60847 60893.9784 -0.7541292621816991 -9.873313103257583E-4 0.6072951968257941 0.24996124701739267
60847 61313.9784 -0.7349799044437215 0.1689059057859813 0.6479992109724692 0.10664125671414637
60847 61733.9784 -0.6780488130139781 0.33008056069094144 0.655379181778493 -0.042127885250058575
60847 62153.9784 -0.5863670416035038 0.4741717570902639 0.6291038952261873 -0.1885818822430332
60847 62573.9784 -0.4648103189980091 0.5937937614820538 0.5706485646759432 -0.3251469695556901
60847 62993.9784 0.3197666638482217 -0.6829318197676355 -0.4831630532318222 0.44486725461866455
60847 63413.9784 -0.1587329682689191 0.7372155376672173 0.3712410121672901 -0.5417538248056769
60847 63833.9784 0.010131447235499955 0.7540682266402975 0.2406175938815609 -0.6110496189861503
60847 64253.9784 0.1784007149904093 0.7327386071232631 0.09785982520371786 -0.6493772194441908
60847 64673.9784 0.3377236884033463 0.6742786196350744 -0.04992613351930394 -0.654827026462768
60847 65093.9784 0.48012961852256547 0.5815019063492456 -0.195366187306651 -0.6270272204512589
60847 65513.9784 0.5983512384321843 0.45893037542591086 -0.3311025358411108 -0.5672123206857286
60847 65933.97839999999 0.686214134492073 0.3126643950171689 -0.45014407311571214 -0.4782483153662324
60847 66353.97839999999 -0.7390116466192282 -0.1501554849960381 0.5462511008474668 0.3645886055675247
60847 66773.97839999999 -0.7538657576375757 0.020193394179567864 0.6143469616637911 0.23206993986188934
60847 67193.97839999999 -0.7299783504210431 0.18937113794199856 0.6508269081511981 0.08771838836570896
60847 67613.97839999999 -0.668581772821019 0.3488595818913069 0.6538760542265932 -0.061167890949311174
60847 68033.97839999999 -0.5729062097531443 0.4903505662630527 0.6233508448582437 -0.20680551541558004
60847 68453.9784 0.4480102861479328 -0.6065721385947478 -0.5609186992590864 0.34165367992710965
60847 68873.9784 -0.30044534059539196 0.6916573005190297 0.46991680732262603 -0.45882564242744484
60847 69293.97839999999 -0.13784365768893436 0.7414151449703386 0.35512026811133074 -0.5524421273039233
60847 69713.97839999999 0.03153366214904636 0.7534849553105218 0.22242608289366558 -0.6178937513203632
60847 70133.97839999999 0.19921174093946745 0.7273617792807296 0.07852569088379432 -0.651991748555655
60847 70553.97839999999 0.3568498362464234 0.6643584525976702 -0.06939351882427011 -0.6530471501952333
60847 70973.97839999999 0.4965517525124753 0.5675481712411854 -0.2139382259594688 -0.6209314502188554
60847 71393.97839999999 0.6111998961574683 0.44168860445977326 -0.3477917129082141 -0.5571236739359119
60847 71813.97839999999 0.6948270197964067 0.2930593989609058 -0.4640804080359755 -0.4647160166366972
60847 72233.9784 -0.7429723102888428 -0.12922727320476293 0.5567306431267958 0.3483438660400745
60847 72653.97839999999 -0.7530144403179331 0.04136668820432607 0.6208671731567456 0.21396729440741172
60847 73073.97839999999 -0.7243661894923697 0.20985613786051685 0.653109933941082 0.068567040989439
60847 73493.97839999999 -0.6585368459487868 0.3674856977459022 0.6517971744840225 -0.0802740793449289
60847 73913.97839999999 -0.559158445061965 0.5059829021831118 0.6171283318257477 -0.22466810648645905
60847 74333.97839999999 0.43125277737391793 -0.6186114158060523 -0.5509255617182534 0.357522004479641
60847 74753.97839999999 -0.2813293497079988 0.6996637802054156 0.4565580341016636 -0.4721007870770462
60847 75173.97839999999 -0.1170648351251984 0.7449908506942449 0.3388556878358288 -0.5625489130558184
60847 75593.97839999999 0.05313752895988758 0.7522804065044002 0.20385095465672012 -0.6242558620398813
60847 76013.9784 0.2206056259011287 0.7211686502155532 0.05844946943456124 -0.6540891340558003
60847 76433.97839999999 0.3768247408747657 0.6532412118431088 -0.08993460832547003 -0.6505311676159388
60847 76853.97839999999 0.5138422307671309 0.5519497803036031 -0.23373586799376644 -0.6137468092921246
60847 77273.97839999999 0.6246505210321005 0.4224649829642684 -0.36559691056514954 -0.5455950547141569
60847 77693.97839999999 -0.7035692498897 -0.27143054651767157 0.47875901604899124 0.44956153480759986
60847 78113.97839999999 -0.7465753477354444 -0.10654013476813952 0.5674672304713676 0.3305380343900572
60847 78533.97839999999 -0.7514618188245125 0.06373807403308593 0.6271791914443657 0.19465059616322813
60847 78953.97839999999 -0.7179936616752655 0.23074156545895605 0.6548729529548045 0.048834897890230024
60847 79373.9784 -0.6478746755817227 0.3859818635018721 0.6491386884291627 -0.09947546919701424
60847 79793.97839999999 -0.544665796154083 0.5215583021561142 0.6102491813945348 -0.24271803509251375
60847 80213.97839999999 0.41363964869620695 -0.6305318244011581 -0.5401718294025948 0.37355890320494267
60847 80633.97839999999 -0.26151768653539464 0.7073166069009216 0.4424932862831622 -0.48529517700639657
60847 81053.97839999999 -0.09604372794782762 0.7480001000982899 0.32218575238163616 -0.5722480175038713
60847 81473.97839999999 0.07429673500196517 0.7504921840300974 0.18542930465692847 -0.6299662291363166
60847 81893.97839999999 0.24083202981085172 0.714671501579673 0.039209991246970985 -0.655520522053622
60847 82313.97839999999 0.39509017579352074 0.6423594823973545 -0.10901704321592066 -0.6476058466799892
60847 82733.97839999999 0.5292211682082216 0.5372230173638103 -0.2516962617481909 -0.6066014973249197
60847 83153.9784 0.636332380357395 0.4046628813506782 -0.38149033655751435 -0.5345972103171628
60847 83573.97839999999 -0.7109532259138805 -0.2514735312952526 0.4917687148204153 0.4352816384186443
60847 83993.97839999999 -0.7492950113945037 -0.08538445224571706 0.5769605705900133 0.31366061467525
60847 84413.97839999999 -0.7493578707959194 0.08500017867591111 0.6326516674222753 0.1760386855469107
60847 84833.97839999999 -0.7111680903411781 0.25099119434279155 0.6560298333342582 0.029465665074564776
60847 85253.97839999999 -0.6366927571342472 0.4041579664843587 0.6459235655367613 -0.11858085268834767
60847 85673.97839999999 -0.5297345095949592 0.5367161396003669 0.6028486163093543 -0.2605584016119313
60847 86093.97839999999 0.3957441280219124 -0.6419162425882414 -0.5289878695436704 0.3892325224248599
60848 113.9784 -0.24154489306805677 0.7143859191399148 0.42808909576833953 -0.49804472615579976
60848 533.9784 -0.07503945603224206 0.7503989421462962 0.3053212158309873 -0.5814202119187056
60848 953.9784 0.09525995261040535 0.748117582079133 0.16697592899057953 -0.6351099620935479
60848 1373.9784 0.2606979333446872 0.7076603853533137 0.020099699364090718 -0.6563911704440286
60848 1793.9784 0.4128674270477956 0.6310717373881893 -0.12782348506172378 -0.6441662103987298
60848 2213.9784 0.5440428045128091 0.5222006810692218 -0.2692792860093867 -0.5990096340418518
60848 2633.9784 0.6474311150542292 0.38665336816028756 -0.3969520465546659 -0.5232219384601574
60848 3053.9784 -0.7177436538701485 -0.23137869893551077 0.5043131952772798 0.42068532904923017
60848 3473.9784 -0.7513880094671815 -0.06440316995234138 0.5858578073988039 0.29671353261842076
60848 3893.9784 -0.7467045579668649 0.10578016251715527 0.6374896402395219 0.15763825334175088
60848 4313.9784 -0.7039531548845578 0.2705492533978386 0.6566140369408654 0.010538676680203325
60848 4733.9784 -0.6252994302859444 0.42155675981222207 0.6422548566656991 -0.1371102469913035
60848 5153.9784 -0.5147245354221075 0.5511189615160291 0.5951125263441186 -0.2777906115769752
60848 5573.9784 0.3779180858286053 -0.6525668824447187 -0.5175986911813877 0.4042597917519601
60848 5993.9784 -0.22183775034980177 0.7207476015170198 0.4136529061797422 -0.5101001672576237
60848 6413.9784 -0.054253687184229175 0.7521848601752077 0.288425554926438 -0.5899874344555953
60848 6833.9784 0.11591396433872346 0.7451916903052292 0.14858870056730045 -0.6396676446679459
60848 7253.9784 0.2800155320036969 0.7002326782241503 0.001301242943967453 -0.6567067876537603
60848 7673.9784 0.4297823017710781 0.6196635944774578 -0.14596176250822387 -0.6403119291791489
60848 8093.9784 0.5576821873967676 0.5075916085504024 -0.28576213414709484 -0.5913385996848755
60848 8513.9784 0.6572566313864566 0.3696816305371667 -0.41103505432731235 -0.5122493500787021
60848 8933.9784 -0.7234343121934715 -0.21288379664204343 0.5154318714120532 0.40700524689627365
60848 9353.9784 -0.7527808223054157 -0.045150623823728545 0.5936055952098537 0.28091787424986986
60848 9773.9784 -0.7437165133507304 0.12500188209067511 0.6415254099792788 0.14037601502443406
60848 10193.9784 -0.6966087065555936 0.2888971927255614 0.656672747306779 -0.007458212305888259
60848 10613.9784 -0.6137904728005716 0.4381185664337698 0.6381916413771767 -0.15499937458446203
60848 11033.9784 -0.4997837751606066 0.5646860291331356 0.5871318947282455 -0.29431616466120974
60848 11453.9784 0.36034101953308056 -0.6624257058875701 -0.5061248654462973 0.4185500619975846
60848 11873.9784 -0.20250749436418572 0.7264131335020407 0.39926255020312806 -0.5214442349929476
60848 12293.9784 -0.03441645670230237 0.7533526842154564 0.27205999286348354 -0.5977111350615334
60848 12713.9784 0.135340605851019 0.7419071882133693 0.13104565136734295 -0.6434933424231521
60848 13133.9784 0.29818251009557933 0.6926862335073961 -0.016625787910040036 -0.6565032793206802
60848 13553.9784 0.44588495349063545 0.608171180501427 -0.16347928963921926 -0.6360730660208861
60848 13973.9784 0.5709529242862985 0.4926073486247934 -0.3020615893978131 -0.5831891241614872
60848 14393.9784 0.6669454938974609 0.3518887395331188 -0.4252546674235137 -0.5005162245064406
60848 14813.9784 -0.7289399976878913 -0.1931825232730075 0.5267597448123074 0.3922386565828559
60848 15233.9784 -0.7537302689555969 -0.024592589190942933 0.6013756287717007 0.2638811083356494
60848 15653.9784 -0.7400178782321557 0.14527750841150733 0.6452777436783841 0.12200253669435074
60848 16073.9784 -0.6884749556961569 0.30775873370221185 0.6562037425034417 -0.026142791237022383
60848 16493.9784 -0.6017063627322842 0.4545567221567675 0.6335655499554029 -0.17298073100576256
60848 16913.9784 -0.4841854060304119 0.5781042414989169 0.5785165784845758 -0.3109317400437386
60848 17333.9784 0.34195278437381094 -0.6720925072858177 -0.4938866785704439 0.43293868346443254
60848 17753.9784 -0.18224149923420158 0.7317515831798289 0.38397595757775044 -0.5328134011761848
60848 18173.9784 -0.012970522786999514 0.7540183542978061 0.25420502814294815 -0.6055310814380244
60848 18593.9784 0.157046461026854 0.7376064467602609 0.1113107298187282 -0.6472117583943181
60848 19013.9784 0.31892915294242113 0.6833671108673439 -0.03722448729188891 -0.6556736419394219
60848 19433.9784 0.46436145007778573 0.5941675473517247 -0.18372581915053565 -0.6305380184676868
60848 19853.9784 0.5859232751297215 0.47469148785296705 -0.32066534251183315 -0.5731802902516501
60848 20273.9784 0.6774786775267163 0.33115872404602026 -0.4410701382808805 -0.48663505227403026
60848 20693.9784 -0.7344743066795375 -0.17095736825815325 0.5388810410019285 0.37540417514265445
60848 21113.9784 -0.7541303067176848 -0.002215323019730401 0.6092386953330282 0.24517500880538082
60848 21533.9784 -0.7355102110463594 0.1665983959430332 0.64866036378638 0.10251554208152716
60848 21953.9784 -0.6795236966324685 0.3270394732381275 0.6551559757441139 -0.0454243998953331
60848 22373.9784 -0.5888950318741745 0.4710296813228736 0.6283109414623486 -0.19120418820068885
60848 22793.9784 -0.4680958669321052 0.5912061357889276 0.569352298168387 -0.3274133853967813
60848 23213.9784 0.32318961526446366 -0.6813173620109079 -0.48115606284132695 0.44703911238138727
60848 23633.9784 -0.16160014642297038 0.7365905224921713 0.3681868937088486 -0.543836561985137
60848 24053.9784 0.008327955924845466 0.754088086553467 0.2362570653329848 -0.6127515009761221
60848 24473.9784 0.17787930579177202 0.7328626520884569 0.0921388804692536 -0.6502166657744042
60848 24893.9784 0.3383791914251468 0.6739470691461067 -0.05678831989816896 -0.6542705537642513
60848 25313.9784 0.4814476101162883 0.5804093643498687 -0.20273562212147983 -0.6246850694640558
60848 25733.9784 0.599673662017076 0.4572053241505193 -0.3380982099457223 -0.5630669507997665
60848 26153.9784 0.6870525703817114 0.310829613397838 -0.4559291260720959 -0.4727286208449504
60848 26573.9784 -0.7392699268026546 -0.14890642303705548 0.5502924336408339 0.3584481691697637
60848 26993.9784 -0.7538675608345542 0.020307225813058386 0.6165531754744973 0.22612717464615123
60848 27413.9784 -0.7302540331203243 0.1883232441858892 0.6515084936673086 0.08246263087093934
60848 27833.9784 -0.6696569599538613 0.3467986995284692 0.6534651914092109 -0.06537171871106363
60848 28253.9784 -0.5750496148792572 0.48783957865329064 0.6222770287785734 -0.2100042508643774
60848 28673.9784 -0.4510650398349213 0.6043068635624961 0.5593826676426533 -0.3441577772344666
60848 29093.9784 -0.30386121897091223 0.6901653171578148 0.4678123621048515 -0.46096831611277117
60848 29513.9784 -0.1408824134613501 0.7408448672797475 0.3521231180389694 -0.5543557864269774
60848 29933.9784 0.029510088853623107 0.7535672906581068 0.21820304338662722 -0.6193972271191286
60848 30353.9784 0.19847913428452207 0.7275619813900046 0.07298129355653764 -0.652635677296554
60848 30773.9784 0.3570889996488029 0.6642297288030443 -0.07583168144699036 -0.6523311044193537
60848 31193.9784 0.4972236699135214 0.5669604603760896 -0.22055942909057555 -0.6186097288978742
60848 31613.9784 0.6118393229776683 0.44080403146319136 -0.3538686645596471 -0.5532824025276769
60848 32033.9784 0.695209856045329 0.29215443770057287 -0.4690720321395105 -0.45967430780260626
60848 32453.9784 -0.7430920998129674 -0.1285425568272579 0.5603295318985795 0.3425226386126688
60848 32873.9784 -0.7529949903397934 0.04172568972447815 0.6229704059058473 0.2077628087644531
60848 33293.9784 -0.7244233656368206 0.20965798494884805 0.6537150847530113 0.0625372259775979
60848 33713.9784 -0.6589580239821378 0.36672823912063773 0.6511047583345194 -0.08571647995093949
60848 34133.9784 -0.560014447080297 0.5050346271284875 0.6153559530279098 -0.22947961899840177
60848 34553.9784 0.4326495297266452 -0.6176347615483515 -0.5483227719367587 0.3615021763835082
60848 34973.9784 -0.28332073393121776 0.6988589334683968 0.45340771675835934 -0.4751283986672051
60848 35393.9784 -0.11955324985935631 0.7445941911598458 0.33538553891780953 -0.5646264705306439
60848 35813.9784 0.05039877921986824 0.7524665750736425 0.20019305142973284 -0.6254412511254288
60848 36233.9784 0.21794995419194566 0.7219731339055585 0.054647211472432684 -0.6544205785766538
60848 36653.9784 0.3745630115659451 0.6545380741230957 -0.09385740293192314 -0.6499794210625081
60848 37073.9784 0.5121758434640387 0.5534933290882295 -0.23770702484302225 -0.6122225170369089
60848 37493.9784 0.6236238205551426 0.4239761352214491 -0.36944380565446505 -0.542999854201119
60848 37913.9784 -0.7030575474789629 -0.2727453243319141 0.48217159397132864 0.44590428003675076
60848 38333.9784 -0.7464032837470367 -0.10770830550154323 0.5700712794582126 0.326036493777159
60848 38753.9784 -0.7515445285171813 0.06269461860270309 0.6287398215661395 0.1895690988297627
60848 39173.9784 -0.7183275972248241 0.22968212169633773 0.6552491795984265 0.043590121287608474
60848 39593.9784 -0.6485660308459529 0.384808565325167 0.6483624981374053 -0.10445354323399643
60848 40013.9784 -0.5458733868323191 0.5202875712512566 0.6085029144332409 -0.2470775017599409
60848 40433.9784 0.4154725732326818 -0.6293216130060753 -0.5377121437248049 0.3770974658967098
60848 40853.9784 -0.26395170508608323 0.7064094598468273 0.43956032412920243 -0.48795685656878884
60848 41273.9784 -0.09894826055127916 0.7476198949247295 0.3189809333906004 -0.57404259300149
60848 41693.9784 0.07122128301935222 0.7507884984178618 0.18203843874483733 -0.6309565486686639
60848 42113.9784 0.23793944360264754 0.7156378361537065 0.03564860684362395 -0.6557259225266392
60848 42533.9784 0.3926825335518669 0.6438323887510001 -0.11272694072602125 -0.6469721167662638
60848 42953.9784 0.5273797147918637 0.5390285538058804 -0.2553645292613015 -0.6050684356361249
60848 43373.9784 0.6351439260868359 0.406519714469035 -0.3849862518726036 -0.5320897487944102
60848 43793.9784 -0.710349456825409 -0.25316003659524194 0.4948498925018351 0.4317837756908711
60848 44213.9784 -0.7491138829754171 -0.08691343500281011 0.5792806845252272 0.30936763516161403
60848 44633.9784 -0.7494841819081723 0.08382511447041686 0.6340295602566444 0.17103604290974853
60848 45053.9784 -0.7114521787536665 0.25016605246889534 0.6562590273208709 0.024017339541575488
60848 45473.9784 -0.6370683785462176 0.4035537254926475 0.6448975321884635 -0.1240783811738683
60848 45893.9784 -0.5302489693838128 0.5361980507884349 0.6006217291152083 -0.26567126173665184
60848 46313.9784 0.39653554110860195 -0.6414208949755836 -0.525775405521123 0.39357213198539387
60848 46733.9784 -0.24279354503767064 0.7139587295766274 0.4242383451031483 -0.501334273208516
60848 47153.9784 -0.07679622523220751 0.7502183368108507 0.3011737379836583 -0.583583041607444
60848 47573.9784 0.09311025948349873 0.7483856320472002 0.1627834194077704 -0.6362004272948439
60848 47993.9784 0.2584034697326752 0.7084985450219133 0.016008510958475657 -0.6565068058358868
60848 48413.9784 0.41073585092852477 0.6324565021397606 -0.13175483669040522 -0.6433781910135318
60848 48833.9784 0.5423303412236432 0.5239687269431056 -0.2730020274672195 -0.5973311202111066
60848 49253.9784 0.6463130839304846 0.38850183713990194 -0.40041246705748823 -0.5205915638042202
60848 49673.9784 -0.71720295566974 -0.2330270159919068 0.5073291164058634 0.41705574908319193
60848 50093.9784 -0.7512772379055778 -0.06561469774261253 0.5881826275302429 0.29209316992482226
60848 50513.9784 -0.7467921937122934 0.10510974721213058 0.6388273325489597 0.1521610976556202
60848 50933.9784 -0.7039929840134919 0.27042590641938585 0.6566917597759355 0.00443173097311613
60848 51353.9784 -0.625112017501384 0.4218218673002549 0.6408740614526525 -0.14346328868340266
60848 51773.9784 -0.5142574575373894 0.551542774027822 0.592226876567269 -0.28391400538939887
60848 52193.9784 0.3772140476677437 -0.6529623917254029 -0.5133173966878173 0.4097010220782962
60848 52613.9784 -0.2211085642225763 0.7209612017418622 0.4082917143031341 -0.5144160032908858
60848 53033.9784 -0.05391021511240809 0.7522002040079506 0.2825561716202186 -0.592832650649622
60848 53453.9784 0.11588610950018284 0.7451869538527506 0.1425396938366921 -0.6410532342274798
60848 53873.9784 0.27976141624011586 0.7003237570411006 -0.00469643620061782 -0.6567024659571301
60848 54293.9784 0.42949838366064375 0.61984677527687 -0.15175187822380803 -0.6389776843265391
60848 54713.9784 0.5575369416935618 0.5077366261759682 -0.2912073973219479 -0.588688651862266
60848 55133.9784 0.6572789824799056 0.3696284431342451 -0.41592198205106645 -0.5082991816470359
60848 55553.9784 -0.7235418252733221 -0.2124983653674623 0.519490773355087 0.4018221101373585
60848 55973.9784 -0.7528196788261887 -0.04438383761577373 0.596531928352147 0.27466755284707295
60848 56393.9784 -0.74352774027606 0.12607019800647287 0.6430291731364203 0.13336523951193663
60848 56813.9784 -0.6961091668374326 0.2900771206607022 0.6565580860847653 -0.014790926637695127
60848 57233.9784 -0.613014468809901 0.4391905166617656 0.6364214598828627 -0.16215016652674816
60848 57653.9784 -0.4985762390086159 0.5657409996175846 0.5836907347690354 -0.30110460207792156
60848 58073.9784 0.3587612967507062 -0.6632672629069255 -0.5011476065814593 0.4245208432190131
60848 58493.9784 -0.20084223647762553 0.7268591037303734 0.39312065621051934 -0.5261125250662203
60848 58913.9784 -0.03287061723243658 0.7534063617152047 0.2651660970504954 -0.600820536953277
60848 59333.9784 0.13664880130867124 0.7416516225663564 0.12380814462705292 -0.6449430356005101
60848 59753.9784 0.29921353130381684 0.6922235924752703 -0.023830934759862126 -0.6563001198032816
60848 60173.9784 0.4466665359442055 0.6075784894584948 -0.1703255322807353 -0.6342922022760658
60848 60593.9784 0.5715501354369408 0.49189583030114786 -0.3082888431638497 -0.579937000022463
60848 61013.9784 0.6674048762297132 0.3509994967157624 -0.4306373598759502 -0.4959047779253129
60848 61433.9784 -0.7292365375055269 -0.19203074582845722 0.531065976540423 0.38640289023852253
60848 61853.9784 -0.7537673952110805 -0.023134188638577934 0.6043534547726067 0.2570144449970708
60848 62273.9784 -0.7396682746202926 0.14699354932737022 0.6466813184447094 0.11439848054495094
60848 62693.9784 -0.687649115940493 0.30957465373889315 0.65585162645216 -0.034071559822807955
60848 63113.9784 -0.6004012774027389 0.4562654731631713 0.6314026076636667 -0.18075085374035868
60848 63533.9784 -0.48247316834733955 0.5795275784293045 0.5746290813511059 -0.31807050559637023
60848 63953.9784 0.3400053936241664 -0.6730779475691648 -0.4885176102677031 0.4389908350534086
60848 64373.9784 -0.18039158555613508 0.7322100791395064 0.37757832640365635 -0.5373656886118385
60848 64793.9784 -0.011762016996537089 0.7540388004587995 0.2475070096435778 -0.6082987937980167
60848 65213.9784 0.15737175746019288 0.7375373498839985 0.10491169494636543 -0.6482795105072034
60848 65633.97839999999 0.31852498409454255 0.683555386331456 -0.04302378253193906 -0.6553188708266151
60848 66053.97839999999 0.46359160818388934 0.5947682147493288 -0.18885330344815163 -0.6290214792215698
60848 66473.97839999999 0.5852152983449397 0.47556270648585164 -0.32521139202977817 -0.5706143332207394
60848 66893.97839999999 0.6770928779037049 0.33194399664627466 -0.4450836359602412 -0.4829689169946529
60848 67313.97839999999 -0.7344080906679197 -0.17123331546597434 0.5422619400484835 0.37050761990934233
60848 67733.97839999999 -0.7541292895566649 -0.0016893598906656526 0.6116945244524685 0.23898947560674716
60848 68153.97839999999 -0.7352006865030937 0.16794459143309332 0.6497774917060865 0.09520386570879265
60848 68573.9784 -0.6786021469423572 0.3289404885893657 0.654555288594564 -0.053428974393112776
60848 68993.97839999999 -0.5872780278711688 0.4730409001416992 0.6258069024397728 -0.19925497642874118
60848 69413.97839999999 -0.4659853618060291 0.5928706443168639 0.565055985091028 -0.33477421555821607
60848 69833.97839999999 -0.32101838972790936 0.6823456202975399 0.47548373422383233 -0.45306386570308765
60848 70253.97839999999 -0.1598523222471782 0.7369762914996921 0.36174558574863397 -0.5481362166751282
60848 70673.97839999999 0.009307114018997888 0.754081224245855 0.22967231491752482 -0.6152442706998053
60848 71093.97839999999 0.17794029602733144 0.7328521145041151 0.08595137136300826 -0.6510586694587295
60848 71513.97839999999 0.33757971322836344 0.6743520816541098 -0.062176026419702976 -0.6537762223605881
60848 71933.97839999999 0.48016707142481324 0.581473146753477 -0.20723958308922605 -0.6232016674600056
60848 72353.9784 0.5984323179048376 0.4588325331954479 -0.341869928480507 -0.5607819713304134
60848 72773.97839999999 0.6862516628087235 0.3125994763586656 -0.45915602875685557 -0.46959127326727845
60848 73193.97839999999 -0.738994337522585 -0.15028446456710942 0.5529861612310376 0.35427144156182505
60848 73613.97839999999 -0.7538862302017667 0.019740882144113788 0.6184895839190035 0.22076341197770738
60848 74033.97839999999 -0.7301526375000927 0.18872868533563597 0.6522959980671784 0.07595090643754265
60848 74453.97839999999 -0.6690285020888334 0.3480159636287945 0.6526853067949998 -0.07271617939778176
60848 74873.97839999999 -0.5736981807498067 0.48943261955296874 0.6196659785566628 -0.21757799369718975
60848 75293.97839999999 0.44911897060249845 -0.6057600911305004 -0.5549813567842954 0.3512015886359036
60848 75713.9784 -0.30173697499064506 0.6911017616428196 0.46200797367956026 -0.46677808992517306
60848 76133.97839999999 -0.139097682984078 0.7411864882559366 0.34553406007799004 -0.5584806509999368
60848 76553.97839999999 0.030491511706522204 0.7535326767518327 0.21154042527364242 -0.6216988187668653
60848 76973.97839999999 0.19848697516511452 0.7275639033059497 0.06681512151195092 -0.6532912266618595
60848 77393.97839999999 0.35644452634025386 0.6645794436710282 -0.08134897418531999 -0.6516623413171692
60848 77813.97839999999 0.49638168539769517 0.567701009574968 -0.22546897880441544 -0.6168342773599725
60848 78233.97839999999 0.6111374763974883 0.44177982815972316 -0.35819565637456824 -0.5504883651159825
60848 78653.97839999999 0.6947901570055819 0.29315695170952866 -0.47273065459568053 -0.45590719186921713
60848 79073.97839999999 -0.7429373459438334 -0.1294564251378579 0.563119767483914 0.33790717876559173
60848 79493.9784 -0.7530451059908039 0.04089088977790644 0.6246762263504613 0.2025601533101148
60848 79913.97839999999 -0.7245792076120681 0.2091330804900971 0.6542311174538049 0.056832838184767406
60848 80333.97839999999 -0.6590120310901956 0.3666387310115482 0.6502745230355121 -0.09177270014309177
60848 80753.97839999999 -0.5597496360289228 0.5053322132356439 0.6130331994025425 -0.23560559344407903
60848 81173.97839999999 0.43194624666142345 -0.6181290369845457 -0.544462829314211 0.36728621145753804
60848 81593.97839999999 -0.28221283337902925 0.6993094053641107 0.4481356593367069 -0.48010072180359104
60848 82013.97839999999 -0.11819558901219217 0.7448132165609066 0.3289973109617196 -0.5683694613138665
60848 82433.97839999999 0.051708264095981483 0.7523796035246239 0.19317990396891008 -0.6276405916819535
60848 82853.9784 0.21893130709866618 0.7216773277264621 0.04756907863715271 -0.6549718315891719
60848 83273.9784 0.3750610883408491 0.6542529308911205 -0.10049242371728762 -0.6489865601138298
60848 83693.97839999999 0.5122068805521525 0.5534643969185605 -0.24351870520660857 -0.6099343514453862
60848 84113.97839999999 0.623346240480782 0.42438455803047037 -0.37420703458563176 -0.5397279932061938
60848 84533.97839999999 -0.7027582780445628 -0.27351947614794203 0.4858786566060613 0.44185951371707005
60848 84953.97839999999 -0.7462767304068437 -0.10859296080057738 0.5727468247350349 0.3213093295778549
60848 85373.97839999999 -0.7516099855526421 0.061927512633227946 0.6303153125680051 0.18425531074820206
60848 85793.97839999999 -0.7184537027375911 0.22929202602637597 0.6556104179252545 0.03774153853829891
60848 86213.97839999999 -0.6485073442727249 0.38490941213186236 0.6473264112183504 -0.11068643194092291
60849 233.9784 -0.5453916201071682 0.5207928750550196 0.605902092468415 -0.25338787727750756
60849 653.9784 0.4144528820841917 -0.629991782312309 -0.5335003466750217 0.38303595503385707
60849 1073.9784 -0.262465121327495 0.7069588952302983 0.43388963365124006 -0.4930121361095406
60849 1493.9784 -0.0971783581892482 0.7478452773312622 0.31217354577532497 -0.5777815202920831
60849 1913.9784 0.07292053319180838 0.7506168536473128 0.17463510283298644 -0.6330556971690114
60849 2333.9784 0.23923789288254113 0.7151949951929797 0.028255724989179318 -0.656096763797362
60849 2753.9784 0.39340420513723023 0.643379988331571 -0.11956928333433271 -0.6457542167711534
60849 3173.9784 0.5276319540341583 0.5387697597771426 -0.2613628731398965 -0.6025123364511588
60849 3593.9784 0.6350556180865883 0.4066455464647597 -0.38989275632627807 -0.5285143328627293
60849 4013.9784 -0.7101614006963161 -0.25366892828965537 0.4986052504929213 0.4274525283143325
60849 4433.9784 -0.7490209491121946 -0.08765915321928926 0.5818812576805702 0.3044629576944005
60849 4853.9784 -0.7495828911475405 0.08288713047604282 0.635417957153462 0.16582892578577157
60849 5273.9784 -0.7117728902400724 0.24923363869667925 0.6564401258204987 0.018662992098667015
60849 5693.9784 -0.6375057066566849 0.40285051492135515 0.6438439430896707 -0.12947167085700423
60849 6113.9784 -0.5306197427221958 0.535824383333159 0.5982754557070196 -0.2709269236484788
60849 6533.9784 0.39664834423516937 -0.641346610614519 -0.5221032848596809 0.3984379198915409
60849 6953.9784 -0.24252577069303546 0.7140439860998685 0.41929275602252775 -0.5054859258291895
60849 7373.9784 -0.07610308310195031 0.750281739719248 0.29510436125818196 -0.5866847942060852
60849 7793.9784 0.09405044662918495 0.7482596667086807 0.15596315134179856 -0.6379165149840536
60849 8213.9784 0.2593254768434475 0.7081520409675592 0.00894648173975542 -0.6566513111217239
60849 8633.9784 0.41140070600669565 0.6320132880683361 -0.1385097919179826 -0.6419686132086833
60849 9053.9784 0.5425993650274016 0.5236771399676713 -0.27894942806051054 -0.5945884280171072
60849 9473.9784 0.6462318908796183 0.38861844507421994 -0.4052214960680083 -0.5168709572830086
60849 9893.9784 -0.7169909147119645 -0.23363961377728173 0.5109011663599273 0.4126942661421028
60849 10313.9784 -0.7511732612905059 -0.06665878113562307 0.5905285746294442 0.2873522941718328
60849 10733.9784 -0.7469645712222707 0.10379578830156126 0.6399925145317759 0.14724111182982
60849 11153.9784 -0.7045253795873145 0.2690023055350224 0.6567202875903615 -4.61520774745945E-4
60849 11573.9784 -0.6259831165279037 0.42050639484576013 0.6398122042925635 -0.14818857227912616
60849 11993.9784 -0.5153932048417791 0.5504682334979646 0.590123040121824 -0.2882869505023191
60849 12413.9784 0.3784844044099523 -0.6522192711411862 -0.5102320835274927 0.41354902842310887
60849 12833.9784 -0.2223543827695954 0.7205753908338177 0.4043010387313557 -0.517561884868457
60849 13253.9784 -0.05495593429062755 0.7521241132806243 0.2777547190726491 -0.595097873917352
60849 13673.9784 0.1150857450889076 0.7453102649583896 0.13714994138246414 -0.6422287550427596
60849 14093.9784 0.2791662310736104 0.7005603929660611 -0.010356215637653623 -0.6566384850380461
60849 14513.9784 0.42902400529974005 0.6201749710039736 -0.15730420325590388 -0.6376337474246594
60849 14933.9784 0.5571013021494586 0.5082122043824968 -0.29626541237955134 -0.5861614964219634
60849 15353.9784 0.6568759480709768 0.3703315106129176 -0.4201767611107054 -0.5047970389330024
60849 15773.9784 -0.7232453557381117 -0.2134867543437538 0.5227329119207004 0.39760516082909103
60849 16193.9784 -0.7527394074733593 -0.04566672400187503 0.5986518891935431 0.27002564752370184
60849 16613.9784 -0.7437770201906678 0.1245733262905961 0.644011224771493 0.12855649723568688
60849 17033.9784 -0.6967481608093995 0.28852865836605435 0.6564375933068248 -0.01956782572866797
60849 17453.9784 -0.6140026261732205 0.4377983061179803 0.6352371530378237 -0.16675484284726544
60849 17873.9784 -0.49992228080390055 0.5645445447375138 0.5815391748555979 -0.3052529414620109
60849 18293.9784 0.36029909009361294 -0.6624309154309262 -0.49808761242596855 0.42811047441852873
60849 18713.9784 -0.20232266821122824 0.7264472500236362 0.389182193167407 -0.5290341684450948
60849 19133.9784 -0.03409347805081235 0.7533510192314353 0.26042204791377815 -0.6028932190178872
60849 19553.9784 0.13577915369336252 0.7418099575416135 0.11843003982778197 -0.645953817219787
60849 19973.9784 0.2986800637571363 0.692452754454964 -0.02955687884895565 -0.6560684364260136
60849 20393.9784 0.44636115272942306 0.6078022636565951 -0.1760206365082397 -0.6327360153738791
60849 20813.9784 0.5713272542759187 0.49215542077061564 -0.3135161890828761 -0.5771272039252596
60849 21233.9784 0.667172914117501 0.3514470195436447 -0.4349926067640503 -0.4920840651580448
60849 21653.9784 -0.7290652353806077 -0.192696779291813 0.534357723550657 0.3818293559847657
60849 22073.9784 -0.7537371193438006 -0.024247933899671784 0.6063897201452293 0.2521584817671158
60849 22493.9784 -0.7399952067117374 0.14536380786396821 0.6474935728370483 0.10967465770019307
60849 22913.9784 -0.6885569234590043 0.3075591771181196 0.6556089402595187 -0.03838793011985589
60849 23333.9784 -0.6020155198251879 0.4541366522665434 0.6303088496351538 -0.18452091759297784
60849 23753.9784 -0.4847203134512153 0.5776493042840384 0.5728265098149915 -0.32130560007739944
60849 24173.9784 0.3426986559790659 -0.6717096883964189 -0.4860892291798304 0.4416797334946287
60849 24593.9784 -0.18317011404078956 0.7315184018010307 0.37449694429068253 -0.5395197641103535
60849 25013.9784 -0.014281527632090322 0.7539930237204463 0.2437454511251954 -0.6098185904063333
60849 25433.9784 0.15535546704306682 0.7379620151021984 0.1005129675056658 -0.6489791109807297
60849 25853.9784 0.3170932888827896 0.684218151627412 -0.04788256315908473 -0.6549844481164266
60849 26273.9784 0.462679659304479 0.5954765558375049 -0.19386197035834618 -0.6274972037886494
60849 26693.9784 0.5846123794170263 0.4763072691408604 -0.3298939485677819 -0.5679170132108182
60849 27113.9784 0.6766639517144197 0.3328269357557167 -0.4490241938047466 -0.4793009499924684
60849 27533.9784 -0.7341480718692851 -0.17236564130311152 0.5451892317524681 0.36617672761923536
60849 27953.9784 -0.7541294705646681 -0.003030695011621095 0.6135168768396639 0.23425754704278917
60849 28373.9784 -0.7355631950375092 0.1663688058060588 0.6504558635107659 0.09041778688588274
60849 28793.9784 -0.6794384337393585 0.327216911333344 0.654163226080789 -0.05799121777345605
60849 29213.9784 -0.5886481921206913 0.47133890022476216 0.6244719670740835 -0.20339053416169173
60849 29633.9784 -0.46784681794113175 0.5914058986444618 0.562908573340469 -0.33836719115583885
60849 30053.9784 -0.32320165883948504 0.6813164404055428 0.47261219559968853 -0.4560551593030904
60849 30473.9784 -0.1619305502277748 0.7365240571995576 0.3580676939077073 -0.550543673697963
60849 30893.9784 0.007910837496282573 0.7540977985450614 0.22495332848925625 -0.6169845450910452
60849 31313.9784 0.17761181450507485 0.7329318744304831 0.08005097860049565 -0.6518103647665755
60849 31733.9784 0.33786836253037067 0.6742073981673311 -0.06866527869814071 -0.6531266595070135
60849 32153.9784 0.48075296029859393 0.5809893357312229 -0.2137757635578066 -0.6209894571134099
60849 32573.9784 0.5989606813534638 0.4581433730547014 -0.3478225264423803 -0.5571088242147085
60849 32993.9784 0.686504051549723 0.31204753647898426 -0.4639692223519733 -0.46483446827157415
60849 33413.9784 -0.7390090962091265 -0.1502125485532085 0.5563598863271554 0.3489490261676549
60849 33833.9784 -0.7539016964818706 0.01911837395489126 0.6203812230900242 0.2153923347206304
60849 34253.9784 -0.7304871262134759 0.18742590759519345 0.6528636032807251 0.07091687464773942
60849 34673.9784 -0.6699334177396997 0.3462677323617231 0.6521705004140708 -0.07721082638034442
60849 35093.9784 -0.5752258420429146 0.4876347357919397 0.6182687456016887 -0.2215205482732005
60849 35513.9784 -0.45108063793122705 0.6042997581482453 0.5527748791184538 -0.3546660307967317
60849 35933.9784 -0.303739288941914 0.6902228937885106 0.45891936510274794 -0.4698167915017144
60849 36353.9784 -0.14075101259984188 0.7408729162918101 0.34146819041435045 -0.560977672721951
60849 36773.9784 0.029488535514661605 0.7535704405022691 0.20645908143733765 -0.6234073027856408
60849 37193.9784 0.19819587156871613 0.7276405263171174 0.060872526420800224 -0.6538747559595909
60849 37613.9784 0.35671859153784047 0.6644292342486912 -0.08779905764611506 -0.6508279070563979
60849 38033.9784 0.49690898881465345 0.567236000626463 -0.23188481579667183 -0.614454399147274
60849 38453.9784 0.6116063123629023 0.4411274333862727 -0.3639851542449255 -0.5466800834868502
60849 38873.9784 0.695003768893309 0.2926430598800671 -0.47736912817676364 -0.4510526756287829
60849 39293.9784 -0.742944262042433 -0.12939050675035757 0.5663323702629187 0.33250498741145923
60849 39713.9784 -0.7530712784249008 0.040303889844072134 0.6264210200066891 0.1971191309048966
60849 40133.9784 -0.7249269997668916 0.20790294189692085 0.6546602450338257 0.05174142761685247
60849 40553.9784 -0.659917272984664 0.364995021989475 0.6496242321980333 -0.09631294658820812
60849 40973.9784 -0.5612560701784822 0.5036505033878309 0.6115000976296828 -0.23957342240716026
60849 41393.9784 0.433882351494799 -0.6167665007684499 -0.5421308021361357 0.3707281780043373
60849 41813.9784 -0.284208633639942 0.6984979577242446 0.4449523494181151 -0.4830563759716627
60849 42233.9784 -0.11989491988572093 0.7445404485237707 0.32490130773089426 -0.5707222344822162
60849 42653.9784 0.050606925355222 0.7524532486155032 0.188145245356315 -0.6291696229188745
60849 43073.9784 0.21851724041887077 0.7218011535377346 0.04173501164977759 -0.6553712682090284
60849 43493.9784 0.37520294826229567 0.6541696677338767 -0.10677873456929617 -0.6479838696109729
60849 43913.9784 0.5126236803334678 0.553075625715437 -0.2497465721057761 -0.6074133389400194
60849 44333.9784 0.6237521644097006 0.42378149002632487 -0.37982305190979354 -0.5357956096714603
60849 44753.9784 -0.7029581149369339 -0.27299247051496783 0.4903739429704461 0.43687343217694574
60849 45173.9784 -0.7462963614031857 -0.1084231988679269 0.5758421471053616 0.3157403561800403
60849 45593.9784 -0.7516375932953641 0.06151823183512019 0.6319417291888147 0.17862274885043078
60849 46013.9784 -0.7187702593860702 0.22827692700661179 0.6559002795810331 0.03246200954996292
60849 46433.9784 -0.6493475500831839 0.3834781073562313 0.6465130695504236 -0.11538262988829286
60849 46853.9784 -0.5468178812542805 0.5192852659107804 0.6041962160295375 -0.25744892674885644
60849 47273.9784 0.41633143077230017 -0.6287444219341608 -0.5310173356199459 0.38648309265588976
60849 47693.9784 -0.26446370463061114 0.7062090779352305 0.4306147293164418 -0.4958816815235786
60849 48113.9784 -0.0989740999291664 0.7476062581199747 0.30808779901155975 -0.5799749291678683
60849 48533.9784 0.07164293492982779 0.7507369629490593 0.1697129033537443 -0.6343964318719848
60849 48953.9784 0.238617757290774 0.7153986695436936 0.022606462365765467 -0.6563194781354121
60849 49373.9784 0.39334755133800897 0.6434089507038859 -0.12563233837731097 -0.6446077424018158
60849 49793.9784 0.5279005143983255 0.5384953290186192 -0.2673754581202022 -0.5998784809593725
60849 50213.9784 0.6353853144263673 0.4061134929835325 -0.3953304621492796 -0.5244722668786764
60849 50633.9784 -0.7103468564127434 -0.2531305519840232 0.5029636866938192 0.4223266474000413
60849 51053.9784 -0.7490500371462481 -0.0873652455693169 0.5848678156496546 0.29869883484041077
60849 51473.9784 -0.7495974138168702 0.08269571258653718 0.6369290404504122 0.15995791243255764
60849 51893.9784 -0.7120285022879861 0.24848202552516577 0.6565817285794967 0.01313501488383121
60849 52313.9784 -0.6382470797577038 0.4016629363306143 0.6428468658073943 -0.13437059901869325
60849 52733.9784 -0.5319372381707344 0.5345051479939819 0.5963730518766779 -0.2751112582402261
60849 53153.9784 0.3984514263212429 -0.6402149963992275 -0.5194523919130657 0.4019084868274107
60849 53573.9784 -0.24452247591669227 0.7133498918349241 0.41592143696514017 -0.5082814661814118
60849 53993.9784 -0.07800442984857141 0.7500749838356642 0.2910322677321554 -0.5887300286944825
60849 54413.9784 0.0925766681828615 0.7484327243960812 0.15116681369123255 -0.6390826331544773
60849 54833.9784 0.25846822444825307 0.7084534184304987 0.0035051380025504825 -0.6567158022099753
60849 55253.9784 0.41112960530539544 0.6321747468277642 -0.14433466631368283 -0.6406988693721878
60849 55673.9784 0.542725634151596 0.5235312872040773 -0.284736540966309 -0.5918521602492732
60849 56093.9784 0.6464948042390603 0.3881673873986179 -0.4104681903893641 -0.512724499249364
60849 56513.9784 -0.7171576532078373 -0.23310739955861248 0.5151020005744846 0.4074503279181555
60849 56933.9784 -0.7511998506333932 -0.06627283758074193 0.5933805813689467 0.2814359270981853
60849 57353.9784 -0.7469581769028576 0.1037748784700743 0.641365702369227 0.14118885360009412
60849 57773.9784 -0.7047234999057551 0.26845725202560455 0.6567019176457387 -0.0061712134830643915
60849 58193.9784 -0.6266506316512307 0.4194966276255526 0.6386380126655876 -0.1532091839298501
60849 58613.9784 -0.5166573018500769 0.5492713896187923 0.5880557896986447 -0.2925005319536065
60849 59033.9784 0.3802892924526944 -0.6511551404822798 -0.5074699974007785 0.4169547203322987
60849 59453.9784 -0.22443222743304375 0.7199160759031984 0.4009062114277553 -0.5202165208682119
60849 59873.9784 -0.05702315551089464 0.7519562897778466 0.2737654109751779 -0.5969611358813132
60849 60293.9784 0.11338881489026321 0.7455566559639722 0.132533328979921 -0.6432131576041498
60849 60713.9784 0.27807310274424424 0.7009798163664345 -0.015554082380468709 -0.6565521434725277
60849 61133.9784 0.42851043917085213 0.6205138354105052 -0.16281622208924834 -0.6362643015369733
60849 61553.9784 0.5570364166361804 0.5082668794239643 -0.3017374870301018 -0.5833778353198792
60849 61973.9784 0.6570227292276675 0.3700561369022677 -0.42514519562062236 -0.5006307536097837
60849 62393.9784 -0.7233694775747461 -0.21304200611224086 0.5267171734779466 0.3923247656066508
60849 62813.9784 -0.7527596422236376 -0.045196358406713794 0.6013520294938446 0.2639809592560558
60849 63233.9784 -0.7437292531948663 0.12480099579817296 0.645245313534714 0.12227017114357645
60849 63653.9784 -0.6968204643016898 0.28833015263885886 0.6562414336372625 -0.025576246545186743
60849 64073.9784 -0.6144576179640034 0.4371472214000792 0.6338269696128539 -0.1720683443855356
60849 64493.9784 -0.5008185473845622 0.5637438890701459 0.5791371061216907 -0.30979642096815385
60849 64913.9784 0.36165895902504896 -0.6616883256549233 -0.49492241018541105 0.43176748944908533
60849 65333.9784 -0.20398145076281987 0.7259846649737698 0.3853946975214437 -0.5317976693160411
60849 65753.97839999999 -0.03582435178551099 0.7532730388568871 0.2561162172295069 -0.6047320299293785
60849 66173.97839999999 0.13424991423314092 0.7420906700372626 0.11366534915594835 -0.6468064520189153
60849 66593.97839999999 0.29755479765383064 0.692939186486765 -0.03467953829361504 -0.6558153366977552
60849 67013.97839999999 0.4456927385523919 0.6082946345471505 -0.18128714895888812 -0.6312452692933039
60849 67433.97839999999 0.5708729933630643 0.4926834144531081 -0.3184168478513245 -0.5744369326357316
60849 67853.97839999999 0.6669140999313754 0.35193806080616824 -0.4392569540055221 -0.4882811823391395
60849 68273.97839999999 -0.728918455851852 -0.19324980762800537 0.5376510416110704 0.37717867652456377
60849 68693.9784 -0.7537210476334484 -0.024718849233097258 0.6085887246823152 0.24680624999477135
60849 69113.97839999999 -0.7400527475922124 0.14506294243294054 0.6484586404442326 0.10382709254877594
60849 69533.97839999999 -0.6886001192358218 0.30745962926304193 0.6552259100364811 -0.044468629152584364
60849 69953.97839999999 -0.6019676276789824 0.4541994822941083 0.6285238450138736 -0.1905139936048749
60849 70373.97839999999 -0.4845828243827823 0.5777661158059606 0.5696971392000202 -0.3268194781940201
60849 70793.97839999999 0.34241449250679257 -0.6718576808217239 -0.48171773723770217 0.44643879051081387
60849 71213.97839999999 -0.18274988605295078 0.7316278156927869 0.3690839441637219 -0.5432313140944524
60849 71633.97839999999 -0.013753650289355579 0.7540075575503083 0.23755818396305878 -0.6122495810475578
60849 72053.9784 0.15583277124074923 0.7378658572103636 0.09397008106512798 -0.6499536506823059
60849 72473.9784 0.31741597540857497 0.6840726561976127 -0.054362733429933446 -0.6544741345631557
60849 72893.97839999999 0.46279281251082577 0.5953922975708579 -0.19988633388826912 -0.6256007338601212
60849 73313.97839999999 0.5845782245983728 0.4763527873304134 -0.3351906384181099 -0.564803998963198
60849 73733.97839999999 0.676554155001403 0.3330553629573941 -0.4533625204593184 -0.47519577607385166
60849 74153.97839999999 -0.7340956632322754 -0.17260351859222406 0.548499187460352 0.3611927794799936
60849 74573.97839999999 -0.7541333456082453 -0.003019270893175852 0.6156995998734756 0.2284464570980049
60849 74993.97839999999 -0.7355099252248445 0.166619381470229 0.6513048883837633 0.08405399444187915
60849 75413.97839999999 -0.6792300042768221 0.3276567468032689 0.6535419318556536 -0.06458018946075444
60849 75833.9784 -0.5882439708959244 0.4718481037781361 0.6223421248407345 -0.20980628521160113
60849 76253.97839999999 -0.46728908643752337 0.5918518107416659 0.5593634393479294 -0.3441872841042377
60849 76673.97839999999 -0.3226184801721148 0.6815977930044447 0.467891619272391 -0.46088957184727547
60849 77093.97839999999 -0.1616303230626869 0.736594331790281 0.35263102229526805 -0.5540359114318087
60849 77513.97839999999 0.007472024090612596 0.7541067766638072 0.21948124301702954 -0.6189467846345207
60849 77933.97839999999 0.1761764945912266 0.7332824989507151 0.0751754326018844 -0.6523858320191062
60849 78353.97839999999 0.3360026912518757 0.6751431292886998 -0.07301967069409496 -0.6526500395598583
60849 78773.97839999999 0.47886481876833903 0.582550197154467 -0.21761512697090118 -0.6196510386134249
60849 79193.97839999999 0.5974342478539199 0.46013556141149714 -0.35121976362733953 -0.5549705057508042
60849 79613.9784 0.685584665639784 0.3140678595558307 -0.4669776148987726 -0.46180835096071865
60849 80033.97839999999 -0.7386788484966298 -0.15184759727986874 0.5588652594821829 0.34491373954647897
60849 80453.97839999999 -0.7539302849986286 0.018145348027919644 0.6221129311719069 0.21032206868403175
60849 80873.97839999999 -0.7305570775319341 0.187170193196392 0.6534771457350705 0.06497149566363934
60849 81293.97839999999 -0.669781179830189 0.3465704868155292 0.6513696578588093 -0.08366383707806377
60849 81713.97839999999 -0.574769634827831 0.4881771085396229 0.6159300089952106 -0.22793244963570838
60849 82133.97839999999 -0.45045928382940514 0.6047652023032072 0.5490250611069284 -0.36043996167405473
60849 82553.97839999999 -0.3032774591719053 0.6904275687539293 0.45413862796868826 -0.47443720516996685
60849 82973.9784 -0.14074286025060342 0.7408756471593037 0.33614246909170836 -0.5641834481865734
60849 83393.97839999999 0.02883500702672652 0.7535963294552638 0.20109884652497545 -0.6251562752845455
60849 83813.97839999999 0.1969082763208278 0.7279901366529586 0.05584756794594105 -0.654322963686046
60849 84233.97839999999 0.3550215287139642 0.6653368229383675 -0.09228977905415692 -0.6502070615381028
60849 84653.97839999999 0.49518085513713167 0.5687441813339414 -0.235821078766671 -0.6129554598123484
60849 85073.97839999999 0.6102040184503567 0.4430645451225067 -0.36741319982943277 -0.5443825909353828
60849 85493.97839999999 -0.6941643841596037 -0.29463055808126726 0.4803325025763589 0.44789432791426526
60849 85913.97839999999 -0.7426540165856368 -0.13105196538461075 0.5687172583843293 0.3284068726958428
60849 86333.97839999999 -0.7531282245961453 0.03925243112819739 0.6279888393599047 0.1920602551455771
60850 353.9784 -0.7250318794018282 0.20754078969227407 0.6550967365662108 0.0458678559043326
60850 773.9784 -0.6598148485778146 0.36518126230542575 0.6486535914447764 -0.10264272776502342
60850 1193.9784 -0.5608609614857415 0.5040905034135623 0.6090115751005984 -0.24583052626360125
60850 1613.9784 0.43330411802820323 -0.6171710428666333 -0.5382454211975135 0.3763499856604548
60850 2033.9784 -0.2837400683899151 0.6986834505946535 0.4400369590292776 -0.4875453662414409
60850 2453.9784 -0.11979868247160645 0.7445477887382299 0.3194188926844227 -0.5738191674729388
60850 2873.9784 0.050114270028471845 0.7524762019806781 0.1826061205794795 -0.6308114854052355
60850 3293.9784 0.21741937998300714 0.7221216264623163 0.03653563247388999 -0.6556937679762991
60850 3713.9784 0.3736976465330899 0.6550180894705829 -0.11141720114055582 -0.6472152491497263
60850 4133.9784 0.5110517185983596 0.5545150826413274 -0.25376710932405994 -0.6057568970026306
60850 4553.9784 0.6224482173499593 0.4256796890182911 -0.38324583203198537 -0.5333644638568077
60850 4973.9784 -0.7021639963209295 -0.275005967720575 0.49324331447602354 0.43364556115956987
60850 5393.9784 -0.746027040244598 -0.11020425103827483 0.5780647960824054 0.3116725361772912
60850 5813.9784 -0.7517305843995585 0.060276308242069226 0.6333247242430106 0.17368848207500692
60850 6233.9784 -0.7189463119486281 0.22769518270553143 0.656166025434333 0.026781549131274805
60850 6653.9784 -0.6493467831366214 0.38346250646929086 0.6454036528374358 -0.12148821451690395
60850 7073.9784 -0.5465313738668813 0.5195771605840177 0.6015976208518562 -0.26348308136200166
60850 7493.9784 0.4158263743944262 -0.6290736140283351 -0.527028457977065 0.39191302475630085
60850 7913.9784 -0.26399358270186507 0.7063805779480065 0.4255759433753719 -0.5002189358773179
60850 8333.9784 -0.09877031858286302 0.7476281263141107 0.30243277372810057 -0.5829502777134767
60850 8753.9784 0.07134498105971934 0.7507592684890003 0.163961299791686 -0.6359143862392722
60850 9173.9784 0.23774872040167552 0.7156811629433296 0.017198411654136714 -0.6564908480641783
60850 9593.9784 0.3920622771892254 0.6441855270418884 -0.13043711318401136 -0.6436601098865649
60850 10013.9784 0.5264928701292292 0.5398626149973257 -0.27147877654407776 -0.5980408752898642
60850 10433.9784 0.6341809361183212 0.40797652290744213 -0.39874019022219104 -0.5218965009673988
60850 10853.9784 -0.7096063548098046 -0.2551658673214577 0.5057389333171091 0.41901948963610586
60850 11273.9784 -0.748816582625611 -0.08925142648679117 0.5869342920865385 0.29464562652082305
60850 11693.9784 -0.7497421934712329 0.08128060075317803 0.6381331902635868 0.15513264889817235
60850 12113.9784 -0.7122907949255143 0.2476968969471529 0.6566808598872933 0.007636685460033635
60850 12533.9784 -0.6383566809687737 0.4014675115879061 0.6415994029248009 -0.1402668569851221
60850 12953.9784 -0.5317606448774574 0.5346669007416579 0.5936622297799795 -0.2809396354085404
60850 13373.9784 0.39801881181160503 -0.6404758176544995 -0.5153573005107731 0.40715918908226456
60850 13793.9784 -0.24405301436216986 0.7135077300477061 0.41075294864808237 -0.5124713265342895
60850 14213.9784 -0.0776899004739051 0.750107011352669 0.2851893601170295 -0.59158328218431
60850 14633.9784 0.09249040837263654 0.7484424307939602 0.14517414421180697 -0.6404716387152991
60850 15053.9784 0.2578692703680013 0.7086705014213305 -0.0021624565849655965 -0.6567228362076598
60850 15473.9784 0.41011063902404804 0.6328360100355702 -0.14936456354110675 -0.6395452097543389
60850 15893.9784 0.5415290260095601 0.5247672525985617 -0.28898377293845345 -0.589791508558364
60850 16313.9784 0.6454315408297592 0.38992292246871957 -0.4139226017711656 -0.5099473702045781
60850 16733.9784 -0.7165099831466938 -0.23507840187953946 0.5178323805477345 0.4039817009186834
60850 17153.9784 -0.7510285034844458 -0.06816542578866974 0.5953268752810266 0.27730051072634565
60850 17573.9784 -0.7471618545502571 0.10228944859810402 0.6424081661839979 0.13637367719112575
60850 17993.9784 -0.7050603790070401 0.2675651969943287 0.656631250510732 -0.011581371445006849
60850 18413.9784 -0.6268391839411038 0.4192073455499568 0.6372295465838806 -0.15898535741857484
60850 18833.9784 -0.5165418442986474 0.5493735985377071 0.5851910312463822 -0.2982023294125619
60850 19253.9784 0.37987320263130425 -0.6513966876642127 -0.5032134825644272 0.42208399186430773
60850 19673.9784 -0.22391133028742272 0.7200780195219396 0.39556097497869397 -0.5242927398354691
60850 20093.9784 -0.05657559789050359 0.7519895037951138 0.2677177853618347 -0.5996984036215749
60850 20513.9784 0.11349567310019158 0.7455392141658204 0.12631734070094336 -0.6444640732940722
60850 20933.9784 0.2776937579921156 0.7011290576723597 -0.021436486938742803 -0.6563876128381846
60850 21353.9784 0.42774300030879914 0.6210428193491887 -0.16806587723865266 -0.634898104525159
60850 21773.9784 0.556067046060599 0.509328998064235 -0.3061536231756582 -0.581070882967594
60850 22193.9784 0.6561299073605177 0.3716454563937586 -0.42867328958667 -0.4976066822339669
60850 22613.9784 -0.7228140041982194 -0.21493657623926382 0.5293975274236457 0.38869067584289946
60850 23033.9784 -0.7526427906940404 -0.04718827045266588 0.6031405255882532 0.25985304143130333
60850 23453.9784 -0.7440266745955898 0.123049853395334 0.6460964308360863 0.11765391251669258
60850 23873.9784 -0.697341867322179 0.2870785420446956 0.656019388810953 -0.03063971738140123
60850 24293.9784 -0.6149411366533883 0.43647138748235387 0.63235284912155 -0.17739785953761056
60850 24713.9784 -0.5011401655421293 0.5634588932417858 0.5763393195180656 -0.31496920307325643
60850 25133.9784 0.3617542138812396 -0.6616360790888567 -0.4908508135823946 0.436390955901462
60850 25553.9784 -0.20393132073020384 0.7259983074241696 0.3802756051653066 -0.5354707631221665
60850 25973.9784 -0.03545574588662626 0.75328902059122 0.2500495509408849 -0.6072674564099457
60850 26393.9784 0.13476307318306202 0.7419953577306516 0.10705561255616232 -0.6479358757104315
60850 26813.9784 0.2979942276195754 0.6927478393235407 -0.04133197043419771 -0.6554323303270941
60850 27233.9784 0.4459134585989892 0.6081315232537152 -0.18750805061607942 -0.6294266985277644
60850 27653.9784 0.5710029815218299 0.4925357453051377 -0.3240072452859109 -0.5712997809312802
60850 28073.9784 0.6669318117328428 0.35191257364678336 -0.44389239214737397 -0.48406512289332215
60850 28493.9784 -0.7288748976464656 -0.19343156626727287 0.5411139838776776 0.37218445588749727
60850 28913.9784 -0.7537095671006276 -0.025185468731279206 0.6107526404617205 0.2413892971836297
60850 29333.9784 -0.7401994899784243 0.14433155179051665 0.6493151032303622 0.09830063535077448
60850 29753.9784 -0.6889968212228337 0.306576160094188 0.6548347952077898 -0.049858092541785956
60850 30173.9784 -0.6026236515391347 0.4533321863950174 0.6269634142683632 -0.1955800106169075
60850 30593.9784 -0.48539981974768226 0.5770826934276392 0.5670290227929269 -0.3314221888252466
60850 31013.9784 -0.3432065263794371 0.6714556124942785 0.4779783621358365 -0.4504368169126908
60850 31433.9784 -0.1834291566975322 0.731459616502787 0.36440554208964443 -0.5463782341868868
60850 31853.9784 -0.01415638837369549 0.7540007343308007 0.23205288406782903 -0.6143565319036082
60850 32273.9784 0.15603494767710785 0.7378230089994295 0.08760965038406908 -0.6508416486780876
60850 32693.9784 0.31808286417913834 0.6837623920873731 -0.06121663395300812 -0.6538691049514519
60850 33113.9784 0.4636518941506268 0.5947233131229653 -0.2067201440485508 -0.6233761977515068
60850 33533.9784 0.5853302211750383 0.4754283383095342 -0.3414271028071749 -0.5610561119710886
60850 33953.9784 0.6770177716545303 0.33211348552327075 -0.4585101122209789 -0.47022978062711407
60850 34373.9784 -0.7342041322190047 -0.17213919908566216 0.5521301989810025 0.35561866056758556
60850 34793.9784 -0.7541294352070606 -0.0035906024832652607 0.6176737484882868 0.2230583846362109
60850 35213.9784 -0.7358457531803247 0.16512152757196646 0.6519158556396489 0.07919359711747703
60850 35633.9784 -0.6802178296697157 0.3255961250770513 0.6531131785982401 -0.06880438558358054
60850 36053.9784 -0.5899050459383305 0.469767128541329 0.6210818322905131 -0.21351402604323133
60850 36473.9784 -0.46933007703360075 0.5902332492073658 0.5572759770300515 -0.3475593125596718
60850 36893.9784 -0.32452201192304475 0.6806921332244822 0.4647954467975251 -0.46401387498652646
60850 37313.9784 -0.1629002623514657 0.7363131718649215 0.3483172374602082 -0.5567598401035505
60850 37733.9784 0.0071522611231130545 0.7541079150660928 0.21386051508734105 -0.6209136636297147
60850 38153.9784 0.17684671146861206 0.7331185097458799 0.06838339134895982 -0.6531356697488911
60850 38573.9784 0.33717250224467693 0.6745565311637745 -0.08033980475226916 -0.6517926861868937
60850 38993.9784 0.48012108173379164 0.581511864274639 -0.22481766094772998 -0.6170775623117398
60850 39413.9784 0.5985494995782705 0.45868075768239064 -0.35780781402015266 -0.5507486062738877
60850 39833.9784 0.6863885157837364 0.31230075056630374 -0.4725139236928171 -0.4561465099201586
60850 40253.9784 -0.7390659703850848 -0.14993093968465118 0.5629931840751182 0.338143282395186
60850 40673.9784 -0.753871127986594 0.020261864057203052 0.6246560508122836 0.20266375462018288
60850 41093.9784 -0.7300048646245011 0.1892879977157346 0.654238339582382 0.056878348831693806
60850 41513.9784 -0.6687846692485107 0.3484756367816939 0.6502965780804529 -0.09168509848719454
60850 41933.9784 -0.5734631275864623 0.4897013545189318 0.6131264118769746 -0.2353903730825513
60850 42353.9784 0.4490182232039777 -0.605829881359458 -0.544722360004857 0.36692007384915154
60850 42773.9784 -0.30187261097848417 0.6910404307973165 0.44865356421420965 -0.47963113854542233
60850 43193.9784 -0.1394982027445738 0.7411104228116212 0.329828944816851 -0.5678982829627295
60850 43613.9784 0.02991695982321725 0.7535532559554928 0.19426532232874757 -0.627314474959983
60850 44033.9784 0.19788772656979153 0.727722972527449 0.04876165615845975 -0.6548908487813349
60850 44453.9784 0.3559721651646755 0.6648267297842652 -0.09937576120923466 -0.6491638430137786
60850 44873.9784 0.49614628035253794 0.567899005745702 -0.24265817746806656 -0.6102840295086055
60850 45293.9784 0.6111175999595997 0.441796491381189 -0.37367814954862466 -0.5401071928541643
60850 45713.9784 -0.6948824261562995 -0.29291966554680027 0.4856489647734355 0.44213297362849563
60850 46133.9784 -0.7430151428957766 -0.12896078850126025 0.5727161165030179 0.32139362525476994
60850 46553.9784 -0.752995372780825 0.04161909066096441 0.630369052110474 0.18412136759366987
60850 46973.9784 -0.7242716345981854 0.21015456464193305 0.6556482040814828 0.037297329145104564
60850 47393.9784 -0.6583497390773984 0.3678016075608532 0.6472229456719694 -0.11135554376892379
60850 47813.9784 -0.5586431884783286 0.5065358318553742 0.6055590052239411 -0.2542391201320941
60850 48233.9784 0.43024556630350147 -0.6192987174801382 -0.532775770147879 0.3840674809808425
60850 48653.9784 -0.2798673573158086 0.7002390074951291 0.432678460704077 -0.4940940642570526
60850 49073.9784 -0.11539248362911472 0.7452399304608395 0.31055573311344603 -0.5786684347698582
60850 49493.9784 0.05474910877103342 0.7521498796855132 0.1727198849376025 -0.6335936670493061
60850 49913.9784 0.2218950841766676 0.7207542807924886 0.026244821101349097 -0.6561913194357956
60850 50333.9784 0.37764288176287636 0.652744206481755 -0.12145250024189362 -0.6454147077215757
60850 50753.9784 0.5141934313270557 0.551590727004324 -0.26293816447439583 -0.6018440883865065
60850 51173.9784 0.6246801894363214 0.4223819819166093 -0.39108765845484916 -0.5276538312969044
60850 51593.9784 -0.7034772093609967 -0.27161433976248295 0.4994054675936134 0.42654383746885777
60850 52013.9784 -0.7465050687680583 -0.10688892277495081 0.5823575405970095 0.3035862898772103
60850 52433.9784 -0.7514635867538536 0.06344878786388217 0.6356535836584546 0.16498863804456862
60850 52853.9784 -0.7179771323174606 0.23071122549837825 0.6564786539723112 0.017802942929031763
60850 53273.9784 -0.6476820758135922 0.38625459607489315 0.6436752842970669 -0.1303742461757975
60850 53693.9784 -0.5443373353800555 0.5218636782092138 0.5979464670772676 -0.2716895087910195
60850 54113.9784 0.41317904792277094 -0.6308018439262121 -0.5216333857590046 0.3990873575027411
60850 54533.9784 -0.2608977420662922 0.7075158019924332 0.41861834548813726 -0.5060755269092638
60850 54953.9784 -0.09530948878243929 0.7480645384567212 0.2941869104448391 -0.5871708519455671
60850 55373.9784 0.07509165347900511 0.7503814486875543 0.15473777743066008 -0.6382359636366285
60850 55793.9784 0.24160509541080946 0.7143742517595976 0.007417895781185752 -0.6566897144897491
60850 56213.9784 0.3957600313412436 0.6419030212208738 -0.14024778923416512 -0.6416113048842123
60850 56633.9784 0.5297204847683094 0.5366793591346164 -0.2807223070180733 -0.5937730709944125
60850 57053.9784 0.6366550631267496 0.40409057893994266 -0.40683657319221334 -0.5156211179929242
60850 57473.9784 -0.7111285350385372 -0.25087383122419654 0.5121900791711776 0.411120238202232
60850 57893.9784 -0.7493447230761419 -0.08463606203795565 0.5914809058650106 0.2854287319065025
60850 58313.9784 -0.7492034797525067 0.08601983098507365 0.6405160654141175 0.14503070209597865
60850 58733.9784 -0.7106937875400785 0.2522112155654994 0.6567315133892085 -0.0027499848055186557
60850 59153.9784 -0.6358469742326993 0.4054128287399628 0.6393354580676267 -0.1502971580225007
60850 59573.9784 -0.5285694572239487 0.5378107707194045 0.5892762975070558 -0.29004714958874567
60850 59993.9784 0.39441795663415935 -0.6426889065290597 -0.5091774413897774 0.4148780279657814
60850 60413.9784 -0.24031448109642015 0.7147645175890849 0.4031931192778548 -0.5184553434366307
60850 60833.9784 -0.0740770293256037 0.7504619818526368 0.27672503205045934 -0.5956027737987613
60850 61253.9784 0.09590329911614043 0.7480019647794052 0.1361808383093961 -0.6424565333017788
60850 61673.9784 0.2610746766643687 0.7074832099932173 -0.011355740290513129 -0.6566418871384484
60850 62093.9784 0.41309444881387747 0.6308786493236737 -0.15842903295960684 -0.6373737896259775
60850 62513.9784 0.5442342943073342 0.521946900047289 -0.29759087817839935 -0.5855084420021904
60850 62933.9784 0.647670679493221 0.38618035935308903 -0.4216491798108136 -0.5035865269639137
60850 63353.9784 -0.7179652677692121 -0.23057890407416737 0.5241262991498898 0.3957914423184004
60850 63773.9784 -0.7514590194105523 -0.0631678317831382 0.599722750810056 0.26767851862853664
60850 64193.9784 -0.7463987642764488 0.10765952490537335 0.6445978158089589 0.12566609422616387
60850 64613.9784 -0.7029922980687825 0.2729283887628118 0.6563481883928687 -0.02278111184088358
60850 65033.9784 -0.6236437393831968 0.42393348743577075 0.634444608165449 -0.16979082345191185
60850 65453.9784 -0.5125858697727652 0.553060517167445 0.5801682705467918 -0.307871025448191
60850 65873.97839999999 0.37531537699690665 -0.6540331308196355 -0.4962241573346149 0.4302796965434075
60850 66293.97839999999 -0.2188699927397068 0.7216299623181313 0.3868974746280197 -0.5307131691312306
60850 66713.97839999999 -0.05124746557683078 0.7523759886490936 0.2577750172375341 -0.6040332022864633
60850 67133.97839999999 0.11898814977510129 0.7446861482517166 0.11546653189628675 -0.646491949545363
60850 67553.97839999999 0.2831531107294972 0.6989447181779193 -0.03274737382850822 -0.6559178350393698
60850 67973.97839999999 0.4328726066270514 0.6174804718547448 -0.17928845938719837 -0.6318186619913253
60850 68393.97839999999 0.560488721252689 0.504461127260856 -0.31665240161749514 -0.5754151727067203
60850 68813.9784 0.6594647245809846 0.3656986486528927 -0.4377930372434935 -0.4895998692278126
60850 69233.97839999999 -0.7247490279871492 -0.20832676120656787 0.5365226614435517 0.37879049718068697
60850 69653.97839999999 -0.7530429295881096 -0.040335369955897066 0.6078538446648254 0.2486224198540202
60850 70073.97839999999 -0.742910356325548 0.12962048078639757 0.6481386796105646 0.10582525888285979
60850 70493.97839999999 -0.6949103152422746 0.29291424946902084 0.6553700590704767 -0.04231999411439638
60850 70913.97839999999 -0.6114972840813292 0.44128336593198786 0.6291951098992182 -0.18829120051612644
60850 71333.97839999999 -0.49690233310534115 0.5672025834826432 0.570926869461419 -0.32467185029205686
60850 71753.97839999999 0.3569583987777496 -0.6642403671132059 -0.4835117618835749 0.44450175743137377
60850 72173.9784 -0.19868877887882147 0.7274558583336983 0.3713114358758293 -0.5417181563428117
60850 72593.97839999999 -0.030026590535360494 0.7535303993039761 0.2399117679045721 -0.6113368014495077
60850 73013.97839999999 0.1402093583087458 0.7409900808668825 0.09616965209296863 -0.6496356162618073
60850 73433.97839999999 0.30322181814012333 0.6904791435918731 -0.052461558012724965 -0.6546318554724547
60850 73853.97839999999 0.4506151042507135 0.6046585660289178 -0.19829563655410012 -0.626109325016467
60850 74273.97839999999 0.574871589346915 0.48801802425731183 -0.33385151792953716 -0.5656007670944989
60850 74693.97839999999 0.6697056282400287 0.34661068553406865 -0.4522298535955605 -0.4762809713752684
60850 75113.97839999999 -0.7303740972909276 -0.18770867369804958 0.5474610472256247 0.36277476978919576
60850 75533.97839999999 -0.7538856077474895 -0.019385868434949657 0.6147948380355658 0.23088522183336838
60850 75953.9784 -0.7390970473603117 0.1498918559919266 0.6508851338133181 0.087272725816165
60850 76373.97839999999 -0.6867269745208625 0.3116335902245294 0.6539024365344306 -0.06084547151208239
60850 76793.97839999999 -0.5993333987918692 0.4576769206627196 0.6236149999342964 -0.20599913893563865
60850 77213.97839999999 -0.4812453033619568 0.580556025898982 0.561441227513243 -0.3407952564705991
60850 77633.97839999999 -0.3383991070877081 0.6738966417976266 0.47043879929067617 -0.4582976070394327
60850 78053.97839999999 -0.17812547763690076 0.7327744826586671 0.3552366834294419 -0.5523764753562549
60850 78473.97839999999 -0.008694410864814298 0.7540887777868154 0.2217666997862692 -0.6181375682658411
60850 78893.97839999999 0.16122729094809152 0.7367100348028076 0.07686669154237873 -0.6521929139493271
60850 79313.9784 0.3228281415905893 0.6815377706491551 -0.07192965399130369 -0.6527743737712421
60850 79733.97839999999 0.4677299460897258 0.5915237262236777 -0.21686552043164492 -0.6199175145882472
60850 80153.97839999999 0.5885721434529129 0.4714119596923538 -0.3505201857775688 -0.5554180367729491
60850 80573.97839999999 0.6793749841550244 0.3272718971363283 -0.4662442027387844 -0.46255710962174623
60850 80993.97839999999 -0.7355184593733397 -0.16645675746554708 0.5581555030764466 0.34607394903489014
60850 81413.97839999999 -0.7541379635904998 0.0028053971471097726 0.6215705184061867 0.21193902959739486
60850 81833.97839999999 -0.7342905709812635 0.1719226493492679 0.653279325315025 0.06697822873654263
60850 82253.97839999999 -0.6769659908581184 0.33231047823262305 0.6516560717915664 -0.08143191865280139
60850 82673.97839999999 -0.5850534023506897 0.47579911760692095 0.6167474388765839 -0.22572175952161008
60850 83093.9784 -0.463320975431599 0.5949635819998469 0.5503557338810732 -0.35841397294643557
60850 83513.97839999999 -0.31798714549670754 0.6837709560209756 0.45587604735660925 -0.47277741533149764
60850 83933.97839999999 -0.1564243122927422 0.7377172819161253 0.33809866915094566 -0.5630221455719002
60850 84353.97839999999 0.013134090499210976 0.7540273140144176 0.20302788904009067 -0.6245398159115928
60850 84773.97839999999 0.18205833584290346 0.731840061009511 0.057548453127563584 -0.6541812157149823
60850 85193.97839999999 0.3417411415979337 0.6722500484879009 -0.0909201585762618 -0.6504047887368474
60850 85613.97839999999 0.48408139727085925 0.5782153149983392 -0.23484207830797976 -0.6133363258226701
60850 86033.97839999999 0.6016583353418902 0.4545930617363012 -0.3667197875552451 -0.544856855651351
60851 53.9784 -0.6884399966477195 -0.30775414207142426 0.4797833006606628 0.4484927462743736
60851 473.9784 -0.7400039528373188 -0.1452374748181578 0.5682668002669833 0.3292006521984923
60851 893.9784 -0.7537355573314989 0.024832579829098814 0.6277269144379908 0.19293774509764935
60851 1313.9784 -0.7288812942541184 0.1935698012504558 0.655033950124506 0.046832842264658524
60851 1733.9784 -0.6667659443921026 0.352321038879851 0.6488254898883873 -0.10158023741173451
60851 2153.9784 -0.5706321495800419 0.49299578039805514 0.6094711682563939 -0.24470187052730047
60851 2573.9784 0.4454536610637398 -0.6084535450196226 -0.5390315423849468 0.3752336814733858
60851 2993.9784 -0.29767712193190904 0.6928531294830574 0.4411545591271893 -0.4865444758757044
60851 3413.9784 -0.1348140356464754 0.7419686242574115 0.3208321103526971 -0.5730396961615397
60851 3833.9784 0.03486851396216685 0.7533299447591864 0.18418859858279352 -0.6303592160152004
60851 4253.9784 0.20281375944612873 0.7263533028743765 0.03812429659382793 -0.6556096372019238
60851 4673.9784 0.36054217358529583 0.662344787042121 -0.10997911223412539 -0.6474668478128525
60851 5093.9784 0.5000443043990349 0.564453789956373 -0.25260778441099413 -0.606248232902118
60851 5513.9784 0.6140652671165272 0.43767351021169587 -0.38236794175309635 -0.5340042165559944
60851 5933.9784 -0.6967500255660638 -0.2884257032965146 0.4926255697322492 0.43436167372084905
60851 6353.9784 -0.7437854779646578 -0.12438494191238213 0.5776704419225077 0.3124234458605719
60851 6773.9784 -0.752732996821068 0.04597230270384923 0.6331122413122718 0.17449490760887956
60851 7193.9784 -0.723152148007145 0.2139389737379285 0.6561374159782838 0.027654614478506305
60851 7613.9784 -0.6565971199927693 0.37089889166391526 0.6455904448620375 -0.12052888318787597
60851 8033.9784 -0.5565299484100652 0.5088440644369109 0.6020516580061323 -0.26246130324693995
60851 8453.9784 0.42812583522863706 -0.62076038681343 -0.5277923439368644 0.3908964735766406
60851 8873.9784 -0.2780111493482967 0.7009749323872182 0.4266670044581136 -0.4992987205166002
60851 9293.9784 -0.11381386710943787 0.7454799233730554 0.3038361820860299 -0.5822281871883941
60851 9713.9784 0.05613208126266491 0.7520443747929054 0.1655510257100407 -0.6355086983526055
60851 10133.9784 0.2232527894816819 0.7203304440515648 0.018800358166862832 -0.6564516660759732
60851 10553.9784 0.3791061000782233 0.6518903280995204 -0.1289963934327452 -0.6439545756457704
60851 10973.9784 0.5157865779103159 0.5500947380453922 -0.2703531147186019 -0.5985559109926885
60851 11393.9784 0.6261768155534262 0.42014767086301474 -0.3979284701067913 -0.5225241267254773
60851 11813.9784 -0.7046078077549655 -0.26864133289381237 0.5051975090589296 0.41968458198083747
60851 12233.9784 -0.7469918661950566 -0.10336777157398001 0.5866098242654825 0.2953086008118894
60851 12653.9784 -0.7511322045403733 0.06716563242345673 0.6379753195543965 0.15580975824043064
60851 13073.9784 -0.7168269889128851 0.234229686371963 0.6566777813274167 0.008355447269886771
60851 13493.9784 -0.6458671695368591 0.3892611150043281 0.6417796378793427 -0.1394642608824677
60851 13913.9784 -0.5419360422210249 0.5243428683345891 0.5940790743864282 -0.28007130510752437
60851 14333.9784 0.4104072296207147 -0.6326006467016283 -0.5160589339444257 0.40628254252905643
60851 14753.9784 -0.2580810113167832 0.708545396913345 0.41177157385484775 -0.5116656946441871
60851 15173.9784 -0.09268709034301202 0.7483933624895619 0.2865328898386213 -0.5909444824228773
60851 15593.9784 0.07739119042643818 0.7501466646090065 0.14671212634024822 -0.6401297815326863
60851 16013.9784 0.2435704732638116 0.7137047929533561 -6.184815073366007E-4 -0.6567332110911364
60851 16433.9784 0.3974443776976569 0.6408603048603183 -0.14800305983005563 -0.6398680571585076
60851 16853.9784 0.5312378611791827 0.5351751965998887 -0.28801009284339213 -0.5902745380027659
60851 17273.9784 0.6379347926191064 0.40206021485057974 -0.41333352463003664 -0.5104333271028002
60851 17693.9784 -0.7120210636138737 -0.2483248071057109 0.5175172685020051 0.4043966764802882
60851 18113.9784 -0.7496494296324689 -0.08189549697595368 0.5951812249834849 0.2776295547198349
60851 18533.9784 -0.7488901101828779 0.0887106196453573 0.642359140315147 0.1366336843022215
60851 18953.9784 -0.709795907896643 0.25472440391450213 0.6566407836632749 -0.011319382212033354
60851 19373.9784 -0.634416409644609 0.40764211623561963 0.637326452315382 -0.15861499747400387
60851 19793.9784 -0.5266714808187202 0.5396643356629369 0.5854494714966972 -0.2977053449804614
60851 20213.9784 0.39213186620204665 -0.6440856641092098 -0.5037127977239837 0.42149694448118535
60851 20633.9784 -0.23773359721293685 0.7156274367227675 0.39635305730090786 -0.5237025515825006
60851 21053.9784 -0.07130845022560306 0.7507298448108384 0.26883514591092383 -0.599205698704351
60851 21473.9784 0.09873494319487379 0.7476323390767902 0.12762134840960823 -0.6442127660866291
60851 21893.9784 0.2638223918579374 0.7064615434455185 -0.020150884259928253 -0.6564326127261471
60851 22313.9784 0.41559223321491684 0.6292348393920001 -0.16699825556333275 -0.6351835917477451
60851 22733.9784 0.5462159606550299 0.5198742855835531 -0.3053508941340317 -0.5814977927440828
60851 23153.9784 0.6489249853611622 0.3840788635100891 -0.42802741319736 -0.49816897086268874
60851 23573.9784 -0.7186006715484607 -0.22861095910235224 0.5289259921899742 0.38934226461335447
60851 23993.9784 -0.7516120761017518 -0.06139535622852295 0.6028487641061275 0.2605441707413578
60851 24413.9784 -0.7462302560702273 0.10886185868401033 0.6459483540187999 0.11849145365649207
60851 24833.9784 -0.7027814543875301 0.27348341873687226 0.6560733736173753 -0.02954277365543583
60851 25253.9784 -0.6235129876398136 0.4241311782417813 0.6327405884614707 -0.1760217191176809
60851 25673.9784 -0.5124708608657025 0.5531689978086757 0.5771429893574322 -0.3135022272049727
60851 26093.9784 0.3753312305925243 -0.6540247257114087 -0.49211385793434465 0.4349736501548038
60851 26513.9784 -0.2189943239201351 0.7215925944474358 0.38191746339840615 -0.5343076500301192
60851 26933.9784 -0.051494027334191526 0.752358300038983 0.25221152173364314 -0.6063783487362963
60851 27353.9784 0.11864878080207998 0.7447386496541517 0.10960418120420326 -0.6475135010083164
60851 27773.9784 0.2827850108077828 0.699091972818485 -0.038638566295065076 -0.6555990485028654
60851 28193.9784 0.4325446617344441 0.617709528449576 -0.18495087523847512 -0.6301850742568884
60851 28613.9784 0.5601847527168816 0.5048013438183336 -0.3217567748812736 -0.5725742082217223
60851 29033.9784 0.6591870987567763 0.3662052727569705 -0.4420496854527435 -0.4857552291316558
60851 29453.9784 -0.724573494781373 -0.2089499801904187 0.539772636841867 0.37413721674742434
60851 29873.9784 -0.7530069245803982 -0.04106116139775581 0.6099506692701021 0.2434229521133795
60851 30293.9784 -0.7430364140239542 0.12891315415157664 0.6490165287464758 0.10027876911385464
60851 30713.9784 -0.6951520032123996 0.2923453123127838 0.6549752460451975 -0.048013934087532295
60851 31133.9784 -0.6117580557696196 0.44092416338816054 0.6274884560322279 -0.19389739783637264
60851 31553.9784 -0.4971147119921199 0.5670184960741301 0.567934711856402 -0.3298744477818933
60851 31973.9784 0.35719508871417244 -0.6641146652294504 -0.4794208425063779 0.4489087165517333
60851 32393.9784 -0.19900581595031794 0.727370526248491 0.366378802751183 -0.5450645609994759
60851 32813.9784 -0.030608700353907354 0.7535070482099141 0.2345623592656342 -0.6134091093033803
60851 33233.9784 0.13940388533924217 0.7411413302867668 0.09069948731890916 -0.6504226997062542
60851 33653.9784 0.3023462002846602 0.6908621658143814 -0.057847997299586805 -0.6541787616761319
60851 34073.9784 0.449893333870813 0.6051949674794026 -0.20348815215551516 -0.6244418398926708
60851 34493.9784 0.5744153907781321 0.48855391290215794 -0.33868269386622113 -0.5627220147645869
60851 34913.9784 0.6695186857677258 0.34697152079180554 -0.4564778311115746 -0.4722112693180371
60851 35333.9784 -0.7303523368126216 -0.18778760229330987 0.5508432447386777 0.3576213084577565
60851 35753.9784 -0.7538904517552896 -0.019114456350988955 0.6170423593643947 0.22481670547499946
60851 36173.9784 -0.7389847369722958 0.1504311808045259 0.6517465026992134 0.08061336479199274
60851 36593.9784 -0.6864359851461035 0.3122660842730403 0.6532368356940517 -0.06765476628962251
60851 37013.9784 -0.5989180541113927 0.45821561790613935 0.6214433922182433 -0.21247052086018994
60851 37433.9784 -0.4808583370218042 0.5808745092309754 0.557953515653913 -0.3464793480306399
60851 37853.9784 -0.338218415248666 0.6739859938620504 0.46594597286791917 -0.462866648218073
60851 38273.9784 -0.1783013544132233 0.7327305005469189 0.3501127574956451 -0.5556398992346281
60851 38693.9784 -0.009267550475976282 0.7540799871769363 0.21636361500413254 -0.6200518297285723
60851 39113.9784 0.16026786796800255 0.7369167920788477 0.07152652552438647 -0.6528030393584427
60851 39533.9784 0.3216606711499991 0.6820868975991522 -0.07700072799262876 -0.6521984089581182
60851 39953.9784 0.4666904240039885 0.5923415837623637 -0.22164934486234533 -0.6182257388777704
60851 40373.9784 0.5878410403634434 0.4723202335425893 -0.35491658607456444 -0.5526216835954545
60851 40793.9784 0.6789260051640682 0.32819498439916617 -0.469986343382397 -0.45875959800448246
60851 41213.9784 -0.7353337299540417 -0.1672496484609388 0.5610464829641651 0.34137765690670163
60851 41633.9784 -0.75413359453967 0.0024729412502417433 0.6234658395995133 0.20631711756595356
60851 42053.9784 -0.7342124084442424 0.17222918138046708 0.6539168363546319 0.0605146221955369
60851 42473.9784 -0.6765767236624624 0.3330878854098238 0.6507617776642359 -0.08834877657706271
60851 42893.9784 -0.5842299012173142 0.47679927069211653 0.614191640193227 -0.23260805469249515
60851 43313.9784 -0.4618235891402821 0.5961195208965342 0.546030380081064 -0.3649812506803644
60851 43733.9784 -0.3157370423814319 0.6848098954302806 0.44981186541092144 -0.47855492153413387
60851 44153.9784 -0.15361694627921105 0.7383064172152923 0.3305943435605971 -0.5674617591699962
60851 44573.9784 0.01617419251838837 0.7539674669400657 0.19457321421350812 -0.627226210073354
60851 44993.9784 0.1848821980005812 0.7311301591736664 0.04881658452703903 -0.6548925135350667
60851 45413.9784 0.34398013934474586 0.6711048145503911 -0.09924536864084581 -0.6491889928418357
60851 45833.9784 0.485493724673769 0.5770260527106442 -0.24214046266407038 -0.6104955152467489
60851 46253.9784 0.6023420148532125 0.4536783677330994 -0.3726897988136089 -0.5407978824421142
60851 46673.9784 -0.6886450985050017 -0.3072800060809175 0.48432146756598504 0.44359851467591543
60851 47093.9784 -0.7400093673640524 -0.14518215443580615 0.5713912843970524 0.3237595996444267
60851 47513.9784 -0.7537416263048117 0.024457774862532658 0.6294410910787316 0.1872946632602414
60851 47933.9784 -0.7290105837749734 0.19305598542452054 0.6554269834730791 0.04109044379438845
60851 48353.9784 -0.6669326743615134 0.3519909802813552 0.6478955285163479 -0.10739898415763682
60851 48773.9784 -0.570617009935411 0.49300204715963847 0.6071312161555735 -0.25047334356819484
60851 49193.9784 0.4449421436264653 -0.6088182415353692 -0.5351467093475456 0.3807687448745763
60851 49613.9784 -0.2964384052842412 0.6933777953639365 0.4356581079152122 -0.4914809434520531
60851 50033.9784 -0.13286189565194645 0.7423157596040544 0.3138788924604768 -0.5768839316491764
60851 50453.9784 0.0373729076385578 0.7532055222838256 0.1761051047765202 -0.6326702925279802
60851 50873.9784 0.20546935241262124 0.7256012342672654 0.029504688884384803 -0.6560599571554376
60851 51293.9784 0.3628964909257803 0.6610499438524281 -0.11842101070338994 -0.6459841893037663
60851 51713.9784 0.5017415448106579 0.5629331902576171 -0.26017852933467556 -0.6030495654510011
60851 52133.9784 0.6150514561718075 0.43627219576712517 -0.38862877634034443 -0.5294770548963166
60851 52553.9784 -0.6971351082341396 -0.28747993863273685 0.4973130579179364 0.4289960934267391
60851 52973.9784 -0.7438383423059791 -0.12404158027403986 0.5807572322865786 0.30665818760542657
60851 53393.9784 -0.7527359937287658 0.045825195306343096 0.6347133033355482 0.1686048569560778
60851 53813.9784 -0.7232606279005861 0.2135494407225653 0.6563657359906744 0.02178809567974923
60851 54233.9784 -0.6567684710402656 0.3705832243611374 0.644487053107076 -0.12633165734245644
60851 54653.9784 -0.5565462324817905 0.5088153763464802 0.599557897915462 -0.2681296905434141
60851 55073.9784 0.42767582724809333 -0.6210560760809859 -0.5237936032772457 0.39626127531767097
60851 55493.9784 -0.27685287958258264 0.7014170386690511 0.42110158224517463 -0.5040238866980227
60851 55913.9784 -0.11195816644013425 0.7457461968736413 0.2968576572566264 -0.5858357364858948
60851 56333.9784 0.05854301149444504 0.7518464580669199 0.15747516897181596 -0.6375744587533967
60851 56753.9784 0.2258322448683988 0.7195101670378742 0.010211474922445877 -0.6566586955845009
60851 57173.9784 0.3814080332377978 0.6505277354231105 -0.13738668456976108 -0.642235530416905
60851 57593.9784 0.5174469061209954 0.5485159068229106 -0.27783368942992065 -0.5951364888206806
60851 58013.9784 0.6271327590301277 0.41870419359844313 -0.40406101017680607 -0.5178088458777392
60851 58433.9784 -0.704968776026828 -0.26767251709424905 0.5097295050516453 0.41418145793778566
60851 58853.9784 -0.7470305534671932 -0.10302437353008856 0.5895246890853507 0.28946842937365796
60851 59273.9784 -0.7511389136773046 0.06697264395659973 0.6393956001543152 0.14992752857445654
60851 59693.9784 -0.7169709805877448 0.23375431125791027 0.6567380679370156 0.0025778063820730336
60851 60113.9784 -0.6461148698319292 0.38883168329511647 0.6405394263662495 -0.14510251658173026
60851 60533.9784 -0.5420772336267471 0.5241864539097253 0.5914954197032316 -0.2855065722382206
60851 60953.9784 0.4101248052312702 -0.6327752174634589 -0.5120254679247608 0.41136734009217923
60851 61373.9784 -0.2571034093209506 0.7088923175833532 0.4062184084967205 -0.5160970098588419
60851 61793.9784 -0.0910022214189232 0.7485925836281605 0.27960591907968696 -0.5942627949395286
60851 62213.9784 0.07965862460284241 0.7499016997576874 0.13871623742208647 -0.6419188030447263
60851 62633.9784 0.2460448753909523 0.7128464849068452 -0.00911097775204808 -0.6566801339573227
60851 63053.9784 0.3996783604552945 0.6394597382159717 -0.1562788084282115 -0.637907035092722
60851 63473.9784 0.5328132547573199 0.5335964534965663 -0.29531524966571215 -0.5866632455554688
60851 63893.9784 0.6387807365704925 0.4007060223996582 -0.41921289520269456 -0.5056227869616622
60851 64313.9784 -0.7122889542439096 -0.24754136523692435 0.521757766599215 0.3989192288573672
60851 64733.9784 -0.7496521053140324 -0.08181734357144989 0.5978115647932883 0.27193561055615767
60851 65153.9784 -0.7489484442079339 0.08815626198039359 0.6435314690097657 0.13104178641293193
60851 65573.97839999999 -0.7101071498151384 0.25383493879337493 0.6565341967094217 -0.016688564357021703
60851 65993.97839999999 -0.6349475500116215 0.40680436643602536 0.6360263625816451 -0.16377509665387185
60851 66413.97839999999 -0.5271815047594028 0.5391612586035305 0.5829124362201855 -0.30265143310501064
60851 66833.97839999999 0.39225360971646195 -0.6440109923055036 -0.49980407816452216 0.4261253699372972
60851 67253.97839999999 -0.2371468317360267 0.7158254214407299 0.39096781524717755 -0.5277305312918847
60851 67673.97839999999 -0.06994332476672249 0.7508630491374517 0.2620784024348791 -0.602185622327341
60851 68093.97839999999 0.10074950888139338 0.7473680579342658 0.1197997144795303 -0.6457077906068232
60851 68513.9784 0.26613446535933216 0.705597628672113 -0.02849067374874561 -0.6561194359791027
60851 68933.97839999999 0.4177401214635416 0.6278144967793325 -0.17514441337360143 -0.632982292815017
60851 69353.97839999999 0.5478905626873792 0.5181126233556275 -0.3126846295855247 -0.5775842477583852
60851 69773.97839999999 0.6500537974236806 0.382169360518555 -0.43415768940381944 -0.4928323660915827
60851 70193.97839999999 -0.719137373924361 -0.2269257769595498 0.5334733462422694 0.3830826516896245
60851 70613.97839999999 -0.7517094606074168 -0.06022175453671931 0.6056752494433998 0.25389706442867954
60851 71033.97839999999 -0.7461258353923798 0.1095866189322585 0.6471444353215453 0.11176354747133664
60851 71453.97839999999 -0.7025877351202378 0.2739851414819943 0.6557382868374384 -0.0361927600661705
60851 71873.97839999999 -0.6231597029954771 0.42465350797728 0.6308996062364813 -0.18250224539942428
60851 72293.9784 -0.511753371662087 0.5538375765997592 0.5737460292367658 -0.3196684521088
60851 72713.97839999999 0.3739770680941331 -0.6548051181338531 -0.48707954120555436 0.4405961079542278
60851 73133.97839999999 -0.21693360593633393 0.7222196145563766 0.3753266366576535 -0.538951347322513
60851 73553.97839999999 -0.048785171417165 0.7525439509738804 0.24428976096147406 -0.6096065301420299
60851 73973.97839999999 0.12186088817425256 0.744224481343305 0.10069359191962537 -0.6489535005291175
60851 74393.97839999999 0.2862448721800827 0.6976862509717474 -0.04806482953855932 -0.6549714043506214
60851 74813.97839999999 0.435731823114373 0.6154684362675515 -0.1941306644111347 -0.6274150678929309
60851 75233.97839999999 0.5627638680621808 0.5019277435438612 -0.33005365999594727 -0.5678291561622563
60851 75653.9784 0.6611007953613663 0.3627441281575662 -0.44912945369476676 -0.479213073364674
60851 76073.9784 -0.725691537995735 -0.20504793929507406 0.5452538802622551 0.36609471497302803
60851 76493.97839999999 -0.7532274706453899 -0.0368887285493804 0.6135246191516821 0.2342544361713175
60851 76913.97839999999 -0.7422934911254346 0.1331454923383867 0.6504564410300239 0.09043820666807902
60851 77333.97839999999 -0.6934402271423762 0.29639022249726366 0.6541626055245484 -0.05800666273874308
60851 77753.97839999999 -0.6091504982978714 0.44452381733758173 0.6244389613572026 -0.20349503625940682
60851 78173.97839999999 -0.4937328810429417 0.5699694217806769 0.5627882585907648 -0.3385735908254094
60851 78593.97839999999 -0.3531170652312443 0.6662969405929109 0.4723691851211014 -0.4563157658321994
60851 79013.97839999999 -0.19445836610765435 0.7286044545490244 0.35777951974890265 -0.5507406902620368
60851 79433.9784 -0.025640648530369153 0.7536976020455843 0.22469155631548748 -0.6170868547734608
60851 79853.97839999999 0.14479488257126705 0.7401111159735175 0.07980663575393696 -0.6518442136609375
60851 80273.97839999999 0.30769111692292156 0.6885010317658143 -0.06909105061640726 -0.6530841695745313
60851 80693.97839999999 0.45472256304888453 0.6015768099993769 -0.21435464678333377 -0.6207936998130853
60851 81113.97839999999 0.5783151891768576 0.4839337829862163 -0.3484588811953069 -0.5567189989286337
60851 81533.97839999999 0.6722026147159058 0.3417496184672311 -0.4645464527813837 -0.46427086517983784
60851 81953.97839999999 -0.7317200951812209 -0.18240458769271084 0.5567760172778049 0.34830264897198604
60851 82373.97839999999 -0.7540071323286258 -0.014011975346530614 0.6206045720052851 0.21477167911665473
60851 82793.97839999999 -0.7380483173976597 0.15497765323418414 0.6529221035285538 0.07042254545496611
60851 83213.9784 -0.6846603561149113 0.3161466967948824 0.6521359871847461 -0.07752494494589637
60851 83633.97839999999 -0.5964484809363284 0.46142929527388943 0.6182205139273378 -0.2216655390700286
60851 84053.97839999999 -0.47773660890374264 0.5834459456236704 0.552754944176793 -0.354711901035987
60851 84473.97839999999 -0.3344405017913013 0.6758688942623381 0.458922753242746 -0.4698304961220429
60851 84893.97839999999 -0.17383917869122267 0.7338015417679027 0.3414320829021387 -0.5610163723244778
60851 85313.97839999999 -0.004191377305882128 0.7541235747396638 0.2062957117387047 -0.6234758581503952
60851 85733.97839999999 0.1657193173016423 0.7357068417931929 0.06050776380213873 -0.6539199961244709
60851 86153.97839999999 0.327086349466812 0.6794964527659219 -0.08836090056520776 -0.6507622007479456
60852 173.9784 0.47156940719536533 0.5884588825532636 -0.23257555929460558 -0.6142044016126694
60852 593.9784 0.5917565736031508 0.4674013735107545 -0.3646941262787028 -0.5462218486068938
60852 1013.9784 0.6815694063191385 0.32266941851310843 -0.4779782151328654 -0.4504269270198994
60852 1433.9784 -0.7365640198844607 -0.16174776762871926 0.5667470487090883 0.33182659184927865
60852 1853.9784 -0.7541037364809356 0.007178584078559027 0.6266289680133672 0.1964997684543702
60852 2273.9784 -0.7334009912446096 0.17564940048981179 0.6547075844116638 0.05126649064289479
60852 2693.9784 -0.6754944426848548 0.3352740553866876 0.64958828021006 -0.0966107235257996
60852 3113.9784 -0.583205920194334 0.4780492723079448 0.6114506001524178 -0.23972465761655065
60852 3533.9784 -0.4610746176095085 0.5966969272384628 0.5420870987779968 -0.37081606135505596
60852 3953.9784 -0.31519607186641907 0.6850536005788114 0.44488524832237697 -0.4831460611855619
60852 4373.9784 -0.1529987550913414 0.7384257271692801 0.3247402901654239 -0.5708437354813451
60852 4793.9784 0.017164798805473308 0.7539346220179046 0.1878129961933742 -0.6292966183490537
60852 5213.9784 0.18648946204246014 0.7307096892631365 0.041182975354686346 -0.6554303876881356
60852 5633.9784 0.34603753206399646 0.6700319951650106 -0.10737271170641687 -0.6479091391847044
60852 6053.9784 0.4877141812852274 0.5751344587756313 -0.2502533194679055 -0.6072301934171558
60852 6473.9784 0.6042935958118871 0.4510579828073902 -0.38011243132075273 -0.535621588214939
60852 6893.9784 -0.6901274054529954 -0.30391069333732484 0.4906358756693352 0.4366221389532694
60852 7313.9784 -0.7407550960105233 -0.14127024618729983 0.5761084555871336 0.31531516404643123
60852 7733.9784 -0.753586264287417 0.028575222953097824 0.632177033624828 0.17788591025662823
60852 8153.9784 -0.7279470054009497 0.19698443418343106 0.6559785248536271 0.031344296898842064
60852 8573.9784 -0.6651158826364386 0.3553855324958533 0.6462756860490784 -0.11683203147760057
60852 8993.9784 -0.5682281620229575 0.495738139895857 0.6035041933663742 -0.25911993579385073
60852 9413.9784 0.4422849270196584 -0.6107445318915369 -0.5298432434148502 0.3881253631282484
60852 9833.9784 -0.29376700052060856 0.694511306313168 0.42908137270127766 -0.4972365336628924
60852 10253.9784 -0.13032297806006723 0.7427647657955717 0.306421545374156 -0.5808805906662046
60852 10673.9784 0.03966859522188298 0.7530865451146364 0.16817551608186174 -0.6348260028630072
60852 11093.9784 0.20756316428070873 0.7250025853714648 0.02140135019192271 -0.6563770000909797
60852 11513.9784 0.3648569237679078 0.659967083201816 -0.1264392268332329 -0.6444656671898983
60852 11933.9784 0.5035812824313027 0.5612843309723349 -0.26783562746276746 -0.5996914777211768
60852 12353.9784 0.6166734865323373 0.43396648132306864 -0.39558439539333656 -0.5243089644640974
60852 12773.9784 -0.6983502808606381 -0.2844933808579663 0.5031634427708251 0.42213380737496337
60852 13193.9784 -0.7444148125002262 -0.12048802574909141 0.5850706640464701 0.2983647778367308
60852 13613.9784 -0.7524840604632052 0.049691181744023566 0.6371161334689013 0.15931590529299652
60852 14033.9784 -0.7221121747044894 0.2173742084111344 0.6566250193627924 0.012084891724724309
60852 14453.9784 -0.654815382952964 0.3740047782405674 0.6425691731465513 -0.13580168564176337
60852 14873.9784 -0.5540432876364855 0.5115262908810135 0.5956502865891422 -0.2767266254785396
60852 15293.9784 0.4249085964832539 -0.6229450945770636 -0.518230076243189 0.40352160023223416
60852 15713.9784 -0.2740962011072557 0.7024964049879072 0.4143049344452802 -0.5096287813810453
60852 16133.9784 -0.10928481521754539 0.7461419506335621 0.28917134188545435 -0.5896685117078709
60852 16553.9784 0.06132639689990641 0.7516234910196683 0.1490459058841011 -0.639598716954521
60852 16973.9784 0.22873452859889154 0.7185909403617264 0.0013278313523970638 -0.6567387705325399
60852 17393.9784 0.3843751830891673 0.6487774546103872 -0.14639693849299176 -0.6402432892380173
60852 17813.9784 0.5202803316404928 0.5458269391753021 -0.28652930025219847 -0.5910010905874584
60852 18233.9784 0.6295282233805469 0.4150900551971708 -0.4119017619948991 -0.5115969121381005
60852 18653.9784 -0.7065992187113673 -0.2633399305807564 0.5161373657816118 0.40616726200203074
60852 19073.9784 -0.7476688104705093 -0.09830210040447504 0.5940254864932252 0.28011027882276907
60852 19493.9784 -0.7507091894676349 0.07165201588225367 0.6416728430606325 0.13984871807542862
60852 19913.9784 -0.7155809749825572 0.23797752387468415 0.6566990780882751 -0.0075423611353769215
60852 20333.9784 -0.6440103929676154 0.3923043875250257 0.6383074054326764 -0.1546335586091096
60852 20753.9784 -0.5395157509850618 0.5268187319479689 0.5873282320838272 -0.29399035002027707
60852 21173.9784 0.4073846239155757 -0.6345424931706004 -0.5062821172245515 0.41841607322930247
60852 21593.9784 -0.25431520484062287 0.7098978373063944 0.3992393727740391 -0.5215139119923532
60852 22013.9784 -0.08816815788080244 0.7489312638294262 0.27167428290173967 -0.5979309508668954
60852 22433.9784 0.0824762286715519 0.7495957539782933 0.13018037940860586 -0.6437056362491037
60852 22853.9784 0.24886585935885225 0.7118646404174567 -0.017956999557382745 -0.6564998582907701
60852 23273.9784 0.4024631373745097 0.6377091415555656 -0.1651095261288986 -0.6356802012117577
60852 23693.9784 0.5354096494348699 0.5309926055878048 -0.3037174530668273 -0.5823564791480415
60852 24113.9784 0.6409402569069673 0.39725269388971834 -0.4266953032218152 -0.4993165353579186
60852 24533.9784 -0.7137176288245582 -0.2434120822924657 0.5277917055010279 0.39088824503099645
60852 24953.9784 -0.7501392052153213 -0.07728938914979273 0.6019588728283092 0.2626081463836365
60852 25373.9784 -0.7484044130951099 0.09271079648814815 0.6454896000971692 0.1209905733546788
60852 25793.9784 -0.7085971167143587 0.25803311384958755 0.6561933418665639 -0.02682044800472892
60852 26213.9784 -0.6326714912672424 0.41034031849050645 0.6334779961604 -0.17335869040632904
60852 26633.9784 -0.5243478398112189 0.5419200528091156 0.5783778744669209 -0.3112250529372601
60852 27053.9784 0.389112810865448 -0.64591562990467 -0.4936174626407263 0.4332736087524539
60852 27473.9784 -0.23388855660510974 0.7168986705289834 0.38350120625760287 -0.5331784542551569
60852 27893.9784 -0.06667770460436079 0.7511606919966264 0.25370011187509656 -0.6057622897989
60852 28313.9784 0.10392299509474803 0.7469327176114393 0.11089945562976797 -0.6472965604675711
60852 28733.9784 0.2691515792221168 0.7044509660720202 -0.03753670592839115 -0.6556655088614036
60852 29153.9784 0.42052759014349994 0.6259501298548308 -0.18395878805349017 -0.6304777118667336
60852 29573.9784 0.5503275356629981 0.5155255650474082 -0.3208613994017635 -0.5730802366576463
60852 29993.9784 0.6519692707616463 0.378898259117259 -0.4412687397370794 -0.4864710459537002
60852 30413.9784 -0.7203347613288187 -0.22310874821485935 0.5390835906536247 0.37513890811184536
60852 30833.9784 -0.7520340778665525 -0.05606547015063667 0.6094199979167709 0.2447624867566823
60852 31253.9784 -0.7454961552075441 0.11380653351825934 0.6487623059453004 0.10193638155174523
60852 31673.9784 -0.7010245259386125 0.27796261171355485 0.6551124267912958 -0.04614226680108126
60852 32093.9784 -0.6207911496035123 0.4281089041338968 0.6280781902419688 -0.19198672276383277
60852 32513.9784 -0.5087602384506617 0.5565894616254434 0.5689184017770912 -0.32818141796653466
60852 32933.9784 0.37055909145758753 -0.6567467585687471 -0.4805396312231039 0.4477178996550556
60852 33353.9784 -0.213332542337902 0.7232930761608998 0.3674749889156258 -0.5443330642895124
60852 33773.9784 -0.04515931980560491 0.7527704731801665 0.23553087025655894 -0.6130436034239256
60852 34193.9784 0.12548864404072269 0.7436202396513389 0.09135031101179328 -0.6503358056233369
60852 34613.9784 0.28965510442359355 0.6962754045548277 -0.05748774619018206 -0.6542137575222194
60852 35033.9784 0.4387549010722181 0.613314703892016 -0.20315779487448685 -0.6245527368899224
60852 35453.9784 0.5653816458682303 0.4989752887399235 -0.3383811708076586 -0.562908020004227
60852 35873.9784 0.6630621764456643 0.3591463109372561 -0.4562334493175006 -0.472454777974733
60852 36293.9784 -0.7268164025712952 -0.2010193937765668 0.5506998280266423 0.3578530699748836
60852 36713.9784 -0.7534362121264265 -0.03229370614919532 0.6171055860611088 0.22465904489227093
60852 37133.9784 -0.7413519090321947 0.13827323333379557 0.6518568168533084 0.07975305786996797
60852 37553.9784 -0.6911593214454665 0.3016592488970168 0.6530797766051196 -0.06919028344599293
60852 37973.9784 -0.6056102149678549 0.4493278341073217 0.6208077278515008 -0.21433275545951588
60852 38393.9784 -0.4891241541190417 0.5739262351362661 0.5567653297376242 -0.34839432555912586
60852 38813.9784 -0.3475358605368116 0.6692241333114641 0.46415256507605557 -0.46467223003723335
60852 39233.9784 -0.1881450582714237 0.7302603629883123 0.3477274110859723 -0.5571417116637993
60852 39653.9784 -0.01909591202617654 0.7538910888124699 0.21343957961545262 -0.6210693344600231
60852 40073.9784 0.15114866305270533 0.7388374417843449 0.068005758598694 -0.6531833839530525
60852 40493.9784 0.31346768913329215 0.6858869903832531 -0.08076653092475113 -0.6517467389828799
60852 40913.9784 0.45970590914808973 0.5977739160617516 -0.22536768455477074 -0.6168842915239029
60852 41333.9784 0.5823191306647252 0.4791052152244938 -0.35831241526329644 -0.5504314997115929
60852 41753.9784 0.6750555134421717 0.33607395458039013 -0.4727852998490874 -0.4558820144188982
60852 42173.9784 -0.7332579078841903 -0.17610703782431986 0.5629839687907677 0.3381836818041931
60852 42593.9784 -0.75409684199024 -0.007365621882956198 0.6244346516206079 0.20338403666481406
60852 43013.9784 -0.736610272768049 0.16164609076254258 0.6541214012646799 0.05831843448944724
60852 43433.9784 -0.6817027875932671 0.32245829433143364 0.6505791312205781 -0.0897148361460326
60852 43853.9784 -0.5920955764691137 0.46698970586639765 0.6139450299819376 -0.23327010760275546
60852 44273.9784 -0.4722260513007477 0.5879073416885815 0.5459706844686242 -0.36508016347431316
60852 44693.9784 -0.32810777414669745 0.6789631560156717 0.4500052991733951 -0.4783822237851253
60852 45113.9784 -0.167084398073669 0.7353690021932499 0.33089990178478645 -0.567292243497549
60852 45533.9784 0.002582344598278262 0.7541304268614958 0.19475146903513518 -0.6271782012209376
60852 45953.9784 0.17215344290226048 0.7342262301594803 0.04857245608332232 -0.6549165989290008
60852 46373.9784 0.33285510898597714 0.6766862216558439 -0.10005310332235895 -0.6490705742510877
60852 46793.9784 0.4764655038356036 0.5844961528784792 -0.24349285440027693 -0.6099640159722107
60852 47213.9784 0.5956148191286065 0.46246459074474555 -0.37435697953813213 -0.5396539089201325
60852 47633.9784 -0.6842466303478726 -0.3169383236046419 0.48595578778229115 0.4418185376477021
60852 48053.9784 -0.7379204799260083 -0.15542125089324083 0.5726541287899726 0.3215351440454798
60852 48473.9784 -0.7540053996099534 0.01384112983782096 0.6301304136962976 0.18498632981596175
60852 48893.9784 -0.7317628231622042 0.1823243466365774 0.6555557119065331 0.03908595461216917
60852 49313.9784 -0.6723221502486644 0.34157378292418805 0.647663384964492 -0.10882286928862085
60852 49733.9784 -0.5786299106991438 0.48356512305143307 0.6068013512719429 -0.25128533245515433
60852 50153.9784 -0.4553545896468162 0.6010630397050356 0.5349480017534417 -0.38105912324483465
60852 50573.9784 -0.3086870173150748 0.6880045233211388 0.4356564342794967 -0.4914932069740637
60852 50993.9784 -0.1461253325695098 0.739811378901289 0.31397015274176976 -0.5768442198869062
60852 51413.9784 0.02397845775623353 0.7537437719267842 0.1761262808093898 -0.6326728167492803
60852 51833.9784 0.192869198224136 0.7290452871127759 0.029225842321841874 -0.6560794859280452
60852 52253.9784 0.35184575807332635 0.6669908157130436 -0.11914098810942751 -0.6458585288068621
60852 52673.9784 0.49275877425239056 0.5708048206604096 -0.2613351034901319 -0.6025567282770322
60852 53093.9784 0.6083938513039671 0.4454989979259008 -0.3900425650405138 -0.528445230841533
60852 53513.9784 -0.6928780362509752 -0.29757580579750814 0.4986991020369638 0.4273966217841246
60852 53933.9784 -0.741989265412198 -0.1346193573636564 0.5818377758479024 0.30462166901326815
60852 54353.9784 -0.7533080380843609 0.035036447414933426 0.6352945429698327 0.16643404334084755
60852 54773.9784 -0.7263285409723536 0.20284518824614886 0.656435384447032 0.019830940982060365
60852 55193.9784 -0.6624152455154527 0.36037995777496196 0.6442036175214884 -0.12780464668800992
60852 55613.9784 -0.5647439170728241 0.49969247515850346 0.5991652224793871 -0.2690218849284166
60852 56033.9784 0.4382069796540237 -0.6136629123128152 -0.5235274745025353 0.3966250830132272
60852 56453.9784 -0.2891717640670228 0.6964207382007712 0.421046730471744 -0.5040808437436536
60852 56873.9784 -0.1252565654711206 0.7436208249350612 0.2969269141042696 -0.5858099258375482
60852 57293.9784 0.04512991909543774 0.752764231240038 0.15752958148356774 -0.6375686108378028
60852 57713.9784 0.21323208913966568 0.7233387404319866 0.010025444650599947 -0.6566678256249185
60852 58133.9784 0.37039392004967325 0.6568557228827229 -0.1379680379248245 -0.642116596746748
60852 58553.9784 0.5085577097552116 0.5567605964931077 -0.27883101393095544 -0.5946763487069315
60852 58973.9784 0.6206404408489378 0.42825788523729086 -0.40532410899323534 -0.5168297529977927
60852 59393.9784 -0.7009475206880297 -0.27801529267876784 0.5109897727549259 0.41263727705808706
60852 59813.9784 -0.7454713490589155 -0.1137178126689977 0.5905174157294591 0.2874541851047924
60852 60233.9784 -0.7520145705899483 0.05621718693765362 0.6399138949312718 0.14772921372268238
60852 60653.9784 -0.7203140871001296 0.22322239252422452 0.6567488734895196 5.445834323417547E-4
60852 61073.9784 -0.6519797346068193 0.37890594607750205 0.6401857278128639 -0.14667973136683987
60852 61493.9784 -0.550422178089133 0.5154100876304986 0.5910166847811807 -0.28650854393298436
60852 61913.9784 0.4207481043399364 -0.6257567254277476 -0.5116728529196622 0.41181360451221866
60852 62333.9784 -0.2694938222822223 0.7042704731542739 0.4061118200694223 -0.5161873400178215
60852 62753.9784 -0.10437734275100209 0.7468407240027765 0.2796918027402931 -0.5942279013738193
60852 63173.9784 0.06614908124442158 0.7512103819188435 0.13887932064599304 -0.6418876813312214
60852 63593.9784 0.233337577220002 0.717103860651309 -0.009094454702225748 -0.656683271440469
60852 64013.9784 0.3885890009750143 0.6462561156998569 -0.15659870611045026 -0.6378310642217941
60852 64433.9784 0.5239221972165972 0.5423251776644994 -0.2960368276775581 -0.5863029332977195
60852 64853.9784 0.6323903417906571 0.4107109311207962 -0.42022990796056037 -0.5047829346592887
60852 65273.9784 -0.7084744258901681 -0.25824464630435046 0.5228294242624042 0.39752117382622604
60852 65693.97839999999 -0.7483784145265642 -0.09271661749991995 0.5986819434599606 0.270024643477376
60852 66113.97839999999 -0.7501355877328594 0.07737540613959179 0.6439725981349629 0.12887567416978457
60852 66533.97839999999 -0.7137325669206305 0.24344618367897633 0.6564813518154845 -0.0187620171501869
60852 66953.97839999999 -0.6410298002198463 0.3971462613156196 0.635598700967024 -0.16543861001036356
60852 67373.97839999999 -0.5356737313457275 0.5307205082116404 0.5823471989317338 -0.30374518202942263
60852 67793.97839999999 0.40297528968176977 -0.6373522030716317 -0.49937451278790757 0.42663588822726956
60852 68213.97839999999 -0.24962743871328533 0.7115642342326611 0.3908324928483522 -0.5278375175527734
60852 68633.9784 -0.08343909320175756 0.7494786183915774 0.26222643051720307 -0.6021270774825921
60852 69053.97839999999 0.0871012586331544 0.7490774502200251 0.12011912744718393 -0.6456529559583176
60852 69473.97839999999 0.25325832082138305 0.7103178303915246 -0.028202950029214458 -0.6561351967180699
60852 69893.97839999999 0.40644790009021387 0.635180379323113 -0.1750633957740931 -0.6330077390484614
60852 70313.97839999999 0.5388567423278556 0.5274978003956202 -0.3129613844228069 -0.5774380085219134
60852 70733.97839999999 0.6436418245414689 0.3928656924064403 -0.43475800276846516 -0.49230806255810244
60852 71153.97839999999 -0.7154546999527743 -0.23827087851146014 0.5342161653290568 0.38205320240770196
60852 71573.97839999999 -0.7507078199118796 -0.07159994668858206 0.6063374700310337 0.2523214005860591
60852 71993.97839999999 -0.7476600964155085 0.09855628596702384 0.6474778061172982 0.10983409903062506
60852 72413.9784 -0.7065524194523053 0.26358648694788794 0.6556294793119491 -0.03815531839347188
60852 72833.97839999999 -0.6295067729532684 0.41518281751220903 0.6304189651153845 -0.1841640010192914
60852 73253.97839999999 -0.5204165608320986 0.5457020187319908 0.5731098594584941 -0.32081302803188305
60852 73673.97839999999 0.3847951898073147 -0.6485034123927399 -0.4865746090177105 0.44115885560122986
60852 74093.97839999999 -0.22947853814281716 0.7183280141404176 0.3751493834546352 -0.5390801468488026
60852 74513.97839999999 -0.06236714254464946 0.7515363731067742 0.24448168760123806 -0.609534350021376
60852 74933.97839999999 0.10802785011978698 0.7463549140428561 0.10122216162350639 -0.6488747181689564
60852 75353.97839999999 0.27299895977562005 0.7029727840618998 -0.047301743239419075 -0.655029295464106
60852 75773.9784 0.42404430251736713 0.6235761543975853 -0.1934329905573751 -0.6276327647066466
60852 76193.97839999999 0.5532157166354863 0.5124283449818464 -0.329448420003785 -0.5681842136874808
60852 76613.97839999999 0.6541732287879587 0.375085354939361 -0.4486456932523052 -0.4796721851153237
60852 77033.97839999999 -0.7217339340247639 -0.21855513431060322 0.5449230735527454 0.36659599786882724
60852 77453.97839999999 -0.7524092457697075 -0.05085927916789757 0.6133390475416866 0.23475279202479904
60852 77873.97839999999 -0.7446208561667147 0.11942606998078141 0.6503959289199762 0.09089735977912464
60852 78293.97839999999 -0.69876711929675 0.2835979485614148 0.6542012428068095 -0.057597313058028086
60852 78713.97839999999 -0.6171993399544763 0.43327549572964236 0.624561024687934 -0.20312765936905208
60852 79133.97839999999 -0.5041132645226158 0.560805205416906 0.5629969171641239 -0.3382333652573994
60852 79553.9784 -0.3653283589967587 0.6596755773787201 0.4726767787023 -0.45600437015274814
60852 79973.97839999999 -0.2078993576247827 0.7248784041602305 0.3581925185626035 -0.5504791330532877
60852 80393.97839999999 -0.03950749448917768 0.7530932019918878 0.22509894525993063 -0.6169442858440786
60852 80813.97839999999 0.1311567032150521 0.7426452826257907 0.08022927013003398 -0.6517968760356408
60852 81233.97839999999 0.29511204028847743 0.6939824467760329 -0.068799723853977 -0.653118553741309
60852 81653.97839999999 0.4438328727561238 0.6096514795750797 -0.21421578991383666 -0.6208454315403742
60852 82073.97839999999 0.569609526729448 0.49414528938921554 -0.3484384104468639 -0.5567370062774394
60852 82493.97839999999 0.6660498051940896 0.3535810549485466 -0.46458230020164887 -0.46424280384485567
60852 82913.9784 -0.7283778069237491 -0.19530264245450366 0.5568098618878895 0.3482605718935571
60852 83333.97839999999 -0.7536344248325779 -0.027391024600996954 0.6206101614681799 0.21477409750949178
60852 83753.97839999999 -0.7407017835792694 0.14173114650611482 0.6529152538812011 0.07053241213653574
60852 84173.97839999999 -0.690277040275972 0.3036788651598788 0.652169777944495 -0.07727441529303387
60852 84593.97839999999 -0.6048168642237426 0.45039889508883 0.6183591792324098 -0.2212901297219118
60852 85013.97839999999 -0.48847336352634285 0.5744812981982359 0.5530410854755397 -0.3542747082727862
60852 85433.97839999999 -0.34699486526583234 0.6695038596414681 0.4593561703849765 -0.4694156517773696
60852 85853.97839999999 -0.18751384083467665 0.7304202977241482 0.3419577708420523 -0.5607045845440616
60852 86273.97839999999 -0.018208696883452755 0.7539091988494855 0.20682449817013787 -0.6233081021490128
60853 293.9784 0.15213360613529442 0.7386304456167427 0.060955368256558014 -0.6538844498632694
60853 713.9784 0.314547022926909 0.6853862836909591 -0.08795495522614116 -0.6508223554452337
60853 1133.9784 0.4607884833119796 0.5969329014556028 -0.23230977292398636 -0.6143103891444837
60853 1553.9784 0.5832759559822459 0.477934329216512 -0.36459779538283316 -0.5462933129110564
60853 1973.9784 0.6757577521376262 0.3346556037847219 -0.478021606384538 -0.4503914198904458
60853 2393.9784 -0.7336226237130767 -0.17457533881801074 0.5668516251597759 0.3316632812155109
60853 2813.9784 -0.7541086853471461 -0.00587950570905918 0.6267201053294741 0.19623310544459352
60853 3233.9784 -0.7363229447451852 0.16294217687411414 0.6547369588616183 0.05096942944494566
60853 3653.9784 -0.6812146341822655 0.32348257864609903 0.6495580808139664 -0.0968501065444403
60853 4073.9784 -0.5915087329490983 0.46772930280076513 0.6114114127271476 -0.2398391180217604
60853 4493.9784 -0.47161622460532815 0.5883941415273012 0.5421085036429394 -0.37079487750423445
60853 4913.9784 -0.32750067697822466 0.6792509600401544 0.44503045561915183 -0.48302104864565015
60853 5333.9784 -0.1664428725211607 0.7355058579882677 0.3250275219363229 -0.5706881924797288
60853 5753.9784 0.0033172198203073955 0.7541171338291454 0.18820518017337487 -0.6291861049593244
60853 6173.9784 0.1730113919574044 0.7340130243653326 0.041614752709515444 -0.6554083846518481
60853 6593.9784 0.3337188513772748 0.676247430875363 -0.10701640717487261 -0.6479727070373298
60853 7013.9784 0.4772828185606301 0.5838139773718078 -0.250106624347183 -0.6072964905133142
60853 7433.9784 0.5963940086020932 0.4614422633538478 -0.38035743372634684 -0.5354562976597738
60853 7853.9784 -0.6848959027447274 -0.3155066664381287 0.49102664055255163 0.43619489234086584
60853 8273.9784 -0.7382794518570269 -0.15364891125374378 0.5764336880237273 0.3147374562196105
60853 8693.9784 -0.7539544249915473 0.015859120165587458 0.6323403819953525 0.1773326102024395
60853 9113.9784 -0.7312289154053495 0.1844053673154288 0.6560009484538084 0.03101111749166471
60853 9533.9784 -0.6713229080488461 0.3435053281240342 0.6462844274051357 -0.11681644393173389
60853 9953.9784 -0.5772777024483647 0.4851619058767378 0.6036928242848673 -0.25869548362688743
60853 10373.9784 -0.45380834345636334 0.6022233816853094 0.5303350424620354 -0.387465777453561
60853 10793.9784 -0.3071487216939847 0.6886899796890978 0.4298818183038433 -0.49655553257351037
60853 11213.9784 -0.144723034492563 0.7400868718544555 0.30739639636294386 -0.5803741214932201
60853 11633.9784 0.025203730208263102 0.7537034686345478 0.16909694988873636 -0.6345881143625103
60853 12053.9784 0.1939471018830075 0.7287582364193883 0.022044647896116574 -0.6563611719329698
60853 12473.9784 0.3528596944658443 0.666453955743316 -0.1262254470322017 -0.6445124493887437
60853 12893.9784 0.49355791041252767 0.5701125741507571 -0.2678632380028805 -0.5996845233879466
60853 13313.9784 0.6090945038000495 0.44453221679035704 -0.39585712328816275 -0.5241108008980953
60853 13733.9784 -0.6934622919258746 -0.29619282136820896 0.5035660456181312 0.42166467713975236
60853 14153.9784 -0.7423270292694729 -0.13271001872346852 0.5854678615990374 0.2976004294032958
60853 14573.9784 -0.753173467706176 0.03771859386378332 0.6374160073688618 0.1581387642873558
60853 14993.9784 -0.7253382158224255 0.20633613262917888 0.6566588606674739 0.01044096480548789
60853 15413.9784 -0.6602787312003348 0.36426320648111804 0.6421717789446176 -0.13769429855907434
60853 15833.9784 -0.5615252148412383 0.5032941747314286 0.5948210418693478 -0.2785181052074982
60853 16253.9784 0.43424840099293377 -0.6164640294884765 -0.5171508048467306 0.4049141534057434
60853 16673.9784 -0.28479601901000673 0.6982200397165782 0.41304648790091597 -0.5106589884912928
60853 17093.9784 -0.12083076733056876 0.7443524474782283 0.28784112400507755 -0.59032774535081
60853 17513.9784 0.049281879065277645 0.7525029092588945 0.14793520364579638 -0.6398639257490393
60853 17933.9784 0.21689413899551527 0.7222472590671779 4.6096398738051583E-4 -0.656746234668723
60853 18353.9784 0.3734781660130165 0.6551055857101855 -0.14706577292731637 -0.6400956096679304
60853 18773.9784 0.5110896096316938 0.5544357599078917 -0.2871549491086941 -0.5907033386263064
60853 19193.9784 0.6225844440826059 0.4254262232211185 -0.4125400000405668 -0.5110889227411379
60853 19613.9784 -0.7022525300725396 -0.27470828012526755 0.5167963963087426 0.4053371801348001
60853 20033.9784 -0.7460583849396955 -0.10982559410113861 0.5946792808241742 0.27873244895409643
60853 20453.9784 -0.751658308382536 0.06084174530318277 0.6421439447344991 0.1376924969226126
60853 20873.9784 -0.7185736641684906 0.22876984578238388 0.6566584088371549 -0.010769444165302284
60853 21293.9784 -0.6485619169403521 0.3847257745730817 0.6373672993895084 -0.15848168330353746
60853 21713.9784 -0.54543337767363 0.5206839130078224 0.5854232570721584 -0.2977755922392289
60853 22133.9784 0.41470139728366523 -0.6297800859822547 -0.5036910273970857 0.42153901754265627
60853 22553.9784 -0.26320376785571115 0.7066460984677554 0.3965229220774614 -0.5235882355191029
60853 22973.9784 -0.09865263490217359 0.747618075020753 0.2694374825485898 -0.5989476726117239
60853 23393.9784 0.07073917397588346 0.7507903030535188 0.1288254167883964 -0.643982843013159
60853 23813.9784 0.23662006056998916 0.7160249215761624 -0.018350167225476558 -0.6564925970492754
60853 24233.9784 0.3907715796480253 0.6449366849051907 -0.16480672930375928 -0.6357617375865642
60853 24653.9784 0.5254142761474526 0.5408811282431254 -0.3031983037035502 -0.5826304421862816
60853 25073.9784 0.6335466034178227 0.4089343194452002 -0.42640774972858375 -0.4995676677378519
60853 25493.9784 -0.7093945086270403 -0.2557250412754931 0.5279696106255172 0.3906561463107769
60853 25913.9784 -0.7488176526815014 -0.08915455066981627 0.6024655866310941 0.26145517025425447
60853 26333.9784 -0.7496430098051433 0.08206539694889463 0.6459173719303656 0.1187071064110145
60853 26753.9784 -0.7118263021894453 0.2489775316502644 0.6560543719310855 -0.03010257986869205
60853 27173.9784 -0.6374398144160176 0.4028875460292832 0.6324262267070523 -0.17716990722144496
60853 27593.9784 -0.5305218708475006 0.5358731338234699 0.5764109821194209 -0.3148601414768248
60853 28013.9784 0.3967779191791423 -0.6412318131650543 -0.49108117230672543 0.4361517245670127
60853 28433.9784 -0.24318998877714262 0.7137933138428382 0.3809675177471967 -0.5349967148435325
60853 28853.9784 -0.07756089515659755 0.7501113402563205 0.251731134757123 -0.6065877682209435
60853 29273.9784 0.09185479524181313 0.7485093441525824 0.10985920966004313 -0.6474777311693632
60853 29693.9784 0.2567056678870164 0.709078476904521 -0.037627543768234024 -0.6556630854451203
60853 30113.9784 0.40881580101503673 0.6336588227792297 -0.18342677417419284 -0.6306352001518187
60853 30533.9784 0.5404905800930132 0.5258255689619202 -0.32021155984820304 -0.5734474350768096
60853 30953.9784 0.6448684343585406 0.39085348761556615 -0.4409368588854756 -0.4867781220052141
60853 31373.9784 -0.7163600368554212 -0.23554429515687403 0.5392517101219835 0.37490635596915045
60853 31793.9784 -0.75105231215318 -0.0679173917809369 0.6099073693086627 0.24355831573983172
60853 32213.9784 -0.7470272995655641 0.10325441995067967 0.6491299515219141 0.09959439995093654
60853 32633.9784 -0.7045013392781025 0.26902014637760063 0.6548756643482987 -0.049435696037465705
60853 33053.9784 -0.6257965125545355 0.42075272719498386 0.6269275336355125 -0.19572361891774281
60853 33473.9784 -0.5151779426676779 0.5506502339127586 0.5668901674069291 -0.3316798838908787
60853 33893.9784 -0.37853574371675663 0.6521777068221775 0.4780447465340157 -0.4503866669476314
60853 34313.9784 -0.22298646723833512 0.7203710982774851 0.3650922084904905 -0.54593973613815
60853 34733.9784 -0.056417895753650256 0.7520062683297289 0.23382450700933366 -0.6137016321905687
60853 35153.9784 0.11288404957216522 0.7456340559091176 0.09081790903309173 -0.6504146011734092
60853 35573.9784 0.276575364430027 0.7015707217047384 -0.0568556525948883 -0.6542721337525386
60853 35993.9784 0.4265268253411509 0.6218778184286172 -0.20187895902048672 -0.624970184981386
60853 36413.9784 0.5551322699752337 0.510348977382464 -0.3369448196370972 -0.5637732457615754
60853 36833.9784 0.6556741108704789 0.37245411059787314 -0.4550854427913422 -0.47356798412937773
60853 37253.9784 -0.7227501162308616 -0.2151634532956219 0.5500711102040953 0.35882966930427135
60853 37673.9784 -0.752681225334394 -0.04661276038161722 0.6168250557223742 0.22544417098654634
60853 38093.9784 -0.7438065415238225 0.12437155545448347 0.6517829904397564 0.08038954131981883
60853 38513.9784 -0.6966066797701246 0.2888500720835953 0.6531321784715576 -0.06872501001776758
60853 38933.9784 -0.6136573397436694 0.43826879725553963 0.6208940909968593 -0.21409263998579953
60853 39353.9784 -0.4994459320845046 0.5649615718209867 0.5569011506832142 -0.34818571432141254
60853 39773.9784 -0.36003961135757173 0.6625755162031325 0.46463456954815446 -0.4641981046519282
60853 40193.9784 -0.20267323256426847 0.726356906819573 0.348956221048381 -0.5563800504233465
60853 40613.9784 -0.03530737653268257 0.7533009609863578 0.21578030535785067 -0.6202660003249267
60853 41033.9784 0.13375019716612455 0.7421805863159701 0.07176293250290286 -0.6527855264727377
60853 41453.9784 0.29616610106852265 0.6935309336120198 -0.07598044238024033 -0.6523246561926146
60853 41873.9784 0.4438600274081074 0.6096296883698598 -0.2201184848748261 -0.6187792593031483
60853 42293.9784 0.5693107970283231 0.4944867365822746 -0.35336613255768323 -0.5536248369540635
60853 42713.9784 0.6659471175462313 0.35376760963890236 -0.4688329610734751 -0.4599549647664656
60853 43133.9784 -0.7285586919891472 -0.19461093405111438 0.5604134253127641 0.3424406655232854
60853 43553.9784 -0.7537039342619813 -0.025265789811184238 0.6232089356077206 0.20712952933350653
60853 43973.9784 -0.7399857360522198 0.14539334618971644 0.6538710112344555 0.06111125911190494
60853 44393.9784 -0.6881596809112088 0.30843096047126595 0.6508252884954857 -0.08793770548361758
60853 44813.9784 -0.6010585918770515 0.45539001556673714 0.6143419025315787 -0.23223378231166814
60853 45233.9784 -0.483384310246537 0.5787616712371452 0.5464785397841279 -0.3643291671959217
60853 45653.9784 -0.34136552625003974 0.6723882803684313 0.4509055714675147 -0.47754344674675575
60853 46073.9784 -0.18233458520478374 0.7317294330327956 0.3326296903326247 -0.5662893474019489
60853 46493.9784 -0.01430839149222466 0.7539920826203789 0.19767313564053882 -0.6262719383181127
60853 46913.9784 0.1543878477091123 0.7381605190954713 0.05275718339821788 -0.6545992057193004
60853 47333.9784 0.3154321379130927 0.6849765528584021 -0.09495883256366526 -0.649840371571313
60853 47753.9784 0.46078757393603176 0.5969280404831536 -0.23812595171446685 -0.6120847631751406
60853 48173.9784 0.5830127263035733 0.47824393916135627 -0.36947314515899166 -0.5430179468763683
60853 48593.9784 -0.6756813412781685 -0.3347932085462586 0.48218399719690413 0.44594486812503237
60853 49013.9784 -0.733780541978547 -0.17388749902525483 0.5702830829695867 0.32573986427073276
60853 49433.9784 -0.7541157855564672 -0.003888387285536272 0.6290602460008454 0.18861990700937714
60853 49853.9784 -0.735565206296775 0.16629808219598108 0.6553959565506332 0.041772183095954554
60853 50273.9784 -0.6791770408556178 0.3277220880552794 0.6479647823617295 -0.10704401428482821
60853 50693.9784 -0.588036224235958 0.4720746666149065 0.6072927216941318 -0.250108892892829
60853 51113.9784 -0.4670413756775256 0.5920205090858954 0.5356546359868575 -0.38007654646493094
60853 51533.9784 -0.32256062624587567 0.6816021939733724 0.43689478504255275 -0.4904039542756313
60853 51953.9784 -0.1620046939980019 0.736488908447347 0.3161447688981656 -0.5756657467271908
60853 52373.9784 0.006560146989977997 0.754089134870231 0.17951696879479687 -0.6317279470285168
60853 52793.9784 0.17479426217233712 0.7335828263125825 0.033799306992399754 -0.6558664572134371
60853 53213.9784 0.33437942930953 0.6759111859766386 -0.11380035839200768 -0.6468260541723234
60853 53633.9784 0.47731658390871473 0.5837735639428664 -0.2559074397419053 -0.6048873341804258
60853 54053.9784 0.5962424819196731 0.46162593341573055 -0.38526029229512576 -0.5319500987244932
60853 54473.9784 -0.6848721166991413 -0.3155462522696692 0.4951238772906201 0.43154732368919535
60853 54893.9784 -0.738404871924224 -0.15302207658949676 0.5796630584149792 0.30876079398751527
60853 55313.9784 -0.7539124752832433 0.017474178483001365 0.6343672658853101 0.1699670693747277
60853 55733.9784 -0.7305546432946618 0.18702988769688023 0.6563584695658943 0.022434208205747604
60853 56153.9784 -0.6696529533924047 0.3467342835985298 0.6445570038235857 -0.1260417685222089
60853 56573.9784 -0.5745315940487913 0.48839932270904834 0.5997261933825278 -0.2677835730361378
60853 56993.9784 -0.4502818933667432 0.6048508472495557 0.5243545824926954 -0.39554259050886864
60853 57413.9784 -0.30341609804493763 0.6903258669094234 0.42246104740292356 -0.502907081228891
60853 57833.9784 -0.14143603352303694 0.7407062821838999 0.29930456648663334 -0.5846082692152275
60853 58253.9784 0.027546370656200754 0.7536060465262523 0.16110130403206205 -0.6366831974710124
60853 58673.9784 0.19517675577735424 0.7284131007662673 0.014708226332544537 -0.6565851481068159
60853 59093.9784 0.3531508454038682 0.6662810707418552 -0.13262297045582078 -0.6432458028383042
60853 59513.9784 0.4935214849021546 0.5701263738193871 -0.27350945899504386 -0.5971474170217662
60853 59933.9784 0.6090161947528062 0.4446233141062085 -0.4007267682313072 -0.5204108379971693
60853 60353.9784 -0.6935138712727067 -0.29605377746108047 0.507625629641661 0.41678158708642093
60853 60773.9784 -0.7424341624548407 -0.13206209178390776 0.5885225157154175 0.2915345036691783
60853 61193.9784 -0.7531091462263808 0.038788265839410974 0.639110456707355 0.1511949352017421
60853 61613.9784 -0.7249740215734158 0.20757400274988222 0.656746541120077 0.003111615798135201
60853 62033.9784 -0.6595913145769808 0.36548732892029206 0.6405851785847275 -0.14494460704315054
60853 62453.9784 -0.5605193357731894 0.5044046763985921 0.5916088384270458 -0.28529454769871726
60853 62873.9784 0.4330513099856398 -0.6173012274892029 -0.5125183920238245 0.4107683718318125
60853 63293.9784 -0.28385557451900345 0.698600765091092 0.4075210775904116 -0.5150820858350414
60853 63713.9784 -0.12053739480811876 0.7443986918649318 0.28202616572577444 -0.5931294680326278
60853 64133.9784 0.04873468522402369 0.7525371500455426 0.14235641875132196 -0.6411297983230433
60853 64553.9784 0.21559725154304113 0.7226335442393444 -0.004562066929817481 -0.6567326498755014
60853 64973.9784 0.37177956138310725 0.6560693608689081 -0.15144722113318582 -0.6390748709485319
60853 65393.9784 0.5094048270311575 0.555981601732234 -0.290934940077289 -0.5888531577353053
60853 65813.97839999999 0.6213304255230497 0.427252558748046 -0.41585549615954964 -0.508397442633702
60853 66233.97839999999 -0.7016076483512622 -0.27634422143701276 0.5196664038650971 0.40165583245771574
60853 66653.97839999999 -0.7458766044080274 -0.1110322301442561 0.5968440634769147 0.27407498747296993
60853 67073.97839999999 -0.7517181944956325 0.06004755393040882 0.6432794055101189 0.1323089330988243
60853 67493.97839999999 -0.718827155028944 0.22795896510476923 0.6565510158819053 -0.01621711952830408
60853 67913.97839999999 -0.6490096635494915 0.38396444883943587 0.6360422816452612 -0.16373140995635002
60853 68333.97839999999 -0.5460542683972576 0.5200306631209585 0.5829583289731312 -0.3025763243546437
60853 68753.9784 0.4154525596706973 -0.6292856328592026 -0.5002090996729666 0.4256637399925192
60853 69173.97839999999 -0.26402682072892786 0.7063427271905316 0.39218680208614204 -0.5268389715560746
60853 69593.97839999999 -0.09948376286578835 0.7475130135557199 0.26444903026191213 -0.6011605325405553
60853 70013.97839999999 0.06995543141455758 0.7508687911944979 0.1234234041958319 -0.6450340760939912
60853 70433.97839999999 0.2359216059240092 0.7162601599382705 -0.023897116025169675 -0.6563088503053415
60853 70853.97839999999 0.39017954952154066 0.6452996650318377 -0.17020852181559562 -0.634332184700032
60853 71273.97839999999 0.5249367211558991 0.5413490669967442 -0.30816280151302183 -0.5800157878950316
60853 71693.97839999999 0.6331879426381316 0.40949431272679615 -0.4306603705637028 -0.4959022911502159
60853 72113.9784 -0.7091649902731837 -0.25637127218442907 0.5312762734929323 0.386140270617862
60853 72533.97839999999 -0.7487352334958818 -0.08987682871146721 0.6046543217119305 0.25634129011480417
60853 72953.97839999999 -0.7497311621655305 0.08128929370120055 0.6468874589068379 0.1132777591433429
60853 73373.97839999999 -0.7121040559145075 0.24819275776797167 0.6557770423423142 -0.035561767087753604
60853 73793.97839999999 -0.6379037032623315 0.4021594293060045 0.630933616310205 -0.18239909702133722
60853 74213.97839999999 -0.531145171614767 0.535262019801109 0.5737842954297052 -0.3196106367863776
60853 74633.97839999999 0.3975111582862553 -0.6407837601086823 -0.4874474193057721 0.44020002865861013
60853 75053.97839999999 -0.24397104677132572 0.7135315269824666 0.37649522340924235 -0.5381470385400238
60853 75473.97839999999 -0.0783307769374853 0.7500362633811168 0.24662552571044385 -0.6086754004111791
60853 75893.9784 0.09114281846207518 0.7486012858655993 0.10436588584222622 -0.6483801842403327
60853 76313.97839999999 0.2560803898523661 0.7093091130443794 -0.04323025170745615 -0.6553125677282299
60853 76733.97839999999 0.40828867977334865 0.6340026308900115 -0.18884173005477659 -0.6290308569405785
60853 77153.97839999999 0.5400650074588734 0.5262666287100397 -0.3251419071036621 -0.5706627405653971
60853 77573.97839999999 0.6445480911781872 0.391386036255297 -0.44510983909808655 -0.482961654710804
60853 77993.97839999999 -0.7161586751121197 -0.23616771066215436 0.5424406410448395 0.37026978737822236
60853 78413.97839999999 -0.7509929572598768 -0.06862223301064631 0.6119515086499997 0.2383608993599552
60853 78833.97839999999 -0.7471368243947675 0.10249269364988305 0.6499407386850597 0.09412146184166714
60853 79253.9784 -0.7047975921056017 0.2682552331595667 0.6544347883982842 -0.05490529827571716
60853 79673.9784 -0.6262726449891927 0.4200508723407853 0.6252734620266708 -0.20093017809469899
60853 80093.97839999999 -0.5158017163992029 0.5500699938213498 0.5641101395191703 -0.33637975823268346
60853 80513.97839999999 -0.3792544698995165 0.6517637160479144 0.4742674880730261 -0.4543571890721576
60853 80933.97839999999 -0.22373726413369868 0.7201416888517188 0.3604894878308068 -0.5489853493302387
60853 81353.97839999999 -0.057143147548610156 0.7519550904915274 0.2286084882368343 -0.6156592902557273
60853 81773.97839999999 0.11222709304553435 0.7457364143533155 0.08524305577828208 -0.6511650338705157
60853 82193.97839999999 0.2760065920424068 0.7017972454021333 -0.0625055754612771 -0.6537538072786796
60853 82613.97839999999 0.42605146286172024 0.6222055939908137 -0.2072995843950435 -0.6231911681896408
60853 83033.9784 0.5547490057014972 0.5107672462047994 -0.3418362834992318 -0.5608193257734606
60853 83453.97839999999 0.6553867762949667 0.3729635547521307 -0.4591759003868431 -0.4695996729005223
60853 83873.97839999999 -0.7225733214137443 -0.2157662838009625 0.553141599980311 0.35407213435549245
60853 84293.97839999999 -0.7526413272679978 -0.047300408808669876 0.6187254774718908 0.22016468232207456
60853 84713.97839999999 -0.7439344243555402 0.12362202529953606 0.6524360449937344 0.07487572578990809
60853 85133.97839999999 -0.6969208545248056 0.2880976726768469 0.652530310692946 -0.07419735273961262
60853 85553.97839999999 -0.6141515531699356 0.4375796341634867 0.6190848969970295 -0.21926199810838645
60853 85973.97839999999 -0.5000868154299012 0.5643951857894263 0.5539806319569737 -0.35281257164031327
60853 86393.97839999999 -0.3607712195978679 0.6621755696339218 0.4607395556143693 -0.4680669866398737
60854 413.9784 -0.20343021260017455 0.7261412809661537 0.34426284712093835 -0.5593014221066014
60854 833.9784 -0.036029639022688784 0.7532610561508348 0.21050513880711108 -0.6220829791388143
60854 1253.9784 0.13310343143002704 0.7422903221457104 0.06615975856160408 -0.6533846038417496
60854 1673.9784 0.29561160812540227 0.6937595920910028 -0.08162703240740846 -0.6516505452338692
60854 2093.9784 0.4434016110619829 0.6099546533971975 -0.2255006128517191 -0.6168466630453971
60854 2513.9784 0.568945150936599 0.4948997061274838 -0.35818237620072063 -0.550528002448437
60854 2933.9784 0.6656755071934323 0.35427066811266344 -0.47281602281396107 -0.45586557383527165
60854 3353.9784 -0.7283952673537825 -0.19520828785448116 0.5633511053523401 0.33759382539944405
60854 3773.9784 -0.7536775920762958 -0.025950690447794453 0.6249597090322011 0.20179695476826714
60854 4193.9784 -0.7401289639599682 0.1446461461575746 0.6543679506031312 0.05558052116311635
60854 4613.9784 -0.6884973818172997 0.3076671235236693 0.6500716714831659 -0.09337621896648776
60854 5033.9784 -0.6015937503327224 0.454677304438066 0.6124007193640599 -0.23731596514336398
60854 5453.9784 -0.4840886727773224 0.5781695484119881 0.5434589814409863 -0.3688230818006025
60854 5873.9784 -0.34218083990814613 0.6719688923194844 0.44695541454779936 -0.48124935112796313
60854 6293.9784 -0.1831864283250104 0.7315090187784135 0.32792770719107656 -0.5690348906523854
60854 6713.9784 -0.015127691747556673 0.7539670232220748 0.1924311436421413 -0.6279133186934418
60854 7133.9784 0.1536518950763145 0.7383042021822638 0.04722282948531679 -0.6550328270818714
60854 7553.9784 0.314805122725223 0.6852538794653902 -0.10050552012871454 -0.6490173308989878
60854 7973.9784 0.4602763189832377 0.5973097112115718 -0.2433851814678788 -0.6100249769619579
60854 8393.9784 0.5826128089994913 0.47871609339386273 -0.37414874512036395 -0.5398202786486422
60854 8813.9784 -0.6753916312901346 -0.3353530135482312 0.4860140753599703 0.4417859427815286
60854 9233.9784 -0.7336136032515953 -0.17453776193822856 0.573060269223662 0.3208575674954687
60854 9653.9784 -0.7541003105734608 -0.004623705878084871 0.6306486722623774 0.18328555619759965
60854 10073.9784 -0.7357307420527416 0.16551193773491804 0.6557367568827427 0.03626815874369419
60854 10493.9784 -0.6795587773558073 0.32690154435149626 0.6470716559008202 -0.11239893482172114
60854 10913.9784 -0.5886426088241633 0.47130137249330806 0.6052433447030945 -0.25505957942257007
60854 11333.9784 -0.467839746294694 0.5913808753758263 0.5325645817499897 -0.3844081142381056
60854 11753.9784 -0.3234811056504941 0.6811624170230981 0.43290693094306815 -0.4939325106366642
60854 12173.9784 -0.1629540978565286 0.7362793226432225 0.3114264445291416 -0.578232038793891
60854 12593.9784 0.005671550422424898 0.7540965633345013 0.1742723958160764 -0.6331945504656726
60854 13013.9784 0.17402983140110317 0.7337643608701394 0.028272684844652753 -0.6561281397646457
60854 13433.9784 0.3337642943643863 0.6762153562473968 -0.1193270463630311 -0.645829113457209
60854 13853.9784 0.4768439275233028 0.5841598459534374 -0.26113003500685095 -0.6026510167394793
60854 14273.9784 0.5958852232398958 0.4620804514399116 -0.38987383419289745 -0.5285838159962489
60854 14693.9784 -0.6846181438904086 -0.31608119413684177 0.4988550848472819 0.427240307193845
60854 15113.9784 -0.7382673316124084 -0.15366000781187616 0.5823023139400375 0.30376629874498295
60854 15533.9784 -0.7539257143662995 0.016726406637797318 0.6357907396761875 0.16457940296482526
60854 15953.9784 -0.7307597323326626 0.18621035806232114 0.6565279402898071 0.016940477272528048
60854 16373.9784 -0.670058647038088 0.3459375090210835 0.643493473302529 -0.13139558287409098
60854 16793.9784 -0.5751121492177885 0.4877053500079554 0.5974901786849199 -0.27275445692192857
60854 17213.9784 -0.45098111245227523 0.6043245904493497 0.5210426802681235 -0.39990292688169216
60854 17633.9784 -0.30416058114362915 0.6899968656007683 0.41821265833557786 -0.5064472714383744
60854 18053.9784 -0.14215294631214367 0.7405683078168763 0.29430552691588135 -0.5871417019244933
60854 18473.9784 0.02690560150031892 0.753628489095227 0.15558605486224936 -0.6380542050361807
60854 18893.9784 0.19463415616634436 0.7285572310269663 0.00896117129189873 -0.6566898840250334
60854 19313.9784 0.35270093810981884 0.6665190834059964 -0.13828728259048542 -0.6420521685858738
60854 19733.9784 0.49314633042560985 0.570450776783759 -0.2787713548564047 -0.5947092901292914
60854 20153.9784 0.6087063045955333 0.4450497171086389 -0.4052833451233944 -0.5168682561473105
60854 20573.9784 -0.6932828062172477 -0.29660279088422137 0.5112287699857196 0.41234800809767125
60854 20993.9784 -0.7423178601011886 -0.13273882104015106 0.5909981911610241 0.2864711818107722
60854 21413.9784 -0.753153753596048 0.03800686258741618 0.6403614669827373 0.1457809776485303
60854 21833.9784 -0.725216706313599 0.20673954446462411 0.6567448797172161 -0.0023775204382637297
60854 22253.9784 -0.6600156341606652 0.3647250760777155 0.6393482446056675 -0.15029572070837935
60854 22673.9784 -0.5610639971537612 0.5037991518829831 0.5891788505761055 -0.29027898252138457
60854 23093.9784 0.43363023212121987 -0.616894494849227 -0.508973359410605 0.41515313250112573
60854 23513.9784 -0.2843891066137587 0.6983835222374377 0.40299385672237925 -0.5186320886241815
60854 23933.9784 -0.12097379184315316 0.744326713058449 0.27671575405226906 -0.5956269615908761
60854 24353.9784 0.048400246837316176 0.7525569655766134 0.13653198000470188 -0.6423974222428064
60854 24773.9784 0.21533587162733056 0.7227093929830445 -0.010571622999390096 -0.656665696128354
60854 25193.9784 0.37154501506119075 0.6562006214140128 -0.15728856674330707 -0.6376639812713898
60854 25613.9784 0.5091659651121362 0.5562019103076623 -0.29626284208804377 -0.5861892043866459
60854 26033.9784 0.6210883589059748 0.42761263972129193 -0.4203718425400235 -0.5046624562829866
60854 26453.9784 -0.7014039564790232 -0.27687659985507135 0.523153221093427 0.39709261583141925
60854 26873.9784 -0.7457783953313964 -0.11172858680756508 0.5991644275242702 0.26894850201558135
60854 27293.9784 -0.7517876404696636 0.05924231372191123 0.6443658597919679 0.12687919702019093
60854 27713.9784 -0.7190962229367815 0.227124585078385 0.6563872463034491 -0.021698569104925475
60854 28133.9784 -0.6494325300969174 0.3832557797217332 0.6346367140276815 -0.16908174759550393
60854 28553.9784 -0.5465272705164621 0.5195378681650795 0.5803280151832259 -0.30758371367451776
60854 28973.9784 0.4158559383290625 -0.6290225409919392 -0.4964075625060462 0.43008605344431367
60854 29393.9784 -0.2642758403806767 0.7062525668256514 0.3873390689767685 -0.5304093114637751
60854 29813.9784 -0.09955361984795232 0.7475054131356618 0.2587719913275323 -0.6036238817446147
60854 30233.9784 0.07001487329352293 0.7508640119249944 0.11723117843145257 -0.6461872823858164
60854 30653.9784 0.2360175083252653 0.7162290630491419 -0.030222180987590976 -0.6560474714409277
60854 31073.9784 0.39021774421313055 0.6452775554774024 -0.1762646824578804 -0.6326750747550802
60854 31493.9784 0.5248667039396467 0.5414191568270711 -0.31358178226206446 -0.5771019888629234
60854 31913.9784 0.6330240514366067 0.4097512015615065 -0.43515122070769585 -0.49196333017643534
60854 32333.9784 -0.7089879786297764 -0.2568659751003211 0.5346528990515725 0.38144749904800007
60854 32753.9784 -0.7486508987091671 -0.09058618120812387 0.6068229623856646 0.2511610398879008
60854 33173.9784 -0.7498212934734011 0.08046073758786453 0.6478146393271655 0.10784382520157025
60854 33593.9784 -0.7123878195219104 0.24737746914540684 0.6554567613043741 -0.041041642467279156
60854 34013.9784 -0.6383191120212348 0.401499316750965 0.6293665413569475 -0.18773589560157167
60854 34433.9784 -0.5315651588426946 0.5348452262001533 0.5709762577594726 -0.3246000292520567
60854 34853.9784 0.39779981789935576 -0.6406045901045269 -0.48344318337735964 0.44459391860687353
60854 35273.9784 -0.24404582697470026 0.7135059832096802 0.37142134557950224 -0.5416613612840906
60854 35693.9784 -0.07818520867039148 0.7500506367665557 0.24071322528848496 -0.6110386719369459
60854 36113.9784 0.09142699143509535 0.7485649078189125 0.09795712367111056 -0.6493813101262407
60854 36533.9784 0.25637533768439247 0.7092003913583468 -0.04972261854809958 -0.6548542985497627
60854 36953.9784 0.40847579570028997 0.633879726065862 -0.1949901611493233 -0.6271545696753262
60854 37373.9784 0.5400872238742351 0.5262417484548652 -0.3305683911258106 -0.5675385022881543
60854 37793.9784 0.6444299546491941 0.39157858368183734 -0.44952998745822914 -0.47885178993961003
60854 38213.9784 -0.7160009947937371 -0.23663594721539247 0.545692400238196 0.36546656244057313
60854 38633.9784 -0.7509235258426727 -0.06933412723790842 0.613968218473759 0.23313014356861914
60854 39053.9784 -0.7472461053400319 0.10165853347370706 0.6507107301380108 0.08868114968462024
60854 39473.9784 -0.7050991454080308 0.2674479210019059 0.653959864263725 -0.06035976001272141
60854 39893.9784 -0.6266872220544663 0.41942376441740536 0.6235520839596295 -0.20622713241761437
60854 40313.9784 -0.5161783777817639 0.5497116253962957 0.5611365606257674 -0.3413250233191727
60854 40733.9784 -0.3794399542708906 0.6516533747315473 0.47007404559232435 -0.4586977130576905
60854 41153.9784 -0.22364886789979632 0.7201685044266801 0.3552025452740041 -0.5524216333108682
60854 41573.9784 -0.05679043572784365 0.7519812514354951 0.22247198094099618 -0.6179039258618911
60854 41993.9784 0.11273151863727017 0.7456592199432663 0.07862438966363111 -0.6519985719074513
60854 42413.9784 0.27650224407420676 0.701600624849261 -0.06916127744831702 -0.6530848259872306
60854 42833.9784 0.42639399704020065 0.6219694227254231 -0.21353851809470653 -0.6210825209041082
60854 43253.9784 0.5548727262852513 0.5106304941274443 -0.3472720410335754 -0.5574718697910321
60854 43673.9784 0.6553228196333072 0.3730694305487989 -0.4635310166527572 -0.4653065641689447
60854 44093.9784 -0.7224438701263325 -0.21618507677565002 0.5562725100268319 0.34914146371469756
60854 44513.9784 -0.7525927128972633 -0.04799176781596712 0.6205913480925065 0.21486595213891221
60854 44933.9784 -0.7440641653256361 0.12280440656039508 0.6530461560825157 0.06941407374203182
60854 45353.9784 -0.6972465141518862 0.28729421293381147 0.6518974528630752 -0.0796181177146259
60854 45773.9784 -0.6145463291935995 0.43701456185581977 0.6171950435855911 -0.22454701105563235
60854 46193.9784 -0.5003312975401059 0.5641702481351064 0.5507819110332604 -0.3577985610641221
60854 46613.9784 -0.36065597605328875 0.6622339015634656 0.45621300643352475 -0.4724862107172698
60854 47033.9784 -0.2028620242560887 0.7262980832211926 0.338515263249376 -0.5628014836255759
60854 47453.9784 -0.03505557879572775 0.7533053710612729 0.2037984949261124 -0.6243142620438731
60854 47873.9784 0.13428408048487742 0.7420756586243571 0.05892499972165417 -0.6540790067058877
60854 48293.9784 0.29673583582075774 0.6932764594808251 -0.08885525062687424 -0.6507075678870837
60854 48713.9784 0.444236708334383 0.6093404306725296 -0.23218600787595342 -0.6143676784000572
60854 49133.9784 0.5693880627051268 0.4943781267119357 -0.36388884179754527 -0.5467836982691976
60854 49553.9784 0.6657735906374604 0.3540707666459548 -0.47725792677835444 -0.45122532014912003
60854 49973.9784 -0.7283262253891803 -0.19544643244426185 0.5664252501593935 0.3324214755954072
60854 50393.9784 -0.7536501420859693 -0.0265765677165754 0.6266895445869938 0.19638066118523748
60854 50813.9784 -0.740280850518188 0.14383294243454425 0.6548181077425025 0.05009583614650481
60854 51233.9784 -0.6889271679732225 0.30668845838993725 0.6493057093765617 -0.0986085315264298
60854 51653.9784 -0.6023219869119785 0.4537012913385769 0.6105249105210342 -0.2421212422597351
60854 52073.9784 -0.4848783455706175 0.5774956905749591 0.5404642622944614 -0.37321588731799116
60854 52493.9784 -0.34268832059307025 0.6716994407647061 0.4427545513848703 -0.4851319237418459
60854 52913.9784 -0.18300432480257395 0.7315452187673994 0.3223867811646023 -0.5722043108300029
60854 53333.9784 -0.014149502547547911 0.7539778486405079 0.18565460572165426 -0.6299599691340917
60854 53753.9784 0.15531639454418258 0.7379470919220289 0.039525070705543806 -0.655552191587625
60854 54173.9784 0.3168080904790724 0.6843189787511149 -0.10856526813121221 -0.6477296902903502
60854 54593.9784 0.4621661933936468 0.5958350593591412 -0.25110230985715765 -0.6069024812166408
60854 55013.9784 0.5840230167360313 0.4769831616125331 -0.3808480051306713 -0.5351251969853836
60854 55433.9784 -0.6761834674113719 -0.3337423620150948 0.4912295325069011 0.43598795922498934
60854 55853.9784 -0.7338632561367684 -0.17346307724716428 0.5765466614748732 0.3145619641127359
60854 56273.9784 -0.7540950699735033 -0.004321701225343885 0.6324376871418201 0.17704383700903373
60854 56693.9784 -0.7358221330049279 0.16506948135107632 0.6560416973488488 0.030449076278373854
60854 57113.9784 -0.679945935008046 0.32607919466850105 0.6461294793963818 -0.11773945865909433
60854 57533.9784 -0.5892554613902812 0.47052416157512833 0.6031522425179077 -0.259985359090408
60854 57953.9784 -0.46843390543780034 0.5908979135610771 0.5293077845354208 -0.38889921729885274
60854 58373.9784 -0.32370429183579813 0.681040256212985 0.42839388940320705 -0.49787385589768535
60854 58793.9784 -0.16245605154193613 0.7363742134331892 0.30555933171966515 -0.5813729817484532
60854 59213.9784 0.00735653929791511 0.7540677675006975 0.16685443892285765 -0.6352064857649131
60854 59633.9784 0.17706115203671213 0.7330233533195174 0.019336780830513073 -0.6564694972614913
60854 60053.9784 0.3375085874817406 0.67433651901354 -0.12902620800685694 -0.6439801628529818
60854 60473.9784 0.480435496696633 0.5811922074942453 -0.2705342474191684 -0.5985052818774198
60854 60893.9784 0.5985932850922097 0.45855154473757154 -0.3979554517500844 -0.5225399681208028
60854 61313.9784 -0.6861042084041963 -0.31282783645955053 0.5048813340374719 0.42011260215164997
60854 61733.9784 -0.7387134279623102 -0.15146454355882447 0.5860427201179774 0.29650445795874925
60854 62153.9784 -0.7539003988074433 0.01743216094101233 0.6374774291024442 0.1579646663904394
60854 62573.9784 -0.7309346096386066 0.18548281426789476 0.6566589329106716 0.011391570231429489
60854 62993.9784 -0.6708734518903019 0.3443365544748715 0.6425605383161856 -0.1359305094523607
60854 63413.9784 -0.5765554909843263 0.4859896706639618 0.595723941975353 -0.27660584010664446
60854 63833.9784 -0.45259296473648697 0.6031150339191 0.5183340095521692 -0.40341259111903244
60854 64253.9784 -0.3052022638463654 0.689536533311841 0.41419170567302244 -0.5097412856763855
60854 64673.9784 -0.14196264946286546 0.7406062644987742 0.2886034595299787 -0.5899635669174693
60854 65093.9784 0.02862217175105961 0.7535669161795896 0.14810110725020253 -0.6398310215635846
60854 65513.9784 0.1976686498207359 0.7277405836497718 2.200741721016041E-5 -0.6567501406949301
60854 65933.97839999999 0.3564394938592457 0.6645275512317915 -0.1479400437416877 -0.6398966825425421
60854 66353.97839999999 0.4967260798272328 0.5673359910683899 -0.28809335725312235 -0.5902501947179196
60854 66773.97839999999 0.611401795604962 0.44133946245768824 -0.41325676065500827 -0.5105155952383005
60854 67193.97839999999 -0.694756157032308 -0.2931344265011547 0.5171288295924245 0.40492451626186765
60854 67613.97839999999 -0.7427486527734795 -0.13030119655128597 0.5945961775529874 0.27892906377762194
60854 68033.97839999999 -0.7531022033188535 0.03897157792396536 0.6418895894379189 0.13891019559997964
60854 68453.9784 -0.7253436733831351 0.20628442966745722 0.6567014360068759 -0.008155581299870478
60854 68873.9784 -0.6607844271295145 0.3633275483631003 0.6382354639933091 -0.15495975595238817
60854 69293.97839999999 -0.5624993155514005 0.5021960045412601 0.5872623284981915 -0.29413712882579585
60854 69713.97839999999 0.43530400643840683 -0.6157163754984631 -0.5061802146881736 0.4185514988384839
60854 70133.97839999999 -0.2855743420063246 0.6979036025568921 0.39897634625741646 -0.521723808018044
60854 70553.97839999999 -0.12099396311305799 0.7443288722705215 0.27110548498076853 -0.5981946228511521
60854 70973.97839999999 0.04987877262042208 0.7524658995226902 0.12920454249209706 -0.6439047789050775
60854 71393.97839999999 0.21814480832629682 0.7218712672884213 -0.01931668724946701 -0.6564614091151117
60854 71813.97839999999 0.37512730078584905 0.6541633310236854 -0.1667696169172984 -0.6352462037843097
60854 72233.9784 0.512679811131867 0.5529686015509846 -0.3054650889598887 -0.5814432185375189
60854 72653.97839999999 0.6237872289779751 0.4236712606863576 -0.42827383484937565 -0.49796955551099864
60854 73073.97839999999 -0.7029042426895159 -0.27305744847242025 0.5289982182796792 0.3892635874311064
60854 73493.97839999999 -0.7462086866004072 -0.10885006971454883 0.6026829023349454 0.2609551256410953
60854 73913.97839999999 -0.7516773705832078 0.06067483597862442 0.6457592018879168 0.11956064573747763
60854 74333.97839999999 -0.7191074041173944 0.22710141221879493 0.656150133981777 -0.027865598638240438
60854 74753.97839999999 -0.6500753773012339 0.3821720723117948 0.6333018155506044 -0.17399804996572502
60854 75173.97839999999 -0.5478979363034829 0.5180989985097738 0.578221322376576 -0.3115146569370977
60854 75593.97839999999 0.41758774853747616 -0.6278805588360753 -0.49352145406768944 0.4333855679207752
60854 76013.9784 -0.26566473376174327 0.705736266042301 0.3833684310868271 -0.5332796809123681
60854 76433.97839999999 -0.09990008258519584 0.7474644374728348 0.2533474577223794 -0.60591414728367
60854 76853.97839999999 0.07111107770529651 0.750766302350527 0.11018391283842907 -0.6474200176347049
60854 77273.97839999999 0.23849389733509443 0.7154128174431817 -0.03867985056875079 -0.6555982235576185
60854 77693.97839999999 0.3934860278751307 0.6432932798362863 -0.18542566408299452 -0.6300474784362731
60854 78113.97839999999 0.5281100871005101 0.5382595239599217 -0.32245570503352017 -0.5721876781795161
60854 78533.97839999999 0.635510372559509 0.4058897058313784 -0.4427364973308718 -0.48514380033200666
60854 78953.97839999999 -0.7103389483135197 -0.25312001786614813 0.5402068594504252 0.3735309680160296
60854 79373.9784 -0.7489920873254257 -0.08776662235431551 0.6100833277678378 0.24311767994972716
60854 79793.97839999999 -0.7496758521996546 0.08184941969446588 0.6489867199221061 0.10051381242966904
60854 80213.97839999999 -0.7124157097547863 0.24731067209657742 0.6550391620484963 -0.04716973759230765
60854 80633.97839999999 -0.6390150931260346 0.40039906403544245 0.6278936015000809 -0.19258744889510482
60854 81053.97839999999 -0.533010688398782 0.5334091363327672 0.5687704514096074 -0.32844249562548916
60854 81473.97839999999 0.39961831290099553 -0.6394748886540678 -0.4804920405187469 0.4477772546402514
60854 81893.97839999999 -0.24553322817622913 0.7129982200334414 0.36742074742228015 -0.5443794324312384
60854 82313.97839999999 -0.07864798246664907 0.7500051881257112 0.23530445061548352 -0.613138261861864
60854 82733.97839999999 0.09238046619073231 0.7484503104791067 0.09098637469938975 -0.6503917756469356
60854 83153.9784 0.25860081873353186 0.7083933260499694 -0.05796700140135576 -0.6541745477368742
60854 83573.97839999999 0.4115618603224103 0.6318806264050669 -0.20395948995540397 -0.6242949908168642
60854 83993.97839999999 0.5432843698475925 0.5229407125963587 -0.3393536586508279 -0.5623292620421012
60854 84413.97839999999 0.6469844478027985 0.3873472693138673 -0.45713748740600135 -0.47159149150989355
60854 84833.97839999999 -0.7174427145059573 -0.23223844250142656 0.5513229182000251 0.3569093681794348
60854 85253.97839999999 -0.7512611962031818 -0.06560829923684973 0.6172638372947259 0.22424879334971365
60854 85673.97839999999 -0.7469137706394366 0.10408912213233373 0.6517835529681754 0.08039573348804575
60854 86093.97839999999 -0.7047388102019323 0.26840062337944515 0.6532666714305067 -0.06743122987753161
60855 113.9784 -0.6268576661335917 0.41917191543939925 0.6216556976257124 -0.21186921750433782
60855 533.9784 -0.5170885616441787 0.5488564098532172 0.5584529006328165 -0.3456970039710864
60855 953.9784 -0.38085101672968935 0.6508273315167421 0.4667155353341575 -0.4621178385266136
60855 1373.9784 -0.2249486140062989 0.7197584238291256 0.3509663619287145 -0.5551293049174943
60855 1793.9784 -0.05729512588450178 0.7519358410164048 0.21703895814988722 -0.6198417944847239
60855 2213.9784 0.11348755072088554 0.745536465125002 0.07179669321337145 -0.652794906416951
60855 2633.9784 0.27831845886320855 0.7008723574628751 -0.07702736764004335 -0.6522143502215249
60855 3053.9784 0.42894687842175555 0.6202004601919466 -0.22195161435590696 -0.6181370766704873
60855 3473.9784 0.5575249316991338 0.5077229071719931 -0.35541609870326096 -0.5523249015292082
60855 3893.9784 0.6574279847966834 0.3693366986777465 -0.4705232840457012 -0.4582430435771434
60855 4313.9784 -0.7235925076910482 -0.212291755879888 0.5613953273207837 0.3408538978231062
60855 4733.9784 -0.7527935663406448 -0.044651777036112346 0.6235218906965038 0.20622443382370512
60855 5153.9784 -0.7436856238870173 0.12504513180215468 0.6538674547176693 0.06125977062800914
60855 5573.9784 -0.6968274107889131 0.28829341615757886 0.6509973468812199 -0.08672323867929012
60855 5993.9784 -0.6145962690774501 0.4369352711013631 0.615076526765893 -0.2303038452246566
60855 6413.9784 -0.5010814173750712 0.5635000090916312 0.5478589683798566 -0.36226468732251643
60855 6833.9784 -0.3619577365658155 0.6615192632440495 0.45266364880629484 -0.47589335186213
60855 7253.9784 -0.20421862513619263 0.7259119342328936 0.33423915018300276 -0.5653590075082261
60855 7673.9784 -0.035875233785494724 0.7532598955323918 0.19857181983694291 -0.6260045764609161
60855 8093.9784 0.13445412630547027 0.7420372279272106 0.052590793334372596 -0.6546274121559491
60855 8513.9784 0.29795644279365446 0.6927438545091984 -0.09614946922671111 -0.6496792976576303
60855 8933.9784 0.44616426643110924 0.6079199193661584 -0.23992678080910126 -0.6113967278685869
60855 9353.9784 0.5714882538404057 0.49193616286370856 -0.37136099227037056 -0.5417480971903275
60855 9773.9784 -0.6674700026447402 -0.35084163900233456 0.4836626063393457 0.44436969196899245
60855 10193.9784 -0.7292264138649147 -0.19201763499202848 0.5710824300857207 0.32438083053900124
60855 10613.9784 -0.7537393284595668 -0.023586356242229652 0.6292802845102303 0.1879548670805294
60855 11033.9784 -0.7398697584016709 0.14587693315077407 0.6553942516776905 0.04208367670508143
60855 11453.9784 -0.6883958748765194 0.3078499959988215 0.6481778393752659 -0.10585361571211872
60855 11873.9784 -0.6019292364878058 0.45420432761224205 0.608007157528235 -0.24840877487309954
60855 12293.9784 -0.4847915196750038 0.5775586034348323 0.5368621920305813 -0.3783942769357458
60855 12713.9784 -0.3428840056496829 0.6715954476983067 0.4382899569668 -0.4891748428962594
60855 13133.9784 -0.183374120570395 0.731452350806613 0.3172434209799891 -0.5750721713397609
60855 13553.9784 -0.014373382166704021 0.7539740032001863 0.1798636643727049 -0.631637293564747
60855 13973.9784 0.15547826826756875 0.7379128568568335 0.033169057897300624 -0.6559046709546364
60855 14393.9784 0.31746519197393364 0.6840144717018364 -0.11531349678929742 -0.6465623340758692
60855 14813.9784 0.4630392739013999 0.5951569856203688 -0.2577209958029194 -0.6041214129746537
60855 15233.9784 0.584978604808056 0.475805239348097 -0.38696744633378605 -0.5307217741940016
60855 15653.9784 -0.6769711067628446 -0.33213006279051976 0.49636445079203695 0.430141923077691
60855 16073.9784 -0.7343058082991881 -0.1715667042852903 0.5803001117293323 0.3075900294315216
60855 16493.9784 -0.7541029999262587 -0.0019667707596514187 0.6346215898671599 0.1690568986746013
60855 16913.9784 -0.7351971056799588 0.1678196375728214 0.6563902777827674 0.021762083471030386
60855 17333.9784 -0.6785342381328588 0.3289961058168371 0.6444479680290849 -0.12664780512113452
60855 17753.9784 -0.5870942523269322 0.47320839505056245 0.5994389258263054 -0.26845321369385067
60855 18173.9784 -0.46569260100406307 0.5930566954138082 0.5237619586671584 -0.3963427406274346
60855 18593.9784 -0.3206881111652314 0.6824659092892835 0.42141628632009254 -0.5037933421944055
60855 19013.9784 -0.15957418397530823 0.7370043287195934 0.2977290546535602 -0.5854213092058513
60855 19433.9784 0.009441572751545663 0.754044277031617 0.15904394347912684 -0.6372072732027245
60855 19853.9784 0.17788672809767864 0.7328224827618737 0.012357833788593647 -0.6566390215860458
60855 20273.9784 0.33735482380198284 0.6744133516159072 -0.13498719931831918 -0.6427571936897543
60855 20693.9784 0.4798457689081066 0.5816797065986737 -0.27559720664484477 -0.5961903527245535
60855 21113.9784 0.5980964079857675 0.45920389626119096 -0.40232957014912424 -0.5191756787414882
60855 21533.9784 -0.685982253083883 -0.31310632054462706 0.5086740438768053 0.41550390801409154
60855 21953.9784 -0.7388511067355925 -0.15081986528815827 0.589079681460213 0.2904092615616554
60855 22373.9784 -0.7538605073350109 0.019316700792131776 0.6393205347504515 0.15030121222899107
60855 22793.9784 -0.7301644218853754 0.18851208770007238 0.6567474766413228 0.0024211007849107894
60855 23213.9784 -0.6690165734582316 0.347936451556723 0.6404616326394996 -0.14548521310796275
60855 23633.9784 -0.5735953654420549 0.4894811980853559 0.5913369595777954 -0.2858620536230872
60855 24053.9784 0.44884175281788846 -0.6059123002275297 -0.511923913596729 0.41151582235457024
60855 24473.9784 -0.301247330357375 0.6912742824408535 0.40636719060592597 -0.5159996306078958
60855 24893.9784 -0.13843591784469064 0.7412732075513325 0.28014630078556557 -0.5940265806958646
60855 25313.9784 0.031237576261200776 0.7534614347961537 0.13977438190156244 -0.6417033600257078
60855 25733.9784 0.199214206829126 0.7273166959609778 -0.007622068224930565 -0.6567084799588195
60855 26153.9784 0.35705266208856706 0.6641964124004185 -0.15460723999988185 -0.6383205492458314
60855 26573.9784 0.49680572129864764 0.5672676051042879 -0.29376905394473496 -0.5874447058477856
60855 26993.9784 0.6113729914232496 0.44138653453407817 -0.4180469468379718 -0.5065942584846717
60855 27413.9784 -0.6948721702825704 -0.29287355855464164 0.5210984511817028 0.3997926335518977
60855 27833.9784 -0.7429298005104834 -0.1292973145801472 0.597582772139085 0.2724561366502548
60855 28253.9784 -0.7530008909531157 0.040980583452866724 0.6435269266312483 0.13108525738700172
60855 28673.9784 -0.7245045450102383 0.20922754444522695 0.6565254611995565 -0.0170680315689272
60855 29093.9784 -0.6588798459587535 0.3667753983744062 0.6358788843582928 -0.16435084473137876
60855 29513.9784 -0.5594919992938381 0.5055479001104753 0.5826337280967641 -0.3031962438819761
60855 29933.9784 0.43151632618656727 -0.6183806794263623 -0.499562224589873 0.42642300513628006
60855 30353.9784 -0.28160820901994693 0.6995173063166226 0.39099988553975934 -0.5277228858823627
60855 30773.9784 -0.11746222136078277 0.7448968474137421 0.2625463054407264 -0.6019973012941864
60855 31193.9784 0.05248858312717935 0.7522892917403863 0.1208349791485516 -0.6455266671394903
60855 31613.9784 0.21966422887719567 0.7214107230038529 -0.026936778051976824 -0.6561925062624715
60855 32033.9784 0.37566417153018167 0.6538559064113122 -0.17331647224534705 -0.6334905558317435
60855 32453.9784 0.5126305597599415 0.5530158249075885 -0.31092069970980946 -0.5785427599529276
60855 32873.9784 0.6235936169087433 0.42395886052359344 -0.4327557379890056 -0.4940772781375389
60855 33293.9784 -0.702860691168352 -0.2731731454446428 0.5326072303493761 0.3843082351417848
60855 33713.9784 -0.7462846047880544 -0.10833267260603016 0.6053102850809355 0.254799488770305
60855 34133.9784 -0.7515573943576843 0.062144791232184145 0.6470862422372672 0.11215570879919252
60855 34553.9784 -0.7183373977650681 0.2295224911996469 0.6557380852881868 -0.036309399722399736
60855 34973.9784 -0.6482906961846672 0.3851886513067116 0.6307780235871578 -0.18294250764760744
60855 35393.9784 -0.5450756661264203 0.5210665027777267 0.5735067304637619 -0.3201128675835983
60855 35813.9784 0.41401536384804083 -0.6302418847961355 -0.48688706345789134 0.4408258528985571
60855 36233.9784 -0.2619014477232148 0.7071418797056682 0.3754189446674256 -0.538905009840895
60855 36653.9784 -0.09647269712929352 0.7479140292543578 0.2447886421888157 -0.6094227959376537
60855 37073.9784 0.07372680600965065 0.7505120661403666 0.1017706585493575 -0.6487979113034841
60855 37493.9784 0.24006939772357946 0.7148831199963389 -0.04634503223435097 -0.6551037681223754
60855 37913.9784 0.3941667164364527 0.6428738511076981 -0.1920616664168747 -0.6280590159442306
60855 38333.9784 0.5282399238833454 0.5381299577592523 -0.3280079648695919 -0.5690250489739899
60855 38753.9784 0.6354698437871276 0.40595074996861336 -0.4472725120255861 -0.48096711553224314
60855 39173.9784 -0.7103879089485838 -0.25297342956884816 0.5438033078170252 0.3682817198274918
60855 39593.9784 -0.7490758186016073 -0.08701377297249256 0.6126036116853627 0.23670833582591205
60855 40013.9784 -0.7494927908210347 0.08346509932230593 0.6501179837528442 0.0929555856500879
60855 40433.9784 -0.7115586598482676 0.24974913075145722 0.6543822005698503 -0.055619968187596236
60855 40853.9784 -0.6371774237387153 0.4033062184321976 0.6251349396721086 -0.20138354464246372
60855 41273.9784 -0.5301550740076146 0.5362406564621818 0.5638502955462824 -0.3368299275203424
60855 41693.9784 -0.3960396523172087 0.6416947044563898 0.4736975541768419 -0.4549627756552938
60855 42113.9784 -0.24178541593840663 0.7142778043385313 0.35936320041664516 -0.5497318628705494
60855 42533.9784 -0.07522452539354194 0.7503563443083582 0.22667035525086096 -0.6163823305270533
60855 42953.9784 0.09502069480027532 0.7481188619291181 0.08251721342126091 -0.6515214083011733
60855 43373.9784 0.26030857396478946 0.7077661461720081 -0.0657415067769428 -0.653440573380578
60855 43793.9784 0.4123012289957333 0.6313969804635893 -0.21059478158206762 -0.6220895334278427
60855 44213.9784 0.5433289164587786 0.5228918284622494 -0.3447162828090087 -0.5590603801321238
60855 44633.9784 0.6467383834337279 0.387750715805019 -0.46129513451846144 -0.4675314370775706
60855 45053.9784 -0.7172660278295764 -0.2327698665505485 0.5544224963738537 0.35208426557033967
60855 45473.9784 -0.7512360165124305 -0.06584277172785732 0.6192974812783484 0.21858592495406048
60855 45893.9784 -0.746845587139789 0.10453749099654645 0.6525663691365545 0.07382896327258723
60855 46313.9784 -0.704246650368726 0.26967331414153617 0.6524716428601991 -0.07479113816263637
60855 46733.9784 -0.6255790098108395 0.42106624835755474 0.6189673908336912 -0.21962123317820678
60855 47153.9784 -0.5148415126945749 0.5509556713408009 0.5537278041773789 -0.353230213748297
60855 47573.9784 -0.3777012910446695 0.6526553855397592 0.4600672439416747 -0.4687438677156744
60855 47993.9784 -0.2212636836892901 0.7208973221811982 0.3428363547774749 -0.5601898490646868
60855 48413.9784 -0.0534708914728935 0.7522154556387568 0.2079940369443252 -0.6229375993298801
60855 48833.9784 0.11731656873001639 0.7449409520233509 0.06224682469708092 -0.65377758719238
60855 49253.9784 0.28194241891186395 0.699418309291577 -0.0865803641890863 -0.6510194632902493
60855 49673.9784 0.4319260608804444 0.6181216233145843 -0.2307727070534995 -0.6149060858394927
60855 50093.9784 0.5598182181416372 0.5051803325900619 -0.363134700472491 -0.5472929594957997
60855 50513.9784 0.6590360010222284 0.3664455705422008 -0.4768421417540482 -0.4516755085612267
60855 50933.9784 -0.7245071089552567 -0.2091346268893201 0.5660675926650572 0.333045998990451
60855 51353.9784 -0.7529827224839296 -0.04125279794173065 0.6263550166627765 0.19747055325805193
60855 51773.9784 -0.7430670259754983 0.12863358142402448 0.654684421460853 0.051895134014906835
60855 52193.9784 -0.695304812291089 0.2919297197319983 0.6496592135169594 -0.09628687882871739
60855 52613.9784 -0.6121210792875078 0.4403843010782205 0.6115355323137489 -0.2395699154181999
60855 53033.9784 -0.4977062328867111 0.5664707865542506 0.542210210346303 -0.3706850975188307
60855 53453.9784 -0.35788145635259444 0.6637211607838697 0.44518406752069456 -0.4829143091195253
60855 53873.9784 -0.19978092186990198 0.7271349661272798 0.325395226304906 -0.5705087825703219
60855 54293.9784 -0.03147568614055115 0.7534467178243864 0.18895806659109302 -0.6289850345213286
60855 54713.9784 0.13846209443151672 0.7412890652631497 0.04283115452210094 -0.6553504881582278
60855 55133.9784 0.30137414234273047 0.6912505726981398 -0.10552610300247225 -0.6482364643066517
60855 55553.9784 0.44897116937542336 0.6058349537823179 -0.24854865957103242 -0.6079576150281241
60855 55973.9784 0.5735994767707278 0.48946079567345346 -0.37880957838096135 -0.5365771827741983
60855 56393.9784 -0.6688966285024596 -0.3481022633156978 0.48966036198164203 0.43776117296596617
60855 56813.9784 -0.730006156225866 -0.18900961845277398 0.5754509951110638 0.3165794185198398
60855 57233.9784 -0.753825932812382 -0.02035698306893242 0.6318171960732549 0.17927377668249034
60855 57653.9784 -0.7391843039834334 0.1492666343039655 0.6559313347781558 0.032865189551258486
60855 58073.9784 -0.6868515877202399 0.31125934421779705 0.6465930213062794 -0.11519540737941675
60855 58493.9784 -0.5994904183949676 0.45740570440502276 0.6042736686656528 -0.2573802501897233
60855 58913.9784 -0.4815526061188534 0.5802506919530841 0.5311176374999848 -0.3864327589174374
60855 59333.9784 -0.3389958991094215 0.6735529702023214 0.4307987338130367 -0.49580301296352575
60855 59753.9784 -0.17915245198705798 0.7324850958818682 0.30845995501186363 -0.5798469103237806
60855 60173.9784 -0.010178775847876225 0.7540299714527483 0.17035528626719654 -0.6342824852650654
60855 60593.9784 0.1593190891079384 0.7370795565717941 0.02353497925891853 -0.6563362399571018
60855 61013.9784 0.32071424769798285 0.6824816490530652 -0.1245084646620479 -0.6448711594239778
60855 61433.9784 0.46578898910644057 0.5929922783826583 -0.2662209368930914 -0.6004391627513221
60855 61853.9784 0.5870636463371541 0.4732164495557379 -0.3942957014610725 -0.5253126372252122
60855 62273.9784 -0.6783485078233151 -0.3292955692910127 0.5021900509453705 0.4233354257685928
60855 62693.9784 -0.7350244095392184 -0.16843398030114154 0.5844727807485502 0.2996008681988343
60855 63113.9784 -0.7540965707376879 0.001271240973557374 0.6368948643872964 0.1603174278272137
60855 63533.9784 -0.7345154374149834 0.17073890776752138 0.6566334884671502 0.012952196604842444
60855 63953.9784 -0.677381157433131 0.33134553719326687 0.6427693643426534 -0.13495349865490175
60855 64373.9784 -0.5857092745435452 0.47491314340598834 0.5960875544448165 -0.275829257639423
60855 64793.9784 -0.4642628237499527 0.5941741154433919 0.5190402072091098 -0.40251014188602435
60855 65213.9784 -0.3192981841537709 0.6831190381645783 0.41561482093003727 -0.5085876226536574
60855 65633.97839999999 -0.15817133097009614 0.7373101897042913 0.29107420065670436 -0.5887540436629127
60855 66053.97839999999 0.010977074632914452 0.7540269129527271 0.15172454779376834 -0.6389855866702006
60855 66473.97839999999 0.17964600621298482 0.7323959726472598 0.004582454440360182 -0.6567362125032399
60855 66893.97839999999 0.3393288675279681 0.6734248179642116 -0.142924021780505 -0.6410363938265446
60855 67313.97839999999 0.48192400751364994 0.5799610214924058 -0.28333154084340395 -0.5925518563761077
60855 67733.97839999999 0.5999885568221272 0.45673081604799637 -0.4093349013118837 -0.5136687959401688
60855 68153.97839999999 -0.687385776897958 -0.3100154932451203 0.5144153652287045 0.4083724031848799
60855 68573.9784 -0.7395420772702904 -0.14739914747763092 0.5931057264589754 0.2820932549905837
60855 68993.97839999999 -0.7537635857356642 0.022782645039159808 0.6413674253268082 0.14131253884066633
60855 69413.97839999999 -0.7292553895118806 0.1919946349637617 0.6567167808205184 -0.006907011057063857
60855 69833.97839999999 -0.6672678869678174 0.3512770065379333 0.6382976015930824 -0.15470683081160855
60855 70253.97839999999 -0.5710183709173824 0.49248601608163367 0.5870802823228869 -0.2945034569348532
60855 70673.97839999999 0.4455900638851729 -0.6083111197982887 -0.505786118273992 0.4190315967297537
60855 71093.97839999999 -0.29757986334884867 0.6928660280032254 0.3987249274983262 -0.5219208027658685
60855 71513.97839999999 -0.1346635792593417 0.7419737407899887 0.2714938697472019 -0.5980232161788228
60855 71933.97839999999 0.03484088737809562 0.7533088525686173 0.13063992211756642 -0.6436187504707862
60855 72353.9784 0.2024377984133233 0.7264306475566603 -0.01672633923626895 -0.6565346004893658
60855 72773.97839999999 0.3597827027013358 0.66272559944443 -0.16323713586740618 -0.6361641487475926
60855 73193.97839999999 0.49900689115128305 0.5653362262363106 -0.30156272941637896 -0.5834783578808749
60855 73613.97839999999 0.6130391488066889 0.43907429219011646 -0.42470048889639644 -0.5010252116403731
60855 74033.97839999999 -0.6959840180170458 -0.2902318097618535 0.5263398426257256 0.39285889748347824
60855 74453.97839999999 -0.7434417678389655 -0.12634920289132492 0.6011764641075473 0.26441837259227546
60855 74873.97839999999 -0.7528244039134032 0.044179801459432254 0.6452562329353853 0.12226183326561971
60855 75293.97839999999 -0.7235481241723335 0.21252423892297076 0.6562183124399131 -0.026250453242220133
60855 75713.9784 -0.657189299399677 0.3698025640931889 0.6335066096787563 -0.1732560643613742
60855 76133.97839999999 -0.557117053091214 0.5081695144939556 0.578290119738742 -0.31139182890128986
60855 76553.97839999999 0.4284904332108062 -0.6204876140855068 -0.4934002892288715 0.43352880412050676
60855 76973.97839999999 -0.2780000355667614 0.7009649800416534 0.38325682887995766 -0.533365053314297
60855 77393.97839999999 -0.1134503736366267 0.7455242709512091 0.25359301281672336 -0.6058161090586114
60855 77813.97839999999 0.05664846772797801 0.7519928070411342 0.11115617860010732 -0.6472573469814682
60855 78233.97839999999 0.22376371172595227 0.7201540052782227 -0.03686093532278857 -0.6557051787529878
60855 78653.97839999999 0.37946479903451297 0.6516609195093419 -0.18296487265692277 -0.6307680775463925
60855 79073.97839999999 0.5158898963529047 0.5499800113236785 -0.31976284718027764 -0.573699680624417
60855 79493.9784 0.6261112201600868 0.42023720801658765 -0.4403113120488797 -0.48735139013843476
60855 79913.97839999999 -0.7045050528355088 -0.26891775868503065 0.5384938098472615 0.37600569988929416
60855 80333.97839999999 -0.746931789711251 -0.10381878367204403 0.6091806527246985 0.2453843801498276
60855 80753.97839999999 -0.7511791081127515 0.06662087734350677 0.6487322763409348 0.1021667258476149
60855 81173.97839999999 -0.7169981293392013 0.23368596405916425 0.6551030291417823 -0.0463095447514443
60855 81593.97839999999 -0.6461175813267651 0.3888300643180083 0.627943914242932 -0.19243100776166425
60855 82013.97839999999 -0.5421971615545407 0.52406489548706 0.5686490667844887 -0.32865857993587544
60855 82433.97839999999 0.41060064016384157 -0.6324747585086654 -0.48027855006810316 0.44801262090585064
60855 82853.9784 -0.2580959392377915 0.708542409310534 0.36738244018917454 -0.5444118688989369
60855 83273.9784 -0.09224261275929906 0.7484498457055185 0.23554970951111262 -0.6130501310691924
60855 83693.97839999999 0.07863974593357559 0.750014341089508 0.09137267244568534 -0.6503424584399415
60855 84113.97839999999 0.2454616009457142 0.7130492221618586 -0.05748430362054739 -0.6542208832441809
60855 84533.97839999999 0.3995076521471175 0.6395667608154524 -0.20320555641373947 -0.6245442307623299
60855 84953.97839999999 0.5330864162503456 0.5333281283937745 -0.33848196614876935 -0.5628587201646789
60855 85373.97839999999 0.6393210586795471 0.39986102898719644 -0.45633467789004795 -0.47237527791063505
60855 85793.97839999999 -0.712797904965977 -0.2461100211483607 0.5507380237294724 0.35782206944936007
60855 86213.97839999999 -0.7498682226826615 -0.0799250879269663 0.6169704732007456 0.22507124234131115
60856 233.9784 -0.7487178594053523 0.09016870686653741 0.6517178895910937 0.08096273029249072
60856 653.9784 -0.7094809472600078 0.25559323880130735 0.6532946139183473 -0.06719396683763681
60856 1073.9784 -0.6341612801648538 0.4080326576719318 0.6216406976457567 -0.21192372222889733
60856 1493.9784 -0.5265378067631965 0.5397928453597808 0.5583221214073075 -0.3459162194732102
60856 1913.9784 -0.39203903695571723 0.6441442786336381 0.46650229037215685 -0.46234095090519045
60856 2333.9784 -0.23746169596033062 0.7157215283177629 0.3507958303606443 -0.5552449209634567
60856 2753.9784 -0.07066366443255573 0.7507915738783387 0.2170703482432817 -0.6198379812788102
60856 3173.9784 0.09984283492792131 0.747480925282892 0.07214541373605217 -0.6527623717162635
60856 3593.9784 0.2653239998231989 0.7058895252175772 -0.07655383139328077 -0.6522749912459711
60856 4013.9784 0.41722043334059017 0.6281439085018536 -0.22131365738829076 -0.618370928544125
60856 4433.9784 0.5477929732569411 0.5182002177354406 -0.35474921749226357 -0.5527606945848167
60856 4853.9784 0.6502775532796463 0.38177228740485486 -0.4699451992413759 -0.45884696139375836
60856 5273.9784 -0.7194352258478838 -0.2259547680929241 0.5609962300251154 0.341526907406847
60856 5693.9784 -0.7518233200549791 -0.05867698446057714 0.623344147064911 0.20678680140676334
60856 6113.9784 -0.7458418329159057 0.11142480667340056 0.6538410404633077 0.061614661699118785
60856 6533.9784 -0.7018837965283908 0.275740471809793 0.6510205448138673 -0.0865943335747816
60856 6953.9784 -0.6222243772136834 0.4259932827267241 0.6150679091045319 -0.23034325399831598
60856 7373.9784 -0.5109008517087716 0.5546055517771868 0.5477985199258417 -0.36236691795503473
60856 7793.9784 -0.3735466352821178 0.6550391096574341 0.4525999801703762 -0.4759621140788202
60856 8213.9784 -0.2171072481354961 0.7221567052654608 0.334272155261333 -0.5653461435829467
60856 8633.9784 -0.04951652233705316 0.7524818656779549 0.19880565597491076 -0.6259356732076019
60856 9053.9784 0.12070828613726253 0.7443933343361931 0.05308013380148739 -0.6545919132171323
60856 9473.9784 0.2848798918154333 0.6982203241088324 -0.09546653480633169 -0.6497830153002274
60856 9893.9784 0.4345231172512121 0.6162909870594094 -0.23915603407209268 -0.6117021098627472
60856 10313.9784 0.5618920348945006 0.5028629929653645 -0.37053405163289255 -0.5423197101420397
60856 10733.9784 -0.6605801860643457 -0.36363638123973396 0.4829926669507187 0.4451072721152704
60856 11153.9784 -0.7254553813621823 -0.20578515565212077 0.5707058371976602 0.3250566208438165
60856 11573.9784 -0.7531807355844122 -0.03728482569751301 0.629205102111473 0.18822741775342033
60856 11993.9784 -0.7422321250409208 0.1333131505862439 0.6554325134888288 0.0415607591331602
60856 12413.9784 -0.6932158714923427 0.29682750255399176 0.6479904875526331 -0.10702110670317692
60856 12833.9784 -0.6087115736547346 0.4450665796467948 0.6073472245649212 -0.2500306153125395
60856 13253.9784 -0.4931457971414107 0.5704346858286328 0.5356542263924817 -0.3801131959209305
60856 13673.9784 -0.35253881083557115 0.6665704326360811 0.43666660132177587 -0.4906348178432491
60856 14093.9784 -0.1941405639633594 0.7286614720207177 0.3155165225510275 -0.5760305761102411
60856 14513.9784 -0.026022951456118795 0.7536553371626576 0.17841155483011883 -0.6320567663326238
60856 14933.9784 0.14335629548172132 0.7403574369041195 0.03227984037226002 -0.6559556769112236
60856 15353.9784 0.3055056957242091 0.6894336997310583 -0.11553599853816571 -0.6465283262139416
60856 15773.9784 0.4522598455910583 0.6033834470518855 -0.25758602634323086 -0.6041844808685846
60856 16193.9784 0.5761336926351545 0.48647067434431596 -0.3866422416299011 -0.530965185488628
60856 16613.9784 -0.6707237667072393 -0.34456095379557544 0.4960701911456254 0.43049011992179204
60856 17033.9784 -0.7310543844582317 -0.18490980514703764 0.5801642489546913 0.3078592132123375
60856 17453.9784 -0.7539366716180399 -0.015729203440085552 0.6345421216866399 0.1693764539541132
60856 17873.9784 -0.7381624534591219 0.1542357896779549 0.6563795064643091 0.022213891583812484
60856 18293.9784 -0.6845548304902201 0.31627077402530424 0.6445672703593001 -0.12605758815518325
60856 18713.9784 -0.5959236633030324 0.4620348111028168 0.5997454439914379 -0.2677764426834285
60856 19133.9784 -0.4769052693022853 0.5840733747466327 0.5242792304822447 -0.39566519370389347
60856 19553.9784 -0.33368734977664083 0.6761999539452515 0.4221158162171082 -0.5032142809806233
60856 19973.9784 -0.17362279536201278 0.7338165480613388 0.2985233085292062 -0.5850232755940552
60856 20393.9784 -0.0048735766626188054 0.7540832314410643 0.15983160989289907 -0.6370153724903035
60856 20813.9784 0.16407747417780072 0.7360339927529276 0.013048651359926923 -0.6566294820348106
60856 21233.9784 0.3247567928404559 0.6805665560735166 -0.13444647338591934 -0.6428734977056556
60856 21653.9784 0.469060723261045 0.5904078292299886 -0.2752129919266524 -0.5963710607939811
60856 22073.9784 0.5896058747096791 0.47005113990047603 -0.40206465708384415 -0.51938506900964
60856 22493.9784 -0.6801639568382688 -0.3255434480403213 0.508487639959563 0.4157388305949806
60856 22913.9784 -0.7359731035751734 -0.1642709771853863 0.5889409381284587 0.2907012354030446
60856 23333.9784 -0.7540845151490222 0.005469445484916813 0.6392314182220927 0.15069778743008697
60856 23753.9784 -0.7335360715643257 0.1749225215897789 0.6567481839798279 0.002960742111040386
60856 24173.9784 -0.6753962950972764 0.33538031771772764 0.6405986007119416 -0.14489071682592794
60856 24593.9784 -0.582703480316201 0.4785989876195167 0.5916441799280526 -0.28523118243667267
60856 25013.9784 -0.4602991382446374 0.597251075802952 0.5124591964496614 -0.41085450923365563
60856 25433.9784 -0.31454602056944325 0.6853215784656564 0.40717998599260347 -0.515363555211592
60856 25853.9784 -0.15291040986267998 0.7384197042483746 0.2812265234138146 -0.5935203361822993
60856 26273.9784 0.016359579158692742 0.7539285039629933 0.14105446666023694 -0.6414263890089567
60856 26693.9784 0.18475242414614876 0.7311224561863214 -0.006252646416141356 -0.6567247522706882
60856 27113.9784 0.3438192495642587 0.6711411083627646 -0.1532852458580032 -0.6386404071908708
60856 27533.9784 0.4855326006231356 0.5769441843383833 -0.2926229173164034 -0.5880181376041811
60856 27953.9784 0.6026312828621703 0.4532445397497115 -0.4171439946762554 -0.5073419081925948
60856 28373.9784 -0.6890705537302008 -0.3062662341354737 0.5204591751197064 0.40063076871871
60856 28793.9784 -0.7403110758964319 -0.14351598484509281 0.5971974121481399 0.27330920936290337
60856 29213.9784 -0.7536417427580849 0.02664354701258316 0.643360786512885 0.13191339337863592
60856 29633.9784 -0.7283399253369677 0.19545238818445237 0.6565475084071053 -0.01626918306359
60856 30053.9784 -0.6657164519914802 0.3542130545159579 0.6360797840493405 -0.16357636101250825
60856 30473.9784 -0.5690317161851458 0.4947836682791679 0.5830358245072849 -0.30242561882338703
60856 30893.9784 0.44332807258376244 -0.609965095124972 -0.5001957428648062 0.42568418059434016
60856 31313.9784 -0.2951390152642706 0.6939127633751013 0.3918846791534391 -0.5270715669989925
60856 31733.9784 -0.13204421902429486 0.7424467097944334 0.26366895162399795 -0.6015113392839625
60856 32153.9784 0.037625575186565945 0.7531758849118072 0.12212735274129105 -0.6452869998625422
60856 32573.9784 0.20533298551258686 0.7256178018919686 -0.025583452920193223 -0.656248929579802
60856 32993.9784 0.36265716220804944 0.6611569844523415 -0.17202860667861164 -0.6338433427064658
60856 33413.9784 0.5016550764677727 0.562988009608096 -0.3098132912705643 -0.5791393699652339
60856 33833.9784 0.6152023186957394 0.4360404081583107 -0.4318898658392031 -0.4948393813248041
60856 34253.9784 -0.6974426792846051 -0.2867121707522463 0.5319996252675164 0.385157421024272
60856 34673.9784 -0.7440656359341541 -0.12262359479978606 0.6049492580898841 0.25566810234516835
60856 35093.9784 -0.7526019704746032 0.047808475891127994 0.6469417752512482 0.11300868597358077
60856 35513.9784 -0.7225681079024271 0.21582646210711445 0.6557861013467882 -0.03548037453315359
60856 35933.9784 -0.6555124847976678 0.37276227797227585 0.6310195982466154 -0.18211516417911858
60856 36353.9784 -0.554911476381727 0.510575588633342 0.573931409562027 -0.31935647604160644
60856 36773.9784 0.42600267674630726 -0.622198055510981 -0.4875037818729086 0.44014924944039946
60856 37193.9784 -0.27548722183679725 0.701956447313545 0.376248748301134 -0.5383315113212483
60856 37613.9784 -0.11105526410280282 0.7458843332844627 0.2458739537122989 -0.6089903846217373
60856 38033.9784 0.05888516521637439 0.7518193170969945 0.10307760678634276 -0.648594834034661
60856 38453.9784 0.22577486302873107 0.7195236304837257 -0.044913667552246454 -0.6552054783553654
60856 38873.9784 0.3812272982251838 0.650628851152693 -0.19064393974290514 -0.6284924290514224
60856 39293.9784 0.5173916029485961 0.5485653317407237 -0.3267502238148662 -0.5697510835859875
60856 39713.9784 0.6272900747484432 0.41847303662404756 -0.44627199671816375 -0.4819012188051868
60856 40133.9784 -0.7052613608180905 -0.2669198696195825 0.5430862472747378 0.36934743015259036
60856 40553.9784 -0.7472284874715038 -0.10163118152877837 0.612182971038388 0.237808116814219
60856 40973.9784 -0.7509654830750345 0.068931191549295 0.6499697001997936 0.09401448230812566
60856 41393.9784 -0.716228318733212 0.23601647822846744 0.654467081824292 -0.054644819128836716
60856 41813.9784 -0.6447951306221573 0.3910077277269402 0.6254259604458955 -0.20048582090536776
60856 42233.9784 -0.5403535429341347 0.5259579367131237 0.5643429293983765 -0.3360109454840139
60856 42653.9784 -0.4083358616046524 0.6339359236281323 0.4743969284323832 -0.45424071058773824
60856 43073.9784 -0.25560867589254505 0.7094431790162384 0.3602848086211557 -0.5491351720957331
60856 43493.9784 -0.08996380071005693 0.7487272880320273 0.2278551804650614 -0.6159512800970878
60856 43913.9784 0.08011719440974577 0.7498574186832124 0.0839210900159911 -0.651346557107803
60856 44333.9784 0.24605667686041496 0.7128430797539085 -0.06422720381559188 -0.6535944627285352
60856 44753.9784 0.39950961449155137 0.6395641898690739 -0.20911650255852274 -0.6225913614270747
60856 45173.9784 0.5327241298687297 0.5336867683144684 -0.3434229171140684 -0.5598608173309928
60856 45593.9784 0.6388809588625616 0.40055529070670903 -0.46028327898815646 -0.4685358925137206
60856 46013.9784 -0.7125186540582281 -0.2469032447259588 0.5537149541288714 0.3532077362359242
60856 46433.9784 -0.7497962467664581 -0.08055264472856723 0.6188970186203138 0.21973470391600167
60856 46853.9784 -0.7487327680411666 0.08999735974807088 0.6524447792328815 0.07493682240091121
60856 47273.9784 -0.7093250058981121 0.2560087472140295 0.652592797248708 -0.07375770018549241
60856 47693.9784 -0.6335766345054505 0.4089282565656668 0.6193049096671768 -0.21867729203792768
60856 48113.9784 -0.5253745054232813 0.5409156330235018 0.5542764555376747 -0.3523769541820508
60856 48533.9784 -0.3903455537251325 0.6451660932579993 0.46088480654364034 -0.46794898856014355
60856 48953.9784 -0.2355179615127355 0.7163598957915996 0.34400974122454664 -0.5594793002863955
60856 49373.9784 -0.0687825820891193 0.75096326769213 0.2096330073230645 -0.6223962798884646
60856 49793.9784 0.10130440917930218 0.7472810457964976 0.06467716730399688 -0.6535482532328093
60856 50213.9784 0.2661547693162229 0.7055723528101009 -0.08350299699097363 -0.6514265447567916
60856 50633.9784 0.41747250339073266 0.6279685656591225 -0.2274234078508138 -0.6161580828149716
60856 51053.9784 0.5476169609669075 0.518373790501418 -0.359803765435335 -0.5494957031325315
60856 51473.9784 0.6499436442520506 0.3823273813372515 -0.4738933787550308 -0.45477917536789764
60856 51893.9784 -0.7191907560926013 -0.22671800830312383 0.5638599751822737 0.336787068411872
60856 52313.9784 -0.751757605926791 -0.059453215711492285 0.6250763439748154 0.20150776976548734
60856 52733.9784 -0.74590824463347 0.11094048570151856 0.6543663226722745 0.05583739761567938
60856 53153.9784 -0.7018752080453283 0.2757472370147381 0.6501761458883932 -0.09276655069463252
60856 53573.9784 -0.6219337430225161 0.42640716783613836 0.6127063371279389 -0.2365719572376039
60856 53993.9784 -0.5103345339174034 0.5551143965084951 0.5439779576592936 -0.3680959818595412
60856 54413.9784 -0.37274126551931636 0.6554834837324889 0.44749396170396183 -0.48078530111835927
60856 54833.9784 -0.21617594120468797 0.7224227511563321 0.32817740151711317 -0.5689225994715441
60856 55253.9784 -0.04869877480664502 0.7525232267480861 0.19218420052229948 -0.6280146937823866
60856 55673.9784 0.12122046806308549 0.7442977723507049 0.04641437006036859 -0.6551123036916982
60856 56093.9784 0.28499993921893013 0.6981570165999949 -0.10175032268677328 -0.6488441158325614
60856 56513.9784 0.4343482546061 0.6163989673084724 -0.24479070959726937 -0.6094845488743325
60856 56933.9784 0.5616071984258151 0.5031685389601284 -0.3753689274838361 -0.5389962377945428
60856 57353.9784 -0.6602260861482135 -0.3642658254317904 0.4867767083387921 0.44097659780396353
60856 57773.9784 -0.7251809379790504 -0.20672539478344532 0.5733548011403682 0.32037710647413975
60856 58193.9784 -0.7531156996534142 -0.038406768978325484 0.6306981429197865 0.18319802277788513
60856 58613.9784 -0.7424866966116738 0.1318338680161073 0.6557356792673681 0.03666136296374246
60856 59033.9784 -0.6938807848408935 0.2952479249888852 0.6472149116249422 -0.11167353038505351
60856 59453.9784 -0.6098488948154093 0.44349484385063703 0.60562116415209 -0.2542039624030089
60856 59873.9784 -0.4947516590366492 0.5690331398844576 0.5331321865027855 -0.38365629580195565
60856 60293.9784 -0.35452411678379075 0.6655053510255471 0.43349599914691417 -0.49345364229951216
60856 60713.9784 -0.19631103282955148 0.7280687889546027 0.31179292995870367 -0.5780683227502955
60856 61133.9784 -0.028184180905737436 0.7535675283595237 0.17425059615836377 -0.6332285226419022
60856 61553.9784 0.1413786503371484 0.7407273432985043 0.02782577560290796 -0.6561713239169193
60856 61973.9784 0.30383242462334104 0.6901614688986583 -0.12008634013057495 -0.6457106747678809
60856 62393.9784 0.45094018095472554 0.6043591964693333 -0.26198029981269383 -0.6023032768908966
60856 62813.9784 0.5751181100696987 0.48765997926822835 -0.3905541191107763 -0.5281045200862938
60856 63233.9784 -0.6699977127403574 -0.34596021700259993 0.49923040178023886 0.42682970739223963
60856 63653.9784 -0.7306406669410866 -0.18651410240915822 0.5823881938291655 0.3036456769045009
60856 64073.9784 -0.753889858675169 -0.01752824232443806 0.6357298352060765 0.16489517378202495
60856 64493.9784 -0.7385482539509862 0.15234042201969725 0.6565252575117309 0.017704763595302712
60856 64913.9784 -0.685415969166781 0.31438515828141467 0.6437186307128419 -0.13035814488061692
60856 65333.9784 -0.5972511504932156 0.4603108753058828 0.5979880302718449 -0.27168967032491587
60856 65753.97839999999 -0.4786222890419917 0.5826650001859884 0.5217100660462852 -0.39904988281723225
60856 66173.97839999999 -0.3356521458098985 0.675228840921523 0.41882952341242446 -0.5059500763110019
60856 66593.97839999999 -0.17560440600256833 0.7333490267279873 0.29458182625791873 -0.5870126448622282
60856 67013.97839999999 -0.0067191150712641425 0.7540734617213349 0.15538121113379108 -0.6381102937947779
60856 67433.97839999999 0.1624525299721482 0.7363986659251797 0.008304820865458928 -0.656701766618346
60856 67853.97839999999 0.3233785274611291 0.6812270118129037 -0.13920235793702576 -0.6418557391644216
60856 68273.97839999999 0.4679148539622014 0.5913204894779522 -0.27967073664011755 -0.5942895314846635
60856 68693.9784 0.5886351587679876 0.4712696879329546 -0.4058787862575384 -0.5164067601841293
60856 69113.97839999999 -0.6793972163697608 -0.3271445404952024 0.5114165554214677 0.41212738182999226
60856 69533.97839999999 -0.7355169777465776 -0.1663086820555572 0.5908636749036333 0.2867687489927339
60856 69953.97839999999 -0.7540997266579896 0.002959286833341561 0.6401379423249314 0.1467932548579331
60856 70373.97839999999 -0.7342177654240069 0.1720437526212227 0.6567532222909527 -6.520201193089036E-4
60856 70793.97839999999 -0.6768849275385462 0.33237016097761907 0.6398691799780599 -0.14806857694005748
60856 71213.97839999999 -0.5850031883282634 0.47578991898662754 0.5903225315834034 -0.28794883458945686
60856 71633.97839999999 -0.4633445658989948 0.5948966750338155 0.510680195929777 -0.4130562876542468
60856 72053.9784 -0.3181412326412654 0.6836644812464255 0.40502727459926063 -0.5170511966974326
60856 72473.9784 -0.15670405515551306 0.7376288294103671 0.27868285772492934 -0.5947128836092053
60856 72893.97839999999 0.01278607718052046 0.7540028310907188 0.13804979083978428 -0.6420735956154922
60856 73313.97839999999 0.18172663248731427 0.7318857772993551 -0.009724200376324913 -0.6566765413495296
60856 73733.97839999999 0.34150183267851614 0.6723284145936315 -0.15709675194379466 -0.6377080928888537
60856 74153.97839999999 0.48389740088585426 0.5783210190321088 -0.29649244124682905 -0.5860719551770703
60856 74573.97839999999 0.6015671296169547 0.4546605094998449 -0.42072394895307813 -0.5043730449212044
60856 74993.97839999999 -0.6884153001630714 -0.3077441104683931 0.5233617737439578 0.3968253907664983
60856 75413.97839999999 -0.7399965744045782 -0.14515083766221923 0.5991524895898509 0.2689843832153258
60856 75833.9784 -0.7536990879173995 0.02510239468285292 0.6443133794672136 0.12715275731656284
60856 76253.97839999999 -0.728683439538121 0.19418423415543903 0.6563980729846837 -0.021318957065321834
60856 76673.97839999999 -0.6662746095648782 0.35317081583283927 0.6347689774051144 -0.1685730251766314
60856 77093.97839999999 -0.5698761907612435 0.4938168712147895 0.5806764879099271 -0.3069215556061239
60856 77513.97839999999 0.4443684345373725 -0.609213396159924 -0.49688609914208565 0.42953455833664644
60856 77933.97839999999 -0.29621228576247965 0.693460473174018 0.3877116431026241 -0.5301419958004624
60856 78353.97839999999 -0.1328200627321346 0.7423135155650604 0.2586099017812008 -0.6036972703648661
60856 78773.97839999999 0.03735855575047327 0.7531944345685713 0.11625916075632334 -0.6463638987346092
60856 79193.97839999999 0.20557420602825546 0.7255542957321104 -0.03199556698595396 -0.6559622652666699
60856 79613.9784 0.36323742878061926 0.6608424250474437 -0.17855979825206866 -0.6320302667107318
60856 80033.97839999999 0.5023128521092298 0.5624050355597745 -0.315939433786302 -0.5758165061559897
60856 80453.97839999999 0.6157203801881339 0.4353134433837194 -0.4371229713546392 -0.49021844859662356
60856 80873.97839999999 -0.6977429919230591 -0.28599200681060305 0.5360037102130296 0.37955673080656643
60856 81293.97839999999 -0.7442041294958492 -0.1218121777124814 0.6076058207380486 0.2492732910030888
60856 81713.97839999999 -0.752549769278125 0.04870215407775315 0.6481022483072744 0.1061151293957823
60856 82133.97839999999 -0.7223669698425742 0.21651429429470984 0.6553761640520805 -0.042303721336327565
60856 82553.97839999999 -0.6553491112210675 0.3730581579911462 0.6291802487414568 -0.18835436754067655
60856 82973.9784 -0.5550446979584174 0.5104352382636573 0.5709658948342968 -0.32462162242069365
60856 83393.97839999999 0.4266355428633386 -0.621766337341365 -0.483769505552808 0.44424745448004543
60856 83813.97839999999 -0.276652364589356 0.7014990176903871 0.3720394093725269 -0.5412478870353964
60856 84233.97839999999 -0.11264294388787154 0.7456464319828898 0.24140535545841457 -0.6107752614664872
60856 84653.97839999999 0.05718414304314795 0.7519501702614303 0.0984119002751822 -0.6493196540321681
60856 85073.97839999999 0.224306319127037 0.7199817718187435 -0.04977087375935167 -0.6548555440504823
60856 85493.97839999999 0.3802500248577818 0.6511985704076108 -0.19563936411527544 -0.6269573986351153
60856 85913.97839999999 0.5169615651775722 0.5489689424629275 -0.3316804406276249 -0.5668967504275838
60856 86333.97839999999 0.6273102678278591 0.41844344205715495 -0.45083101496584194 -0.4776382623094268
60857 353.9784 -0.7054688968128657 -0.26637447718756313 0.5468353694555077 0.36377101622469715
60857 773.9784 -0.7473562075486713 -0.10069907652394586 0.6146926435357885 0.23123872731157305
60857 1193.9784 -0.7508651521458661 0.07003142395804973 0.6509570046923969 0.08690282500169844
60857 1613.9784 -0.715904328814169 0.236999430879896 0.6538352991457627 -0.06173866971931494
60857 2033.9784 -0.6444054628232924 0.39165031392743604 0.6232928718519707 -0.20702083707337796
60857 2453.9784 -0.5401576360395549 0.5261593527017798 0.5610084406024476 -0.3415488154940869
60857 2873.9784 -0.4085671556905134 0.6337839797697995 0.470244662015809 -0.45854193278669236
60857 3293.9784 -0.2563472917924251 0.7091698221862548 0.3556523751061951 -0.5521554286361108
60857 3713.9784 -0.09117033549666469 0.7485717809299716 0.22302200165466857 -0.6177292655352354
60857 4133.9784 0.07870008949066581 0.7499969524187388 0.0789964033491548 -0.6519742598712489
60857 4553.9784 0.24475579994581703 0.7132791834501623 -0.06921365786819951 -0.6530979056880039
60857 4973.9784 0.39860007166257344 0.640118485813619 -0.21411716838301942 -0.6209026857679945
60857 5393.9784 0.5323004191838171 0.5340955771819618 -0.3482674678153412 -0.5568733689384776
60857 5813.9784 0.6388821978042648 0.40053710412885435 -0.46470540373910174 -0.4641642524802423
60857 6233.9784 -0.712706303955533 -0.24633264024465107 0.5573125717011177 0.34752359930806037
60857 6653.9784 -0.7498982042380072 -0.07951393594108179 0.6212509949787383 0.21301976084320703
60857 7073.9784 -0.7485711285703652 0.09125937586828584 0.653249723664317 0.06765936978360244
60857 7493.9784 -0.7088628833227931 0.25725659379923904 0.6517344230068526 -0.08108452048347059
60857 7913.9784 -0.6329077964618418 0.40994561719000466 0.6168543865401956 -0.2255282198099405
60857 8333.9784 -0.5247138839311437 0.541548741994814 0.5504900678523023 -0.35827501343199547
60857 8753.9784 -0.38991481756549307 0.6454231905559799 0.45612651216435296 -0.4725927898690266
60857 9173.9784 -0.23543684592934622 0.7163843482202399 0.33864001060842974 -0.5627485232490853
60857 9593.9784 -0.06911440171041332 0.7509304169821913 0.20401267337569096 -0.6242639965825897
60857 10013.9784 0.10070526309522204 0.7473589442464431 0.05901871338947454 -0.6540870354238916
60857 10433.9784 0.26552080081521584 0.7058077358770878 -0.08907421313339636 -0.6506918847389844
60857 10853.9784 0.4170247098741474 0.6282621292781035 -0.23280204055340864 -0.6141500616164552
60857 11273.9784 0.5474645846591748 0.5185284221548049 -0.36482693142922445 -0.5461795621089659
60857 11693.9784 0.6500651015270577 0.3821050865928066 -0.47832822298231314 -0.4501257354063444
60857 12113.9784 -0.7194106424409236 -0.22598946794671446 0.5673608484385313 0.3308757403905711
60857 12533.9784 -0.7518437193952227 -0.058254476532433076 0.6272739992418227 0.19458871356031845
60857 12953.9784 -0.7456525404722177 0.11259439061058085 0.6549833506567918 0.048183010001054696
60857 13373.9784 -0.7011447904414535 0.2775742355919649 0.6490174716329659 -0.10062230412537232
60857 13793.9784 -0.6207637713151998 0.428091987328072 0.6097846467379612 -0.24403334856263398
60857 14213.9784 -0.5085797176316219 0.5567121935288325 0.5392949575961622 -0.3749388658186945
60857 14633.9784 -0.3704195206871887 0.6567939799229271 0.44120216631127923 -0.48657136688579344
60857 15053.9784 -0.21349313417488738 0.7232196172148977 0.3206410644069235 -0.5732044790052809
60857 15473.9784 -0.04579061061809777 0.7527059945969231 0.1837788104834779 -0.6305253797384817
60857 15893.9784 0.12411826888925032 0.7438192713312451 0.03764205170042748 -0.6556756994642806
60857 16313.9784 0.2876463886717791 0.6970700887473066 -0.11035443189110837 -0.6474370593500934
60857 16733.9784 0.4365509871725006 0.6148406084367649 -0.2527260572380112 -0.6062374137322386
60857 17153.9784 0.563299949687867 0.5012696469894632 -0.38226535388212796 -0.5341302340348064
60857 17573.9784 -0.6614033017716036 -0.362119836867795 0.49234963715420155 0.43474904364079836
60857 17993.9784 -0.7258253772007205 -0.20445281764037976 0.5773506475995368 0.31311786420888993
60857 18413.9784 -0.7532223362525349 -0.03628437202939806 0.6329040976578769 0.17541938229447163
60857 18833.9784 -0.7421329061356223 0.13381628196316991 0.6561323658737171 0.028675263995430078
60857 19253.9784 -0.6930645152171886 0.29715638065858335 0.6457975083161241 -0.11960452095694407
60857 19673.9784 -0.608554184723456 0.4452647085297873 0.6024188488353329 -0.26171105089652913
60857 20093.9784 -0.49309409965480794 0.57046822706442 0.5283259844500426 -0.39025102812226503
60857 20513.9784 -0.3524363540504446 0.6666146480127788 0.4272171191690901 -0.49889784574328655
60857 20933.9784 -0.1937922601972223 0.7287440464538929 0.3042652832905472 -0.5820646974604984
60857 21353.9784 -0.025294997585158324 0.7536702963302195 0.16577893615425482 -0.6354986953993292
60857 21773.9784 0.14448195084286528 0.7401275591515997 0.01882979853493177 -0.6564918893269505
60857 22193.9784 0.3069062739775192 0.6887994663874651 -0.1290912834149263 -0.6439714858934875
60857 22613.9784 0.45370605505921946 0.6022859365471572 -0.2704371527709257 -0.5985534334052968
60857 23033.9784 0.5773705199213731 0.484997744450366 -0.3979694050754949 -0.522533083380983
60857 23453.9784 -0.671552881933071 -0.34294630365970125 0.5051491501194059 0.4197962549942252
60857 23873.9784 -0.7314331443968703 -0.18341164215343173 0.5864999992502401 0.29560696148730453
60857 24293.9784 -0.7539601368144223 -0.01455408737490038 0.6378823910431296 0.15632768735115743
60857 24713.9784 -0.7379981305450206 0.15501326800665421 0.6566941314641189 0.009080955596103033
60857 25133.9784 -0.6843665724170845 0.31667304756544934 0.6419842587270793 -0.13862462642093812
60857 25553.9784 -0.5957926102333841 0.46220168842403114 0.594489090935013 -0.27925523373524685
60857 25973.9784 -0.4767809442309203 0.584174931621091 0.5166057797926489 -0.4056328990215106
60857 26393.9784 -0.33343585192172775 0.6763279906456688 0.41231494561221 -0.5112703466339743
60857 26813.9784 -0.17307793922648576 0.7339504685718371 0.28694357438588347 -0.5907826349470222
60857 27233.9784 -0.003923266978177444 0.754093093309475 0.14692458143329665 -0.6401104451341314
60857 27653.9784 0.16541488194398038 0.7357378537737908 -5.884331401380229E-4 -0.6567551911498186
60857 28073.9784 0.326324708595036 0.6798194557244049 -0.14807275519127872 -0.6398688548046407
60857 28493.9784 0.4706136954230097 0.5891761972036036 -0.2880065444972958 -0.5902934767179171
60857 28913.9784 0.5908915908172993 0.46844281530499254 -0.41321797425313345 -0.5105481000304191
60857 29333.9784 -0.680996845613661 -0.3238131367475794 0.5172948837068272 0.40471514924039736
60857 29753.9784 -0.7363408457458532 -0.16264509295272073 0.5949501363638526 0.27817812254977153
60857 30173.9784 -0.7540792378860122 0.006779621622777352 0.6422044636816104 0.1374480503583748
60857 30593.9784 -0.7333220595882328 0.17583540793348054 0.656669421357062 -0.010292584355745467
60857 31013.9784 -0.6751277214394956 0.33592876028066176 0.6376092662744715 -0.15750825794586976
60857 31433.9784 -0.5824508464983221 0.47891381350720075 0.5859759159575477 -0.29668973113859376
60857 31853.9784 -0.46003248440187605 0.597464498716694 0.5043956275243512 -0.42070338363574283
60857 32273.9784 -0.3141576213438178 0.6855074076699237 0.39704915608344993 -0.5231983855428797
60857 32693.9784 -0.15221985874741126 0.7385696193701987 0.26937611417518104 -0.5989829221757142
60857 33113.9784 0.017453466857623383 0.7539100140525 0.1279506003738322 -0.644161246172094
60857 33533.9784 0.18621941866981068 0.7307552199631526 -0.019999586224375997 -0.6564443260153414
60857 33953.9784 0.34549096247293104 0.6702864719402208 -0.16692710919276973 -0.6352065652998278
60857 34373.9784 0.48716080424696867 0.5755741937883261 -0.3053405456024108 -0.5815116933145775
60857 34793.9784 0.6039581328711058 0.4514809996350962 -0.4281284834357584 -0.4981018795169713
60857 35213.9784 -0.6899197719421784 -0.30435812677542184 0.5290255480430476 0.38924132420230256
60857 35633.9784 -0.7407121516112145 -0.1414519161243322 0.6029885903298787 0.26027221098731573
60857 36053.9784 -0.7535584180606248 0.02898416306032683 0.6461085030141247 0.11770059980521665
60857 36473.9784 -0.7276905752198165 0.19786298741716768 0.6560211890230704 -0.030868503354767624
60857 36893.9784 -0.6644883718665409 0.3565140256176882 0.632257188262861 -0.17777457940314512
60857 37313.9784 -0.5674182463452712 0.4966367917469086 0.5761818467959727 -0.3152822707044868
60857 37733.9784 0.4413727972668623 -0.6113868597570578 -0.4906502920130796 0.4366445379215328
60857 38153.9784 -0.2927811438579834 0.694916360353404 0.3800187123264282 -0.5356829586575926
60857 38573.9784 -0.12925296898207134 0.7429429994552317 0.24995209096849466 -0.6073329579318584
60857 38993.9784 0.040844647761454994 0.75301225046515 0.10712024362143217 -0.6479425273935474
60857 39413.9784 0.20883575623063794 0.7246201311110432 -0.04116848672686464 -0.6554528573504063
60857 39833.9784 0.36616662913070963 0.6592215804169496 -0.18734353761305464 -0.6294849533851136
60857 40253.9784 0.5048246305707671 0.5601496223023024 -0.32394681962374655 -0.5713518627425104
60857 40673.9784 0.6177019404499944 0.4324948302432281 -0.4439684219717061 -0.48402951859276744
60857 41093.9784 -0.6990534050952685 -0.2827672296114065 0.5413032806243053 0.37196476858429106
60857 41513.9784 -0.7447606834902506 -0.11833848708871604 0.6110749922442361 0.24065510726846293
60857 41933.9784 -0.7522939003300481 0.05243610058565524 0.6495726495800356 0.09674562418604332
60857 42353.9784 -0.7211862477692449 0.22039555785460788 0.6546821632344983 -0.05203325137900983
60857 42773.9784 -0.6530183435284347 0.3771106664560065 0.6261586226170482 -0.1981917444870166
60857 43193.9784 -0.5512650397364655 0.5145060299245717 0.5654265876233363 -0.334190327723946
60857 43613.9784 -0.4212475073185131 0.6254255643696109 0.4756505712944634 -0.45293480219358656
60857 44033.9784 -0.26979871279452666 0.7041636855842867 0.36156601642254665 -0.5482993472977158
60857 44453.9784 -0.104809432174556 0.7467888413506927 0.22915550930693585 -0.615474745148504
60857 44873.9784 0.0652335199042313 0.7512945666221842 0.0852798272076344 -0.6511746410267563
60857 45293.9784 0.23175843282579295 0.7176160193851722 -0.06276061341847788 -0.6537403023672694
60857 45713.9784 0.3864425643698901 0.647540145338045 -0.20752778871792918 -0.6231260879859336
60857 46133.9784 0.5215573891050812 0.5445997445773448 -0.3417699854642702 -0.5608763545666142
60857 46553.9784 0.6302875223365699 0.4139364177333336 -0.4587213758475824 -0.4700733778905418
60857 46973.9784 -0.7070728519681249 -0.262075575254971 0.5524356908757542 0.3552170918059354
60857 47393.9784 -0.7478840154127875 -0.09666863735184238 0.6180688856975597 0.22207099444808284
60857 47813.9784 -0.7504901326932683 0.07388375519579526 0.6521637783608597 0.07738318707765862
60857 48233.9784 -0.7146181937700811 0.2408300102766929 0.6528551819796752 -0.07142726821879833
60857 48653.9784 -0.6421697572691201 0.395292451613617 0.6200959275342127 -0.2164322554558362
60857 49073.9784 -0.5367776352667087 0.5295966632295127 0.5555287232892783 -0.3504068808888185
60857 49493.9784 -0.4038315272410376 0.6368053230899012 0.4624258531306494 -0.46643478477374417
60857 49913.9784 -0.25023096990427685 0.7113471435864757 0.3456140932936153 -0.5584985241958647
60857 50333.9784 -0.08384487660802747 0.7494245973017807 0.2110862794256191 -0.6219126886178622
60857 50753.9784 0.08679444838506668 0.7490996212890583 0.06575378532661222 -0.6534469533400116
60857 51173.9784 0.2529544656074278 0.7104069213996893 -0.08292153436274431 -0.6515059965154614
60857 51593.9784 0.40610418414755706 0.6353741350041787 -0.22727744664179622 -0.6162175447303689
60857 52013.9784 0.538417532260502 0.5279155714563686 -0.35990427352564197 -0.5494366426316932
60857 52433.9784 0.6431696781021036 0.39360546795340123 -0.47403772246208 -0.4546380301406654
60857 52853.9784 -0.7150702433157007 -0.23937628260480823 0.5638993687709387 0.33673586733590544
60857 53273.9784 -0.7505497871656536 -0.07307149882267512 0.6250063442580343 0.20174895955768307
60857 53693.9784 -0.747853531400866 0.0969205102424853 0.6543151953977672 0.05650783429907712
60857 54113.9784 -0.7070999287646176 0.2620460878476558 0.6503379914135895 -0.09166261783818651
60857 54533.9784 -0.6302826930109453 0.41395925821279606 0.613212777508333 -0.23526909897242718
60857 54953.9784 -0.5212071706696956 0.5449123249159471 0.5447255031565832 -0.366998323712787
60857 55373.9784 -0.38533430413468234 0.6481532724315993 0.4482547218824738 -0.4800859441842839
60857 55793.9784 -0.22969320692483275 0.7182324902118853 0.3287605394078247 -0.568594432284468
60857 56213.9784 -0.062356503441557194 0.7515089665287141 0.19244619470959112 -0.6279414000106102
60857 56633.9784 0.10812578944499082 0.7463076845350958 0.04629724016813826 -0.6551261093969429
60857 57053.9784 0.27298634884331563 0.7029371307710472 -0.10214225733259365 -0.648787178353245
60857 57473.9784 0.4238197780916129 0.6236804949242031 -0.24526434736473118 -0.6092986425893542
60857 57893.9784 0.552958850856984 0.5126509474880745 -0.37576661139024514 -0.5387253187504701
60857 58313.9784 -0.6538584997901297 -0.3755647451757611 0.4870248273495165 0.44071192629476263
60857 58733.9784 -0.7214422440458178 -0.2193973067836689 0.5734340075080949 0.32024888651705485
60857 59153.9784 -0.7522844878839656 -0.05213641923752473 0.6306137220510195 0.18351069897749375
60857 59573.9784 -0.7448417738699761 0.11777375860169985 0.655697876617371 0.03742149492640321
60857 59993.9784 -0.69946039883014 0.28176521473471405 0.6473971253012227 -0.11063668643625872
60857 60413.9784 -0.6183732202410687 0.43152377493594607 0.6060659300067257 -0.25315189242587993
60857 60833.9784 -0.5056850910025695 0.5593347488799151 0.5337603402759487 -0.3827886186678866
60857 61253.9784 -0.3670725050866335 0.6586631645701262 0.43409223329601354 -0.4929346251177426
60857 61673.9784 -0.20963863737342897 0.7243398571675398 0.3121442745235481 -0.5778835219323077
60857 62093.9784 -0.04148752730864959 0.7529493012238802 0.17419662404777372 -0.6332469273787622
60857 62513.9784 0.1287700151537216 0.7430209547812837 0.027331716609905535 -0.6561944233383697
60857 62933.9784 0.29240994025170336 0.6950765680961398 -0.12089915308429151 -0.6455605208725116
60857 63353.9784 0.44106025422748496 0.6116050448889759 -0.262886040993467 -0.6019103344003333
60857 63773.9784 0.5671259641033681 0.4969285440204919 -0.39135915991824466 -0.5275112993345119
60857 64193.9784 -0.6641974329821606 -0.356963126849623 0.4997691630951736 0.4262040353032782
60857 64613.9784 -0.7273931814551832 -0.19878984479384448 0.5826678072211726 0.30311711203331393
60857 65033.9784 -0.7534703761167009 -0.030580511264787745 0.6358038889507914 0.16462271848196197
60857 65453.9784 -0.7411516786692068 0.13911249794322875 0.6565252364243348 0.017790898228673892
60857 65873.97839999999 -0.6910851430363681 0.30171572671596597 0.6438057331903096 -0.1299350731632794
60857 66293.97839999999 -0.6057936572660837 0.44900629328386044 0.5982715500438069 -0.27106926387152674
60857 66713.97839999999 -0.4895868338105848 0.5734792046094058 0.5221972412693664 -0.3984173380395903
60857 67133.97839999999 -0.34836385214443466 0.6687552685518643 0.41942132903909163 -0.5054649009083584
60857 67553.97839999999 -0.189376233062928 0.7299101106551074 0.29521395971288905 -0.5866997449334551
60857 67973.97839999999 -0.020751336681894668 0.7538148110205328 0.15593295356281137 -0.6379792525663911
60857 68393.97839999999 0.1489365543192848 0.7392487924292097 0.008679037675811446 -0.6566991700805443
60857 68813.9784 0.31106332709895457 0.6869363701961532 -0.13904138445165323 -0.6418921430003875
60857 69233.97839999999 0.4573673897100047 0.5995142442311004 -0.27969512203550473 -0.5942797157092048
60857 69653.97839999999 0.5803128229025099 0.4814778289083186 -0.40602800597807015 -0.516291958300848
60857 70073.97839999999 -0.6736276141957466 -0.3388607497513636 0.5115969632250708 0.4119074858384779
60857 70493.97839999999 -0.7325424444283133 -0.17894665965068068 0.5910187185549997 0.28645511765102216
60857 70913.97839999999 -0.7540381883999173 -0.009950659254023959 0.6402319749279423 0.146391301295015
60857 71333.97839999999 -0.7370393441271701 0.159519719926668 0.6567535241819203 -0.001128112466050301
60857 71753.97839999999 -0.6824202966389116 0.320850509185114 0.6397504756094095 -0.1485826990212771
60857 72173.9784 -0.5929604657183136 0.46583435227259223 0.5900774196440075 -0.28845256310902284
60857 72593.97839999999 -0.47321027842975427 0.58707773959771 0.5102427906446431 -0.41359890552616896
60857 73013.97839999999 -0.3293125213051446 0.6783515373885342 0.40433088010655155 -0.5175992604578589
60857 73433.97839999999 -0.16860962670676471 0.734996166679617 0.2777429546964404 -0.595155676999359
60857 73853.97839999999 6.68556232281333E-4 0.7541088892229116 0.13697125539271932 -0.6423069448664659
60857 74273.97839999999 0.16990241022512448 0.7347194074432546 -0.01079169341844576 -0.6566613302754233
60857 74693.97839999999 0.3304830643845825 0.6778116830090205 -0.15800868719602493 -0.6374837419903693
60857 75113.97839999999 0.4742352700398593 0.5862688477340486 -0.2971738808276392 -0.585728120701621
60857 75533.97839999999 0.5937722742759772 0.4647908113339407 -0.42113054975307085 -0.5040367526930422
60857 75953.9784 -0.6829854190952872 -0.3196070848449536 0.5235435072322208 0.39659100425391797
60857 76373.97839999999 -0.7373439423441684 -0.15806117482480045 0.5992287839432366 0.2688223208650527
60857 76793.97839999999 -0.7540272512330678 0.011492956734844286 0.6442771674146802 0.1273489218309719
60857 77213.97839999999 -0.7322116814022073 0.18042014233669373 0.6564222892155681 -0.020601069835150546
60857 77633.97839999999 -0.6730232559807373 0.34013296536568194 0.635058087334401 -0.16748280058503676
60857 78053.97839999999 -0.579480707422979 0.48250846484497617 0.5812660829083173 -0.30580619996646496
60857 78473.97839999999 -0.4563517405296733 0.6002861811834425 0.49777248797652035 -0.42851153987891827
60857 78893.97839999999 -0.30996397522023034 0.6874198669991237 0.38886068871324136 -0.529304851001805
60857 79313.9784 -0.14776394089694023 0.7394799580013264 0.2600719866407572 -0.6030736035092996
60857 79733.97839999999 0.021958578254405718 0.753797614844103 0.11799846363762426 -0.6460521180799169
60857 80153.97839999999 0.19057386738985166 0.729636013909307 -0.03011420209425204 -0.6560533690995264
60857 80573.97839999999 0.3495023262078545 0.6682068381422198 -0.1767159087083075 -0.6325497870086376
60857 80993.97839999999 0.49068599229486765 0.5725749538151887 -0.3143667373814073 -0.5766790560244967
60857 81413.97839999999 0.6067937306735786 0.44766750024725344 -0.4359190741476043 -0.49129394300348495
60857 81833.97839999999 -0.691871113500662 -0.29990789049967476 0.5351418266822696 0.380779260011037
60857 82253.97839999999 -0.7415912052728115 -0.13679841205924242 0.6070043012238026 0.2507477956351594
60857 82673.97839999999 -0.7533820280538416 0.03336693553348588 0.6478259587701816 0.1078132392708786
60857 83093.9784 -0.726610636821299 0.20180701998192446 0.6554845444773821 -0.04063152834241232
60857 83513.97839999999 -0.6626689002058347 0.359891828617907 0.62959996756756 -0.18695368740138868
60857 83933.97839999999 -0.5648738896822677 0.49953244682467035 0.5715235684680371 -0.3236443016803229
60857 84353.97839999999 0.43828732791125097 -0.6136041073160755 -0.4842661490298416 0.44371219791782257
60857 84773.97839999999 -0.2894680423876877 0.6963035871212442 0.372359722616103 -0.5410340136919182
60857 85193.97839999999 -0.12598143969573777 0.7435041715448479 0.24150880913866665 -0.6107403039394252
60857 85613.97839999999 0.04387020939429713 0.7528400724028024 0.09837919829499332 -0.6493294721904114
60857 86033.97839999999 0.21150996997045088 0.7238408925673677 -0.049786123705026 -0.6548581806290604
60858 53.9784 0.36846701924694275 0.6579341850487798 -0.19548396086492295 -0.6270093180456191
60858 473.9784 0.5068168986848635 0.5583441042608136 -0.33136044140314824 -0.5670879564210101
60858 893.9784 0.6193218848729646 0.430171142080527 -0.45032454879202555 -0.47812236111040873
60858 1313.9784 -0.7001892096673683 -0.27994475923915063 0.5462716925104787 0.36462753653784463
60858 1733.9784 -0.7452200301543886 -0.11541631829453478 0.614240060156788 0.2324550034449939
60858 2153.9784 -0.7521122353358467 0.05498914094761815 0.6507625351744281 0.08838270560075717
60858 2573.9784 -0.7205252424129943 0.2225457222031663 0.6539837065136567 -0.06018378676542461
60858 2993.9784 -0.6521059549389953 0.37868484291288934 0.6237599492620852 -0.20561891687707712
60858 3413.9784 -0.550397969525375 0.515433000953539 0.5616648939249966 -0.34047532010792764
60858 3833.9784 -0.42065100953057066 0.6258240117450657 0.47090723909215215 -0.45786832897114654
60858 4253.9784 -0.2693818101249332 0.704316466606667 0.3560397964123017 -0.5519125099245356
60858 4673.9784 -0.10407478704962322 0.7468820865639174 0.22272268565371242 -0.617843178133175
60858 5093.9784 0.06672793685558029 0.7511526502193605 0.07782578369823206 -0.652119794135391
60858 5513.9784 0.23405232680537583 0.7168589519594416 -0.0710302451272991 -0.652906927203071
60858 5933.9784 0.38924374524572575 0.6458462254056488 -0.21610619004493156 -0.6202177638060847
60858 6353.9784 0.5243605826924036 0.5418862472734994 -0.3499402821780989 -0.5558300758716096
60858 6773.9784 0.6325647922738157 0.4104309841578004 -0.46572356045346663 -0.4631519794380566
60858 7193.9784 -0.7084545481699205 -0.25828767972013805 0.5576398817549014 0.34701208906682307
60858 7613.9784 -0.7483154946457451 -0.09318863310200196 0.6211497844498309 0.21333716134701614
60858 8033.9784 -0.7502097307293893 0.07657796084580464 0.6531300082591606 0.06886485419301007
60858 8453.9784 -0.7140270568983978 0.24254170552629048 0.6519744036373425 -0.07917234428221745
60858 8873.9784 -0.6414891911898561 0.3963754278745449 0.6176537756540144 -0.22334267658509901
60858 9293.9784 -0.5361179550865314 0.5302547151379905 0.551757070304415 -0.35633076021703974
60858 9713.9784 -0.40316435590659117 0.6372242030174115 0.45750492296804257 -0.47126750649207066
60858 10133.9784 -0.2494024654920399 0.7116371237460538 0.3396613761929172 -0.5621398080866266
60858 10553.9784 -0.08276923698711401 0.7495437771862529 0.20429536277750948 -0.6241768853758859
60858 10973.9784 0.08806616366587812 0.7489499844975962 0.05845747638522463 -0.6541414181909719
60858 11393.9784 0.2543164570016986 0.7099188116278345 -0.0903282102190489 -0.6505222786605004
60858 11813.9784 0.40740059321668276 0.6345418249125713 -0.23434809172241394 -0.6135653192524672
60858 12233.9784 0.5394956292018102 0.5268097363706773 -0.3662023714247919 -0.5452630474367938
60858 12653.9784 -0.6439223986869899 -0.3923593400903442 0.47918894409270524 0.44921715079945596
60858 13073.9784 -0.715476463056685 -0.23813571747608495 0.5676383917495267 0.3304110577539094
60858 13493.9784 -0.7506498633973051 -0.07197088413769781 0.6271808667488581 0.19490801625945622
60858 13913.9784 -0.7477327482960717 0.09780022993918748 0.6548871720832592 0.0495342708661115
60858 14333.9784 -0.7068493966091813 0.26269958501344637 0.6493567887068314 -0.09843078536388314
60858 14753.9784 -0.6299566041697581 0.41444038918428533 0.6107763464554923 -0.24154936407733552
60858 15173.9784 -0.5208116893491577 0.545280676626103 0.5409603939154358 -0.37253995779018395
60858 15593.9784 -0.38486475730982467 0.6484281748767486 0.4433344309521534 -0.48463863129056134
60858 16013.9784 -0.22905986565438538 0.7184338178141954 0.32284656899239195 -0.5719742304135347
60858 16433.9784 -0.061440043336020066 0.7515843539545419 0.18570687067643932 -0.629967489755754
60858 16853.9784 0.10933318425240555 0.7461309769032523 0.0390153236366098 -0.6556009644960558
60858 17273.9784 0.27439751035980553 0.702386849712468 -0.10959183592995096 -0.6475711151347302
60858 17693.9784 0.42525752602598205 0.6227008478558124 -0.2524290988536411 -0.6063655998569281
60858 18113.9784 0.5541464520847987 0.5113652053700726 -0.3820987708010091 -0.5342544952838593
60858 18533.9784 -0.6547567362513014 -0.37399614324352404 0.49222539098532536 0.43489615500928136
60858 18953.9784 -0.7220497767512957 -0.21739674264365377 0.5773148008153376 0.31319386478805766
60858 19373.9784 -0.7524757532625692 -0.049346458214787135 0.6329784026744115 0.17516709040609169
60858 19793.9784 -0.744302149632819 0.12115317585163156 0.6561558790470934 0.028207807872370295
60858 20213.9784 -0.6980205589547832 0.285314533509085 0.6457126915138901 -0.1200751275778335
60858 20633.9784 -0.6161108222407665 0.4347449531126345 0.6022699737612179 -0.2620594573118129
60858 21053.9784 -0.5028682111005511 0.561867592570115 0.5281374819514281 -0.39051142216585644
60858 21473.9784 -0.3641538735528776 0.6602827482617523 0.4271739287127077 -0.49893995966698534
60858 21893.9784 -0.20703730085167607 0.7250883838154853 0.3045405249319556 -0.581925648503371
60858 22313.9784 -0.03946901731851574 0.753057667187235 0.1664566641355544 -0.6353255272120691
60858 22733.9784 0.13015289787648232 0.7427789567837542 0.019864734992740198 -0.6564640407800415
60858 23153.9784 0.2933124642117566 0.6946955333783719 -0.12786747295887818 -0.6442172177156376
60858 23573.9784 0.44174505211884163 0.6111112130925527 -0.2692636229932697 -0.5990838801817395
60858 23993.9784 0.5677771701534786 0.49619109932721733 -0.39703112901470516 -0.5232492337254436
60858 24413.9784 -0.6648647478304801 -0.35573263751150735 0.5045702666127078 0.4204973290661901
60858 24833.9784 -0.7278970837569348 -0.19696456049437697 0.5862592848722052 0.29609263460703855
60858 25253.9784 -0.7535748760755516 -0.02807779678696211 0.6378551596126412 0.15645235322883244
60858 25673.9784 -0.7405691798457993 0.14221404724322365 0.6567001558705515 0.008795448187317331
60858 26093.9784 -0.6893807467624097 0.3056001552245288 0.6417589784631984 -0.13967156003252185
60858 26513.9784 -0.6026928769307015 0.45316452035759947 0.5937420746332713 -0.28084437398003886
60858 26933.9784 -0.48515737989089575 0.577234482258696 0.515255322933333 -0.40735073513841
60858 27353.9784 -0.34305322365537577 0.6714983153366709 0.4105346315870564 -0.5127044124125979
60858 27773.9784 -0.1838351547523329 0.7313277758993852 0.28513100675652586 -0.5916625973147656
60858 28193.9784 -0.015645593271293546 0.7539388353247095 0.14551517143554632 -0.640434838904391
60858 28613.9784 0.1531121866510703 0.738394769108476 -0.0012823154791257408 -0.6567557985424873
60858 29033.9784 0.31411387598782153 0.6855462826106021 -0.1479850381204034 -0.639889987265932
60858 29453.9784 0.45939515608513637 0.5979636835091395 -0.28732937472203407 -0.5906245458762612
60858 29873.9784 0.5816390572297633 0.4798794897809779 -0.4123219414750126 -0.5112751695229261
60858 30293.9784 -0.6745241290561851 -0.33708196902509296 0.5165570341351386 0.40566214509696413
60858 30713.9784 -0.7330844198477927 -0.17673033070576624 0.594556853116326 0.27902647185789947
60858 31133.9784 -0.7540744881351562 -0.00702937957494798 0.64212933765982 0.13781207451836083
60858 31553.9784 -0.7362334236144523 0.16320976072865337 0.6566652186545712 -0.010663515610829927
60858 31973.9784 -0.6804225743227966 0.32506754613327565 0.6373376972539573 -0.15860917521332793
60858 32393.9784 -0.5895841418110457 0.47010185491417605 0.5851690255929103 -0.2982817413416846
60858 32813.9784 -0.4685896310959451 0.5907744023844123 0.5029859475478299 -0.42239140579102535
60858 33233.9784 -0.32389178895219534 0.6809591205079236 0.39521565314479723 -0.5245887653731759
60858 33653.9784 -0.16306148383162788 0.7362488162172578 0.26755124411322406 -0.5998041054234128
60858 34073.9784 0.005689958418620353 0.7540878341003685 0.1265683616925002 -0.6444374388980563
60858 34493.9784 0.17394515049318676 0.7337717672636047 -0.02064660900954046 -0.6564265349017787
60858 34913.9784 0.3334045213962091 0.6763781064483092 -0.1668000098822238 -0.6352415595135874
60858 35333.9784 0.4761701574692642 0.5846972622827146 -0.3046480781419405 -0.5818768263981792
60858 35753.9784 0.5950354512662249 0.4631731037544616 -0.4272563871692718 -0.49885415435567976
60858 36173.9784 -0.6838392081578006 -0.3177757443650678 0.5283329794125129 0.3901881296816145
60858 36593.9784 -0.7378210629077617 -0.1558120535177949 0.6025548326076059 0.26128596749433103
60858 37013.9784 -0.7539746915113319 0.014421430519787675 0.645925715905086 0.11871881247155854
60858 37433.9784 -0.7312953272965034 0.1840858283553667 0.6560581564384951 -0.030120548526571953
60858 37853.9784 -0.6709037778190832 0.34428617708897735 0.6323590297007596 -0.1774181691074883
60858 38273.9784 -0.5759881395036678 0.48666819822121293 0.5760839826247354 -0.3154662786328278
60858 38693.9784 -0.451636225966303 0.6038410158286398 0.49027816068576624 -0.4370675830492728
60858 39113.9784 -0.30446935317867274 0.6898715079891738 0.3795559645718252 -0.5360158441666211
60858 39533.9784 -0.14216438798705783 0.7405773528123218 0.249746409721641 -0.6074217662554655
60858 39953.9784 0.02700786530454294 0.7536326523482422 0.1075236782320389 -0.647878892344625
60858 40373.9784 0.19462183552740475 0.7285646765738257 -0.03997814075622705 -0.6555284901867316
60858 40793.9784 0.35241033338899785 0.6666756915673905 -0.1854538663367922 -0.6300455083996174
60858 41213.9784 0.4925475873688011 0.5709728042779472 -0.3216861460827257 -0.5726298580851278
60858 41633.9784 0.6079409938521905 0.4461057838853859 -0.4418075613340001 -0.4860076710568674
60858 42053.9784 -0.6925954945608608 -0.2982243560978633 0.5396407271438051 0.3743816234161565
60858 42473.9784 -0.74195790107588 -0.13477453054928526 0.610023280121554 0.2433226184637065
60858 42893.9784 -0.7532626849540208 0.03585956401242782 0.6491567171063286 0.0995237447066385
60858 43313.9784 -0.7257618922791776 0.204818024092221 0.6548768366198686 -0.049553825090093165
60858 43733.9784 -0.6608365886228007 0.36323276885734324 0.6268259543088579 -0.19607697919540837
60858 44153.9784 -0.5619259600967463 0.5028369390627465 0.5664989603300437 -0.3323750231716235
60858 44573.9784 -0.4343327853314542 0.6164051935707041 0.477157595697797 -0.4513538498707876
60858 44993.9784 -0.2848394108940384 0.6982093033065733 0.3635978019015078 -0.5469615317644183
60858 45413.9784 -0.12121331775789672 0.7442966595921451 0.2317774537871604 -0.6144990040952373
60858 45833.9784 0.048229149440794324 0.7525730066611074 0.08845260383798115 -0.6507564488067402
60858 46253.9784 0.21506416797341937 0.7227914272983635 -0.05920622726617915 -0.6540753618129953
60858 46673.9784 0.3710634841690556 0.6564707056171419 -0.20388791161611808 -0.6243298990755376
60858 47093.9784 0.508476612234354 0.5568273315329333 -0.3384037133102684 -0.5629189857221097
60858 47513.9784 0.6203254274894647 0.4287118039348592 -0.4559535060419401 -0.4727673354886038
60858 47933.9784 -0.7007783696958098 -0.27845318421744303 0.5504727751159427 0.35826418272247423
60858 48353.9784 -0.7454890792048711 -0.11363531767982724 0.6169619924094837 0.22514650182536344
60858 48773.9784 -0.7519360425222122 0.05727122702065994 0.6518243455040638 0.08023226981570893
60858 49193.9784 -0.7196336491035902 0.22539105788210137 0.6531240295012928 -0.06895856866722748
60858 49613.9784 -0.6502362945459852 0.3818728863578463 0.620748377471822 -0.21456307181324255
60858 50033.9784 -0.5474407727428241 0.5185615019746068 0.5564405279303954 -0.34896490924607626
60858 50453.9784 -0.41675593740598166 0.6284165966893988 0.46367886864563473 -0.4651977820386497
60858 50873.9784 -0.26510819914063677 0.705930579978221 0.3474295459849787 -0.5573799149383591
60858 51293.9784 -0.10033833527243821 0.7473883884371748 0.21375694936034778 -0.6210078758793613
60858 51713.9784 0.06921347648266858 0.7509226592574066 0.0694764702056804 -0.6530678943071134
60858 52133.9784 0.23513966446736928 0.7164967196430698 -0.07821317979312922 -0.6520923917985401
60858 52553.9784 0.3892536439974512 0.6458310008607716 -0.22200018114109288 -0.6181422478161491
60858 52973.9784 0.5238782182048985 0.5423411729489303 -0.3547198969823422 -0.5528032735971051
60858 53393.9784 0.632141485593458 0.4110726804093668 -0.4696356127080315 -0.4591936246172265
60858 53813.9784 -0.7083617111872078 -0.2585319842832023 0.5607948430239578 0.3418977087730413
60858 54233.9784 -0.7484028440979851 -0.09245041418408721 0.6233560524653783 0.2068171552797749
60858 54653.9784 -0.7499941195413145 0.07860827804462976 0.6539274297938298 0.06089725642048728
60858 55073.9784 -0.7129220390745581 0.24575292931387968 0.650810616437358 -0.08827913381908341
60858 55493.9784 -0.6391348903513547 0.40014937628647484 0.6141544927674756 -0.23281178579838224
60858 55913.9784 -0.5325817773187087 0.5337944494473988 0.5459539249061698 -0.36517728309239345
60858 56333.9784 -0.3989630084097514 0.6398473397306278 0.4498972798709167 -0.47855651424364665
60858 56753.9784 -0.24533128383212405 0.7130353623563533 0.3310970882271974 -0.5672458473802141
60858 57173.9784 -0.07958219282105669 0.7498743622381997 0.19571309449642854 -0.6269381947897874
60858 57593.9784 0.08994434010754424 0.7487118170369722 0.05060785190719691 -0.654812550305164
60858 58013.9784 0.25485948799396785 0.7097072976268296 -0.09700109400416675 -0.6495790797406195
60858 58433.9784 0.4070168672903715 0.6347711038061663 -0.23979906602419923 -0.6114730766335955
60858 58853.9784 0.5387968089813188 0.5275099321834191 -0.37064828772903197 -0.5422648032861156
60858 59273.9784 -0.643423864151606 -0.3931627027808521 0.4828723302706275 0.4452674845991844
60858 59693.9784 -0.71537086449327 -0.23843036623799152 0.5706161436774126 0.325257902693366
60858 60113.9784 -0.7507149206233862 -0.07119740544283874 0.6292025195251493 0.18831417056301195
60858 60533.9784 -0.7474482311134872 0.09987672603790212 0.65545579048834 0.04151491438716951
60858 60953.9784 -0.705650205028843 0.2658762976310433 0.6479312041143376 -0.10748366031962807
60858 61373.9784 -0.6275288446871176 0.4180928384534029 0.6070284146117698 -0.25084343996514924
60858 61793.9784 -0.5172701660648108 0.548634539661237 0.5349717038501351 -0.3810997156515192
60858 62213.9784 -0.3807631244803918 0.6508410439088975 0.4356505690439488 -0.49156277350018046
60858 62633.9784 -0.22518738414460376 0.7196538765530794 0.31433399594206374 -0.5767001638454167
60858 63053.9784 -0.05851521568599712 0.7518146000659965 0.17729115069432555 -0.632391195816568
60858 63473.9784 0.11089437178753929 0.7458967330513636 0.031445690184264644 -0.6560119438683911
60858 63893.9784 0.2746669825483797 0.7022770580478447 -0.11595548254197433 -0.6464667884012992
60858 64313.9784 0.42469942290519713 0.6230774503062813 -0.25760651145599867 -0.6041885271662204
60858 64733.9784 0.5534508884464213 0.5121133502024724 -0.38640972098715287 -0.5311492804747997
60858 65153.9784 -0.6542834200309998 -0.37481902636630227 0.4957702655758902 0.43085467099378977
60858 65573.97839999999 -0.7218443055285597 -0.21806681308888487 0.5799633452620938 0.30826965753646596
60858 65993.97839999999 -0.7524372498907178 -0.04986684820503893 0.6344911026797438 0.16962465341816285
60858 66413.97839999999 -0.7443126979693779 0.12105792289617287 0.6563955350269937 0.022101776902244796
60858 66833.97839999999 -0.6978287118362781 0.28577235195863554 0.6444744199823436 -0.12657793560242836
60858 67253.97839999999 -0.6154286256226307 0.43570533642869647 0.5993601043176705 -0.2686557870661035
60858 67673.97839999999 -0.5015241344149917 0.5630664596526537 0.5234933712308262 -0.39671702117618357
60858 68093.97839999999 -0.3621877478276194 0.6613665665435894 0.42095654052338655 -0.5041923154635374
60858 68513.9784 -0.20472943840353447 0.7257493167616935 0.2971782513566759 -0.5857122785049815
60858 68933.97839999999 -0.03720789403999851 0.753178614478526 0.15854573217169915 -0.6373388409029032
60858 69353.97839999999 0.1319846873025328 0.7424608887249146 0.012053194086716703 -0.656647996679934
60858 69773.97839999999 0.294483734359745 0.6942048698056995 -0.13501862596351077 -0.6427510401224698
60858 70193.97839999999 0.44223541266655364 0.6107613729191127 -0.27537583606906574 -0.5962939996703528
60858 70613.97839999999 0.5678013579647536 0.4961684452337906 -0.40196845887531274 -0.5194611149230236
60858 71033.97839999999 -0.6646975772783168 -0.3560525133851354 0.5083114293741577 0.4159606102025344
60858 71453.97839999999 -0.7277714104712725 -0.19744410046342808 0.5888309829249065 0.29093414175811466
60858 71873.97839999999 -0.7535647107238389 -0.02845430003724543 0.639223238555981 0.15074558318932924
60858 72293.9784 -0.7405842535975727 0.14215402110014022 0.6567496808351989 0.002655999106044594
60858 72713.97839999999 -0.6894487603575964 0.305455927291997 0.6404407838744209 -0.14557707811972692
60858 73133.97839999999 -0.6028360201151424 0.4529813344555006 0.5911535092785071 -0.2862414574347251
60858 73553.97839999999 -0.48537215621421104 0.5770615871530134 0.5115407010623554 -0.41199503123344433
60858 73973.97839999999 -0.34330419430219594 0.6713761191615 0.4058742317927308 -0.5163936916353878
60858 74393.97839999999 -0.18407100662476195 0.7312740825011 0.2797320779702923 -0.5942272674126824
60858 74813.97839999999 -0.015817176933055982 0.7539409473767851 0.13961674466671523 -0.6417398455691631
60858 75233.97839999999 0.1530350560355681 0.7384161091165194 -0.00740538756599458 -0.6567092824503157
60858 75653.9784 0.3141299560148325 0.6855437866150593 -0.15402555815033814 -0.6384576844271531
60858 76073.9784 0.45947358046612286 0.5979079206359775 -0.29296073617745344 -0.5878470501352945
60858 76493.97839999999 0.581734131821907 0.479769079535853 -0.41722189996471654 -0.5072799191615656
60858 76913.97839999999 -0.6745962111327616 -0.33694557698500455 0.5204395639963936 0.40066231455280227
60858 77333.97839999999 -0.7331167359714698 -0.17661744916571487 0.5972012336513679 0.2733071799532871
60858 77753.97839999999 -0.7540801132846783 -0.006985622013513695 0.6434038509454979 0.13170371453438426
60858 78173.97839999999 -0.7362493777388573 0.16315979312448387 0.656530961444443 -0.016817620270309093
60858 78593.97839999999 -0.6804992179646816 0.3249176782638454 0.6358437125269456 -0.164475195519081
60858 79013.97839999999 -0.5897392767805868 0.469913486327635 0.5824214578199174 -0.3036019536508951
60858 79433.9784 -0.46880464267197525 0.590608895379948 0.49912636325021625 -0.42693818430294134
60858 79853.97839999999 -0.3241139402708263 0.6808584795160332 0.3904132551081124 -0.5281660485388309
60858 80273.97839999999 -0.16322596261074393 0.7362173357736578 0.26200688386459214 -0.6022405768824444
60858 80693.97839999999 0.005632896162961132 0.7540930662267517 0.12052344860391678 -0.6455896655664279
60858 81113.97839999999 0.17401157254479363 0.7337603456387635 -0.026905538440078026 -0.6561949556266186
60858 81533.97839999999 0.3335681233964678 0.6763010115909722 -0.17294682910683556 -0.6335918584362314
60858 81953.97839999999 0.4763749763245751 0.5845336546128853 -0.31033352595769814 -0.5788612884131459
60858 82373.97839999999 0.5952180997015826 0.46294245425538144 -0.43214292734589604 -0.4946232790524124
60858 82793.97839999999 -0.6839565982791661 -0.3175321836137692 0.5321320585673733 0.384983319488926
60858 83213.9784 -0.7378652956652656 -0.15562328881374463 0.6050594985638498 0.25541965591799454
60858 83633.97839999999 -0.7539775047463881 0.01450206098301896 0.6470269716350947 0.11253315307220986
60858 84053.97839999999 -0.7313112928786244 0.18403802783568982 0.6557417934685645 -0.036283570898895084
60858 84473.97839999999 -0.6709941954761589 0.3441178764144214 0.6306945442297197 -0.18323228058450083
60858 84893.97839999999 -0.5761616811510761 0.4864666630986064 0.5731837333979767 -0.32069972035352606
60858 85313.97839999999 -0.4518510263745646 0.6036811412351211 0.4862764974582932 -0.44151432332485996
60858 85733.97839999999 -0.3046464709598443 0.6897923004151657 0.3746066992208895 -0.5394876559463586
60858 86153.97839999999 -0.1422224713207776 0.7405636256705375 0.2440392569878216 -0.6097402119213975
60859 173.9784 0.02711562212423811 0.7536250834232414 0.10130216177381875 -0.6488850812679229
60859 593.9784 0.1948866506169089 0.7284893296751583 -0.04641373244705425 -0.6551093461408518
60859 1013.9784 0.352771663549232 0.6664788092172301 -0.19174780058327653 -0.6281647325603105
60859 1433.9784 0.4929161844652658 0.5706495831268913 -0.327457027202106 -0.5693545325236891
60859 1853.9784 0.6082313540035202 0.4457067506374555 -0.44669804642965394 -0.48151943653312296
60859 2273.9784 -0.6927609703692403 -0.2978372098217754 0.5433626841115865 0.36896101134632153
60859 2693.9784 -0.742008151927476 -0.13449336891801292 0.6123875134882191 0.23731196664721999
60859 3113.9784 -0.7532565831354896 0.03597511175684987 0.6500844128506665 0.09327683241691682
60859 3533.9784 -0.7257779654107723 0.2047562666539029 0.6543844447174049 -0.05569752868888688
60859 3953.9784 -0.6609506949179826 0.3630218918880981 0.625007228479711 -0.20180497824764418
60859 4373.9784 -0.5621285037001964 0.5026091924923304 0.5634645958336025 -0.33749547284676384
60859 4793.9784 -0.4345433627692696 0.6162538949508128 0.4730223730351888 -0.45568962840872956
60859 5213.9784 -0.2849385946601569 0.6981623842062372 0.35848988797550163 -0.5503310665153021
60859 5633.9784 -0.12109927065806485 0.744306294462553 0.22586756651329606 -0.6167065339907385
60859 6053.9784 0.0485884298646243 0.7525398854561279 0.08198982188648736 -0.6516138077020701
60859 6473.9784 0.21561877898188045 0.7226150720938077 -0.06588917754782168 -0.6534482504493343
60859 6893.9784 0.3716985158910798 0.6560988499716969 -0.21038824325917554 -0.622182689769254
60859 7313.9784 0.5090535082251301 0.5562861453172377 -0.34429846094660443 -0.5593467798079971
60859 7733.9784 0.6207352067152199 0.42810169740697784 -0.4608621341446324 -0.4679987533457036
60859 8153.9784 -0.7009821927192897 -0.27790957198358984 0.5541136905797519 0.352630476848558
60859 8573.9784 -0.7455317882530452 -0.11328181919648964 0.6191765595045078 0.21902047918838805
60859 8993.9784 -0.7519172083651549 0.05737876337165308 0.6525767213393143 0.0739716975898419
60859 9413.9784 -0.719661637851578 0.22526310648340414 0.6524681886241822 -0.07502614674704677
60859 9833.9784 -0.6503919152116647 0.3815857648811551 0.6187976764714017 -0.2201637941646193
60859 10253.9784 -0.5476722817978947 0.5183060054275775 0.5532849055722525 -0.353962949690923
60859 10673.9784 -0.41692132715582475 0.6283025310776141 0.4593872391637674 -0.4694421166635788
60859 11093.9784 -0.265034932288523 0.7059577795219297 0.3420825178795285 -0.5606778479309545
60859 11513.9784 -0.09990085158833925 0.7474478923549678 0.20750301670829174 -0.623124358473491
60859 11933.9784 0.07001740358875781 0.7508483711894858 0.06259173798694839 -0.6537633830466175
60859 12353.9784 0.2361891905340037 0.7161513563177169 -0.08533343800161187 -0.651198975335505
60859 12773.9784 0.3903442232123088 0.6451725540495927 -0.22887656376358612 -0.6156291752879144
60859 13193.9784 0.5247956675422264 0.5414516081102332 -0.36086374926647496 -0.5488141924814757
60859 13613.9784 0.6327439952884961 0.4101335296004897 -0.47463497055351256 -0.45403432585153947
60859 14033.9784 -0.708636990581439 -0.2577588257370208 0.5643758469688726 0.3359671214457174
60859 14453.9784 -0.7484532033279757 -0.09200388826658458 0.6254108545621297 0.2005351589317653
60859 14873.9784 -0.7499813181976078 0.0786883226449369 0.6544862060469283 0.05462578446304151
60859 15293.9784 -0.7129951457829617 0.24552353341414365 0.6499800928905745 -0.09424433922378064
60859 15713.9784 -0.6393697927613178 0.3997612352798152 0.6120676412579247 -0.2382654515385443
60859 16133.9784 -0.5328661543826702 0.5335021635849274 0.5426694045692272 -0.3700527263892352
60859 16553.9784 -0.3990752829133578 0.6397744621216154 0.4454225550151999 -0.48272798102901865
60859 16973.9784 -0.24503365494836254 0.7131372341271277 0.3254584566015455 -0.570500294715697
60859 17393.9784 -0.07872264392433838 0.7499653158514747 0.18902728930017784 -0.6289860525108538
60859 17813.9784 0.09131863276576103 0.7485450141931188 0.04318281736503063 -0.6553445760215263
60859 18233.9784 0.2565314866036714 0.7091042865017044 -0.10468958758385653 -0.6483847603833246
60859 18653.9784 0.4086674334376257 0.6337098870536589 -0.24717228969988367 -0.608529840765808
60859 19073.9784 0.5401230687021539 0.5261519328062217 -0.37712934940238485 -0.5377775265659391
60859 19493.9784 -0.6442555901094563 -0.39180177568237823 0.48800324538182166 0.4396350027939782
60859 19913.9784 -0.7157266925999386 -0.2373716605257814 0.5741462193620992 0.3189766685376761
60859 20333.9784 -0.7507718610741898 -0.07064110470483101 0.631092406296023 0.1818620951731667
60859 20753.9784 -0.747447112572973 0.0999169753199647 0.6558177933325254 0.03524817580658487
60859 21173.9784 -0.7057801268790198 0.26553873093754526 0.6469305568196028 -0.11333335575986103
60859 21593.9784 -0.6279014332821345 0.41753423881360147 0.6048402628580121 -0.2560726575143048
60859 22013.9784 -0.5177601974467873 0.5481721716204452 0.5316636723684856 -0.38570116370636537
60859 22433.9784 -0.38109438575259574 0.650648099953188 0.43120167171202967 -0.49546870485219247
60859 22853.9784 -0.22505330498334228 0.7196961138482153 0.3087205505543692 -0.5797241889840882
60859 23273.9784 -0.05767888947440078 0.75187894850789 0.17055629352363227 -0.6342410765940266
60859 23693.9784 0.11240361728317194 0.7456697454785753 0.023872514457088448 -0.6563323552538537
60859 24113.9784 0.2765922263689068 0.7015199987327767 -0.12386796799338945 -0.6449985722429509
60859 24533.9784 0.4266449141184936 0.6217471365273162 -0.26521620072892294 -0.6008868299004579
60859 24953.9784 0.5550351343358858 0.5104022640970741 -0.39306374369120034 -0.5262379897468292
60859 25373.9784 -0.6552761004979895 -0.37309440071977273 0.5009576416041263 0.4248002372717489
60859 25793.9784 -0.7222572628036601 -0.2167203795042169 0.5834232651886798 0.3016521458095272
60859 26213.9784 -0.7524902349779754 -0.04916499742127109 0.6362192347634299 0.16299182374706261
60859 26633.9784 -0.744315367290335 0.12108092354961292 0.6565692375989542 0.015839198418936665
60859 27053.9784 -0.6980215516354137 0.285314008214101 0.643322343319763 -0.13228073463230536
60859 27473.9784 -0.6160180782366415 0.43487857772043065 0.5971402530603264 -0.2735431741070134
60859 27893.9784 -0.5024118649455721 0.5622790540679562 0.5203215298454618 -0.4008616830000528
60859 28313.9784 -0.36308693693932165 0.6608768886755482 0.41682515909191464 -0.5076085115387134
60859 28733.9784 -0.2052491364762932 0.7256051309152042 0.29200893940762046 -0.588303293609089
60859 29153.9784 -0.03670093255275058 0.7532051193819773 0.15204238843263024 -0.6389195581653773
60859 29573.9784 0.133538040126528 0.7421839778067106 0.0044326321840677035 -0.6567426335316556
60859 29993.9784 0.2967762321908471 0.6932285830319806 -0.1432422528287448 -0.6409677501080866
60859 30413.9784 0.4447158472023439 0.6089599180188274 -0.2834396938987354 -0.5925011168058635
60859 30833.9784 0.5698941679949729 0.493767448573798 -0.40905778783971236 -0.5138930532921417
60859 31253.9784 -0.6660252175774926 -0.3535710891814363 0.5137680641189244 0.40919466117900316
60859 31673.9784 -0.7283087938256833 -0.195465486735074 0.5923390289156081 0.28371467913189385
60859 32093.9784 -0.7536058086398246 -0.0274137810089802 0.6408230644808912 0.14377958764868956
60859 32513.9784 -0.7405869910659191 0.1421498501783497 0.6567430988618908 -0.003582018353086658
60859 32933.9784 -0.6897966987105553 0.3046723511254428 0.6391986136260274 -0.15093179004530136
60859 33353.9784 -0.6036482449132363 0.45190078968386055 0.5889268694606979 -0.29079136012525336
60859 33773.9784 -0.48647176003781695 0.5761365670975093 0.5083940121833677 -0.4158694640327704
60859 34193.9784 -0.34426215007601 0.6708867213987418 0.40168853194809756 -0.5196545991110556
60859 34613.9784 -0.1844034950654622 0.7311911319813755 0.27434219797332976 -0.5967338082684766
60859 35033.9784 -0.015120944719711173 0.7539550784210594 0.1329185670356398 -0.6431607507389345
60859 35453.9784 0.15526771832204694 0.7379489576493478 -0.015629900643979823 -0.6565660498054754
60859 35873.9784 0.31744132222873356 0.6840151591302819 -0.16316174687274676 -0.6361859110190056
60859 36293.9784 0.4630599485052117 0.5951329142046113 -0.3020427436299745 -0.5832344979004199
60859 36713.9784 0.584755892809454 0.4760815699095847 -0.42519247997810006 -0.5006178578388075
60859 37133.9784 -0.6765006884634828 -0.33310481140599046 0.5264612784546625 0.392716851452157
60859 37553.9784 -0.7338591351912905 -0.173498746095484 0.6009029666437484 0.26507466774161603
60859 37973.9784 -0.7540911009715716 -0.005248827099226383 0.6449157869483427 0.1241075702540553
60859 38393.9784 -0.7362071068691798 0.1633331454654307 0.6563407125744145 -0.023200181141326447
60859 38813.9784 -0.6809821466848996 0.32389595738962096 0.6345142770030723 -0.16954750650586173
60859 39233.9784 -0.5909732071171205 0.468356609612289 0.5803322437418733 -0.30758290195605775
60859 39653.9784 -0.47053796460648467 0.5892271196445219 0.49632516547344097 -0.43019385799563453
60859 40073.9784 -0.3257022783213665 0.6800993603879391 0.3866300358712132 -0.5309426534555419
60859 40493.9784 -0.16392588715258266 0.7360619476951734 0.25685918443528877 -0.6044538626294523
60859 40913.9784 0.006333618420467121 0.7540872280325255 0.11379484848425382 -0.646809918178727
60859 41333.9784 0.17617639973696708 0.7332425877418655 -0.03506384630618099 -0.6558107275575398
60859 41753.9784 0.33674475983008345 0.6747235515953894 -0.1819165474248933 -0.6310764338988502
60859 42173.9784 0.47977381970061284 0.5817458427810694 -0.31915846382047447 -0.5740441893343944
60859 42593.9784 0.5980351002393491 0.45929540416948217 -0.4398017939108412 -0.4878279744575023
60859 43013.9784 -0.6856820645859116 -0.3137833730906626 0.537830212495743 0.3769864236333075
60859 43433.9784 -0.7384885985650859 -0.15262174159471187 0.608466551390023 0.24720366021057422
60859 43853.9784 -0.7539396232261381 0.016135753054426296 0.6482983056056157 0.10499518537477484
60859 44273.9784 -0.7312764705637016 0.18415547452222086 0.6553680092323865 -0.042594099100343404
60859 44693.9784 -0.67150683319337 0.3431054793787351 0.629222484590756 -0.18824523335355867
60859 45113.9784 -0.5774171090725521 0.48496742006495364 0.570973439368513 -0.324631198687881
60859 45533.9784 -0.45358085571784335 0.602377382478313 0.4833611163266259 -0.4447110608342495
60859 45953.9784 -0.30621332244595634 0.6890962979366776 0.37071987915266147 -0.5421682990802863
60859 46373.9784 -0.14291199725333176 0.7404302852828001 0.23882627578988075 -0.611801572137103
60859 46793.9784 0.02778209798463664 0.7536004727812113 0.09457580779476452 -0.6498999146295333
60859 47213.9784 0.19695062111935382 0.7279328877002265 -0.05447577814301278 -0.6544895365403662
60859 47633.9784 0.3557840188799619 0.6648725708232219 -0.20052839255926902 -0.625420306877014
60859 48053.9784 0.49610736335697303 0.5678703615546673 -0.33601685978611573 -0.5643522006958436
60859 48473.9784 0.6108372679011304 0.44211707112922566 -0.4540494237658764 -0.47460451782202145
60859 48893.9784 -0.6943138230163495 -0.29418699298147166 0.5487492688747353 0.360910748299887
60859 49313.9784 -0.7425219504054806 -0.1316029102332608 0.6155134016564207 0.2290962233768138
60859 49733.9784 -0.7531752956969124 0.03752141560934911 0.6511238348599191 0.08577219246266168
60859 50153.9784 -0.7257493470064031 0.20483568471111008 0.6538275674005859 -0.061965633182776474
60859 50573.9784 -0.6614848003792929 0.3620358023260213 0.6233833513235053 -0.20678765435585406
60859 50993.9784 -0.563396544585906 0.5011767742261414 0.5611188592971914 -0.34139683693021994
60859 51413.9784 -0.43626657528051355 0.6150255821982992 0.4699825843085291 -0.4588369851933597
60859 51833.9784 -0.2864920101402544 0.6975184566291024 0.35450112452340293 -0.5529188760561482
60859 52253.9784 -0.12180361848219623 0.7441848409758045 0.22060391857845418 -0.6186167732080103
60859 52673.9784 0.0491805697005667 0.7524955077377227 0.07529310010755912 -0.65242833435916
60859 53093.9784 0.2175343296352779 0.7220334034839094 -0.073822013983866 -0.652607761166643
60859 53513.9784 0.37449592625175177 0.6544954721065537 -0.2189411066915018 -0.6192360373989568
60859 53933.9784 0.5119965062451857 0.5535670333327277 -0.35254897837826094 -0.5541952138410894
60859 54353.9784 0.6231052389689731 0.42463603483102247 -0.46786280745317615 -0.4610081262780928
60859 54773.9784 -0.7023504584455342 -0.274424541344527 0.5591587343155832 0.34458165138003083
60859 55193.9784 -0.7459357099890612 -0.11056026914901178 0.6220067724999085 0.21086469219160495
60859 55613.9784 -0.7518016343235 0.05879258764794431 0.6533824172160266 0.06655186803625675
60859 56033.9784 -0.7196514116167516 0.22527518656002185 0.6517339295183827 -0.08121466119421825
60859 56453.9784 -0.6509535746956433 0.3806161585712156 0.6170273337998062 -0.22509565248879715
60859 56873.9784 -0.5489491838762086 0.5169428899881396 0.5508045812668919 -0.35782559336604025
60859 57293.9784 -0.41862523279373876 0.6271526731615354 0.45622339204116136 -0.4725385228414557
60859 57713.9784 -0.26656428424828155 0.7053651460174293 0.33799604151300383 -0.5631715272175538
60859 58133.9784 -0.10062517118488072 0.7473358073207683 0.20220648822048992 -0.6248810303903983
60859 58553.9784 0.07050486165171452 0.7507881121399727 0.05596816147543219 -0.6543805009731176
60859 58973.9784 0.23789526637574196 0.7155698435552265 -0.09306292999111282 -0.650157621113398
60859 59393.9784 0.39284495979763684 0.6436355560176771 -0.23709405043711668 -0.6125296073160308
60859 59813.9784 0.5274027175743454 0.538897069819724 -0.36868870326080533 -0.5436036807480031
60859 60233.9784 -0.634802605496103 -0.4069273299648063 0.4811853765355011 0.4470977897411937
60859 60653.9784 -0.7097768709192945 -0.2545845910945304 0.5690127094467389 0.3280670906587966
60859 61073.9784 -0.7487383822368368 -0.08958372595386407 0.6279164263974659 0.19257869162974203
60859 61493.9784 -0.749846423467575 0.07987061000567872 0.6550604055778528 0.047401391481536895
60859 61913.9784 -0.7130233065661474 0.2454132634682896 0.649086834395508 -0.10028148294545683
60859 62333.9784 -0.6399588396742532 0.39880434071937676 0.6101633590277749 -0.24312230799766127
60859 62753.9784 -0.5341199079145519 0.5322414277192595 0.5400432513362627 -0.37388269988710765
60859 63173.9784 -0.4007008224701451 0.6387553072989074 0.4420905573988126 -0.48578436299250605
60859 63593.9784 -0.24646352298727042 0.7126433566333538 0.32121449649315253 -0.5729017588781694
60859 64013.9784 -0.07939736790625145 0.749893967374051 0.18365196731629424 -0.6305767602492339
60859 64433.9784 0.09174667655656753 0.7484923293257936 0.03661753151250026 -0.6557445666318581
60859 64853.9784 0.258019412751301 0.7085630688654453 -0.11216848527217517 -0.6471341367871131
60859 65273.9784 0.4108090792279513 0.6323222231825599 -0.2549580929401531 -0.6053105627177408
60859 65693.97839999999 0.5423054736011849 0.5239004043593006 -0.3844092417709194 -0.5325999196915662
60859 66113.97839999999 -0.6459255095467022 -0.38904147302168496 0.49398979523239306 0.43289842987958393
60859 66533.97839999999 -0.7166013045176068 -0.23471379247923232 0.5782934193190109 0.31139802047541426
60859 66953.97839999999 -0.7509488294929376 -0.06870734881392285 0.6332348233815273 0.1742665032618571
60859 67373.97839999999 -0.7473330758709592 0.10074010534167402 0.6561567391341048 0.02833793524408515
60859 67793.97839999999 -0.7058837464134257 0.2652552196415208 0.6458851854069204 -0.11916430788681354
60859 68213.97839999999 -0.6285057849403888 0.41662154155612025 0.6027836755858395 -0.26088083458754324
60859 68633.9784 -0.5188950084073921 0.5470982614996462 0.5288183665270683 -0.3895928615074978
60859 69053.97839999999 -0.38246041272945946 0.649849291188559 0.42756418960818576 -0.49860685434642193
60859 69473.97839999999 -0.2261507723858067 0.7193575623846739 0.30413121041098035 -0.5821380699140325
60859 69893.97839999999 -0.05808614933945198 0.7518535545281864 0.16491464989864774 -0.6357243034893765
60859 70313.97839999999 0.11293728222660082 0.7455948138851707 0.01721299319754711 -0.6565342768325108
60859 70733.97839999999 0.27792616154011396 0.7009978728404417 -0.13116715390552983 -0.6435481401892771
60859 71153.97839999999 0.4284106040582216 0.6205365963830451 -0.272567697273278 -0.5975830798164872
60859 71573.97839999999 0.5567398366545262 0.5085473754488143 -0.39975059243474964 -0.5211715505033642
60859 71993.97839999999 -0.6565115329448237 -0.3709246517576019 0.5063267322117658 0.418378716089495
60859 72413.9784 -0.7228559200329017 -0.2147326473658402 0.5870515351296989 0.2945160507179686
60859 72833.97839999999 -0.7525811590728485 -0.047827460192164974 0.6380020434747924 0.15584455583087883
60859 73253.97839999999 -0.7442484597808757 0.12151661969487249 0.6566903215609122 0.009260821775176415
60859 73673.97839999999 -0.6981905886696348 0.28491146834380565 0.6421219437873953 -0.13796654089315516
60859 74093.97839999999 -0.6165306499715042 0.4341596937564958 0.594857290761925 -0.27846026932107
60859 74513.97839999999 -0.5032026069980311 0.5615796254708654 0.517083228458846 -0.40501900623670056
60859 74933.97839999999 -0.36383940653214114 0.6604693348952774 0.41259977967810013 -0.5110406693472767
60859 75353.97839999999 -0.20558237048032746 0.7255164692923781 0.28671946685228045 -0.5908922821133774
60859 75773.9784 -0.03667803734014667 0.7532120894885719 0.14599027179219967 -0.640322661138253
60859 76193.97839999999 0.1340606466746584 0.7420952209270476 -0.0022239965603695435 -0.6567476531588889
60859 76613.97839999999 0.2976716657847282 0.6928493576986364 -0.15010705893645487 -0.6393897229256814
60859 77033.97839999999 0.44577244577801456 0.6081912349607775 -0.29003773475974837 -0.589294884346882
60859 77453.97839999999 0.5708536417475164 0.49266281514655136 -0.41487503602019316 -0.5092034708863603
60859 77873.97839999999 -0.6666907150349695 -0.35232281379504427 0.518360824025002 0.40335366799103806
60859 78293.97839999999 -0.728613924009236 -0.19434583893252252 0.5954131558888524 0.2771905814127791
60859 78713.97839999999 -0.7536383921351998 -0.026660966151138516 0.6422837675602919 0.13707636088077174
60859 79133.97839999999 -0.7405396621568396 0.14242289908219224 0.6566705301961482 -0.010027031543133249
60859 79553.9784 -0.6898711184140791 0.3045158835419889 0.6377753174339778 -0.15681377847860928
60859 79973.97839999999 -0.6039826792154601 0.4514606964647753 0.5863670650036126 -0.29590847881448723
60859 80393.97839999999 -0.48703898274552276 0.5756618533459017 0.5048528220777728 -0.4201548380403068
60859 80813.97839999999 -0.3448851938761133 0.6705711517615166 0.39724423911849094 -0.5230540583509891
60859 81233.97839999999 -0.18482954868589685 0.7310878928303894 0.2690390511165989 -0.5991381475617028
60859 81653.97839999999 -0.015221964076806245 0.7539572151438264 0.1269206057600748 -0.6443663316590229
60859 82073.97839999999 0.15509607917898327 0.7379887279502851 -0.02168026958523549 -0.6563899828244929
60859 82493.97839999999 0.31725204223889125 0.6841058476084342 -0.1689911560890061 -0.6346592157425116
60859 82913.9784 0.4628981984409355 0.5952613156113964 -0.3073828687841492 -0.5804351781161722
60859 83333.97839999999 0.5846517110906996 0.4762128843444214 -0.4297940517373309 -0.49666964734548885
60859 83753.97839999999 -0.6764582686249693 -0.33319868471906666 0.5300947208669027 0.387791740782902
60859 84173.97839999999 -0.733857216362391 -0.17352313124206087 0.6033706355706622 0.25939773524039983
60859 84593.97839999999 -0.7540953263925065 -0.005197727104393053 0.646064821229522 0.11795536916814343
60859 85013.97839999999 -0.7361863673272737 0.16344201003098308 0.6560835235893033 -0.029508507131816266
60859 85433.97839999999 -0.6809228022262119 0.3240277546339132 0.6328440490737707 -0.17566605018392858
60859 85853.97839999999 -0.590886411583083 0.468469671607035 0.5773333734779715 -0.3131702272876674
60859 86273.97839999999 -0.4704568319904233 0.5892923834064205 0.492170230443313 -0.43494059405635044
60860 293.9784 -0.32566580195809847 0.6801148354552209 0.3815605839830008 -0.5345999595765585
60860 713.9784 -0.16396076251093225 0.7360499917215961 0.25116092838323756 -0.606848800029416
60860 1133.9784 0.0062246395862671396 0.7540825772196568 0.10777019403552308 -0.6478474402768966
60860 1553.9784 0.17601180493927493 0.733275749392329 -0.04111643506724075 -0.65546621472239
60860 1973.9784 0.33658536620037066 0.6747954181647532 -0.18773158798049358 -0.6293792860890327
60860 2393.9784 0.4796649219930474 0.581828531494073 -0.3244692395037919 -0.5710664017123448
60860 2813.9784 0.5979935375813228 0.4593437112788879 -0.4443540660826851 -0.48369054970641867
60860 3233.9784 -0.6856909140072762 -0.31375713708812936 0.5413853825447298 0.3718686554968346
60860 3653.9784 -0.738510542685698 -0.15250267919249622 0.610817812063353 0.24134355522226958
60860 4073.9784 -0.7539330923067068 0.016331949427052572 0.6492909646203239 0.09868841378382903
60860 4493.9784 -0.7312146760760411 0.18438836522503138 0.6549231442022304 -0.049007177524473026
60860 4913.9784 -0.67139090953677 0.34332486452640587 0.6273517114943283 -0.19440193948222512
60860 5333.9784 -0.5772779152438301 0.4851297884822146 0.5677838391418429 -0.33018299306337534
60860 5753.9784 -0.45346716306697754 0.6024602304630609 0.47904870938341676 -0.4493568034073431
60860 6173.9784 -0.3061694409104984 0.6891103936530221 0.36554356002751925 -0.5456785175672003
60860 6593.9784 -0.14296084391747357 0.7404132294399987 0.23307555194175025 -0.6140246199165665
60860 7013.9784 0.027649494719209838 0.7535966507836858 0.08854607891867594 -0.6507589302326259
60860 7433.9784 0.19676056347874132 0.7279747477522466 -0.060489515765228305 -0.6539717622168937
60860 7853.9784 0.3556156926183095 0.6649519459987023 -0.2062774827281714 -0.6235591301516384
60860 8273.9784 0.49601082117083295 0.5679425330670701 -0.3412485190390418 -0.561216529218854
60860 8693.9784 0.6108235374629555 0.44212064739616147 -0.45851227550214063 -0.4703088691924591
60860 9113.9784 -0.6943493225030295 -0.2940746421609372 0.5521990327354155 0.35563373212277305
60860 9533.9784 -0.7425532016049069 -0.13136346634222734 0.6177332863673706 0.2230783929712265
60860 9953.9784 -0.7531481473963172 0.03785471916381289 0.6519530413192339 0.07932288588500438
60860 10373.9784 -0.7256347630099569 0.2051993343782923 0.6531901286491429 -0.06848415668974549
60860 10793.9784 -0.6612947958629872 0.3623589220811725 0.6213047571222776 -0.212992026446833
60860 11213.9784 -0.5631804388673803 0.5014068919062626 0.557727423953395 -0.3469280078004031
60860 11633.9784 -0.43609322243414417 0.6151428668002349 0.46549678468061656 -0.4633947542040159
60860 12053.9784 -0.286418673020291 0.6975479827660179 0.3491942472810621 -0.5562863769230443
60860 12473.9784 -0.12184977816754862 0.7441785095398279 0.21477260275696713 -0.6206639240398925
60860 12893.9784 0.04904300967488565 0.7525051875231618 0.06923034998533877 -0.6530986790628717
60860 13313.9784 0.21734319430757532 0.7220915531689996 -0.07982262264073035 -0.6519003556103622
60860 13733.9784 0.3743548736342002 0.6545773243251762 -0.22465559218130016 -0.6171845914856302
60860 14153.9784 0.5119585918738053 0.5536013550507103 -0.35773957522823124 -0.5508596338525201
60860 14573.9784 0.6231648867431953 0.4245387368677416 -0.4722773965758979 -0.456493642357235
60860 14993.9784 -0.7024532259774986 -0.2741480512557274 0.5625322717774411 0.3390571552340453
60860 15413.9784 -0.7459996357159862 -0.1101062836031461 0.6241042656485569 0.2045849833736459
60860 15833.9784 -0.75175411298058 0.05936118452587188 0.6540329534478103 0.059857323635467155
60860 16253.9784 -0.7194647841075714 0.22585675967513574 0.6508670673323306 -0.08792729496751876
60860 16673.9784 -0.6506595822781033 0.3811073219013543 0.6146918203018784 -0.2314158232205071
60860 17093.9784 -0.5486261239500162 0.5172781536683557 0.5471617351000282 -0.36338233790233276
60860 17513.9784 -0.4183709904919148 0.6273206047663836 0.45152296629630184 -0.4770341539736347
60860 17933.9784 -0.2664471139774307 0.705409435904708 0.33253618945301 -0.566412522719768
60860 18353.9784 -0.10065906545827412 0.7473315381001724 0.19628687386266588 -0.6267653371486966
60860 18773.9784 0.0703726208967554 0.7508002863300738 0.04986318447681991 -0.6548742528979371
60860 19193.9784 0.23771743851617813 0.7156289887108284 -0.09906878328421409 -0.649269548123589
60860 19613.9784 0.3927626834295585 0.6436865085154904 -0.24281627396674418 -0.6102830575702205
60860 20033.9784 0.5274753248367879 0.5388274939679996 -0.3739003712404643 -0.5400307637706702
60860 20453.9784 -0.6350020474428263 -0.4066222509171766 0.4856162864226915 0.4422754426412366
60860 20873.9784 -0.709996074855028 -0.25398721471854874 0.5723676981480303 0.32216655097432534
60860 21293.9784 -0.7488468167513561 -0.08872060189782928 0.6299254858783336 0.18587894469571606
60860 21713.9784 -0.7497435931179462 0.08088138946464872 0.6555299654312581 0.04028907840287296
60860 22133.9784 -0.712685475867298 0.24640439023970706 0.6479502792378453 -0.10735327006663244
60860 22553.9784 -0.6394529741250905 0.39961851018077943 0.6075018751562815 -0.24969263482344115
60860 22973.9784 -0.533574068154665 0.5327895104004624 0.536068736938613 -0.3795581123848579
60860 23393.9784 -0.4002608928398533 0.6390320091642394 0.4371060423012028 -0.49027300222461573
60860 23813.9784 -0.24622540151460257 0.7127259476694319 0.31555166866832557 -0.5760398593572482
60860 24233.9784 -0.07936926895634822 0.749896285950566 0.17761627492038246 -0.632304150189044
60860 24653.9784 0.09164705303026728 0.7485031865526118 0.03046302162962252 -0.6560608216504368
60860 25073.9784 0.2578406487001901 0.708626990063844 -0.11815393131722786 -0.6460693750250089
60860 25493.9784 0.41075603055309856 0.6323569241467792 -0.260647734903178 -0.6028822124907395
60860 25913.9784 0.5424727160749538 0.523732880380958 -0.3896136376301061 -0.5287990503913221
60860 26333.9784 -0.6462660430362375 -0.388487447033195 0.49844293789550725 0.42775266542478724
60860 26753.9784 -0.7169443157821258 -0.23368636461069847 0.5816575137512452 0.30505092650155186
60860 27173.9784 -0.7510875164443558 -0.06724828230924697 0.6351806431136667 0.16700527471195092
60860 27593.9784 -0.7471076174389096 0.1024432977800338 0.65643823876643 0.02060139291248789
60860 28013.9784 -0.7052555377054405 0.2669336521598061 0.6444171637090867 -0.12683678881765317
60860 28433.9784 -0.6275828604202462 0.41801720535701986 0.5996765081935427 -0.26793554234749983
60860 28853.9784 -0.5178832528390013 0.5480612538839053 0.5243514968746292 -0.39557718102215234
60860 29273.9784 -0.3815976467629362 0.6503607311959779 0.42212783273431187 -0.5032119316294628
60860 29693.9784 -0.2256034152481476 0.7195328622055419 0.2981295690143881 -0.5852301421782441
60860 30113.9784 -0.05788227470431665 0.7518712906160039 0.1586857347123902 -0.6373052974997679
60860 30533.9784 0.11289952135068489 0.7456018261661138 0.011004206235475107 -0.6566662183649083
60860 30953.9784 0.27787652893972087 0.701018889155836 -0.13723028278672192 -0.6422810920441349
60860 31373.9784 0.4284890608577511 0.6204849706894144 -0.27830455819076644 -0.5949303310170371
60860 31793.9784 0.5570737160647333 0.5081849539376224 -0.4050189047313916 -0.5170847263954226
60860 32213.9784 -0.6570386406128087 -0.3699963345595806 0.5108600635891645 0.4128255473972295
60860 32633.9784 -0.7233327619202147 -0.21312990529461578 0.5904592122054727 0.28761654633152567
60860 33053.9784 -0.7527204236771803 -0.0456156535118796 0.6398890009173296 0.14789605281734863
60860 33473.9784 -0.7438265447846696 0.12407993886106605 0.6567538860865074 7.570708057101901E-4
60860 33893.9784 -0.6971500344339447 0.28744831769360796 0.6402533931868356 -0.14639291873792132
60860 34313.9784 -0.6150213007974331 0.4362958316841413 0.5911950778125331 -0.2861522790241406
60860 34733.9784 -0.5015100715153871 0.5630928703746396 0.511974539858096 -0.4114561192143962
60860 35153.9784 -0.36229929524430715 0.6613166886912136 0.4065232842407359 -0.5158859149987453
60860 35573.9784 -0.20444751681278295 0.7258378125070734 0.2801628210516858 -0.5940281782073932
60860 35993.9784 -0.036019877662495314 0.7532432825066433 0.13934119770800535 -0.6418030510936313
60860 36413.9784 0.1343356811493733 0.7420442335682104 -0.008702485760218443 -0.6566951704861962
60860 36833.9784 0.2978342740115556 0.6927780673980274 -0.15631884966319576 -0.6379010203756058
60860 37253.9784 0.4460107827792349 0.6080150094839745 -0.29584741245737595 -0.5864012605964721
60860 37673.9784 0.5712882547996244 0.49215837128931317 -0.420133598932075 -0.504873871918752
60860 38093.9784 -0.6672582506623922 -0.3512446001280405 0.522808204120168 0.3975741937154648
60860 38513.9784 -0.7290800937712774 -0.19258014871124712 0.5986740895972927 0.2700822793773631
60860 38933.9784 -0.7537152391542754 -0.02428943430699774 0.6439677585327371 0.1289530442369699
60860 39353.9784 -0.7400074850562729 0.1451407891025141 0.6564866182833196 -0.01866529973830186
60860 39773.9784 -0.6886756697084423 0.3071985389451473 0.6356260975718407 -0.16533101253905144
60860 40193.9784 -0.6022788347609912 0.45372476754510405 0.5824037795242726 -0.30364432830357074
60860 40613.9784 -0.48512620039314147 0.5772721549334049 0.4994395644718221 -0.426578891028205
60860 41033.9784 -0.34309064112949283 0.6714907701589089 0.3908600751312564 -0.5278421726511984
60860 41453.9784 -0.18342075029639787 0.7314433280297857 0.2621870495959678 -0.6021672834566647
60860 41873.9784 -0.014292360335151789 0.7539753845803374 0.1200104604581601 -0.6456890406872359
60860 42293.9784 0.15561194434659845 0.7378795198169403 -0.028360236709929668 -0.6561359874181186
60860 42713.9784 0.3175450558960345 0.6839693631246542 -0.17526849859310872 -0.632954975637096
60860 43133.9784 0.46318655334734915 0.5950363569036362 -0.31314822671413034 -0.577345770632164
60860 43553.9784 0.5850572210724048 0.47571196328679216 -0.4349022346757774 -0.49220546759547074
60860 43973.9784 -0.6769465015927671 -0.33219925391024163 0.5343113409119234 0.3819665962563937
60860 44393.9784 -0.7342443375250545 -0.17186358233841317 0.6063763030476705 0.25230129008873686
60860 44813.9784 -0.7541033020177145 -0.002936158103909053 0.6474904118984839 0.10988974183744443
60860 45233.9784 -0.7355965847341861 0.1660536397278136 0.6556496125959254 -0.03804521998043614
60860 45653.9784 -0.6796816185501562 0.3266108477172461 0.6304647584599249 -0.1840446682154369
60860 46073.9784 -0.5891501932954916 0.4706419053392414 0.5731718470258801 -0.32073708930442485
60860 46493.9784 -0.46854221172892724 0.5908103246084324 0.48661079081034164 -0.44115903530493117
60860 46913.9784 -0.3239138631225489 0.6809490368183178 0.37510003644752166 -0.5391550622875574
60860 47333.9784 -0.16263880622303015 0.736342266548966 0.24431135627259615 -0.6096397677318335
60860 47753.9784 0.007033298782426597 0.7540745711426854 0.10093336545876729 -0.6489487881192006
60860 48173.9784 0.17639969009520978 0.7331810079687351 -0.04767155337915719 -0.6550238025344436
60860 48593.9784 0.33674447170020977 0.674712908158362 -0.19383812622658747 -0.6275288305446992
60860 49013.9784 0.479826855814268 0.5816874191032698 -0.3300348616375706 -0.5678758006820155
60860 49433.9784 0.5982872943333213 0.45894885168376176 -0.4492397112800867 -0.4791679734565475
60860 49853.9784 -0.686085718893125 -0.31288085221279016 0.5453605881188957 0.3660242991607446
60860 50273.9784 -0.7388216125357887 -0.15096915351163862 0.6135726107022149 0.2342639343434334
60860 50693.9784 -0.7538785947321092 0.018467913549741935 0.6504633569725907 0.09068308447449061
60860 51113.9784 -0.7305780717168217 0.18687162185279338 0.6542445022579997 -0.057435262146345895
60860 51533.9784 -0.6701259795257305 0.34577451879572746 0.624752264450301 -0.20262221442992084
60860 51953.9784 -0.5755509776498173 0.48716613121629626 0.5634466442281973 -0.3375471994107922
60860 52373.9784 -0.45160759096838154 0.6038446812498769 0.4733805892603232 -0.45533833840070903
60860 52793.9784 -0.30452824874312684 0.6898279295634814 0.35905821592903203 -0.5499792458679377
60860 53213.9784 -0.14179983558236764 0.7406283969854184 0.22628414652096707 -0.6165694358633913
60860 53633.9784 0.028267283154933587 0.7535661521814346 0.08183588868196748 -0.6516455342539671
60860 54053.9784 0.1969606209713866 0.7279119600452513 -0.06687606847861856 -0.6533592301900153
60860 54473.9784 0.3555594425643671 0.6649708871398732 -0.21214445944124347 -0.6215994935552225
60860 54893.9784 0.49598179894599154 0.5679568049362071 -0.34654228953502514 -0.5579745194941933
60860 55313.9784 0.6109658385501179 0.44191535230544665 -0.46311379429420346 -0.46578662395557313
60860 55733.9784 -0.6946327371792507 -0.2933943475476799 0.5558961971785622 0.3498350114387443
60860 56153.9784 -0.7427899272860563 -0.1299890160385044 0.620228851363233 0.21606052755735178
60860 56573.9784 -0.7530370392566288 0.03987760301111011 0.6528775976022678 0.0713851303479233
60860 56993.9784 -0.7249431644938468 0.20760415446854108 0.6522689210156116 -0.07683214156965396
60860 57413.9784 -0.6599747035644504 0.3647445453193305 0.6184729658622408 -0.22110178156761714
60860 57833.9784 -0.5614132707188444 0.5033745043970702 0.5531879865267709 -0.3541359899053338
60860 58253.9784 -0.43423127462925626 0.6164447897399375 0.45968905104841556 -0.4691748050381038
60860 58673.9784 -0.2848317765767376 0.6981826015230598 0.3426552363002525 -0.5603564071362527
60860 59093.9784 -0.1208122363787207 0.7443338489911192 0.2080279250175601 -0.622973440204417
60860 59513.9784 0.04947523304451634 0.7524631947702236 0.06266743129342203 -0.6537768234546584
60860 59933.9784 0.21732625570130415 0.7220815348801186 -0.0859867220429442 -0.6511327354697604
60860 60353.9784 0.37407570230370724 0.6547215891152312 -0.23023908621429964 -0.6151397994534406
60860 60773.9784 0.5115120127582109 0.5539999960972382 -0.36250863668550465 -0.5477471619796135
60860 61193.9784 0.6227745053490871 0.4250997496726245 -0.4761717424186967 -0.4524407033384754
60860 61613.9784 -0.7023304464066925 -0.27444617152644457 0.5655791512807073 0.3339632713656521
60860 62033.9784 -0.7460650154094962 -0.10961232564292364 0.6261510007255432 0.1982600694531775
60860 62453.9784 -0.7516344008142412 0.060751957456886475 0.6546775558288549 0.05246165334537077
60860 62873.9784 -0.7187967411450329 0.22794582984618159 0.6497412782682626 -0.0959594439820301
60860 63293.9784 -0.6492700161331972 0.3834566256589774 0.6116267126817904 -0.23942060630341613
60860 63713.9784 -0.5466373772391933 0.5193743903335887 0.5422999075487646 -0.3706057618862263
60860 64133.9784 -0.41615846834232056 0.6287906683546217 0.44530896479321547 -0.48283988080099266
60860 64553.9784 -0.2642747958409328 0.7062284895031921 0.3254246870316622 -0.5705251317581177
60860 64973.9784 -0.09861924528048503 0.7476062223003982 0.18864793824828024 -0.6291034384206688
60860 65393.9784 0.07201827372468238 0.750646497296434 0.04224265542294524 -0.6554073255687106
60860 65813.97839999999 0.23885163942383922 0.7152529107393885 -0.10622077026171171 -0.6481360320090107
60860 66233.97839999999 0.39333984020829094 0.6433358443630327 -0.24910901944320787 -0.607739630018204
60860 66653.97839999999 0.5276370477375716 0.5386705798100295 -0.37914014156166936 -0.5363635943634725
60860 67073.97839999999 -0.6349684071344793 -0.4066761231965917 0.48973134683256325 0.43771321740662156
60860 67493.97839999999 -0.7099571117370894 -0.2540961840348819 0.5753340771799825 0.3168386472454067
60860 67913.97839999999 -0.7488521129467625 -0.08867121010526927 0.6316640762457164 0.1798844746338109
60860 68333.97839999999 -0.7496982682848725 0.08128796766923006 0.6559007480975866 0.033748799799335906
60860 68753.9784 -0.7123931805315693 0.24724497815008786 0.6467769030526106 -0.11421696366718709
60860 69173.97839999999 -0.6387129530529915 0.4007998924312414 0.6046507445854575 -0.25652034403080837
60860 69593.97839999999 -0.5323103835192812 0.5340540420303613 0.5315574269831409 -0.3858479462270747
60860 70013.97839999999 -0.3985382176610661 0.6401123178127666 0.43113353920374786 -0.4955273766620355
60860 70433.97839999999 -0.2442727856350117 0.7134038771517051 0.3085202228961175 -0.5798284111072485
60860 70853.97839999999 -0.07747233819203565 0.7501010647786178 0.17004273393839478 -0.6343752029105479
60860 71273.97839999999 0.09336531132814163 0.7482966889576359 0.022768569326387277 -0.6563661906180633
60860 71693.97839999999 0.2594843348274384 0.708032170425957 -0.12573492837801817 -0.6446309435691442
60860 72113.9784 0.41224278435589345 0.6313937068671954 -0.26772968371865113 -0.5997655292953352
60860 72533.97839999999 0.5437200730258712 0.5224431690981638 -0.39582902627948774 -0.5241574183449482
60860 72953.97839999999 -0.6472010736815978 -0.38693600258181293 0.5034661080901177 0.4218212632572997
60860 73373.97839999999 -0.7175108859580165 -0.23195819814208224 0.5852250603836281 0.29813612921851596
60860 73793.97839999999 -0.7512525322991975 -0.06544125286088219 0.6371082504056502 0.15946834294960455
60860 74213.97839999999 -0.7468650683695869 0.10423053098765866 0.6566306625936366 0.012835069192054323
60860 74633.97839999999 -0.70462467777436 0.2686070209238796 0.6428702400120302 -0.13443283188511793
60860 75053.97839999999 -0.6266040436304392 0.4194910832007832 0.5964752378993888 -0.27497617022913773
60860 75473.97839999999 -0.516614205812125 0.5492658050879283 0.5196630581095893 -0.40170529465070104
60860 75893.9784 -0.38010289869931413 0.6512426822481864 0.41619233766669744 -0.5081227147905281
60860 76313.97839999999 -0.2239528955322833 0.7200545727539889 0.2912449295685611 -0.5886789480178315
60860 76733.97839999999 -0.05615122239463005 0.7520088269109959 0.1511934946312182 -0.6391168059539167
60860 77153.97839999999 0.11463049872599818 0.7453433257335073 0.003282704150527275 -0.6567437852007462
60860 77573.97839999999 0.27945464802580955 0.7003962168170028 -0.14472705797632338 -0.6406280651475698
60860 77993.97839999999 0.42969597764962575 0.619654381326185 -0.2850561567406524 -0.5917202058399256
60860 78413.97839999999 0.5578020400964073 0.5073907441780509 -0.4106119641652073 -0.5126493262173669
60860 78833.97839999999 -0.6574646741671698 -0.3692472321290407 0.5151964226580186 0.40739333557101776
60860 79253.9784 -0.7236041678697392 -0.21222730132679463 0.5934953170256193 0.2812825794139191
60860 79673.9784 -0.7527986779110936 -0.04441085348117551 0.6414774158898058 0.14081388969743153
60860 80093.97839999999 -0.7435705145916479 0.12563860917511468 0.6567124396589566 -0.006826515336239863
60860 80513.97839999999 -0.6963955611491685 0.28928456690290427 0.638432122805326 -0.15411711888631632
60860 80933.97839999999 -0.6136681127361936 0.43820444326902175 0.587552082971182 -0.29354874059738423
60860 81353.97839999999 -0.4996740068211683 0.5647274145353368 0.5067003696589982 -0.4179277085417376
60860 81773.97839999999 -0.36009599647209617 0.6625234687139833 0.39989297171501975 -0.5210365993871162
60860 82193.97839999999 -0.20215109985500154 0.7264848717411333 0.2726436543031323 -0.5975115912908437
60860 82613.97839999999 -0.03391159991301197 0.7533446306695163 0.1314654008036108 -0.6434584052013743
60860 83033.9784 0.13604521422807322 0.741735378581092 -0.016423251083838276 -0.6565444422662026
60860 83453.97839999999 0.2990700358989579 0.6922471470906824 -0.16347903762389518 -0.6361018827434582
60860 83873.97839999999 0.44686321477299645 0.6073903246278852 -0.3021963214036428 -0.5831531909895386
60860 84293.97839999999 0.5718445956245912 0.4915145431462817 -0.425452354138063 -0.5003973488029588
60860 84713.97839999999 -0.6676200972905127 -0.3505632042253428 0.5269431645119133 0.3920710993062833
60860 85133.97839999999 -0.7293046068079517 -0.19174181693837772 0.6015023129137334 0.26371354475130365
60860 85553.97839999999 -0.753753251811222 -0.023196080374850683 0.645332896084219 0.12191566950481308
60860 85973.97839999999 -0.7397387768181827 0.14651910401909451 0.656229605964854 -0.02610361055856066
60860 86393.97839999999 -0.6879676198299525 0.30878666389382087 0.6336326095174235 -0.17280354864115152
60861 413.9784 -0.6010573560525758 0.4553445097981115 0.5786668991069027 -0.3107025136844023
60861 833.9784 -0.48347008156252563 0.5786601664496929 0.4941396125878002 -0.4327067543613311
60861 1253.9784 -0.3412069016826369 0.6724473877707076 0.3843557614768166 -0.532600234269629
60861 1673.9784 -0.181532171714105 0.731909050166737 0.2549190918725669 -0.6052862707146524
60861 2093.9784 -0.012606159422337131 0.7539984311150453 0.11245480751285221 -0.6470559225352289
60861 2513.9784 0.1569638584558866 0.7375850687786113 -0.03576582754787734 -0.6557830579035321
60861 2933.9784 0.31854674635984276 0.6834938992619036 -0.1821759887269213 -0.6310118613676651
60861 3353.9784 0.46392809484631353 0.5944491840662027 -0.3193147483512506 -0.5739677533282451
60861 3773.9784 0.5855967564300093 0.47503936213706094 -0.44009551033834265 -0.4875756198366574
60861 4193.9784 -0.6773358828473076 -0.33139414774421927 0.5383479708444774 0.3762651763530269
60861 4613.9784 -0.7344976090344998 -0.17075853198055263 0.609108742347993 0.24564471513487937
60861 5033.9784 -0.7541042139200155 -0.0010784875173932998 0.6487593354055511 0.1021616177284706
60861 5453.9784 -0.7350267996645993 0.16853549073166385 0.6551124366049776 -0.046465982655523416
60861 5873.9784 -0.6782984450100233 0.32946067022146885 0.6278960276380928 -0.19264855242256138
60861 6293.9784 -0.5869019563118312 0.47343630188504937 0.568556630183184 -0.3288579024586393
60861 6713.9784 -0.4656131304486046 0.5931187297442972 0.48020555273286636 -0.44812633520569195
60861 7133.9784 -0.3207333533723909 0.6824493544984407 0.36744844765848617 -0.5444030059547167
60861 7553.9784 -0.15965726327338373 0.7369893849503999 0.23605731021963253 -0.6128891833328084
60861 7973.9784 0.009436512155807538 0.754041893013753 0.09272190376722012 -0.6501803014398018
60861 8393.9784 0.178052209412453 0.7327740374571982 -0.05533897876085654 -0.6544289252330816
60861 8813.9784 0.33772149054639367 0.6742161656492017 -0.20067128144659385 -0.6253861156141797
60861 9233.9784 0.48037387897183753 0.5812263550092164 -0.33592539300302204 -0.5644209342148959
60861 9653.9784 0.5986418853489344 0.4584735111454566 -0.45412620224620676 -0.4745517096347536
60861 10073.9784 -0.6864032775648798 -0.3121590783926568 0.5491804642216677 0.3602888674973338
60861 10493.9784 -0.7390529310840506 -0.1497826917072711 0.6161349794434564 0.22747219044799702
60861 10913.9784 -0.7538227628920583 0.02027743141136741 0.6515039289376816 0.08296203047120658
60861 11333.9784 -0.7299524366060482 0.18925883271851976 0.6534713330000386 -0.06577044532363444
60861 11753.9784 -0.6686979914959247 0.3485040041419953 0.6219599313577088 -0.21107770856209931
60861 12173.9784 -0.5732647222714089 0.48984083735128275 0.5586285527838646 -0.3454817683708989
60861 12593.9784 -0.4486282354282953 0.6060553167071502 0.4667856584316787 -0.4621047592808305
60861 13013.9784 -0.3012680881035405 0.6912575899757711 0.3512167729051787 -0.5550200553325962
60861 13433.9784 -0.1386945654258747 0.7412178622105724 0.21783261449838043 -0.6196037849481849
60861 13853.9784 0.03084580334477408 0.7534658792095313 0.07342107975377098 -0.6526461907732349
60861 14273.9784 0.19882699696655193 0.7274048034548122 -0.07473641525616902 -0.6525063566148503
60861 14693.9784 0.3567963166545582 0.6643092121503796 -0.21917127759556781 -0.6191555621578545
60861 15113.9784 0.49676763012502484 0.5672695403716309 -0.3525765859992457 -0.5541813252281618
60861 15533.9784 0.6114910458926754 0.4411807706265951 -0.46805875268820124 -0.46082451372986954
60861 15953.9784 -0.6950337966788167 -0.2924348471760334 0.5596621746564754 0.3437850082393706
60861 16373.9784 -0.7430201400563324 -0.12865870350118053 0.6226258607832263 0.20905752071621295
60861 16793.9784 -0.752936948687304 0.04170691749701992 0.6536833183019677 0.06359719890118948
60861 17213.9784 -0.7242760389827146 0.20991082303082084 0.6512444006416818 -0.08510227002195245
60861 17633.9784 -0.6585386577170528 0.36732171956017723 0.6154546714616588 -0.2293842584128185
60861 18053.9784 -0.5591573969588247 0.5058727516721889 0.5481903942291187 -0.36183291201432005
60861 18473.9784 -0.43130174036665575 0.6184978708631786 0.45295629763933654 -0.47567823675597476
60861 18893.9784 -0.2816086309324543 0.6994902603912487 0.33470679526996927 -0.5651383156380735
60861 19313.9784 -0.11769802253315749 0.74483376767128 0.19947619201675237 -0.6257628007854779
60861 19733.9784 0.05214521164083962 0.7522830709606515 0.054123764697856534 -0.6545392854091148
60861 20153.9784 0.21937600863243628 0.721461504837107 -0.09401544587483911 -0.6500219687146223
60861 20573.9784 0.37555832732553507 0.6538731157643849 -0.23745672632000833 -0.6123889241180038
60861 20993.9784 0.5127809971585909 0.552828235654197 -0.3689359893658984 -0.5434361292434599
60861 21413.9784 -0.623930219527456 -0.42341062929739304 0.481654416335914 0.44659102474469453
60861 21833.9784 -0.7031897674903397 -0.2722547013955309 0.5697411326320418 0.3267974452961197
60861 22253.9784 -0.7464282698968342 -0.10715928372622362 0.6286276342991202 0.19023412734205497
60861 22673.9784 -0.751423092367484 0.06339024586593846 0.6552975166062378 0.043933787859017394
60861 23093.9784 -0.717939123438971 0.2306484037070516 0.6484042064548763 -0.10457874523388166
60861 23513.9784 -0.6477411291613574 0.3860391453815741 0.6083347574391191 -0.24765708291369679
60861 23933.9784 -0.5444928024514926 0.5216241078732301 0.537190479870963 -0.37797125089083344
60861 24353.9784 -0.4135467206286749 0.6305129315519898 0.43866383297599437 -0.488883007110897
60861 24773.9784 -0.2616485310258388 0.707206787640194 0.31784005011000055 -0.5747837056438976
60861 25193.9784 -0.09653633275822839 0.7478778035356036 0.18088901211831673 -0.6313784069250493
60861 25613.9784 0.07345896749389487 0.7505056251706927 0.03474246258719818 -0.6558491045776121
60861 26033.9784 0.23978409079485885 0.7149395592889778 -0.11322485833006066 -0.6469506533125249
60861 26453.9784 0.394032585724802 0.6429118531092457 -0.25552608430037965 -0.6050694925054291
60861 26873.9784 0.5283400405076124 0.5379860288319414 -0.3849087941903249 -0.5322340223369812
60861 27293.9784 -0.6357843176050478 -0.4054100932130588 0.4947264572804697 0.43204940721539964
60861 27713.9784 -0.7106983114156609 -0.25203595048413124 0.5792136940859989 0.30967286997368637
60861 28133.9784 -0.7491889262985366 -0.08583486212227623 0.6339922939819114 0.17147040656524193
60861 28553.9784 -0.7493250867794348 0.08470930908558355 0.6563043030132999 0.024513447808546897
60861 28973.9784 -0.7111430100112073 0.25082993546022214 0.6450417380340964 -0.12361682322068088
60861 29393.9784 -0.6366588532343197 0.4040607902598092 0.600830131314969 -0.2653366459368489
60861 29813.9784 -0.5297377628679831 0.5366111816844247 0.5259716276333843 -0.393421134673213
60861 30233.9784 -0.3958839583198189 0.6417621262146671 0.42432081925794635 -0.5013672379062344
60861 30653.9784 -0.24190139037420594 0.714215543777281 0.30104690172281084 -0.583738500807549
60861 31073.9784 -0.07566949976535624 0.7502874781825911 0.16246946913089486 -0.6363540669218621
60861 31493.9784 0.094415002709718 0.7481663643830164 0.015606061459361418 -0.6565739480933964
60861 31913.9784 0.2597711902685618 0.7079283527642946 -0.132114803576812 -0.6433522011579254
60861 32333.9784 0.4120099331983377 0.631547996847436 -0.2731924730902835 -0.5972945799776749
60861 32753.9784 0.5432415117828876 0.5229435659013799 -0.4003103874495187 -0.5207401275667243
60861 33173.9784 -0.6467957393131748 -0.3876178878548706 0.5070089367987634 0.4175518921373011
60861 33593.9784 -0.7173599907477506 -0.2324293847155328 0.587836576416469 0.29294945677046536
60861 34013.9784 -0.7512646976892806 -0.06531361704647794 0.6386190137536418 0.1533011438524375
60861 34433.9784 -0.746733026833751 0.10517596057388756 0.6567302131329434 0.005764643217342635
60861 34853.9784 -0.7039740341851953 0.27030633501258355 0.6412232003249171 -0.14208396042536833
60861 35273.9784 -0.625187068838792 0.42159950295440574 0.5928874026677103 -0.282629644275497
60861 35693.9784 -0.5144457871467207 0.5512980451740461 0.5142168263600936 -0.408652729052945
60861 36113.9784 -0.3774835129951903 0.6527655542849126 0.4092852227167783 -0.513701211816361
60861 36533.9784 -0.22133673667166506 0.7208638843347052 0.28348876850292987 -0.59245204649331
60861 36953.9784 -0.05402495082538918 0.752164059650305 0.14330483506856767 -0.6409323336395639
60861 37373.9784 0.11601722166081745 0.7451273214429449 -0.004174884069108584 -0.6567403211775387
60861 37793.9784 0.2801850587426526 0.7001027665220525 -0.15146735484591595 -0.6390697063556731
60861 38213.9784 0.43014465302645394 0.619341547973012 -0.29108478425067097 -0.5887794772280069
60861 38633.9784 0.5581035387147228 0.5070584924585209 -0.41575929102482556 -0.5084843529808273
60861 39053.9784 -0.6576711674079684 -0.3688766304733632 0.5192650691811859 0.4021970350202946
60861 39473.9784 -0.7237094032775451 -0.21185757475246253 0.5962795940622126 0.2753392695070343
60861 39893.9784 -0.7528188606437851 -0.044000970440141965 0.6428612563982468 0.1343766448509069
60861 40313.9784 -0.7434799726512984 0.12614633523038038 0.6566143408384469 -0.0134996214636161
60861 40733.9784 -0.696130899044717 0.28990865349910816 0.6368042416379718 -0.16073301419875058
60861 41153.9784 -0.6132136111507787 0.4388326244448102 0.5844417660142945 -0.2997045494489438
60861 41573.9784 -0.49892378584535435 0.565386499557525 0.5021617844206197 -0.4233753704495891
60861 41993.9784 -0.35916628211969864 0.6630270894979502 0.3942036830876628 -0.5253552289835056
60861 42413.9784 -0.20100327666983786 0.7268040997257377 0.2660196415231173 -0.6004889954976368
60861 42833.9784 -0.03222295084385922 0.7534191489148522 0.12391432269844892 -0.644954655861572
60861 43253.9784 0.13820917719092377 0.7413348765570066 -0.024562894666944668 -0.6562907041441286
60861 43673.9784 0.3013951303683156 0.6912373406007 -0.17163272373026706 -0.6339511988272187
60861 44093.9784 0.4489543042759588 0.6058452566790304 -0.30970810118491005 -0.5791998357147962
60861 44513.9784 0.5734528536538787 0.4896339985205984 -0.43180311020978385 -0.49493074883473465
60861 44933.9784 -0.6687090006462132 -0.3484748932014155 0.5318440456503605 0.3854029480547111
60861 45353.9784 -0.7299315484709643 -0.18932858845506817 0.604827913916784 0.25600354428691585
60861 45773.9784 -0.7538355985334128 -0.02018868249479758 0.6469208493125741 0.11321537973081865
60861 46193.9784 -0.7390135040867217 0.1501085684426404 0.6557942645221363 -0.03550128275761667
60861 46613.9784 -0.6863114452940519 0.31243680791971834 0.6310156841031869 -0.18215116670258769
60861 47033.9784 -0.5983894146027048 0.45883473053331675 0.573855312050209 -0.31951663396388014
60861 47453.9784 -0.47978893834808256 0.5817096567069274 0.487245047559255 -0.44046420236122247
60861 47873.9784 -0.33668815935734364 0.6747188994191289 0.3756939100784053 -0.5387481564193075
60861 48293.9784 -0.17654160217498277 0.7331276473247434 0.24503023884841885 -0.6093579387186675
60861 48713.9784 -0.007613488635152943 0.7540641186773338 0.10202340610952391 -0.6487839118843726
60861 49133.9784 0.16158259667412486 0.7365845397175126 -0.046089132319068374 -0.6551412612431479
60861 49553.9784 0.32251680150231304 0.6816249349934317 -0.1918124395235494 -0.6281547172376742
60861 49973.9784 0.4670775520452698 0.591968814579289 -0.32778097429473035 -0.5691846061089381
60861 50393.9784 0.5879439496276658 0.4721193906663973 -0.44710389368042885 -0.4811686828013751
60861 50813.9784 -0.6789397630829429 -0.3280859589019475 0.543702491737338 0.3684942362573352
60861 51233.9784 -0.7353072618583956 -0.16722387028911787 0.6125639795572594 0.23690668798666442
60861 51653.9784 -0.7540968440739091 0.002255530268307178 0.6501232837385935 0.0931266786797826
60861 52073.9784 -0.7342927740311626 0.17168123607538646 0.6544171986761289 -0.0554779709626745
60861 52493.9784 -0.67686479412322 0.3323834868330145 0.6251856594788706 -0.20129123015975645
60861 52913.9784 -0.5847852022761635 0.4760372261305479 0.5639304456787273 -0.33674512464674544
60861 53333.9784 -0.4628261338648519 0.5952839985109164 0.47382209510019185 -0.4548863079093879
60861 53753.9784 -0.3173150058773867 0.6840343202400482 0.3595377285196604 -0.5496734098987255
60861 54173.9784 -0.15567562649047717 0.7378311317100349 0.2269166526295215 -0.6163433727685402
60861 54593.9784 0.013751078446818766 0.7539663486093855 0.08282089556321222 -0.6515261715881314
60861 55013.9784 0.1823746992739976 0.7316993415726493 -0.06541450747531266 -0.6535108911247254
60861 55433.9784 0.3416953775767585 0.672197448150309 -0.21028920954460617 -0.6222325192337619
60861 55853.9784 0.4836771987605985 0.5784680752703956 -0.3444713408662845 -0.5592589280591312
60861 56273.9784 0.6011036494544569 0.45523220973104805 -0.4611455232518184 -0.4677422839777553
60861 56693.9784 -0.6879808430926426 -0.3086564058043944 0.5543817333311437 0.3522420708010423
60861 57113.9784 -0.7397544957747776 -0.14624960466689663 0.6193238767254122 0.21866018117980993
60861 57533.9784 -0.7537154512293512 0.02369402680425228 0.6526113035527742 0.07382478003410253
60861 57953.9784 -0.7291014055818681 0.19247955036486633 0.6525043447544805 -0.07483878103235811
60861 58373.9784 -0.6671384586083428 0.35146450902415366 0.6189745018619903 -0.21970330445124447
60861 58793.9784 -0.5710281870529558 0.49243601346368027 0.553743762239361 -0.35327245578449923
60861 59213.9784 -0.4457523935306112 0.608161699670513 0.46019222821589556 -0.4686867437908746
60861 59633.9784 -0.2978168206686895 0.6927390194272031 0.34317473235239737 -0.5600436548740565
60861 60053.9784 -0.1347549787624076 0.7419327624440091 0.2086616042091972 -0.6227657718916391
60861 60473.9784 0.03502857068195129 0.7532713807042364 0.06361084471977552 -0.6536886771865867
60861 60893.9784 0.20293933780888734 0.7262547753633833 -0.08460617967628563 -0.6513151470618168
60861 61313.9784 0.360519038944968 0.6622823321299153 -0.22849264588748786 -0.6157915604180462
60861 61733.9784 0.49980916507518264 0.5645784995511984 -0.36077114874396654 -0.5488953402838513
60861 62153.9784 0.6137069040599441 0.4380837537749095 -0.4747003032579473 -0.4539890777039198
60861 62573.9784 -0.69638493518208 -0.2891907050910642 0.5644656591318709 0.3358500823302056
60861 62993.9784 -0.7435593821586304 -0.1254681911136239 0.6254482093391279 0.20047871621952681
60861 63413.9784 -0.752754698453216 0.044745603400824466 0.6544904858146408 0.05477589717220161
60861 63833.9784 -0.7234368941621557 0.2127569783653327 0.6500571182610873 -0.09380443123839136
60861 64253.9784 -0.6570733796108729 0.3699239425521809 0.6123353958968094 -0.23760516296009693
60861 64673.9784 -0.5571317503180269 0.5080982374964892 0.543291502328468 -0.3691540834640859
60861 65093.9784 -0.4287346238319441 0.6202811514332514 0.44646131917129345 -0.48177817093362557
60861 65513.9784 -0.27847845852464437 0.7007464590126405 0.32681779292626484 -0.569731760169458
60861 65933.97839999999 -0.11388381344485701 0.7454313392763229 0.19034709502303293 -0.6285941288910173
60861 66353.97839999999 0.05647473591020732 0.7519745851050743 0.044171299947308694 -0.6552814081147799
60861 66773.97839999999 0.2238746040458936 0.7200813603210593 -0.10419659388725745 -0.6484643906983336
60861 67193.97839999999 0.37978710804534194 0.651428908773956 -0.24717216266699296 -0.6085294170199583
60861 67613.97839999999 0.5162806240063224 0.5495643095815145 -0.3774659893579958 -0.5375433134063012
60861 68033.97839999999 -0.626424239836766 -0.41971585439028936 0.48845059889264025 0.4391438098843935
60861 68453.9784 -0.7046640503580845 -0.26842170434307544 0.5745403568089765 0.3182793476936754
60861 68873.9784 -0.746951584082519 -0.10345911152364132 0.631299555624452 0.18116405368539218
60861 69293.97839999999 -0.7511310007825265 0.06676450921828136 0.6558456159828687 0.034802987922498946
60861 69713.97839999999 -0.7169818002786702 0.2336076652795985 0.6469275499573327 -0.11335476124969363
60861 70133.97839999999 -0.6462176483245607 0.3885856824508171 0.604972349754168 -0.25575842981420505
60861 70553.97839999999 -0.5424733172563054 0.5237278633749246 0.5321201546340528 -0.3850713780871125
60861 70973.97839999999 -0.41108161063464954 0.6321284169997402 0.43210742328255713 -0.49468045096156155
60861 71393.97839999999 -0.2586044733382344 0.7083321841105136 0.30991854241510536 -0.5790852617620141
60861 71813.97839999999 -0.0927025176973273 0.7483694530322939 0.17168006199429822 -0.633936401616405
60861 72233.9784 0.07826868708055566 0.7500252511685191 0.024347306525949384 -0.6563104020943271
60861 72653.97839999999 0.24517055488848272 0.7131152610401686 -0.12418999698925216 -0.6449301265525554
60861 73073.97839999999 0.39940948827094547 0.639589493622119 -0.2662634069938039 -0.6004174701184124
60861 73493.97839999999 0.5330083014352434 0.533366314278907 -0.3944986404914417 -0.525160306995926
60861 73913.97839999999 -0.6391681783323765 -0.4000622461365359 0.5023453486421623 0.4231588232815729
60861 74333.97839999999 -0.712597126704523 -0.2466339722032653 0.5843978026514476 0.29976028259904053
60861 74753.97839999999 -0.7497419777616099 -0.08091555699468701 0.636649497675816 0.16129803634105486
60861 75173.97839999999 -0.7488596256217182 0.08876940089265402 0.6565908023019129 0.014757130865778454
60861 75593.97839999999 -0.7100283479834449 0.25398059242040116 0.6432607351421749 -0.13254897343258046
60861 76013.9784 -0.6351246817435876 0.4064757012509378 0.5972636914752869 -0.2732585328548375
60861 76433.97839999999 -0.5277851471271656 0.5385392972144794 0.5207799719816935 -0.4002580225435053
60861 76853.97839999999 -0.3933181799474725 0.643345139942999 0.4175451497666954 -0.5070146823720577
60861 77273.97839999999 -0.23851613256456386 0.7153598499908322 0.29274080438146644 -0.5879397596502804
60861 77693.97839999999 -0.07132179983778128 0.7507199480594132 0.1527546784034575 -0.6387478130525596
60861 78113.97839999999 0.09959584904022559 0.7475000176158042 0.00485547353490425 -0.6567349654884236
60861 78533.97839999999 0.26529026773729664 0.7058830454010361 -0.14319276851377552 -0.6409727225901213
60861 78953.97839999999 0.41728576236591075 0.6280783497617397 -0.2837905831935913 -0.5923285270674643
60861 79373.9784 0.5478747523771237 0.5180923887805895 -0.40979069527559403 -0.5133080151925091
60861 79793.97839999999 -0.6503317801806364 -0.3816651908623657 0.5146941397692748 0.40803210689631336
60861 80213.97839999999 -0.719438711592866 -0.225935738481831 0.5931466045287681 0.2820249773943077
60861 80633.97839999999 -0.7518037125713545 -0.05887075405391323 0.6412720341761468 0.14175891599697946
60861 81053.97839999999 -0.7458872022789184 0.1110522117928063 0.6567252899791821 -0.0056197183392722476
60861 81473.97839999999 -0.7020470919866226 0.27528480660338756 0.6387808768146189 -0.15266678519707147
60861 81893.97839999999 -0.6224949173633214 0.4255716435088468 0.5883383405132522 -0.29197063410576624
60861 82313.97839999999 -0.5111905552311459 0.5543221279546954 0.5078818464207155 -0.41649396727748195
60861 82733.97839999999 -0.3737362151958704 0.6549221779827568 0.40143295137309853 -0.5198555258812508
60861 83153.9784 -0.21709529197052274 0.7221560879215381 0.2743669665362222 -0.5967268944465338
60861 83573.97839999999 -0.049254991379438645 0.7524940691039242 0.1331596191068038 -0.6431136273062179
60861 83993.97839999999 0.12119145905201513 0.744304578650784 -0.014949447032122776 -0.6565819358509313
60861 84413.97839999999 0.28552932041515183 0.6979398556760386 -0.16237829862866687 -0.6363853024517705
60861 84833.97839999999 0.4351985095032053 0.6158002297892746 -0.30142749192333895 -0.5835527409159095
60861 85253.97839999999 0.5625118676584175 0.5021651527993234 -0.4249396805320918 -0.500836126858631
60861 85673.97839999999 -0.6609563883045729 -0.3629641464291166 0.5265858659794108 0.39255701104052565
60861 86093.97839999999 -0.7255657462084346 -0.20542396550850636 0.601225836146062 0.2643536197486731
60862 113.9784 -0.7531684856834241 -0.03761219756738153 0.6451664795155815 0.12281192318729013
60862 533.9784 -0.7424630427348473 0.13201178398407878 0.6562784171734206 -0.02490297601900341
60862 953.9784 -0.694017533820202 0.29493504008493 0.6340291634854551 -0.17134761372764903
60862 1373.9784 -0.610241688465033 0.4429577460992914 0.5795048093447328 -0.30914024774575416
60862 1793.9784 -0.49530434182446553 0.5685600938842341 0.49538637399048124 -0.4312833976363418
60862 2213.9784 -0.35496417575853173 0.6652833703169346 0.3858586070311245 -0.5315182089898771
60862 2633.9784 -0.19637157366500427 0.7280631664656033 0.256483767734696 -0.6046307200110026
60862 3053.9784 -0.027646880035584645 0.7535927952525198 0.11388527387587892 -0.6468103998560999
60862 3473.9784 0.14254066204718036 0.7405046564978944 -0.0346042515687359 -0.6558487319050441
60862 3893.9784 0.30541453028584514 0.6894593948544054 -0.18130509230612413 -0.6312655313266687
60862 4313.9784 0.45261901259265996 0.6031007620832967 -0.3186660600479569 -0.5743321707755054
60862 4733.9784 0.5765837656841786 0.4859324996085899 -0.43961192424155127 -0.4880185683334606
60862 5153.9784 -0.6709880160539069 -0.344053072611732 0.5379653306464663 0.37682339173796814
60862 5573.9784 -0.7310950286680462 -0.1847603376401923 0.6087798843961161 0.24647662981833063
60862 5993.9784 -0.7539251742767905 -0.016229104459923264 0.6485233714091266 0.10368647209872725
60862 6413.9784 -0.7384052315893861 0.15303761625717782 0.6552662486504358 -0.044309653026527514
60862 6833.9784 -0.6853418638776236 0.3145395510008507 0.6286906924979393 -0.1900510816580363
60862 7253.9784 -0.5973796453068434 0.46013990609599614 0.5700995933993946 -0.3261828931702007
60862 7673.9784 -0.4789189382504436 0.582422884571793 0.4823946597817238 -0.4457753092379778
60862 8093.9784 -0.33590421950738375 0.6751069754443549 0.3699531789603235 -0.5427094732917984
60862 8513.9784 -0.17562256506197726 0.7333452533742609 0.23849050599315627 -0.6119507599028052
60862 8933.9784 -0.006275787032753535 0.7540724664036695 0.09473175088373152 -0.6498932414508622
60862 9353.9784 0.16344431656670166 0.7361688417460507 -0.053937394668259094 -0.6545472857484954
60862 9773.9784 0.3247964363892891 0.68053595698959 -0.19984018913947824 -0.6256532465813466
60862 10193.9784 0.46949289872262545 0.5900482099128992 -0.3354621720232225 -0.5646987331038309
60862 10613.9784 0.5900931357854065 0.46941999921355426 -0.45381372305829687 -0.4748558309647887
60862 11033.9784 -0.6804468780097389 -0.3249282355308828 0.5488485695801463 0.3608031812933666
60862 11453.9784 -0.7360278239368307 -0.1639839061835489 0.6157966136557202 0.22840063816405234
60862 11873.9784 -0.7540744802945635 0.0051471254949550654 0.6513135965795555 0.08447357088597156
60862 12293.9784 -0.7337548815393057 0.1739254060094189 0.6536810116051404 -0.06367779855317333
60862 12713.9784 -0.6761222695022598 0.33386883779090243 0.6228034156970182 -0.20858135398782085
60862 13133.9784 -0.5840595133940429 0.47691415600126813 0.5602072082064362 -0.3429216477463364
60862 13553.9784 -0.46219073133413346 0.5957707331502866 0.4690099894086936 -0.4598549675987483
60862 13973.9784 -0.31664491345004225 0.6843435554213789 0.3537730174147935 -0.5534027006517709
60862 14393.9784 -0.15482763252541681 0.7380106307308165 0.22035042642868335 -0.6187199711562364
60862 14813.9784 0.014997058621386993 0.7539433153308951 0.07555977042175953 -0.652407301150421
60862 15233.9784 0.18412506416499638 0.731261119234945 -0.07316769267620582 -0.6526879997287615
60862 15653.9784 0.34383342474591405 0.6711071221693025 -0.21814616056611533 -0.61952083034503
60862 16073.9784 0.4859452649412587 0.5765638112023854 -0.35193383124000316 -0.5545934993503646
60862 16493.9784 0.6031164169518949 0.4525566299930105 -0.46761092424671197 -0.46128419415541794
60862 16913.9784 -0.6893670184361316 -0.3055446894266444 0.5592578275873477 0.3444506335281358
60862 17333.9784 -0.7403777513949921 -0.14306308992346065 0.6222800014380446 0.21009839921121293
60862 17753.9784 -0.7536212890487052 0.02653507381609539 0.6535326038213404 0.0651611716641236
60862 18173.9784 -0.7285158707883137 0.19468049129573234 0.6515166816397469 -0.08300690250533398
60862 18593.9784 -0.6663658861357176 0.35292107838016434 0.6163649990961187 -0.2269303992830915
60862 19013.9784 -0.5702934617215982 0.4932821449428943 0.5498279601567865 -0.35934288253416213
60862 19433.9784 -0.44513344962855234 0.6086156411275474 0.4552315435270856 -0.47350549645662693
60862 19853.9784 -0.2971862470226931 0.6930113175158297 0.3373179064343461 -0.5635887493326056
60862 20273.9784 -0.1339700044966211 0.7420759984549015 0.20206598722442815 -0.6249356664644399
60862 20693.9784 0.03619589984323512 0.7532166737069956 0.0563754016800689 -0.6543518269017966
60862 21113.9784 0.20460351680776986 0.725788017501701 -0.09228312185320083 -0.6502714663752904
60862 21533.9784 0.3625243926915385 0.6611876570531316 -0.23618903737194882 -0.6128798295665583
60862 21953.9784 0.5017318474180554 0.5628738208668715 -0.3678215098210104 -0.5441925688413858
60862 22373.9784 -0.6152593662295978 -0.4359113194372435 0.48057257586290897 0.4477580073898442
60862 22793.9784 -0.6974364785634646 -0.28666461114564906 0.5688179241677475 0.32840817321011145
60862 23213.9784 -0.7440350792455838 -0.12266224933483212 0.6280461735276914 0.19215560714525684
60862 23633.9784 -0.7525955587589905 0.04746096518210032 0.6551443947160437 0.046186619191874584
60862 24053.9784 -0.7227717151028518 0.21502533485923117 0.6488117842820711 -0.10202167315170198
60862 24473.9784 -0.6561528348849478 0.371562195966068 0.6094322637873103 -0.24494347849329226
60862 24893.9784 -0.5561535919060013 0.5091720463784467 0.5390267441775097 -0.3753494084959125
60862 25313.9784 -0.4278534463867473 0.6208912775729425 0.44115984621841825 -0.4866348116743846
60862 25733.9784 -0.2777104504731349 0.7010526480920687 0.3207472368005786 -0.5731695215081661
60862 26153.9784 -0.11334536687892081 0.7455135791159835 0.18389699014908537 -0.6305110848945213
60862 26573.9784 0.05690486007369783 0.751941494251571 0.03755708166558885 -0.6556945109877556
60862 26993.9784 0.22437313293604275 0.7199254422487669 -0.11080789626368458 -0.6473682606870674
60862 27413.9784 0.3804319342103682 0.6510530375458247 -0.25354462511798803 -0.6059014844090514
60862 27833.9784 0.5168675066548201 0.5490170745241659 -0.38312116992556366 -0.5335226345716022
60862 28253.9784 -0.6268920116915949 -0.41902635351957856 0.49307559359849346 0.4339352252708275
60862 28673.9784 -0.7050100224601509 -0.2675289230586769 0.5779292663864775 0.3120687530205325
60862 29093.9784 -0.7471202731570636 -0.10227526797423661 0.6332633572894346 0.17415104740720505
60862 29513.9784 -0.7509638454172878 0.06867543237847493 0.6562115458939416 0.02689600154656499
60862 29933.9784 -0.7162671048071135 0.23580163860681205 0.6454467548955782 -0.12148048566064105
60862 30353.9784 -0.6450284794321676 0.39056233411085667 0.6017053204550848 -0.26334394094292135
60862 30773.9784 -0.5410938282333205 0.5251579848648639 0.5273995229670317 -0.39150517640847676
60862 31193.9784 -0.4098893870294039 0.6329064904654859 0.42643633054033975 -0.49957193748509454
60862 31613.9784 -0.2580865138405865 0.7085246675131944 0.3039664854419985 -0.5822272087655894
60862 32033.9784 -0.09326968653551967 0.748300927927128 0.16612429190044256 -0.635412626942164
60862 32453.9784 0.07639944589749605 0.750219174736314 0.019745571525684687 -0.6564635762398728
60862 32873.9784 0.24248510265373116 0.7140343836578031 -0.12788569969756663 -0.6442058069889579
60862 33293.9784 0.3965976951549081 0.6413389675611564 -0.26932402462819094 -0.5990485511571478
60862 33713.9784 0.5307407948824601 0.5356247784521079 -0.39725059929237255 -0.5230795988351252
60862 34133.9784 -0.637835350975761 -0.40218704701613084 0.5049453461429101 0.4200498085545202
60862 34553.9784 -0.7121478630520317 -0.2479301199045844 0.5866809080309504 0.29526528571185395
60862 34973.9784 -0.7497380801842993 -0.0809542683027258 0.6381441104778973 0.1552781756316858
60862 35393.9784 -0.7487102202573424 0.09001867228014046 0.6567149499312819 0.007424234632368749
60862 35813.9784 -0.709272241353198 0.25608100860857674 0.6415605273942835 -0.14055423994100497
60862 36233.9784 -0.633666570247197 0.40874350960523115 0.5936415228404704 -0.2810429922029718
60862 36653.9784 -0.5259599884048887 0.540322462300282 0.5155819043291145 -0.4069312316095354
60862 37073.9784 -0.3917643239662173 0.6442933856338371 0.41147713807783504 -0.5119504981295113
60862 37493.9784 -0.23789013914156373 0.7155687623929611 0.28662751026375494 -0.5909435661267618
60862 37913.9784 -0.0720176856961249 0.7506528176942963 0.1472784055512554 -0.6400334924774387
60862 38333.9784 0.09764492623546675 0.747756173772602 3.380789866843664E-4 -0.6567541843551721
60862 38753.9784 0.26265608196318413 0.7068665234684863 -0.14687934503398234 -0.640139015066035
60862 39173.9784 0.4146679381696387 0.6298091199970625 -0.28693831808271925 -0.5908107776932702
60862 39593.9784 0.5457741958276472 0.5203041495551239 -0.4125756598842646 -0.5110728362919204
60862 40013.9784 -0.6490390766372228 -0.3838558531715714 0.5171783940815473 0.40488204415490947
60862 40433.9784 -0.7189301903026843 -0.2275375811254524 0.5951791348411813 0.2777189732384648
60862 40853.9784 -0.7517450473581148 -0.059564648676921184 0.6424656047795643 0.1362695236498958
60862 41273.9784 -0.7458460171677799 0.1112977634820589 0.656643837155265 -0.01205809457838563
60862 41693.9784 -0.7016980237004883 0.276160304466018 0.6371127890905872 -0.15950756643268696
60862 42113.9784 -0.6217869761849453 0.4265966983666825 0.5850598459578107 -0.29849822417771715
60862 42533.9784 -0.5103978024770982 0.5550474683176447 0.5033180342274005 -0.42200396628726994
60862 42953.9784 -0.3733240245437633 0.655156038342343 0.396163777623492 -0.523883574299766
60862 43373.9784 -0.21750715184129643 0.7220326909823186 0.2690428129101001 -0.5991455556641805
60862 43793.9784 -0.050711510157367454 0.752397547021853 0.12830768705153894 -0.644098914310948
60862 44213.9784 0.11881138709289223 0.7446882578847231 -0.019071157673259957 -0.6564750900153642
60862 44633.9784 0.28261964354704006 0.6991234437000241 -0.16575305638521304 -0.6355143364624621
60862 45053.9784 0.43241015512669667 0.6177608531639017 -0.3043145925352658 -0.5820529312799734
60862 45473.9784 0.5603737536197854 0.5045457303921355 -0.4275563922056229 -0.4986084572901368
60862 45893.9784 -0.6597229794666379 -0.36519208157959276 0.5289738996707583 0.38934168461948265
60862 46313.9784 -0.7251312535842008 -0.20693810463248422 0.6031665416252393 0.25990653895269517
60862 46733.9784 -0.753138951754181 -0.038110059327279566 0.6462289012308841 0.11712194475250501
60862 47153.9784 -0.742373137473871 0.13248781360742218 0.6559989138759482 -0.03153615379690805
60862 47573.9784 -0.6935604475771633 0.29599493433106844 0.6321129215731156 -0.17830916630171179
60862 47993.9784 -0.6094281839610955 0.44406633205988444 0.5759848133359726 -0.3156641825280251
60862 48413.9784 -0.4944701236791356 0.569278551268457 0.4906509490754783 -0.43667250202612895
60862 48833.9784 -0.3546466749070078 0.6654487636569331 0.38055925716005795 -0.5353301137752736
60862 49253.9784 -0.19701859944067293 0.7278853439856116 0.2512899324401005 -0.6068113111500423
60862 49673.9784 -0.029429295546458664 0.7535228226013315 0.10928644492842941 -0.6476061653022358
60862 50093.9784 0.13983196306501422 0.741018268110913 -0.038420435132586556 -0.6556392442460337
60862 50513.9784 0.3023227657136351 0.6908166199041016 -0.18446232746068036 -0.6303546563192178
60862 50933.9784 0.44978342341672284 0.6052099731990652 -0.3214237764645126 -0.572802336136307
60862 51353.9784 0.5745094437254478 0.4883717390242141 -0.4421700686611933 -0.4857134690050267
60862 51773.9784 -0.6698638872978002 -0.3462264878015179 0.5403130564797571 0.37345868933043724
60862 52193.9784 -0.7307330300366884 -0.18617321844916493 0.6106296442096458 0.2418681648296876
60862 52613.9784 -0.7539116567150155 -0.016642928564821916 0.6494294843542339 0.09788550275398708
60862 53033.9784 -0.7382998815210151 0.15352112008160243 0.6547891691643505 -0.050947959527393956
60862 53453.9784 -0.6848890836055167 0.31551285557984715 0.6265877573618799 -0.19689175565791453
60862 53873.9784 -0.5966399544144302 0.461088346565917 0.5664603924796051 -0.33247695440331976
60862 54293.9784 -0.47823978826019187 0.58296767751038 0.47763722148111876 -0.45088587975096
60862 54713.9784 -0.3357998018416227 0.6751451700926123 0.3647226327180767 -0.5462553373349678
60862 55133.9784 -0.17649313585262283 0.7331238834390338 0.23341686079216897 -0.6139186539160597
60862 55553.9784 -0.008231720384899475 0.7540422396784902 0.0902537260042969 -0.6505434685726179
60862 55973.9784 0.1606573848765916 0.7367700889696449 -0.057674180497533485 -0.6542421031913295
60862 56393.9784 0.3217287303688964 0.6819780741654259 -0.2029684574405593 -0.6246601761734412
60862 56813.9784 0.4667635318028331 0.5921974793078736 -0.3382196269333489 -0.5630643256657382
60862 57233.9784 0.5881602896193967 0.4718293676334934 -0.4563712872046285 -0.4724084776637646
60862 57653.9784 -0.679442351306672 -0.3270103408609718 0.5511592481765333 0.3572755398433126
60862 58073.9784 -0.7357259287636166 -0.16530144505630315 0.6175423814351971 0.22366089765213112
60862 58493.9784 -0.7540684957767244 0.00478128292385101 0.6520561247983255 0.07861712996301114
60862 58913.9784 -0.7336460776905932 0.17434692377776972 0.653018562510764 -0.07023773825239651
60862 59333.9784 -0.6757135617603168 0.3346782994002128 0.6205535863559342 -0.21520888649067502
60862 59753.9784 -0.5834529707305501 0.4776465106220739 0.556508183704916 -0.34890555069489537
60862 60173.9784 -0.4617307783122256 0.5961178990821377 0.4642950203077582 -0.46462702554899105
60862 60593.9784 -0.3167956679508818 0.6842636267166976 0.34866020935877107 -0.5566505657321874
60862 61013.9784 -0.15592383359149356 0.7377703572761075 0.21542121201644437 -0.6204646319140061
60862 61433.9784 0.012905233620401314 0.7539729249436735 0.07120143859454713 -0.6529078331121103
60862 61853.9784 0.18132233690223942 0.7319514212684209 -0.07684321301405256 -0.6522763583460053
60862 62273.9784 0.3408770050352737 0.6726041110429192 -0.2212815505725571 -0.6184181858763139
60862 62693.9784 0.4833788897762209 0.578707588417494 -0.3547167708853382 -0.5528276299891267
60862 63113.9784 0.6013456852494267 0.454899167873822 -0.4701711800721749 -0.4586819980434596
60862 63533.9784 -0.6884780492243396 -0.3075315783301913 0.5615115835437879 0.3407741856598542
60862 63953.9784 -0.7401289801757501 -0.14431606067840008 0.6238966475298487 0.20526797250250262
60862 64373.9784 -0.7536273721817719 0.026175497261601156 0.6540979577399516 0.05929999091002782
60862 64793.9784 -0.7284199230993941 0.19501455814334254 0.6506709535771469 -0.08944857693130823
60862 65213.9784 -0.6660154724291483 0.35357163392107366 0.6139763802062697 -0.23333129820100607
60862 65633.97839999999 -0.5698112599237714 0.49383542061334706 0.5460670419284696 -0.3650376571413062
60862 66053.97839999999 -0.4448512380470343 0.6088232624539827 0.45052986174722054 -0.4779795547687578
60862 66473.97839999999 -0.2975136204641049 0.6928753617845087 0.33225743260720303 -0.5665813067403449
60862 66893.97839999999 -0.1351782044743991 0.7418621526785274 0.19718449768567958 -0.6264867702758815
60862 67313.97839999999 0.034104526400212345 0.7533194247346735 0.0520207912542197 -0.6547064707742872
60862 67733.97839999999 0.2019249310198356 0.7265429243172725 -0.09601395225038736 -0.6497253437648872
60862 68153.97839999999 0.35982933067429884 0.6626635905364952 -0.23946669163679368 -0.6116007865922796
60862 68573.9784 0.49966806510671113 0.564711429545918 -0.3709523023244305 -0.5420583137015107
60862 68993.97839999999 -0.6140902480083728 -0.43756118643178177 0.4835826284492023 0.4445010876157532
60862 69413.97839999999 -0.6969843764636258 -0.28776897135900553 0.5713762892683283 0.3239304464704518
60862 69833.97839999999 -0.7439509128340066 -0.12318750474466657 0.6296968921595686 0.18666467789277025
60862 70253.97839999999 -0.7525904427192192 0.04757338832722902 0.655554606947599 0.039906836012582096
60862 70673.97839999999 -0.7226051455070132 0.21559157650856722 0.6477343622567282 -0.10863826111093934
60862 71093.97839999999 -0.655747054066139 0.37228295917947185 0.6068199032483922 -0.251338028180711
60862 71513.97839999999 -0.5556329795826233 0.5097462782167875 0.5350731376393049 -0.38095598331185065
60862 71933.97839999999 -0.42749172178635453 0.6211467881122543 0.43626559234057555 -0.49101917311006793
60862 72353.9784 -0.27784425565754955 0.7010057461683302 0.3154399821266405 -0.5760999315336094
60862 72773.97839999999 -0.11417673913394175 0.74539283734129 0.17865092813027778 -0.632010313332964
60862 73193.97839999999 0.05539674506724204 0.7520600654996213 0.032691170260440786 -0.6559482798999193
60862 73613.97839999999 0.22244196800254568 0.720530313817277 -0.11516948551881839 -0.6466000520776823
60862 74033.97839999999 0.3785238604068233 0.6521697279899299 -0.25747369907076506 -0.6042364001639372
60862 74453.97839999999 0.5155583176115797 0.5502519323254702 -0.3868667624730245 -0.5308074417406411
60862 74873.97839999999 -0.6263293049219792 -0.41987324036877427 0.4965633750209898 0.42993357441114055
60862 75293.97839999999 -0.7049208816392916 -0.2677771295298817 0.5807352223265855 0.3068037826998098
60862 75713.9784 -0.7471711370837462 -0.10194371845505285 0.6349474660521643 0.16788235622147485
60862 76133.97839999999 -0.7509420635537833 0.06896858607148522 0.6564383897083457 0.020444848691048543
60862 76553.97839999999 -0.716188941379342 0.23605446720535356 0.6442216173026722 -0.12778965747768237
60862 76973.97839999999 -0.6449071888556275 0.39077134877332415 0.5991032183279055 -0.26919844822984246
60862 77393.97839999999 -0.5409365942522762 0.5253270804045317 0.5235571306267522 -0.39661945308101143
60862 77813.97839999999 -0.4096959823598065 0.6330386244372638 0.42154421023852884 -0.5036981048437497
60862 78233.97839999999 -0.2578510093979442 0.7086165271127274 0.29826115413026133 -0.5851630186469777
60862 78653.97839999999 -0.09299083904653396 0.7483418768677512 0.1598797574052318 -0.6370051823584462
60862 79073.97839999999 0.07671626446674161 0.7501926307450213 0.013270455926315025 -0.6566197731881374
60862 79493.9784 0.24282111238222745 0.713925318908699 -0.13426375313225142 -0.6429010740365984
60862 79913.97839999999 0.3969256145502708 0.6411407796762992 -0.2752710360968355 -0.5963341461262568
60862 80333.97839999999 0.5310269254809884 0.5353460566141193 -0.4024458253147797 -0.5190880096559994
60862 80753.97839999999 -0.6380515582820883 -0.40185172888999676 0.509106323619947 0.4149893350582654
60862 81173.97839999999 -0.7122781361945044 -0.2475726943603308 0.5895850258894377 0.28940821507586884
60862 81593.97839999999 -0.7497809898106248 -0.08061166352686569 0.6396451381689258 0.14894403055808214
60862 82013.97839999999 -0.7486788452886731 0.09032573515701409 0.6567498431603688 9.44295713786592E-4
60862 82433.97839999999 -0.7091813653790128 0.256347786642179 0.6401421085584733 -0.14685259321212832
60862 82853.9784 -0.6335281605176122 0.4089664617588245 0.590852929866304 -0.28684720367478406
60862 83273.9784 -0.5257798811261222 0.540501830891135 0.5115689675242576 -0.4119593170113972
60862 83693.97839999999 -0.3915431304236237 0.644430301671658 0.4064376802462268 -0.515957338722409
60862 84113.97839999999 -0.2376248170505053 0.7156584929424316 0.28080487914364527 -0.5937305682295668
60862 84533.97839999999 -0.0717079757162322 0.7506831689908088 0.14095509838615286 -0.641454913654535
60862 84953.97839999999 0.09798984963314461 0.7477110549456127 -0.006173625456564087 -0.6567252500320926
60862 85373.97839999999 0.26301325152974847 0.7067326011105748 -0.15325037805238284 -0.6386449574482148
60862 85793.97839999999 0.4150094162784972 0.6295829562492674 -0.292832237683942 -0.5879130600468316
60862 86213.97839999999 0.5460664083040023 0.519997756381464 -0.41767379496193585 -0.5069146003838368
60863 233.9784 -0.6492538327509629 -0.38349601447088505 0.5212042372269048 0.39968288759947146
60863 653.9784 -0.7190518511040236 -0.2271597228360767 0.5979199772633581 0.2717620218763084
60863 1073.9784 -0.7517753668672146 -0.05920958891024429 0.6437851133448236 0.129879752803651
60863 1493.9784 -0.7458016188195001 0.1116073406197992 0.6564904619509695 -0.01854778297780753
60863 1913.9784 -0.7015976297520115 0.27641876045777575 0.6355113621525951 -0.16576713597181852
60863 2333.9784 -0.6216455842524141 0.42680464629872183 0.5821046422898981 -0.30421825537243424
60863 2753.9784 -0.5102216617256579 0.5552093406208722 0.4991641134023766 -0.42690939540429873
60863 3173.9784 -0.37311007813303276 0.6552739536696907 0.39101771616585784 -0.5277405241992422
60863 3593.9784 -0.21724935115708685 0.7221028055771878 0.2631531080759478 -0.6017646544201042
60863 4013.9784 -0.05040918775821275 0.7524086126590736 0.1219574906567668 -0.6453422067854465
60863 4433.9784 0.11914659402296213 0.7446246491882139 -0.025570643597561973 -0.6562654669720653
60863 4853.9784 0.282963690477396 0.6989727872606611 -0.17207037291401112 -0.633845706229606
60863 5273.9784 0.4327341778334671 0.6175218908035472 -0.31011420085789865 -0.5789965700584693
60863 5693.9784 0.5606444540002861 0.5042326382379628 -0.43252442554697457 -0.49431757407517346
60863 6113.9784 -0.6599124030917553 -0.3648329759587265 0.532842179806796 0.3840465223348678
60863 6533.9784 -0.7252273872076568 -0.20656979188542018 0.6057319876414581 0.2538954845449167
60863 6953.9784 -0.7531478910324547 -0.03777369250351254 0.6473657751207841 0.1107201679473177
60863 7373.9784 -0.7423144771045482 0.13276764308439637 0.6556664900044655 -0.037992419191723976
60863 7793.9784 -0.6934566415204576 0.2962148661607599 0.6303474360402334 -0.18449051269383607
60863 8213.9784 -0.6092963189610848 0.4442356140298245 0.5728886297304755 -0.3212652064160622
60863 8633.9784 -0.4943155555339538 0.5694084794476771 0.48638428634833636 -0.4414254649243318
60863 9053.9784 -0.3544632045081909 0.6655448275853304 0.37533212039182484 -0.5390099428826652
60863 9473.9784 -0.19679709465872805 0.7279441460290256 0.24535351210615317 -0.6092371278025758
60863 9893.9784 -0.029164953086833163 0.7535313714650786 0.10292883216969383 -0.648649006194863
60863 10313.9784 0.1401302608559441 0.7409596020053285 -0.04488250633976115 -0.6552312101947002
60863 10733.9784 0.30263182378757936 0.6906787596694818 -0.19069521353629465 -0.6284999329409486
60863 11153.9784 0.4500714639615912 0.6049925901109036 -0.3270972193214081 -0.5695849825535896
60863 11573.9784 0.5747430984026666 0.48808896682017633 -0.44697933078533 -0.4812992927042529
60863 11993.9784 -0.6700192543620523 -0.3459081826671821 0.5439987543665673 0.3680857008844951
60863 12413.9784 -0.7308055669679556 -0.18585751114529164 0.6129983527117117 0.23582457126485082
60863 12833.9784 -0.75391108353145 -0.016364245508579477 0.6503683084748586 0.0914950978409291
60863 13253.9784 -0.7382474551523054 0.1537366327859689 0.654268597611976 -0.05734409193313109
60863 13673.9784 -0.6848083309866688 0.31566808504380256 0.6246552293156686 -0.20297057516945904
60863 14093.9784 -0.5965440639922109 0.46119976286101777 0.5632257400690276 -0.33794485375027394
60863 14513.9784 -0.47812729324798514 0.5830531461625217 0.4732621646052868 -0.4554846251570505
60863 14933.9784 -0.3356572578604744 0.6752144474578322 0.35941292731925983 -0.549765407119802
60863 15353.9784 -0.17630258531941373 0.7331702825949458 0.22742148516107202 -0.6161641041284948
60863 15773.9784 -0.007982264173236888 0.7540453105698871 0.08386088682947669 -0.6513979618684762
60863 16193.9784 0.1609591581120433 0.7367042940184987 -0.06414325132389966 -0.653639484658146
60863 16613.9784 0.32205440580230577 0.6818252148366483 -0.20917507460658602 -0.6226083233298536
60863 17033.9784 0.46706894392398296 0.5919569523533811 -0.34382785531580795 -0.5596570146895006
60863 17453.9784 0.588403954005264 0.47152223386108055 -0.4610721578634281 -0.46782479105835073
60863 17873.9784 -0.679600817099174 -0.32668072753557265 0.5546917669524688 0.35176622255428663
60863 18293.9784 -0.735796553829796 -0.16499443424277993 0.6197253177853734 0.2175334423414453
60863 18713.9784 -0.754069038728517 0.005035284601061625 0.6527950955038647 0.07220175916234198
60863 19133.9784 -0.733606774803105 0.1745172688526869 0.6523021646025453 -0.07659444425034627
60863 19553.9784 -0.6756624014159234 0.3347796667505912 0.6184453572647133 -0.22119727421682184
60863 19973.9784 -0.58339863477706 0.4777101067098908 0.553125057196491 -0.35424815876566795
60863 20393.9784 -0.461660314259773 0.5961737063877094 0.45979611333382625 -0.4690780321147177
60863 20813.9784 -0.3166780469497331 0.6843198228218763 0.3432493299586268 -0.5600011537096083
60863 21233.9784 -0.15573054631766942 0.737812158894954 0.2093432961118498 -0.6225404400546151
60863 21653.9784 0.01318520226489598 0.7539685095305932 0.06474255920857003 -0.6535794045902721
60863 22073.9784 0.18167541398676637 0.7318641900627373 -0.0833548060527468 -0.6514758841004474
60863 22493.9784 0.34126021034672616 0.6724108448618678 -0.22749728751659584 -0.616157535634231
60863 22913.9784 0.48373331526295366 0.5784150267919793 -0.3602838565932414 -0.5492118709243696
60863 23333.9784 0.601623423824469 0.45454270505436234 -0.47477203269184726 -0.4539071514762
60863 23753.9784 -0.6886504843273842 -0.30716359450804803 0.5648959527052654 0.3351172917976112
60863 24173.9784 -0.7402002602534051 -0.14398993996129852 0.6258982908356411 0.1990522580624397
60863 24593.9784 -0.7536257402355033 0.026437648704940506 0.6546418904133086 0.052851581826219345
60863 25013.9784 -0.7283754345246788 0.19520500148040298 0.6497582730625947 -0.09580407279826685
60863 25433.9784 -0.6659477318151084 0.35370931573962217 0.6116732062219009 -0.23928900359093108
60863 25853.9784 -0.5697197341077866 0.49394578961450836 0.5424926326761302 -0.3703224608127005
60863 26273.9784 -0.4447183110443668 0.6089232906165701 0.44584925216846927 -0.48234478778913986
60863 26693.9784 -0.2973152470726944 0.6929628697369303 0.3266813175128645 -0.5698117424308838
60863 27113.9784 -0.13489826699180651 0.7419141378831376 0.19097278672299156 -0.6284069257280531
60863 27533.9784 0.034461750710593146 0.7533033415353428 0.04547646293767023 -0.6551933719813763
60863 27953.9784 0.20233149668972206 0.7264298427818533 -0.10255176742099827 -0.6487255074082247
60863 28373.9784 0.36023817983539164 0.6624425087584858 -0.245644050161361 -0.6091447914896508
60863 28793.9784 0.500024519658784 0.5644002975100839 -0.3764207073719697 -0.5382705964216482
60863 29213.9784 -0.6143542951100581 -0.4371985776735434 0.4880410106169854 0.4395931934368477
60863 29633.9784 -0.6971409872947791 -0.28740376261989004 0.5745905745595821 0.3181810690359813
60863 30053.9784 -0.7440098896228858 -0.12286096937527963 0.6315160795194915 0.18039375725295784
60863 30473.9784 -0.7525775636211772 0.04784773406959721 0.6559113540082576 0.03343502297699513
60863 30893.9784 -0.7225394494905211 0.21582368989175654 0.6466311174803285 -0.11500033355422593
60863 31313.9784 -0.6556350047253 0.37248609009344397 0.6043196209839391 -0.25728320769063584
60863 31733.9784 -0.5554680355136578 0.5099306070778589 0.5312962560389446 -0.3861998521579267
60863 32153.9784 -0.42726080433780356 0.6213092920375387 0.4313882012227512 -0.4953051469046379
60863 32573.9784 -0.27753852364647535 0.7011300909456514 0.30969098598191674 -0.5792067477716619
60863 32993.9784 -0.11379980412774326 0.7454523561381321 0.1723117959658322 -0.633765756632231
60863 33413.9784 0.055823233965464396 0.7520294862925986 0.02608348954498331 -0.6562431484360689
60863 33833.9784 0.22287985149942424 0.7203957107160948 -0.12169883918870754 -0.6454021880328329
60863 34253.9784 0.37892880485503544 0.6519354162279536 -0.2635737508145663 -0.6015995776264811
60863 34673.9784 0.5158881144304094 0.5499440360147024 -0.3922048432802142 -0.5268741515284642
60863 35093.9784 -0.6265610206736405 -0.41953044068510437 0.5008556454685377 0.424922486005698
60863 35513.9784 -0.7050506220988288 -0.26743609718089906 0.5837676139947223 0.3009932342322864
60863 35933.9784 -0.747213039271469 -0.10163233175679101 0.636580729927299 0.16158130266091697
60863 36353.9784 -0.7509154073475707 0.06924604172286183 0.6566094010315865 0.013968936634152686
60863 36773.9784 -0.7161035280121014 0.23630813413542523 0.6429336316066673 -0.1341288494661664
60863 37193.9784 -0.6447611730017071 0.3910098422673747 0.5964205530670584 -0.27509426914912194
60863 37613.9784 -0.5407200083620517 0.5255499908995948 0.5196045182001193 -0.4017838029194315
60863 38033.9784 -0.409399955961298 0.6332306310939377 0.41650765802081136 -0.5078700766074719
60863 38453.9784 -0.2574772397837345 0.7087530893405181 0.2923835715802319 -0.5881210559175793
60863 38873.9784 -0.0925569098209864 0.7483956016973105 0.15345734180827436 -0.6385828732824338
60863 39293.9784 0.0771770447044001 0.7501446161058665 0.0066364582861617154 -0.6567211859834379
60863 39713.9784 0.24326687862998014 0.7137726063757287 -0.140756205017154 -0.6415119507058262
60863 40133.9784 0.3973153170260424 0.6408986755364283 -0.28127410099423045 -0.5935270058405387
60863 40553.9784 0.5313289556099481 0.5350459629732617 -0.40763977439141663 -0.5150195848417533
60863 40973.9784 -0.6382531009314605 -0.401529159551189 0.5132254119679619 0.40988655710062816
60863 41393.9784 -0.71238487499272 -0.24725687127350413 0.5924298587138848 0.28354663107483935
60863 41813.9784 -0.7498087126712337 -0.08031792618662173 0.6410878880727252 0.14262624198176332
60863 42233.9784 -0.7486410319586665 0.09060124038011833 0.6567324973505569 -0.005517919277012301
60863 42653.9784 -0.7090797556204225 0.25661524363025073 0.638670323398576 -0.153149387579015
60863 43073.9784 -0.6333535279903707 0.40922784101798426 0.5879943804091253 -0.2926747193134368
60863 43493.9784 -0.5255204171499647 0.5407486025841093 0.5074526803426974 -0.41702639865465635
60863 43913.9784 -0.3911954294541655 0.6446398722827364 0.4012565716316649 -0.5199987834215295
60863 44333.9784 -0.23719883597619332 0.7158005026724088 0.2748136445271329 -0.5965264565525829
60863 44753.9784 -0.07123051430525161 0.7507292932283652 0.13446276863177323 -0.6428464093175963
60863 45173.9784 0.09847742048419542 0.7476472169326327 -0.012825270375519374 -0.6566287757229823
60863 45593.9784 0.26346718008835524 0.7065633537387268 -0.1597040780754308 -0.6370619119173972
60863 46013.9784 0.415390011943221 0.6293303926999201 -0.29874543781593377 -0.5849320970729348
60863 46433.9784 0.5463491375538161 0.5196954979017057 -0.4227381434279337 -0.5027043578943826
60863 46853.9784 -0.649435604978509 -0.3831788938428875 0.5251646015636702 0.39447366396758426
60863 47273.9784 -0.7191449041775855 -0.2268525140349596 0.6005868925994315 0.2658268761980035
60863 47693.9784 -0.7517936644910022 -0.05891900234842337 0.6450401920386791 0.12352322797013135
60863 48113.9784 -0.7457537851293657 0.11189139114988136 0.6562818766773703 -0.025014133936579058
60863 48533.9784 -0.7014797716687156 0.27670353338199577 0.633849588049875 -0.17203483450315832
60863 48953.9784 -0.6214451531192741 0.42708625261799554 0.5790633249171129 -0.3099821288803887
60863 49373.9784 -0.5099272947037286 0.5554714549216703 0.4948811664961049 -0.4318775844273399
60863 49793.9784 -0.37272352836781036 0.6554888882529967 0.3856962059088656 -0.5316483099995772
60863 50213.9784 -0.2167869682695701 0.7222379781683155 0.2570592935496305 -0.6043974130318537
60863 50633.9784 -0.04990651300498524 0.7524390830182034 0.11540604421950758 -0.646549465442524
60863 51053.9784 0.11964574789334943 0.744541067601481 -0.03223223490850527 -0.6559760488757885
60863 51473.9784 0.28341414123132436 0.6987848762410774 -0.1784864183932685 -0.6320749320578978
60863 51893.9784 0.433099328748287 0.6172566422886878 -0.3159448202909596 -0.5758455344270643
60863 52313.9784 0.5609086938254361 0.5039285045285494 -0.4374637339345362 -0.4899622240609131
60863 52733.9784 -0.6600786355407983 -0.3645243470372053 0.5366439133500399 0.37872352129759773
60863 53153.9784 -0.7253084074178163 -0.20627508386532048 0.6082194112701589 0.24788596503143814
60863 53573.9784 -0.7531574377910278 -0.0374974741651124 0.648430479851868 0.10433468325713716
60863 53993.9784 -0.7422605350061993 0.1330417636546844 0.6552660504322555 -0.044447614636502174
60863 54413.9784 -0.6933323858555717 0.2964943276074446 0.6284994591240829 -0.1907085375675809
60863 54833.9784 -0.609086937690822 0.44451313180034874 0.5696749420691682 -0.3269428671342325
60863 55253.9784 -0.49400858995281816 0.5696614780592631 0.4819536552103903 -0.4462756857565829
60863 55673.9784 -0.35406258959069925 0.6657426855475097 0.36989713616257236 -0.5427729432746671
60863 56093.9784 -0.196327158914268 0.728057296574319 0.2391838270301484 -0.6117019833748768
60863 56513.9784 -0.028664880864282302 0.7535378605056712 0.09634461690557068 -0.6496743277849996
60863 56933.9784 0.1406152211813795 0.7408541459239736 -0.05153058507070434 -0.6547572778073126
60863 57353.9784 0.3030590094614121 0.6904760385579225 -0.19704976448962552 -0.6265536427762664
60863 57773.9784 0.45041402684070053 0.6047238347915262 -0.33281778142307183 -0.5662760920512182
60863 58193.9784 0.5749867363271118 0.48779103700516274 -0.45177144859390034 -0.4768151796038934
60863 58613.9784 -0.6701669808454582 -0.3456095937337581 0.5476303019086819 0.36267241270198053
60863 59033.9784 -0.7308708745252346 -0.18557210370423488 0.615303139941305 0.22976684938405337
60863 59453.9784 -0.7539079938494798 -0.0160998016647958 0.6512454761649149 0.08510501143258303
60863 59873.9784 -0.7381852379523401 0.1539907788511759 0.653685315536858 -0.06375658985182132
60863 60293.9784 -0.6846840030201464 0.3159189251559263 0.6226407867300565 -0.20909686615731152
60863 60713.9784 -0.5963478307549068 0.4614443055244617 0.5598726456882092 -0.3434836797622985
60863 61133.9784 -0.4778505312254611 0.5832732840860573 0.46872949115275864 -0.46015628867014974
60863 61553.9784 -0.33530281730763717 0.6753839646086862 0.35392214774457614 -0.5533241675463674
60863 61973.9784 -0.17589071488625857 0.7332634571387587 0.221248529834625 -0.6184143003583712
60863 62393.9784 -0.007547131021136808 0.7540442502585063 0.0773265616753553 -0.6522123215065048
60863 62813.9784 0.1613773261521941 0.736606410218568 -0.0706933901172274 -0.6529707494387607
60863 63233.9784 0.322422157731031 0.6816448957480361 -0.21538926378570797 -0.6204930727659784
60863 63653.9784 0.4673614769609376 0.5917193698259319 -0.349381578131305 -0.5562139427308272
60863 64073.9784 0.588612838341825 0.4712566077809037 -0.46568146939100186 -0.4632417351964883
60863 64493.9784 -0.6797286239531872 -0.32640803576592287 0.5581316006935391 0.3462887642898721
60863 64913.9784 -0.735852795854311 -0.16472538419683652 0.6218339407718677 0.21144446253975951
60863 65333.9784 -0.7540620589450254 0.005298451349738063 0.6534764850502528 0.06580897476218633
60863 65753.97839999999 -0.7335429044693066 0.17476307891807574 0.6515290941391724 -0.0829609127239917
60863 66173.97839999999 -0.6755427527430933 0.3350125185179334 0.6162598567294907 -0.22722761855967893
60863 66593.97839999999 -0.5832172359689534 0.47792867788071725 0.5496321069928398 -0.35964757956996635
60863 67013.97839999999 -0.4614109556281155 0.596368218620807 0.45516080653582275 -0.4735752506614486
60863 67433.97839999999 -0.3163598330602309 0.6844721592988422 0.3376938782962321 -0.5633623733727099
60863 67853.97839999999 -0.15535268956619816 0.73789817659211 0.20314388767412797 -0.6245833681160818
60863 68273.97839999999 0.013599981942636888 0.7539671948794772 0.05821683407083023 -0.6541859901950682
60863 68693.9784 0.18209291582759093 0.7317659992092048 -0.08986519479550673 -0.6506035191813259
60863 69113.97839999999 0.34164440339338614 0.6722212354880016 -0.2336454140541438 -0.6138465057980127
60863 69533.97839999999 0.48405157863322357 0.5781541306063566 -0.3657432233224822 -0.545585708279802
60863 69953.97839999999 -0.6018570984103022 -0.4542391593922925 0.47925756606154973 0.4491625591481047
60863 70373.97839999999 -0.6887954347248739 -0.3068484482036223 0.5681798205535564 0.3295095908360321
60863 70793.97839999999 -0.7402634491654415 -0.14368611085236252 0.6278235634763696 0.19287794202977004
60863 71213.97839999999 -0.7536188755299774 0.026729642481328822 0.65512544669343 0.046419454461320835
60863 71633.97839999999 -0.7283035478592065 0.19548613528679817 0.6487833016741357 -0.10217309114992931
60863 72053.9784 -0.6658090915416668 0.35397813623146 0.6092892935954594 -0.2452840993633878
60863 72473.9784 -0.5695091746317862 0.49419655900917736 0.5388127509891785 -0.3756459509234512
60863 72893.97839999999 -0.4444312907938464 0.6091403487006612 0.4410498543760041 -0.4867277363198629
60863 73313.97839999999 -0.29695417272758434 0.6931241592167788 0.32099610894747194 -0.5730258434401474
60863 73733.97839999999 -0.13447961382149234 0.7419966494715925 0.18468437763380816 -0.6302760397614413
60863 74153.97839999999 0.03491027824484889 0.753288894848108 0.03890719135162737 -0.6556091395278982
60863 74573.97839999999 0.20277478839041768 0.7263119450118187 -0.10905732544195684 -0.6476571959716169
60863 74993.97839999999 0.360639498924627 0.6622293122609688 -0.25174163204326305 -0.6066445750964503
60863 75413.97839999999 0.5003532684758835 0.5641141957919117 -0.3817868053659541 -0.5344722781211427
60863 75833.9784 -0.614593531822183 -0.4368685445671731 0.4923971533517804 0.4347018619481155
60863 76253.97839999999 -0.6972878057842569 -0.28706035527135315 0.5777166563619343 0.3124572503528247
60863 76673.97839999999 -0.7440708652056007 -0.12252647091448593 0.6332630072698228 0.17413723065734873
60863 77093.97839999999 -0.7525623492580269 0.04817089865923153 0.656203237357191 0.02695897408180836
60863 77513.97839999999 -0.7224478343835185 0.21614792211116077 0.6454570235287972 -0.1213854733439615
60863 77933.97839999999 -0.6554587274385232 0.37280570414138625 0.6017323662889411 -0.26326397958062675
60863 78353.97839999999 -0.555199057305884 0.510230216401736 0.5274149458233588 -0.39147491357613035
60863 78773.97839999999 -0.42689918325972853 0.6215645353300948 0.42639750854918584 -0.49959962015108383
60863 79193.97839999999 -0.277095767787815 0.7013112912455107 0.3038382079745779 -0.5822909510033903
60863 79613.9784 -0.11330436731520893 0.7455340010907566 0.16589493194895266 -0.6354683667331996
60863 80033.97839999999 0.056333606023178044 0.7519970779557577 0.019439536812301213 -0.656467077610866
60863 80453.97839999999 0.22336223575438435 0.720251244881029 -0.12821974190641194 -0.6441328695786173
60863 80873.97839999999 0.37934664349740127 0.651696883950863 -0.26962639219112494 -0.598906423533751
60863 81293.97839999999 0.5162169502814051 0.5496399611087216 -0.39747372908352835 -0.5229059266091768
60863 81713.97839999999 -0.6267928726687939 -0.41919120398553256 0.5050735996922003 0.419892948460347
60863 82133.97839999999 -0.7051888072372574 -0.2670864977140475 0.5867282529402381 0.2951669122510758
60863 82553.97839999999 -0.7472657359773417 -0.10128584857623708 0.6381461238309261 0.1552566306216833
60863 82973.9784 -0.7508889802506209 0.0695892660169112 0.6567095794376911 0.007456652612338636
60863 83393.97839999999 -0.7159919370706913 0.23666130302312063 0.6415616708917224 -0.14051902413473824
60863 83813.97839999999 -0.6445498648900185 0.3913664008836013 0.5936327469710357 -0.2810479917261416
60863 84233.97839999999 -0.5403966709542375 0.5258862994241105 0.5155259785630877 -0.4069987758288264
60863 84653.97839999999 -0.40896569027886975 0.6335128231218967 0.4113316728952205 -0.5120691574270716
60863 85073.97839999999 -0.25695149792292166 0.7089442256306399 0.28636843054009226 -0.5910728674623321
60863 85493.97839999999 -0.09197752193291463 0.7484661814566218 0.14691634086967484 -0.6401203788821983
60863 85913.97839999999 0.0777599758851752 0.7500827629798914 -8.290984546973706E-5 -0.656756597193166
60863 86333.97839999999 0.24380071835901834 0.7135876295537195 -0.14729741723571568 -0.640044823079773
60864 353.9784 0.3977618294336891 0.6406187087537334 -0.28728792747046383 -0.590642737845806
60864 773.9784 0.5316670847027333 0.5347086829973571 -0.4128146241060871 -0.5108823949746933
60864 1193.9784 -0.6384808615553628 -0.40116829502531565 0.517306065211138 0.40472289704163367
60864 1613.9784 -0.7125117268964108 -0.2468944458182586 0.5952248771768067 0.2776283797615884
60864 2033.9784 -0.7498481869675456 -0.07996128631331015 0.6424718910234519 0.13624888416921188
60864 2453.9784 -0.7485989187879257 0.09095705875105083 0.6566439792468617 -0.012048102412973187
60864 2873.9784 -0.7089448376402239 0.25698876163012335 0.6371069871113663 -0.15952642587662297
60864 3293.9784 -0.6331044690708285 0.4096136696351732 0.5850146745294568 -0.29858533700727036
60864 3713.9784 -0.5251402314088082 0.5411176635890623 0.5031849771788642 -0.42216618795128985
60864 4133.9784 -0.39068446325174505 0.6449458346439293 0.39590429477724676 -0.5240899826614434
60864 4553.9784 -0.23658405716854575 0.7159964263914392 0.26864885111510894 -0.5993370471470044
60864 4973.9784 -0.07056547737392385 0.750782771101655 0.12781285034846696 -0.6442124023221771
60864 5393.9784 0.09912542163268911 0.7475514290752743 -0.01959949750627113 -0.6564730545659574
60864 5813.9784 0.2640354688518872 0.7063397117610927 -0.16623457451278426 -0.6354018799263772
60864 6233.9784 0.4158386203287321 0.6290217477885198 -0.30468342615370997 -0.5818744645363028
60864 6653.9784 0.546664248141774 0.5193511210615176 -0.4277824871137997 -0.49843229888768803
60864 7073.9784 -0.6496284959931781 -0.3828340383246317 0.5290791784857488 0.38922504953630743
60864 7493.9784 -0.7192388449078976 -0.2265215491993399 0.6031996874513581 0.25987229321816513
60864 7913.9784 -0.7518099337246281 -0.0585919223192807 0.6462402950017175 0.11714218415239942
60864 8333.9784 -0.7456924814948018 0.11223419448292617 0.6560123897577185 -0.03152702198528447
60864 8753.9784 -0.7013158250414534 0.2770904110262195 0.6321050201492234 -0.17838234544342188
60864 9173.9784 -0.6211422724726471 0.42751194056414277 0.5758949245476821 -0.3158494164990912
60864 9593.9784 -0.5094599581509073 0.55589445879635 0.4904138928274299 -0.4369509302453023
60864 10013.9784 -0.37209657532050766 0.6558437753233318 0.3801398453792753 -0.5356367976151466
60864 10433.9784 -0.2160432118672735 0.7224613738597098 0.2507031811683221 -0.6070607950105956
60864 10853.9784 -0.049120469322553026 0.7524910054470917 0.10860550144050335 -0.6477262626076035
60864 11273.9784 0.12038680389708903 0.7444211640313746 -0.03908906449955235 -0.6556036859461416
60864 11693.9784 0.28403539776311715 0.698532165871372 -0.18501573057621395 -0.6301951170073818
60864 12113.9784 0.43355880699341637 0.6169333117170159 -0.32180179209936915 -0.5725937970096736
60864 12533.9784 0.5612019961250332 0.5035962551039384 -0.44236523072666045 -0.4855472521132375
60864 12953.9784 -0.6602385328797464 -0.36422036609843 0.5403769699666433 0.3733916642743851
60864 13373.9784 -0.7253792493263836 -0.20600348169923163 0.6106332584285908 0.2418977756726349
60864 13793.9784 -0.7531662148918211 -0.03721869969847534 0.6494313498497426 0.09795071705007087
60864 14213.9784 -0.7421949984249454 0.1333747736906359 0.6547988024361935 -0.050953727872392725
60864 14633.9784 -0.6931416567751304 0.29692227906973656 0.6265473636470098 -0.1970538123001997
60864 15053.9784 -0.6087079262442088 0.4450200021455972 0.5662759648220345 -0.33281134277948143
60864 15473.9784 -0.4934026959144623 0.5701801279252354 0.4772263087088039 -0.4513351877038529
60864 15893.9784 -0.3532434310055398 0.6661764744976759 0.36405988079427726 -0.5467068560694464
60864 16313.9784 -0.19536232537674061 0.7283173375289544 0.23255198077881423 -0.6142532001658418
60864 16733.9784 -0.027665450026659936 0.7535756207101919 0.08930784606176885 -0.6506785038541527
60864 17153.9784 0.14153059873012952 0.7406797483494887 -0.05854989087534968 -0.6541670354630488
60864 17573.9784 0.3037962991469363 0.6901526798966999 -0.2036478905556134 -0.6244394476074341
60864 17993.9784 0.45092968536280986 0.6043400325581243 -0.33865056745807126 -0.5628066604674903
60864 18413.9784 0.5752923983335636 0.4874299495860899 -0.4565680120145642 -0.4722248945906887
60864 18833.9784 -0.6703221007501459 -0.34531239049450785 0.5512019906542129 0.357217020473147
60864 19253.9784 -0.7309374225590363 -0.18532327532542395 0.6175284977284756 0.22370588373715627
60864 19673.9784 -0.7539175045209149 -0.015832304559965826 0.6520479776900919 0.07868398375487982
60864 20093.9784 -0.7381070538344544 0.1543793742205319 0.6530092204440839 -0.07031318446855091
60864 20513.9784 -0.6844275585850678 0.31647606513029375 0.6204463674092594 -0.21551826469602048
60864 20933.9784 -0.5958173554881864 0.462128032670877 0.5561771169934894 -0.34943722590991855
60864 21353.9784 -0.4769987797593789 0.5839715257640675 0.463647727275616 -0.46527433434158655
60864 21773.9784 -0.33416619617758647 0.6759490226568534 0.3476995114656417 -0.5572530141937336
60864 22193.9784 -0.17458497862691433 0.7335764000557216 0.21424544122124858 -0.6208740946722133
60864 22613.9784 -0.006241907355031126 0.7540564249758515 0.06998372215819644 -0.6530407530760188
60864 23033.9784 0.16251821878637707 0.7363554345428671 -0.07791068664960374 -0.6521490837894934
60864 23453.9784 0.32328531743730177 0.6812365412732081 -0.22205936652735261 -0.6181367292930025
60864 23873.9784 0.4679220355644903 0.591279644356683 -0.35516973855734324 -0.5525321779007325
60864 24293.9784 0.5889170736345917 0.47088710066118594 -0.47034549058912634 -0.4584944255877549
60864 24713.9784 -0.6798697851669465 -0.32613164483904644 0.5615283994628241 0.34073608856173004
60864 25133.9784 -0.735913544479165 -0.1644892584102215 0.6238726505158484 0.20532280647336165
60864 25553.9784 -0.7540676696033296 0.005573717047401348 0.6540855149720023 0.059355054048410544
60864 25973.9784 -0.7334307896837594 0.17526091580387643 0.6506422669567804 -0.08959647640831264
60864 26393.9784 -0.6751768497754103 0.33576043112851234 0.6138054651394065 -0.23376057276783296
60864 26813.9784 -0.5824805126714047 0.47883213964385984 0.5456143306299945 -0.36570648970632674
60864 27233.9784 -0.460271257650938 0.597252451936171 0.4497130802097312 -0.47874630392821993
60864 27653.9784 -0.3149075761461954 0.6851451927855654 0.33110829868531244 -0.5672535392840458
60864 28073.9784 -0.15376985187162534 0.7382318196481769 0.19584259074738516 -0.6269085202512982
60864 28493.9784 0.015088483226945382 0.7539399359800015 0.05069511133607629 -0.6548105957412449
60864 28913.9784 0.1832975225879738 0.7314659348990395 -0.09711771693071677 -0.6495596611194006
60864 29333.9784 0.34246622049544506 0.6718045375453718 -0.2402156259532599 -0.6113035286998578
60864 29753.9784 0.4845186415648218 0.577767062446113 -0.37134358354117225 -0.541784874734769
60864 30173.9784 -0.6020672767889408 -0.45396759743754783 0.48370167614208537 0.4443659563851249
60864 30593.9784 -0.6888792933178932 -0.30667194609173226 0.5713640068528294 0.3239456874095252
60864 31013.9784 -0.7403046569071617 -0.14349574542884105 0.6296713503153819 0.1867403989430094
60864 31433.9784 -0.7536130699592894 0.02699878945961105 0.6555469646319498 0.03995726862647023
60864 31853.9784 -0.7281754124030336 0.19597370804424866 0.6477066116454059 -0.10877049120918288
60864 32273.9784 -0.6654361886861041 0.35468329696975787 0.6066608839406007 -0.251708183287678
60864 32693.9784 -0.5687997933746088 0.49501663118864364 0.5346662241629657 -0.38151980111517925
60864 33113.9784 -0.4433768158368342 0.609911288417451 0.4355490229868547 -0.49165258873980433
60864 33533.9784 -0.29565532180058485 0.6936820380824268 0.31445041308476823 -0.5766403545049739
60864 33953.9784 -0.13310878183300656 0.7422453209457607 0.1775149576172671 -0.6323309066898419
60864 34373.9784 0.03615788639097312 0.7532304659530198 0.03158861812884884 -0.6560020058023024
60864 34793.9784 0.20374677933664084 0.7260399395882121 -0.11606959772879631 -0.6464372394252723
60864 35213.9784 0.36126929605115454 0.6618860614818746 -0.2580655244322962 -0.6039813924668536
60864 35633.9784 0.5006882387859675 0.5638175256145812 -0.3871588459214339 -0.5305931712489714
60864 36053.9784 -0.6147336272512226 -0.43667356678177544 0.49663803360250763 0.4298481443254951
60864 36473.9784 -0.6973411352117613 -0.28692975888798433 0.5807145046335123 0.30685064561494696
60864 36893.9784 -0.7440974461958709 -0.12235718984319864 0.6349269062990884 0.167974796668807
60864 37313.9784 -0.752542846661012 0.04844519694612353 0.6564392306949871 0.020490564578978396
60864 37733.9784 -0.7223461110342323 0.21647931119360606 0.6442200170122322 -0.12780208675769572
60864 38153.9784 -0.655209577729514 0.3732392444786607 0.5990313842363484 -0.2693590101191988
60864 38573.9784 -0.5547227241605305 0.5107470227420532 0.5233092064147691 -0.3969479216995514
60864 38993.9784 -0.42614559034234 0.6220817247926819 0.4210289388616982 -0.504131824180673
60864 39413.9784 -0.2760828096002392 0.7017115856825136 0.2974545695731963 -0.5855765635697819
60864 39833.9784 -0.11212288742212999 0.7457129957400644 0.15884882235921172 -0.6372657512651958
60864 40253.9784 0.057541365900978 0.7519052551334053 0.012156477890527758 -0.6566427480436493
60864 40673.9784 0.22444623414846673 0.7199135062308617 -0.13529002769791285 -0.6426858018724676
60864 41093.9784 0.3801893482207022 0.6512052617136966 -0.2760628382512617 -0.5959673447031901
60864 41513.9784 0.5167787261201856 0.5491116564516092 -0.4029426854290999 -0.518703508025301
60864 41933.9784 -0.6271037206856409 -0.4187238360406121 0.5093404503229086 0.4147090284748052
60864 42353.9784 -0.7053233924243536 -0.26672364077887 0.5896502086537311 0.2892923140757061
60864 42773.9784 -0.7473005752067806 -0.10100211260950966 0.6396489225893749 0.14896200647911115
60864 43193.9784 -0.750865482288646 0.06979571816202673 0.656756018381113 0.0010571442063588895
60864 43613.9784 -0.7158616504634637 0.2370410293923602 0.6401299236943818 -0.14692626916709203
60864 44033.9784 -0.6441214305470911 0.3920615351544325 0.5906408688790828 -0.2872954913883622
60864 44453.9784 -0.5393583126342509 0.5269448547885345 0.5108447716293261 -0.41286723035766076
60864 44873.9784 -0.40705783914157895 0.6347385200927728 0.4049148524322973 -0.5171604093350108
60864 45293.9784 -0.2541540015303746 0.7099527590248728 0.27841417031503485 -0.5948599610218023
60864 45713.9784 -0.08848653135580371 0.7488878116830654 0.13785174740261177 -0.6421324435186362
60864 46133.9784 0.08150540660705913 0.749685122101463 -0.00958886130226723 -0.6566864854193806
60864 46553.9784 0.24727754925773474 0.7123894841069216 -0.15646992583711092 -0.6378653454103709
60864 46973.9784 0.4005206039376168 0.6388948867231455 -0.29540845400816323 -0.5866262991385339
60864 47393.9784 0.5335150908272531 0.5328584071994175 -0.4193984253358028 -0.5054982953110096
60864 47813.9784 -0.6394598920423673 -0.39959625432365536 0.5221050092732419 0.39852257061734475
60864 48233.9784 -0.7128780523067312 -0.24582355292405259 0.5982428527949188 0.2710740718824913
60864 48653.9784 -0.7499084646760605 -0.0793519402067784 0.6438455988855176 0.12962796375922392
60864 49073.9784 -0.7485511013487071 0.09130615026045787 0.6564978426768197 -0.01857466432897686
60864 49493.9784 -0.7087915827525996 0.25739581470601264 0.6354784568705307 -0.16591870793958663
60864 49913.9784 -0.6327166028941207 0.41020190719906374 0.5818834102871976 -0.3046568439817414
60864 50333.9784 -0.5241905133458075 0.5420282741759922 0.49842608047275344 -0.4277862760966305
60864 50753.9784 -0.3888495548009906 0.6460475622487335 0.3894283850661659 -0.5289273144282666
60864 51173.9784 -0.23377055642282282 0.7169153173090449 0.2605976821941122 -0.6028868905462216
60864 51593.9784 -0.06685811173966244 0.7511181995984219 0.11851273953850515 -0.6459923944550049
60864 52013.9784 0.10330236679144955 0.7469810031818132 -0.029496376254009964 -0.6561081966327342
60864 52433.9784 0.2680922800925916 0.7048029805836957 -0.17590456343267435 -0.6328008158011921
60864 52853.9784 0.4192071854402276 0.6267718075926696 -0.31330528119274415 -0.5772886952461791
60864 53273.9784 0.5490219407758957 0.5168490215982738 -0.4347491667019914 -0.4923770501064201
60864 53693.9784 -0.65093985777579 -0.38059378950311634 0.5340735926384395 0.38234940381379184
60864 54113.9784 -0.7197411438551983 -0.22491202482259423 0.6062102108606564 0.25277746572922594
60864 54533.9784 -0.75187587943066 -0.057683012911601765 0.6474615464097817 0.11022194823385054
60864 54953.9784 -0.7456309298316657 0.11260847685971881 0.6556708940046425 -0.03807264336571208
60864 55373.9784 -0.7012376579361731 0.277275698413932 0.6303434198364416 -0.18452942104216502
60864 55793.9784 -0.6209460385943084 0.42778761510749425 0.5727393978403937 -0.32154837221808674
60864 56213.9784 -0.5090665145311273 0.5562416518082262 0.48595424203572785 -0.4419219198277756
60864 56633.9784 -0.37107270855593777 0.6564073804853412 0.3742238056793436 -0.539806390358804
60864 57053.9784 -0.21401925632092647 0.7230490221335572 0.24324352207076 -0.6101052847551446
60864 57473.9784 -0.04597172964651484 0.7526765335715709 0.09974715549529703 -0.6491649565823687
60864 57893.9784 0.1244350097855269 0.7437405849276315 -0.04887656850768013 -0.6549633208982731
60864 58313.9784 0.28844459046947657 0.6967062473208849 -0.19496722377636802 -0.6272064291968646
60864 58733.9784 0.4376419691454929 0.6140283107369615 -0.33100090313006686 -0.5673421741621618
60864 59153.9784 0.5643838653563981 0.500015969793076 -0.4500016112052677 -0.47849078610765755
60864 59573.9784 -0.6622217897716811 -0.3605909718552748 0.5459088568090149 0.36526698759336884
60864 59993.9784 -0.7262499736743868 -0.20288817263539344 0.6139127356576564 0.23347059373710383
60864 60413.9784 -0.7532642763259515 -0.0349909106242678 0.6506082458590545 0.08987478292062351
60864 60833.9784 -0.7419589186484655 0.13462966572849408 0.6542007579965005 -0.058251046176338576
60864 61253.9784 -0.6929090213555839 0.2974444124219015 0.6245133668483785 -0.20343786341470313
60864 61673.9784 -0.608546249464183 0.44523210134150604 0.5629960450569119 -0.3383419741155078
60864 62093.9784 -0.49310182330251257 0.5704359180314926 0.47271114615074794 -0.4560675690949227
60864 62513.9784 -0.35238613435547333 0.6666272900686139 0.3581801783956805 -0.5505806282954575
60864 62933.9784 -0.19357876131669435 0.7287914064598567 0.22523490614307543 -0.6169761633094736
60864 63353.9784 -0.02481192853752958 0.7536730218730596 0.0806904055888925 -0.6518054945678803
60864 63773.9784 0.1452582135506132 0.7399546352325592 -0.06802265278879287 -0.6532534790580988
60864 64193.9784 0.30789270417024595 0.6883313586287029 -0.21323790767180564 -0.6212339480250962
60864 64613.9784 0.45473233920970263 0.6014801076633223 -0.3474781376692663 -0.5574039142346316
60864 65033.9784 0.5782468997405763 0.48391925537840674 -0.46384773276961083 -0.46507844286626726
60864 65453.9784 -0.6721416756788563 -0.3417546297191559 0.5564104631569926 0.34905119591624795
60864 65873.97839999999 -0.7317072643989919 -0.18225107148731076 0.620526051009884 0.21525902114789464
60864 66293.97839999999 -0.7539572499782982 -0.013606808867994754 0.6529771859143862 0.07059826225142518
60864 66713.97839999999 -0.7378348649667428 0.15565542166115656 0.6521886318655541 -0.07759568423780175
60864 67133.97839999999 -0.684174124070281 0.31701702078844307 0.6182165878819277 -0.22184279783375965
60864 67553.97839999999 -0.5956582110128423 0.46233144691181594 0.5527426967008766 -0.35484706578080877
60864 67973.97839999999 -0.47674372747330807 0.5841816621899097 0.4590408973163143 -0.46981768641348887
60864 68393.97839999999 -0.3334211515729195 0.6763223740395277 0.34181404015240796 -0.5608756939037505
60864 68813.9784 -0.17298781514211267 0.733961726794259 0.20702453631235182 -0.6233107096610836
60864 69233.97839999999 -0.0036367953568626744 0.7540801427730304 0.06156288345666565 -0.6538806644758961
60864 69653.97839999999 0.16596256762154352 0.7355925461802915 -0.08710586089379084 -0.6509781879221544
60864 70073.97839999999 0.327109205359045 0.6794139360923688 -0.23133618609406076 -0.6147193182390667
60864 70493.97839999999 0.47149478161024994 0.5884400319277665 -0.3636805392497381 -0.5469620326038834
60864 70913.97839999999 0.59169229526531 0.4674019947122032 -0.47732035510902493 -0.4512215438798519
60864 71333.97839999999 -0.6815618646295292 -0.3225931862296124 0.5664502348202504 0.33247735615080504
60864 71753.97839999999 -0.7365988312111511 -0.1614180962383649 0.6266037032078783 0.19680995704313634
60864 72173.9784 -0.7540521945254649 0.007824062337050151 0.654767200236263 0.05122485211927806
60864 72593.97839999999 -0.7331205410414454 0.17657212434233696 0.6495916616343108 -0.09688772029265512
60864 73013.97839999999 -0.6748970403673422 0.3363325118301291 0.6113677704847924 -0.2400497356838626
60864 73433.97839999999 -0.5823106293870595 0.4790479910044568 0.542003942495186 -0.3710243651529044
60864 73853.97839999999 -0.460027195786097 0.5974489214167971 0.4449769708564707 -0.48314103618145016
60864 74273.97839999999 -0.3142050970736115 0.6854744819785733 0.32515883127823864 -0.5706764634807878
60864 74693.97839999999 -0.15225661622303788 0.7385522882596799 0.18863252894062874 -0.6291074704278785
60864 75113.97839999999 0.017565467495818245 0.753892797870805 0.042363339907606094 -0.655394881809475
60864 75533.97839999999 0.1865793595475725 0.7306413054593386 -0.10615057709178206 -0.6481384731140196
60864 75953.9784 0.34607927216088763 0.6699551736122343 -0.24924590441204203 -0.607672347457587
60864 76373.97839999999 0.4876407410408837 0.5751395496210807 -0.3793434985572865 -0.5362084634179848
60864 76793.97839999999 -0.604234567883976 -0.45108568106801117 0.48996673447002836 0.4374413039737445
60864 77213.97839999999 -0.6901321146311225 -0.30385592045249044 0.57568774608712 0.31618485568710697
60864 77633.97839999999 -0.7408167428920162 -0.14086223190338687 0.6320391538779576 0.17853541116343405
60864 78053.97839999999 -0.7535235778342435 0.029539441954084065 0.6559986524363549 0.03155007161019564
60864 78473.97839999999 -0.7275166036048005 0.19842496219388406 0.646254202062445 -0.11705824265861772
60864 78893.97839999999 -0.6642621433190634 0.3568871842705319 0.603396170970434 -0.25942321313798083
60864 79313.9784 -0.5669836477344066 0.49710219996329813 0.5296146454013259 -0.38849359501781167
60864 79733.97839999999 -0.4407237923563143 0.6118377221510121 0.4287233931250416 -0.4976076695464813
60864 80153.97839999999 -0.2920326183702009 0.6952214052150936 0.30595703856208845 -0.5811836526373673
60864 80573.97839999999 -0.12843506127511126 0.7430747997289164 0.1675345531819397 -0.6350405109386462
60864 80993.97839999999 0.04157081536474033 0.752956497080198 0.020667955661985277 -0.6564306638353992
60864 81413.97839999999 0.20933832136489527 0.7244514838740362 -0.12714739793670146 -0.6443454461069473
60864 81833.97839999999 0.366391948017744 0.659067433625222 -0.26841979965302626 -0.5994479706502103
60864 82253.97839999999 0.504802270022873 0.5601409364937302 -0.3960007200337156 -0.5240231189331825
60864 82673.97839999999 -0.617548144451818 -0.4326915531953118 0.5034147645553534 0.42188373268617896
60864 83093.9784 -0.6989059337920827 -0.28311170940794905 0.5852252679025478 0.29814365918918534
60864 83513.97839999999 -0.7446435312950508 -0.11902346131602369 0.6372009306634725 0.15910499966498315
60864 83933.97839999999 -0.7523631488119119 0.05123138800484742 0.6566466028034094 0.011843826225642598
60864 84353.97839999999 -0.7215988441300013 0.21897110678993081 0.6425110197912469 -0.1361115424504869
60864 84773.97839999999 -0.6538545905409476 0.3756150786488759 0.5954499014909834 -0.2771766619585902
60864 85193.97839999999 -0.5527362557428015 0.5128995140420026 0.5179613959055274 -0.40389690817645946
60864 85613.97839999999 -0.42328566207877955 0.6240323650774142 0.41390054585761943 -0.5099992095613313
60864 86033.97839999999 -0.27214830014738817 0.7032466050162322 0.28859892873440957 -0.589991672477995
60865 53.9784 -0.10700411988551566 0.7464627729984582 0.14842613015151854 -0.6397758441385722
60865 473.9784 0.06350349363111628 0.7514218015660636 7.340471030760565E-4 -0.656758740788963
60865 893.9784 0.23069834250851687 0.7179290774855959 -0.14694132743088842 -0.6401283939627681
60865 1313.9784 0.3860349522378026 0.6477513004197871 -0.2870214891638981 -0.5907740119651257
60865 1733.9784 0.5215908109164964 0.5445393983741865 -0.4123472730044102 -0.5112627465712488
60865 2153.9784 -0.6304802467616958 -0.41362220241350844 0.516547543533099 0.4056968910206623
60865 2573.9784 -0.7072200873631053 -0.2616546502056739 0.5943806261544075 0.2794427728680108
60865 2993.9784 -0.7479013395731808 -0.09645646528402914 0.6418866648248456 0.13900088521152995
60865 3413.9784 -0.7505008488991487 0.0736095278614482 0.6567022545627413 -0.00850070949299261
60865 3833.9784 -0.7148838832647314 0.2399694493467835 0.6380790959766608 -0.15559808516221055
60865 4253.9784 -0.642809415502246 0.39420697488053763 0.586914772031865 -0.29483549085546007
60865 4673.9784 -0.5379755231511637 0.5283559859496362 0.50581705868877 -0.4190124004619207
60865 5093.9784 -0.4057163911527593 0.6355935345416281 0.39890270193633265 -0.5218157751417208
60865 5513.9784 -0.2527759313923666 0.7104378427581243 0.27161852877910225 -0.5980014840364365
60865 5933.9784 -0.08698836698578473 0.7490547797282171 0.1304901237100009 -0.643678715346101
60865 6353.9784 0.08323200115663094 0.7494859330697269 -0.01730833245201611 -0.6565391776137917
60865 6773.9784 0.24926117594156574 0.7116870134539216 -0.16426983373969248 -0.6359134239598967
60865 7193.9784 0.40266014457090843 0.6375366497285707 -0.30290388544376007 -0.5828044821465242
60865 7613.9784 0.5354118782317281 0.5309398548690676 -0.4259532586311107 -0.5000008126208645
60865 8033.9784 -0.6409008036070502 -0.3972638553503154 0.5272822326777169 0.391664443459504
60865 8453.9784 -0.7137995411878034 -0.24310330421295823 0.6017941117339699 0.26312515190142005
60865 8873.9784 -0.7501926866591027 -0.07652338494424729 0.6455144582099934 0.12110404073246529
60865 9293.9784 -0.748222368616058 0.09387943123353035 0.6562152191321865 -0.02704673128385752
60865 9713.9784 -0.7080362023942972 0.2594336359984877 0.6333932428630469 -0.17375823579646288
60865 10133.9784 -0.6317212907949281 0.41171583859359706 0.5782372952514204 -0.3115443939278682
60865 10553.9784 -0.5232010567229347 0.5429763793373531 0.49357556182551415 -0.4333825913604874
60865 10973.9784 -0.3880061712075141 0.646553119915429 0.38371321209226955 -0.5330895282204888
60865 11393.9784 -0.23286567278351822 0.7172113203774974 0.25411329751545747 -0.6056467059163015
60865 11813.9784 -0.06554269649749137 0.7512356898994985 0.11125589281700864 -0.6472798617835661
60865 12233.9784 0.10519956611335739 0.7467169851611544 -0.037372378966040655 -0.6557058034300263
60865 12653.9784 0.2704491507452278 0.7039026669742187 -0.18399480826438747 -0.6304952044381611
60865 13073.9784 0.4217725804350794 0.6250489215695768 -0.32110306815195155 -0.5729873957263343
60865 13493.9784 0.5514108657876179 0.5142952930167957 -0.4416500220009722 -0.48620126155601345
60865 13913.9784 -0.6527773043914868 -0.3774227041517117 0.5394996036243035 0.374665278550619
60865 14333.9784 -0.7208007773344093 -0.22147868422536132 0.6097506268290005 0.2441262069290288
60865 14753.9784 -0.7521154674103342 -0.05442477866886131 0.6489257437755254 0.10127016448273955
60865 15173.9784 -0.7452098708781977 0.11533475389765951 0.6551184102233008 -0.046690593009314094
60865 15593.9784 -0.700430422428157 0.2792931927485229 0.6280175459590734 -0.1923187400878892
60865 16013.9784 -0.6199678693565186 0.42919296277090596 0.5689228306104277 -0.32826826603205045
60865 16433.9784 -0.5078177247638909 0.5573769019039579 0.4807398026280943 -0.447595118168945
60865 16853.9784 -0.36959957605657945 0.6572377545148047 0.3678618072973282 -0.5441620881236374
60865 17273.9784 -0.21236089861178595 0.723538766936345 0.2360311332449765 -0.6129305063546114
60865 17693.9784 -0.044174908723930956 0.7527848926538514 0.09202092522179027 -0.6503042612136933
60865 18113.9784 0.12629167437243186 0.7434276777573301 -0.05672849654553548 -0.6543298698731659
60865 18533.9784 0.2902443712994048 0.6959591574220417 -0.20252457349216654 -0.6248062525785343
60865 18953.9784 0.43926099759036563 0.612872091867878 -0.33785470398468975 -0.5632865824789597
60865 19373.9784 0.5657059393758778 0.4985218818340357 -0.4557719162355616 -0.47299543746052314
60865 19793.9784 -0.6631599827901484 -0.3588705227391908 0.550280210384024 0.3586397568513344
60865 20213.9784 -0.7267570724336738 -0.20108334147472307 0.6166600630598218 0.22609735530530292
60865 20633.9784 -0.7533501867333723 -0.03321287229830819 0.651622412720922 0.0821500608779678
60865 21053.9784 -0.7416587851998424 0.1362978403840388 0.6534653717529174 -0.065940525948485
60865 21473.9784 -0.6922630375113143 0.29895064983297587 0.6220889994468576 -0.2107265351759426
60865 21893.9784 -0.6075842671553718 0.44654504084917523 0.5590044650480038 -0.34489548105864354
60865 22313.9784 -0.4918458938369644 0.5715208896476521 0.467330615646396 -0.4615772796527515
60865 22733.9784 -0.3508619369139134 0.667432772683819 0.3516516399457373 -0.5547706907327391
60865 23153.9784 -0.191823243475327 0.7292563272293372 0.21785684996514987 -0.6196187903718264
60865 23573.9784 -0.02289588562293706 0.753733740072445 0.0728201334025013 -0.652731534146457
60865 23993.9784 0.1472277381765597 0.7395648148296539 -0.07597225442829705 -0.6523772638086618
60865 24413.9784 0.3097685686632475 0.687489230144675 -0.220822382362364 -0.6185785865605234
60865 24833.9784 0.4563823489831546 0.6002321979468533 -0.35427592406532177 -0.553104899374585
60865 25253.9784 0.5795569513961916 0.48235983791357734 -0.46948180402425094 -0.45937954084446825
60865 25673.9784 -0.6730336089277119 -0.34001223909322575 0.5605844714469833 0.3422900654314366
60865 26093.9784 -0.7321542491945648 -0.18048005011552493 0.6230404007503036 0.2078407225005284
60865 26513.9784 -0.7539935568383815 -0.01190455705958243 0.6537540066849643 0.06291022580453218
60865 26933.9784 -0.7375070198911405 0.1572320325218562 0.6512329367769276 -0.08518888200483098
60865 27353.9784 -0.6835163435398263 0.31844446556982126 0.6155951514822211 -0.22900030553140857
60865 27773.9784 -0.5946786888868015 0.46359754223731425 0.5485694605927081 -0.36125631166862904
60865 28193.9784 -0.4754436586170285 0.5852456029587936 0.4534862375885594 -0.4751748562540167
60865 28613.9784 -0.33181449486586445 0.6771168448297694 0.3351136839713469 -0.5648988743658828
60865 29033.9784 -0.1711142569904461 0.7344039946439714 0.1994829661085771 -0.6257613202636524
60865 29453.9784 -0.0015863711206924357 0.7540892257847424 0.05355715558898569 -0.654582732790327
60865 29873.9784 0.16805843336569276 0.7351180242940202 -0.09514477292129395 -0.6498502331449
60865 30293.9784 0.3290560919879673 0.6784751714752179 -0.23892245381859042 -0.6118084594696149
60865 30713.9784 0.47315263725190093 0.5871118521622618 -0.37038832288381524 -0.5424377800112048
60865 31133.9784 -0.5929603366249034 -0.4657986884550394 0.48279144923797435 0.44535607952058165
60865 31553.9784 -0.6823860198078681 -0.32085661975065377 0.5704113582289662 0.32562437245443776
60865 31973.9784 -0.7369779796586159 -0.15969574113527235 0.6288860656710962 0.18937540538911202
60865 32393.9784 -0.7540365273088424 0.009460198712186237 0.6553170292567333 0.04357764668355894
60865 32813.9784 -0.7327543612424257 0.178094436651116 0.6484233017794466 -0.10440612732769604
60865 33233.9784 -0.6741971234833808 0.337736737675884 0.6085432515873829 -0.24711787806276037
60865 33653.9784 -0.5812586720984373 0.48032701167469233 0.5376231931348487 -0.3773401915639394
60865 34073.9784 -0.458612464129594 0.5985381247082603 0.43920743993438593 -0.4883887239914364
60865 34493.9784 -0.31244638682300496 0.6862804335539863 0.3182442598664237 -0.5745581023223622
60865 34913.9784 -0.15021364945124732 0.7389718627188837 0.1808974691526658 -0.6313735433817935
60865 35333.9784 0.019773547853470512 0.7538382522412203 0.03421265797079826 -0.6558707115718477
60865 35753.9784 0.18879167230477106 0.7300723356941788 -0.11426181295469812 -0.6467583221132294
60865 36173.9784 0.3481098061123028 0.6689017585681245 -0.2568398942943561 -0.6045024970765543
60865 36593.9784 0.48956563216880933 0.5735019838172579 -0.3861995472704539 -0.5312917052287942
60865 37013.9784 -0.6059029874281288 -0.4488439443384692 0.4956967688907403 0.430935490262329
60865 37433.9784 -0.6911954303130278 -0.30142812072780617 0.5797520133725264 0.3086706467084186
60865 37853.9784 -0.7412077303183878 -0.13878119650462 0.6341889316210287 0.1707491699024865
60865 38273.9784 -0.7534698812227565 0.03081487620717199 0.6563134089787829 0.024213440258474682
60865 38693.9784 -0.7274065467890193 0.19881655728862396 0.6450516901197139 -0.12353141021648868
60865 39113.9784 -0.6643211843570758 0.35677168872763065 0.6009576348906525 -0.26503065332802556
60865 39533.9784 -0.5673304613520942 0.49670434787803075 0.5261847828995423 -0.39312912976023795
60865 39953.9784 -0.4413363951499593 0.6113957829292846 0.4244896860005594 -0.5012243902799148
60865 40373.9784 -0.2927098707315038 0.6949373362574758 0.3010012478280683 -0.5837647463299374
60865 40793.9784 -0.12904050689473529 0.7429705493414559 0.1620238556059839 -0.6364680515204014
60865 41213.9784 0.04128599915349929 0.7529723364352271 0.014690936474145077 -0.6565914279235491
60865 41633.9784 0.20952956066645814 0.7243961219691409 -0.1334197904398142 -0.6430760306542193
60865 42053.9784 0.3670189414320134 0.6587185603030814 -0.2746566038603407 -0.5966160447878216
60865 42473.9784 0.5056803907217605 0.5593482169275595 -0.40176451654813217 -0.5196173475763614
60865 42893.9784 -0.6184111205412931 -0.43145504214769226 0.5082242110783876 0.41607978065503975
60865 43313.9784 -0.6994758874418409 -0.2816946255688965 0.5886179115375372 0.29139419182652987
60865 43733.9784 -0.7448481038781327 -0.11771619298040682 0.6389509483561154 0.15194040165199904
60865 44153.9784 -0.7522935861486184 0.0521829441437172 0.6567406708345682 0.00479498195056151
60865 44573.9784 -0.7214519417033498 0.21944012988542366 0.6411063303178023 -0.1426036410291678
60865 44993.9784 -0.6538495215645985 0.37561460900904836 0.5928048912297393 -0.28280174961061044
60865 45413.9784 -0.5528665998916159 0.5127524758454367 0.5142276716187825 -0.4086481652720152
60865 45833.9784 -0.42351252906465825 0.623875907617287 0.40924611728970384 -0.513744688637523
60865 46253.9784 -0.2724564427091311 0.7031271322728988 0.283261385528549 -0.5925729576654862
60865 46673.9784 -0.10747202587666908 0.7463957333153063 0.1427634338707017 -0.6410630038398071
60865 47093.9784 0.06299439164709963 0.7514646717557332 -0.005043099583343969 -0.6567397664757727
60865 47513.9784 0.23020938068087923 0.7180854987697418 -0.15256478082099323 -0.6388120577730036
60865 47933.9784 0.38561877490854507 0.6479962245312748 -0.2922331890169054 -0.5882166409310912
60865 48353.9784 0.5212791303124324 0.5448301629956054 -0.4168936623902989 -0.5075705232277575
60865 48773.9784 -0.6302816959387668 -0.4139141194077179 0.5201889393277127 0.40102811986267844
60865 49193.9784 -0.7071523121940126 -0.2618270137340369 0.5969416800776647 0.27393950577423687
60865 49613.9784 -0.7479080000521896 -0.09637179959965302 0.643196107179534 0.13283398439010863
60865 50033.9784 -0.7504720826448812 0.07385016118883903 0.6565933106054571 -0.014934233532485767
60865 50453.9784 -0.7147999263071133 0.24020377784189312 0.6365292982874763 -0.1618445639602417
60865 50873.9784 -0.6427506576670338 0.39429249850379827 0.5840611175409207 -0.3004623581566892
60865 51293.9784 -0.5379866650959998 0.5283345268353188 0.5018457878235126 -0.42377326623606426
60865 51713.9784 -0.40581019132557294 0.635525665388847 0.3940284842887782 -0.5255157189061553
60865 52133.9784 -0.25293909039119833 0.7103731865768969 0.266084695199627 -0.600492037686746
60865 52553.9784 -0.08711711177738796 0.749034399861484 0.12449540755958136 -0.6448712818511042
60865 52973.9784 0.08324566799001379 0.7494787760383885 -0.02354870535545614 -0.6563514161674197
60865 53393.9784 0.24947574230129685 0.7116044301840218 -0.17049446025646628 -0.6342811899840218
60865 53813.9784 0.403050073907906 0.6372803525142582 -0.3087875325033339 -0.5797194580076097
60865 54233.9784 0.5360445521236227 0.5302927224443058 -0.4312799582572692 -0.4954225108599719
60865 54653.9784 -0.6415803319857757 -0.39615923677423137 0.531644358242996 0.3857289373068519
60865 55073.9784 -0.7142351579736196 -0.24181157965412506 0.6047330821250573 0.2563068443157618
60865 55493.9784 -0.7503473508553973 -0.0749455661170955 0.6468801674725556 0.1136136616536666
60865 55913.9784 -0.7479894517997252 0.0956735744426056 0.6558541169132639 -0.03483854873045682
60865 56333.9784 -0.707353109856806 0.2612752473175966 0.6312550563632473 -0.18139425826323055
60865 56753.9784 -0.6306113216680678 0.41340425268984665 0.574416100798838 -0.318547371649903
60865 57173.9784 -0.5217761559653442 0.5443336076555546 0.4883129779641796 -0.43931879335452095
60865 57593.9784 -0.38648087735497016 0.6474501343230089 0.3773984903040961 -0.5375976511483651
60865 58013.9784 -0.23161741670852343 0.7176006567728855 0.2473197014529497 -0.6084699129370469
60865 58433.9784 -0.06502768707907926 0.7512666575570774 0.10467841953695184 -0.6483920400802344
60865 58853.9784 0.10491886359945082 0.746742133239914 -0.04334283050416818 -0.655354573913381
60865 59273.9784 0.2696707217272943 0.704185674548494 -0.1892777235108853 -0.6289468824839658
60865 59693.9784 0.4208850657261901 0.6256327459134364 -0.32571943361509226 -0.5703913386920751
60865 60113.9784 0.5507203446310894 0.5150228633385251 -0.4455986851449053 -0.4825975176533054
60865 60533.9784 -0.652466746384262 -0.3779483617980865 0.5427294829997945 0.36998228195368177
60865 60953.9784 -0.72079950162491 -0.2214608337523552 0.6120470828270093 0.2383307491154703
60865 61373.9784 -0.7521680038002272 -0.05358067733328905 0.6499703408288325 0.09439788725675262
60865 61793.9784 -0.7449215147650913 0.11712658874292622 0.6545286989657517 -0.054456232698633436
60865 62213.9784 -0.699424627706781 0.281781522802148 0.6254730593074939 -0.20046898923538645
60865 62633.9784 -0.6182018372890716 0.43172401382014786 0.564436231210691 -0.3359354181388267
60865 63053.9784 -0.505384693187151 0.5595814230820219 0.4745266684084158 -0.45417990246469303
60865 63473.9784 -0.3667932714389842 0.6588083622230084 0.36037452306246526 -0.5491488332133881
60865 63893.9784 -0.20932909656722473 0.7244230847171884 0.22765815117765864 -0.6160878913446952
60865 64313.9784 -0.04095493344533719 0.7529680099362975 0.08309113365223302 -0.6515042079276593
60865 64733.9784 0.1294973201173078 0.7428760440243048 -0.06572758349678136 -0.6534871934972468
60865 65153.9784 0.29330560695875274 0.6946743857209272 -0.21115665113140458 -0.6219422701768875
60865 65573.97839999999 0.44198616116339495 0.6109091950524648 -0.34564975752859317 -0.5585377640418058
60865 65993.97839999999 0.5679243557224022 0.49599360385244734 -0.4623031840064586 -0.4666133701173236
60865 66413.97839999999 -0.6647394702492166 -0.35593658704964837 0.5551982061667777 0.3509779687693104
60865 66833.97839999999 -0.7276209267740312 -0.19793276724120493 0.6197166031528919 0.21758156711766735
60865 67253.97839999999 -0.7534821212379412 -0.03002543593331261 0.6526866124013251 0.07323491082721117
60865 67673.97839999999 -0.7410863182400057 0.13936325669434035 0.6525136773582417 -0.07479874638952694
60865 68093.97839999999 -0.6910411066579795 0.3017601590556841 0.6191932405905973 -0.2190952444087222
60865 68513.9784 -0.6057800458035734 0.4489893184071753 0.5543176714438511 -0.35237912422211864
60865 68933.97839999999 -0.489532642184931 0.5735065701128405 0.46107560096204836 -0.4678218640362289
60865 69353.97839999999 -0.34812619654024646 0.6688700254183454 0.34411846242631233 -0.5594671788377171
60865 69773.97839999999 -0.18876910845476108 0.7300603875283693 0.20939938244131018 -0.6225190381733877
60865 70193.97839999999 -0.01965371495528771 0.7538321266269704 0.0638499838446852 -0.6536620196374797
60865 70613.97839999999 0.1505340064757692 0.7389049066832859 -0.0850348121735882 -0.6512512053672687
60865 71033.97839999999 0.3127960297484249 0.6861226254743642 -0.22935865343277462 -0.6154583614520907
60865 71453.97839999999 0.45886481268939155 0.5983422905301728 -0.36174562060881127 -0.54824236703212
60865 71873.97839999999 0.5814659142796363 0.48006393394729524 -0.47558767720251766 -0.4530478684941661
60865 72293.9784 -0.6744201123261093 -0.33726658241814067 0.5651530101546884 0.33468020495260886
60865 72713.97839999999 -0.7329537710377052 -0.17723161731377474 0.6258573634709041 0.19917400416520112
60865 73133.97839999999 -0.7540492871160982 -0.008125198729965026 0.6545886340690144 0.05345440948101966
60865 73553.97839999999 -0.7366050298211875 0.16142692123273633 0.6498646432228572 -0.09502802024811359
60865 73973.97839999999 -0.6814901411987746 0.32276813159976403 0.6119043657275758 -0.23867334973977508
60865 74393.97839999999 -0.5915234713366088 0.4676259137607769 0.542635329122692 -0.37009848314360105
60865 74813.97839999999 -0.47133317284396903 0.588570405837918 0.4456092279953513 -0.48255811408991217
60865 75233.97839999999 -0.32710988674642977 0.6794099846027384 0.3258190357737155 -0.5703009299855041
60865 75653.9784 -0.16625831718948167 0.7355259848909231 0.18941735470971635 -0.628872612895754
60865 76073.9784 0.002989538075168409 0.7540915571695698 0.043401374628802857 -0.6553268701556505
60865 76493.97839999999 0.17204069315287934 0.7342018189534338 -0.10478778290634437 -0.6483588585795051
60865 76913.97839999999 0.3323317759511575 0.6768815863645565 -0.24762582907934677 -0.6083324399590385
60865 77333.97839999999 0.4757253614359449 0.5850344565851148 -0.37784778988400053 -0.5372626106240553
60865 77753.97839999999 -0.5948658684741568 -0.46336954204909075 0.48876976284013274 0.43877942631680394
60865 78173.97839999999 -0.6837586600138705 -0.3179350184461959 0.5748196489818611 0.31776373305653227
60865 78593.97839999999 -0.7377519823138812 -0.15611473698434286 0.631523182212287 0.18035706755410164
60865 79013.97839999999 -0.753977590811578 0.013714113712743777 0.6558927687499411 0.033680729513756905
60865 79433.9784 -0.7316188040765078 0.1827255431018113 0.6466896026546615 -0.11462050095059198
60865 79853.97839999999 -0.671895141144312 0.34230397467452855 0.6044471111978985 -0.25696030431411
60865 80273.97839999999 -0.5779291796286399 0.4843344011014775 0.5313753924427369 -0.38608061794108206
60865 80693.97839999999 -0.45457141852587485 0.6016193151755295 0.43124077548480855 -0.4954295294250856
60865 81113.97839999999 -0.3081201859422436 0.6882398358609053 0.3091536932749181 -0.579492772417007
60865 81533.97839999999 -0.14605275113860303 0.7398112961055358 0.1713521018162149 -0.6340238932742661
60865 81953.97839999999 0.023448683704824703 0.7537375316444974 0.02481078746996728 -0.6562882883673086
60865 82373.97839999999 0.19184134096983899 0.7292804716376429 -0.12306867597158981 -0.6451364154792931
60865 82793.97839999999 0.35059926771575767 0.6676032783671093 -0.2647834055055201 -0.6010621967480252
60865 83213.9784 0.49156758009476337 0.5717902233814693 -0.3930447444202189 -0.5262443192366
60865 83633.97839999999 -0.6075559571003565 -0.44661026046849306 0.5013133567507116 0.4243818476083401
60865 84053.97839999999 -0.6924369434508622 -0.2985776181271983 0.5838856769931605 0.30076569202645936
60865 84473.97839999999 -0.7418661369150928 -0.1352460067896818 0.636549037022604 0.16170490410534066
60865 84893.97839999999 -0.7532799794106614 0.035249822272390575 0.6566026392476906 0.014131411175304443
60865 85313.97839999999 -0.7260158445124522 0.20384856843245258 0.6429359718785269 -0.13408986065144723
60865 85733.97839999999 -0.6615916350560969 0.36181386631897644 0.5963424096471965 -0.2752507311875657
60865 86153.97839999999 -0.563468191028839 0.5010844269736229 0.5193382154922155 -0.40212661273853145
60866 173.9784 -0.4368035848168431 0.6146430555023903 0.4159768060878508 -0.5083107705044142
60866 593.9784 -0.2881273090438074 0.6968483090403945 0.2915928608083918 -0.5885224647337561
60866 1013.9784 -0.1249658815485163 0.7436628862327476 0.15249626283083545 -0.6388222991657465
60866 1433.9784 0.044526327138968994 0.7527824187426664 0.005654376028305859 -0.6567374393585192
60866 1853.9784 0.21190482346208675 0.7236982312813249 -0.1416042261880614 -0.6413310057680544
60866 2273.9784 0.3687669021174858 0.6577346245712917 -0.281867579211461 -0.5932510457910759
60866 2693.9784 0.507085871116045 0.5580689853725335 -0.40795934196460376 -0.5147738359547426
60866 3113.9784 -0.619663155390293 -0.42965113075491507 0.5133316248675889 0.4097659363631507
60866 3533.9784 -0.7005355522360739 -0.27904453071949625 0.5924257779459349 0.28357677541362436
60866 3953.9784 -0.7454153714744199 -0.11406087273077781 0.6410691303909526 0.1427459678636626
60866 4373.9784 -0.7519565094621845 0.056810085279943474 0.6567374968131034 -0.005466476707356077
60866 4793.9784 -0.7199098807356317 0.2244365100056488 0.638683654203141 -0.1531052136585015
60866 5213.9784 -0.650990339201142 0.38054235128293123 0.5879072703173425 -0.29285514961299797
60866 5633.9784 -0.5487593271424401 0.517144092129557 0.5070234852607359 -0.41755523496147035
60866 6053.9784 -0.41853147713552125 0.6272261951602104 0.400232227781531 -0.5208002175466492
60866 6473.9784 -0.2670606210118521 0.7051894762315223 0.2730748055203244 -0.5973412574961754
60866 6893.9784 -0.10212744486184674 0.7471391108682396 0.13209398301721184 -0.6433539567513791
60866 7313.9784 0.06793109743061683 0.7510264022965657 -0.015568717240733065 -0.6565838286912243
60866 7733.9784 0.23453215354691295 0.7166757882931638 -0.16243987274545824 -0.6363833523666839
60866 8153.9784 0.38926308028152923 0.6458031139606254 -0.3010810009250279 -0.5837489385090808
60866 8573.9784 0.5242386840057074 0.5419719538324987 -0.4244180247793674 -0.5013078332654779
60866 8993.9784 -0.6325332803543129 -0.4104493825830153 0.5261249737985513 0.39322444675643875
60866 9413.9784 -0.7085951998343496 -0.2578679938199423 0.6010032354390314 0.26493782577580827
60866 9833.9784 -0.7484719378654072 -0.09181428438929216 0.6451938233390406 0.12282029854724769
60866 10253.9784 -0.7499277316245389 0.07909217155058657 0.6562699901842093 -0.025739575045132475
60866 10673.9784 -0.7128573009704317 0.245873418428403 0.6336259037875616 -0.17291311290031972
60866 11093.9784 -0.6393459383974547 0.3997701349130653 0.5785623829557771 -0.3109440131515646
60866 11513.9784 -0.5331897330465939 0.5331666512416126 0.4939291824625396 -0.4329849804431951
60866 11933.9784 -0.39981696925839466 0.6393119016303295 0.3840448809723313 -0.5328566532621994
60866 12353.9784 -0.2459264759072052 0.7128341300488046 0.25442594469113067 -0.6055205282675827
60866 12773.9784 -0.07927077680974719 0.7499080814912276 0.11160391858706395 -0.6472237469485631
60866 13193.9784 0.09160879072845596 0.7485035971142713 -0.0370940346691502 -0.6557242005296361
60866 13613.9784 0.2577566742601968 0.7086472517280272 -0.18386006119627363 -0.6305363172645483
60866 14033.9784 0.41051510591671037 0.6324979264459448 -0.3210209205408525 -0.5730351554929906
60866 14453.9784 0.542215194974769 0.5239782944254482 -0.4416753383151048 -0.4861813703071203
60866 14873.9784 -0.6460967487651816 -0.3887425406274055 0.5396244433860291 0.374491239472875
60866 15293.9784 -0.7168875334366644 -0.23382547117267682 0.6098950136632711 0.24377445670670544
60866 15713.9784 -0.7510821883605059 -0.06716848118766226 0.6490091077272145 0.10075276447651979
60866 16133.9784 -0.7470370840497327 0.10282558118806034 0.6550737265959271 -0.04733822590185209
60866 16553.9784 -0.7049806026393884 0.26759701921387896 0.6278044456212148 -0.1930175206251769
60866 16973.9784 -0.6270120363353 0.41883262822880585 0.5685484172309349 -0.3289191892939818
60866 17393.9784 -0.5170228307317388 0.5488467454988971 0.48024170862259685 -0.44813228376971154
60866 17813.9784 -0.3805042229239631 0.6509821896535964 0.36727271744577306 -0.5445635648028956
60866 18233.9784 -0.22447361119768008 0.7198696945513889 0.23543752570218027 -0.6131626148368783
60866 18653.9784 -0.0569344357950823 0.7519249977752632 0.09150504350457055 -0.6503799618335367
60866 19073.9784 0.11352657274590808 0.7454821052226696 -0.05712571861271873 -0.6542971804511504
60866 19493.9784 0.27816418285240746 0.7008739589259709 -0.20281121067853164 -0.6247143298345229
60866 19913.9784 0.428533134016055 0.6204196399275578 -0.3380579429875229 -0.5631657399252749
60866 20333.9784 0.5569368230167325 0.5082986527326621 -0.4559326268259291 -0.47284172256030604
60866 20753.9784 -0.6568347927589636 -0.37031789181251107 0.550428436164658 0.35841491415140025
60866 21173.9784 -0.7232029003621484 -0.2135079106869945 0.6168004118653392 0.2257192701224217
60866 21593.9784 -0.7526802657693644 -0.04594070239576322 0.651692900785584 0.08159799293128485
60866 22013.9784 -0.7438300331781351 0.12390144687241407 0.6533952192048693 -0.06663333043873326
60866 22433.9784 -0.6971137407883587 0.2874587957574322 0.6218332280913006 -0.21147886321639858
60866 22853.9784 -0.6148661900876805 0.43646394859688903 0.5585688609660466 -0.3456003724265439
60866 23273.9784 -0.5012368513057105 0.563301942558587 0.46677492392249886 -0.46214035833283895
60866 23693.9784 -0.36194059374698806 0.6614893861633949 0.3510523137424708 -0.5551513952133331
60866 24113.9784 -0.20409586592452528 0.7259162804557269 0.21730909642394003 -0.6198122198644129
60866 24533.9784 -0.035773223470484644 0.7532320947343898 0.07238946129259222 -0.6527797896981359
60866 24953.9784 0.13441564736164255 0.7420009595013122 -0.07626892483113393 -0.652341981592926
60866 25373.9784 0.2977513791125754 0.6927797529157839 -0.22103146413366395 -0.6185025643030378
60866 25793.9784 0.44582713580361216 0.6081143865255069 -0.3544317637699045 -0.5530037818250512
60866 26213.9784 0.5710602716362883 0.49238947981640924 -0.4696294244866025 -0.4592286685097057
60866 26633.9784 -0.6670569313691418 -0.35159163025673323 0.5607463735205199 0.3420261399796544
60866 27053.9784 -0.7289893492035016 -0.1928639069150567 0.6232070518222659 0.20734274213561302
60866 27473.9784 -0.7536921681534967 -0.024416092218640103 0.6538260171849557 0.06215713440072757
60866 27893.9784 -0.7399733562735192 0.1451867763911915 0.6511082948664657 -0.08612909103503298
60866 28313.9784 -0.68856599277706 0.30737606533371276 0.6152227274778672 -0.22999526874612192
60866 28733.9784 -0.6020767059052279 0.4539498732143588 0.5479790668310964 -0.36214927188922785
60866 29153.9784 -0.48489955029065573 0.5774354615210435 0.4527782502277807 -0.4758493144122085
60866 29573.9784 -0.34295635184860707 0.6715415769024353 0.3344194516985146 -0.5653109600421256
60866 29993.9784 -0.18352698776208937 0.7314001148961314 0.19897448767071227 -0.6259240129193617
60866 30413.9784 -0.014733847094142202 0.7539468954193211 0.053353811703147944 -0.6545993915473178
60866 30833.9784 0.1548516831631331 0.7380138112379366 -0.095025820397887 -0.6498666510148896
60866 31253.9784 0.31660060218780994 0.6843773031657329 -0.2385983604636447 -0.6119334833051508
60866 31673.9784 0.4621829693359954 0.5957863586126858 -0.36995707526861615 -0.5427313149298553
60866 32093.9784 -0.5840681696004328 -0.47690023955044536 0.4822971029216827 0.4458924077506587
60866 32513.9784 -0.6762494711984244 -0.33359266250012315 0.570087649287206 0.3261942065091254
60866 32933.9784 -0.7339650617880089 -0.17301052357313704 0.6288201337346955 0.18959927799797383
60866 33353.9784 -0.7540864330309416 -0.0036891063785223473 0.6553309685812267 0.04337468883105065
60866 33773.9784 -0.7356423342423565 0.16576364064272553 0.6483229422440556 -0.10502444511320927
60866 34193.9784 -0.6796140051999531 0.3267010519756063 0.6081841140296451 -0.2479986088994973
60866 34613.9784 -0.5889050072996225 0.47092144463581115 0.5369891668327849 -0.37824135160474426
60866 35033.9784 -0.46818851057211536 0.5910773020902209 0.43839928552420504 -0.48911471862322486
60866 35453.9784 -0.32366434621292617 0.6810606094610976 0.3174730405207631 -0.5749858309328494
60866 35873.9784 -0.16268151639785905 0.7363266794923696 0.18036313618458447 -0.6315274217291721
60866 36293.9784 0.006591195421641417 0.7540685935725862 0.03404026748495317 -0.6558798460998236
60866 36713.9784 0.17558614848928203 0.7333611034320127 -0.11406792416323998 -0.6467917014841562
60866 37133.9784 0.33572302805552245 0.6752048648377067 -0.25642756437961817 -0.6046762300265008
60866 37553.9784 0.47877253120674124 0.5825430465410036 -0.38571065448147696 -0.5316462670875125
60866 37973.9784 -0.5973078065297865 -0.4602187330417337 0.49519959126840635 0.43150836240290835
60866 38393.9784 -0.6854042160422849 -0.3143701668030201 0.5794283638427259 0.3092817971207551
60866 38813.9784 -0.7385488927320877 -0.15229085192516278 0.6341030577293928 0.17107408232210314
60866 39233.9784 -0.7538864349987149 0.017913839985474637 0.656329112934246 0.02379985245435167
60866 39653.9784 -0.7304829753056811 0.18719840279079053 0.6448267049934752 -0.1246992434154853
60866 40073.9784 -0.6696410355380962 0.3466840028982746 0.6002590131566784 -0.2666087072510313
60866 40493.9784 -0.5744643809340636 0.4884348840237409 0.5248970830933065 -0.3948481876201233
60866 40913.9784 -0.44981039374849546 0.6051870327683575 0.4225717359946679 -0.5028443029241827
60866 41333.9784 -0.3021529881142015 0.6908825198098731 0.2985916392506995 -0.5850025201350842
60866 41753.9784 -0.13899331760882297 0.7411720455521398 0.15926054252118546 -0.6371663331878163
60866 42173.9784 0.031333162915419537 0.7534515333486655 0.011711257403273535 -0.6566520130528002
60866 42593.9784 0.19997282380685777 0.7270920602987093 -0.13636690827687964 -0.642457836683696
60866 43013.9784 0.35832563804141027 0.6634872491525107 -0.27740145471739835 -0.595345143807289
60866 43433.9784 0.4982571804407705 0.5659696558922217 -0.4041324195769403 -0.5177790244837479
60866 43853.9784 -0.6126244753109369 -0.439630214616912 0.5100815181980486 0.4138035420808539
60866 44273.9784 -0.6956383856223286 -0.2910378093339788 0.5898845288039112 0.28882602490881404
60866 44693.9784 -0.7431875318338165 -0.1277722162234844 0.6395907817332515 0.14923198454067282
60866 45113.9784 -0.7529340151848267 0.04192127820324206 0.6567561229744794 0.002090489653652834
60866 45533.9784 -0.7243951793024214 0.2095174184024227 0.6405275293070558 -0.14518457145714822
60866 45953.9784 -0.6589591578264753 0.36657528732637873 0.5916741173400178 -0.2851615785973209
60866 46373.9784 -0.5598312115171142 0.5051372122165495 0.5125614979095775 -0.41073850842849247
60866 46793.9784 -0.43197454191495777 0.6180441256029542 0.4071243873662111 -0.5154310692582759
60866 47213.9784 -0.28192555229153854 0.699380843929612 0.2807427476976687 -0.5937743070599956
60866 47633.9784 -0.11740652480759298 0.7448944495306506 0.13992481331023887 -0.6416923044661887
60866 48053.9784 0.053101137829112924 0.7522257636613799 -0.008059247446691049 -0.656712812556524
60866 48473.9784 0.22085454840177532 0.721014993820953 -0.15560014973590633 -0.6380824715801104
60866 48893.9784 0.37723130650383924 0.6529112897059429 -0.29509182788754 -0.5867914470081507
60866 49313.9784 0.5142306903597118 0.5514832250948523 -0.4193793570091721 -0.5055234954438101
60866 49733.9784 -0.6248877219298529 -0.42200775212435626 0.5221336342063817 0.3984987580390974
60866 50153.9784 -0.7036244460102125 -0.27115601268892925 0.5981794901006078 0.27123486756396137
60866 50573.9784 -0.7465118405890454 -0.10662696326674308 0.6437295007232521 0.13024243726013757
60866 50993.9784 -0.7514344012722042 0.06328196055252253 0.65653689440634 -0.017350514015189104
60866 51413.9784 -0.7181355396790988 0.23003251051773038 0.6359518010785199 -0.16410879763043348
60866 51833.9784 -0.6482324090305458 0.38521004401931236 0.5829517774219904 -0.30261393072632453
60866 52253.9784 -0.5451780314876864 0.5209070414788876 0.500129910095906 -0.42580141045842584
60866 52673.9784 -0.41413336964617886 0.6301295132705642 0.39160929214737894 -0.5273258110075136
60866 53093.9784 -0.2618175456883942 0.7071453830595789 0.2629444899834048 -0.6018780401165955
60866 53513.9784 -0.09608830865480579 0.7479333344184409 0.12077430283431019 -0.6455821651660287
60866 53933.9784 0.07453117739414669 0.7503926959771929 -0.027575236366294324 -0.6561977687859548
60866 54353.9784 0.24129254621414667 0.714417940602308 -0.17447548907704805 -0.6332007714764534
60866 54773.9784 0.3956403618057941 0.6419040987338712 -0.31236158772332406 -0.5778045263355082
60866 55193.9784 0.5296855016377264 0.5366414224089252 -0.43416717011081357 -0.492897678537527
60866 55613.9784 -0.6366109047703503 -0.4040905933324631 0.5337006375201684 0.3828850712919737
60866 56033.9784 -0.7110383385787357 -0.2510451101965228 0.6059591116828196 0.25340558140296604
60866 56453.9784 -0.749232666473311 -0.08534062640947405 0.6473209800780257 0.11109877462940441
60866 56873.9784 -0.7493126526382449 0.08466193868385749 0.6557485401965575 -0.036834179298736544
60866 57293.9784 -0.7112685529118979 0.25041275708220345 0.6308135629974648 -0.18293371878237066
60866 57713.9784 -0.6369658297550905 0.4035406374832358 0.5737188299010813 -0.3198064881158087
60866 58133.9784 -0.5301043363510832 0.5362231895442574 0.4872875659493203 -0.4404598865367286
60866 58553.9784 -0.39604684987218536 0.6416399905698588 0.3758348000322883 -0.5386958495222699
60866 58973.9784 -0.24166214236043965 0.714277935752075 0.24505510321913496 -0.6093885754047055
60866 59393.9784 -0.07489057961228439 0.7503457240022987 0.10168486380323222 -0.6488704678363165
60866 59813.9784 0.09570626019354207 0.7479771897679129 -0.046898744745292514 -0.6551113974645667
60866 60233.9784 0.26137454073597277 0.7073057376688123 -0.19304768964467545 -0.6278013479108577
60866 60653.9784 0.41361789256544845 0.6304593797805875 -0.3292413244371481 -0.5683672753416286
60866 61073.9784 0.5446450238672329 0.5214409890940375 -0.44850395570113294 -0.47990133839126703
60866 61493.9784 -0.6477903006098105 -0.3859053091231257 0.5447630923046479 0.36698500253976835
60866 61913.9784 -0.7178686631591626 -0.23077834438294736 0.613185938825406 0.23539104198067481
60866 62333.9784 -0.7513497282000375 -0.06402166453122864 0.6503319695825349 0.09188656998322083
60866 62753.9784 -0.7465933901636135 0.1059409007042864 0.6543775065595588 -0.05625757043155539
60866 63173.9784 -0.7038433674199585 0.2705538423249767 0.6251217728575317 -0.20156364166580656
60866 63593.9784 -0.6252166843607124 0.4214999806214183 0.5639963308120125 -0.33667492149509476
60866 64013.9784 -0.5146569542139795 0.5510645704000439 0.4740469203102687 -0.4546818404921781
60866 64433.9784 -0.37772179290461966 0.6526031470251029 0.3597779376572302 -0.5495409131565743
60866 64853.9784 -0.22140937385597814 0.7208219607327065 0.22702096742419314 -0.6163238356934964
60866 65273.9784 -0.05373054367626152 0.7521642348042765 0.08258678481563252 -0.6515684273592199
60866 65693.97839999999 0.11671774371299648 0.7449916830750962 -0.06610085960009332 -0.653448572430617
60866 66113.97839999999 0.28118969340890765 0.6996679455914607 -0.21138745502729198 -0.6218620957169796
60866 66533.97839999999 0.43123511912257023 0.6185466441111797 -0.3457963279561495 -0.5584453605019775
60866 66953.97839999999 0.5591689286214806 0.5058447153642669 -0.4624309845998934 -0.4664856028692875
60866 67373.97839999999 -0.6584698376194072 -0.36740575164850625 0.5553448642721235 0.3507457317311848
60866 67793.97839999999 -0.7241455450856541 -0.2102925154592078 0.6198738637456458 0.21713286374817697
60866 68213.97839999999 -0.7528769270881766 -0.042594801681786205 0.6527631151240706 0.07254192623216672
60866 68633.9784 -0.7432723563714261 0.12719893120404782 0.6524095457417262 -0.07568633152485403
60866 69053.97839999999 -0.6958379343465025 0.29053271493779526 0.618848347375107 -0.22006143148304114
60866 69473.97839999999 -0.6129480056682425 0.43915561428218913 0.553745687530898 -0.3532744009020332
60866 69893.97839999999 -0.4987753073526526 0.5654871784596798 0.46035992481494714 -0.4685255418836345
60866 70313.97839999999 -0.35905583319915957 0.6630663295593805 0.3433670208897448 -0.559929495754251
60866 70733.97839999999 -0.20092646847132317 0.7268075822677077 0.20873835658967255 -0.6227419940184332
60866 71153.97839999999 -0.03247011338869128 0.7533887119867154 0.06336405261730563 -0.6537095205237833
60866 71573.97839999999 0.13769065501739516 0.7414062966048488 -0.08529364149964477 -0.6512165397126318
60866 71993.97839999999 0.3008347117707349 0.6914519641947905 -0.2295956415819712 -0.615368587735471
60866 72413.9784 0.44855384505746965 0.6061115702697953 -0.36209151780418675 -0.5480127235781144
60866 72833.97839999999 0.5732789335998862 0.4898114459189208 -0.4759827376278122 -0.45263279291024233
60866 73253.97839999999 -0.6686417209920851 -0.3485808981057368 0.5654560427885332 0.33416922374520547
60866 73673.97839999999 -0.7298498636416118 -0.18960703890776417 0.6260230820945571 0.19865409138445084
60866 74093.97839999999 -0.7537980877230723 -0.021101250168363398 0.6546169606456558 0.053101930486710545
60866 74513.97839999999 -0.7393428523289034 0.1483899264770944 0.6498552646814659 -0.09508265560061789
60866 74933.97839999999 -0.6872513904900582 0.31031588993918285 0.6120082691214791 -0.23840187341475674
60866 75353.97839999999 -0.6001538078861602 0.4564984820177633 0.5429745719360399 -0.3695986431605156
60866 75773.9784 -0.48244458041897287 0.5794973860234477 0.44622094615879837 -0.48199260743864053
60866 76193.97839999999 -0.34001478567618815 0.6730435095899594 0.32657734613100975 -0.5698680695691176
60866 76613.97839999999 -0.18015965216303037 0.7322442745124818 0.19016651268859255 -0.6286473730383708
60866 77033.97839999999 -0.01104197246485238 0.7540167951115561 0.04396408727231918 -0.6552891778170116
60866 77453.97839999999 0.15869150645623506 0.7372034566812982 -0.1045319098096946 -0.6483989119880862
60866 77873.97839999999 0.32035446921348243 0.6826331054516663 -0.2477065185903616 -0.608298066776646
60866 78293.97839999999 0.465596465807493 0.5931277911069143 -0.3781494708386084 -0.5370496551983672
60866 78713.97839999999 -0.5869754352616438 -0.47332443210300884 0.4891694269776549 0.4383344523125245
60866 79133.97839999999 -0.6782924286330309 -0.3294334677445494 0.5750971237955587 0.317263722778041
60866 79553.9784 -0.7349657520183339 -0.1687413677976003 0.6316332173040995 0.17997547875194586
60866 79973.97839999999 -0.7541019842426309 4.194687938119264E-4 0.655897024494811 0.033602301500209604
60866 80393.97839999999 -0.734805537319032 0.16945978726971375 0.6467278378090104 -0.11439976672473776
60866 80813.97839999999 -0.6780994643026343 0.3298452668010575 0.6046266043007084 -0.25653437557803865
60866 81233.97839999999 -0.5868611129090416 0.473472981249913 0.5317194891374473 -0.3856056989372599
60866 81653.97839999999 -0.46570545596038937 0.5930413078918783 0.43167890573882306 -0.4950492478155568
60866 82073.97839999999 -0.32068970066067304 0.6824715753971026 0.3094945642772096 -0.5793131962488209
60866 82493.97839999999 -0.15924220943590622 0.7370830286916764 0.1714226242086582 -0.6340069490613598
60866 82913.9784 0.010404413857308099 0.7540293903772307 0.02451769899508378 -0.6563004716253175
60866 83333.97839999999 0.17958054143264604 0.7323957322096948 -0.12369757685495912 -0.6450164572008952
60866 83753.97839999999 0.3396464203572722 0.6732414966915428 -0.26563463612551663 -0.6006866374087965
60866 84173.97839999999 0.482314940707519 0.5796156956547559 -0.3939306816009586 -0.525582116718558
60866 84593.97839999999 -0.6002552198631065 -0.45637355763528314 0.501987344207467 0.4235865356381651
60866 85013.97839999999 -0.687434957773746 -0.30991584816278656 0.5842835689652595 0.29999676152479965
60866 85433.97839999999 -0.7394894559514282 -0.1476799668660006 0.63670640760939 0.16109290000575138
60866 85853.97839999999 -0.7537839789659974 0.02194002113313311 0.6566050745408213 0.014075674552540747
60866 86273.97839999999 -0.7296726691371221 0.19034407887726407 0.643043864270672 -0.13357213846650623
60867 293.9784 -0.6684214283903388 0.34903549500375597 0.596744487279455 -0.27437753952844324
60867 713.9784 -0.5731349506106481 0.4899972262031263 0.5200433382059629 -0.4012156191991666
60867 1133.9784 -0.44864096741515874 0.6060541284056532 0.4168123931771303 -0.5076289045091974
60867 1553.9784 -0.30123682536004565 0.6912790467028477 0.29226424813632207 -0.5881932198673443
60867 1973.9784 -0.13840371376869634 0.7412765363262191 0.15272191442935584 -0.6387718885175432
60867 2393.9784 0.031583769679174985 0.7534342706259737 0.005285812320655731 -0.6567429676268112
60867 2813.9784 0.20005875105449067 0.7270605272576077 -0.14251419616515723 -0.6411311798078501
60867 3233.9784 0.3583382836098552 0.6634720350611325 -0.2830343805865256 -0.5926972858022753
60867 3653.9784 0.49811624546515226 0.5660863708524726 -0.4088860770317666 -0.5140414406916519
60867 4073.9784 -0.6123862385318184 -0.4399549148460417 0.5137539850129031 0.4092427282714069
60867 4493.9784 -0.6955107575883334 -0.2913318166536388 0.5924713910426453 0.28349287377319693
60867 4913.9784 -0.7431866907631339 -0.12775519749878575 0.6409803834400496 0.14316528989121322
60867 5333.9784 -0.7529004379613816 0.04245404457955146 0.6567476766306247 -0.0045906270458055416
60867 5753.9784 -0.7240753562575843 0.21060314640572803 0.6389014593812606 -0.15220419962982376
60867 6173.9784 -0.6581727385925659 0.36797656603714746 0.5883316145749301 -0.2920065141614595
60867 6593.9784 -0.5586416797105955 0.5064495525106152 0.5076760335657037 -0.4167653649176195
60867 7013.9784 -0.43044952196564606 0.6191051097979902 0.4009495504092704 -0.5202514104624506
60867 7433.9784 -0.28018285580652363 0.700077042952828 0.2736292946615526 -0.5970902028551014
60867 7853.9784 -0.1155366921020239 0.7451817605458787 0.13223745272605616 -0.6433262567503295
60867 8273.9784 0.05514888191023698 0.752072456338024 -0.016055506473677535 -0.6565728001932578
60867 8693.9784 0.223014038360985 0.720343052047985 -0.1635350381889182 -0.6361029141142713
60867 9113.9784 0.37946550969483595 0.6516074640504528 -0.30262908768232877 -0.5829487756521472
60867 9533.9784 0.5165085034312085 0.5493414237655997 -0.42621805314120365 -0.49978108927305287
60867 9953.9784 -0.6269745330143636 -0.41888665072943176 0.5278358547631732 0.3909299415733337
60867 10373.9784 -0.7051626437565331 -0.26710455435913005 0.6022415518254474 0.2621181339506756
60867 10793.9784 -0.7471664456593369 -0.10187695814459322 0.6457184721135527 0.120046002229716
60867 11213.9784 -0.7509889101685486 0.06826514288360937 0.6561827786178943 -0.02792289591420257
60867 11633.9784 -0.7166062136095345 0.2347189874902153 0.6332542408051578 -0.17427449047424495
60867 12053.9784 -0.6458667351244654 0.3891446151148562 0.5781829749751842 -0.31165217219782015
60867 12473.9784 -0.5423714034021733 0.52381971733797 0.49376601444724433 -0.4331758158951283
60867 12893.9784 -0.4113181339314162 0.6319686312435726 0.3842284720340831 -0.5327302536008791
60867 13313.9784 -0.25925715523522497 0.7080899364352817 0.2550393515899024 -0.6052679559658014
60867 13733.9784 -0.09381860239597575 0.7482235483003502 0.11268418497259515 -0.6470408534786356
60867 14153.9784 0.07663727345384999 0.7501817705144734 -0.03563429269791957 -0.6558080791582614
60867 14573.9784 0.24339676498359025 0.7137052122461738 -0.18232373246313063 -0.6309841054962319
60867 14993.9784 0.39779615980176125 0.6405720741541877 -0.3197469397767654 -0.573748662363728
60867 15413.9784 0.5318616771410204 0.5344819493155112 -0.44080001989219525 -0.486977971480921
60867 15833.9784 -0.6385797589226695 -0.40096586064292733 0.5391496074455121 0.37517991801866474
60867 16253.9784 -0.7124406954603668 -0.24703455791690637 0.6097201434702063 0.24422024750912563
60867 16673.9784 -0.7497517271022386 -0.08065392069662199 0.6489896123807126 0.10089487502051639
60867 17093.9784 -0.7487396681377102 0.08957985389867928 0.655073162511967 -0.04736571427829358
60867 17513.9784 -0.7096177279938648 0.25504417940222956 0.6278036520284012 -0.19302259238148994
60867 17933.9784 -0.6344772167202265 0.40743404987669934 0.5686521171197203 -0.32874142750691765
60867 18353.9784 -0.5271563880890937 0.5391195041740514 0.48063276543127137 -0.4477146943198027
60867 18773.9784 -0.39306195074202205 0.643475113222518 0.3681703508286037 -0.543960177138811
60867 19193.9784 -0.23891453668606555 0.7152036568537347 0.23689359901675258 -0.6126050898646026
60867 19613.9784 -0.07245077576524309 0.7505867024550605 0.09339374154635945 -0.6501139101946863
60867 20033.9784 0.09793071684648227 0.7476898669846604 -0.05507133645646379 -0.65447428170043
60867 20453.9784 0.26353476978493484 0.7065049048256297 -0.2009125692602201 -0.6253274215041161
60867 20873.9784 0.4157692684645503 0.629044545976291 -0.33654989024907705 -0.5640682990128668
60867 21293.9784 0.5467654077267843 0.5192235584962969 -0.45496686756563776 -0.47377171151654607
60867 21713.9784 -0.649665194055355 -0.382753939767433 0.5499690819135432 0.3591219377380063
60867 22133.9784 -0.7191474866834585 -0.22678792459731664 0.616651987597363 0.22612929011061003
60867 22553.9784 -0.7517389868471874 -0.05937505077263141 0.6516847373412359 0.08167069312915162
60867 22973.9784 -0.7458905834813221 0.1108248687417952 0.6533821765520087 -0.0667593986373184
60867 23393.9784 -0.7020546226412894 0.27517358486511506 0.6217922613188519 -0.21159675986287363
60867 23813.9784 -0.6225683429898312 0.4254064083335498 0.5586092979908692 -0.3455339321308305
60867 24233.9784 -0.5115074219193518 0.5539919502236429 0.46706639200088373 -0.46184636176124577
60867 24653.9784 -0.37448605241921645 0.6544678673041034 0.3517817655012484 -0.5546905413568138
60867 25073.9784 -0.21838422953318645 0.7217455104332768 0.21854240109108813 -0.6193795002952126
60867 25493.9784 -0.05103458669729137 0.7523520595875609 0.07403811321773919 -0.6525949794368243
60867 25913.9784 0.11913165382729367 0.744608830274598 -0.07443202320126187 -0.6525528429603502
60867 26333.9784 0.2834479710141279 0.6987557526692222 -0.21929281046163498 -0.6191189781612901
60867 26753.9784 0.4334041009564368 0.6170315544698518 -0.35303173788744807 -0.5538966854087765
60867 27173.9784 0.5612346988970783 0.503560313772716 -0.46872060631925067 -0.46015607825904425
60867 27593.9784 -0.660239478935613 -0.3642315132692432 0.5603039180614867 0.3427517390202043
60867 28013.9784 -0.7252896703963453 -0.2063395359983345 0.6230450974238445 0.20783093243419007
60867 28433.9784 -0.7531290204196991 -0.03801332350007318 0.6538071042132866 0.062353318423159325
60867 28853.9784 -0.7424354936515497 0.13202683026393053 0.651107570856858 -0.08612424182377809
60867 29273.9784 -0.6939049317758673 0.2951296390097829 0.6152133970538836 -0.23001503846597643
60867 29693.9784 -0.6101245863260201 0.44307660379437086 0.5480457895372943 -0.3620454735264518
60867 30113.9784 -0.4954087895914942 0.5684450964619697 0.4530579705208894 -0.4755825678589631
60867 30533.9784 -0.35557408040321 0.6649458104636844 0.33505908373782345 -0.5649332287066992
60867 30953.9784 -0.19765163816410902 0.727709159881455 0.1999843253300246 -0.6256032913739871
60867 31373.9784 -0.029558214314629565 0.7535111651542082 0.054612457362171456 -0.6544957719155587
60867 31793.9784 0.14025224271355996 0.7409278874059836 -0.09372751075748639 -0.6500540960605725
60867 32213.9784 0.3031493040453376 0.6904423619148714 -0.23748418772916827 -0.6123651728412209
60867 32633.9784 0.4507075509768734 0.604514675879378 -0.3692136989155236 -0.5432365549850238
60867 33053.9784 -0.575271999549118 -0.4874738665669078 0.4820799820570483 0.44612806104183156
60867 33473.9784 -0.6703025489840514 -0.34538362026404756 0.5701665260557023 0.32605947347739445
60867 33893.9784 -0.7308628137147327 -0.1856744627507922 0.6289082377560136 0.18931183241893254
60867 34313.9784 -0.7539131417565366 -0.016558446441990688 0.6553608535987782 0.04292952490416186
60867 34733.9784 -0.7383626860186994 0.15319384303152084 0.6482496395577507 -0.10547319643270299
60867 35153.9784 -0.6851540761882332 0.31491868252340227 0.6080634147057766 -0.24829216454959666
60867 35573.9784 -0.5971280535909479 0.46045064524007945 0.5369528198379954 -0.37829216246270025
60867 35993.9784 -0.4788381707822043 0.5824829846847037 0.43859364235559434 -0.4889408917650522
60867 36413.9784 -0.3363004919964434 0.6749092983797343 0.3179841224354122 -0.5747047206370465
60867 36833.9784 -0.17669212106141252 0.7330898785736565 0.18119856844658222 -0.6312893180472722
60867 37253.9784 -0.00800418791840801 0.754054913302611 0.035096485491253195 -0.6558241817790198
60867 37673.9784 0.1612985628184221 0.7366364700545984 -0.11297282003458428 -0.646982709623407
60867 38093.9784 0.32263221960678 0.6815585090314761 -0.2554906092943164 -0.6050710687190496
60867 38513.9784 0.46766429932155384 0.5914984145189769 -0.38508772514746487 -0.532096957990146
60867 38933.9784 -0.5888572416421728 -0.47098179498504233 0.4950296885062838 0.43170465049106316
60867 39353.9784 -0.6798337511153671 -0.3262384234922321 0.5795422864236438 0.3090716747432013
60867 39773.9784 -0.7358520392750657 -0.1648235619968279 0.634232189104193 0.17060041034390333
60867 40193.9784 -0.7540824407908977 0.0049527881995108615 0.6563428699957318 0.02343457671175264
60867 40613.9784 -0.7336682663455187 0.17429881123520427 0.6448105543824124 -0.12478040037041632
60867 41033.9784 -0.6757940161601357 0.3345329811410225 0.600341915522528 -0.2664201882699515
60867 41453.9784 -0.5835536452919526 0.4775380770172024 0.5253183463258659 -0.39428817263347365
60867 41873.9784 -0.4617463785045726 0.5961281553051329 0.4236381578212556 -0.5019484192904927
60867 42293.9784 -0.3165927121005554 0.6843835136472712 0.3004930287758118 -0.5840309927989858
60867 42713.9784 -0.15541441128042954 0.7379013397068033 0.16210149778493516 -0.6364519448011318
60867 43133.9784 0.013726019984708517 0.7539770075507178 0.015400551161385119 -0.6565767978570137
60867 43553.9784 0.18236028351492678 0.7317086588118386 -0.13225054811377882 -0.6433171520640043
60867 43973.9784 0.34196409898010255 0.6720672252485953 -0.2733745901229559 -0.5972039293495033
60867 44393.9784 0.48431387303442114 0.5779457043170658 -0.40069405259489044 -0.5204451089816606
60867 44813.9784 -0.6020058903434871 -0.4540581817579993 0.507589144514974 0.41686129100807867
60867 45233.9784 -0.6888343793283646 -0.30678749416483525 0.5884349982264193 0.2917754001653355
60867 45653.9784 -0.7402512730786623 -0.1437987521574783 0.639012347706228 0.1517009922918984
60867 46073.9784 -0.753636014483283 0.02642467451349943 0.6567487493175387 0.003946456696489957
60867 46493.9784 -0.7283871196339792 0.19518741591588237 0.6408136869100561 -0.1439162787461379
60867 46913.9784 -0.6658929414621619 0.35382389811087406 0.592100489817819 -0.28427495421509497
60867 47333.9784 -0.569464282359283 0.4942503762265378 0.5131881557972403 -0.4099572093113867
60867 47753.9784 -0.4441279789043415 0.6093658474176928 0.40818303604955025 -0.5145971350839736
60867 48173.9784 -0.29632327139583803 0.693398779851867 0.28248170315829074 -0.5929542463883718
60867 48593.9784 -0.1335559245302059 0.7421648231284325 0.14247633714364702 -0.6411354643815566
60867 49013.9784 0.0359963130096794 0.7532352245687252 -0.004787920772984545 -0.6567480778299113
60867 49433.9784 0.20383667198272876 0.7260079790118428 -0.15191269663830598 -0.6389722671338899
60867 49853.9784 0.3614976330537372 0.6617503900739122 -0.29145861461497213 -0.5886066245807056
60867 50273.9784 0.5009071844693737 0.5636087181986111 -0.416270136210871 -0.5080909160932386
60867 50693.9784 -0.6148509892616888 -0.43649467428674643 0.5198890389709845 0.4014300032148269
60867 51113.9784 -0.6973389042129577 -0.2869227482591158 0.5968859850583442 0.27408194038177264
60867 51533.9784 -0.744049194319808 -0.12261464119813678 0.6432465884192119 0.1326283253416926
60867 51953.9784 -0.7525600902100192 0.0480393518166606 0.6565814709036176 -0.01569405512175541
60867 52373.9784 -0.7224416693874438 0.21612307529622343 0.6362091248968693 -0.16311590987744296
60867 52793.9784 -0.655223290401193 0.3731919461624401 0.5831612634521208 -0.3022137519112099
60867 53213.9784 -0.5543836320987773 0.5110954284506568 0.5001702477618651 -0.4257581176344632
60867 53633.9784 -0.4252146344928705 0.6227010251725329 0.3915804063370525 -0.527352570141722
60867 54053.9784 -0.27450145188049035 0.7023147005324047 0.2630965446235895 -0.6018166020796611
60867 54473.9784 -0.10999553870382105 0.7460113543040823 0.12133699008100518 -0.6454807321312754
60867 54893.9784 0.059901352645863375 0.7516995764453098 -0.026438793833484176 -0.6562473351593653
60867 55313.9784 0.22664554773139298 0.7191973840067574 -0.17277534737754527 -0.6336683658428455
60867 55733.9784 0.38189267942322047 0.650175938323793 -0.3103217440614302 -0.5789038312106778
60867 56153.9784 0.5178410032137681 0.5480770862603137 -0.4321526345691765 -0.4946678717502102
60867 56573.9784 -0.6275586669953862 -0.4180038149436243 0.5320671485630585 0.3851590315590775
60867 56993.9784 -0.7053908089908029 -0.26648912668460717 0.604929628635078 0.25586616882581914
60867 57413.9784 -0.7472512497571253 -0.10120666555373442 0.646936754676862 0.11333850198444743
60867 57833.9784 -0.750876639657033 0.06941068764567095 0.6558443044012382 -0.03513796867170181
60867 58253.9784 -0.7159966261314791 0.23655017622777325 0.6311210883045727 -0.18187637942349807
60867 58673.9784 -0.6445246505753045 0.3913519778211851 0.5741261632476582 -0.319077973120602
60867 59093.9784 -0.5402113389710691 0.526037258127542 0.48785204707399116 -0.43983734774852723
60867 59513.9784 -0.40837552633602553 0.6338619828839611 0.37668808434152734 -0.5381026883962738
60867 59933.9784 -0.255641865774422 0.709392036211665 0.24620860213023976 -0.6089265141705634
60867 60353.9784 -0.08990070926613095 0.7486939155832669 0.10316485922246546 -0.6486388016944804
60867 60773.9784 0.080411634692306 0.7497751947478201 -0.04514404553708934 -0.655235180297521
60867 61193.9784 0.246637401908374 0.7125791049448839 -0.1911557977932404 -0.6283792422939073
60867 61613.9784 0.40031581368283015 0.6389887677942278 -0.32741660029186964 -0.5694198572245106
60867 62033.9784 0.5335881654057045 0.5327487863797423 -0.4469555103190321 -0.4813451694421996
60867 62453.9784 -0.6396163534706443 -0.3993033856303385 0.5436377674750221 0.36865390866209313
60867 62873.9784 -0.7129685142427081 -0.24549285906958543 0.6125217669185369 0.23712072641458282
60867 63293.9784 -0.7499020892035452 -0.07918399593742854 0.650105955299191 0.09348260950607737
60867 63713.9784 -0.7485441339287178 0.09114079198286479 0.6544916966200579 -0.054914976582349874
60867 64133.9784 -0.7089705688266235 0.2568196118360638 0.6254616764521325 -0.20050464035457014
60867 64553.9784 -0.6331935946792988 0.40941923760677074 0.5644829094946342 -0.33585831004021793
60867 64973.9784 -0.5250726831217052 0.5411485008566166 0.4746469292347124 -0.4540564612777441
60867 65393.9784 -0.3901576802170682 0.6452442150308084 0.36055404805220936 -0.5490333923998403
60867 65813.97839999999 -0.23532384481699334 0.7163989943149834 0.22801565013906228 -0.6159578169783128
60867 66233.97839999999 -0.06851621190608645 0.7509614707954714 0.08384172847415934 -0.651408445334575
60867 66653.97839999999 0.10177165111936984 0.7471811070859291 -0.06460667648567371 -0.6535968953382185
60867 67073.97839999999 0.2668814039581703 0.7052516385510844 -0.20975626121732804 -0.6224120447279717
60867 67493.97839999999 0.4184050422057306 0.6272984368588371 -0.3442047337526526 -0.5594255920437908
60867 67913.97839999999 0.5485819659158777 0.5173083005003902 -0.46105565120685355 -0.4678436014262595
60867 68333.97839999999 -0.6507415897860201 -0.3809264124009694 0.5543243205684679 0.35235635269481963
60867 68753.9784 -0.7196857732461812 -0.22508225467904344 0.6192769443825669 0.21882968850646295
60867 69173.97839999999 -0.7518642979672344 -0.05778730216580594 0.6525826829959853 0.07413870112429154
60867 69593.97839999999 -0.7456502400225353 0.11243719330977732 0.6525633993681021 -0.07432769954802824
60867 70013.97839999999 -0.701364123744793 0.27693276960138835 0.6192227330362841 -0.21899729207384727
60867 70433.97839999999 -0.6212549811414121 0.4273267066655106 0.554243336409839 -0.35248894766032357
60867 70853.97839999999 -0.5094252595742992 0.5559133725180284 0.4609386436325299 -0.46795490591454775
60867 71273.97839999999 -0.37162037892031424 0.6561064099484799 0.3440927042260663 -0.5594844802977399
60867 71693.97839999999 -0.21480603093775874 0.7228263452781171 0.20961021008781164 -0.6224500007804565
60867 72113.9784 -0.047061925743294236 0.7526181687080985 0.06443039380209387 -0.6536052261344824
60867 72533.97839999999 0.12306708947463472 0.7439746614418481 -0.08402776436023945 -0.6513797121781962
60867 72953.97839999999 0.28692481386076235 0.6973408238291565 -0.22818946644942728 -0.6158891897198439
60867 73373.97839999999 0.4361696388846886 0.6150853885723668 -0.3607025902653105 -0.5489259078016598
60867 73793.97839999999 0.5631452722120165 0.5014295008704406 -0.4747620812711297 -0.45391279363902015
60867 74213.97839999999 -0.6613717786744586 -0.36218298369529683 0.5645515030936343 0.33569697205854176
60867 74633.97839999999 -0.7258852275112602 -0.20425804926535462 0.6255490906153929 0.20014400071321864
60867 75053.97839999999 -0.7532376354643997 -0.03592349671494424 0.6545131329626306 0.05436106771590688
60867 75473.97839999999 -0.7420600499252187 0.13415117630621176 0.6499931133402851 -0.0941238376334337
60867 75893.9784 -0.6929832419697642 0.2973001422294921 0.6122702653295997 -0.23772247258646093
60867 76313.97839999999 -0.6085654821960019 0.44522477739831406 0.5433056163976229 -0.3691096837810794
60867 76733.97839999999 -0.4931550918408721 0.5704103352109235 0.44664105525117576 -0.4816034391904806
60867 77153.97839999999 -0.3526759402097969 0.6664953834443516 0.32723274596145474 -0.5694930333331819
60867 77573.97839999999 -0.19425552439132732 0.7286306480138747 0.19113933707990693 -0.6283533431430004
60867 77993.97839999999 -0.025925430819823472 0.7536518150236149 0.045271856677951035 -0.6552001776108951
60867 78413.97839999999 0.143803060421928 0.7402528270128991 -0.10297134761420221 -0.6486473105495877
60867 78833.97839999999 0.3063146172746807 0.6890490313375099 -0.24605048426425008 -0.6089679358143852
60867 79253.9784 0.4532848518681865 0.6025899016979216 -0.3766233888570073 -0.5381199461127499
60867 79673.9784 -0.5770332078434851 -0.48539483426235763 0.4878598372317513 0.4397923500170107
60867 80093.97839999999 -0.6713018804839932 -0.3434508144429411 0.5741377828321148 0.3190002032001832
60867 80513.97839999999 -0.731303584497909 -0.18395943920104924 0.6310904927012384 0.18187573244238286
60867 80933.97839999999 -0.7539503766324931 -0.015106299603440353 0.6557992988393558 0.03546701185358338
60867 81353.97839999999 -0.7380941800315158 0.1545119306477099 0.6470163809059556 -0.11275126398617857
60867 81773.97839999999 -0.6845411868046174 0.31626238043382976 0.605184212179698 -0.2552127340453292
60867 82193.97839999999 -0.5959993860297743 0.4619177811533433 0.5324054581851945 -0.38465715046144283
60867 82613.97839999999 -0.47702469101079453 0.5839739420183192 0.43241107820679553 -0.4944113051434782
60867 83033.9784 -0.3337407909174671 0.6761829677346566 0.3103408472837552 -0.5788628828406058
60867 83453.97839999999 -0.1733061205224517 0.7339014551003192 0.1722936168065489 -0.6337732657652969
60867 83873.97839999999 -0.00412997765417057 0.7540886153858911 0.025520819514091492 -0.6562636598207269
60867 84293.97839999999 0.16513779524106814 0.7357865891566889 -0.12245451843948608 -0.6452538219288891
60867 84713.97839999999 0.32592058847754724 0.6799926564013935 -0.2641104295196622 -0.6013579950957376
60867 85133.97839999999 0.47008641220477454 0.5895766527976504 -0.39226543559206584 -0.5268263125320606
60867 85553.97839999999 -0.5903264471190649 -0.4691435928884412 0.5004178094897376 0.4254421124301157
60867 85973.97839999999 -0.6805440757358523 -0.32476264754155687 0.5830940772328124 0.30230825466508193
60867 86393.97839999999 -0.7360890794178854 -0.16377868652944372 0.6360470678875214 0.16368731298456474
60868 413.9784 -0.754081168887804 0.005634853827652215 0.6565465969097403 0.016625439464366194
60868 833.9784 -0.7335372614323198 0.17486129515219023 0.6434962798467757 -0.1313740894218922
60868 1253.9784 -0.6754492640042754 0.33523395824206964 0.597507282719962 -0.2727114447434217
60868 1673.9784 -0.5829235238766471 0.4783098104684058 0.5210313764340855 -0.3999327384599967
60868 2093.9784 -0.46071683393966695 0.5969232482753309 0.41799297435694643 -0.5066601503782099
60868 2513.9784 -0.31502682449529046 0.6851013045893025 0.2936118853138797 -0.5875256276120033
60868 2933.9784 -0.15329415766156987 0.7383377837934345 0.15424432684807343 -0.6384096693229309
60868 3353.9784 0.016256531803780977 0.7539185878776179 0.0069889279743281804 -0.6567295051328979
60868 3773.9784 0.1850221933149175 0.7310306070088725 -0.1406675157479694 -0.641540091974361
60868 4193.9784 0.3444239088781759 0.6707996205759964 -0.28119201149713174 -0.5935748416993213
60868 4613.9784 0.4862141261973166 0.5763384785224223 -0.40730169850517356 -0.5153009878269592
60868 5033.9784 -0.6031604514680382 -0.45251397955074024 0.512562074529235 0.4107416315036879
60868 5453.9784 -0.6893761117203063 -0.3055534451917065 0.5916824131242869 0.2851483661539922
60868 5873.9784 -0.7404107474337958 -0.14294510815064101 0.6405915516155861 0.1449175114990086
60868 6293.9784 -0.7536092226439889 0.02701746199537067 0.6567613251558693 -0.002785331714186141
60868 6713.9784 -0.7282547277041385 0.19565497566732803 0.6393330478717597 -0.15039094378384166
60868 7133.9784 -0.6656052454479623 0.35435181457370674 0.5891584269118052 -0.2903391064587863
60868 7553.9784 -0.5688886123377275 0.4949082772984404 0.5088085661621173 -0.41538582885552916
60868 7973.9784 -0.4431148592154354 0.6101012360095598 0.40243649375013324 -0.5191055498260361
60868 8393.9784 -0.29484522717027445 0.6940266709346606 0.2755913463677342 -0.5961901390106021
60868 8813.9784 -0.13163422714036485 0.7425055139790125 0.13474228624974516 -0.6428082982134822
60868 9233.9784 0.0381907047756167 0.753123642544781 -0.012911779225425742 -0.6566426235526113
60868 9653.9784 0.20603857270569365 0.7253818886179361 -0.15988259976628683 -0.6370296512050677
60868 10073.9784 0.3634325408778781 0.6606849127789227 -0.2987257740794351 -0.5849573883267045
60868 10493.9784 0.5024184779629289 0.5622558820257718 -0.4224111568988648 -0.5030037879143633
60868 10913.9784 -0.6158086489363243 -0.4351302553066664 0.5245410203905855 0.39534552829085806
60868 11333.9784 -0.6978093763884688 -0.28575431192334955 0.5999056024965639 0.26743188952476105
60868 11753.9784 -0.7441841882055538 -0.1217459731758869 0.6446276758743663 0.1257893935795467
60868 12173.9784 -0.752521223253884 0.04852596070964262 0.6563978594173903 -0.02233584209185061
60868 12593.9784 -0.7223608035416433 0.21636262909343343 0.6345879402754556 -0.16935237906626377
60868 13013.9784 -0.6552196651523402 0.37318134733567454 0.5802836928119142 -0.30772342818666526
60868 13433.9784 -0.5545578147953364 0.5108973238001765 0.4962716493463474 -0.4303068726366046
60868 13853.9784 -0.42558676699566284 0.622443703431283 0.3868880883633071 -0.5308082016128937
60868 14273.9784 -0.2749932452432896 0.7021231680644145 0.25780261128800436 -0.6041022972567146
60868 14693.9784 -0.11008007005844984 0.7460006095701256 0.11528184623237321 -0.6465876310494837
60868 15113.9784 0.060182593908796024 0.7516782702801629 -0.03290528533178591 -0.655953562057761
60868 15533.9784 0.22717535848887133 0.719031742344229 -0.17923583757379125 -0.6318696262094711
60868 15953.9784 0.3824763815554867 0.649834747911365 -0.31630600335408415 -0.5756536547277021
60868 16373.9784 0.5182867087009418 0.547654109017268 -0.43721962853875423 -0.49019675731371515
60868 16793.9784 -0.6277739497753249 -0.4176766771133319 0.535891323342136 0.37982436855166046
60868 17213.9784 -0.7054100965914548 -0.26643836466415144 0.6073457208813625 0.2500767258043524
60868 17633.9784 -0.7472073937144743 -0.10153924772122382 0.6479337970396095 0.10748342478942738
60868 18053.9784 -0.7509417249678296 0.06871463756760957 0.6555177792062099 -0.04075862400586204
60868 18473.9784 -0.7162844112196285 0.23567563481687878 0.6295926063593188 -0.18710100858918727
60868 18893.9784 -0.6448717543279668 0.39077518074666795 0.5713565706579277 -0.3240167399200108
60868 19313.9784 -0.540298161316338 0.5259473926748073 0.4837204377069282 -0.4443779643067088
60868 19733.9784 -0.40802009169646614 0.634093459088971 0.3712459134389984 -0.5418685833921677
60868 20153.9784 -0.2549689761418824 0.7096361439942444 0.23982337321478367 -0.6114671814594981
60868 20573.9784 -0.08903434762029264 0.7487990442758706 0.09623594633217186 -0.6497010996365351
60868 20993.9784 0.0812129448126086 0.749689797564775 -0.05207216560817578 -0.6547199054489068
60868 21413.9784 0.2471377273815443 0.7124073816819798 -0.19755562493235804 -0.6263947966636512
60868 21833.9784 0.4003968937713605 0.6389406594966911 -0.3328787555806781 -0.5662410221656836
60868 22253.9784 0.5333005486924591 0.5330444476462678 -0.4512397546223769 -0.47732255912133936
60868 22673.9784 -0.6391496043698618 -0.40006371749228903 0.5466761537947894 0.36411809629876246
60868 23093.9784 -0.7125681576133142 -0.24667616360715802 0.6143536819158876 0.23230808117672963
60868 23513.9784 -0.7497598334851866 -0.08059415116814657 0.6507904490308726 0.08852438274253335
60868 23933.9784 -0.7487145608641609 0.08979388946042718 0.6540401445216304 -0.05995876182577488
60868 24353.9784 -0.7093453523639133 0.25579998717720936 0.6238148521735258 -0.20554942920761737
60868 24773.9784 -0.6335934323569989 0.40880766272027896 0.561585076127901 -0.34067265761384363
60868 25193.9784 -0.525273099753949 0.5409574241208116 0.4704669207738694 -0.4583820594449654
60868 25613.9784 -0.38999858349889965 0.6453430306836527 0.3551694334503542 -0.5525288690733221
60868 26033.9784 -0.2348332945298094 0.7165614472963082 0.221714504226642 -0.6182521287018996
60868 26453.9784 -0.06775049269017384 0.7510315101240884 0.0769695322543918 -0.6522554964471438
60868 26873.9784 0.10259605632652795 0.7470683589326773 -0.07154307203305951 -0.6528740346743412
60868 27293.9784 0.2675216280553639 0.7050094031998474 -0.2162282445300105 -0.6201929265880679
60868 27713.9784 0.41869811623742587 0.6271061932461486 -0.34976169319597217 -0.555964448345613
60868 28133.9784 0.5485251527698586 0.5173762665903441 -0.46542070134862906 -0.463492746765244
60868 28553.9784 -0.65047337525703 -0.38139705352751596 0.5573913451738759 0.3474702346496939
60868 28973.9784 -0.7193988363320472 -0.22601862838320017 0.6210443187898483 0.21374014130884822
60868 29393.9784 -0.7517722813198853 -0.05904837724214151 0.6531360774701618 0.06902891054519096
60868 29813.9784 -0.7458550346889932 0.11110768411348168 0.6519634819140132 -0.0793660381433758
60868 30233.9784 -0.7018103537033465 0.27581204930242337 0.6174653791746392 -0.2238893619962773
60868 30653.9784 -0.6217575047059811 0.42660265257078406 0.5512785094645053 -0.35709912792382476
60868 31073.9784 -0.5097259699175105 0.555643320452184 0.45671569064538586 -0.47207066626389016
60868 31493.9784 -0.37152438496555773 0.6561657157671985 0.3386674448191389 -0.562779305454065
60868 31913.9784 -0.21437111850559287 0.7229590861914955 0.20330144535122277 -0.6245347913142411
60868 32333.9784 -0.0463337141921488 0.7526657526303814 0.05757872863282991 -0.6542416539441134
60868 32753.9784 0.12387737154552009 0.7438420763986288 -0.09092243856134313 -0.6504509761419446
60868 33173.9784 0.28757297006413873 0.6970758152227713 -0.2345993879084659 -0.6134738966842616
60868 33593.9784 0.4364805371612667 0.6148673766881146 -0.36617365763856313 -0.5452886411944453
60868 34013.9784 -0.5631155155527471 -0.5014669389388985 0.47902135065132717 0.44941113795186816
60868 34433.9784 -0.6611209217757759 -0.36264513889178734 0.5674818445344115 0.3307143573422944
60868 34853.9784 -0.7255641568734775 -0.2053992757246982 0.6271142518614665 0.19518070320726438
60868 35273.9784 -0.7531552831185631 -0.037620564840182426 0.654889053560788 0.04961995705316692
60868 35693.9784 -0.7424000411817318 0.13225770570917197 0.6493235599204891 -0.09863565615989121
60868 36113.9784 -0.6937014417051993 0.29562051385492727 0.6105734463070943 -0.242047285109655
60868 36533.9784 -0.6094163371500912 0.4440608419737151 0.5404907558797829 -0.37321768372983416
60868 36953.9784 -0.4937779405012347 0.5698727315302448 0.44257787388236314 -0.48533827469341817
60868 37373.9784 -0.35276613550843455 0.6664489813394262 0.3218875895379168 -0.5725296399415104
60868 37793.9784 -0.1937346514568261 0.7287702287727821 0.1847137868435615 -0.6302710967744597
60868 38213.9784 -0.0248505470291135 0.7536880100519032 0.03811534192681908 -0.655655438874839
60868 38633.9784 0.14514355640832127 0.739990587257763 -0.11029529557781448 -0.6474428365318887
60868 39053.9784 0.30753392128196316 0.6885052080273648 -0.2528898803832708 -0.6061601885474411
60868 39473.9784 0.45408684787396364 0.6019859863800125 -0.38242100540674034 -0.5340151509214595
60868 39893.9784 -0.5774239944460063 -0.4849302079102995 0.49235857526289745 0.4347496491766059
60868 40313.9784 -0.6713653772423782 -0.343323308263063 0.5771974126772702 0.3134338575236726
60868 40733.9784 -0.7312100509607404 -0.1843192618657681 0.6327025223816812 0.17619815337031208
60868 41153.9784 -0.7539305680954921 -0.01589312370988528 0.6560792000429804 0.029936439015250865
60868 41573.9784 -0.7382993833645458 0.15350982195785023 0.6460844966055618 -0.11799821325739857
60868 41993.9784 -0.684970280974893 0.315322888935568 0.6031014137946279 -0.26010742890856614
60868 42413.9784 -0.5965199357580739 0.4612394720947657 0.5291846196993948 -0.38908322232978926
60868 42833.9784 -0.4773766191060655 0.5836842588087344 0.42801330401919624 -0.4982257130381086
60868 43253.9784 -0.3336786730911955 0.6762145758334625 0.3047901109260594 -0.5818035569125974
60868 43673.9784 -0.17289489340633193 0.7340000302074939 0.16592391940505086 -0.6354687753608963
60868 44093.9784 -0.0033706461221440407 0.7540935898249809 0.018638275227011846 -0.6564938013615627
60868 44513.9784 0.1661939142306301 0.7355494545976904 -0.12948867416405102 -0.6438783005949016
60868 44933.9784 0.32714441281971096 0.6794049870419135 -0.2708747837211732 -0.5983412473559143
60868 45353.9784 0.4712794622525713 0.588622210710155 -0.3983001903431469 -0.522280116307552
60868 45773.9784 -0.5912953393393571 -0.4679171459025667 0.5053007380236019 0.4196361881424837
60868 46193.9784 -0.6811441794266054 -0.32349567075819363 0.5864868691301814 0.2956794043754827
60868 46613.9784 -0.7363252217890196 -0.16269961162380847 0.6378038276669743 0.15671720246408705
60868 47033.9784 -0.7540711426007356 0.0063685318747699554 0.6566892439890494 0.009766807445220493
60868 47453.9784 -0.7334493395073358 0.17521144422001012 0.642163106613996 -0.1377663264170632
60868 47873.9784 -0.6754131587283966 0.3352964684868411 0.5948782441087926 -0.27841195721955303
60868 48293.9784 -0.5827952513659713 0.4784579948860501 0.5171232380337399 -0.4049829611235449
60868 48713.9784 -0.46023210541737203 0.597292516606384 0.41276985064561794 -0.510929651857376
60868 49133.9784 -0.3140374724894056 0.6855531163287877 0.28718679977211636 -0.5906954651942098
60868 49553.9784 -0.15174674281319184 0.7386559049728473 0.14685071752885503 -0.640152518432593
60868 49973.9784 0.018328093734165708 0.7538695249429997 -0.0010416826544328958 -0.6567676417421422
60868 50393.9784 0.18752917998535074 0.7303887123964871 -0.148941850795309 -0.6396729324736913
60868 50813.9784 0.3469789482851028 0.6694754805240044 -0.2890676812288754 -0.5897864580448405
60868 51233.9784 0.48850300946394587 0.574390258580018 -0.4142146097474145 -0.5097714170732264
60868 51653.9784 -0.6049244669950908 -0.45014513793579036 0.5180276953747961 0.4038354254497134
60868 52073.9784 -0.6904182015820577 -0.30318645337969485 0.5953211669029767 0.2774768272280003
60868 52493.9784 -0.7407819810596005 -0.1409935003206821 0.6423055699162585 0.13713658979020088
60868 52913.9784 -0.7535581906550745 0.0282921404258459 0.6566940618834631 -0.01012507648232909
60868 53333.9784 -0.7280967943379224 0.19622625275447775 0.6377609575094879 -0.15694354679743325
60868 53753.9784 -0.6655805287602513 0.3543895220417661 0.5863686633201924 -0.2959432666548163
60868 54173.9784 -0.5690243815533915 0.4947410445217438 0.5049765655656303 -0.4200490689108296
60868 54593.9784 -0.4432158860594937 0.6100142550918647 0.39760018444616335 -0.5228349455206608
60868 55013.9784 -0.29455177689126005 0.6941388307567037 0.26968638442621407 -0.5988988131738399
60868 55433.9784 -0.13069311399900507 0.7426610463929846 0.12782891392325324 -0.6442310524097095
60868 55853.9784 0.03989459692797571 0.7530245672175373 -0.020629878605520593 -0.6564577902740711
60868 56273.9784 0.20831806401108638 0.7247178958125151 -0.1679292202971068 -0.6349703399893251
60868 56693.9784 0.36592115670712944 0.6592965967256583 -0.3064695409515409 -0.5809527735444875
60868 57113.9784 0.5046395574883189 0.5602536198785644 -0.42914518956777536 -0.4972818161785097
60868 57533.9784 -0.6174488354103583 -0.43279176387285134 0.5297475330947152 0.3883500688222957
60868 57953.9784 -0.6987237718626528 -0.28349841812682247 0.6032629587970549 0.2597836409342197
60868 58373.9784 -0.7444668991262956 -0.11996182200739881 0.6460840415114673 0.11812539384125623
60868 58793.9784 -0.7524414768571953 0.049623680492922304 0.6561239196883273 -0.029507901520178657
60868 59213.9784 -0.7222226136359435 0.2167974146897162 0.6328601916553884 -0.17573091690031903
60868 59633.9784 -0.6552222122302443 0.3731649438698918 0.5773622726245442 -0.3131845836188407
60868 60053.9784 -0.5546929271592853 0.5107427165192032 0.4923068973859566 -0.43484658543935
60868 60473.9784 -0.42563336293499004 0.6224024120502785 0.38190504573020334 -0.5344155816183298
60868 60893.9784 -0.2746247752155791 0.7022586276007228 0.25177129877671406 -0.6066508599766661
60868 61313.9784 -0.1094567273093214 0.7460844101107339 0.10862577303285095 -0.6477481912514049
60868 61733.9784 0.061360328455748875 0.7515747642472046 -0.04013847169079464 -0.6555602084697398
60868 62153.9784 0.22890456640140938 0.718473753821353 -0.18672750885849665 -0.6297070763346531
60868 62573.9784 0.3845901685325068 0.6485770643123102 -0.3236059101935877 -0.5715919950488663
60868 62993.9784 0.5204418556831102 0.5455987879228528 -0.4437546903296078 -0.48429744195144026
60868 63413.9784 -0.6295793226057271 -0.41494562524870404 0.5410829963975088 0.37239655697088486
60868 63833.9784 -0.7065611162764046 -0.26336107705571193 0.6107454669301645 0.24166569198492294
60868 64253.9784 -0.7476014279166547 -0.09855771456715061 0.6493254808672642 0.09876690626305526
60868 64673.9784 -0.7507036770350939 0.07120337485049151 0.6549515839931225 -0.04911711840885685
60868 65093.9784 -0.7156935723895078 0.23744716140073602 0.6273266265120961 -0.19458381138221695
60868 65513.9784 -0.6442329193777647 0.39182181965251983 0.5677460122840443 -0.3303090564452578
60868 65933.97839999999 -0.5398164231107022 0.5264415450806116 0.4791040161571545 -0.44935161138599544
60868 66353.97839999999 -0.40764502548085785 0.6343390373453349 0.36579944306308754 -0.5455550259646038
60868 66773.97839999999 -0.2544515001442778 0.7098283826903 0.23359797832518156 -0.6138648757861843
60868 67193.97839999999 -0.0881267910400414 0.7489127858206367 0.08931519704011379 -0.6506812610741481
60868 67613.97839999999 0.08280961248315655 0.7495208798820496 -0.05964049727444758 -0.6540672975971847
60868 68033.97839999999 0.2493774456129705 0.7116318884502054 -0.20541759551109542 -0.6238545955707824
60868 68453.9784 0.40305394715655274 0.6372729024681163 -0.3405440987990262 -0.5616586866011641
60868 68873.9784 0.5361704656782804 0.5301629821760834 -0.4582652088032253 -0.4705756500978712
60868 69293.97839999999 -0.6417741926648698 -0.39584773770089426 0.5524359877074843 0.3553096307055225
60868 69713.97839999999 -0.7143994922791365 -0.2413355054869247 0.6181930983171274 0.2218734603681859
60868 70133.97839999999 -0.7503875579279042 -0.07456010591204618 0.6522348405587979 0.07712986629458264
60868 70553.97839999999 -0.7479670718805337 0.09583936940417273 0.6528871294619956 -0.07140357720413212
60868 70973.97839999999 -0.7073903893603788 0.2611644182553332 0.6202283745406953 -0.2161220652606579
60868 71393.97839999999 -0.630834816573436 0.4130584699791108 0.5560098878778542 -0.34969006156785676
60868 71813.97839999999 -0.5222559525801402 0.5438790856024339 0.46353936564036946 -0.46537674709915905
60868 72233.9784 -0.38718247234010367 0.647044357729929 0.34751662233165226 -0.5573648082231855
60868 72653.97839999999 -0.23242395261540502 0.7173543142358271 0.2137882425203125 -0.6210285673444936
60868 73073.97839999999 -0.06575974399681712 0.7512156027169947 0.06908480631778575 -0.6531294388098345
60868 73493.97839999999 0.10442596363154903 0.746821194608875 -0.0792930138471301 -0.6519708117374844
60868 73913.97839999999 0.2694990352210489 0.7042616861117581 -0.22379822390691884 -0.6174950222196578
60868 74333.97839999999 0.420998159613693 0.6255699348839093 -0.35701199564659714 -0.5513304282693448
60868 74753.97839999999 0.5510388363824491 0.5147045907907981 -0.4719958593408 -0.4567880184311904
60868 75173.97839999999 -0.6527964326226953 -0.37741834296679067 0.5627194961728059 0.33876094901022524
60868 75593.97839999999 -0.7209993113725648 -0.22088355012275424 0.624493873888306 0.20341546588554318
60868 76013.9784 -0.7522201348223386 -0.053131486285473394 0.6542259853526609 0.05770852642633651
60868 76433.97839999999 -0.7449368577013283 0.11713930616758869 0.650465674683452 -0.09078472915225667
60868 76853.97839999999 -0.6996578129896701 0.28124014411425935 0.6135222354182976 -0.23446405419261462
60868 77273.97839999999 -0.6188060742565719 0.43088133168631193 0.5453692425222685 -0.36605014653471685
60868 77693.97839999999 -0.5065593666630844 0.558540494059719 0.44951757302109335 -0.4789196969082039
60868 78113.97839999999 -0.36862752597174386 0.6578056321793604 0.33083603705360454 -0.5674090358425123
60868 78533.97839999999 -0.21196217156007197 0.7236765214769274 0.19530548330097627 -0.6270726419508069
60868 78953.97839999999 -0.04442621206390662 0.7527876308413364 0.04973772740712045 -0.6548765173727911
60868 79373.9784 0.12555961779240335 0.743566063505453 -0.0985290306040051 -0.6493352922112469
60868 79793.97839999999 0.28936959419048197 0.6963372191635466 -0.24195612398835215 -0.6106037579561295
60868 80213.97839999999 0.43857029760226973 0.6133836915157088 -0.37314525310250607 -0.5405359942970358
60868 80633.97839999999 -0.5654195462588083 -0.4988742766070069 0.4852829065690504 0.4426349437631571
60868 81053.97839999999 -0.6632589751380996 -0.35873327520560966 0.5724888280735113 0.32195420620024773
60868 81473.97839999999 -0.7270040538732758 -0.20027100595693953 0.6302448834178112 0.18479182003132097
60868 81893.97839999999 -0.753437697540976 -0.03162655087229905 0.6556461750847131 0.03820327604879351
60868 82313.97839999999 -0.7412728179211574 0.13846598513927041 0.6474552226365733 -0.11019761817418432
60868 82733.97839999999 -0.6912611726805189 0.30129496396658145 0.6062005269481179 -0.25278500145490135
60868 83153.9784 -0.6060812725633239 0.4486089394866237 0.5340875992396 -0.3823165531325961
60868 83573.97839999999 -0.4901584554917054 0.5729934906158918 0.43485301284683986 -0.4922661936796268
60868 83993.97839999999 -0.34941583767231343 0.6682151331631961 0.3135603173435261 -0.5771282661444288
60868 84413.97839999999 -0.1909592926400946 0.7295046727150549 0.17633465061676057 -0.6326638697074145
60868 84833.97839999999 -0.022733104237243423 0.7537558315317099 0.03007005525861077 -0.6560725144223186
60868 85253.97839999999 0.14682402217113902 0.7396590122645894 -0.1178822608270528 -0.6461044998075495
60868 85673.97839999999 0.30913542925319915 0.687786807383516 -0.26001743363169316 -0.6031380672592458
60868 86093.97839999999 0.4558626329264886 0.6006423150457652 -0.3890186599445854 -0.5292282602929593
60869 113.9784 -0.579384407392705 -0.48258933319181696 0.4981834206649979 0.4280590185175441
60869 533.9784 -0.6732025679682878 -0.3397139894066809 0.5817787308600517 0.30483801633190016
60869 953.9784 -0.7324236661400537 -0.17945128424028103 0.6354561019033819 0.1659769635107111
60869 1373.9784 -0.7540326783276313 -0.010165011368130594 0.656491035925797 0.018732653496460645
60869 1793.9784 -0.737023021442428 0.15953281454501447 0.6439004702839131 -0.1293774760743773
60869 2213.9784 -0.68235241666827 0.3209509444104086 0.5984005573172281 -0.2707442404770034
60869 2633.9784 -0.5929089533234643 0.4658742082273171 0.5223879835850807 -0.39815950294242364
60869 3053.9784 -0.47333433564713245 0.5869664658077841 0.41979724329178225 -0.5051685354802171
60869 3473.9784 -0.32976269486010196 0.6781283628668976 0.2958856761298771 -0.5863873764118989
60869 3893.9784 -0.16948761485993924 0.7347866843819215 0.1569515513827777 -0.6377528419244013
60869 4313.9784 -5.822269439463132E-4 0.7540919085169048 0.010003718332765707 -0.6566924547614633
60869 4733.9784 0.16846176504880628 0.735023145938632 -0.13755548207974033 -0.6422149935971033
60869 5153.9784 0.3291012427820319 0.6784481084819288 -0.2782421712145475 -0.5949637217969089
60869 5573.9784 0.47312427300920923 0.5871294191063916 -0.40485241390842913 -0.5172301136455769
60869 5993.9784 -0.5930806626974786 -0.46564086208352157 0.5108365418443864 0.41289216825813374
60869 6413.9784 -0.6826729845570492 -0.3202393406994917 0.5906392340616584 0.287314559344603
60869 6833.9784 -0.7372493259506416 -0.1584260985130724 0.6401277132953944 0.1469731722677995
60869 7253.9784 -0.7540032166641805 0.011484042518359976 0.656769705084139 -9.058207319700678E-4
60869 7673.9784 -0.7321222336602162 0.18063898059700254 0.6397559431533746 -0.14858979396037816
60869 8093.9784 -0.6728370174565921 0.3404173850700203 0.5900484439417245 -0.2885293497794576
60869 8513.9784 -0.5792851369636025 0.48269487810402184 0.5102689946352083 -0.41359392870202744
60869 8933.9784 -0.4563265162836344 0.6002804722114163 0.40455300406772804 -0.5174614305606339
60869 9353.9784 -0.3102553824020125 0.6872733107328133 0.278310347096755 -0.5949288568760321
60869 9773.9784 -0.14848499050389344 0.739318354071001 0.13795238397105794 -0.6421290514261964
60869 10193.9784 0.020854670394057147 0.7538025779967445 -0.009456323733707295 -0.6567018608696493
60869 10613.9784 0.18926323021344998 0.7299395096527838 -0.15650027659807805 -0.6378678588561657
60869 11033.9784 0.34822922753148733 0.6688241039496827 -0.29572792991297947 -0.5864773776865665
60869 11453.9784 0.48959596928623933 0.5734555431884386 -0.41998079011738243 -0.5050353084463499
60869 11873.9784 -0.6060539182860716 -0.4486131075588795 0.522832620459421 0.39760656287340124
60869 12293.9784 -0.6914928838967834 -0.3007102801300294 0.5988940059883504 0.2696977725815591
60869 12713.9784 -0.741454588830633 -0.1373822025883433 0.644211601884014 0.12791651618147268
60869 13133.9784 -0.7533569275326029 0.033088613408118084 0.6564579628163287 -0.020528674004917813
60869 13553.9784 -0.7265504024174438 0.20184741140777002 0.6349730032599322 -0.1679030088655202
60869 13973.9784 -0.6624724768451903 0.36014850659015657 0.5809055657720845 -0.306548518636925
60869 14393.9784 -0.5645456686448862 0.49983621157054847 0.49713514445099344 -0.42931177222246086
60869 14813.9784 -0.43794505312793314 0.6138070872103509 0.38807704105496754 -0.5299445257167371
60869 15233.9784 -0.2892625460038173 0.69636122797097 0.25940678277714746 -0.6034205338794513
60869 15653.9784 -0.1260848338964355 0.7434591909284191 0.11769972934114525 -0.6461561883928605
60869 16073.9784 0.043393096696729576 0.7528317635367238 -0.029908678422017228 -0.656099722545516
60869 16493.9784 0.2107226243647325 0.7240232912404637 -0.17604286914946507 -0.6327678543856277
60869 16913.9784 0.3675335191017924 0.6584007787517824 -0.3133731446060637 -0.5772562681473508
60869 17333.9784 0.5058722169826101 0.5591403740184663 -0.43492423061657903 -0.4922359757780461
60869 17753.9784 -0.6185921136498227 -0.43115569650627666 0.5344174225614068 0.381898652476354
60869 18173.9784 -0.6997629248719596 -0.28092997867448444 0.6066266405663179 0.2518219907232436
60869 18593.9784 -0.745070472302128 -0.116176905650058 0.6477334042597146 0.1086938586267986
60869 19013.9784 -0.7520996970775453 0.05459769257666396 0.6555598314394933 -0.040080481835823606
60869 19433.9784 -0.7204967767691479 0.2224669378826669 0.6297105163183411 -0.18670169215212465
60869 19853.9784 -0.6519339692936269 0.3788769071704073 0.5715486512005752 -0.3236765796359788
60869 20273.9784 -0.5500331436158105 0.5157578185110702 0.48413503917693274 -0.44392643242992513
60869 20693.9784 -0.4201534956068602 0.6261185870258986 0.37205919822071215 -0.5413118400048064
60869 21113.9784 -0.2690588538548424 0.7044129794789444 0.24115423417055962 -0.6109454336072295
60869 21533.9784 -0.10448174409457822 0.7467992985651596 0.09812523024189515 -0.6494195962577012
60869 21953.9784 0.06529108909574738 0.7512441930877941 -0.04980148490780321 -0.6548962117294145
60869 22373.9784 0.23177013902348043 0.7175555379895476 -0.19520850390616834 -0.6271286092662995
60869 22793.9784 0.3866111772738243 0.647376757778189 -0.33079090026864955 -0.5674614624756504
60869 23213.9784 0.5219653287467336 0.5441497057295075 -0.4496658358448094 -0.4788046881712768
60869 23633.9784 -0.6308622591521759 -0.4130074432908754 0.5457169954519272 0.3655552251557464
60869 24053.9784 -0.7075959948560304 -0.26059369840349383 0.6139237644709958 0.23344473400326368
60869 24473.9784 -0.7481071433661005 -0.09471300326258429 0.6506925375646981 0.0892433225244799
60869 24893.9784 -0.7502310577331627 0.07609877035799295 0.6540706560852174 -0.059614713039942195
60869 25313.9784 -0.713865619541345 0.24290440329650087 0.6238898177317285 -0.2053163983384992
60869 25733.9784 -0.6408964537640129 0.39726330203836874 0.56170790407363 -0.3404670834419884
60869 26153.9784 -0.5351492065568988 0.5311902089721082 0.4707726303250622 -0.45806704656688846
60869 26573.9784 -0.40215988852062134 0.6378353756559098 0.3558334311086468 -0.5521014643454715
60869 26993.9784 -0.24883220569917755 0.7118211558493669 0.22285886622048007 -0.6178406762581075
60869 27413.9784 -0.08302501940949475 0.7494972093456163 0.07867351392676715 -0.6520515758293981
60869 27833.9784 0.0869000280764125 0.7490581422262453 -0.06942911533786951 -0.6531002087186051
60869 28253.9784 0.25242057114228256 0.7105587718227603 -0.21400025927021454 -0.6209621373982599
60869 28673.9784 0.4052171942530256 0.6359029291215158 -0.3477583294957192 -0.5572168648584936
60869 29093.9784 0.5375318873462422 0.5287896354966666 -0.46390516711121593 -0.46500858852800137
60869 29513.9784 -0.6425682890358217 -0.39456934954399187 0.5564785029596857 0.34893079266489896
60869 29933.9784 -0.7148357649875225 -0.24005929099623907 0.6206523207502919 0.2148768546129698
60869 30353.9784 -0.7505305277440191 -0.07316388991702764 0.6530630106897208 0.06971137787600296
60869 30773.9784 -0.7477517482841884 0.09754132322028052 0.6519949200379009 -0.07909258781420346
60869 31193.9784 -0.7066306381699601 0.26322284768401166 0.617491775222584 -0.22380969860373862
60869 31613.9784 -0.629300202180454 0.41539885017133454 0.5513338076810419 -0.3570099204782644
60869 32033.9784 -0.5198074899605252 0.5462247988391685 0.4569718052164814 -0.47182137695449805
60869 32453.9784 -0.3838699235828466 0.6490200839573679 0.33932382260968175 -0.562384348820292
60869 32873.9784 -0.22849956126139673 0.7186178751738648 0.20445918810135136 -0.624157624630898
60869 33293.9784 -0.06166837253834972 0.7515647342837657 0.05930853818834897 -0.6540871190502111
60869 33713.9784 0.10820697094833127 0.7462839426208404 -0.08878311105328458 -0.6507450250414376
60869 34133.9784 0.27259846856357645 0.7030688322055257 -0.23236221778341606 -0.6143224657008105
60869 34553.9784 0.4232310612846061 0.6240629613959243 -0.3641867070265875 -0.5466158901850416
60869 34973.9784 0.5524387840939627 0.5132052027970266 -0.47753938606433205 -0.45098552571911593
60869 35393.9784 -0.6535901913700372 -0.3760459166759764 0.5666091725763482 0.33220983707372176
60869 35813.9784 -0.7214046099786144 -0.21955868372387874 0.626758311644593 0.19632471033331567
60869 36233.9784 -0.7523167543628838 -0.05174458569247659 0.6548383547109142 0.05028646096031468
60869 36653.9784 -0.7446755498299794 0.1187838606792014 0.6493594789194597 -0.0983920071195301
60869 37073.9784 -0.6988580385243255 0.28321833454703144 0.6105873998303455 -0.24200794229685094
60869 37493.9784 -0.617233398227138 0.43313096403325296 0.5405158621120257 -0.3731797193228724
60869 37913.9784 -0.5040667156382688 0.560792567574223 0.44279465764335857 -0.48514052964235
60869 38333.9784 -0.3652615508933134 0.6596826064569624 0.32251440081937743 -0.572177699182062
60869 38753.9784 -0.2079548991903762 0.7248399781579818 0.18585945411735424 -0.6299349405151741
60869 39173.9784 -0.04022664749698971 0.7530241382700483 0.03986268798663912 -0.6555512414146464
60869 39593.9784 0.1294549524374051 0.7428972519156386 -0.10808380774011449 -0.6478140002269319
60869 40013.9784 0.29256542972596156 0.6950000600446583 -0.2505286835325996 -0.6071373523302676
60869 40433.9784 0.44088819737047574 0.6117200911150809 -0.3802823210190116 -0.5355384989577903
60869 40853.9784 -0.5668686327489726 -0.4972275110277635 0.49072949855889636 0.43658826682193347
60869 41273.9784 -0.6640476932974572 -0.35726874369294886 0.5762131845572988 0.31524287739570706
60869 41693.9784 -0.7273630754334421 -0.19895407632375006 0.6322933887227127 0.17766626744465755
60869 42113.9784 -0.7534861235007935 -0.03036635884327814 0.6560352240456485 0.03089224423255844
60869 42533.9784 -0.7410081804242311 0.13985425558842654 0.6461679307072679 -0.11753582034284117
60869 42953.9784 -0.6905485095491137 0.3029143063986141 0.6031764255665357 -0.25993052644759046
60869 43373.9784 -0.604692286657484 0.45047236026782733 0.5292521459065653 -0.3889910759194503
60869 43793.9784 -0.48792398828574063 0.5748950852729819 0.42824067806301264 -0.49803187070351085
60869 44213.9784 -0.3463352092879493 0.6698183525986767 0.3054052672458867 -0.5814833790126211
60869 44633.9784 -0.1871949485977149 0.7304817691329911 0.16705736175434288 -0.6351742076529185
60869 45053.9784 -0.01869107092016442 0.7538682763666844 0.020329009868232207 -0.6564449688386369
60869 45473.9784 0.15065800069908694 0.7388880559948785 -0.12734495770960513 -0.6443057265610806
60869 45893.9784 0.31233892478704206 0.6863376489110355 -0.26852024618023324 -0.5994012889053991
60869 46313.9784 0.45820674985407484 0.5988538144936625 -0.3960706415289062 -0.5239739785270219
60869 46733.9784 -0.5808392974224665 -0.48083147473640064 0.5035005509328798 0.4217985285451812
60869 47153.9784 -0.6739584557081304 -0.3382051386717261 0.5853142931699287 0.2980007757817708
60869 47573.9784 -0.7327236716672506 -0.17820958678256787 0.6372749259895576 0.15886482575527328
60869 47993.9784 -0.7540432960504738 -0.008996030330400745 0.6566625407494638 0.011492897636837708
60869 48413.9784 -0.7367482347843648 0.1607762218730856 0.6424221080100775 -0.1365535798220871
60869 48833.9784 -0.6817103520609777 0.3223012162888952 0.5952668870747894 -0.27757927700728413
60869 49253.9784 -0.5919531766665681 0.4670790915854933 0.517777749064015 -0.40414695521831057
60869 49673.9784 -0.4720564289810548 0.5879891528959171 0.4138939132307986 -0.5100228549044564
60869 50093.9784 -0.32796255709990907 0.6789975886474093 0.2887589455961249 -0.5899331378128427
60869 50513.9784 -0.16683985577342497 0.7353901656141995 0.14859997460765892 -0.6397529323027962
60869 50933.9784 0.002993313467570383 0.7540838942374517 6.608885431550714E-4 -0.6567709522752191
60869 51353.9784 0.17273308692147077 0.7340272648145639 -0.14736922378554423 -0.6400387231037478
60869 51773.9784 0.3334486171860245 0.6763148784259736 -0.2876795276694432 -0.5904665056345488
60869 52193.9784 0.47687600798934837 0.5840769876939466 -0.4130345328673939 -0.5107306727713953
60869 52613.9784 -0.5957500410892144 -0.4622141709517256 0.5170793087091351 0.4050542398475683
60869 53033.9784 -0.6841485869473891 -0.31707113485754806 0.5946428006659791 0.2789382477075491
60869 53453.9784 -0.7377566123206454 -0.15603435238057373 0.6419511389336399 0.1388063293806969
60869 53873.9784 -0.7539773060190508 0.012833443815922914 0.6567225076356817 -0.008310998302262812
60869 54293.9784 -0.7319932462397795 0.181144472325955 0.6382167601045554 -0.15508686187664394
60869 54713.9784 -0.6727939624353495 0.3404939851526725 0.5872590004716163 -0.2941751120514302
60869 55133.9784 -0.5791917919218199 0.4827959969240024 0.5062575598496569 -0.41850708072817705
60869 55553.9784 -0.45578916607364955 0.6006737244350123 0.39918040922160186 -0.5216342720306368
60869 55973.9784 -0.30883454183456477 0.687898992503874 0.2714367653551971 -0.5981122673006274
60869 56393.9784 -0.14590477541422303 0.7398197849055823 0.1296170916781649 -0.6438772335767721
60869 56813.9784 0.024455839588486527 0.7536821257303095 -0.01882666347712889 -0.6565140683998959
60869 57233.9784 0.19351958931147534 0.7288083310761603 -0.1662692814954863 -0.6354078305605577
60869 57653.9784 0.3525299854435561 0.6665526148708538 -0.3050463203861884 -0.5817017821795288
60869 58073.9784 0.4933041508823889 0.5702579153985955 -0.4280023204292584 -0.49826793831694993
60869 58493.9784 -0.6086926906248256 -0.44501789764914845 0.5288976106817789 0.389511997975605
60869 58913.9784 -0.6929387877590604 -0.29735079361603994 0.6027039432934916 0.2610867646844447
60869 59333.9784 -0.7419243701543253 -0.1347820708819749 0.6458261478020478 0.11954333588720724
60869 59753.9784 -0.7532833221295894 0.03453656885557261 0.6561914854491672 -0.028003507585819896
60869 60173.9784 -0.7264502032890153 0.2021781529165425 0.6332866022537551 -0.17419005720906525
60869 60593.9784 -0.6626766980198644 0.35976015029521674 0.5781720055047961 -0.311687921183376
60869 61013.9784 -0.5650314625711396 0.4992807756735399 0.4934877676311461 -0.433506604962341
60869 61433.9784 -0.4383374360538952 0.6135209294164906 0.3834033780970346 -0.5333424893868901
60869 61853.9784 -0.2890156996578448 0.6964584706555103 0.25348652262206456 -0.6059373786559532
60869 62273.9784 -0.12474890971323091 0.7436800903751967 0.11042806924538026 -0.6474436455998599
60869 62693.9784 0.0459288804589371 0.7526764494933982 -0.038321610816921 -0.6556677165014281
60869 63113.9784 0.2141930233331097 0.7229981823729127 -0.18504808957365587 -0.6302001123341906
60869 63533.9784 0.37142358958330435 0.6562082638001551 -0.3222138745953373 -0.5723752708142618
60869 63953.9784 0.50953433652163 0.5558002427888882 -0.44275838814217816 -0.48520702772220364
60869 64373.9784 -0.6214303779745539 -0.42705263742452143 0.540485605869531 0.37326349948395626
60869 64793.9784 -0.7014402354148717 -0.27670996621120036 0.6104527560726879 0.24240590616522786
60869 65213.9784 -0.7456327180580803 -0.11248768695923822 0.6492352732213715 0.09935758677147193
60869 65633.97839999999 -0.7518938975666384 0.05729862070477425 0.6549874803342409 -0.04861929115878056
60869 66053.97839999999 -0.7199744915453777 0.22413787799135368 0.6274784916016942 -0.19408679952735186
60869 66473.97839999999 -0.6514683400082127 0.3796730029742427 0.5680745029347246 -0.3297404614161418
60869 66893.97839999999 -0.5497541167804166 0.516055586069868 0.47969150577652936 -0.4487238599126585
60869 67313.97839999999 -0.41990097513782276 0.626292846462902 0.3667213355074621 -0.5449366051490072
60869 67733.97839999999 -0.2684592499923441 0.7046489932782547 0.23485960766691766 -0.6133843754547648
60869 68153.97839999999 -0.10314569654254498 0.7469922036622298 0.09083240183463791 -0.6504714349835432
60869 68573.9784 0.06755922912450842 0.7510501396969571 -0.057953459473505435 -0.6542177273326794
60869 68993.97839999999 0.23482411872894807 0.716567914914838 -0.20377481594104535 -0.6243908078807436
60869 69413.97839999999 0.38974222038260026 0.6455022968483035 -0.3388545891518636 -0.5626769533449251
60869 69833.97839999999 0.5246735878972784 0.5415451180575125 -0.45651876989121143 -0.4722680637181463
60869 70253.97839999999 -0.6328547303010921 -0.4099571600544463 0.5508721226841293 0.357728838235201
60869 70673.97839999999 -0.708752838879189 -0.2574468102363157 0.6171000891921634 0.2248956051123736
60869 71093.97839999999 -0.7484740983839483 -0.09180737406546563 0.6518183991449519 0.08056490955528561
60869 71513.97839999999 -0.7499841470440326 0.07853241668384121 0.6532578634365044 -0.06790141803234935
60869 71933.97839999999 -0.713185737445406 0.24490602178225807 0.6213278108848088 -0.21292932118506303
60869 72353.9784 -0.6399112079254199 0.3988578538601257 0.5576090332865642 -0.347128541584739
60869 72773.97839999999 -0.5339419617559164 0.5324133747855878 0.4653759062107567 -0.4635377500745564
60869 73193.97839999999 -0.400716909342096 0.6387510223483108 0.3493526690175284 -0.5562156080753538
60869 73613.97839999999 -0.24699740232118997 0.7124676453874114 0.21542387308937208 -0.6204632885400041
60869 74033.97839999999 -0.08054853370922621 0.7497748015771191 0.07036306501592267 -0.65299212837434
60869 74453.97839999999 0.08997233506549147 0.7487018540764209 -0.0782616974439025 -0.652093259694188
60869 74873.97839999999 0.2558317479426943 0.7093434163710919 -0.22281711608719176 -0.6178467181867686
60869 75293.97839999999 0.4085619110327985 0.6337645941010202 -0.35590845121865944 -0.5520405587167774
60869 75713.9784 0.5403814754086153 0.5258837204364193 -0.47074707859845877 -0.45807353296842473
60869 76133.97839999999 -0.644583494654869 -0.39127915046471967 0.5614919591769773 0.34079249494336494
60869 76553.97839999999 -0.7159294727534039 -0.23679906969578096 0.623592793158435 0.20616308824594914
60869 76973.97839999999 -0.750811690614413 -0.07028997252758014 0.6539234590226487 0.06103470110235096
60869 77393.97839999999 -0.7474544447549545 0.09983721743978125 0.6509476246632295 -0.08724432918673673
60869 77813.97839999999 -0.7059790661122662 0.2649808852140805 0.6147727522833988 -0.23115611982448014
60869 78233.97839999999 -0.6284029339271842 0.4167641957186789 0.5471483843447655 -0.3633813469450276
60869 78653.97839999999 -0.5186963231759567 0.5472881373827707 0.45152143113806176 -0.4770306239927133
60869 79073.97839999999 -0.38242731642647415 0.6498788393115682 0.3327360038203608 -0.5662981490589133
60869 79493.9784 -0.22660727965826136 0.7192241545749585 0.19690315195342728 -0.6265739421908832
60869 79913.97839999999 -0.05921113113582728 0.7517691579182246 0.05098484139697448 -0.6547806664069004
60869 80333.97839999999 0.11118725894379394 0.7458516313166957 -0.09752245161321542 -0.6494860344473449
60869 80753.97839999999 0.27587046992918696 0.7017962850984631 -0.2410039629920205 -0.6109783530250374
60869 81173.97839999999 0.4264244503803377 0.6218900313942586 -0.37211170324373494 -0.5412465771525224
60869 81593.97839999999 -0.5551613622824049 -0.5102652205430065 0.48414237230273993 0.44388222522873844
60869 82013.97839999999 -0.6555434183683514 -0.37264294773896606 0.5714114115337748 0.3238658038498813
60869 82433.97839999999 -0.7224646130457447 -0.2160686312838189 0.6294933940924992 0.1873427240799735
60869 82853.9784 -0.7525374656790147 -0.04852792506331258 0.6554601585109107 0.041284183936553726
60869 83273.9784 -0.7442446832480544 0.12148788162124345 0.6480090763940273 -0.10688677648402331
60869 83693.97839999999 -0.6979888690854046 0.2853672556051638 0.6075001017107183 -0.24964113139208838
60869 84113.97839999999 -0.6160844797969548 0.43477073333966254 0.5359502634101146 -0.3796994052342411
60869 84533.97839999999 -0.5026826850790925 0.5620371453062125 0.4369727816452961 -0.49038673872657856
60869 84953.97839999999 -0.3635702986798539 0.6606182481519439 0.3156091937580085 -0.5760130249759273
60869 85373.97839999999 -0.2058868856669317 0.725430800985263 0.17808830513478133 -0.6321750539735593
60869 85793.97839999999 -0.03769088267176554 0.7531547531470497 0.031451915302195634 -0.65600921655054
60869 86213.97839999999 0.1324170171622062 0.7423733124434287 -0.11678704060445182 -0.6463036327334772
60870 233.9784 0.29575490921816516 0.6936459832073002 -0.259038933300698 -0.6035587085679149
60870 653.9784 0.4439799993168587 0.6094780928495693 -0.38802004373722765 -0.529960998754827
60870 1073.9784 -0.5695045836188068 -0.49420773497252934 0.4971242176184543 0.42929099243721763
60870 1493.9784 -0.6659470083865939 -0.35372052385367364 0.5808120362549949 0.30668184094751194
60870 1913.9784 -0.7284473970230007 -0.19495611910008656 0.6348771067899944 0.16818906227758623
60870 2333.9784 -0.7536458339338593 -0.02616533861893211 0.6564233212931581 0.021017975914766618
60870 2753.9784 -0.7402318759652088 0.14391104449041123 0.6443371649616336 -0.12718490054999199
60870 3173.9784 -0.6889484688618415 0.3065369582318154 0.599283071487057 -0.26878411545318215
60870 3593.9784 -0.6025007873781758 0.4534008216025732 0.5236261838744909 -0.3965300943684196
60870 4013.9784 -0.4853904897913605 0.5770348371681755 0.4212932128504962 -0.5039235040365817
60870 4433.9784 -0.3436754398747214 0.6711820272070482 0.29757037648582935 -0.5855371460626864
60870 4853.9784 -0.18455951782973987 0.7311442734774211 0.15874824360511433 -0.6373106235517491
60870 5273.9784 -0.01607653556161261 0.7539195050686545 0.011845802672854448 -0.6566632332028397
60870 5693.9784 0.15329744103494466 0.7383347159279005 -0.1357315972109257 -0.6426030464807766
60870 6113.9784 0.31501485801356444 0.6851021991849245 -0.27650911857822763 -0.5957712004165404
60870 6533.9784 0.46084938750474813 0.5968109135696276 -0.4033104032416065 -0.5184354290726839
60870 6953.9784 -0.5832768354936415 -0.4778594904138639 0.5095890632031754 0.4144362764788285
60870 7373.9784 -0.675850912157422 -0.3343879857621405 0.5897554574349959 0.2891344322967393
60870 7793.9784 -0.7337744480915904 -0.17379617876239417 0.6396655143292509 0.14898985654522526
60870 8213.9784 -0.7540764298657685 -0.004241080483299955 0.6567720014198274 0.0011354770914539652
60870 8633.9784 -0.7356667022672345 0.16560827364268196 0.6401607723051757 -0.14684205282542076
60870 9053.9784 -0.6794644740840695 0.32698645134011406 0.590657096467847 -0.28728397708509695
60870 9473.9784 -0.5884105953809848 0.4715248934335037 0.5108385572530613 -0.4128937085250014
60870 9893.9784 -0.4673063297757009 0.5917697479921792 0.40490097547846615 -0.5171929616394864
60870 10313.9784 -0.3225198214734952 0.6816014184846265 0.2784103920019876 -0.5948849676212618
60870 10733.9784 -0.16151392721062455 0.7365801229192489 0.1378903241814867 -0.6421442457379726
60870 11153.9784 0.007494669380429904 0.7540530709406508 -0.00947750927621003 -0.6567023473033817
60870 11573.9784 0.17602332037145552 0.7332450930727086 -0.15628088405608034 -0.6379213975474195
60870 11993.9784 0.3356549989100803 0.67522273235088 -0.29516758867160026 -0.5867589607505613
60870 12413.9784 0.4783789250998013 0.5828454471646031 -0.41915092544138133 -0.5057245203087212
60870 12833.9784 -0.5969157307385208 -0.46069930758320937 0.5219037643361388 0.39882855860760164
60870 13253.9784 -0.6851453951409172 -0.31489843284333 0.5981233297545031 0.27140973990149514
60870 13673.9784 -0.7384228940506212 -0.15283054837845944 0.6438109251896794 0.12993054156222605
60870 14093.9784 -0.7538858166340537 0.017215237119010286 0.6565233750396988 -0.018353994535935298
60870 14513.9784 -0.7306584040591294 0.18643091567887635 0.6355410023292656 -0.16573908596107925
60870 14933.9784 -0.6700047864567868 0.3459343778601416 0.5819983792313788 -0.304468190311501
60870 15353.9784 -0.5750347415658937 0.48773117831788065 0.49862832331601703 -0.4275782254464731
60870 15773.9784 -0.45061535056798696 0.6045632011511567 0.389689106808676 -0.5287641645204527
60870 16193.9784 -0.30318721857017367 0.6904084981895048 0.26081267914042616 -0.6028186812989355
60870 16613.9784 -0.14010848909855828 0.740941509381585 0.11843767204910166 -0.6460246193431386
60870 17033.9784 0.03032402427784234 0.7534695952979898 -0.03017310878164594 -0.6560896326109192
60870 17453.9784 0.19913266997048956 0.7272951587402823 -0.1771730926451016 -0.6324536560618035
60870 17873.9784 0.357516777756828 0.6638922658921975 -0.3148784809426765 -0.5764376420308889
60870 18293.9784 0.49761503005971885 0.5665006206490074 -0.4364431849272647 -0.4908906955662328
60870 18713.9784 -0.612206876819562 -0.4401745405424596 0.5356004368361261 0.38023845925159033
60870 19133.9784 -0.6954493069713596 -0.29144290875647566 0.6073017927653518 0.2501915763422299
60870 19553.9784 -0.7431337180596699 -0.1279780661169714 0.6479388561712343 0.10746688019703445
60870 19973.9784 -0.7529129683262967 0.04191764594487245 0.6555233079229967 -0.04067143781841502
60870 20393.9784 -0.7243323833080851 0.2096452015408764 0.629708718731144 -0.18670409078564804
60870 20813.9784 -0.6588461571857924 0.36672741409666026 0.57180083944621 -0.3232283170146149
60870 21233.9784 -0.5597248831007068 0.5052237947378097 0.4846792378617801 -0.44333171424380585
60870 21653.9784 -0.43204739810824655 0.617970679157132 0.3727977279099693 -0.5408041600756524
60870 22073.9784 -0.2822924812210554 0.6992138990105007 0.24182825280009526 -0.6106799281327713
60870 22493.9784 -0.11809387985729014 0.7447678640250028 0.09845045935830438 -0.6493705962761368
60870 22913.9784 0.05218207456856296 0.7522692176274586 -0.0500070752334449 -0.6548796436983584
60870 23333.9784 0.21984428809742818 0.7213001732353981 -0.19594560599814984 -0.6268970159217041
60870 23753.9784 0.3763310704217271 0.6534079160300341 -0.33189529902608433 -0.5668143710148068
60870 24173.9784 0.5135700026430675 0.5520816159469983 -0.45083134864975005 -0.4777058056934186
60870 24593.9784 -0.6245032045171209 -0.42256192100861634 0.5466413778674436 0.36417080397052376
60870 25013.9784 -0.7035027944082111 -0.2714498522965422 0.6144745593838473 0.23199097357020232
60870 25433.9784 -0.7465617158390299 -0.1062117146200506 0.6509014319515031 0.08770405922439016
60870 25853.9784 -0.7513431849798612 0.06420783137170195 0.6539542786335364 -0.06086521364254172
60870 26273.9784 -0.7177208731815347 0.23127013495548157 0.6235799141194612 -0.206249760203434
60870 26693.9784 -0.6474677087488302 0.38646409782726426 0.5613695213385425 -0.341021007754998
60870 27113.9784 -0.5442210722395765 0.5218935113735327 0.4705300950258498 -0.45831432117224363
60870 27533.9784 -0.41330523323535795 0.6306711052729401 0.3557327085597799 -0.5521657189782765
60870 27953.9784 -0.2613738479141714 0.7073126205929775 0.2228114384921649 -0.6178572903620111
60870 28373.9784 -0.09614264164001654 0.7479286198484846 0.07852420932932647 -0.65206849380968
60870 28793.9784 0.07403643732683898 0.7504405845538057 -0.0698153804867036 -0.6530569252752689
60870 29213.9784 0.2405495693940648 0.714667224237032 -0.21467746393419598 -0.6207255832849551
60870 29633.9784 0.3949118087922527 0.6423558310667975 -0.3486642647282251 -0.5566478959561793
60870 30053.9784 0.529000684808421 0.537325450875507 -0.46471753693869106 -0.46419526729092264
60870 30473.9784 -0.6361177123598478 -0.4048872385539541 0.5570415434218438 0.3480306006379863
60870 30893.9784 -0.71085649508833 -0.2515984845599221 0.6209876770881309 0.2139054717920347
60870 31313.9784 -0.7492439877726235 -0.08534253125587747 0.653166846259833 0.0687253235161552
60870 31733.9784 -0.7492676305876117 0.08513009589080671 0.6519004857718725 -0.07985387390505938
60870 32153.9784 -0.7110083329280866 0.25116376923956074 0.6173244211612543 -0.2242642873177137
60870 32573.9784 -0.6364829338991286 0.40431080859102725 0.5512489973856676 -0.35713693143236186
60870 32993.9784 -0.5295447815657189 0.5367916862422034 0.4570774077662187 -0.47171734461166537
60870 33413.9784 -0.3956396970586969 0.6419130430067491 0.33959464498991176 -0.5622209106955145
60870 33833.9784 -0.24158916988324058 0.7143234182444901 0.2047838270155377 -0.6240515293912069
60870 34253.9784 -0.07521716051963553 0.7503302807202136 0.059501226223444795 -0.6540691497659826
60870 34673.9784 0.09504947800412236 0.7480749026321215 -0.08887314647138188 -0.6507312045840141
60870 35093.9784 0.2605668213138698 0.7076179588676338 -0.23278695540845984 -0.6141595796778303
60870 35513.9784 0.4128450369294467 0.6309833600554814 -0.3648427083644421 -0.54617650349417
60870 35933.9784 0.5440683269911619 0.5220713538787027 -0.47825264950599033 -0.45022834236062587
60870 36353.9784 -0.6475040168935265 -0.3864306936993508 0.567203263567726 0.3311952971766159
60870 36773.9784 -0.7178024671756862 -0.23106187606395823 0.6271044074207748 0.1952180568998187
60870 37193.9784 -0.7513814383767337 -0.06390695363406003 0.6549165045602393 0.049256546719425046
60870 37613.9784 -0.7465355822608833 0.10647684232818717 0.6492356652619923 -0.09919857568554369
60870 38033.9784 -0.7035371499292852 0.27139055872367374 0.6103722289652783 -0.24254563573271817
60870 38453.9784 -0.6246113663787816 0.42242341229855196 0.540325398867228 -0.3734535648128826
60870 38873.9784 -0.513828514428917 0.5518622197540767 0.4426940609167598 -0.48523222955292616
60870 39293.9784 -0.376823320549689 0.6531467302644809 0.32243529969447376 -0.5722228685972439
60870 39713.9784 -0.22025119704307217 0.7211986008825169 0.18539096278621695 -0.6300731538507203
60870 40133.9784 -0.05232526907554047 0.7522808545840212 0.03876438415513715 -0.6556164309743768
60870 40553.9784 0.11831008644197169 0.7447546296750591 -0.10987651190126502 -0.6475109397964406
60870 40973.9784 0.2827447007256315 0.6990543710327716 -0.25275098660852624 -0.6062139550686422
60870 41393.9784 0.43254302267221456 0.6176501072636174 -0.382516434333315 -0.5339438697089355
60870 41813.9784 -0.5600953359121109 -0.5048451039670786 0.49257520481238304 0.4345046642948821
60870 42233.9784 -0.6589900148765114 -0.36651289108973356 0.5774014536664518 0.3130623296756874
60870 42653.9784 -0.7243360900730379 -0.20970441527121084 0.6328141101589903 0.175805542623516
60870 43073.9784 -0.7529090324573259 -0.04232057593413939 0.6560924305409745 0.029659404640225727
60870 43493.9784 -0.7432720329733065 0.12727878470717469 0.6460725194613742 -0.11805547662020971
60870 43913.9784 -0.6958224046468094 0.29059783440887244 0.6031797591822614 -0.2599197144143444
60870 44333.9784 -0.6128039769849155 0.43937454505696716 0.5294370708352039 -0.38873857921859745
60870 44753.9784 -0.49832233766040324 0.5659042742901983 0.42847838253972276 -0.49782876154848477
60870 45173.9784 -0.3581698948767031 0.6635633401433447 0.3054062723312613 -0.5814851922814053
60870 45593.9784 -0.1995621716612285 0.7271985215582549 0.16656224793092275 -0.6353064358634661
60870 46013.9784 -0.0307399478903333 0.7534720010334417 0.019172644657899605 -0.6564810804274428
60870 46433.9784 0.1397250685907415 0.7410326416729597 -0.12926217275951443 -0.6439245451727997
60870 46853.9784 0.30281200782732265 0.6905929216464747 -0.2708666261634534 -0.5983456988382214
60870 47273.9784 0.4501661288734049 0.6049194030138004 -0.39837296000826083 -0.522227878427432
60870 47693.9784 -0.5744774122873813 -0.48841169968982057 0.5054508527525742 0.4194629302207647
60870 48113.9784 -0.6694929374442731 -0.34695723880242285 0.586717950773997 0.2952319891109343
60870 48533.9784 -0.7303284111450316 -0.1877785032314419 0.6380122632859008 0.15588456464748385
60870 48953.9784 -0.753856429743006 -0.01899895883754712 0.6567088282665435 0.008546214074122722
60870 49373.9784 -0.7388591862155436 0.15077482219032082 0.6418438068656571 -0.13925007549937962
60870 49793.9784 -0.6860858314241881 0.31287809314584775 0.5941586153291386 -0.27994476344193253
60870 50213.9784 -0.5982336611695002 0.4590060773541835 0.5160798094736715 -0.4063145799122644
60870 50633.9784 -0.4798237154022656 0.5816657169009483 0.4116092711386818 -0.5118710812620251
60870 51053.9784 -0.33695214287977004 0.6745788161822458 0.28611966163365 -0.5912209514162505
60870 51473.9784 -0.17650602196862147 0.7331275660665542 0.14566345684642826 -0.6404309122939736
60870 51893.9784 -0.006907856804084346 0.7540560853605721 -0.002375615420522288 -0.6567694101406045
60870 52313.9784 0.1629654629425279 0.7362556604405345 -0.15022834144306374 -0.6393757156668263
60870 52733.9784 0.3243433301283489 0.6807265955005808 -0.2902393714767757 -0.5892145734995087
60870 53153.9784 0.46911325157096834 0.5903280046390221 -0.41534955135921425 -0.5088519964833815
60870 53573.9784 -0.5898081359203787 -0.46976965512599483 0.5191035440606377 0.4024603638479413
60870 53993.9784 -0.6802525061181904 -0.32533977196037583 0.5962074077963719 0.2755853544537929
60870 54413.9784 -0.7359306955462802 -0.16441928156117375 0.6428257466945286 0.13471217684492126
60870 54833.9784 -0.7540693743732626 0.004728807727802377 0.656650819701797 -0.012911932262369715
60870 55253.9784 -0.7338271405161679 0.1735566145299548 0.6370536387863318 -0.15980766785063494
60870 55673.9784 -0.6762538668093954 0.3335651576434361 0.5850429873516834 -0.2985627173346804
60870 56093.9784 -0.584237627332518 0.47667488802255487 0.5032184103457735 -0.4221595402530034
60870 56513.9784 -0.4624158937904563 0.5955844362257701 0.3956921962820894 -0.5242884762199732
60870 56933.9784 -0.31694869996149844 0.6841959011915988 0.26788889846201264 -0.5997124548199257
60870 57353.9784 -0.1552189256518698 0.737919872640465 0.1263014927157745 -0.6445380358206381
60870 57773.9784 0.01453611486886402 0.7539371969672688 -0.021842488704872747 -0.6564223564754894
60870 58193.9784 0.18363668424062204 0.7313600606490004 -0.16894757503916474 -0.6347020929357224
60870 58613.9784 0.3433141543205164 0.6713451626024507 -0.30735792251009647 -0.5804844283559683
60870 59033.9784 0.48524168955138713 0.5771324276960965 -0.4298452044343344 -0.4966807464032913
60870 59453.9784 -0.6024812162230074 -0.45338900488404604 0.5304258989495791 0.3874314908112543
60870 59873.9784 -0.6889574336254722 -0.306458761658074 0.6038928297686372 0.2583295031722678
60870 60293.9784 -0.7402157889103776 -0.1438637617264604 0.6464750744567455 0.11599043932947546
60870 60713.9784 -0.7536226535404235 0.026079857856205632 0.6559955702822555 -0.032288525128121706
60870 61133.9784 -0.7284934560597477 0.19468445382307467 0.631971220987049 -0.17890674599319636
60870 61553.9784 -0.6661231012199166 0.3533363886428461 0.575632807462184 -0.3163546766766638
60870 61973.9784 -0.5697313269575326 0.49391070449354374 0.48987654945258174 -0.43758358900481265
60870 62393.9784 -0.444287722011045 0.6092268157575284 0.3791107785084835 -0.5364010856167897
60870 62813.9784 -0.2961482390058548 0.6934566484319323 0.24893849670714926 -0.6078188234469767
60870 63233.9784 -0.13257126361172866 0.742326666809114 0.10574511879700856 -0.6482236879805202
60870 63653.9784 0.03776268879783281 0.7531316182160143 -0.042850815520168284 -0.6553858043834503
60870 64073.9784 0.20606863810051898 0.7253573098463156 -0.18916215228401853 -0.6289754920401839
60870 64493.9784 0.3637282093810324 0.6605066717204797 -0.3256787186445214 -0.5704087118332476
60870 64913.9784 0.5027012142750996 0.5619901309361243 -0.445432716082432 -0.4827507403828249
60870 65333.9784 -0.6159455196490249 -0.43492808920804904 0.5423542779855018 0.37054083606662447
60870 65753.97839999999 -0.6977760294155118 -0.28582642596178715 0.6115901403437325 0.23951903312548542
60870 66173.97839999999 -0.744090395634811 -0.12228164592686241 0.6496846458332666 0.09636671189757764
60870 66593.97839999999 -0.7525794202835008 0.047477777679446935 0.6547500527538657 -0.05169569818835
60870 67013.97839999999 -0.7227798895866173 0.21492546023436496 0.6265014476089124 -0.19721108968853865
60870 67433.97839999999 -0.6561088418998592 0.37159926190564707 0.5662818839833861 -0.33280625595717195
60870 67853.97839999999 -0.5558733176160875 0.5094596270653735 0.4770686912420939 -0.4515099190377221
60870 68273.97839999999 -0.4271042160779921 0.6214035150037371 0.3633289731277592 -0.547203542966721
60870 68693.9784 -0.2763913600341638 0.7015761972422897 0.23088230518702818 -0.614891874001468
60870 69113.97839999999 -0.11151421777839668 0.7457894828369966 0.08657337678693655 -0.651051209164613
60870 69533.97839999999 0.05903470062686505 0.751769149540643 -0.0621463422007717 -0.6538316924651935
60870 69953.97839999999 0.22651922456840082 0.719237626952281 -0.2076336277271815 -0.6231168056743712
60870 70373.97839999999 0.3823353712452756 0.6499183524992527 -0.34240302496814246 -0.5605229410756174
60870 70793.97839999999 0.5185170519290285 0.547444709342101 -0.4595531504774165 -0.46931360406284056
60870 71213.97839999999 -0.6281422392059312 -0.4171443201284953 0.5531341555712004 0.35421822292257804
60870 71633.97839999999 -0.7057036849898431 -0.2656950584337749 0.618457500186441 0.221130652282237
60870 72053.9784 -0.7473120807254194 -0.10084200349860144 0.6522632953353382 0.07686441237996708
60870 72473.9784 -0.7509134306790849 0.06910510778496763 0.6528942730885751 -0.07129215855854326
60870 72893.97839999999 -0.7163140979947051 0.2356061159317776 0.6203083988045915 -0.21587348499076373
60870 73313.97839999999 -0.6451965104174956 0.39025443268872 0.5560859999485972 -0.349558723783373
60870 73733.97839999999 -0.5411045772387217 0.5251347845130088 0.463416637181227 -0.46549362505776926
60870 74153.97839999999 -0.40926212792153255 0.6333114006201062 0.34694403202864754 -0.5577194806831149
60870 74573.97839999999 -0.2564023080337816 0.7091384247025325 0.21261387348146812 -0.6214305205319149
60870 74993.97839999999 -0.09038167244087018 0.7486544617557443 0.06733880800868133 -0.6533093716731592
60870 75413.97839999999 0.08026960362865315 0.7498059574383187 -0.08139322690795392 -0.6517077255463646
60870 75833.9784 0.24678534036119698 0.7125432715868572 -0.22592143758916805 -0.6167159686085242
60870 76253.97839999999 0.4006132203583617 0.6388207918158894 -0.3588081412959947 -0.5501579421925455
60870 76673.97839999999 0.5338729034619604 0.5324915432478498 -0.47323888579516354 -0.4554969113945474
60870 77093.97839999999 -0.639780135573178 -0.3990864930619368 0.5633908695024639 0.3376419365877828
60870 77513.97839999999 -0.7130150888464406 -0.24543783581595632 0.624749813523717 0.20262631203612966
60870 77933.97839999999 -0.7499017169134228 -0.07942386763371549 0.654252635217264 0.0573825193910884
60870 78353.97839999999 -0.7486347040943726 0.09057652953372113 0.6504673515546177 -0.09074247453469365
60870 78773.97839999999 -0.7092815679127196 0.25601512882943633 0.6135870946387869 -0.23427929597481212
60870 79193.97839999999 -0.6337819305523694 0.4085407648776144 0.5454230771771359 -0.36596253199084366
60870 79613.9784 -0.5259148189492985 0.5403564128869003 0.44937586650924116 -0.4790510211455526
60870 80033.97839999999 -0.39110010608701484 0.644696979407947 0.330263689066389 -0.5677432583882035
60870 80453.97839999999 -0.2362095775630198 0.7161280255224483 0.19415879787274173 -0.6274297153764965
60870 80873.97839999999 -0.06917572080814145 0.750918090557269 0.04804275477498335 -0.6550027745270475
60870 81293.97839999999 0.10143370455509458 0.7472412921567577 -0.10056727784873297 -0.6490207065280927
60870 81713.97839999999 0.26684423112860245 0.7052786538646743 -0.2440105722037471 -0.6097827624400496
60870 82133.97839999999 0.4185574514283397 0.6272126314065076 -0.3748996871819989 -0.5393182728304102
60870 82553.97839999999 -0.5487879761200801 -0.5171141557596994 0.48651012614696904 0.4412851734824317
60870 82973.9784 -0.6508918111016263 -0.38070925722287813 0.5731548326288808 0.32077071178617417
60870 83393.97839999999 -0.7197397998585489 -0.22497732313753122 0.6304964856711449 0.18394022433873106
60870 83813.97839999999 -0.75187210803872 -0.05792888015915984 0.655668254861213 0.03783804387344044
60870 84233.97839999999 -0.7457328813422619 0.11199271319767723 0.6474651686493852 -0.11013154526026481
60870 84653.97839999999 -0.7016529180547946 0.27623714867386046 0.6063171885455763 -0.25249888544687765
60870 85073.97839999999 -0.6218298015698904 0.42651366737595164 0.5342677814022092 -0.38206246501930546
60870 85493.97839999999 -0.5102739979931176 0.5551537277351954 0.43492568849121493 -0.4922036479388171
60870 85913.97839999999 -0.3725962586828157 0.6555687663456036 0.31327994188655606 -0.5772844174401626
60870 86333.97839999999 -0.21580330717888666 0.7225414948397952 0.17552309851858533 -0.632893642511729
60871 353.9784 -0.04790073628162259 0.7525733096317858 0.02870297741793 -0.6561364737467994
60871 773.9784 0.12251211503994743 0.7440713967160114 -0.11964608389840466 -0.6457811958127139
60871 1193.9784 0.28668833653474546 0.6974416248348619 -0.26188418305317007 -0.6023301854541429
60871 1613.9784 0.43617422154933505 0.6150877985661225 -0.3906687067611456 -0.5280123199968793
60871 2033.9784 -0.5632716835800768 -0.501298382050742 0.49936540798241374 0.4266838782292245
60871 2453.9784 -0.661482877327684 -0.36199662065221655 0.5824258179248617 0.3036099739027349
60871 2873.9784 -0.7258765151991771 -0.20431395715401035 0.6356926178330332 0.1650878167126608
60871 3293.9784 -0.7532205877853899 -0.03637793668300479 0.6565072999338787 0.018263542713483294
60871 3713.9784 -0.7422128387761411 0.13331359548987723 0.6438949815641082 -0.1294095820640036
60871 4133.9784 -0.6934473567301103 0.2962177681010624 0.5985224511658747 -0.27047490226570337
60871 4553.9784 -0.6093758977714796 0.44411692964741084 0.522660656280316 -0.3978027229574846
60871 4973.9784 -0.49423046644474355 0.5694807946264153 0.420117410971924 -0.5049051708863016
60871 5393.9784 -0.35380244841141434 0.6658982080670983 0.29604548154109256 -0.5863109045977386
60871 5813.9784 -0.19522683784362213 0.72836755446867 0.156751331112049 -0.6378057757480015
60871 6233.9784 -0.026584054150309663 0.7536217848351094 0.009343662869679943 -0.6567040348978033
60871 6653.9784 0.14350186042633767 0.7403009805388866 -0.13862319973380108 -0.6419854225470432
60871 7073.9784 0.3063714807340059 0.6890105394481555 -0.27958821079313056 -0.5943327558764621
60871 7493.9784 0.45337285608358197 0.6025087008749587 -0.4060479788981477 -0.5162958043305357
60871 7913.9784 -0.5771522734155571 -0.4852359680520487 0.5116735763691819 0.4118633994972316
60871 8333.9784 -0.6714056169812979 -0.34322146301974504 0.5910932666454615 0.2863953123480655
60871 8753.9784 -0.7313929523781816 -0.18355214325282918 0.6403225115091928 0.1461507481109123
60871 9173.9784 -0.7539467978916822 -0.014530522141749817 0.6567729054309202 -0.0015622314151951255
60871 9593.9784 -0.7379361098947932 0.15517844829893782 0.6396292983433354 -0.14914525670528736
60871 10013.9784 -0.6842217118850212 0.3169094106663789 0.5898000573671717 -0.2890414619840904
60871 10433.9784 -0.5955946172463864 0.46241498530629005 0.5098595731273623 -0.41410463528158903
60871 10853.9784 -0.476624619100924 0.5842877196946765 0.4039148759410497 -0.5179668001662081
60871 11273.9784 -0.3332492996674466 0.6764178924412402 0.2772487876038841 -0.595429969709859
60871 11693.9784 -0.17290897260711668 0.7339872108060407 0.13644012632045316 -0.6424557210382509
60871 12113.9784 -0.0038313654633503557 0.7540797756586292 -0.011274730034693028 -0.6566748762088911
60871 12533.9784 0.1653981463325374 0.735714358172574 -0.15837998190820393 -0.6374038105465286
60871 12953.9784 0.32620492872785567 0.6798382965939999 -0.29740230922221533 -0.585629662352512
60871 13373.9784 0.4704222680907274 0.5892855777160433 -0.4212639739015665 -0.503966330098455
60871 13793.9784 -0.5906398996352193 -0.46871619224632666 0.5235984358323159 0.39660347713926397
60871 14213.9784 -0.6808202132887856 -0.32414042464395604 0.5992667432797997 0.268879513328686
60871 14633.9784 -0.7363013192502825 -0.1627393998738929 0.6443675458602639 0.12714842052105627
60871 15053.9784 -0.7540492154723223 0.006989816781651741 0.6564414430465191 -0.021108172775917318
60871 15473.9784 -0.7331841484411378 0.1762350066358448 0.6349022078535316 -0.16817078632574256
60871 15893.9784 -0.6748762970485868 0.33633105548123676 0.5809358605096406 -0.30649132251140204
60871 16313.9784 -0.5822080538742431 0.4791447494948616 0.4973770485309589 -0.42903398773302903
60871 16733.9784 -0.4599870493170941 0.5974618338348868 0.3885436241278429 -0.5296084626597357
60871 17153.9784 -0.3144574729502154 0.6853461888348586 0.2599859910519242 -0.603178566936896
60871 17573.9784 -0.15300124680788363 0.738384801332755 0.11822874713198607 -0.646065373617579
60871 17993.9784 0.016273221247951303 0.7539027265379535 -0.029589853678305723 -0.6561175974992224
60871 18413.9784 0.1848623159708446 0.7310525337264715 -0.17602386585520413 -0.6327746168387216
60871 18833.9784 0.34423321249237915 0.6708764271503886 -0.3136393988390702 -0.5771123308394758
60871 19253.9784 0.4861831624108215 0.5763418042360426 -0.4353382490733227 -0.4918705786809468
60871 19673.9784 -0.6033815388015439 -0.4521961921289806 0.5348306510796911 0.3813207273715982
60871 20093.9784 -0.6896910525001896 -0.30481790493298694 0.6069118507063271 0.25113801465661495
60871 20513.9784 -0.7406187993002653 -0.14180818291767602 0.6478430662147497 0.10804441187813321
60871 20933.9784 -0.7535380079920718 0.02857751250259044 0.6555207944134703 -0.0406974739024125
60871 21353.9784 -0.7277662223527417 0.1974005135330971 0.6295411458416305 -0.18726267260641194
60871 21773.9784 -0.6645998958028974 0.35619688652387493 0.5712034106571128 -0.3242798485616359
60871 22193.9784 -0.5673230167580994 0.4966774575084896 0.48352846492940665 -0.44458556146416117
60871 22613.9784 -0.4410574160568161 0.6115729809448045 0.3711183788033592 -0.5419575570410813
60871 23033.9784 -0.2924491105181756 0.69502736697411 0.2398809039593737 -0.6114471594747968
60871 23453.9784 -0.12915919965296277 0.7429293281216945 0.09658099623768303 -0.6496506951642478
60871 23873.9784 0.04048605854661669 0.7529904096920788 -0.05145581946112213 -0.6547660808400966
60871 24293.9784 0.20796778771034624 0.7248156082967356 -0.19677665229444777 -0.6266344088510362
60871 24713.9784 0.36491363525310216 0.6598547319085095 -0.3321009799286227 -0.5666910187348688
60871 25133.9784 0.5034432896575598 0.5613336466103106 -0.45062165391384806 -0.4779011574644838
60871 25553.9784 -0.6164999231462368 -0.4341560946964521 0.5463020390153931 0.3646785054897442
60871 25973.9784 -0.698248552845575 -0.2846935215404499 0.6142085922383914 0.23269370954645768
60871 26393.9784 -0.7443881649084865 -0.12050929192470561 0.6507746001296051 0.08863515290297941
60871 26813.9784 -0.7524231496000442 0.050011922453135044 0.6540208747360827 -0.06012409640019779
60871 27233.9784 -0.721826271420479 0.21812730384015447 0.6236824459928149 -0.20593086161878107
60871 27653.9784 -0.6542955410336955 0.37479287683307033 0.5614285112177474 -0.34091886314846
60871 28073.9784 -0.5532849231655433 0.5122768391298664 0.47042410840651105 -0.458420540681535
60871 28493.9784 -0.4240315503469413 0.6235107532421739 0.35537341649471893 -0.552395980932716
60871 28913.9784 -0.27303396551435327 0.7028947112673158 0.22206006254202149 -0.6181268536245429
60871 29333.9784 -0.10803581910196033 0.7463046986530942 0.07732975498122503 -0.6522098339904316
60871 29753.9784 0.06236967926861281 0.7515020917047137 -0.07126111246027433 -0.6528985243682931
60871 30173.9784 0.22949692961413223 0.7182952163405809 -0.2161189843265283 -0.6202223198931122
60871 30593.9784 0.3848366332902207 0.6484444525153246 -0.3498545449742882 -0.5558977919013377
60871 31013.9784 0.5204984830966951 0.5455671232167622 -0.4656677778334514 -0.4632400715036223
60871 31433.9784 -0.6295986889028711 -0.4149526119147295 0.5576840755920719 0.34699898073041363
60871 31853.9784 -0.7066369828264958 -0.26321702878029 0.6212775889576077 0.21306132385058668
60871 32273.9784 -0.7476862064524938 -0.09806221401506604 0.6532178392433419 0.06823190864545427
60871 32693.9784 -0.7506295675915181 0.07215741818238246 0.6518626927495864 -0.08014729602351935
60871 33113.9784 -0.7152532272258103 0.2388139084869879 0.6172251612148603 -0.22453026170100468
60871 33533.9784 -0.6433199632517209 0.3933447074879954 0.5510274607880784 -0.35747461928146806
60871 33953.9784 -0.538631189831402 0.5276754357118103 0.4567536064333835 -0.47202883269696283
60871 34373.9784 -0.40650220951913035 0.6350902849498835 0.33917772720423917 -0.5624720019582378
60871 34793.9784 -0.2536076620213699 0.7101455643535983 0.2042368806036505 -0.6242305085417198
60871 35213.9784 -0.08771899993685514 0.748972427470124 0.05880002944119215 -0.6541316660102175
60871 35633.9784 0.08272472787638967 0.7495394902930594 -0.08971213707596921 -0.6506142515732809
60871 36053.9784 0.24902376404437498 0.7117642619194556 -0.23369830324962404 -0.6138109671989175
60871 36473.9784 0.40261264779674094 0.6375629955099839 -0.3657259859377456 -0.5455831612140329
60871 36893.9784 -0.5356478581187886 -0.5307083868777017 0.4790423291033567 0.4493867233437732
60871 37313.9784 -0.6412456682927162 -0.3967293057814724 0.5677889585688647 0.3301901715031247
60871 37733.9784 -0.714007704644678 -0.24253408199753687 0.6274406008627916 0.1941352857328856
60871 38153.9784 -0.7502732290386636 -0.07582139647771206 0.65500751887699 0.04802445042555021
60871 38573.9784 -0.7481250924009146 0.0946748410183521 0.6490389611308544 -0.10046863954714454
60871 38993.9784 -0.7077368450875344 0.26024669216176965 0.6098945481254991 -0.243739322825008
60871 39413.9784 -0.6312376189087706 0.41245794580614525 0.5396205086491238 -0.37446924848513446
60871 39833.9784 -0.5225921808652164 0.5435709851069879 0.44184193051508747 -0.4860079269796494
60871 40253.9784 -0.38737886808196087 0.6469418971263589 0.32156814511086784 -0.5727108540581733
60871 40673.9784 -0.23246436166368506 0.7173549528227502 0.18490513603033104 -0.6302160604797135
60871 41093.9784 -0.0656971530698832 0.751231637303069 0.038790064738069896 -0.6556144004451694
60871 41513.9784 0.10449148951463848 0.7468201761821827 -0.10937077662430587 -0.647594924537571
60871 41933.9784 0.269471787673611 0.7042793226850377 -0.2520432478545456 -0.6065062180202483
60871 42353.9784 0.4207253047243617 0.6257614029146183 -0.3818451018833594 -0.5344223075009205
60871 42773.9784 -0.5504153905201626 -0.5153816908836535 0.4920445126293911 0.4351055138374461
60871 43193.9784 -0.6520808392097807 -0.37866710729650166 0.5771554849083751 0.3135176984276109
60871 43613.9784 -0.7204648997146973 -0.22263830678893337 0.6327880072392209 0.1759029576882199
60871 44033.9784 -0.7520704868629856 -0.05525372162524052 0.6561090458424764 0.029290425055082055
60871 44453.9784 -0.745275710501043 0.11497177210584116 0.6459277820246131 -0.11883983913137901
60871 44873.9784 -0.7004062965430385 0.2793716996156418 0.6027433584247013 -0.2609270340375734
60871 45293.9784 -0.6197607653532076 0.42950673331170725 0.5287582702836932 -0.3896604308565463
60871 45713.9784 -0.5074204723734994 0.5577600160971783 0.42770111835273966 -0.4984977251897405
60871 46133.9784 -0.36917556855142514 0.6575018854402953 0.30477295634441637 -0.5818196587502638
60871 46553.9784 -0.2119434348839217 0.7236846423092939 0.16612989628403207 -0.6354222033073215
60871 46973.9784 -0.04382251864369465 0.752822877994516 0.018925378539710616 -0.6564900085111013
60871 47393.9784 0.12651898986783652 0.7434005768964751 -0.129233934465584 -0.6439309882707582
60871 47813.9784 0.2903368765419666 0.6959291133136871 -0.2707220863082422 -0.5984118308883881
60871 48233.9784 0.4392404452841433 0.6128970347302952 -0.3982768150868842 -0.522303201799153
60871 48653.9784 -0.5656302524555522 -0.49862759861109873 0.5053826408865962 0.4195489503036409
60871 49073.9784 -0.6630780308734971 -0.3590598819896173 0.5865989151177178 0.2954745994180285
60871 49493.9784 -0.7267159855349156 -0.201297939465988 0.637888832831158 0.15639965755738297
60871 49913.9784 -0.753357261677419 -0.03333457762292264 0.6566990265298898 0.009382471278792008
60871 50333.9784 -0.7416536518252371 0.13636457562767246 0.6420823040107475 -0.13814802975223595
60871 50753.9784 -0.6921469211945168 0.2992314342061187 0.5947313049093571 -0.27872542622572816
60871 51173.9784 -0.6072483658735879 0.4470110553757158 0.5169505646761408 -0.4052069251589428
60871 51593.9784 -0.4912032547675066 0.5720857841589803 0.41261967262634647 -0.5110599023898659
60871 52013.9784 -0.34996881631578536 0.6679151063121928 0.2870909273952318 -0.5907537877778237
60871 52433.9784 -0.19083271278172037 0.7295265119277419 0.1468432233051156 -0.6401648318177716
60871 52853.9784 -0.02197090164987694 0.7537657146877041 -9.095772959118846E-4 -0.6567752275407231
60871 53273.9784 0.14796191289519667 0.7394162008394943 -0.14857519938580482 -0.6397627407062334
60871 53693.9784 0.3102630924576293 0.6872580557200542 -0.2885696241698147 -0.5900345331529432
60871 54113.9784 0.45664667697170996 0.6000227181501657 -0.41372471781929776 -0.5101748798007639
60871 54533.9784 -0.5796604665052492 -0.48223198061691064 0.5176695355353164 0.4043072005540567
60871 54953.9784 -0.6730587039494372 -0.3399647931704866 0.5951416056475153 0.2778891679604468
60871 55373.9784 -0.7321605031125025 -0.18045385518231732 0.6422720451406814 0.1373463645776366
60871 55793.9784 -0.7539903372852165 -0.011760176070405581 0.6567009475874491 -0.010204654676419747
60871 56213.9784 -0.7374163189917088 0.15760680485121334 0.6376786163753688 -0.15729987211344176
60871 56633.9784 -0.6832122353341145 0.3190694493192595 0.5861071958141528 -0.2964693626932427
60871 57053.9784 -0.5941191333439149 0.4642991632356512 0.5045892633660453 -0.4205216019529335
60871 57473.9784 -0.47473645616702514 0.5858080833110758 0.3973211888733969 -0.5230583711074781
60871 57893.9784 -0.33107672070653466 0.6774691538373854 0.2696900180664374 -0.598908210630301
60871 58313.9784 -0.1704631112513485 0.7345459098127168 0.12820871051438826 -0.64416392372451
60871 58733.9784 -0.0010945696394905537 0.7540755747767497 -0.019883567190240602 -0.6564856991574226
60871 59153.9784 0.16837036513414294 0.735025057105256 -0.16699532525603097 -0.6352181884318512
60871 59573.9784 0.3292664040978144 0.6783462060854452 -0.30557628120559505 -0.5814234224612359
60871 59993.9784 0.4732978138457581 0.5869665975966095 -0.42846996287065886 -0.49786833965648203
60871 60413.9784 -0.5930792885488553 -0.46561757700364326 0.5293774596823957 0.3888659597597268
60871 60833.9784 -0.6825229006626231 -0.3205288913150588 0.6031773519069163 0.2600015423992297
60871 61253.9784 -0.7370672080920275 -0.15920372674936617 0.646123434934883 0.11794325318764545
60871 61673.9784 -0.7540051205048288 0.010150601392249601 0.6561015117437302 -0.030067421430279913
60871 62093.9784 -0.7325175822665586 0.17895215613135135 0.6326436434930727 -0.17651101335074298
60871 62513.9784 -0.6737024163717936 0.33866349615795177 0.5769402875098781 -0.31396177345800963
60871 62933.9784 -0.5805289591273458 0.48117399754065676 0.4917934041558702 -0.43542732956722585
60871 63353.9784 -0.4577003099929707 0.5992157528829661 0.3814909809447107 -0.5347107060711251
60871 63773.9784 -0.31150322077378423 0.6866958572665502 0.2516721172592448 -0.6066924166781432
60871 64193.9784 -0.14939448744641712 0.7391250612951161 0.10896268473903109 -0.6476901761031858
60871 64613.9784 0.02036569399424206 0.7538045557940395 -0.03934715134143951 -0.6556033342300797
60871 65033.9784 0.1891271333918396 0.7299611280725761 -0.1856757388303651 -0.6300096816143349
60871 65453.9784 0.34828875011534693 0.6687802778837809 -0.3225457648096899 -0.5721818907131841
60871 65873.97839999999 0.48962965016643006 0.5734173587482188 -0.44287897596686454 -0.48509128111176913
60871 66293.97839999999 -0.6059303769130787 -0.44877707851694204 0.5405259356223395 0.37320131973422505
60871 66713.97839999999 -0.6912728574110689 -0.3012148000148939 0.6105282744140965 0.24221211158748648
60871 67133.97839999999 -0.7412917347409779 -0.13824416164424969 0.6493178774557693 0.09879984712703153
60871 67553.97839999999 -0.7534118293204375 0.03168696154783623 0.654910664597255 -0.049584002507660895
60871 67973.97839999999 -0.7270787856010623 0.19991235308483057 0.6270792184298278 -0.19535389534485026
60871 68393.97839999999 -0.6636853744729508 0.35789801822386325 0.567278440156187 -0.3310980271703436
60871 68813.9784 -0.566486117860503 0.49763459460161463 0.4785624720069624 -0.4499236034190788
60871 69233.97839999999 -0.4404500006840614 0.6120165048888053 0.3654522112537551 -0.5457877572196375
60871 69653.97839999999 -0.29163218566617033 0.6953784353632136 0.23338304253162 -0.6139477627405001
60871 70073.97839999999 -0.12777196644140407 0.7431769303468674 0.08923593357131152 -0.6506914191470181
60871 70493.97839999999 0.04270066843629427 0.752875145506811 -0.059553060294092304 -0.6540711744166686
60871 70913.97839999999 0.21085929449865595 0.7239861449106033 -0.20516776839526657 -0.6239299693977827
60871 71333.97839999999 0.36810138937076914 0.6580877597112667 -0.34014898345207367 -0.5618901464859806
60871 71753.97839999999 0.5064133345189041 0.5586623507530347 -0.45760846597097943 -0.471207389950778
60871 72173.9784 -0.6187952971207523 -0.43088865959641065 0.5516085899518087 0.35658842772000565
60871 72593.97839999999 -0.6996256670981278 -0.2813106188948251 0.6174618561121378 0.22389532795720415
60871 73013.97839999999 -0.7448711129539167 -0.11752853060548767 0.6519001851239979 0.07987626816398967
60871 73433.97839999999 -0.7522776068661547 0.05223547561779077 0.6532193123502159 -0.06822306990619387
60871 73853.97839999999 -0.7214250972941236 0.21946970813615588 0.6213121616073181 -0.21295556823815745
60871 74273.97839999999 -0.6537640686664656 0.3757312651107662 0.5576882020576095 -0.34699053045390565
60871 74693.97839999999 -0.552637210122985 0.5129866989042793 0.4654862704704844 -0.4634212907692664
60871 75113.97839999999 -0.4231152579397576 0.6241418122256476 0.3493264948383779 -0.5562296978175381
60871 75533.97839999999 -0.2718297671366736 0.7033690968146084 0.21515576745414958 -0.6205549831206255
60871 75953.9784 -0.10658757384116245 0.7465204600563777 0.069905818255458 -0.6530386423435475
60871 76373.97839999999 0.06410006122075837 0.7513632774083344 -0.07891862679099672 -0.6520094001309527
60871 76793.97839999999 0.23156670637749596 0.7176366033228402 -0.2237402588800443 -0.617506973746067
60871 77213.97839999999 0.3870255959746615 0.6471459828087354 -0.3569455407570819 -0.5513648029468406
60871 77633.97839999999 0.5225087164216888 0.5436487187033091 -0.4717025797168755 -0.45708575585337824
60871 78053.97839999999 -0.6311554571945522 -0.4125911710272483 0.5622068515965608 0.33960973257812027
60871 78473.97839999999 -0.707563820831542 -0.26073612239883404 0.6239781866138329 0.20499106457795313
60871 78893.97839999999 -0.7479857296108101 -0.09580754746515328 0.6540094309944506 0.060082662371198615
60871 79313.9784 -0.7504627951883079 0.07393765315813246 0.6508624006082473 -0.08784618351464667
60871 79733.97839999999 -0.7148507766588676 0.24003531863160868 0.6146762004358544 -0.23139702145312366
60871 80153.97839999999 -0.6428349137466673 0.39414738757988416 0.5471692890013787 -0.36334127167993574
60871 80573.97839999999 -0.5379332290858219 0.5283942503646413 0.45163687196841007 -0.4769187489557099
60871 80993.97839999999 -0.4053659103993772 0.6358229720334693 0.332830560035765 -0.5662432738910804
60871 81413.97839999999 -0.2518792085873841 0.7107668881651699 0.19680079134625056 -0.6266073279932844
60871 81833.97839999999 -0.08537742050205456 0.7492487444871465 0.05056601814419825 -0.6548130212220055
60871 82253.97839999999 0.0855278610421941 0.749229617687354 -0.09828808763832377 -0.6493684753620319
60871 82673.97839999999 0.25200961535250543 0.7107162583957904 -0.24205581067640006 -0.610559201338872
60871 83093.9784 0.40546935044237864 0.6357536401847943 -0.37329417012030514 -0.5404288828308598
60871 83513.97839999999 -0.5380098872013211 -0.5283190211115173 0.4852442701674553 0.44267637329661436
60871 83933.97839999999 -0.6428889423371471 -0.3940710843935097 0.5722223390288999 0.32243353265726316
60871 84353.97839999999 -0.7148828103702369 -0.2399598947331074 0.6299175250928482 0.18591860567928326
60871 84773.97839999999 -0.7504743492637496 -0.07385844386384614 0.6555338573690925 0.04010664795219039
60871 85193.97839999999 -0.7479735515119038 0.09590055512108013 0.6478779145054746 -0.10767013356625443
60871 85613.97839999999 -0.7075195491815081 0.2608493875315248 0.607343070785171 -0.2500161573172073
60871 86033.97839999999 -0.6310718523512295 0.41271801123322405 0.5358927450840116 -0.3797777325489251
60872 53.9784 -0.5223863616145084 0.5437711134707686 0.4370330588413347 -0.49033414202327713
60872 473.9784 -0.3868697265232259 0.6472459697686599 0.31567996336358306 -0.575977977051934
60872 893.9784 -0.23139177671975183 0.7176988850617765 0.17799091803534414 -0.6322067613878348
60872 1313.9784 -0.06392211864765156 0.7513806528957117 0.03103977717166235 -0.656031713741602
60872 1733.9784 0.10689867125117201 0.7464743017243667 -0.11757586158641828 -0.6461615182924966
60872 2153.9784 0.27206302673015886 0.70327606780823 -0.2599951342611463 -0.6031475873243192
60872 2573.9784 0.42309257067405737 0.6241580940103847 -0.38889262284211445 -0.5293220930782336
60872 2993.9784 -0.5523638092841267 -0.5132900220445205 0.49776490651188526 0.4285529994153335
60872 3413.9784 -0.6534682618201083 -0.3762655627255136 0.5812236947671664 0.30591252629119786
60872 3833.9784 -0.7212491616599914 -0.2200815397832733 0.6350227420767093 0.1676600122174641
60872 4253.9784 -0.7522543144865066 -0.05267967034441697 0.6564330135506719 0.020832604004854455
60872 4673.9784 -0.7448864720831041 0.1174547981072813 0.644355231232615 -0.12710173127195462
60872 5093.9784 -0.6994784326919311 0.28168052557488893 0.5993645616557248 -0.2686040318795211
60872 5513.9784 -0.6183166342026353 0.4315816594837501 0.5237207041214123 -0.39640690601974754
60872 5933.9784 -0.5056898595936434 0.5593286532865998 0.42140527372173825 -0.5038321335487316
60872 6353.9784 -0.36718365077755166 0.6586127585908913 0.29748518369887805 -0.5855834409395556
60872 6773.9784 -0.20962648846385934 0.7243534688497838 0.15807599645340745 -0.6374800128983331
60872 7193.9784 -0.04115834271564756 0.7529663668852228 0.010394999003019977 -0.6566883470568794
60872 7613.9784 0.12936964590745514 0.7429019004372217 -0.13778255447922805 -0.6421652658979016
60872 8033.9784 0.2931080243957032 0.6947576784756087 -0.2787443069619951 -0.5947277238958243
60872 8453.9784 0.44182763862316565 0.6110251039340382 -0.40539152822727514 -0.5168117345345689
60872 8873.9784 -0.5678653891194716 -0.49606957142895236 0.5111935286916508 0.41246218780182137
60872 9293.9784 -0.6647773742544024 -0.3558846697082194 0.5907511806889286 0.287106577877851
60872 9713.9784 -0.727708676401036 -0.19764575298655956 0.640095012675912 0.14715506571114811
60872 10133.9784 -0.7535086117929918 -0.02949455860175964 0.6567760733888061 -1.7997407381265882E-4
60872 10553.9784 -0.7409525970684749 0.14006891085922918 0.6400272442972166 -0.14742820512202764
60872 10973.9784 -0.6907079016459355 0.30251284684768553 0.59071816349129 -0.2871595783139665
60872 11393.9784 -0.6052940636552553 0.44964237861489176 0.5113121439137117 -0.4123114348931084
60872 11813.9784 -0.4890090105368997 0.5739591520249411 0.40579446488033477 -0.5164996918614914
60872 12233.9784 -0.34771307743679253 0.6690940464077672 0.27947922963091243 -0.5943905559865732
60872 12653.9784 -0.18857588926315788 0.7301163713097999 0.1387845046058248 -0.6419564468212274
60872 13073.9784 -0.019704611064061957 0.7538306688720839 -0.00910686866279567 -0.656710069904398
60872 13493.9784 0.15026296268793982 0.7389539356592096 -0.1566118740234272 -0.6378407669104239
60872 13913.9784 0.3125582756196958 0.686219653998124 -0.29609988259843933 -0.5862889819308628
60872 14333.9784 0.45872911679293843 0.5984329186960868 -0.4202904908515795 -0.5047787064912624
60872 14753.9784 -0.5814564080617204 -0.4800590077674725 0.5229658838605308 0.3974399060276228
60872 15173.9784 -0.674452931548623 -0.3371846071349388 0.5988665294771601 0.2697752095888482
60872 15593.9784 -0.7330312154786112 -0.1768797376000512 0.6441787325867524 0.12811149848242412
60872 16013.9784 -0.7540461852246018 -0.007243638733661711 0.6564654783975586 -0.020370466818072936
60872 16433.9784 -0.7362892987688378 0.1627764567957222 0.634996513957397 -0.16781335135643083
60872 16853.9784 -0.680770286769761 0.32423563573257835 0.5809620717776018 -0.3064410878592892
60872 17273.9784 -0.5902899994402618 0.4691516871845715 0.4970704659836685 -0.4293895234160521
60872 17693.9784 -0.46949912050011083 0.5900150433794682 0.3876231476021567 -0.530283999266943
60872 18113.9784 -0.3246996500837873 0.6805516715419349 0.2583211190138243 -0.6038954868753286
60872 18533.9784 -0.16343491094239726 0.7361444031826638 0.11589955613642863 -0.6464887782749745
60872 18953.9784 0.005919577492693436 0.7540543857240076 -0.032230494076293296 -0.655994007003338
60872 19373.9784 0.17481041676546466 0.7335209008047224 -0.1785728106819268 -0.6320602483609217
60872 19793.9784 0.33471379898673004 0.6756764517979291 -0.31572545823770964 -0.5759734718493724
60872 20213.9784 0.4775797509420019 0.5834913720444164 -0.4367732832875383 -0.49059606525748206
60872 20633.9784 -0.5961888655687574 -0.46163862438107395 0.5355975704969012 0.3802418434749193
60872 21053.9784 -0.684525855902671 -0.3162463661835733 0.6071935264229854 0.2504568025556907
60872 21473.9784 -0.7380435059481857 -0.15465249813030554 0.6478840344616997 0.10779919312962065
60872 21893.9784 -0.7539318020779138 0.01497353454742702 0.6555320629295703 -0.040501179612553714
60872 22313.9784 -0.7312701384488743 0.18400295065486152 0.6296542886889731 -0.18687529397663066
60872 22733.9784 -0.6711733150118333 0.34365440714727474 0.5715342467088644 -0.32369219098274876
60872 23153.9784 -0.5768866873282228 0.48553785501812297 0.4842899473763011 -0.44375442329979
60872 23573.9784 -0.45320795336728875 0.6026241686170702 0.37234129502229685 -0.5411179376294388
60872 23993.9784 -0.3063228853218508 0.689025175314213 0.24128371145588073 -0.6108950550605148
60872 24413.9784 -0.14387377388243963 0.7402209809959248 0.0979402347193585 -0.6494466466965337
60872 24833.9784 0.025858866896076575 0.753636120290665 -0.050363585997823 -0.6548491630914139
60872 25253.9784 0.19426273136355113 0.7286109246240665 -0.19608121659964786 -0.6268494781192991
60872 25673.9784 0.35279164188520323 0.6664172551209154 -0.3318007689157616 -0.5668636072636491
60872 26093.9784 0.49339754341041514 0.5701858599327702 -0.45061935852249135 -0.477900766910949
60872 26513.9784 -0.6087914506178077 -0.4449020047895993 0.546379971535882 0.36456014934892356
60872 26933.9784 -0.6931984164324378 -0.2967796165383807 0.6142966717395222 0.23245948841171857
60872 27353.9784 -0.7421890744446934 -0.1333901096497509 0.650810833546942 0.08836127749467683
60872 27773.9784 -0.7531647964012661 0.03724569002769179 0.6539711038997771 -0.06064110240016553
60872 28193.9784 -0.7254599574934435 0.2057284955115111 0.6235527337601009 -0.20631438250516132
60872 28613.9784 -0.660693199327683 0.36340136090713576 0.5612807247616735 -0.34115670191863856
60872 29033.9784 -0.562382479860699 0.5022752667290613 0.4705034553943384 -0.45833612255632755
60872 29453.9784 -0.43569292019148004 0.6154193744160589 0.35596412911660896 -0.552014684288943
60872 29873.9784 -0.2870937603369325 0.6972702317020103 0.22350140769896273 -0.6176070899159164
60872 30293.9784 -0.12403401259859011 0.7438136437215764 0.07975977744049963 -0.6519165629395884
60872 30713.9784 0.04540603022770893 0.7527193621130386 -0.06811931172293388 -0.6532316692334309
60872 31133.9784 0.21280942003163336 0.7234178043761932 -0.2127634693715273 -0.6213779342383496
60872 31553.9784 0.3697424831287113 0.6571709197173685 -0.346862020512405 -0.5577666332559654
60872 31973.9784 0.5080898366986076 0.5571429847117687 -0.46346028610059586 -0.465447070715455
60872 32393.9784 -0.6205797558654987 -0.42832284885393523 0.5564187183512849 0.3490250902555295
60872 32813.9784 -0.7012118854635543 -0.27734482359991125 0.6207819619035237 0.21450290506702543
60872 33233.9784 -0.7457097504499582 -0.1121086773224755 0.6531444897676831 0.06892668597124715
60872 33653.9784 -0.751797252056126 0.058774353581387544 0.6518665095766053 -0.08010318879021891
60872 34073.9784 -0.7192784628674911 0.22640820615147622 0.6171210663160013 -0.22480971187039828
60872 34493.9784 -0.6500201316192108 0.38217423220940344 0.5508547885747155 -0.35773689581758605
60872 34913.9784 -0.5477715175278615 0.5181825235425066 0.45662190878463327 -0.47215428548115645
60872 35333.9784 -0.4178980224168441 0.6276507461782777 0.33934403428383714 -0.5623712386652718
60872 35753.9784 -0.2670255654619616 0.7052097926678539 0.2049926294253633 -0.6239827862981141
60872 36173.9784 -0.1027108921359395 0.7470646679316105 0.06030166843314751 -0.6539943144623283
60872 36593.9784 0.0669093463378991 0.751118247486235 -0.08754312314362031 -0.650907611920542
60872 37013.9784 0.2334075058052822 0.717039825165669 -0.2311711853558164 -0.6147639452841479
60872 37433.9784 0.388388011959154 0.6463293858389777 -0.3633160221607069 -0.5471878518468285
60872 37853.9784 0.5238270567393928 0.5423802457958714 -0.47711478760468323 -0.4514314599660654
60872 38273.9784 -0.6325896835202396 -0.4103896728085608 0.5665652087906373 0.33228673302415646
60872 38693.9784 -0.7088694466564153 -0.25716320418180694 0.6268923780738641 0.19590084309381992
60872 39113.9784 -0.7486179074761264 -0.09072157654517643 0.6549031797703599 0.04942316543782969
60872 39533.9784 -0.7498089602388567 0.08026904652712645 0.6491861583939231 -0.09950243748215808
60872 39953.9784 -0.7125016038153704 0.2469093532868397 0.6101440330485404 -0.24310798990420115
60872 40373.9784 -0.6388109673580435 0.40063067549437126 0.5399460075373478 -0.37399721761061655
60872 40793.9784 -0.5327151967387976 0.5336540495337548 0.4423472306744481 -0.4855479400578438
60872 41213.9784 -0.3997740719880771 0.6393558702855251 0.3224390413233578 -0.5722218338441696
60872 41633.9784 -0.24675959744202056 0.7125633081550491 0.18632017077433677 -0.6297999896030538
60872 42053.9784 -0.08132428033705612 0.7497009900938773 0.04080753906543276 -0.6554918242322655
60872 42473.9784 0.08834295285495522 0.7489034745777671 -0.10687831798255945 -0.6480093622714366
60872 42893.9784 0.2538091061101686 0.7100763405146964 -0.24937165873789444 -0.6076070309954662
60872 43313.9784 0.40671817925058473 0.6349563590305993 -0.3794524995820785 -0.5361217635524664
60872 43733.9784 -0.5391423332738012 -0.5271627904750893 0.4903569990135841 0.43700680810370723
60872 44153.9784 -0.6440895809821927 -0.3921031453502387 0.5762199941373389 0.3152368211884489
60872 44573.9784 -0.7159507951608305 -0.23674943933269832 0.6324542008621314 0.1771040533022049
60872 44993.9784 -0.7509115105748742 -0.06924337816383563 0.6560835862716532 0.02985943220402727
60872 45413.9784 -0.7472030878186754 0.10170125574263293 0.6459308995418647 -0.11881781495906235
60872 45833.9784 -0.7051451620284133 0.26718835496392607 0.602633628510672 -0.26117693854484003
60872 46253.9784 -0.62710150688309 0.41871717133079034 0.5285831548525518 -0.3898967541591268
60872 46673.9784 -0.5172718238242793 0.5486350743751107 0.42772815969148054 -0.4984757134002218
60872 47093.9784 -0.3813956370615279 0.6504870504340577 0.30531722537279804 -0.5815370642862645
60872 47513.9784 -0.2263765644706914 0.7192974812177492 0.1675649523936472 -0.635048636957488
60872 47933.9784 -0.05995433919643161 0.7517081151015372 0.021354647208834274 -0.6564178287833136
60872 48353.9784 0.10963689514687275 0.746076550147734 -0.12606195421619237 -0.6445602502803008
60872 48773.9784 0.2739586754562181 0.7025376795601673 -0.2673228942595172 -0.5999382661117768
60872 49193.9784 0.4246921209104363 0.623064866991872 -0.3952489147969084 -0.5245999135616232
60872 49613.9784 -0.5540084536184117 -0.5115057434442196 0.5031745367141901 0.4221988789011317
60872 50033.9784 -0.6550600353987591 -0.37348134811593453 0.585376381188012 0.2978968361364516
60872 50453.9784 -0.7224410277394366 -0.2161297852094914 0.6374637762052593 0.15813542111183282
60872 50873.9784 -0.752581988027121 -0.047712133139001744 0.6566875256164603 0.010266321064697728
60872 51293.9784 -0.7439856569023405 0.12300373837737692 0.6421155614744378 -0.1379964795969451
60872 51713.9784 -0.6972434274276064 0.287155259078882 0.5946284816778876 -0.27894520764801545
60872 52133.9784 -0.6149621316498284 0.43633729908806984 0.5168338406120294 -0.40535678020658156
60872 52553.9784 -0.5015443501786461 0.5630392965415429 0.4128595550481781 -0.510868870806692
60872 52973.9784 -0.36288534668632927 0.6609830531046671 0.288089459957075 -0.5902712018474358
60872 53393.9784 -0.20600664931417537 0.7253847174437154 0.14883458198911667 -0.6397081673244234
60872 53813.9784 -0.03872201738643385 0.7530892056920548 0.0020374513243798823 -0.6567747729867031
60872 54233.9784 0.1306904756764199 0.7426631728229164 -0.1450158930162854 -0.6405792707173402
60872 54653.9784 0.2937806422994459 0.6944640833520896 -0.2849607779845681 -0.5917853716969494
60872 55073.9784 0.44225818191940286 0.6107052311999106 -0.41064945984202705 -0.512653725473501
60872 55493.9784 -0.5683876804933585 -0.4954657560826494 0.5155204871450001 0.407047609680502
60872 55913.9784 -0.6654692066514915 -0.3545840590280751 0.5940020545445873 0.28032559511863725
60872 56333.9784 -0.7283182336883497 -0.19537339563994255 0.6419042940361017 0.13907071600885212
60872 56753.9784 -0.7536253668109835 -0.026188176624268106 0.6567165942391197 -0.009289819970175688
60872 57173.9784 -0.7401735335584644 0.1440989278283755 0.6377636117321183 -0.15695927742154386
60872 57593.9784 -0.6888361019275223 0.3067381974975815 0.5861739512619634 -0.296338660554387
60872 58013.9784 -0.6024449269995974 0.45344300413478206 0.5047546541900183 -0.42032403096562165
60872 58433.9784 -0.4855798544042559 0.5768500715262889 0.3977933760781358 -0.5227012817328995
60872 58853.9784 -0.34427114260494807 0.6708581985894891 0.2707818460467476 -0.5984177885108903
60872 59273.9784 -0.1856430646791712 0.7308554195008999 0.13012237227596662 -0.6437819324553646
60872 59693.9784 -0.017581186312615064 0.7538710073646935 -0.01717769976021143 -0.6565625124645265
60872 60113.9784 0.15157954313908453 0.7386715858870492 -0.16378992493735695 -0.6360509341191734
60872 60533.9784 0.3133654267668665 0.6858385212271488 -0.30233568587153464 -0.583112995187696
60872 60953.9784 0.4594931545711047 0.5978354446857043 -0.42569973042549597 -0.5002385046109518
60872 61373.9784 -0.5823312249324077 -0.47899012523536844 0.527426606613295 0.3915098709255134
60872 61793.9784 -0.6753503794868596 -0.33537414889859113 0.6021034531163212 0.2624832888450278
60872 62213.9784 -0.7336032536086422 -0.17446736687453598 0.6457663622717923 0.11988832115321564
60872 62633.9784 -0.7540592582277688 -0.004677648213520099 0.6561576180092865 -0.028808592755580495
60872 63053.9784 -0.7357726151871786 0.16506450161657643 0.6328480637318735 -0.17577171921987259
60872 63473.9784 -0.6798761352729648 0.32609520369673095 0.5771958908162258 -0.3134888553635494
60872 63893.9784 -0.5894211808735892 0.47024044278541843 0.49220046660110084 -0.4349658586420502
60872 64313.9784 -0.4691686643823514 0.5902801429551796 0.38230714660766324 -0.5341267292012262
60872 64733.9784 -0.3252807806023773 0.6802779366879674 0.25313113119936625 -0.6060849553024715
60872 65153.9784 -0.16499498749611433 0.7358002741749987 0.11116837342846736 -0.6473146092700386
60872 65573.97839999999 0.0037234877438267074 0.7540722756510407 -0.03650904121298924 -0.6557653762156023
60872 65993.97839999999 0.17248784852251342 0.7340742793755952 -0.1825319079280151 -0.630923923353231
60872 66413.97839999999 0.332808458538521 0.6766208152109712 -0.31952785073582146 -0.5738682383200878
60872 66833.97839999999 0.4764299642925817 0.5844338128540768 -0.4404221892118405 -0.4873190974780952
60872 67253.97839999999 -0.5958429074294832 -0.4620883401326973 0.5388780989791067 0.3755742137315251
60872 67673.97839999999 -0.6847023185201208 -0.3158678689803296 0.6096641329904399 0.24437649089880076
60872 68093.97839999999 -0.7383050889654222 -0.15340401295637532 0.6490425350335897 0.10058127128750988
60872 68513.9784 -0.7538923419514444 0.01684940581180885 0.6550025142056632 -0.04831294500457681
60872 68933.97839999999 -0.7307582115357685 0.18602728837792554 0.6273287542569658 -0.19453770414550622
60872 69353.97839999999 -0.6702666553986119 0.3454225944944302 0.5675902520639455 -0.33055581621789953
60872 69773.97839999999 -0.575706984831329 0.48694103560882473 0.47899706642577566 -0.4494571234412982
60872 70193.97839999999 -0.45205511152185424 0.6034963672852366 0.3661819551627879 -0.5452972460352654
60872 70613.97839999999 -0.3056448845736043 0.6893342416192056 0.23490964020579796 -0.6133652817071124
60872 71033.97839999999 -0.14383998522369545 0.740235256503562 0.09178386508104587 -0.6503364865903934
60872 71453.97839999999 0.02532199670490087 0.75366159648709 -0.056067988077708776 -0.6543770894341623
60872 71873.97839999999 0.19343461463452605 0.7288382408593838 -0.20126839689097378 -0.6251950902999229
60872 72293.9784 0.3520381943229925 0.6668222674841032 -0.3364882603067683 -0.5640858303493277
60872 72713.97839999999 0.49295941077587496 0.5705714741636868 -0.4547352364631827 -0.47397792872342975
60872 73133.97839999999 -0.6088216217484566 -0.4448701047510746 0.5498092405985118 0.3593558427837721
60872 73553.97839999999 -0.6934640770965351 -0.2961751878129601 0.6166534936928869 0.2261112571655053
60872 73973.97839999999 -0.7424012489257551 -0.1322429442606835 0.6517344953096235 0.08120552265859189
60872 74393.97839999999 -0.7531133004405662 0.03839380332785402 0.6532601819746144 -0.06780418285056797
60872 74813.97839999999 -0.725139717694881 0.20687639306620004 0.6212366143724526 -0.21316570262675968
60872 75233.97839999999 -0.6600862206387728 0.3645153678160912 0.5574494585623924 -0.34736843422685487
60872 75653.9784 -0.5614777976129228 0.503297622968747 0.4653171682883589 -0.46358830701157006
60872 76073.9784 -0.4345033093381496 0.6162691919220274 0.3496622684603709 -0.5560174954775391
60872 76493.97839999999 -0.28567031462508086 0.6978627336958271 0.21639778005224558 -0.6201226306538524
60872 76913.97839999999 -0.12246940466569477 0.7440806821300062 0.07223108178372781 -0.6527846920893039
60872 77333.97839999999 0.046995176451564716 0.7526288763090904 -0.075657061095449 -0.6523934679642354
60872 77753.97839999999 0.21430182705280978 0.722983404119521 -0.21989304616190078 -0.6188834886626216
60872 78173.97839999999 0.37103548176265766 0.6564477938253389 -0.3531969716272831 -0.5537696854183282
60872 78593.97839999999 0.5091170836226819 0.556211285472262 -0.46867602807824416 -0.4601864641442964
60872 79013.97839999999 -0.621316686236408 -0.42726344002639527 0.5602705791505179 0.34279499173611466
60872 79433.9784 -0.7016630338151203 -0.27622170145163627 0.6231063205398715 0.20762724273993374
60872 79853.97839999999 -0.7458898024255645 -0.11095640172908924 0.6538542568414376 0.061738888580996965
60872 80273.97839999999 -0.7517134058220187 0.059925606907412166 0.6509394548495772 -0.08725653708676817
60872 80693.97839999999 -0.7189149678483931 0.22758181378218917 0.6145853711503505 -0.23163032747707873
60872 81113.97839999999 -0.6493375663113845 0.3833441788321574 0.546791242172801 -0.3639056237754958
60872 81533.97839999999 -0.5467383579373916 0.5192797026899669 0.4511824549587445 -0.47734699189535595
60872 81953.97839999999 -0.41652144462523166 0.6285714289775993 0.3327679168034539 -0.5662802825338866
60872 82373.97839999999 -0.2653673184839082 0.7058411443651343 0.19760971757703968 -0.6263536259343442
60872 82793.97839999999 -0.10089076743199414 0.7473175046369074 0.052520292050296014 -0.6546596208971505
60872 83213.9784 0.06873672160202501 0.75095720235031 -0.09527379248687944 -0.6498164724033766
60872 83633.97839999999 0.23508613515591242 0.7164942000415644 -0.23840695221902572 -0.6119907642259725
60872 84053.97839999999 0.38979674147007515 0.6454837832050775 -0.36965638023234115 -0.5429211236561852
60872 84473.97839999999 -0.524899502463696 -0.5413470589020544 0.4822408499977482 0.4459457777857185
60872 84893.97839999999 -0.6333205965381467 -0.4092696156345004 0.5702565421557956 0.32590010716087475
60872 85313.97839999999 -0.7092886295214608 -0.2560194119404977 0.6290180327214367 0.1889444766392051
60872 85733.97839999999 -0.7487616793254043 -0.08956912258946749 0.6554017099272963 0.042212776226274916
60872 86153.97839999999 -0.7496917126962435 0.08139640721955888 0.6480503964730931 -0.10661915605269001
60873 173.9784 -0.7120943415214686 0.24809309358291676 0.607396692519513 -0.24988141908897596
60873 593.9784 -0.638034689764701 0.4018717642232779 0.5356406902175896 -0.3801313861813517
60873 1013.9784 -0.5314933306593275 0.5348730380272512 0.43660665319830233 -0.49071407462913763
60873 1433.9784 -0.3980882045112344 0.6404056427709971 0.31549168560718965 -0.5760827982580471
60873 1853.9784 -0.24468062555591605 0.7132757680081542 0.1785128039373151 -0.6320619028864033
60873 2273.9784 -0.07902292822794679 0.7499413890722179 0.03259586097020831 -0.6559579251890505
60873 2693.9784 0.09063654423184281 0.748622717987296 -0.1149836785677682 -0.6466280202914555
60873 3113.9784 0.2558681283181437 0.7093292027253163 -0.2568657262848211 -0.6044862130207839
60873 3533.9784 0.4083780871848509 0.6338831538879425 -0.38590056654010885 -0.531507514404397
60873 3953.9784 -0.5403292830914005 -0.5259408778242237 0.49544298285219923 0.43123857620803535
60873 4373.9784 -0.6448314333175367 -0.3908758839380331 0.5797644588151772 0.30867723961454835
60873 4793.9784 -0.7163309416565283 -0.23558715515108647 0.6343800032049577 0.17009022866398626
60873 5213.9784 -0.7510111686323413 -0.06812338960781958 0.656374424610265 0.02267251850522658
60873 5633.9784 -0.7470539754674481 0.10276422896836493 0.6446024667350628 -0.12584725210306047
60873 6053.9784 -0.704785371981104 0.2681248462571907 0.5997824019993707 -0.26767091084553796
60873 6473.9784 -0.6265434717607867 0.4195481970452128 0.5243470974843727 -0.39557895508958174
60873 6893.9784 -0.5164804829568601 0.5493792151154456 0.4222686853701504 -0.5031098747585366
60873 7313.9784 -0.3800810316441178 0.6512538935938509 0.2986225026119056 -0.5850054498865755
60873 7733.9784 -0.22426025828554408 0.7199566289987335 0.15967956444866868 -0.6370810196607372
60873 8153.9784 -0.05692681016007937 0.7519389214210036 0.012502909095686653 -0.6566512575190586
60873 8573.9784 0.11340849955481741 0.745506975686102 -0.13540448835014718 -0.6426690329918827
60873 8993.9784 0.27804127719700034 0.7009254264938709 -0.2764574420024581 -0.5957918071193188
60873 9413.9784 0.428451629519555 0.6204785278258935 -0.40333730282653896 -0.5184154876329051
60873 9833.9784 -0.5567591257461446 -0.5085013711948743 0.5093943612875202 0.414684236594304
60873 10253.9784 -0.6567638501604632 -0.37046029867736063 0.5895116556689548 0.28964878742493105
60873 10673.9784 -0.7232504751113957 -0.21337698157635052 0.6395131605054452 0.1496727481034639
60873 11093.9784 -0.7527239003096331 -0.045288128945579965 0.6567739076796655 0.001936354937596738
60873 11513.9784 -0.7436125222169195 0.12518506392639153 0.6403640638727491 -0.1459554119322549
60873 11933.9784 -0.6963866123300797 0.289202536759766 0.5911293438522177 -0.2863104569099737
60873 12353.9784 -0.6135026745085111 0.43837509573655625 0.5116132359859695 -0.4119388796567201
60873 12773.9784 -0.499292796196702 0.5650327251521616 0.40595154758715346 -0.5163797674045676
60873 13193.9784 -0.3597222708678308 0.6627114711949682 0.2796466588011451 -0.5943156905295769
60873 13613.9784 -0.20193530566663287 0.7265321469089129 0.1391626842888228 -0.6418776512192793
60873 14033.9784 -0.03400768361428097 0.7533192636773856 -0.008301728607005208 -0.6567226551063152
60873 14453.9784 0.1355896742484058 0.7417860385866702 -0.15529495256534598 -0.638163294857071
60873 14873.9784 0.29833068096286236 0.6925238314424081 -0.29440878449398156 -0.5871396897615917
60873 15293.9784 0.44600457178199476 0.6079757089473122 -0.4186040635858799 -0.5061779304048736
60873 15713.9784 -0.5710538753867692 -0.4923862853526086 0.5215190620550388 0.39933830935141235
60873 16133.9784 -0.6670578621879093 -0.3515842740788698 0.5978625379735041 0.27199759631586956
60873 16553.9784 -0.7290235582950927 -0.19272692441104805 0.6436723173152707 0.13064046838483453
60873 16973.9784 -0.7537010175140043 -0.023928922828985094 0.6565487033548366 -0.017492369012851672
60873 17393.9784 -0.7397681271634083 0.14616066045739182 0.635787389995796 -0.16478644995913877
60873 17813.9784 -0.6879287745928074 0.30876056351151326 0.5824425427131591 -0.3036142288252
60873 18233.9784 -0.6008595872951883 0.455537688333 0.49925356998396764 -0.4268477992469282
60873 18653.9784 -0.483098802305427 0.5789317420495854 0.39053973175149603 -0.528140419947161
60873 19073.9784 -0.34079897451786795 0.6726319983760436 0.26196599292439243 -0.6023255534006148
60873 19493.9784 -0.1812366320334999 0.7319635479629935 0.12010164814529242 -0.6457230379778662
60873 19913.9784 -0.012578759914965381 0.7539728247275425 -0.027778133718604554 -0.6561974776380076
60873 20333.9784 0.15665897925868602 0.7376123974459197 -0.17418878690991463 -0.6332804922517047
60873 20753.9784 0.3179574044779588 0.683723809953136 -0.31174203145335105 -0.5781364427763966
60873 21173.9784 0.4631699195807024 0.5949960550141786 -0.4334753677261886 -0.49351030960641123
60873 21593.9784 -0.5848666101537392 -0.4759022021631954 0.5331534457472771 0.38366071676847563
60873 22013.9784 -0.6768013208928427 -0.33245511329386573 0.6056646105128468 0.25413372317500027
60873 22433.9784 -0.7342071840209149 -0.17194519083201099 0.6472541602531051 0.1115200175612857
60873 22853.9784 -0.7540774312655364 -0.0025607347031460343 0.6557438204520142 -0.03688783312620653
60873 23273.9784 -0.7353353905308823 0.16702963159418407 0.6306514507742813 -0.18347128723209075
60873 23693.9784 -0.6789216916515234 0.32808763743897834 0.5732424587431298 -0.3206507792893609
60873 24113.9784 -0.5877291727591867 0.472357886596763 0.48644888812917314 -0.4413841022233728
60873 24533.9784 -0.4665056498871751 0.5923905399739171 0.3747726887298988 -0.5394361487283901
60873 24953.9784 -0.3215927935565104 0.6820321135594194 0.24404470479900875 -0.6097970590825735
60873 25373.9784 -0.16039328184330318 0.7368187599677499 0.10094071689573608 -0.6489861953629654
60873 25793.9784 0.008850025549322654 0.7540298442073659 -0.04720784526689612 -0.6550817433249447
60873 26213.9784 0.1775864580912385 0.732857404646065 -0.1928963917936968 -0.6278328251939486
60873 26633.9784 0.33731275864713894 0.6743880764359328 -0.32876707904045904 -0.5686238061795372
60873 27053.9784 0.4799585405769589 0.5815463780147242 -0.4479414351425696 -0.4804082432968923
60873 27473.9784 -0.5982137991009271 -0.4590275659280108 0.5443100150478306 0.3676418798261044
60873 27893.9784 -0.6860151126576498 -0.3130268197682547 0.6129352490685314 0.23602511679984853
60873 28313.9784 -0.7388157078021174 -0.15096414361302324 0.650269090007211 0.09225664111182788
60873 28733.9784 -0.7538508099196591 0.01889633593239956 0.6543548719027888 -0.05631684018913518
60873 29153.9784 -0.7302930054717994 0.18786731515765864 0.6249360823396602 -0.20207149983205616
60873 29573.9784 -0.6693313390775727 0.3472421257802762 0.5635000168736175 -0.33747028846351984
60873 29993.9784 -0.574088745288468 0.48885588283628034 0.47318164348710695 -0.4555668673381702
60873 30413.9784 -0.4495143404947457 0.6053982464760871 0.3586591801635173 -0.550266674747514
60873 30833.9784 -0.3020805159473066 0.6909097060908664 0.22587378321335566 -0.6167431993717707
60873 31253.9784 -0.1393785576910268 0.7410925343582604 0.08166454209791287 -0.6516796572997795
60873 31673.9784 0.03033166862524511 0.753479472161488 -0.06663498818051043 -0.6533823178353061
60873 32093.9784 0.19846662988947789 0.7274864214258201 -0.2115041692546552 -0.6218042214791286
60873 32513.9784 0.35653049819554333 0.6644343971086595 -0.3456078365457916 -0.5585410988579328
60873 32933.9784 0.496549408733237 0.5674545411305111 -0.46216703159046796 -0.4667286827996423
60873 33353.9784 -0.6112893299823332 -0.4414808345866121 0.5551548176825372 0.35103156004315017
60873 33773.9784 -0.6948535431336438 -0.29290972564860973 0.6197998999426781 0.2173258618897524
60873 34193.9784 -0.7429172515970672 -0.1293280048810874 0.6527631280217755 0.07244669163022265
60873 34613.9784 -0.7529828869563058 0.04090304719835794 0.6523341402708686 -0.07618321414788824
60873 35033.9784 -0.7245102184659014 0.2090733000208822 0.6185150207659225 -0.22093543772740612
60873 35453.9784 -0.6589587685438673 0.3665524047051613 0.5530313801347333 -0.3543571200784398
60873 35873.9784 -0.5597174052266009 0.5052577856170841 0.4592529471569308 -0.46959315038381366
60873 36293.9784 -0.4319261016643174 0.6180813030638644 0.34202308766046624 -0.5607455332065894
60873 36713.9784 -0.2820527332017212 0.6993354102162471 0.20726933392258234 -0.6232300240893415
60873 37133.9784 -0.1178897313838298 0.7448213387455176 0.062004124317681084 -0.653833826863662
60873 37553.9784 0.052134585007502156 0.7522904280704602 -0.08629955566405036 -0.6510710280544255
60873 37973.9784 0.2194120408772369 0.7214485185834363 -0.23011753141462712 -0.6151555194318663
60873 38393.9784 0.3755073167112027 0.6539000119353455 -0.3621845509742524 -0.5479337373468497
60873 38813.9784 0.5125378914705226 0.5530624536516194 -0.4758209436319137 -0.452792735994115
60873 39233.9784 -0.6235240096634799 -0.42403684294001553 0.5652390863647948 0.33453750230449997
60873 39653.9784 -0.702784712527698 -0.2733524250150942 0.6258678704665123 0.19915197285852135
60873 40073.9784 -0.7462285431380934 -0.10863921807885715 0.6545822863576118 0.05350244936500082
60873 40493.9784 -0.7515636429772596 0.061737783349000715 0.6498593750159616 -0.09499120678128987
60873 40913.9784 -0.7184351366268842 0.2290812870425655 0.6118693008992822 -0.23872301314254504
60873 41333.9784 -0.6485712381353136 0.3846336004653139 0.5425868777041428 -0.37015108077646497
60873 41753.9784 -0.5455712210534541 0.5205041813645849 0.4455602729612019 -0.48260074916950274
60873 42173.9784 -0.4146373751499327 0.6298172950227319 0.3256802026330976 -0.5703844559872644
60873 42593.9784 -0.262503959937062 0.7069140004576694 0.18911310405532533 -0.6289678058922057
60873 43013.9784 -0.09695587686653695 0.7478404454809309 0.04286029710620264 -0.6553603748899471
60873 43433.9784 0.07352380777476002 0.7505048031790181 -0.1055683510148085 -0.6482222715701287
60873 43853.9784 0.24021438651752314 0.7147918797837788 -0.24856077763969336 -0.6079368033968111
60873 44273.9784 0.39459841333189977 0.6425601061944156 -0.37879643698174414 -0.5365835083687385
60873 44693.9784 -0.5287893222773166 -0.537547299177406 0.4896164805038322 0.4378361061077684
60873 45113.9784 -0.6359863859841575 -0.40511255367066623 0.5754077492567385 0.3167192097055941
60873 45533.9784 -0.7108009351758906 -0.25178640779524936 0.6318621191178566 0.17920908968725707
60873 45953.9784 -0.7492487154477238 -0.08537559916968773 0.6559667297551304 0.03232675239971472
60873 46373.9784 -0.7492251327952699 0.08555238710267532 0.6463806175828455 -0.11633824247496352
60873 46793.9784 -0.7107689148662141 0.2518529481054884 0.6036488223331332 -0.258816037923271
60873 47213.9784 -0.636024414404167 0.4050374686331533 0.530101327161714 -0.387827508341625
60873 47633.9784 -0.528822349391407 0.5375096912046838 0.42947773626802516 -0.49696994747699835
60873 48053.9784 -0.39457671680805195 0.6425746277603671 0.3068506076993443 -0.5807320956053206
60873 48473.9784 -0.2401621855975296 0.7148102935305055 0.1685043320165524 -0.6348028504689512
60873 48893.9784 -0.07347199858734264 0.7505059435776776 0.02151913610197449 -0.656414214394833
60873 49313.9784 0.09697450228423198 0.7478270956800827 -0.1265757308799134 -0.6444603674591896
60873 49733.9784 0.26247109821936526 0.7069090738993213 -0.26819438824560166 -0.5995500429087562
60873 50153.9784 0.41455329150385073 0.6298547257947752 -0.3960742339180239 -0.5239788107581854
60873 50573.9784 -0.545429854995661 -0.5206414854132071 0.5036549169197919 0.4216283216396391
60873 50993.9784 -0.6484211238360219 -0.3848880015447422 0.58545330877587 0.2977510632617633
60873 51413.9784 -0.7183470931347589 -0.22936235878736846 0.6373683978399162 0.15853039958101006
60873 51833.9784 -0.7515235784926879 -0.062177389417841476 0.6566733496521561 0.011242556263762117
60873 52253.9784 -0.7462978960387555 0.10808955899545927 0.6424272943925634 -0.1365403567585225
60873 52673.9784 -0.7029932596879696 0.27277728589291067 0.5954031592337021 -0.27728704821665745
60873 53093.9784 -0.623855228238224 0.4235248249138714 0.5180201137139384 -0.4038397437961083
60873 53513.9784 -0.5129338906962339 0.5526809991873703 0.4142205853736149 -0.5097684215064854
60873 53933.9784 -0.3758433645821922 0.6536988698401314 0.2892490360441774 -0.5897071714137333
60873 54353.9784 -0.2195355617808213 0.7214032472849444 0.14944489764562086 -0.6395683814010872
60873 54773.9784 -0.052201918819671136 0.7522738368558272 0.002142729733468094 -0.6567757933747604
60873 55193.9784 0.11768091151279109 0.7448351286918286 -0.14518167695720324 -0.6405420476503008
60873 55613.9784 0.28155932226005537 0.6995084830099936 -0.2850897194210616 -0.5917229775206774
60873 56033.9784 0.43117613626696283 0.6185794276294215 -0.41050801115201363 -0.5127668125060056
60873 56453.9784 -0.558922510695968 -0.5061171267775092 0.5150557910635735 0.4076378455340853
60873 56873.9784 -0.6582728082414431 -0.367766769161761 0.5933956904473391 0.281613330630441
60873 57293.9784 -0.7240725260248551 -0.2105552756467475 0.6414644719917919 0.14109849086931944
60873 57713.9784 -0.7528810547620691 -0.04248619990691066 0.6567493377490358 -0.006734059995805489
60873 58133.9784 -0.7431523771013754 0.12785052775815633 0.638411396383528 -0.15430384288205543
60873 58553.9784 -0.6953550070412975 0.2916599838530002 0.5873649782761585 -0.2939698118788946
60873 58973.9784 -0.6121022833484844 0.44031991851574703 0.506372192867751 -0.4183734771327682
60873 59393.9784 -0.4976325046446377 0.5664847188969909 0.3995327851281426 -0.5213736732757525
60873 59813.9784 -0.3577234261880207 0.6637814205989208 0.2722232834549218 -0.5977647195753558
60873 60233.9784 -0.19951197663946152 0.727191464493135 0.13094378174623703 -0.6436157791475737
60873 60653.9784 -0.03107373653566722 0.753436188920781 -0.01707616556918445 -0.6565643431467284
60873 61073.9784 0.13898607602012658 0.7411459473977536 -0.1642531225342173 -0.6359296085780038
60873 61493.9784 0.3019789906277376 0.6909296849255175 -0.3030400488692779 -0.5827448742713088
60873 61913.9784 0.44950730626248064 0.6053808799004979 -0.42627616377712285 -0.49974573941456146
60873 62333.9784 -0.5740205740255179 -0.48891926167957017 0.5276538480342812 0.39120295603271527
60873 62753.9784 -0.6692087528542073 -0.34746676713081237 0.6020418628337303 0.2626253724198599
60873 63173.9784 -0.730237874624872 -0.18805634699370133 0.6456682111483083 0.12041602024347851
60873 63593.9784 -0.7538336719439502 -0.01906350832431818 0.6561943928207398 -0.027933788223049375
60873 64013.9784 -0.7388176001495391 0.15086067106648776 0.6331117736126879 -0.1748115950034243
60873 64433.9784 -0.6860081271434743 0.31299409468471423 0.577642175788225 -0.31266125909080017
60873 64853.9784 -0.5981819905458188 0.4590462257372337 0.4926766218273029 -0.43442446423731645
60873 65273.9784 -0.4799079493360435 0.5815834798678974 0.38261251440614524 -0.5339069955794058
60873 65693.97839999999 -0.33728934169410546 0.6744053222901044 0.2531159559054662 -0.6060904834365901
60873 66113.97839999999 -0.1776008957801273 0.7328608579919704 0.11078952515980779 -0.6473782246540531
60873 66533.97839999999 -0.008903853917778917 0.7540309231787278 -0.03716774159423909 -0.6557260458914457
60873 66953.97839999999 0.1603154674396695 0.7368312155926746 -0.1832879354123751 -0.6307013900096389
60873 67373.97839999999 0.3215107278844474 0.682064862015819 -0.3201696532939202 -0.5735065552966291
60873 67793.97839999999 0.46647409094495024 0.592414028041882 -0.4408258312076342 -0.48694982123045594
60873 68213.97839999999 -0.5877471569679215 -0.47234619817572837 0.5390351790409734 0.375344407579661
60873 68633.9784 -0.6789508655775519 -0.32805206101218704 0.6096338540183341 0.24444658195994837
60873 69053.97839999999 -0.7353445029657049 -0.16702930181480047 0.6489653952229311 0.1010623079912861
60873 69473.97839999999 -0.7540795446944334 0.002498973885056111 0.6550604920424173 -0.04747154061228596
60873 69893.97839999999 -0.7342350554179676 0.17180951258835667 0.6276465799809616 -0.19349456172649263
60873 70313.97839999999 -0.6768928583205922 0.3322589735219856 0.5681773904233932 -0.32953677470103104
60873 70733.97839999999 -0.5850492896927982 0.47568043928482157 0.47973482255417604 -0.4486646279133944
60873 71153.97839999999 -0.4634469104189185 0.5947949341673975 0.36686540094516845 -0.5448355027907975
60873 71573.97839999999 -0.3182762738223212 0.6835949845259744 0.2353062526382884 -0.6132120988059822
60873 71993.97839999999 -0.1569660810507742 0.7375648841494962 0.09179260928627908 -0.6503336128092401
60873 72413.9784 0.012336643979136213 0.7539883019788877 -0.0564105772465402 -0.6543449353888496
60873 72833.97839999999 0.18109596604420664 0.7320046995073504 -0.2018038979708352 -0.6250188459122221
60873 73253.97839999999 0.34075638575246964 0.6726607754276793 -0.33699799206127695 -0.5637773675100968
60873 73673.97839999999 0.48305725154395496 0.5789818491302984 -0.45498231275077305 -0.47373706335098853
60873 74093.97839999999 -0.6007663768435088 -0.45569161435393113 0.549758919241488 0.3594301653677142
60873 74513.97839999999 -0.687820172389512 -0.30905826717681667 0.6164485102626178 0.2266663454038217
60873 74933.97839999999 -0.7397038190740352 -0.1465888153339651 0.6516013145893453 0.08225391231855657
60873 75353.97839999999 -0.7537308668285233 0.023397464691843117 0.6534018457355966 -0.06639553467841451
60873 75773.9784 -0.7291731293178155 0.19219062191347966 0.6217523527686327 -0.21164433409860975
60873 76193.97839999999 -0.6673053378365459 0.35113196860013973 0.5582823740167548 -0.34602126753143375
60873 76613.97839999999 -0.5713410643173902 0.4920752887627934 0.4662683635122215 -0.4626284811826007
60873 77033.97839999999 -0.4462532521646034 0.6078160607234745 0.3504619877656999 -0.5555124358557842
60873 77453.97839999999 -0.29840769626017577 0.6925127410315376 0.21674955659188244 -0.6199988548690261
60873 77873.97839999999 -0.13546695454058505 0.7418258259092587 0.07206270493787068 -0.6528017423372754
60873 78293.97839999999 0.03426669159254491 0.7533179431627808 -0.07620945915238575 -0.652326596646189
60873 78713.97839999999 0.2022202934376913 0.726458072905616 -0.2205617887833559 -0.6186421571158233
60873 79133.97839999999 0.3599216558396925 0.6626093805309353 -0.35369588789305584 -0.5534477657173863
60873 79553.9784 0.4994103866669283 0.5649451768099174 -0.4688774633846677 -0.4599784095132725
60873 79973.97839999999 -0.6135123912107404 -0.43839727471045165 0.5601755311064046 0.3429486108835924
60873 80393.97839999999 -0.6963338609966979 -0.28939389262699805 0.6228793001044869 0.2083067604303076
60873 80813.97839999999 -0.743574856878393 -0.1255404317238988 0.6537392163203856 0.06293702619017374
60873 81233.97839999999 -0.7527691260600211 0.044784236037959356 0.6511430096486548 -0.0857076194922036
60873 81653.97839999999 -0.7234137649223753 0.21285889733192861 0.615197311076895 -0.22999104980678667
60873 82073.97839999999 -0.6570251257775843 0.37001876477698936 0.5477499925992007 -0.36245557440524534
60873 82493.97839999999 -0.557042875577003 0.5082119687006359 0.45227712794833563 -0.47630791424574526
60873 82913.9784 -0.4286558059753315 0.620359788557716 0.33371624627438484 -0.5657220162913927
60873 83333.97839999999 -0.2784241742485442 0.7007930715754306 0.19811847781847045 -0.626193355739888
60873 83753.97839999999 -0.11413128054187731 0.7454103954271903 0.05251386504922895 -0.6546599782853253
60873 84173.97839999999 0.0558645337541061 0.7520253580658176 -0.09567715514181206 -0.6497560285817938
60873 84593.97839999999 0.22297809922290424 0.7203557788606105 -0.23895595093784303 -0.6117747728048739
60873 85013.97839999999 0.37878105453113486 0.652010749206547 -0.37007515123937473 -0.5426336499725692
60873 85433.97839999999 -0.5153886015019529 -0.5504107559055847 0.48238783032395166 0.4457853411459989
60873 85853.97839999999 -0.6258273710417173 -0.420638277708973 0.5701575927083379 0.3260733973480123
60873 86273.97839999999 -0.7043459975201177 -0.2693180215137511 0.6288170816996101 0.1896143370847648
60874 293.9784 -0.7468693474260825 -0.10417769592341704 0.6553250798642799 0.043384619951095625
60874 713.9784 -0.7511751888786813 0.0663388337318908 0.6482943630435174 -0.10511619094207206
60874 1133.9784 -0.7170129375352714 0.23350385652449918 0.608059122335867 -0.24825893768273954
60874 1553.9784 -0.6461501089115091 0.3886921787361448 0.5366914412240333 -0.37864326728447667
60874 1973.9784 -0.5422595561004506 0.5239554891852087 0.43787124624879104 -0.48958552968706254
60874 2393.9784 -0.4107279548705454 0.6323722011345129 0.3167067631007068 -0.5754170422627604
60874 2813.9784 -0.2582182024406921 0.7084858069563883 0.17933158501119378 -0.6318317844862079
60874 3233.9784 -0.09263214164311874 0.7483814568599015 0.03287098325659217 -0.6559451042752019
60874 3653.9784 0.07755807479824395 0.7500905841309079 -0.11517410191754072 -0.6465939892074712
60874 4073.9784 0.2437390820197616 0.7135883374276215 -0.2572899976035623 -0.6043052223145237
60874 4493.9784 0.3975165318252901 0.6407502056345936 -0.3862786345009951 -0.5312330914324387
60874 4913.9784 -0.5311094139005423 -0.5352477507654568 0.4956081447174953 0.431051276133622
60874 5333.9784 -0.637696064375313 -0.40240701750747704 0.5796957003841614 0.3088125915455688
60874 5753.9784 -0.7117835970706787 -0.24898046434013968 0.6342112223649083 0.17073067897862693
60874 6173.9784 -0.7495357187325875 -0.08277561729155902 0.6563352229883394 0.0238427890749316
60874 6593.9784 -0.748966750438044 0.08773697606554211 0.6448963653614692 -0.12433707296183959
60874 7013.9784 -0.7100522711200051 0.2538481871995773 0.6004315309870806 -0.2662120334044306
60874 7433.9784 -0.6348073661184798 0.4069355156966883 0.5252343745366822 -0.3944007426355191
60874 7853.9784 -0.5270950371182241 0.5392025014452144 0.4231485939129877 -0.5023711294949411
60874 8273.9784 -0.3924851977593957 0.6438537389817277 0.29944366054056115 -0.5845863721479372
60874 8693.9784 -0.2376613754309224 0.7156445270182916 0.16026501069870075 -0.6369341472419211
60874 9113.9784 -0.07042519756690536 0.7507957703525956 0.012643923606396932 -0.6566476482590573
60874 9533.9784 0.10021197213800778 0.7473970076129648 -0.13545015815154923 -0.6426573957468453
60874 9953.9784 0.2655360485231921 0.7057598562369921 -0.2764408311815526 -0.5957970284540545
60874 10373.9784 0.4171214446415041 0.628152789457612 -0.40313350456237207 -0.5185722235292456
60874 10793.9784 -0.5473107825371123 -0.5186567092814985 0.5091300278929254 0.415009325116496
60874 11213.9784 -0.6495749177170173 -0.3829231869950079 0.5891286307130406 0.2904302250260712
60874 11633.9784 -0.7188267699757593 -0.22783159676125178 0.6391693899334009 0.15114009810635717
60874 12053.9784 -0.751600384701557 -0.06116197978362864 0.6567639885959974 0.004139713624774214
60874 12473.9784 -0.7461935516258115 0.10875557898453685 0.6409853388714576 -0.14319637880769942
60874 12893.9784 -0.7027534003637793 0.2733724520908501 0.5925163200657441 -0.28342471870098124
60874 13313.9784 -0.6233211944693395 0.42429881689270327 0.5136674666385158 -0.4093738343200957
60874 13733.9784 -0.5118328363503551 0.5536961560929721 0.40835531779057 -0.5144838664074705
60874 14153.9784 -0.37399273536338196 0.6547604883378363 0.28196935390269706 -0.5932212237156634
60874 14573.9784 -0.21695188591787204 0.7221875257466407 0.14107416921481275 -0.6414632769169051
60874 14993.9784 -0.04883286492013637 0.7525023331528402 -0.007029904029446712 -0.6567390428111917
60874 15413.9784 0.1218834268856767 0.7441605888826676 -0.15485344934985937 -0.6382709905900907
60874 15833.9784 0.2862246131432806 0.6976145315891984 -0.2946090482896392 -0.5870391339701602
60874 16253.9784 0.4359286654499517 0.6152404547188381 -0.4192542734260757 -0.5056394325310819
60874 16673.9784 -0.563217459224825 -0.5013309170245448 0.522312144270681 0.3983006768849696
60874 17093.9784 -0.6615372839397593 -0.3618641373472786 0.5984824504861895 0.27063171380967493
60874 17513.9784 -0.7259254874910378 -0.20408524601386166 0.6439510500903227 0.12926114674538255
60874 17933.9784 -0.7532146938297909 -0.03613772593258748 0.6565204244266127 -0.018510053322881855
60874 18353.9784 -0.7421619433065068 0.13348117347796662 0.6356802234687996 -0.16519406685807925
60874 18773.9784 -0.6934080724040186 0.2962544527126836 0.5825477198201655 -0.3034084680841615
60874 19193.9784 -0.6094258871045681 0.444014531790555 0.4998004829919919 -0.42620495173871
60874 19613.9784 -0.49442480881246226 0.5692901093176583 0.3915785333819735 -0.5273700143715714
60874 20033.9784 -0.35415692535164983 0.6656951051199107 0.26329493687011685 -0.6017463547570671
60874 20453.9784 -0.19569543102190456 0.7282309680863011 0.12142671176783235 -0.6454754132160972
60874 20873.9784 -0.027071512962645785 0.7535925756302694 -0.026809905407233825 -0.6562366890938857
60874 21293.9784 0.14309864852203444 0.74036453619233 -0.17380983873735392 -0.6333824044745625
60874 21713.9784 0.3058268953787749 0.6892374516534217 -0.3117891531899828 -0.5781082677616283
60874 22133.9784 0.4526877367249095 0.6030118489929497 -0.43360017464165307 -0.4933978227999298
60874 22553.9784 -0.5764909206460547 -0.4860165310120637 0.533282643056351 0.3834785164914674
60874 22973.9784 -0.6709625046737042 -0.34408824545142364 0.6057888069368201 0.2538356122655257
60874 23393.9784 -0.7311854170115415 -0.18437592909135994 0.6473406351285139 0.11101128245709123
60874 23813.9784 -0.7539322647832876 -0.015097067158443124 0.6557000924754195 -0.03762455859784498
60874 24233.9784 -0.7379024382814411 0.15530758420380225 0.6303106599364289 -0.18462940675197556
60874 24653.9784 -0.6838973078049553 0.31759118217198745 0.5724853860192171 -0.3219950250829381
60874 25073.9784 -0.5948772465230321 0.46332643159416914 0.4853511463566809 -0.4425877812204547
60874 25493.9784 -0.4756463264182089 0.5850785714719994 0.37356710606564814 -0.540269612910891
60874 25913.9784 -0.3324975702084347 0.6767845440365821 0.2430041442076655 -0.6102106461350727
60874 26333.9784 -0.17277369163036535 0.7340160669666905 0.10034517946128176 -0.6490766594740942
60874 26753.9784 -0.004481690163884632 0.7540708920897198 -0.04725318416094978 -0.6550756755848445
60874 27173.9784 0.16406183602839847 0.7360065249606649 -0.19247734062908597 -0.6279574687179633
60874 27593.9784 0.3245135761116002 0.6806433290707412 -0.328116385420704 -0.5689949341858953
60874 28013.9784 0.46880637747575293 0.5905765897192452 -0.447325993369163 -0.4809774711667269
60874 28433.9784 -0.5895042041227829 -0.4701628717530252 0.5439427307878035 0.3681819834940594
60874 28853.9784 -0.6802305867056762 -0.3254085173937596 0.6128460768064992 0.2362526864620366
60874 29273.9784 -0.7360969330781113 -0.1637151990007265 0.6503095376941938 0.09195729396363872
60874 29693.9784 -0.7540620111937271 0.00651476043284963 0.6542766102582769 -0.05718529915907399
60874 30113.9784 -0.7331546504601049 0.1763829152195875 0.6245159217614648 -0.20335483567840065
60874 30533.9784 -0.6745239093647979 0.3370512938680767 0.5626225088842616 -0.33892452477485957
60874 30953.9784 -0.5813708777166745 0.48017672965028735 0.4719341157717397 -0.4568549017095521
60874 31373.9784 -0.45870895229529624 0.5984635182142646 0.35729176228817466 -0.5511534369409
60874 31793.9784 -0.3129975791886866 0.6860341555759558 0.22470361220076546 -0.617169295630571
60874 32213.9784 -0.15169982170424684 0.7386700657613329 0.080949648042272 -0.651767483482323
60874 32633.9784 0.017108593029514493 0.7538976273636926 -0.06676778057516553 -0.6533664568808318
60874 33053.9784 0.18508537143163578 0.7310082435532819 -0.21112952333166965 -0.6219281932159864
60874 33473.9784 0.3439063926770853 0.6710584435999966 -0.34496115361354596 -0.5589371707505203
60874 33893.9784 0.48557078308877544 0.5768792623592056 -0.46149527922793016 -0.467390028264176
60874 34313.9784 -0.6027708506658104 -0.4530432215688502 0.5546997760032614 0.35174891539287617
60874 34733.9784 -0.6893033791499641 -0.3057429271826391 0.6196272852209241 0.21781676101709813
60874 35153.9784 -0.7405007951193103 -0.1425189925891284 0.6527595480097731 0.0724698672630617
60874 35573.9784 -0.7535693220967385 0.02814754681127719 0.6522697523329803 -0.07671481339768281
60874 35993.9784 -0.7277962066985568 0.19733960799070527 0.6181600974740883 -0.22191857633846682
60874 36413.9784 -0.6645860117220614 0.35625267138958455 0.5522525908675869 -0.3555651037871775
60874 36833.9784 -0.5673796776373471 0.49664048115314013 0.45809432507125586 -0.47072085488283594
60874 37253.9784 -0.4413959470725629 0.611355894169139 0.3407037858410318 -0.5615465420480801
60874 37673.9784 -0.2932506890351381 0.6947152393359106 0.2062172849349409 -0.6235777425541473
60874 38093.9784 -0.13052109912878004 0.7427133374740754 0.06150273757991389 -0.6538796175830164
60874 38513.9784 0.038658899687027855 0.7531054093562763 -0.08619834807938412 -0.651081850969361
60874 38933.9784 0.20592889335771947 0.7254152930532543 -0.22956957598602593 -0.6153566065839567
60874 39353.9784 0.3629914859208279 0.6609329158030399 -0.3614775388586193 -0.5483966182041942
60874 39773.9784 0.5019167996177052 0.5627210290170906 -0.4752376795218319 -0.4534023794888729
60874 40193.9784 -0.6155280631573845 -0.4355632403073816 0.5649537725933829 0.33501806218644004
60874 40613.9784 -0.6978012903475501 -0.2858348110464964 0.6258530153682476 0.19919794963246895
60874 41033.9784 -0.7442910961448416 -0.12120859264563195 0.6546283648664275 0.05292395658567935
60874 41453.9784 -0.7524532824777289 0.04975934443167423 0.6496834682418972 -0.09617409434666287
60874 41873.9784 -0.7218354279912638 0.21813751592155506 0.6112554379888864 -0.24028405809220282
60874 42293.9784 -0.6541032021975771 0.3751518577797196 0.541399701448009 -0.37188230362751507
60874 42713.9784 -0.5529391882289928 0.5126712836820506 0.4438709901086385 -0.4841538527662851
60874 43133.9784 -0.42376382659800427 0.6237134648170475 0.3238568751173717 -0.5714214359928591
60874 43553.9784 -0.2733340383673857 0.7027973374527695 0.1876111885171363 -0.6294175465319203
60874 43973.9784 -0.10932391638110647 0.7461329147935675 0.04207923700610626 -0.655410781557441
60874 44393.9784 0.06008315771741885 0.7517012774743126 -0.10547321183570164 -0.6482365349062418
60874 44813.9784 0.22651763165919075 0.7192514330707697 -0.24773776369977454 -0.6082706133047938
60874 45233.9784 0.3817125029496689 0.6502990629647676 -0.37762460449406265 -0.5374070634814424
60874 45653.9784 -0.5178079770374229 -0.5481331806619858 0.48853217317984493 0.43904581872734466
60874 46073.9784 -0.6277574639089338 -0.4177486345197139 0.5746964815805764 0.3180103754949584
60874 46493.9784 -0.7057163897930292 -0.2657019396837039 0.6315220581910499 0.18040716849380106
60874 46913.9784 -0.7474642913930937 -0.09979872831908738 0.6559166963596322 0.033326181221068014
60874 47333.9784 -0.7507130850819318 0.07133744288793838 0.6465190427374772 -0.1155593376010546
60874 47753.9784 -0.7152832909233784 0.238735521532871 0.6038139428028354 -0.25842578617689044
60874 48173.9784 -0.6431166395977189 0.3936814064975976 0.5301006743209198 -0.3878262666905339
60874 48593.9784 -0.5381334857638673 0.5281870342107827 0.4293377678404687 -0.49709142971591314
60874 49013.9784 -0.40593867507655 0.6354558257391736 0.3068672934506702 -0.5807255374283972
60874 49433.9784 -0.25340458883552247 0.7102211901458094 0.169035844690979 -0.6346643669173315
60874 49853.9784 -0.08828168684414847 0.7489065170144386 0.022836891699012235 -0.6563717307431678
60874 50273.9784 0.08121593206948156 0.749701661739673 -0.12444883305137225 -0.6448750876836614
60874 50693.9784 0.24671299824128723 0.7125618657603083 -0.2655223591229155 -0.6007380134208125
60874 51113.9784 0.39996865381014357 0.6392151238374352 -0.39332892138909853 -0.5260432121277513
60874 51533.9784 -0.533183937002022 -0.5331736795385753 0.5013366200194339 0.4243846253079983
60874 51953.9784 -0.6394273308096622 -0.39964665628748103 0.583909074889678 0.300774718008923
60874 52373.9784 -0.7130316954250367 -0.24538012261112624 0.6366299329721995 0.16148289442061345
60874 52793.9784 -0.7500111843844579 -0.07832379824807582 0.6566281952296354 0.013712007719119276
60874 53213.9784 -0.7483479985311612 0.0928367382098271 0.6427889004066113 -0.13482968014137212
60874 53633.9784 -0.7081706600262941 0.2590397424130658 0.5958787728039597 -0.27626294766063414
60874 54053.9784 -0.6316999752510133 0.41173257283393694 0.5184361418745619 -0.40330558703498665
60874 54473.9784 -0.5230692559013965 0.5430964961190483 0.4146021560251135 -0.5094603042959279
60874 54893.9784 -0.38803599500401764 0.6465330054125039 0.28984227256294337 -0.5894188633977248
60874 55313.9784 -0.23356152575256603 0.7169827806691397 0.15056677372122418 -0.6393077135177264
60874 55733.9784 -0.06744527634347593 0.7510594509601353 0.0038058155727909724 -0.6567696335780441
60874 56153.9784 0.10206659723005045 0.7471350078543001 -0.1431418006080976 -0.6410008694901321
60874 56573.9784 0.2665784735495184 0.7053545325683254 -0.28297087512439195 -0.5927380405007456
60874 56993.9784 0.4178547166174425 0.6276555349558745 -0.4086460192282759 -0.5142512967496491
60874 57413.9784 -0.5481335595459162 -0.5177804886992425 0.5137014668338676 0.40934553789510136
60874 57833.9784 -0.6505968052450415 -0.38117725969211275 0.5926235970771475 0.2832401205442121
60874 58253.9784 -0.719774044232446 -0.2248045432039256 0.6411844872472624 0.1423751941793532
60874 58673.9784 -0.7519386829786577 -0.05676177128711048 0.6567580706968458 -0.00592915974048971
60874 59093.9784 -0.7453718993735677 0.11420187436515046 0.6385021315804932 -0.15392755270871092
60874 59513.9784 -0.7004499471060098 0.2792035953759206 0.5873929861168912 -0.29391274859901695
60874 59933.9784 -0.6196241425652248 0.4296712676031741 0.506178330526325 -0.41860724008570865
60874 60353.9784 -0.507249910031545 0.5578900092595579 0.39919505212468237 -0.5216316484843805
60874 60773.9784 -0.3692816211763452 0.6574215111159429 0.2720705362087841 -0.5978341444836228
60874 61193.9784 -0.21283080369060198 0.7234057866967573 0.13133894555138792 -0.6435349238040682
60874 61613.9784 -0.045794985584016644 0.7526860532064658 -0.015893102865529106 -0.6565926696858098
60874 62033.9784 0.12353273761023614 0.7438802807808106 -0.16230154704989602 -0.636427528025928
60874 62453.9784 0.2867652590505149 0.6973847863644387 -0.3006060136741121 -0.5840001459692257
60874 62873.9784 0.4357236421756217 0.6153788059993271 -0.42385506746760854 -0.5017974836107512
60874 63293.9784 -0.5627697742147987 -0.5018296238412915 0.525706373153184 0.39381470146714626
60874 63713.9784 -0.6612535313490511 -0.3623768791562909 0.6008106127664474 0.2654305414200909
60874 64133.9784 -0.7259123504845281 -0.20411813868206852 0.645142328511602 0.12320073391674119
60874 64553.9784 -0.753252284281217 -0.0352416829766138 0.6562920876520202 -0.02548952120887131
60874 64973.9784 -0.7418004226247014 0.13544917557730157 0.6336426798761582 -0.1728658672746138
60874 65393.9784 -0.6921721559988728 0.29912222293598817 0.5783820925223933 -0.3112840459373445
60874 65813.97839999999 -0.6070496651701982 0.44725639713545756 0.49346118577630477 -0.43353024966016307
60874 66233.97839999999 -0.4910072603001568 0.572244729310908 0.38340362894281543 -0.5333380704786596
60874 66653.97839999999 -0.3501869991203058 0.6677996831279669 0.2540039929700573 -0.6057182681879166
60874 67073.97839999999 -0.1918520698467917 0.7292606890037108 0.11191861972398412 -0.6471830137823558
60874 67493.97839999999 -0.024003745210106515 0.7537032787090222 -0.035670687901509165 -0.6558069761018034
60874 67913.97839999999 0.145017884525137 0.7399971266974675 -0.18141319089493257 -0.6312395106587237
60874 68333.97839999999 0.3068323311054026 0.6887966394664987 -0.3180632089256506 -0.5746728679657677
60874 68753.9784 0.45333179026106113 0.6025340292070076 -0.43875210445178126 -0.48881450717568037
60874 69173.97839999999 -0.5770140891134918 -0.4854022618211773 0.5372772803899523 0.37785249656471653
60874 69593.97839999999 -0.6714099270819092 -0.34322474200186087 0.6084715095506494 0.24732146764641227
60874 70013.97839999999 -0.7314783703907635 -0.18322850029469057 0.6485183800782014 0.10387791406731803
60874 70433.97839999999 -0.7539629925445718 -0.013675600442563175 0.655228073633448 -0.04504392687555239
60874 70853.97839999999 -0.7376329043104355 0.15660060745923765 0.6282038140173716 -0.1916609409242723
60874 71273.97839999999 -0.6833379354828962 0.318803062108613 0.5688421677603661 -0.3283785341611606
60874 71693.97839999999 -0.5939845365976579 0.46448016194751607 0.480290805190614 -0.44806393727840504
60874 72113.9784 -0.4743562280960386 0.5861341497953237 0.3672552300566744 -0.5445700352628953
60874 72533.97839999999 -0.3307827265897277 0.6776330389537802 0.2356871996181957 -0.6130642676296367
60874 72953.97839999999 -0.17067445217316637 0.7345154037852676 0.09236144898646549 -0.6502512712165008
60874 73373.97839999999 -0.002133884715876305 0.7540887777160084 -0.05546576705332999 -0.6544227307665755
60874 73793.97839999999 0.16645237834634866 0.7354764141257845 -0.20042104253471604 -0.6254593957379002
60874 74213.97839999999 0.32671595282163485 0.6795952694760875 -0.33529373693569753 -0.564787628980372
60874 74633.97839999999 0.4706274797544775 0.5891332671478082 -0.4533051339790904 -0.4753380106281184
60874 75053.97839999999 -0.5908273344766495 -0.46850814917417694 0.5484036704621608 0.36149217033877
60874 75473.97839999999 -0.6810406838509689 -0.32372577908923167 0.6156094811918982 0.22893268346725132
60874 75893.9784 -0.736454692635989 -0.1621321274818687 0.6513236181390711 0.08441091983187574
60874 76313.97839999999 -0.7540548871088397 0.007947975218792109 0.6535784172271843 -0.06460115673890751
60874 76733.97839999999 -0.732844469686228 0.17769409214301693 0.6221874433516671 -0.21034870620780247
60874 77153.97839999999 -0.6739284408958177 0.3382537233887663 0.5587803908799975 -0.3452091394116985
60874 77573.97839999999 -0.580455508314433 0.4812932821834904 0.46671365474507864 -0.46217587979790514
60874 77993.97839999999 -0.45741670359239406 0.5994613587408644 0.35086991979606935 -0.555253399839681
60874 78413.97839999999 -0.31130352729720995 0.6868130023228869 0.21733496508372235 -0.6197931321695931
60874 78833.97839999999 -0.14964298316053767 0.7390976830241757 0.07297291880343636 -0.6526994297993658
