CIC_MEM_VERS = 1.0
CREATION_DATE = 2025-07-09T08:15:39.241332
ORIGINATOR = CS Group

META_START
OBJECT_NAME = Sat
OBJECT_ID = Sat
USER_DEFINED_PROTOCOL = NONE
USER_DEFINED_CONTENT = LLA
USER_DEFINED_SIZE = 3.0
USER_DEFINED_TYPE = REAL
USER_DEFINED_UNIT = [deg] [km]
TIME_SYSTEM = UTC
META_STOP

60864 84480.756192 0.12347764291572902 103.28965139834085 488.5548454577514
60864 84780.756192 19.136542240589602 100.67260397879753 487.1825090897019
60864 85080.756192 38.073344882830185 97.3514550037057 488.54098256264285
60864 85380.756192 56.7933736983905 91.62966967915904 490.8966078944201
60864 85680.756192 74.66529991732976 74.40543140835355 492.13077655655223
60864 85980.756192 80.58243489946993 -23.606774643074665 490.7773746428141
60864 86280.756192 64.24765498505504 -60.720178919151564 486.95306009912326
60865 180.756192 45.68125574520491 -68.86641063974669 481.7673996521173
60865 480.756192 26.757936057726617 -72.83339701228745 477.2898655786498
60865 780.756192 7.70255354816676 -75.6356712055878 476.08063884603627
60865 1080.756192 -11.376279944621777 -78.18841605708649 479.35486569635725
60865 1380.756192 -30.38176177096289 -81.11452772635201 486.5964287379919
60865 1680.756192 -49.20312902050962 -85.48976427089396 495.8470033600831
60865 1980.756192 -67.55682083239454 -95.37272295941759 504.04391851763506
60865 2280.756192 -82.12178512431626 -150.02052367711536 508.80621507585226
60865 2580.756192 -71.73041955474834 127.03742551231271 508.8882871472005
60865 2880.756192 -53.66047525462601 113.74445425454299 504.7476700441298
60865 3180.756192 -34.95450752239417 108.68231016984842 498.2759423638852
60865 3480.756192 -16.03945438671491 105.5523860341559 492.02660018596333
60865 3780.756192 2.9659258901790184 102.97776376702242 488.08937596342196
60865 4080.756192 21.97357383743048 100.30813224405065 487.37954995000007
60865 4380.756192 40.88835752977314 96.78577487770455 489.18915312035386
60865 4680.756192 59.549166817032216 90.34693643469554 491.636068455129
60865 4980.756192 77.05205815341643 68.16446868148657 492.62706315268383
60865 5280.756192 78.66419449054192 -35.20204212660165 490.8614148243325
60865 5580.756192 61.527595918919246 -62.455846376833996 486.4622269062331
60865 5880.756192 42.87697293127395 -69.53228361413353 480.9670794221252
60865 6180.756192 23.92525221802868 -73.22824889527148 476.82083270196296
60865 6480.756192 4.859899758341954 -75.95130139176362 476.21821272495487
60865 6780.756192 -14.214453523636752 -78.51844205360767 480.1499236361881
60865 7080.756192 -33.20067541983792 -81.56785408771321 487.820754291453
60865 7380.756192 -51.98105045492358 -86.35081040944209 497.06394272814
60865 7680.756192 -70.18880582538438 -98.17900504478528 504.9408378149053
60865 7980.756192 -82.42563716726114 -170.94016389618002 509.1033063583635
60865 8280.756192 -69.13428443428401 123.77839884915183 508.5488198721309
60865 8580.756192 -50.89393438785494 112.8143113885333 503.97019278658564
60865 8880.756192 -32.14570856097902 108.20949049656737 497.41259623933973
60865 9180.756192 -13.211990128642285 105.21742806007322 491.43994801304285
60865 9480.756192 5.798205525818395 102.6658931255524 488.0024176432996
60865 9780.756192 24.797328908613345 99.92907594376314 487.73536397009656
60865 10080.756192 43.687272443129146 96.16896738348656 489.7315445621269
60865 10380.756192 62.278247531261094 88.83503753501205 492.021303170107
60865 10680.756192 79.21811475046432 59.33182863747533 492.5855275723375
60865 10980.756192 76.42921189124867 -43.23375587248195 490.31071175310035
60865 11280.756192 58.789619827778985 -63.90326144984366 490.18619688213147
60865 11580.756192 40.09770019351866 -70.12966246982738 488.7223570855704
60865 11880.756192 21.173929319662722 -73.59141927154526 486.1745357861993
60865 12180.756192 2.163097415872032 -76.24422768432534 485.94182511077264
60865 12480.756192 -16.863094483201237 -78.83039136922265 486.89386740189565
60865 12780.756192 -35.807876007164 -82.01180714463072 491.0070374239886
60865 13080.756192 -54.5448022505258 -87.24885213596055 496.0581777407569
60865 13380.756192 -72.59408020005537 -101.53180323485132 499.634012138515
60865 13680.756192 -81.78173776876253 170.09755574019863 499.92395900151314
60865 13980.756192 -66.5669091908544 121.29833757838776 496.5051837343887
60865 14280.756192 -48.134974143861285 111.99927850040032 490.5264368200705
60865 14580.756192 -29.2752010375522 107.75798374154702 483.5404232733311
60865 14880.756192 -10.257583509817941 104.87435997210643 479.7768211895211
60865 15180.756192 8.809424720763792 102.32633453842996 479.9861652396319
60865 15480.756192 27.830519595123384 99.49446461895002 484.2025818785634
60865 15780.756192 46.70373212634509 95.42396181087767 489.3077734702123
60865 16080.756192 65.19350444795226 86.85035716400336 495.9876720196154
60865 16380.756192 81.11329383664763 45.56275533348525 500.28120922894095
60865 16680.756192 73.88834839309605 -49.16863349106071 500.8348420565636
60865 16980.756192 55.97034736479958 -65.1571346616381 497.8942870353251
60865 17280.756192 37.26773645596337 -70.68443696511439 493.15323609144826
60865 17580.756192 18.343657531990385 -73.95004158093741 488.98891752847265
60865 17880.756192 -0.6694188322436244 -76.55373068196472 487.3118378820837
60865 18180.756192 -19.68452305464633 -79.17898254595548 488.6337106363018
60865 18480.756192 -38.6003806595549 -82.53097387244019 493.4454550837535
60865 18780.756192 -57.27668714056799 -88.35671482318754 498.6826068554121
60865 19080.756192 -75.05372675261836 -106.21554674465003 501.9079696092907
60865 19380.756192 -80.34808023908246 154.73914152863847 501.4776370823849
60865 19680.756192 -63.93203869123712 119.27197473873983 497.21808990402906
60865 19980.756192 -45.40631254691544 111.28280298025241 490.53664394841553
60865 20280.756192 -26.526934305461896 107.35438019397112 485.8637205962941
60865 20580.756192 -7.5228298172259365 104.56766929311152 485.46657873172984
60865 20880.756192 11.510092368077377 102.02212129041396 486.26000934336287
60865 21180.756192 30.501321219237674 99.09488493029562 486.20940539991966
60865 21480.756192 49.34903212826428 94.69777683941633 487.2421703974304
60865 21780.756192 67.75959462353461 84.67066266324757 485.6463484480719
60865 22080.756192 82.21118383407092 27.94049318812325 487.80254856767664
60865 22380.756192 71.33344578857701 -53.319469431844276 491.9515179362597
60865 22680.756192 53.13713284838932 -66.2308841144319 487.2147546856907
60865 22980.756192 34.34155042358475 -71.2122177333898 485.539281028229
60865 23280.756192 15.355973766414607 -74.31759263150076 480.55263237798897
60865 23580.756192 -3.7084261846795163 -76.89160184322931 478.9871091495889
60865 23880.756192 -22.75581341073099 -79.58219529700303 481.66708681096
60865 24180.756192 -41.68615343574696 -83.16935895487133 487.84964535808564
60865 24480.756192 -60.343875190854554 -89.84652407874235 489.52041789614566
60865 24780.756192 -77.70941312480872 -113.84586645525205 495.1660631636996
60865 25080.756192 -78.06650056592817 142.44446465892935 497.85011556634976
60865 25380.756192 -60.81311300442971 117.34331396448191 497.17765400619214
60865 25680.756192 -42.21064525359461 110.52743180396394 494.3412005583711
60865 25980.756192 -23.331534978996707 106.90380851294157 491.4442082430858
60865 26280.756192 -4.345561141017057 104.20760374173372 490.51351623966934
60865 26580.756192 14.653263731675974 101.64831872601788 492.5388300407579
60865 26880.756192 33.5781635371073 98.59030810121199 496.9069764902527
60865 27180.756192 52.31554687796242 93.76198627403987 501.7975596409654
60865 27480.756192 70.4923102148 81.67572982174956 504.8100006746625
60865 27780.756192 82.3950672514995 6.703702974027811 504.1007187747168
60865 28080.756192 68.77879714653658 -56.39018301231666 499.2015651014653
60865 28380.756192 50.45879892712047 -67.10587771802929 491.2974496529181
60865 28680.756192 31.626210744913532 -71.65919702668951 482.52969794553536
60865 28980.756192 12.606760163455759 -74.6388017273587 476.38080192930886
60865 29280.756192 -6.484481720303862 -77.19701640451738 474.45830413102385
60865 29580.756192 -25.548778163063115 -79.9627601190091 477.2366302471592
60865 29880.756192 -44.47887524053616 -83.80494117137147 483.387537968584
60865 30180.756192 -63.0731793101062 -91.44925399015887 487.3714833972666
60865 30480.756192 -79.81133817790378 -123.83373009824214 488.008087092881
60865 30780.756192 -75.69675196546584 135.00442398395725 485.2798622806747
60865 31080.756192 -57.91664683553744 115.89207574139304 481.15289524582636
60865 31380.756192 -39.15743305798032 109.8861463838442 476.5972195579812
60865 31680.756192 -20.157816480016756 106.4823380676293 474.2232252128522
60865 31980.756192 -1.07484424930284 103.83954354822498 475.9630250094263
60865 32280.756192 17.98939643761948 101.23386275620824 482.31270732880597
60865 32580.756192 36.93708903018698 97.98488635805852 491.9864446282981
60865 32880.756192 55.63639597726836 92.53012578814506 502.3519124276378
60865 33180.756192 73.55051005467271 77.0350090379784 510.45450303248117
60865 33480.756192 81.3387732011746 -15.803342364992174 514.0413994629315
60865 33780.756192 65.69691796535437 -59.21162957703415 512.4036657751516
60865 34080.756192 47.31816932076355 -68.01377081435479 506.5621631621591
60865 34380.756192 28.540194339707032 -72.14063113913502 498.8098646973082
60865 34680.756192 9.595835771605953 -74.98734714683303 491.7748044888876
60865 34980.756192 -9.416508424005125 -77.52781332462418 487.41459503471566
60865 35280.756192 -28.408918341854303 -80.37645838530266 486.2097127613904
60865 35580.756192 -47.27651233085959 -84.51400405320682 487.1537606645145
60865 35880.756192 -65.7717809258104 -93.39051047767127 488.32306873999585
60865 36180.756192 -81.44286373022194 -138.02105270491688 487.8999152347826
60865 36480.756192 -73.22895264202124 129.84670354371087 485.15702297789073
60865 36780.756192 -55.15988228647413 114.7325837251082 480.8044901271238
60865 37080.756192 -36.34866915875437 109.35506210873557 475.9505898987717
60865 37380.756192 -17.32761854117185 106.13067360818299 473.624899296848
60865 37680.756192 1.763013489880431 103.5298816063443 475.6489309259488
60865 37980.756192 20.822551550504595 100.87709979293166 482.30859241734385
60865 38280.756192 39.75116495486111 97.439942130478 492.1217914446112
60865 38580.756192 58.3990195851812 91.32954683455765 502.318042573355
60865 38880.756192 76.00792505922836 71.63226277443796 510.00406221209
60865 39180.756192 79.6472922320792 -29.68628208291513 513.0917674655768
60865 39480.756192 62.9753539298247 -61.14916717735537 511.1098393547276
60865 39780.756192 44.499650480684664 -68.72566112006989 505.26859939964345
60865 40080.756192 25.688696527268718 -72.55190385171731 497.936124003682
60865 40380.756192 6.731339393880825 -75.30839695942079 491.6370683375135
60865 40680.756192 -12.278689435236553 -77.85513813032536 488.11429878648994
60865 40980.756192 -31.253282033851715 -80.81341621898264 487.55950250448495
60865 41280.756192 -50.08131245767668 -85.31263940784395 488.74446862823237
60865 41580.756192 -68.45086609410359 -95.80962526588507 489.694940187704
60865 41880.756192 -82.35321377954102 -157.14966413952908 488.7051222763926
60865 42180.756192 -70.66016595892594 126.01286732490459 485.2760191514229
60865 42480.756192 -52.38785143970504 113.7299106921418 480.53558837068226
60865 42780.756192 -33.53296633471888 108.86469872644116 475.40624509546393
60865 43080.756192 -14.493386760370568 105.79132025066981 473.13585225515334
60865 43380.756192 4.602769909608138 103.21912779877388 475.4209562807858
60865 43680.756192 23.655679410226515 100.50461271109114 482.3271147350107
60865 43980.756192 42.56264124756721 96.84387900324957 492.1931382520306
60865 44280.756192 61.14869316439343 89.91513103911751 502.1263858804242
60865 44580.756192 78.29630750662044 64.04937068921208 509.3289016102613
60865 44880.756192 77.52871869553019 -39.31835603839299 511.90630087169006
60865 45180.756192 60.22394047524382 -62.74929032336372 509.6235061544961
60865 45480.756192 41.668666523591305 -69.36849706412443 503.8730152409476
60865 45780.756192 22.82788936645767 -72.94251486509859 497.0724487861465
60865 46080.756192 3.8595979500468647 -75.62598285161843 491.61615566957187
60865 46380.756192 -15.145756486710345 -78.19183429895153 488.99029689660824
60865 46680.756192 -34.09947789513174 -81.28199739708022 489.0980673669469
60865 46980.756192 -52.88170900760092 -86.21859816715389 490.516265336162
60865 47280.756192 -71.08567431072531 -98.8899333578594 491.23087909631516
60865 47580.756192 -82.27137409937882 -178.43007676818897 489.6608465260169
60865 47880.756192 -68.02611122639476 123.06739250465309 485.52447420411613
60865 48180.756192 -49.60646017590972 112.85146115979995 480.4832142818747
60865 48480.756192 -30.715154373869638 108.40813144499239 475.05986947917563
60865 48780.756192 -11.660079297813919 105.46148906304346 472.7896196116392
60865 49080.756192 7.439477229531798 102.90513401639357 475.2414299458349
60865 49380.756192 26.48409634530528 100.1130462815361 482.2753088044985
60865 49680.756192 45.36702597541141 96.18650575191462 492.07763812191956
60865 49980.756192 63.87787214029196 88.22183822935791 501.64623273254745
60865 50280.756192 80.29137405490339 53.11690191180099 508.3266354564219
60865 50580.756192 75.1639065944491 -46.054824141350856 510.4236309098658
60865 50880.756192 57.45029824675593 -64.09595314715406 507.93088069844134
60865 51180.756192 38.82786352782011 -69.95504682105627 502.40056183939373
60865 51480.756192 19.960011110535923 -73.31683655904118 496.2559343671182
60865 51780.756192 0.9828807343885043 -75.94280622427877 491.72842288920526
60865 52080.756192 -18.015383084906837 -78.54071539786842 490.03594104760174
60865 52380.756192 -36.94509769722256 -81.788095283018 490.80871630663506
60865 52680.756192 -55.674214957321674 -87.25786787497236 492.4400789421674
60865 52980.756192 -73.652399284542 -102.92844293692258 492.8924469519553
60865 53280.756192 -81.22402028160684 163.11862870568555 490.7279048441629
60865 53580.756192 -65.34815127170445 120.73825045261778 485.8670016974897
60865 53880.756192 -46.816589840088426 112.07216489740009 480.41269582670174
60865 54180.756192 -27.89397802474513 107.97928449633133 474.83304735344905
60865 54480.756192 -8.826283241085358 105.13834447028334 472.6821385615129
60865 54780.756192 10.273573278201075 102.58541464215614 475.3721943734753
60865 55080.756192 29.306267644975605 99.69822581964353 482.55476838174656
60865 55380.756192 48.15966112849735 95.45472087704293 492.29797219635293
60865 55680.756192 66.57306731425791 86.15760949825955 501.47327603100445
60865 55980.756192 81.77050116381312 37.54763420544913 507.5906799813475
60865 56280.756192 72.66270878896565 -50.89458968175772 509.16244332981194
60865 56580.756192 54.673386620639924 -65.23820927806527 506.4149830060872
60865 56880.756192 35.99495046540364 -70.4888029768138 501.0517285306189
60865 57180.756192 17.1033277955356 -73.67313306015642 495.4961863595991
60865 57480.756192 -1.880777339945282 -76.25643399929052 491.81271321240297
60865 57780.756192 -20.87069473668512 -78.90016757091635 490.95227120641385
60865 58080.756192 -39.77508726581981 -82.33423617047066 492.2917776603901
60865 58380.756192 -58.444508557009286 -88.4595069080476 494.05199929460014
60865 58680.756192 -76.10439953851531 -108.38643764514788 494.198114743354
60865 58980.756192 -79.49960831162323 149.6606101247913 491.4593594998698
60865 59280.756192 -62.643145564391055 118.85695853451037 485.99600741021317
60865 59580.756192 -44.02352520378544 111.37759288411667 480.16589128658364
60865 59880.756192 -25.073027766197637 107.57675909198143 474.5830822173587
60865 60180.756192 -5.9946508372153255 104.82265928081969 472.67813078151397
60865 60480.756192 13.10336930613893 102.26088459634246 475.67423545616987
60865 60780.756192 32.12154655506916 99.25914820892802 482.9989406091121
60865 61080.756192 50.940449384971615 94.63575651096153 492.6455801853858
60865 61380.756192 69.22697612788045 83.58775836139712 501.3473135763438
60865 61680.756192 82.43663803336598 17.456204862770875 506.8201376121983
60865 61980.756192 70.07569999157896 -54.505818355410966 507.8138325418537
60865 62280.756192 51.88930763245021 -66.22240971660206 504.7950579982125
60865 62580.756192 33.16213223317085 -70.9784041481248 499.61794165869424
60865 62880.756192 14.248872712552133 -74.01439983798892 494.68749286050524
60865 63180.756192 -4.740551282489897 -76.56923722125315 491.8871696921291
60865 63480.756192 -23.720322236024824 -79.27414381989296 491.88668626961675
60865 63780.756192 -42.59664531547381 -82.93098974450356 493.7843569105051
60865 64080.756192 -61.195393661880956 -89.87493100034429 495.645074359138
60865 64380.756192 -78.37800096023466 -116.04138130916739 495.4701355751887
60865 64680.756192 -77.37353593456824 140.34804969114532 492.1731323392466
60865 64980.756192 -59.91805847682199 117.3072373035555 486.1494625104395
60865 65280.756192 -41.228187561328824 110.75447068438797 479.9356263560563
60865 65580.756192 -22.253702691453412 107.19780171640258 474.4290526076632
60865 65880.756192 -3.167334704736687 104.51318139297507 472.8456355458592
60865 66180.756192 15.926004623210249 101.92954782279388 476.20313023498596
60865 66480.756192 34.92629089121549 98.7907667248128 483.6917116628918
60865 66780.756192 53.70432601029369 93.70924473151959 493.2209170772195
60865 67080.756192 71.82033232285134 80.3085234999172 501.4065936275449
60865 67380.756192 82.08942614630924 -3.3968399296800325 506.1820319618566
60865 67680.756192 67.44002753493982 -57.28542279776806 506.55892395514934
60865 67980.756192 49.10745471155903 -67.08087948812711 503.24237406016573
60865 68280.756192 30.337788263339306 -71.43149139943169 498.21293785994095
60865 68580.756192 11.404919852597958 -74.3441906646329 493.83556793865375
60865 68880.756192 -7.58882750266022 -76.88419292074882 491.81992564718814
60865 69180.756192 -26.55800411550566 -79.66715015975515 492.547103917258
60865 69480.756192 -45.40501767736132 -83.59009300228766 494.8682235809673
60865 69780.756192 -63.92066081740018 -91.57175250342718 496.74397730862773
60865 70080.756192 -80.35043877093165 -127.06746014544831 496.2381206827522
60865 70380.756192 -75.01459549173278 133.82125290297395 492.4558510398176
60865 70680.756192 -57.17331820959353 116.00340622368769 486.0380034623611
60865 70980.756192 -38.42838954583462 110.18794428461115 480.06536674090177
60865 71280.756192 -19.434805975690864 106.83614596686479 474.5750226629794
60865 71580.756192 -0.34348566835652 104.205155206322 473.1766652525975
60865 71880.756192 18.743117351693453 101.58585454921896 476.698715385319
60865 72180.756192 37.723929919575276 98.28273381952947 484.13968343546935
60865 72480.756192 56.45590077300538 92.63980672266108 493.39614873808
60865 72780.756192 74.33670573032082 75.96814463071544 500.9254247008455
60865 73080.756192 80.8423125772183 -20.52847569103171 504.94385641119493
60865 73380.756192 64.75586506581126 -59.49537788869212 504.732206267387
60865 73680.756192 46.307442711927656 -67.8425994700855 501.2193157344822
60865 73980.756192 27.49787868002414 -71.8573937073772 496.4866320273461
60865 74280.756192 8.545974220920439 -74.66860529687844 492.8321361773165
60865 74580.756192 -10.451058808849137 -77.20731082236577 491.73426543823484
60865 74880.756192 -29.40756763348184 -80.08735552907373 493.28922553043753
60865 75180.756192 -48.22057795216464 -84.33080975454047 496.1198999880936
60865 75480.756192 -66.63063027205786 -93.6590745849681 498.0848317209725
60865 75780.756192 -81.80993057066478 -142.8545686819354 497.31736163359926
60865 76080.756192 -72.50849895353055 129.08320407784987 493.1129202457637
60865 76380.756192 -54.4080539821345 114.88691213940045 486.28450522914926
60865 76680.756192 -35.619745850308234 109.66732984684354 480.6779525018875
60865 76980.756192 -16.612363228635264 106.48808997975891 475.20221265172154
60865 77280.756192 2.4797626972409668 103.89642142669327 473.91259679991504
60865 77580.756192 21.55622996243576 101.22733665429472 477.4382782041677
60865 77880.756192 40.514478113680006 97.72872063813149 484.62502142505525
60865 78180.756192 59.19198744371009 91.39243967766159 493.56710135639224
60865 78480.756192 76.73054885760085 70.03964625984779 500.1600949326606
60865 78780.756192 78.99752737401552 -32.77474004001429 503.1980603935843
60865 79080.756192 62.03855498831461 -61.29395624217205 502.25380128462444
60865 79380.756192 43.49337673624764 -68.52597961858388 498.4874241759073
60865 79680.756192 24.643898821521784 -72.2609743657976 494.07289186441136
60865 79980.756192 5.6711619064647865 -74.98980093965098 491.2246124322498
60865 80280.756192 -13.330515535880284 -77.54065056018534 491.1770985297444
60865 80580.756192 -32.274520494367046 -80.53969419942646 493.71777315619823
60865 80880.756192 -51.04992624354942 -85.17270184174967 497.2326773062593
60865 81180.756192 -69.32343895882602 -96.2946817209759 499.4807483113374
60865 81480.756192 -82.44196096446903 -163.31760626713316 498.65717276971486
60865 81780.756192 -69.8972790410923 125.51207714425884 494.2361961106369
60865 82080.756192 -51.61606959362782 113.91423086366378 487.1283346873394
60865 82380.756192 -32.79588680738966 109.18400237771101 482.1755284248574
60865 82680.756192 -13.782097474157606 106.1508008941285 476.78211034534036
60865 82980.756192 5.304108097180705 103.5856450816788 475.5202309673696
60865 83280.756192 24.364410138898194 100.85240463717167 478.85446810117355
60865 83580.756192 43.29431973812298 97.1226628215001 485.59482449715114
60865 83880.756192 61.91623724985825 89.91536833875585 488.78359171213015
60865 84180.756192 78.96828901298589 61.460566511638724 489.6557630322609
60865 84480.756192 76.70980686955677 -41.550146128775374 489.4520743527184
60865 84780.756192 59.121594916925766 -62.87972423928984 487.2079124232671
60865 85080.756192 40.42470253842514 -69.20125653112052 484.0210463247396
60865 85380.756192 21.47714080290342 -72.6919390338824 482.08480345264604
60865 85680.756192 2.439948015254438 -75.35480104716312 483.28202057397834
60865 85980.756192 -16.589091078322625 -77.93852453746483 488.23698001322543
60865 86280.756192 -35.51749312142756 -81.10144207953378 495.9818010314449
60866 180.756192 -54.22348239008409 -86.26990561530776 504.0457858578118
60866 480.756192 -72.2519128266535 -100.13487344234112 509.80486178737726
60866 780.756192 -81.94354286882923 173.8334847991159 511.1937416334094
60866 1080.756192 -67.03972150905295 122.57839038843555 507.65298830490326
60866 1380.756192 -48.68532745714135 113.02073599110422 500.3266466328808
60866 1680.756192 -29.884730136752278 108.71860854266521 491.6432204771202
60866 1980.756192 -10.905052481712628 105.8162573652867 484.25809049971394
60866 2280.756192 8.148023288032087 103.26846379930751 480.3921570709825
60866 2580.756192 27.18069687383593 100.45587675258639 480.51512802578316
60866 2880.756192 46.08617866613443 96.44793370178611 483.52010868849794
60866 3180.756192 64.63517205580578 88.1263432912225 487.2616541876388
60866 3480.756192 80.82031583883362 49.239643412962906 489.4767802482789
60866 3780.756192 74.29984910588206 -47.48262740598209 485.0861323944028
60866 4080.756192 56.344694432493604 -64.13627234406681 481.84335985551
60866 4380.756192 37.56216950366344 -69.76721125595593 478.00112968440413
60866 4680.756192 18.562130038230396 -73.06432059225337 476.35494266187106
60866 4980.756192 -0.5101746249339205 -75.68025402767145 478.6741671369368
60866 5280.756192 -19.555404306735042 -78.30844127690902 485.2835372805274
60866 5580.756192 -38.47688754184846 -81.6543535982119 494.81505159791163
60866 5880.756192 -57.13551855953485 -87.44454584130823 504.54571280238065
60866 6180.756192 -74.88995042359896 -105.00677892407853 511.6402098445278
60866 6480.756192 -80.4985416587688 156.79091217987516 514.0242571826593
60866 6780.756192 -64.24020370800962 120.3547091699775 511.2221866573759
60866 7080.756192 -45.80174250476758 112.24746125658265 504.45926794149705
60866 7380.756192 -26.995578328068685 108.28736118710354 496.1657389150665
60866 7680.756192 -8.030249662528332 105.48999022033763 488.973152073242
60866 7980.756192 10.99716275492206 102.94553864747422 484.81860313047633
60866 8280.756192 29.99646797586335 100.03613324517319 484.04805791258565
60866 8580.756192 48.85762502338123 95.70071180321692 485.51637490207133
60866 8880.756192 67.2977837286492 85.95731563587952 487.21724184988193
60866 9180.756192 82.07321151178328 32.23874648602431 487.3145789642111
60866 9480.756192 71.77186358677226 -51.82358568206159 484.9337818951827
60866 9780.756192 53.578071215632626 -65.2070654994256 481.1736276300071
60866 10080.756192 34.74651325081087 -70.27784711541157 477.16006028062293
60866 10380.756192 15.72557029050404 -73.41101091943781 475.7129074140827
60866 10680.756192 -3.3533538785167023 -75.99150867725253 478.4784636852871
60866 10980.756192 -22.392000278200296 -78.67371873162678 485.54497500888095
60866 11280.756192 -41.29145517763505 -82.22511807155318 495.32406997008565
60866 11580.756192 -59.891079908837185 -88.750643664468 504.95144169312067
60866 11880.756192 -77.26521193936813 -111.44635256361536 511.6542514928536
60866 12180.756192 -78.55591176467861 145.37799297154845 513.538968765655
60866 12480.756192 -61.51217581444818 118.61290405301202 510.3601856021976
60866 12780.756192 -42.98945210191858 111.5755876366021 503.53326658834936
60866 13080.756192 -24.154014286475352 107.88897179234405 495.5655411954236
60866 13380.756192 -5.177890931178844 105.17275772341698 488.9980521580808
60866 13680.756192 13.845900396980124 102.61587717240685 485.5322659983235
60866 13980.756192 32.82674724790842 99.58637996877994 485.2567837383703
60866 14280.756192 51.647007995900815 94.8521882235045 486.8456870327801
60866 14580.756192 69.94411126945654 83.21178845926285 488.2607314028538
60866 14880.756192 82.43927008769289 11.354849269175512 487.7833604053556
60866 15180.756192 69.17052207544408 -55.108708454870744 484.8704871476217
60866 15480.756192 50.805282294870175 -66.13765883737884 480.7057210692653
60866 15780.756192 31.933286753151233 -70.74958652527064 476.72040240737107
60866 16080.756192 12.896337385445532 -73.74498549266133 475.6353574631774
60866 16380.756192 -6.184403255216212 -76.30307243144414 478.9095998982045
60866 16680.756192 -25.211554590016622 -79.05399382736114 486.3695083533682
60866 16980.756192 -44.08363664681205 -82.84759487240197 496.24884984023
60866 17280.756192 -62.61035702881286 -90.28934791715324 505.5867934048915
60866 17580.756192 -79.39939020898525 -120.54504203175541 511.7075806224638
60866 17880.756192 -76.31636189218284 137.5127406284996 512.9281726730915
60866 18180.756192 -58.782015395778245 117.1700396282078 509.246849341946
60866 18480.756192 -40.189113649371244 110.97035938285785 502.2727825934941
60866 18780.756192 -21.325631260312093 107.51183108525565 494.5789891603677
60866 19080.756192 -2.338268340322553 104.85979866161524 488.6110383074089
60866 19380.756192 16.682540044024286 102.27743546774713 485.8377699078607
60866 19680.756192 35.64507764667841 99.10420044035645 486.09556411395636
60866 19980.756192 54.42066415811466 93.88634705694882 487.8655873537176
60866 20280.756192 72.52773586826743 79.66892417332186 489.08415146189463
60866 20580.756192 81.78987826907326 -8.746359790594827 488.1603635451754
60866 20880.756192 66.51994435100644 -57.66943036983997 484.85655734245313
60866 21180.756192 48.02650022261933 -66.95518041320665 480.581663221423
60866 21480.756192 29.122799911278108 -71.18846412924906 477.1002221466448
60866 21780.756192 10.077432356850819 -74.06891969469429 476.7205478986631
60866 22080.756192 -8.996411169221345 -76.61670880225321 480.68581740271384
60866 22380.756192 -28.002601403599975 -79.45152306446418 488.5650494864419
60866 22680.756192 -46.837066125276635 -83.52962760852026 498.39057533648094
60866 22980.756192 -65.26876715739566 -92.12211486425507 507.1988592895828
60866 23280.756192 -81.12214710440755 -133.4231044311875 512.4073600473807
60866 23580.756192 -73.9358764027871 131.9973196348143 512.5880979076293
60866 23880.756192 -56.081603731254695 115.9691762385904 508.0179631800899
60866 24180.756192 -37.42905573372421 110.42882396632122 500.52588865474655
60866 24480.756192 -18.536870099769423 107.15820434440577 492.7677757098573
60866 24780.756192 0.46536744789364065 104.55346053598144 487.13189074869916
60866 25080.756192 19.48825903596299 101.93082562241732 484.86478697080236
60866 25380.756192 38.437678651170714 98.58521360824533 485.57416764341457
60866 25680.756192 57.16869217201107 92.77424870595586 487.57463034741187
60866 25980.756192 75.01640942565936 74.9512468297758 488.78877283428636
60866 26280.756192 80.32852805973032 -24.325933165602628 487.7401160719644
60866 26580.756192 63.83988745677694 -59.7115577141146 489.94095741200766
60866 26880.756192 45.267735202476054 -67.67259187398415 490.10619175695757
60866 27180.756192 26.38393107098727 -71.58709397847373 484.8558658705034
60866 27480.756192 7.362058563552928 -74.37165475761716 480.77258308058833
60866 27780.756192 -11.700220501487133 -76.92177631068503 480.51199683120365
60866 28080.756192 -30.70839293199659 -79.86002136140287 484.1163714114089
60866 28380.756192 -49.54756972848286 -84.28319416787774 489.9832329939474
60866 28680.756192 -67.92531104955853 -94.41103209473403 495.2197987934023
60866 28980.756192 -82.24053825698832 -151.86731763531202 498.0365627176665
60866 29280.756192 -71.26967310410477 127.6732143305051 497.3355770268114
60866 29580.756192 -53.10289962520254 114.83786889686412 493.6716432121064
60866 29880.756192 -34.331726628468246 109.86715112156311 488.93035944188597
60866 30180.756192 -15.368875413597571 106.76535986357518 485.48850492888704
60866 30480.756192 3.66417490468063 104.19514957604686 485.1728987197325
60866 30780.756192 22.67572914328412 101.51078138494668 484.8832477827525
60866 31080.756192 41.59329072762358 97.93269290648612 488.880079069777
60866 31380.756192 60.232174411747636 91.2938156993326 494.70393998178076
60866 31680.756192 77.59842568819765 67.62981738828961 498.8385096116264
60866 31980.756192 78.1839454556022 -35.98879862286907 499.5101530820398
60866 32280.756192 60.964345115882544 -61.48393608876604 496.6280518569019
60866 32580.756192 42.35700929218759 -68.35293973798332 491.62874578589236
60866 32880.756192 23.45890372690727 -71.99297688657009 486.8691832306622
60866 33180.756192 4.443685480608696 -74.69671210089587 484.5540567138234
60866 33480.756192 -14.590232447301753 -77.26061909837956 485.590024723858
60866 33780.756192 -33.558470769077374 -80.32428917315698 489.57279770618146
60866 34080.756192 -52.33347144164018 -85.16359235606333 495.44133593720744
60866 34380.756192 -70.53704268983547 -97.30262834876862 500.1238731376806
60866 34680.756192 -82.38560295048327 -172.72876008143106 501.59745593572035
60866 34980.756192 -68.70776963681574 124.61799815889978 499.1558910653035
60866 35280.756192 -50.390508581914034 113.954524563363 493.7085322284603
60866 35580.756192 -31.579776936778217 109.41477208892898 487.4098887012575
60866 35880.756192 -12.602889464855593 106.44274134489282 486.36745093167485
60866 36180.756192 6.431696523014474 103.8917149600528 484.8525252157736
60866 36480.756192 25.439794994457937 101.13613756722698 486.89841637016417
60866 36780.756192 44.32231355702356 97.31645210449926 491.2344505105559
60866 37080.756192 62.882171017501726 89.75653972454398 495.62565626001725
60866 37380.756192 79.63988301532945 58.282309460548205 497.8388478885359
60866 37680.756192 75.95163603716634 -43.243386476804226 496.61537322538555
60866 37980.756192 58.27038468092758 -62.85097201381803 492.24248244511244
60866 38280.756192 39.575376389967644 -68.93690149002242 486.5558770050942
60866 38580.756192 20.62910015252928 -72.3635765941799 481.9893690181419
60866 38880.756192 1.5820956545954044 -75.01088510550127 480.5364374465379
60866 39180.756192 -17.467604157761627 -77.60806526220183 483.15917441472817
60866 39480.756192 -36.42701645894001 -80.82833131255585 487.14921418452377
60866 39780.756192 -55.19306776799441 -86.20385884646258 487.44120855896716
60866 40080.756192 -73.24632296170323 -101.33611389579099 484.98741090066034
60866 40380.756192 -81.43085975924738 166.42023936827792 488.05280431179335
60866 40680.756192 -65.74845737618669 121.91594307475597 488.2228070716261
60866 40980.756192 -47.251061632103635 113.05066216924496 486.78524294042404
60866 41280.756192 -28.38056953394264 108.91540042467297 485.6081910790821
60866 41580.756192 -9.384259070791057 106.06702338145908 486.64070460162674
60866 41880.756192 9.63273831847432 103.52568548031185 490.91553953570326
60866 42180.756192 28.581472723738422 100.67654341850758 497.95447077490553
60866 42480.756192 47.363685695367806 96.5428965995931 505.7716038887783
60866 42780.756192 65.74451481003464 87.71340588714567 511.7510070643374
60866 43080.756192 81.36370292218473 44.030661611740896 513.5730451619465
60866 43380.756192 73.50064257567502 -48.57785139651951 510.2111472265104
60866 43680.756192 55.581544634008864 -64.00758923105785 502.36025839650546
60866 43980.756192 36.88253264478004 -69.45167884767473 492.24834877886167
60866 44280.756192 17.93639903585669 -72.69784408392428 482.7640660631854
60866 44580.756192 -1.1246299570153033 -75.30307133091279 476.61342743356084
60866 44880.756192 -20.203526577343823 -77.9469908872594 474.97971852595936
60866 45180.756192 -39.198473669202365 -81.35418500744655 477.35489842017955
60866 45480.756192 -57.95268755049569 -87.37048575866102 481.8364496049774
60866 45780.756192 -75.72405899618215 -106.54313722933992 486.192861688962
60866 46080.756192 -79.78329607291579 152.22520306268805 486.9780210519189
60866 46380.756192 -63.031876499439804 119.97133638261852 486.1502905708516
60866 46680.756192 -44.4308220505173 112.33925076138462 484.1459695147226
60866 46980.756192 -25.518581353930852 108.50341694682938 482.9776269959375
60866 47280.756192 -6.498849639548549 105.74358230901348 484.5476137785851
60866 47580.756192 12.526585816331027 103.19373765105163 489.67450114864863
60866 47880.756192 31.46740966901722 100.23110970823548 497.5967447049273
60866 48180.756192 50.21786608527994 95.726834380958 506.07902670966934
60866 48480.756192 68.47685310044899 85.24910617266613 512.40290110952
60866 48780.756192 82.33720502133743 24.7260752624109 514.3070756605538
60866 49080.756192 70.88942796544448 -52.60688767408408 510.92685558332107
60866 49380.756192 52.759837426784784 -65.05500540531658 503.13550193256174
60866 49680.756192 34.02246528931383 -69.96071954307743 493.2688039582113
60866 49980.756192 15.06675905484955 -73.04665281591937 484.19473983062693
60866 50280.756192 -3.989164635187745 -75.61809752446891 478.43714653306847
60866 50580.756192 -23.05053368023332 -78.31874634749188 476.95905743442074
60866 50880.756192 -42.01426542751732 -81.94043982296837 479.0749263493889
60866 51180.756192 -60.70088111238086 -88.74294999258908 482.83533850741253
60866 51480.756192 -78.0310669381029 -113.78310667966815 486.1566319456913
60866 51780.756192 -77.6974381907443 142.36690214867892 485.8004457138249
60866 52080.756192 -60.29129281278279 118.36790771010148 483.53702042689605
60866 52380.756192 -41.600291184291635 111.69617968099573 480.3279724727492
60866 52680.756192 -22.641703990064276 108.11009485940149 478.6674615193514
60866 52980.756192 -3.589904839169233 105.42028221484658 480.45124027928
60866 53280.756192 15.45387278389235 102.84692093921345 486.31478770060437
60866 53580.756192 34.39589587918608 99.7436592734216 495.2211116390516
60866 53880.756192 53.11862678453975 94.77804059225012 504.69074775455795
60866 54180.756192 71.21880972352608 82.01558341762542 511.88804236318634
60866 54480.756192 82.270042262376 2.5159921390925333 514.5560441920005
60866 54780.756192 68.14341678036602 -55.74091956525951 511.9188787257805
60866 55080.756192 49.863396253523184 -65.9889116057774 504.9472387848858
60866 55380.756192 31.101099430785077 -70.44356354424863 495.9785071438861
60866 55680.756192 12.148390468930627 -73.39125925183771 487.77864603462683
60866 55980.756192 -6.88814716752235 -75.94004962712071 482.61316602729977
60866 56280.756192 -25.91720702181549 -78.71175834539885 481.20639916910255
60866 56580.756192 -44.83499383472492 -82.58747080532765 482.71555124236727
60866 56880.756192 -63.43117063792373 -90.3799794369813 485.18907992657057
60866 57180.756192 -80.06278193812419 -124.16200611932662 486.5777597876009
60866 57480.756192 -75.37475433180532 135.51792613015704 486.12733816943063
60866 57780.756192 -57.56096553634744 117.03468374642785 483.42864048926094
60866 58080.756192 -38.80908636270561 111.12141546852735 479.4899310293826
60866 58380.756192 -19.824359878441744 107.74450677719389 477.46855255002885
60866 58680.756192 -0.7589363479475654 105.11004493414409 479.20506067241723
60866 58980.756192 18.28760448762164 102.50253011971569 485.1708266230573
60866 59280.756192 37.21934727812298 99.23839806675932 494.15841473544845
60866 59580.756192 55.90465829098745 93.7284550422944 503.5410638539094
60866 59880.756192 73.79090258732231 77.8974288526073 510.53171064257066
60866 60180.756192 81.2023768327038 -16.057745183918833 512.9951898269247
60866 60480.756192 65.42894640214159 -58.11900527600515 510.3514783557527
60866 60780.756192 47.02686483926248 -66.78743906468392 503.7430397359893
60866 61080.756192 28.22901191879685 -70.88257286079578 495.56440646044814
60866 61380.756192 9.265099255567725 -73.72020897171824 488.4612703960047
60866 61680.756192 -9.764985560778644 -76.26224085592439 484.43532115343237
60866 61980.756192 -28.770892210193566 -79.12453162666856 483.8953347928641
60866 62280.756192 -47.64529130145144 -83.3058882287878 485.7352720006789
60866 62580.756192 -66.13231282241124 -92.37166967613783 487.9118210064418
60866 62880.756192 -81.6167980292419 -138.9958421671794 488.49835599332215
60866 63180.756192 -72.89806502529325 130.57442881765328 487.30703964736983
60866 63480.756192 -54.81605907060928 115.90037525737 488.2403307717601
60866 63780.756192 -36.05286272985995 110.60561860646528 487.7480042582433
60866 64080.756192 -17.0883122153874 107.40831303997702 482.6746544192205
60866 64380.756192 1.9616505080347395 104.81719497612126 481.1648473331242
60866 64680.756192 21.001506827534055 102.16496948789236 483.68449721194025
60866 64980.756192 39.929644048135046 98.71661835142379 489.69996984382175
60866 65280.756192 58.598771635068104 92.55092075017696 495.7444384868626
60866 65580.756192 76.22038969406137 72.38749016042821 500.0114501190832
60866 65880.756192 79.4344525204562 -29.637891708505627 500.761270161122
60866 66180.756192 62.60786881662296 -60.08596707113475 497.7792139675973
60866 66480.756192 44.04914691462947 -67.53411305625313 492.4210666720684
60866 66780.756192 25.167888579798873 -71.32538602943954 487.0661609337639
60866 67080.756192 6.154545356106187 -74.07285542080461 483.6157057474565
60866 67380.756192 -12.888598671878833 -76.6255293979225 484.24836683986234
60866 67680.756192 -31.86903453664679 -79.60988553432726 488.2517904665983
60866 67980.756192 -50.674387537772 -84.18936285825129 493.78499165243454
60866 68280.756192 -68.97945797519606 -95.04916804576446 498.50558595712675
60866 68580.756192 -82.4203127216446 -159.6395420320586 500.27872365706867
60866 68880.756192 -70.25693189431576 126.79734007296952 498.276062796534
60866 69180.756192 -52.02396033165529 114.9070437816559 493.2712832270125
60866 69480.756192 -33.23228334333128 110.11779175811851 487.40794087930357
60866 69780.756192 -14.251370834860102 107.06944728681796 482.8456384183586
60866 70080.756192 4.799319121661843 104.50677924398394 481.9425980704974
60866 70380.756192 23.826072256305867 101.79315702925376 484.98551328351795
60866 70680.756192 42.73190758828809 98.119948904448 490.32113223043086
60866 70980.756192 61.33484496437617 91.1276606065435 496.3558665129977
60866 71280.756192 78.47600505003741 64.62362784536123 500.2809579772343
60866 71580.756192 77.30009959067304 -38.823656285947294 500.55919307051613
60866 71880.756192 59.88100028799492 -61.63124246335067 497.2117079786113
60866 72180.756192 41.24987191760883 -68.15848887707106 491.7782944784937
60866 72480.756192 22.342923426875565 -71.70642907172316 486.7003508854623
60866 72780.756192 3.3210632072516844 -74.3845822431043 483.78001178562636
60866 73080.756192 -15.717131586162264 -76.9589978093396 484.92613522044485
60866 73380.756192 -34.67902284889961 -80.07929114960824 489.19982626274765
60866 73680.756192 -53.44169125186103 -85.10993194150846 494.71109608933347
60866 73980.756192 -71.57835420396145 -98.25761323542466 499.01477980925637
60866 74280.756192 -82.15757799987439 179.38299736460948 500.1509278465522
60866 74580.756192 -67.628431556622 123.97904412566041 497.5332622181571
60866 74880.756192 -49.24961544976741 114.04679738913593 492.1714217433179
60866 75180.756192 -30.417095778144645 109.66544136564619 486.4330606621043
60866 75480.756192 -11.420106735351032 106.74052578320699 482.57548077021454
60866 75780.756192 7.6321222364594785 104.19247716742592 482.3027560669353
60866 76080.756192 26.646313777540296 101.4005285397289 485.866870449077
60866 76380.756192 45.521026780400796 97.4603960258936 491.46038804733877
60866 76680.756192 64.04060803118834 89.42370804564743 497.24349504774943
60866 76980.756192 80.41915729277542 53.48479485380249 500.5807442820546
60866 77280.756192 74.9465577107251 -45.247997084842325 500.16542809335573
60866 77580.756192 57.14501696598802 -62.92658432406461 496.2720278995154
60866 77880.756192 38.45205730595378 -68.7247270253088 490.63157461733863
60866 78180.756192 19.51900017248348 -72.0697105851874 485.7961317660984
60866 78480.756192 0.48827907406882043 -74.69463644217457 483.6454916121077
60866 78780.756192 -18.544814795724093 -77.30442187071063 485.3264771800284
60866 79080.756192 -37.487016775056006 -80.5873142060696 489.91568800188764
60866 79380.756192 -56.20145911716868 -86.16982831551077 495.41631017662445
60866 79680.756192 -74.10630016483988 -102.489487646533 499.3671207264179
60866 79980.756192 -80.9766802809935 161.84276231518348 499.96958094430397
60866 80280.756192 -64.95408009033693 121.7406034671674 496.87327976446556
60866 80580.756192 -46.464044091070136 113.28433188892409 491.3037138071685
60866 80880.756192 -27.596857343029022 109.2417094305538 485.7048574517889
60866 81180.756192 -8.5862027373588 106.41894579761623 482.4159346941842
60866 81480.756192 10.46528858265458 103.87265004426811 482.8011119513939
60866 81780.756192 29.464026648109627 100.98446671550819 486.66630410216067
60866 82080.756192 48.3072073306071 96.72438872567442 492.1617847432329
60866 82380.756192 66.72516108627502 87.33750317718078 497.64834828895073
60866 82680.756192 81.84473100051244 37.62288132178764 500.4406069171216
60866 82980.756192 72.44844366242349 -49.929545512881354 499.44971710207943
60866 83280.756192 54.38386218212816 -64.04033159029039 495.18896880141733
60866 83580.756192 35.63807268522544 -69.24729564275282 489.55859665190917
60866 83880.756192 16.68216320947292 -72.42060177677689 485.0507024725287
60866 84180.756192 -2.3547944917909622 -75.00616284682229 483.6818016328109
60866 84480.756192 -21.379582954594863 -77.66514051338221 485.988677332007
60866 84780.756192 -40.2984207233353 -81.14146554353972 490.9007239663987
60866 85080.756192 -58.95428962405491 -87.40562614256196 496.4276206038346
60866 85380.756192 -76.52214220731152 -108.26042834674654 500.03261184947144
60866 85680.756192 -79.17280285151904 149.20210809418742 500.0976746837803
60866 85980.756192 -62.24939223830226 119.9201665388475 496.5146000230141
60866 86280.756192 -43.6729716285055 112.60135083707488 490.71555843624117
60867 180.756192 -24.7761627975746 108.84185669259196 485.1433917659173
60867 480.756192 -5.754045551507333 106.10281702528071 482.2972107087042
60867 780.756192 13.295320091868259 103.54576078266705 483.2142609534274
60867 1080.756192 32.27704343295327 100.5412503171492 487.4029349356088
60867 1380.756192 51.08183139898586 95.8976314288372 493.0891044661911
60867 1680.756192 69.36763113135582 84.73542299631445 498.155266649948
60867 1980.756192 82.44328168285368 17.407939611766558 500.28664091223413
60867 2280.756192 69.86918456859983 -53.43870631544167 498.6317966146938
60867 2580.756192 51.616065625283895 -65.0038341375053 493.94757143725906
60867 2880.756192 32.82387190704724 -69.72930683218404 488.3067130987216
60867 3180.756192 13.846314197939634 -72.75901712522983 483.99036653855194
60867 3480.756192 -5.1977563591886105 -75.3191294652321 483.24966603592435
60867 3780.756192 -24.21543715738229 -78.04285929857447 486.14270101166676
60867 4080.756192 -43.11084487074064 -81.75029828481188 491.36550750472674
60867 4380.756192 -61.69922098492159 -88.87064514552787 496.9456710331644
60867 4680.756192 -78.75550041877796 -116.43542814398955 500.30597298286443
60867 4980.756192 -76.99237623773747 140.40956257350305 500.00394399753105
60867 5280.756192 -59.50961011638532 118.40365287022355 496.15421705183667
60867 5580.756192 -40.863772259944355 111.98141932704254 490.3628268062299
60867 5880.756192 -21.943870266459452 108.46097403105311 485.1121356149814
60867 6180.756192 -2.914867572460282 105.78968060480092 482.75687040533944
60867 6480.756192 16.127705019794742 103.20958943087827 484.18632554782937
60867 6780.756192 35.08896729701709 100.06608202384163 488.9412235908101
60867 7080.756192 53.84626748667448 94.95967676102103 494.691882120077
60867 7380.756192 71.95298387038814 81.40823075816667 499.22113840490977
60867 7680.756192 82.03421614652912 -3.2473374968930844 500.53715741921786
60867 7980.756192 67.24255849194749 -56.15341617658808 498.04791857348556
60867 8280.756192 48.849721010540804 -65.84747720939974 492.7644647870586
60867 8580.756192 30.016655568974187 -70.17669641182727 486.9807269788733
60867 8880.756192 11.019629179345639 -73.08636382569904 482.82156246917623
60867 9180.756192 -8.031493252249463 -75.63377829065065 482.4473965619471
60867 9480.756192 -27.04367713852953 -78.43864570170346 485.8276385771276
60867 9780.756192 -45.91406565397142 -82.42107719382474 491.42069165100014
60867 10080.756192 -64.42182692827234 -90.62946844058175 496.9732405386234
60867 10380.756192 -80.6594811582994 -128.2472493080451 500.08569616902435
60867 10680.756192 -74.59519242560964 134.21211018444237 499.49623919028
60867 10980.756192 -56.74719575833975 117.1220317905273 495.5285427959508
60867 11280.756192 -38.043144516380856 111.41574570634592 489.9424700643908
60867 11580.756192 -19.103679766777145 108.09696425713497 485.22710835325415
60867 11880.756192 -0.0705423979273884 105.47849752905356 483.46827596271294
60867 12180.756192 18.96185595319359 102.86246888465797 485.44765829456617
60867 12480.756192 37.90071675424247 99.5535506412744 490.2209580577741
60867 12780.756192 56.60574813477536 93.88122694315852 495.93452277664363
60867 13080.756192 74.46701507562035 77.00390188957022 500.0070086346869
60867 13380.756192 80.74850609573606 -20.060912655460022 500.6453309088306
60867 13680.756192 64.56889918242776 -58.32677270646383 497.5054647599376
60867 13980.756192 46.06850299383407 -66.59971744630897 491.83753652697783
60867 14280.756192 27.200837848127286 -70.59746713744998 486.17173317142885
60867 14580.756192 8.190676314984618 -73.40634873604529 482.7152665901823
60867 14880.756192 -10.859662133973849 -75.95258354422839 482.91282450149293
60867 15180.756192 -29.85705232177034 -78.85510902266829 486.6467447357585
60867 15480.756192 -48.69460297516302 -83.16319386364795 492.2242632699433
60867 15780.756192 -67.09746997006107 -92.76679762479934 497.4387039254686
60867 16080.756192 -81.98743786181939 -144.7757052194806 499.96494230518425
60867 16380.756192 -72.08903981611061 129.72716953472548 498.7689075568961
60867 16680.756192 -53.99046021167892 116.03003498921929 494.41196196695023
60867 16980.756192 -35.23431092660065 110.89847438935996 488.83053053119676
60867 17280.756192 -16.272458068512524 107.747979705738 484.42983238844477
60867 17580.756192 2.7677011751122986 105.16762139272886 483.3271851769624
60867 17880.756192 21.792719506478864 102.50127271652764 485.9202818910683
60867 18180.756192 40.71007551914731 98.99510122355727 490.87379815100525
60867 18480.756192 59.35704499723153 92.62086303328796 496.67405939626366
60867 18780.756192 76.86342822800528 70.955934899591 500.50421976501303
60867 19080.756192 78.87846469257738 -32.07083333991181 500.73052235291055
60867 19380.756192 61.859359685261154 -60.10152726126901 497.24046266844005
60867 19680.756192 43.27596320603564 -67.27413613815001 491.49001849201886
60867 19980.756192 24.381805612533284 -70.99428944257747 486.0563605921258
60867 20280.756192 5.362317197490736 -73.72099150981651 483.01390523706016
60867 20580.756192 -13.683556558766563 -76.27862687660172 483.71757659426095
60867 20880.756192 -32.6626916716098 -79.29892609315512 487.78393803455776
60867 21180.756192 -51.460718498468324 -83.99755172847948 493.3392842983436
60867 21480.756192 -69.72648779252528 -95.43845517392349 498.0935348836635
60867 21780.756192 -82.45210615747646 -165.30251083994762 499.91298679665675
60867 22080.756192 -69.51056202676337 126.35259770660319 498.0065046436142
60867 22380.756192 -51.23167706987634 115.0852264840713 493.1790901872871
60867 22680.756192 -32.42969810944862 110.42177516596432 487.5569977820068
60867 22980.756192 -13.446923459702777 107.41176325278602 483.4351720956414
60867 23280.756192 5.600049057868399 104.85546232567516 482.8892729473247
60867 23580.756192 24.61816057593191 102.12265496400983 486.14734317301395
60867 23880.756192 43.51303631135308 98.38037244923511 491.2014433933142
60867 24180.756192 62.091612808309876 91.12356919099737 497.0653768667062
60867 24480.756192 79.05453383060969 62.36760394772597 500.6727389689183
60867 24780.756192 76.66490148896276 -40.39620297602892 500.5638702472956
60867 25080.756192 59.12317023307479 -61.57581126419804 496.8544091307053
60867 25380.756192 40.47260515386657 -67.883596250371 491.16723896147425
60867 25680.756192 21.555837171325958 -71.37129075147821 486.05041471374545
60867 25980.756192 2.529388478175681 -74.03275929167873 483.41635297017325
60867 26280.756192 -16.509655707089355 -76.61528175283227 484.64939247636903
60867 26580.756192 -35.46829144347675 -79.77778730907164 489.0054465402154
60867 26880.756192 -54.22049791579606 -84.95165699824358 494.51349857355393
60867 27180.756192 -72.30189743281771 -98.88679013166612 498.7823860805081
60867 27480.756192 -81.90714950021123 174.3644216606313 499.88368774989664
60867 27780.756192 -66.87550784957473 123.72728907850409 497.2729124517583
60867 28080.756192 -48.4618065578298 114.25687478468559 491.99450254534645
60867 28380.756192 -29.619695356701712 109.97903916447481 486.3833177935989
60867 28680.756192 -10.619426627548687 107.08585834973613 482.73625080291333
60867 28980.756192 8.431393648707164 104.5403545860357 482.72082710834775
60867 29280.756192 27.43968325571006 101.72404626005415 486.3956048000956
60867 29580.756192 46.30619315525147 97.70032304841514 491.7314476738593
60867 29880.756192 64.79946584982706 89.32017943863748 497.4118231692968
60867 30180.756192 80.88645832193555 49.978803571395865 500.5715481774337
60867 30480.756192 74.25529349407245 -46.278053356086424 499.9593815681756
60867 30780.756192 56.36954755846186 -62.82048274579475 495.9293776834676
60867 31080.756192 37.66054967307728 -68.43874860306357 490.2679199382618
60867 31380.756192 18.72047089385809 -71.7317962500934 485.5330737243572
60867 31680.756192 -0.31227782905321627 -74.34374753917535 483.64853396404214
60867 31980.756192 -19.343214811527652 -76.96543554319916 485.5421723802232
60867 32280.756192 -38.27895753077977 -80.29880321475436 490.2506520035204
60867 32580.756192 -56.97750409275291 -86.05740939447173 495.8030441211259
60867 32880.756192 -74.79995423669244 -103.48459994579382 499.6965449653053
60867 33180.756192 -80.52118873535974 158.2561036377719 500.18408984905903
60867 33480.756192 -64.1987332759051 121.62931676075426 496.96033770328137
60867 33780.756192 -45.683088785252046 113.52277947086601 491.29734094221095
60867 34080.756192 -26.80804596217714 109.5653417574289 485.7019012138305
60867 34380.756192 -7.794701817293499 106.76831645320034 482.4789585546086
60867 34680.756192 11.256003089883698 104.22071876977733 482.9429893910513
60867 34980.756192 30.250395462110056 101.3025641290034 486.84595722379845
60867 35280.756192 49.082920894274984 96.94315654829812 492.4552860081062
60867 35580.756192 67.46767998431997 87.11128485392344 497.76169523687
60867 35880.756192 82.10845852808119 32.757158886344676 500.30428380581816
60867 36180.756192 71.7344891441303 -50.57193100948208 499.06567550332
60867 36480.756192 53.61000801381775 -63.88563310811274 494.6429250848988
60867 36780.756192 34.84944699286515 -68.94767496624713 488.9909849762463
60867 37080.756192 15.88590297773558 -72.07797507528552 484.5161733714076
60867 37380.756192 -3.1542922236901876 -74.65491641160882 483.3842798541184
60867 37680.756192 -22.17805651510613 -77.33037544425683 485.92457188572683
60867 37980.756192 -41.091271289745926 -80.86767538715661 490.9697460771819
60867 38280.756192 -59.7294738355034 -87.35323293470151 496.6091534964657
60867 38580.756192 -77.1748758926785 -109.83410225749027 500.2496114425698
60867 38880.756192 -78.58877215205399 146.83556011064493 500.3060891388376
60867 39180.756192 -61.482390243491324 119.9059342765287 496.7015743622876
60867 39480.756192 -42.88647353149446 112.86102672875595 490.90977406113245
60867 39780.756192 -23.985157922233885 109.17326344196793 485.5053689001161
60867 40080.756192 -4.96279843442131 106.45513559717634 482.7232533770973
60867 40380.756192 14.083446515195982 103.89329958880636 483.67409207898913
60867 40680.756192 33.05935879674499 100.85281175508058 487.9883438877869
60867 40980.756192 51.850664132374554 96.09002535153522 493.64120587762864
60867 41280.756192 70.09191173618804 84.33752807541106 498.4236514065631
60867 41580.756192 82.43128271714264 11.92537109628624 500.1833287755647
60867 41880.756192 69.14285430387666 -53.82210104184 498.1659811141869
60867 42180.756192 50.84499724365186 -64.81032062048205 493.22216651667895
60867 42480.756192 32.03859900826627 -69.4177592103845 487.5108213567708
60867 42780.756192 13.053126521392068 -72.41180729255824 483.2272029404159
60867 43080.756192 -5.995399701160694 -74.96731607173474 482.6365766966281
60867 43380.756192 -25.013941938211026 -77.71252983349169 485.8410412962162
60867 43680.756192 -43.90366924604718 -81.49309584533428 491.27023421211396
60867 43980.756192 -62.471139798720884 -88.89457328586914 497.0029369691703
60867 44280.756192 -79.33462124620995 -118.90117001457281 500.45511154080344
60867 44580.756192 -76.33344704596573 138.88841586102654 500.208063715405
60867 44880.756192 -58.73435743069116 118.46347653544319 496.40590257379813
60867 45180.756192 -40.07344450769779 112.25904948022075 490.6926826267474
60867 45480.756192 -21.15106764937492 108.79899744719191 485.64155136401286
60867 45780.756192 -2.122830894131545 106.14402575685425 483.29059380348787
60867 46080.756192 16.915548826436208 103.55536379127955 484.7286131157487
60867 46380.756192 35.87076733959217 100.36863869689215 489.25986997515844
60867 46680.756192 54.61489065047501 95.11604369805046 494.8609317109114
60867 46980.756192 72.66284681320386 80.748071086222 499.120645523125
60867 47280.756192 81.75085596213395 -8.005480128822908 500.1263982630995
60867 47580.756192 66.49648082405335 -56.37002413756209 497.3830576886677
60867 47880.756192 48.06806127588395 -65.62740977214662 491.9844251015637
60867 48180.756192 29.221823065988453 -69.85799318444246 486.32868912575
60867 48480.756192 10.21973408360795 -72.73769642957494 482.66898787156066
60867 48780.756192 -8.83158913054421 -75.28393509006446 482.63814410304394
60867 49080.756192 -27.838959721747337 -78.1148418835557 486.27686441065845
60867 49380.756192 -46.700272649798656 -82.18394748765749 491.78902844667005
60867 49680.756192 -65.17959936596597 -90.74999160168483 497.36388974658473
60867 49980.756192 -81.10187625015644 -131.9499929180492 500.3993054739592
60867 50280.756192 -73.90114886377992 133.2582141328869 499.6786370911886
60867 50580.756192 -55.975901835913305 117.24208025209296 495.582145823929
60867 50880.756192 -37.258330850954295 111.70863786975283 489.9205725456008
60867 51180.756192 -18.31376596955302 108.43960554962011 485.2221864824626
60867 51480.756192 0.7205558706237138 105.832828925682 483.52200162948174
60867 51780.756192 19.75070944486614 103.20379537139412 485.5596362615729
60867 52080.756192 38.683474097925 99.84280273100437 490.3651026521986
60867 52380.756192 57.37378659378919 93.9889505628325 495.9888469201352
60867 52680.756192 75.1505167265884 75.94807977441545 499.88487264853467
60867 52980.756192 80.27086502621226 -23.430143598462305 500.32163100879245
60867 53280.756192 63.8115042610611 -58.418360261296634 497.03825713983036
60867 53580.756192 45.283901239775695 -66.35621636249589 491.3429961676142
60867 53880.756192 26.40553180269607 -70.27204660622007 485.7820058223643
60867 54180.756192 7.391233599927139 -73.05663899286331 482.5997850764247
60867 54480.756192 -11.658812397061737 -75.60530306525136 483.0713620226606
60867 54780.756192 -30.650810177953367 -78.53923721181543 486.969091974731
60867 55080.756192 -49.47776606377682 -82.95092583305066 492.5794507172343
60867 55380.756192 -67.84482206816318 -93.02233714504945 497.77507643834645
60867 55680.756192 -82.21638559592974 -149.84901358692036 500.1890636921727
60867 55980.756192 -71.36858796384088 129.12662014200268 498.8392641490536
60867 56280.756192 -53.215183718435746 116.1930400164863 494.35299491144406
60867 56580.756192 -34.447081938858204 111.2023676689731 488.7152249461203
60867 56880.756192 -15.479866486781917 108.0935888860033 484.28250899874536
60867 57180.756192 3.561820942248409 105.52089073349917 483.2590896128906
60867 57480.756192 22.584804954734327 102.83677759379266 485.9169505559973
60867 57780.756192 41.49510191056074 99.2676095904962 491.0058021779214
60867 58080.756192 60.12403327026656 92.66465216318484 496.7248191494782
60867 58380.756192 77.50165242594667 69.28621959801728 500.39955219357694
60867 58680.756192 78.28280752273945 -34.270282030508646 500.4554267493229
60867 58980.756192 61.092052623475254 -60.09907079889124 496.85111562245413
60867 59280.756192 42.48699852307899 -67.01020237057854 491.08525758377715
60867 59580.756192 23.584053707602717 -70.6619451794389 485.7556256745055
60867 59880.756192 4.561596793747094 -73.36920336130545 482.97861456899614
60867 60180.756192 -14.482985747731563 -75.93291187902722 483.9376697101713
60867 60480.756192 -33.45601811969439 -78.99107479458279 488.23100658511413
60867 60780.756192 -52.24087352066311 -83.81492907848634 493.86051117847245
60867 61080.756192 -70.45886523013252 -95.88255072651896 498.53880644099706
60867 61380.756192 -82.39758148544192 -170.83822758402562 500.1717637408978
60867 61680.756192 -68.77417914813586 125.99515335466776 498.0393746734459
60867 61980.756192 -50.454993039510654 115.2856031119415 493.02517446668617
60867 62280.756192 -31.642195884140417 110.73752771432743 487.32201393581363
60867 62580.756192 -12.653985049024056 107.76227121630836 483.1375633502755
60867 62880.756192 6.395288391521079 105.21012052717037 482.6222418954015
60867 63180.756192 25.412577766392562 102.4553632518351 485.8965624902974
60867 63480.756192 44.29888645481145 98.63915088024146 491.33278883882764
60867 63780.756192 62.85565513525775 91.09427752120979 497.07354998752345
60867 64080.756192 79.6150035080204 59.77131917371991 500.50010743793945
60867 64380.756192 76.00192772057778 -41.81382172089925 500.2161697949817
60867 64680.756192 58.34800627184202 -61.505991600995245 496.40269699254196
60867 64980.756192 39.67886488442862 -67.60372800889125 490.7312293849314
60867 65280.756192 20.754216301269473 -71.03293148269383 485.7550533590814
60867 65580.756192 1.7256050740719533 -73.67875167708281 483.44466286553194
60867 65880.756192 -17.31108857948365 -76.27066080901484 484.9838779786712
60867 66180.756192 -36.262847399273525 -79.4780748453964 489.5628106550889
60867 66480.756192 -54.99942539955037 -84.80418305876441 495.1941628938155
60867 66780.756192 -73.01518562453641 -99.60188511111075 499.41452900719503
60867 67080.756192 -81.5898270368897 169.77145133909306 500.3395194591121
60867 67380.756192 -66.12915760673735 123.53647180016057 497.50573849728704
60867 67680.756192 -47.685871275210786 114.48641346944483 492.0383451977778
60867 67980.756192 -28.83548604850258 110.30468682538438 486.36332575153915
60867 68280.756192 -9.831794859392105 107.44065352784415 482.70082702319894
60867 68580.756192 9.219429577100488 104.89616978071116 482.6880088232359
60867 68880.756192 28.225042442736175 102.0537954358954 486.31967055260725
60867 69180.756192 47.082147650818214 97.94348038525597 491.88570405272026
60867 69480.756192 65.54846308724498 89.19827376478645 497.4018393991579
60867 69780.756192 81.30358826591892 46.121480113957944 500.34800313888974
60867 70080.756192 73.56059511058811 -47.1726065504855 499.5436110850263
60867 70380.756192 55.59813346864123 -62.69447983506305 495.40813076345563
60867 70680.756192 36.872893989011786 -68.14402536129538 489.77884987520366
60867 70980.756192 17.925269695115905 -71.38781279003354 485.15779965155207
60867 71280.756192 -1.1097994344267976 -73.98795529645416 483.57586080118796
60867 71580.756192 -20.138555519977107 -76.62261574621624 485.71442927045194
60867 71880.756192 -39.068088162129726 -80.0088514721415 490.5631194668427
60867 72180.756192 -57.75035546334852 -85.95383726217017 496.2008327967037
60867 72480.756192 -75.4818041526844 -104.60462350587343 500.0494853655743
60867 72780.756192 -80.02507369875626 155.06511772553685 500.40563972828994
60867 73080.756192 -63.443296540850575 121.5541484321618 497.0472219329879
60867 73380.756192 -44.90403812127319 113.77287682381342 491.3142542652961
60867 73680.756192 -26.022083035114623 109.89659186390858 485.77396602651737
60867 73980.756192 -7.00656863171679 107.12408700878774 482.64026343861656
60867 74280.756192 12.042785613280602 104.57455340465455 483.18705645672213
60867 74580.756192 31.032081213337577 101.62538079188589 487.15420313223717
60867 74880.756192 49.853545447800414 97.16246953629917 492.78076587219164
60867 75180.756192 68.20266723666384 86.85373877675406 497.9048322868844
60867 75480.756192 82.30076804975073 27.62365876368459 500.2035352886776
60867 75780.756192 71.02032819293888 -51.125536286858406 498.73618656442375
60867 76080.756192 52.84137174547863 -63.71501317585824 494.16785357947447
60867 76380.756192 34.06681884763605 -68.64038696333049 488.5095491724164
60867 76680.756192 15.096388216952734 -71.72965626671733 484.073879710216
60867 76980.756192 -3.9466629959358377 -74.29884060022599 483.1216495625479
60867 77280.756192 -22.969346044841053 -76.9916534874028 485.8956143370462
60867 77580.756192 -41.876666482935555 -80.59194609483559 491.0606399197591
60867 77880.756192 -60.496730991185935 -87.31042301528569 496.7795465418804
60867 78180.756192 -77.80608309597731 -111.59068752395052 500.4027568339515
60867 78480.756192 -77.98596571261511 144.7618252399402 500.391005106041
60867 78780.756192 -60.719480737586636 119.91801031365921 496.744505709599
60867 79080.756192 -42.10471695100794 113.12867299960973 490.98447014610554
60867 79380.756192 -23.198240550629226 109.50925862299825 485.6970468242655
60867 79680.756192 -4.174658717907723 106.81089609193374 483.0015543936285
60867 79980.756192 14.869063997294118 104.24354070770185 484.056335101173
60867 80280.756192 33.83919993544288 101.16572402870827 488.4202546133091
60867 80580.756192 52.617608934072216 96.27781486505243 494.0519543863624
60867 80880.756192 70.81111909486366 83.88489423610682 498.667176507561
60867 81180.756192 82.34096160511105 6.535406051103329 500.1997972321884
60867 81480.756192 68.41535435585938 -54.149036274633936 497.96255443813334
60867 81780.756192 50.07751752257549 -64.60601964848422 492.87242972413526
60867 82080.756192 31.259340101817124 -69.10128252770711 487.1557662595011
60867 82380.756192 12.26875051542263 -72.06108484655377 483.01172154163993
60867 82680.756192 -6.781141655432396 -74.61241256942083 482.5478515529385
60867 82980.756192 -25.797331583619954 -77.37924313093778 485.8712749732535
60867 83280.756192 -44.679794688300134 -81.23412135496811 491.38350222432086
60867 83580.756192 -63.22520299937783 -88.92860534919747 497.09441016763293
60867 83880.756192 -79.87379208926478 -121.61107933063354 500.4456251075037
60867 84180.756192 -75.67417447874786 137.5753584027929 500.07915435829136
60867 84480.756192 -57.971353922595185 118.54445488805617 496.21799581836996
60867 84780.756192 -39.293951379613404 112.5419746422364 490.54838333744027
60867 85080.756192 -20.365528859159987 109.13884123142867 485.61709388522155
60867 85380.756192 -1.335778630996539 106.49905808903836 483.4402966299507
60867 85680.756192 17.70009023346915 103.90089424280927 485.0469871385117
60867 85980.756192 36.648890712762814 100.66920169529777 489.65164124261713
60867 86280.756192 55.37835392350755 95.26302906912467 495.2738217164196
60868 180.756192 73.36014125104259 80.00648035623625 499.44326665854936
60868 480.756192 81.40893142870335 -12.326936526048405 500.29469686106677
60868 780.756192 65.75946595874183 -56.53584173636057 497.387837756199
60868 1080.756192 47.301686639726945 -65.39428869199709 491.8750591966764
60868 1380.756192 28.446456138716385 -69.53252365138465 486.2148228837455
60868 1680.756192 9.440932982031649 -72.3842079324612 482.6407853345065
60868 1980.756192 -9.610286643636101 -74.9299063329411 482.6959222294662
60868 2280.756192 -28.61402664289571 -77.78731884133889 486.364236286869
60868 2580.756192 -47.46650310735033 -81.94475498455667 491.9471918342223
60868 2880.756192 -65.91809507571874 -90.88620626578619 497.39926924153474
60868 3180.756192 -81.48732999349507 -135.9581736794825 500.2453917173955
60868 3480.756192 -73.21097614538989 132.43605121869405 499.3454719487579
60868 3780.756192 -55.21444112155103 117.37783494524386 495.1594983632436
60868 4080.756192 -36.48181996473102 112.00553521885821 489.5394462019734
60868 4380.756192 -17.530377837697845 108.783618135167 484.9349043539809
60868 4680.756192 1.5062583190326357 106.18764901955913 483.467167844401
60868 4980.756192 20.53452598728594 103.5448163574505 485.6997622329456
60868 5280.756192 39.461149827177785 100.12956277025482 490.5954584427599
60868 5580.756192 58.13516970789739 94.08420060560576 496.25182121447784
60868 5880.756192 75.81667234831133 74.76465988203881 500.0780732302739
60868 6180.756192 79.75993411404492 -26.387834782589852 500.3901236664754
60868 6480.756192 63.06237308148894 -58.46990652429655 496.9822105364172
60868 6780.756192 44.51159038620321 -66.10011455300325 491.2149730154869
60868 7080.756192 25.625542897013926 -69.93917042420898 485.67621310449334
60868 7380.756192 6.608545941309585 -72.70130655390047 482.5992601197035
60868 7680.756192 -12.44051213428685 -75.25345370460897 483.20336995261687
60868 7980.756192 -31.42773651289848 -78.22027684643527 487.2213677929392
60868 8280.756192 -50.24390506445571 -82.73963179399753 492.85407553475414
60868 8580.756192 -68.57377542273849 -93.30916740018573 497.924023065615
60868 8880.756192 -82.36687707305117 -155.08862061591222 500.13943642632813
60868 9180.756192 -70.6545467841222 128.62143409132503 498.59901884803526
60868 9480.756192 -52.45065555946761 116.37232515536434 494.00313639538405
60868 9780.756192 -33.67002933880949 111.51207463338551 488.3795537600727
60868 10080.756192 -14.697100545628151 108.4421909695678 484.0311613253962
60868 10380.756192 4.346468497618454 105.87619024881714 483.17712193299553
60868 10680.756192 23.367617655795783 103.1739456731809 486.0055388069156
60868 10980.756192 42.271289722314805 99.54053943619857 491.16306472875186
60868 11280.756192 60.88151386864692 92.69880180979477 496.84489055715227
60868 11580.756192 78.11574253643597 67.43399825360086 500.39541859639877
60868 11880.756192 77.67416675751855 -36.190936875047235 500.29795664535544
60868 12180.756192 60.3336172849059 -60.072071061240194 496.5707675083831
60868 12480.756192 41.708395509462584 -66.73927637959095 490.765021967682
60868 12780.756192 22.797291506969994 -70.3256483325339 485.4772395127459
60868 13080.756192 3.7718663094313705 -73.01446767504927 482.89575001660523
60868 13380.756192 -15.271676549626628 -75.58509574906972 484.0799312238473
60868 13680.756192 -34.239179383594475 -78.68277188601198 488.57190545511867
60868 13980.756192 -53.011262325122196 -83.63759365771763 494.24060984210075
60868 14280.756192 -71.17869736950647 -96.38139917965069 498.8358913796346
60868 14580.756192 -82.26485565859062 -176.17009566370132 500.31257853830874
60868 14880.756192 -68.0416689467899 125.69462430526877 498.0219120537383
60868 15180.756192 -49.68562918414849 115.49418860914 492.9103809710952
60868 15480.756192 -30.863145302435942 111.05451004511352 487.20830701701703
60868 15780.756192 -11.870931226438358 108.11191754395695 483.0895633971727
60868 16080.756192 7.178656953722939 105.56296657510535 482.70038932360256
60868 16380.756192 26.192591384074493 102.78561798437654 486.03472430348995
60868 16680.756192 45.07097744231764 98.89308514970736 491.49861124008544
60868 16980.756192 63.6047086441232 91.04558626944967 497.15796280599506
60868 17280.756192 80.13451308471231 56.90328587417561 500.43344077374496
60868 17580.756192 75.33856005274325 -43.03736395951961 499.9817746418601
60868 17880.756192 57.58646385005788 -61.415592197624804 496.0489817546741
60868 18180.756192 38.90020633196156 -67.31903734988448 490.3632886860647
60868 18480.756192 19.968044185420773 -70.69334290075122 485.47911928237215
60868 18780.756192 0.93697170166869 -73.32491576447809 483.4294602405397
60868 19080.756192 -18.09815217865984 -75.92720808805565 485.1589476392732
60868 19380.756192 -37.044075703309076 -79.18101800022755 489.84321042900166
60868 19680.756192 -55.76637300573959 -84.66583061663877 495.50121409957774
60868 19980.756192 -73.7130957650992 -100.39993449830861 499.6520321393585
60868 20280.756192 -81.21805646399665 165.61186189125556 500.4575867783503
60868 20580.756192 -65.38665012193957 123.38017451802286 497.5124964867215
60868 20880.756192 -46.9150170379646 114.71738986932088 491.99201930788865
60868 21180.756192 -28.05655373564074 110.62652143631985 486.3387588434026
60868 21480.756192 -9.049836711437626 107.78997006907208 482.746456121516
60868 21780.756192 10.000660164418388 105.24568486759917 482.86591004384263
60868 22080.756192 29.001752001119932 102.3762272452986 486.55783347757045
60868 22380.756192 47.84942154429561 98.17537087924147 492.1360295627589
60868 22680.756192 66.28639475675162 89.04075752224962 497.53392771639886
60868 22980.756192 81.66234634711894 41.912632939500476 500.29527896572796
60868 23280.756192 72.86667092799682 -47.945924346541915 499.2952743180197
60868 23580.756192 54.836518926386034 -62.55460182093466 495.02885500024905
60868 23880.756192 36.09658965446951 -67.84754602399491 489.388180450023
60868 24180.756192 17.14197115421045 -71.04527974549416 484.81864152239126
60868 24480.756192 -1.8957225366659678 -73.63489590701907 483.44450084480684
60868 24780.756192 -20.92309563190895 -76.28340693517148 485.77890736501905
60868 25080.756192 -39.846847654834825 -79.72426548425965 490.72364938303724
60868 25380.756192 -58.512986492738605 -85.8646528038951 496.4179414782449
60868 25680.756192 -76.14491204992231 -105.85759238152588 500.2448772258476
60868 25980.756192 -79.49929719663788 152.25435411411812 500.5433150341347
60868 26280.756192 -62.6938087812341 121.50505709187495 497.13497141496356
60868 26580.756192 -44.13258656283934 114.02429999055992 491.3978501915434
60868 26880.756192 -25.244498340168704 110.22456195558037 485.9080542482476
60868 27180.756192 -6.227125918390542 107.4748423410408 482.82557539084297
60868 27480.756192 12.82048247614859 104.92223574571805 483.45408892989127
60868 27780.756192 31.804821312700607 101.94047189554941 487.5047634019697
60868 28080.756192 50.61502840599485 97.36931503071364 493.1158449163299
60868 28380.756192 68.92602521760844 86.54878892139034 498.0624286508627
60868 28680.756192 82.41542457846677 22.320052837723818 500.1183145251552
60868 28980.756192 70.30837939482582 -51.60088572810318 498.40928820773445
60868 29280.756192 52.08009690718451 -63.535257861723366 493.6831805510143
60868 29580.756192 33.29222878082183 -68.3330110134929 488.0116800576141
60868 29880.756192 14.315392926975573 -71.38370152836691 483.66715581685895
60868 30180.756192 -4.730244004142524 -73.94619990339308 482.9008212918603
60868 30480.756192 -23.7516076071516 -76.6572847536648 485.9320887866815
60868 30780.756192 -42.65298180597431 -80.32290351481987 491.12739739686583
60868 31080.756192 -61.25394748688044 -87.28704111656451 496.9282959842403
60868 31380.756192 -78.41064433295193 -113.55629114353775 500.5628045434604
60868 31680.756192 -77.36989183750792 142.95286779568676 500.5337743674033
60868 31980.756192 -59.964286409470965 119.9517910997929 496.8742450254267
60868 32280.756192 -41.332241745164374 113.39887851872062 491.14056379413887
60868 32580.756192 -22.42109227968307 109.8436849179964 485.9170903842471
60868 32880.756192 -3.396255685448473 107.16352726303816 483.2236136770762
60868 33180.756192 15.645217681175861 104.58957107053135 484.3327175929178
60868 33480.756192 34.61027606679603 101.4726796568907 488.6537570731829
60868 33780.756192 53.37688520726995 96.4532691814534 494.2059096547895
60868 34080.756192 71.52029942011104 83.36490804361915 498.6350407001304
60868 34380.756192 82.17414126532815 1.3606393601739302 499.93767338645404
60868 34680.756192 67.68607666924925 -54.42661570800955 497.5000898217966
60868 34980.756192 49.310218576207 -64.39580453736416 492.31409642321
60868 35280.756192 30.479878456338785 -68.78519685273157 486.66833028733635
60868 35580.756192 11.484306771614461 -71.71265210185413 482.8332283546313
60868 35880.756192 -7.5662734750249045 -74.26083844095888 482.62190123050516
60868 36180.756192 -26.57876482798741 -77.05057377068637 486.1795823258887
60868 36480.756192 -45.454091110723716 -80.98387665606346 491.529009115859
60868 36780.756192 -63.97537807172453 -88.99237196537683 497.26691926307035
60868 37080.756192 -80.37676887729206 -124.6555883897934 500.57725814305275
60868 37380.756192 -75.00534010295083 136.42483081536957 500.1445571201339
60868 37680.756192 -57.21117573470915 118.64271096880019 496.22808288087293
60868 37980.756192 -38.51908095978306 112.82863821490248 490.55690024596265
60868 38280.756192 -19.58580294734828 109.47915834684596 485.6986774192409
60868 38580.756192 -0.5548431068969526 106.85317320287477 483.5796988965271
60868 38880.756192 18.478758559630688 104.24441197581925 485.2637081553389
60868 39180.756192 37.42170649394079 100.96570853567773 489.8667745208639
60868 39480.756192 56.137530806771125 95.3974109861891 495.3884321439019
60868 39780.756192 74.04879234761032 79.1643078497017 499.3637505399427
60868 40080.756192 81.01224792811976 -16.266860576751743 499.9822879491786
60868 40380.756192 65.01638640329337 -56.672065755882684 496.8880744599499
60868 40680.756192 46.528544289472315 -65.15845447688775 491.30222313464077
60868 40980.756192 27.661942759796272 -69.20837553386524 485.6869680067575
60868 41280.756192 8.651432197040716 -72.0333246716531 482.3788542960372
60868 41580.756192 -10.400365419556035 -74.5795635790151 482.7391137655436
60868 41880.756192 -29.3999461538975 -77.46546369573193 486.6420147047965
60868 42180.756192 -48.24405081268404 -81.71778907809785 492.1203686651718
60868 42480.756192 -66.66458320426129 -91.07026868630162 497.6177320652085
60868 42780.756192 -81.82004257185692 -140.4217766887517 500.4392172907934
60868 43080.756192 -72.50603298668588 131.7042207658445 499.4817040569736
60868 43380.756192 -54.4466833144312 117.52512174610125 495.24666999187815
60868 43680.756192 -35.702283708173965 112.3060194691597 489.62997708012193
60868 43980.756192 -16.74730666432856 109.12920609064513 485.1385837172235
60868 44280.756192 2.289189545044543 106.54303001508323 483.74354434786653
60868 44580.756192 21.31392716995181 103.885533934886 486.0305050589287
60868 44880.756192 40.233104680387605 100.41432614594152 490.9234799285272
60868 45180.756192 58.89040144464622 94.1681409075246 496.4213342159895
60868 45480.756192 76.46796179688683 73.44019986294978 499.99021780820334
60868 45780.756192 79.21980904134814 -29.014857405288193 500.0151883092333
60868 46080.756192 62.31170951593289 -58.501313080746506 496.38616928784796
60868 46380.756192 43.73604275524864 -65.84302006051244 490.53654065582333
60868 46680.756192 24.838178723916116 -69.60845516743518 484.8363746531993
60868 46980.756192 5.814617889780076 -72.3492290446196 482.00160807928864
60868 47280.756192 -13.23638587977706 -74.90599347964762 482.9667950132466
60868 47580.756192 -32.22022157584237 -77.90796858553145 487.09582269343673
60868 47880.756192 -51.02828299149672 -82.5434724463423 492.7262162843337
60868 48180.756192 -69.3185061954439 -93.6666856164568 497.9452690292173
60868 48480.756192 -82.44195944011747 -160.65251771730794 500.26255708390437
60868 48780.756192 -69.91842418683466 128.1587449670733 498.80006717740565
60868 49080.756192 -51.669541733355636 116.55443942526621 494.29367771320693
60868 49380.756192 -32.880378885171204 111.82158484107639 488.7844799243486
60868 49680.756192 -13.906764821068279 108.79018439862222 484.70237526276554
60868 49980.756192 5.1333906004203484 106.23058274793428 483.9626903628161
60868 50280.756192 24.147074251589807 103.50966420839957 486.8652088732627
60868 50580.756192 43.03906452190696 99.81007794104815 492.01357962388465
60868 50880.756192 61.626663838742466 92.71757784669161 497.36333664683076
60868 51180.756192 78.69954261165674 65.37858845320729 500.4482619664162
60868 51480.756192 77.05625254805949 -37.856379050110014 499.8544033721664
60868 51780.756192 59.58311565450784 -60.02112049312567 495.7147931138575
60868 52080.756192 40.93543129141702 -66.46370636511593 489.6592357864901
60868 52380.756192 22.00823915498742 -69.99007042742585 483.4555794090923
60868 52680.756192 2.969697034294931 -72.66339404118393 480.95452187855074
60868 52980.756192 -16.082943453483907 -75.24368105221939 482.4601396584541
60868 53280.756192 -35.0543616488855 -78.38577755575498 487.22294949120237
60868 53580.756192 -53.82626273819692 -83.48954843315184 492.6288904386693
60868 53880.756192 -71.9437425913744 -97.0299272425747 497.8495864956971
60868 54180.756192 -82.0382649171289 178.328132517205 500.0099436917316
60868 54480.756192 -67.24848808057935 125.38665435256954 498.43028112684686
60868 54780.756192 -48.86007716341571 115.69346996174697 494.0337001983053
60868 55080.756192 -30.03634508756711 111.36583566252186 488.9433480083436
60868 55380.756192 -11.052942223658738 108.45797825605557 485.5578422717524
60868 55680.756192 7.982070898274025 105.91310790489761 485.357478591019
60868 55980.756192 26.985737703158662 103.11170195933593 485.59146279597184
60868 56280.756192 45.86890355737767 99.13285709149473 487.0035989493205
60868 56580.756192 64.41372264987088 90.92009072186019 488.16276652837644
60868 56880.756192 80.68051976601808 53.1326482174214 493.59789463999726
60868 57180.756192 74.54331176340476 -44.36740549918377 496.16727727528456
60868 57480.756192 56.67980380166776 -61.37183549505859 495.71206169227685
60868 57780.756192 37.98485984600774 -67.05870127976836 493.6177239606839
60868 58080.756192 19.0748518818202 -70.36826162413364 491.9616721226791
60868 58380.756192 0.08588659621162328 -72.97961866914964 492.4908315091532
60868 58680.756192 -18.892547226730223 -75.58656181470307 495.75686618678856
60868 58980.756192 -37.77347716078116 -78.87752440028993 500.77193887475374
60868 59280.756192 -56.426336544956364 -84.49573712965478 505.47349382790526
60868 59580.756192 -74.26519152345027 -101.0302862420427 507.49882055699953
60868 59880.756192 -80.90040859982777 162.8473953702881 505.291429391437
60868 60180.756192 -64.8384139158849 123.41449266940889 498.80888529303536
60868 60480.756192 -46.3446384722918 115.01665728625382 489.65582397065276
60868 60780.756192 -27.457865272718827 110.98569668723691 480.3402598513309
60868 61080.756192 -8.407959933713709 108.16343762356409 474.0923094010116
60868 61380.756192 10.69618000890944 105.61077355503478 472.50982348700717
60868 61680.756192 29.754639974090097 102.70447437968645 475.71007737805076
60868 61980.756192 48.65099263984844 98.3925051020273 482.1039179920906
60868 62280.756192 67.09985497219708 88.7748901046035 490.27124409940393
60868 62580.756192 81.9998726785594 36.53580514630004 495.5082873855006
60868 62880.756192 72.04392433739696 -48.80440697034303 497.50225089165065
60868 63180.756192 53.94352813927063 -62.448324262275904 496.4729865220112
60868 63480.756192 35.20661502157328 -67.5661757433384 493.9933910167881
60868 63780.756192 16.281552560985592 -70.70923011625989 492.19260132353673
60868 64080.756192 -2.7104152052269286 -73.28281245232084 492.7249057013948
60868 64380.756192 -21.681597027971677 -75.93925379603814 495.9779994058124
60868 64680.756192 -40.54297821449826 -79.42341300389849 500.78658289609103
60868 64980.756192 -59.144406685098474 -85.72517980289231 504.99626482330547
60868 65280.756192 -76.65149858668299 -106.8510766619827 506.328862094994
60868 65580.756192 -79.08431470238015 150.48665622411352 503.4378699630653
60868 65880.756192 -62.13695763711817 121.61209893105332 496.5350873846635
60868 66180.756192 -43.54765883038348 114.33647954948374 487.46024223931585
60868 66480.756192 -24.625518969798744 110.58696262306587 478.7992576309089
60868 66780.756192 -5.560101594994476 107.8479319906931 473.54054562171393
60868 67080.756192 13.542499553827344 105.28391402775979 473.1006822088306
60868 67380.756192 32.582012906310005 102.25926806636598 477.2652495202874
60868 67680.756192 51.434825437374705 97.55497359693402 484.23750524318865
60868 67980.756192 69.74525734167244 86.08387965566072 492.8561506457967
60868 68280.756192 82.45182370880117 15.919823051745464 497.22725019673135
60868 68580.756192 69.4649943450117 -52.158043550477046 498.15151960268435
60868 68880.756192 51.191951341740356 -63.385578799974226 496.14855141186916
60868 69180.756192 32.41312352576922 -68.03814797947814 492.9982488661613
60868 69480.756192 13.466962682678615 -71.04199602269394 490.89163541663044
60868 69780.756192 -5.535245911663261 -73.59229026468344 491.4040867534183
60868 70080.756192 -24.505992263998323 -76.31571581300898 494.7376773481689
60868 70380.756192 -43.35218079926562 -80.0352055061566 499.5575662014791
60868 70680.756192 -61.895037553399504 -87.21052846731781 503.6300050458546
60868 70980.756192 -78.8845689294098 -115.24780403534186 504.7349162890288
60868 71280.756192 -76.86879419179796 141.7690576046108 501.6959827960187
60868 71580.756192 -59.36196942780168 120.09082656150272 494.92566023357017
60868 71880.756192 -40.69764941315524 113.7114315753059 486.45783568465055
60868 72180.756192 -21.751319541284676 110.20200650614075 478.9292226682436
60868 72480.756192 -2.6819066829238527 107.53095792243887 474.78571787566864
60868 72780.756192 16.407670856293443 104.9430228529419 475.3642697788761
60868 73080.756192 35.41751832276699 101.77607748156123 480.14930210647884
60868 73380.756192 54.214926487991725 96.59426682120154 488.10176316808844
60868 73680.756192 72.3338084986409 82.60653308219244 491.78754127238966
60868 73980.756192 81.8814578537687 -4.556664615054759 494.4194350629008
60868 74280.756192 66.78580087752236 -54.8091672985621 493.92006880915403
60868 74580.756192 48.356813075076374 -64.23092524256309 491.1367909610322
60868 74880.756192 29.516764473371715 -68.49505549902968 488.028607411441
60868 75180.756192 10.53207689418808 -71.38230705544255 486.7629021088726
60868 75480.756192 -8.49086168551378 -73.92406412144842 488.69025228706374
60868 75780.756192 -27.461908362820527 -76.73620194153217 493.7067421023235
60868 76080.756192 -46.28319219978655 -80.74980100672163 499.97584785629573
60868 76380.756192 -64.73471120144514 -89.08700580082373 505.17544815664473
60868 76680.756192 -80.8261582490186 -127.9172014144321 507.0148016452955
60868 76980.756192 -74.37612769781767 135.51188683755643 504.3988412021906
60868 77280.756192 -56.52138993419822 118.789171531907 497.88458123269464
60868 77580.756192 -37.81837594243408 113.1377486156066 489.5126304472453
60868 77880.756192 -18.867102856340157 109.8330554697131 481.6151271721348
60868 78180.756192 0.19314159522841795 107.21543591395148 477.5250102974508
60868 78480.756192 19.26328532368133 104.59013867648983 477.8556261467065
60868 78780.756192 38.243798484773876 101.25278421726588 481.9403017026014
60868 79080.756192 56.98805887685511 95.48228762768908 487.75938389325466
60868 79380.756192 74.86359537265231 77.92052948318431 487.4397888187491
60868 79680.756192 80.43803355557485 -20.86408420878202 489.8275504271738
60868 79980.756192 64.01736549799556 -56.95967563882558 487.6077206078328
60868 80280.756192 45.44897103595257 -64.99849465823793 483.6934141908864
60868 80580.756192 26.53777840962394 -68.93679440820854 480.5458461316015
60868 80880.756192 7.502631140407313 -71.72813855840977 480.3199106611144
60868 81180.756192 -11.55093238894796 -74.27689876317089 484.1109646828885
60868 81480.756192 -30.528921657010525 -77.20400642716064 491.3297422048882
60868 81780.756192 -49.32480558251482 -81.5894175897418 499.8996442438781
60868 82080.756192 -67.65503358419267 -91.52445972318175 507.1092454354944
60868 82380.756192 -82.14983335925075 -146.712222984157 510.53561382583734
60868 82680.756192 -71.65458536686691 130.85105664463453 509.0913095732326
60868 82980.756192 -53.575069631572575 117.64265274218748 503.40033286690806
60868 83280.756192 -34.856324227025375 112.59595055088072 495.5256532994787
60868 83580.756192 -15.921871912445702 109.46982934273987 488.1550586272085
60868 83880.756192 3.107269337478654 106.89426531702037 483.5903523155654
60868 84180.756192 22.1402076219503 104.21871659521874 482.7307111851238
60868 84480.756192 41.07871375100726 100.67901470062063 484.8929696908675
60868 84780.756192 59.75677665535554 94.17694606874434 488.1488807272622
60868 85080.756192 77.23961523822462 71.49975729358223 490.3072029377356
60868 85380.756192 78.48720620641309 -32.08090289969799 490.21293252871607
60868 85680.756192 61.3014181966399 -58.66213286402531 487.32165046012676
60868 85980.756192 42.653089855074455 -65.6559935548052 483.08821678744977
60868 86280.756192 23.71412431218098 -69.32848977970549 479.9631594175636
60869 180.756192 4.667659303738415 -72.04270320099704 480.0420133983692
60869 480.756192 -14.384453540697878 -74.60733882019352 484.2235623984567
60869 780.756192 -33.34741247457861 -77.65968138547646 491.7167090812024
60869 1080.756192 -52.106602928901545 -82.45774681973144 500.2249287288552
60869 1380.756192 -70.29386314314728 -94.36816090773681 507.07839357882784
60869 1680.756192 -82.41948528691903 -167.79769813697553 509.972045939146
60869 1980.756192 -69.03880706128783 127.60014379511583 508.0506190739698
60869 2280.756192 -50.78657129857519 116.709729119979 502.1620084300881
60869 2580.756192 -32.02374683636423 112.12002929111566 494.49354287532583
60869 2880.756192 -13.070418253027466 109.13169247831107 487.66153400188256
60869 3180.756192 5.962302553133055 106.57866292846384 483.8488420704647
60869 3480.756192 24.98386531775654 103.8343648851593 483.66994321463284
60869 3780.756192 43.89327849504303 100.05223694241771 486.19450423424513
60869 4080.756192 62.495379424714265 92.63368466635474 489.37772089363744
60869 4380.756192 79.38638362721056 62.365262220991156 491.09251780569963
60869 4680.756192 76.22836808548725 -39.871517406768156 490.3083703062962
60869 4980.756192 58.56110557981229 -60.0846269021581 486.8602582076928
60869 5280.756192 39.847028935963955 -66.25260591377946 482.436172670539
60869 5580.756192 20.883515853780626 -69.70151187472462 479.46962930340754
60869 5880.756192 1.8282797470160346 -72.35442695463779 479.9639607557279
60869 6180.756192 -17.219446176494202 -74.9477129168288 484.6036241253365
60869 6480.756192 -36.16375538689843 -78.1494797411225 492.4129217143308
60869 6780.756192 -54.87850580028782 -83.4484344585849 500.84211839331294
60869 7080.756192 -72.86984062205882 -98.05318886279117 507.2849564389864
60869 7380.756192 -81.67732470679435 172.3857448226306 509.5908527020159
60869 7680.756192 -66.37604599375642 125.06371947757776 507.1455765097549
60869 7980.756192 -47.99419388629548 115.89024973255162 501.01520859606046
60869 8280.756192 -29.19317101686116 111.67743367295746 493.50821641773877
60869 8580.756192 -10.223291786870439 108.80379303273084 487.1566550660952
60869 8880.756192 8.811686969698721 106.26038892728914 484.0234988257442
60869 9180.756192 27.820938582714803 103.43057834294612 484.4328162067372
60869 9480.756192 46.69927960721955 99.35977111273515 487.2199149986539
60869 9780.756192 65.21007363557779 90.7720060860916 490.26464782369766
60869 10080.756192 81.14364787192879 49.17881783351642 491.5324781989678
60869 10380.756192 73.78916974373618 -45.4258677705211 490.2339641031273
60869 10680.756192 55.80282057731997 -61.295269633284136 486.40883218089357
60869 10980.756192 37.03414553396074 -66.7994952001102 481.87963088393457
60869 11280.756192 18.04946475995788 -70.05920879641685 479.1557426306535
60869 11580.756192 -1.0118127349399018 -72.66478667950754 480.12435112528016
60869 11880.756192 -20.052338146639986 -75.29962168789818 485.2341032041293
60869 12180.756192 -38.97472808483499 -78.67850376464584 493.32345090274737
60869 12480.756192 -57.63662022932575 -84.5907448626584 501.5838763276387
60869 12780.756192 -75.35101101316953 -102.97985377966698 507.51298070224107
60869 13080.756192 -80.15255024423884 157.25580521015763 509.15473998515284
60869 13380.756192 -63.68021379214187 123.0293897965974 506.1421100500572
60869 13680.756192 -45.19662939458686 115.16123081400178 499.75812056803136
60869 13980.756192 -26.36117293210517 111.26205469927314 492.42305141186915
60869 14280.756192 -7.376275743060652 108.48319809615901 486.5727021620648
60869 14580.756192 11.659739639577927 105.9368931177291 484.1250069195545
60869 14880.756192 30.655185404883735 103.00292413636592 485.1222930138382
60869 15180.756192 49.4987488267048 98.58641054139841 488.19145509972964
60869 15480.756192 67.89412219209203 88.47587931305812 491.1484759709608
60869 15780.756192 82.24055516367663 31.027224518791424 492.04192433515124
60869 16080.756192 71.24085479707387 -49.5184288401104 490.31908618028416
60869 16380.756192 53.03357815426345 -62.33661675804445 486.19695421607076
60869 16680.756192 34.2205938190218 -67.3018701763746 481.72207227280313
60869 16980.756192 15.219716640645098 -70.40240420489201 479.36029120974604
60869 17280.756192 -3.8431376627983305 -72.97446720624932 480.82263798582454
60869 17580.756192 -22.872134121264544 -75.66485008292884 486.30252318553204
60869 17880.756192 -41.76851436266298 -79.2528905741568 494.48792229227263
60869 18180.756192 -60.367038644713475 -85.92188796571119 502.4016959306857
60869 18480.756192 -77.67366989710087 -109.77093588796012 507.645680933927
60869 18780.756192 -78.15296992872221 146.71658595307704 508.4909307371562
60869 19080.756192 -60.96971896721982 121.36518626762086 504.82867691514355
60869 19380.756192 -42.40270492111713 114.5073719868874 498.1593908520906
60869 19680.756192 -23.534512012274515 110.8696756091386 491.00346784371243
60869 19980.756192 -4.534848827085396 108.16743998740995 485.71554931758294
60869 20280.756192 14.501892397252655 105.6053466908913 484.00207058126006
60869 20580.756192 33.48267655986289 102.5456622517024 485.64535787336547
60869 20880.756192 52.28740452887534 97.7116845105452 489.04648838016965
60869 21180.756192 70.53233031732273 85.57077199905159 491.9661125281643
60869 21480.756192 82.38499087826919 9.811713813936068 492.55668698047583
60869 21780.756192 68.6237637989434 -52.632103513628024 490.3938588519675
60869 22080.756192 50.257164821282274 -63.24257766511639 486.08597169743433
60869 22380.756192 31.40734194760575 -67.76692151579866 481.7611217663887
60869 22680.756192 12.39365046773011 -70.73454489714892 479.7962350995363
60869 22980.756192 -6.667834987533572 -73.28635933259143 481.7373958477041
60869 23280.756192 -25.682371698819196 -76.04778076086706 487.5280532084564
60869 23580.756192 -44.54962622594063 -79.8846209039435 495.60687768281747
60869 23880.756192 -63.07190122232578 -87.50510763588424 503.142386898982
60869 24180.756192 -79.74449534628029 -119.45001631752012 507.6949653417701
60869 24480.756192 -75.87950679604423 139.3907768604779 507.76806653545174
60869 24780.756192 -58.24550289506947 119.97899659403542 503.5072270760599
60869 25080.756192 -39.6097955129592 113.91775948077516 496.614062751691
60869 25380.756192 -20.712370661299342 110.49854748450026 489.69599632880403
60869 25680.756192 -1.700332230349427 107.85620874751112 485.05499195354935
60869 25980.756192 17.334588577805707 105.26454462137387 484.02212265781
60869 26280.756192 36.29811171340099 102.05365798368013 486.1913546895076
60869 26580.756192 55.05803808720722 96.71123725182787 489.7829883730888
60869 26880.756192 73.09961645307379 81.79281476093551 492.53674912727024
60869 27180.756192 81.53034012567045 -9.512768964921554 492.7409358756875
60869 27480.756192 65.9615798709101 -55.067679295734266 490.13819001368864
60869 27780.756192 47.47453503923016 -64.03814890607532 485.6691899311071
60869 28080.756192 28.591628822585008 -68.19957258278296 481.5049260855976
60869 28380.756192 9.565822564954622 -71.05760152857546 479.98215429887546
60869 28680.756192 -9.493806949710534 -73.6030110367578 482.45915421634464
60869 28980.756192 -28.492815855309438 -76.4538589917689 488.58473018658475
60869 29280.756192 -47.327957767284445 -80.58944787897683 496.56319220811525
60869 29580.756192 -65.75603240230672 -89.43235850454802 503.7891369926165
60869 29880.756192 -81.39165760781587 -133.38522879185132 507.747297207677
60869 30180.756192 -73.43803979433308 134.13903825369292 507.1639554503631
60869 30480.756192 -55.50301373469882 118.80275312635526 502.42771463329916
60869 30780.756192 -36.81106897805289 113.38075691088152 495.42126241138504
60869 31080.756192 -17.889331476531552 110.14475497071545 488.8133759241592
60869 31380.756192 1.131454709698371 107.54723419898075 484.79536840711705
60869 31680.756192 20.161092754210934 104.91231950236617 484.35241789925954
60869 31980.756192 39.10384931029703 101.52184362241977 486.8835817489419
60869 32280.756192 57.81098022476298 95.55621261796628 490.47534056722293
60869 32580.756192 75.56562910448929 76.72802728335681 492.8904286401037
60869 32880.756192 79.9333197518206 -24.005233599356792 492.58417740141596
60869 33180.756192 63.26729674652321 -57.028059018725045 489.5328568635811
60869 33480.756192 44.68489559505323 -64.74722399081722 484.9214832916152
60869 33780.756192 25.771366534974465 -68.60652650696953 480.96048368581717
60869 34080.756192 6.733740916807979 -71.37469080142253 479.9351765325211
60869 34380.756192 -12.323747981200002 -73.92667085782894 482.9855669873951
60869 34680.756192 -31.3062094873724 -76.88678691976776 489.50603137751534
60869 34980.756192 -50.1050890136118 -81.38178177802529 497.4942640082624
60869 35280.756192 -68.41282172210455 -91.82561849283768 504.4183666983135
60869 35580.756192 -82.33465746217848 -152.2014116730805 507.8122668686695
60869 35880.756192 -70.88996191464665 130.2376702227546 506.6239770463549
60869 36180.756192 -52.743533201237625 117.78747903689721 501.4841611208424
60869 36480.756192 -34.00436499379858 112.88602017438188 494.438618971762
60869 36780.756192 -15.061929152637164 109.80404340886011 488.1554953259474
60869 37080.756192 3.9649950283299265 107.23741614781615 484.6968525109509
60869 37380.756192 22.986841798344553 104.54442708340386 484.79001421900983
60869 37680.756192 41.90569373403838 100.94006647821621 487.60990726760946
60869 37980.756192 60.549686602067695 94.19901037956313 491.1278698651365
60869 38280.756192 77.87720019607873 69.67949376647854 493.1482043217805
60869 38580.756192 77.88199575485123 -34.10157048743884 492.31004175541227
60869 38880.756192 60.54617608375989 -58.64152561354416 488.79230222754376
60869 39180.756192 41.88659286144433 -65.38537970106142 484.0851477544968
60869 39480.756192 22.94561015037945 -68.99175504634286 480.39420977328587
60869 39780.756192 3.8979076071698464 -71.68737997440947 479.9131186162923
60869 40080.756192 -15.155665743489449 -74.25864182168404 483.5652822869033
60869 40380.756192 -34.11930735246978 -77.3500188421225 490.54008991051336
60869 40680.756192 -52.876026710330926 -82.27889416522862 498.5466421460478
60869 40980.756192 -71.02487230698476 -94.86471351119214 505.09720722576816
60869 41280.756192 -82.30554973961736 -173.35461630228156 507.8671219826838
60869 41580.756192 -68.27457114465436 127.24624892610775 506.04344957479884
60869 41880.756192 -49.97280752388987 116.90006925099652 500.5029129160591
60869 42180.756192 -31.192502196184897 112.42660214886585 493.43795366376276
60869 42480.756192 -12.23139308546334 109.47377365720637 487.43530246812276
60869 42780.756192 6.800574241772084 106.9251029497071 484.4995352198639
60869 43080.756192 25.81362496075608 104.15835137802483 485.09649047116227
60869 43380.756192 44.70642434522363 100.29928482271087 488.16313948134365
60869 43680.756192 63.274530950172384 92.57873150916673 491.5782489498205
60869 43980.756192 79.9316571781352 59.55800673474212 493.21011571113445
60869 44280.756192 75.5638821923052 -41.16299142124025 491.90357824663056
60869 44580.756192 57.799851284508364 -59.99847568600769 487.92951896613107
60869 44880.756192 39.07599250943974 -65.9668305028976 483.2145630354245
60869 45180.756192 20.11061268724685 -69.35988596033893 479.91858491666585
60869 45480.756192 1.0552759260759204 -71.99828679431977 480.0890612930091
60869 45780.756192 -17.991606302744692 -74.60179057308882 484.3963633043172
60869 46080.756192 -36.932946054203676 -77.84961579145983 491.901948194769
60869 46380.756192 -55.63926752284486 -83.30632493039775 499.9004777507382
60869 46680.756192 -73.57003904655096 -98.83569813699009 505.981548698813
60869 46980.756192 -81.31414064730308 168.0668808738253 508.0324970135514
60869 47280.756192 -65.61496126567465 124.88535330726128 505.4982190181813
60869 47580.756192 -47.194901945720105 116.1148065997364 499.4995378878024
60869 47880.756192 -28.37811200793629 111.99627623918244 492.3609430627169
60869 48180.756192 -9.399952044646858 109.15108369155166 486.5198787107758
60869 48480.756192 9.636665597003393 106.60772400312415 484.04819659962465
60869 48780.756192 28.640697205380736 103.74978339509072 485.10269660722156
60869 49080.756192 47.50565323570076 99.58624490127117 488.390436098526
60869 49380.756192 65.98056062050891 90.60604467386507 491.71650293735195
60869 49680.756192 81.53506438218231 44.97606593002022 493.0386528074084
60869 49980.756192 73.08346629965644 -46.25387770596013 491.4348180078211
60869 50280.756192 55.03178016932622 -61.159957306673874 487.2896695959321
60869 50580.756192 36.25516605652774 -66.50215303773227 482.669710873534
60869 50880.756192 17.269833064878423 -69.71485732380144 479.8255315975043
60869 51180.756192 -1.7895206280416907 -72.3099985618792 480.6266991565883
60869 51480.756192 -20.82637203637002 -74.95899319020197 485.4913095565145
60869 51780.756192 -39.7425484020298 -78.39238079298272 493.35908998128684
60869 52080.756192 -58.39040997048552 -84.49801315608852 501.1750529518795
60869 52380.756192 -76.01185295019205 -104.20078685639993 506.6427747672705
60869 52680.756192 -79.63132715701862 154.35855204428117 507.8822300378931
60869 52980.756192 -62.91960376863868 122.97152480616334 504.6090139288973
60869 53280.756192 -44.40460373811746 115.41033440159745 498.1803577353831
60869 53580.756192 -25.55373798886646 111.58862274607496 491.04725112582594
60869 53880.756192 -6.559715267952485 108.83227892088345 485.5273498303651
60869 54180.756192 12.479998229867615 106.2816898075006 483.63790769174227
60869 54480.756192 31.472582010748233 103.31277310162388 485.23729499340664
60869 54780.756192 50.3043510997156 98.78290798691016 488.8193771091877
60869 55080.756192 68.65730412552354 88.14811196686077 492.1304302696398
60869 55380.756192 82.38635336996319 25.526506523386843 493.2172724968294
60869 55680.756192 70.50466915641863 -50.040464511200575 491.35573597173146
60869 55980.756192 52.2522084435452 -62.16292042274989 487.1637057394261
60869 56280.756192 33.43387208254952 -66.9951816215044 482.69464054057363
60869 56580.756192 14.434114898285639 -70.05599324534683 480.27509912655125
60869 56880.756192 -4.6248485329308835 -72.62098792454503 481.6007869612859
60869 57180.756192 -23.648002107641513 -75.32937714358076 486.833621379934
60869 57480.756192 -42.53665076294853 -78.9821643958944 494.65159155384134
60869 57780.756192 -61.11713399717834 -85.89346112253092 502.1243573369834
60869 58080.756192 -78.27891554960625 -111.68062951546024 506.8837043830479
60869 58380.756192 -77.53806161010667 144.8472736696948 507.2902143718687
60869 58680.756192 -60.20340168979484 121.39299921887735 503.33238505660205
60869 58980.756192 -41.60964164417574 114.7760378149884 496.5881008901504
60869 59280.756192 -22.72680376175155 111.20300432882739 489.6150948740513
60869 59580.756192 -3.718575428594416 108.51855931232798 484.70818604780254
60869 59880.756192 15.32165475632914 105.94835562620048 483.4721842712878
60869 60180.756192 34.299644769301 102.84656716721642 485.6003108387009
60869 60480.756192 53.09201785437273 97.87430110874607 489.40886356474863
60869 60780.756192 71.28250274448897 85.01863850123992 492.61584515961727
60869 61080.756192 82.23210652029242 4.286387190644762 493.38270071328236
60869 61380.756192 67.86529322828055 -52.94367313411575 491.1710739543772
60869 61680.756192 49.46547643947936 -63.03680229845821 486.86046982416525
60869 61980.756192 30.61090427605121 -67.45065659584456 482.57850409595295
60869 62280.756192 11.598423910459303 -70.38486587295014 480.6394664637834
60869 62580.756192 -7.458668109511472 -72.93323399387907 482.54817690239156
60869 62880.756192 -26.46618052234872 -75.71742726859964 488.17090618674
60869 63180.756192 -45.32411374388276 -79.63214207230277 495.87328029681845
60869 63480.756192 -63.82294846674481 -87.56331738134374 503.06795614237507
60869 63780.756192 -80.25785277762746 -122.42392120545556 507.20942584793056
60869 64080.756192 -75.20666436943988 138.18762761356376 506.8910003283548
60869 64380.756192 -57.47231426044216 120.07139719322356 502.3603929962449
60869 64680.756192 -38.81509431554962 114.20352980898183 495.3936439442665
60869 64980.756192 -19.90567792073751 110.83896145412503 488.6514136992558
60869 65280.756192 -0.8871316776649926 108.21053602554777 484.39116537274316
60869 65580.756192 18.14927698972216 105.60776460113557 483.7496748642496
60869 65880.756192 37.10848537997871 102.34850429575336 486.28165826533444
60869 66180.756192 55.85402174106548 96.84048572687225 490.14307760869644
60869 66480.756192 73.82224338922914 80.93823649992257 493.054227725967
60869 66780.756192 81.13533935639894 -13.749592685320078 493.3303882040541
60869 67080.756192 65.19608783888644 -55.229691559168494 490.6734855245242
60869 67380.756192 46.682994887772615 -63.806704316581005 486.1830454701333
60869 67680.756192 27.79495611929551 -67.87521989073105 482.0657826170543
60869 67980.756192 8.76939482331336 -70.70492082370022 480.59397252528055
60869 68280.756192 -10.286601293072827 -73.24999004709895 483.0907401692945
60869 68580.756192 -29.278947190841798 -76.12851231722382 489.132956201901
60869 68880.756192 -48.103814835236406 -80.35705765680122 496.8571121230202
60869 69180.756192 -66.50205558295697 -89.60239141292912 503.787065029049
60869 69480.756192 -81.74163688672988 -137.74689622064875 507.37513139407434
60869 69780.756192 -72.73124371293171 133.3695506074214 506.4413798220106
60869 70080.756192 -54.72597470480058 118.94353173509626 501.47813418559895
60869 70380.756192 -36.016099869363856 113.67924847167654 494.4336230013384
60869 70680.756192 -17.084258890949656 110.48968967437628 488.0101688681858
60869 70980.756192 1.9415366557856044 107.90247129482202 484.3156866575259
60869 71280.756192 20.971158871825658 105.25280216659417 484.22004005243843
60869 71580.756192 39.90814516519632 101.80548039978915 487.0716119232863
60869 71880.756192 58.5979141018946 95.63679246904111 490.8932690443109
60869 72180.756192 76.24689246185169 75.40471560137308 493.42424529125145
60869 72480.756192 79.3865243038684 -26.834834141055577 493.1533089554487
60869 72780.756192 62.499413114623756 -57.07680402748571 490.0387355159795
60869 73080.756192 43.896967173639524 -64.49262682613465 485.3795193987346
60869 73380.756192 24.978961404199655 -68.27450941237448 481.44077616174735
60869 73680.756192 5.941522628762725 -71.01955880257648 480.441154216953
60869 73980.756192 -13.112638395673546 -73.57472609254003 483.48696535664925
60869 74280.756192 -32.0886793738256 -76.56811135887165 489.9339477981876
60869 74580.756192 -50.87660121380892 -81.17442747722687 497.69213385875196
60869 74880.756192 -69.14620490074998 -92.14939808577996 504.312699511542
60869 75180.756192 -82.43284530995506 -157.63836031006247 507.34892868549156
60869 75480.756192 -70.16306160902596 129.7592181577373 505.8488682448767
60869 75780.756192 -51.96461549498943 117.96616737946127 500.5403861821951
60869 76080.756192 -33.2095740415882 113.19420552643716 493.515630728249
60869 76380.756192 -14.258061334334208 110.15144705749253 487.4441361929622
60869 76680.756192 4.772936874662689 107.59159975511959 484.3149532974234
60869 76980.756192 23.793752071741793 104.87977149916242 484.76153439557106
60869 77280.756192 42.70551912648046 101.20810185922019 487.88082228743156
60869 77580.756192 61.32835335107927 94.21334703238323 491.593928640056
60869 77880.756192 78.4948719292824 67.62408405852925 493.69641380081606
60869 78180.756192 77.24839497027187 -35.91820197476634 492.8679220860167
60869 78480.756192 59.775977020370135 -58.607027959940744 489.31461361193266
60869 78780.756192 41.100911530627215 -65.11252826174692 484.54239919291587
60869 79080.756192 22.156237380063665 -68.6541716660983 480.83567365860216
60869 79380.756192 3.1088705521007727 -71.33144857085266 480.342518975208
60869 79680.756192 -15.941518404191518 -73.90961678553722 483.9501726753407
60869 79980.756192 -34.898754125123354 -77.0409332099525 490.8674394348364
60869 80280.756192 -53.64340073115161 -82.10485312660184 498.6328148287408
60869 80580.756192 -71.74120979347357 -95.41247681501301 504.85752716627087
60869 80880.756192 -82.11828793002189 -178.53922934012536 507.27434241365864
60869 81180.756192 -67.53306870607119 126.96725205022308 505.17286589951607
60869 81480.756192 -49.19089688002453 117.10893411320014 499.5155487883007
60869 81780.756192 -30.396104995980785 112.74254582956424 492.52516604808835
60869 82080.756192 -11.426482284306827 109.82238025603122 486.7078873941166
60869 82380.756192 7.609146502257466 107.27664957494741 484.11222474309153
60869 82680.756192 26.62057780066245 104.48607296852408 485.08913098740214
60869 82980.756192 45.505123076718846 100.54638304675393 488.4770161480351
60869 83280.756192 64.0469306989882 92.50173551097207 492.1096078442091
60869 83580.756192 80.4439776461513 56.38113814112838 493.8531480184876
60869 83880.756192 74.87845205388146 -42.323909285545284 492.58062436305573
60869 84180.756192 57.026375740720404 -59.901574084132534 488.6805452385847
60869 84480.756192 38.29166847306658 -65.67934451757365 483.9097679274627
60869 84780.756192 19.324624409072328 -69.01807353414554 480.55658283190724
60869 85080.756192 0.27100897958520453 -71.64242106243671 480.64044383531507
60869 85380.756192 -18.771814912083116 -74.25655204933408 484.80631731094746
60869 85680.756192 -37.706230458927145 -77.55184235132947 492.221847724228
60869 85980.756192 -56.398817874582356 -83.17352454397268 499.8504403679475
60869 86280.756192 -74.25853262947572 -99.71055524298674 505.47705105043315
60870 180.756192 -80.90269274630296 164.19767536485617 507.0864825420087
60870 480.756192 -64.86321456226028 124.74868976840565 504.2365238777211
60870 780.756192 -46.40882486040273 116.34811484045049 498.1319610988507
60870 1080.756192 -27.576768861656145 112.31831386626673 491.1188537084118
60870 1380.756192 -8.588873561226471 109.49979576821818 485.36443603161155
60870 1680.756192 10.453080108728262 106.95523744705666 483.33338260211735
60870 1980.756192 29.45639444631158 104.06716174969372 484.8960798405295
60870 2280.756192 48.3124683831285 99.80474674338755 488.65165665667297
60870 2580.756192 66.75355069286863 90.39533675288986 492.3461587182778
60870 2880.756192 81.8690016400553 40.295725447953686 493.9182012351015
60870 3180.756192 72.35828451983085 -46.995829049880626 492.42771270464095
60870 3480.756192 54.24823278980957 -61.014423081098386 488.42186624514386
60870 3780.756192 35.46560698589043 -66.20159936199373 483.81047330051183
60870 4080.756192 16.48200958974608 -69.36864080319636 480.9232252311054
60870 4380.756192 -2.5725127084087074 -71.95374083660711 481.6007699235001
60870 4680.756192 -21.602609692733783 -74.61745222874293 486.2375858241756
60870 4980.756192 -40.510410748463194 -78.10761212086767 493.77849035367393
60870 5280.756192 -59.14170243520242 -84.41786175746915 501.0629820862213
60870 5580.756192 -76.6580454383528 -105.57360902741317 505.92134451879804
60870 5880.756192 -79.08122343902393 151.79929085092277 506.59849225376723
60870 6180.756192 -62.160180786463094 122.94145396472695 502.93331038849595
60870 6480.756192 -43.614343563467436 115.66551032508227 496.36834980945116
60870 6780.756192 -24.746844153243845 111.91714928266634 489.3784632486901
60870 7080.756192 -5.742410527140958 109.18203408748133 484.1256351538272
60870 7380.756192 13.30330896186736 106.62619873437289 482.7840911342884
60870 7680.756192 32.295276647117745 103.62036248040774 484.971148735548
60870 7980.756192 51.11694711632577 98.96971730918868 489.07301980380237
60870 8280.756192 69.42566734608798 87.75727011449874 492.78222800584956
60870 8580.756192 82.44865148558766 19.777550412518558 494.1355619313146
60870 8880.756192 69.75146110231194 -50.50612990491494 492.3786747626521
60870 9180.756192 51.458138548473855 -61.981127958564784 488.27278858229334
60870 9480.756192 32.6355382289978 -66.68521477567947 483.83105427053005
60870 9780.756192 13.638236192731952 -69.70744490342265 481.39121518711926
60870 10080.756192 -5.415192743804169 -72.26620611638863 482.62170021835965
60870 10380.756192 -24.430773971310632 -74.99408463234806 487.6250675524121
60870 10680.756192 -43.310768502051204 -78.71586147304431 494.89175502404123
60870 10980.756192 -61.871405915077524 -85.88851209850604 501.9519859160218
60870 11280.756192 -78.8661367650785 -113.8585430875652 506.24241709028587
60870 11580.756192 -76.90131611069985 143.18779277530018 506.22985267158515
60870 11880.756192 -59.43250993760177 121.43969522405014 502.0039332325613
60870 12180.756192 -40.81418515133834 115.04899974846126 495.210824144763
60870 12480.756192 -21.918291827296862 111.53749509270918 488.4487736787557
60870 12780.756192 -2.903300779423059 108.8697077851476 484.04297217056614
60870 13080.756192 16.13836587887688 106.29083319389821 483.29445967849637
60870 13380.756192 35.11168978468225 103.14604329950903 485.8767679162879
60870 13680.756192 53.88992993468845 98.0303669008592 490.0234238865262
60870 13980.756192 72.02100825360232 84.40191738779302 493.41895405072637
60870 14280.756192 82.00404955215167 -0.9047673720685295 494.2335305041558
60870 14580.756192 67.11073524627952 -53.2061885712335 491.9461476254353
60870 14880.756192 48.680252235225765 -62.823636166013294 487.54247509853786
60870 15180.756192 29.820256616558282 -67.13238018623898 483.180586040661
60870 15480.756192 10.807494780182676 -70.03456031006546 481.16596921498
60870 15780.756192 -8.247261817467997 -72.58048459325586 482.9698103154007
60870 16080.756192 -27.250256347963834 -75.38920623566695 488.36620459440974
60870 16380.756192 -46.10165775604205 -79.38657966413 495.60716572662733
60870 16680.756192 -64.57803689027827 -87.65388432844613 502.52461386568353
60870 16980.756192 -80.73866744149592 -125.8002172624094 506.39394103732474
60870 17280.756192 -74.51545804054747 137.104098483902 505.8859051220101
60870 17580.756192 -56.68940144243833 120.16998477074443 501.31662650377643
60870 17880.756192 -38.012440237771294 114.48660443953636 494.5026441549854
60870 18180.756192 -19.09382575084178 111.1748590289627 488.1131179659681
60870 18480.756192 -0.0723700160864161 108.5595866376287 484.3734806128229
60870 18780.756192 18.961317853574243 105.94502778894692 484.20390346824746
60870 19080.756192 37.91180407044498 102.63577692077571 487.11287262623057
60870 19380.756192 56.63839394924428 96.95471410544607 491.1891871546434
60870 19680.756192 74.52335342725536 79.98413650538697 494.13333976465736
60870 19980.756192 80.69595121145896 -17.482075838212822 494.2807507942451
60870 20280.756192 64.44467239140042 -55.346895060484854 491.3789952670469
60870 20580.756192 45.90838009725767 -63.56688702821309 486.6260597228183
60870 20880.756192 27.014635068896034 -67.54938962577772 482.31325711630103
60870 21180.756192 7.986951454615397 -70.35323428220713 480.66951835599525
60870 21480.756192 -11.069184591736374 -72.89941400866154 482.9880303874277
60870 21780.756192 -30.059472540075383 -75.8073862595141 488.771848261051
60870 22080.756192 -48.87948873508021 -80.13436703082768 496.12382116375426
60870 22380.756192 -67.25063124202357 -89.81745828000167 502.8977110870468
60870 22680.756192 -82.03317200845967 -142.5566883395543 506.38785069583264
60870 22980.756192 -72.00760531397239 132.67011603880445 505.4666551403192
60870 23280.756192 -53.93667359292283 119.08453361338974 500.6647886614701
60870 23580.756192 -35.21082417263138 113.97194864747857 493.94204769223626
60870 23880.756192 -16.27300615706075 110.82774910907666 487.98692741611086
60870 24180.756192 2.7523217385696372 108.25042146876967 484.8431281401318
60870 24480.756192 21.775664603241026 105.58553237834067 485.22732959127075
60870 24780.756192 40.700405012413476 102.0799639044969 488.39071575263165
60870 25080.756192 59.366366825927265 95.70025051790984 492.29805144506753
60870 25380.756192 76.89514410339484 73.94722591408973 494.698486848038
60870 25680.756192 78.82655898267733 -29.24986198599652 494.1205934358294
60870 25980.756192 61.754437432543895 -57.08783896845402 490.6065714463146
60870 26280.756192 43.13345693947474 -64.23048381424806 485.50775335148995
60870 26580.756192 24.20880709233999 -67.94171819179795 481.2551663236502
60870 26880.756192 5.167229800108999 -70.66623784218112 480.01389846400593
60870 27180.756192 -13.889357873541385 -73.22617435654918 482.881541716025
60870 27480.756192 -32.86551849372924 -76.25508333746208 489.08206676801603
60870 27780.756192 -51.64953664922221 -80.98028554024548 496.5894825389652
60870 28080.756192 -69.88341694588912 -92.54032182718257 503.18741044544976
60870 28380.756192 -82.45009367912927 -163.26465943041 506.29112092592584
60870 28680.756192 -69.4182630456326 129.3237789570326 504.97934679763637
60870 28980.756192 -51.17149541546095 118.14424566900965 499.9933034305696
60870 29280.756192 -32.40405542947081 113.49751106400126 493.4213499050775
60870 29580.756192 -13.449707975155002 110.49330079041813 487.9321032097369
60870 29880.756192 5.5775501004959125 107.94011509115106 485.3692495347874
60870 30180.756192 24.588950164826297 105.20939868968746 486.236053429426
60870 30480.756192 43.48555500474429 101.46984672428471 489.55000119013266
60870 30780.756192 62.079825222043596 94.21424448617455 493.1929167779393
60870 31080.756192 79.06532870325022 65.40048840302558 494.9911554916629
60870 31380.756192 76.62486579187944 -37.43827692214753 493.6847437150486
60870 31680.756192 59.03695852868214 -58.53988518761456 489.6456580413774
60870 31980.756192 40.34632835442154 -64.83175834690806 484.3279017636736
60870 32280.756192 21.39377676039289 -68.31494742228026 480.210973634784
60870 32580.756192 2.3402277866191854 -70.97658586040282 479.43477740225467
60870 32880.756192 -16.714766787645384 -73.56362486718963 482.8641236767524
60870 33180.756192 -35.673966809769524 -76.73798342815655 489.5331054919938
60870 33480.756192 -54.41507819895264 -81.94782311257836 497.1881416774246
60870 33780.756192 -72.4625930242729 -96.06240075123948 503.54145093247223
60870 34080.756192 -81.85250798741531 176.47542969586854 506.20163960370706
60870 34380.756192 -66.77158796039531 126.71654915774997 504.46412911364513
60870 34680.756192 -48.3932904575568 117.31833671382005 499.285768966211
60870 34980.756192 -29.589732100484763 113.05596162211069 492.87205986536213
60870 35280.756192 -10.620824501107636 110.16816806857935 487.8217819854337
60870 35580.756192 8.407049367778093 107.62572148828141 485.81196543891707
60870 35880.756192 27.405200138148523 104.8119698732772 487.1389330971357
60870 36180.756192 46.270927580607044 100.79250153496822 490.58242305314286
60870 36480.756192 64.77770857223996 92.41958925871921 493.95639570084717
60870 36780.756192 80.88780537853438 53.05340136806856 495.1785967081902
60870 37080.756192 74.22444027602566 -43.261211774347906 493.2074522616637
60870 37380.756192 56.295866932006206 -59.77205265033345 488.796411617304
60870 37680.756192 37.54810651136886 -65.38136731554938 483.46942960129235
60870 37980.756192 18.57233639832443 -68.67222836909977 479.5654880105458
60870 38280.756192 -0.4893545965624845 -71.28557311905863 479.25346360882486
60870 38580.756192 -19.539174378868495 -73.91281910437513 483.1758856909722
60870 38880.756192 -38.47732917480805 -77.25976761757175 490.3159199135829
60870 39180.756192 -57.16687470182689 -83.06188895439045 497.9370394450658
60870 39480.756192 -74.95314871441798 -100.74394842659778 503.83839577379104
60870 39780.756192 -80.43029512046758 160.61872493508844 505.87356594659866
60870 40080.756192 -64.08851006980302 124.63127352871925 503.5838649976294
60870 40380.756192 -45.60634939802663 116.58387444686353 498.15350103338733
60870 40680.756192 -26.768727561429884 112.6410621376112 491.89381219766136
60870 40980.756192 -7.784418430279612 109.84939065752155 487.2320629942617
60870 41280.756192 11.24520392115534 107.30489925773709 485.79100304928016
60870 41580.756192 30.23073499721381 104.38904338864293 487.6243019010635
60870 41880.756192 49.06367432372893 100.03262484114416 491.27258694617416
60870 42180.756192 67.46113092716553 90.20219846526287 494.48914225411136
60870 42480.756192 82.11393327427926 35.731111791024794 495.2879683259823
60870 42780.756192 71.69206450013587 -47.55540415869131 492.8435585040249
60870 43080.756192 53.527231282655265 -60.83643742223718 488.18193866090496
60870 43380.756192 34.7316048902306 -65.88935942438442 482.9529861861424
60870 43680.756192 15.73749156915575 -69.01714937053444 479.4832722277766
60870 43980.756192 -3.3271828544541955 -71.5953818204201 479.78311238296664
60870 44280.756192 -22.3661803718957 -74.27658989504515 484.2448227022901
60870 44580.756192 -41.2770469942682 -77.82788544783445 492.12757099711666
60870 44880.756192 -59.90063272622945 -84.3605627413694 499.4231642470182
60870 45180.756192 -77.30204090793346 -107.1700008681521 504.44345829236573
60870 45480.756192 -78.49120349052849 149.4757139201467 505.4163511098849
60870 45780.756192 -61.3847080313365 122.9273301179374 502.1823923982838
60870 46080.756192 -42.81576419690106 115.9245716206621 496.1827352189441
60870 46380.756192 -23.942430714242118 112.24825414794702 489.8416466350407
60870 46680.756192 -4.938307669005997 109.53417521447535 484.7293991812196
60870 46980.756192 14.1017515583545 106.97361446912379 483.9244564266824
60870 47280.756192 33.082301760163794 103.93218284695473 486.49176729302343
60870 47580.756192 51.88517435742472 99.16302284734147 490.731630531034
60870 47880.756192 70.14300595528067 87.36400270052323 494.3113862708677
60870 48180.756192 82.42814388220617 14.404928945993882 495.3130359347575
60870 48480.756192 69.0440812749019 -50.85769204475182 493.0733470252759
60870 48780.756192 50.713050941621226 -61.776447879544214 488.50773427744576
60870 49080.756192 31.88135696345155 -66.36698752822073 483.67083106035534
60870 49380.756192 12.878597793362722 -69.35538660492853 480.9161959722852
60870 49680.756192 -6.178849734750189 -71.91033925193908 481.90323927502266
60870 49980.756192 -25.19695139264757 -74.65973190693619 486.7885603572581
60870 50280.756192 -44.076573081628325 -78.45400624084442 493.7922102317308
60870 50580.756192 -62.62288505307557 -85.90600250945486 500.7059615067412
60870 50880.756192 -79.43085796978087 -116.33136808727765 504.9315202214249
60870 51180.756192 -76.24414502544808 141.70571225087792 504.9691934154425
60870 51480.756192 -58.65439842728382 121.49999187258794 500.9449865249775
60870 51780.756192 -40.01466656275606 115.32463237677395 494.5272266054505
60870 52080.756192 -21.110746745272568 111.87303654405797 488.22837407196135
60870 52380.756192 -2.0945690881103975 109.2214038283876 484.2135171954098
60870 52680.756192 16.943104133775215 106.63344689732486 484.0653289147892
60870 52980.756192 35.90605920508218 103.44483374304225 487.1267239132651
60870 53280.756192 54.66462552511335 98.18173320558654 491.53233463229105
60870 53580.756192 72.72821748792133 83.7331645277514 494.9362442187534
60870 53880.756192 81.71529632670398 -5.542231662365588 495.55089387231845
60870 54180.756192 66.38336491322767 -53.39678188278173 492.9230847607262
60870 54480.756192 47.92661107019056 -62.59328147858337 488.16770749575477
60870 54780.756192 29.06097960240394 -66.80738857073801 483.45327445464187
60870 55080.756192 10.045536800593055 -69.68131677239346 481.08987083650015
60870 55380.756192 -9.010783957557289 -72.22654662023248 482.55760172972003
60870 55680.756192 -28.014513123790188 -75.06119206426045 487.66289965511635
60870 55980.756192 -46.86824312973376 -79.14571250200703 493.6325236464085
60870 56280.756192 -65.32911428914946 -87.77616527249802 500.53864063894105
60870 56580.756192 -81.17659083227392 -129.60361108728543 504.5575715429899
60870 56880.756192 -73.80544365593362 136.1364644389862 504.37163159484726
60870 57180.756192 -55.8942450433575 120.28089752005023 500.3138723645718
60870 57480.756192 -37.19968111173437 114.77380246366312 494.1875283832004
60870 57780.756192 -18.276517371672586 111.51355181816048 488.48644280889977
60870 58080.756192 0.7424315170895206 108.91079491931671 485.02975278282594
60870 58380.756192 19.768981067590175 106.28320221347542 485.4934560681993
60870 58680.756192 38.7056000547006 102.9215038894175 488.8390638211358
60870 58980.756192 57.40768527455139 97.05887357435486 493.07982293074025
60870 59280.756192 75.19768923461356 78.93060072231917 495.9102554649667
60870 59580.756192 80.22389403608014 -20.711792196649743 495.71809800826605
60870 59880.756192 63.7132417719145 -55.410890623076185 492.31030329836693
60870 60180.756192 45.156472619484205 -63.31108949583094 487.06146959208473
60870 60480.756192 26.257231123758444 -67.2155952541032 482.3182843138674
60870 60780.756192 7.225920754608814 -69.99675246216522 480.2696051181313
60870 61080.756192 -11.833018877788875 -72.54600438129992 482.24004525107273
60870 61380.756192 -30.825509960757618 -75.48579701933829 487.7221794570461
60870 61680.756192 -49.648436694815466 -79.91834337358982 493.8038916960994
60870 61980.756192 -67.99782991701596 -90.0822571801358 500.5799977935518
60870 62280.756192 -82.25313514338505 -147.78812641542376 504.2614537034238
60870 62580.756192 -71.26232356682492 132.04925929262947 503.739974401803
60870 62880.756192 -53.12800873983064 119.23856551917477 499.56275080993225
60870 63180.756192 -34.38654864778362 114.27108690370603 493.6625104684296
60870 63480.756192 -15.445561357217384 111.17081708792841 488.5207067455793
60870 63780.756192 3.575431278307233 108.60266055776682 485.8271146048482
60870 64080.756192 22.589482935266503 105.92131608479949 486.88526237167724
60870 64380.756192 41.497798788503445 102.35455332335249 490.47172418233464
60870 64680.756192 60.13470706622282 95.7506196932051 494.4905218854325
60870 64980.756192 77.52542472418082 72.31130295383755 496.7006887428049
60870 65280.756192 78.24725702781775 -31.362084638288405 495.69503000900113
60870 65580.756192 61.0175795923342 -57.06682586921232 491.54617401486365
60870 65880.756192 42.37863869325777 -63.95702128932226 485.6844698950004
60870 66180.756192 23.447865895806977 -67.60176104666468 481.0236482682737
60870 66480.756192 4.4018775947187585 -70.30753339432809 479.4213459761073
60870 66780.756192 -14.65792664076361 -72.8736533911154 482.01892170737653
60870 67080.756192 -33.636365436024796 -75.94050181486494 487.9535576711198
60870 67380.756192 -52.4205717422981 -80.79285685902612 494.60098868705853
60870 67680.756192 -70.61941072262717 -92.99787718330184 501.210870949973
60870 67980.756192 -82.38038704922413 -168.91115614191926 504.4781061418945
60870 68280.756192 -68.65676936025268 128.9453162469535 503.51803638683083
60870 68580.756192 -50.36259376684041 118.33484779911551 499.0979071942994
60870 68880.756192 -31.582255953334332 113.80796711350884 493.28178294871515
60870 69180.756192 -12.626091028471564 110.84083071666608 488.55117519046104
60870 69480.756192 6.395526079582969 108.29333011515547 486.74936276885853
60870 69780.756192 25.394940678662877 105.54233400010399 488.25569947477163
60870 70080.756192 44.27244715667222 101.73143162169934 491.93823093243446
60870 70380.756192 62.83258146902879 94.19758108498309 495.61491682453374
60870 70680.756192 79.60915149588179 62.90919684257563 497.12503441246304
60870 70980.756192 75.9932743231641 -38.766260723032794 495.288682441412
60870 71280.756192 58.307529045442934 -58.44736805813087 490.4322351002192
60870 71580.756192 39.6093372256707 -64.53883997540105 485.39768464419575
60870 71880.756192 20.656198700573594 -67.96629135161166 480.6397233975992
60870 72180.756192 1.6013170179169296 -70.61313937047592 479.12018874287327
60870 72480.756192 -17.456219236245726 -73.20930857574541 481.84712909267193
60870 72780.756192 -36.42097356349554 -76.42756806484765 488.2892234238045
60870 73080.756192 -55.162478384983935 -81.78749407306871 494.3413595614144
60870 73380.756192 -73.16569527025304 -96.77698095222037 499.85906052104576
60870 73680.756192 -81.51856385624117 171.862797135921 502.0223468908326
60870 73980.756192 -65.98787970311959 126.49576335753585 500.24832178700393
60870 74280.756192 -47.556114421058474 117.52826252520784 495.5593870371129
60870 74580.756192 -28.725652041975053 113.36650163640564 490.13721092475276
60870 74880.756192 -9.742489535818118 110.50974814756383 486.39447713773825
60870 75180.756192 9.2903794615466 107.96818389682801 486.3011152294652
60870 75480.756192 28.285147655352052 105.12548735757285 485.34653730055896
60870 75780.756192 47.157639127021085 101.0039543071747 487.0902260696545
60870 76080.756192 65.661584946375 92.1893615533726 490.05743677293833
60870 76380.756192 81.38233945830085 48.27560851035656 493.5500052143924
60870 76680.756192 73.38844218594892 -44.40803705161071 494.13950868488723
60870 76980.756192 55.384806272676805 -59.70339371255257 491.98905375669653
60870 77280.756192 36.64348890922062 -65.11044468151258 488.7274295645306
60870 77580.756192 17.69631174820522 -68.33998365836551 486.5670517851111
60870 77880.756192 -1.3247168791584858 -70.93496620600874 487.2811634863154
60870 78180.756192 -20.327038970104496 -73.569368373117 491.31593070494193
60870 78480.756192 -39.22025103786101 -76.96073801422986 497.48017481999653
60870 78780.756192 -57.860789229236914 -82.92437109030678 503.5797772061969
60870 79080.756192 -75.54458446539823 -101.67579631217546 507.07406478567856
60870 79380.756192 -80.00105363105843 157.9810953343792 506.3141210110053
60870 79680.756192 -63.43458758097742 124.62824324317577 501.2038148623227
60870 79980.756192 -44.91194593881817 116.8556182592518 493.26775413263346
60870 80280.756192 -26.03369409960841 112.97939414577317 485.12850264909594
60870 80580.756192 -7.00781678524796 110.20528670350733 479.4643646985696
60870 80880.756192 12.065604923966331 107.65256945816884 477.8327476470454
60870 81180.756192 31.090187981989306 104.69628328982871 480.33619974391917
60870 81480.756192 49.94963851835099 100.21325963174839 485.40032126800804
60870 81780.756192 68.33136756540272 89.80486592336149 491.0487438415862
60870 82080.756192 82.33379204558302 29.42717061082468 493.88246934579547
60870 82380.756192 70.83224625872185 -48.29991659330233 493.67343062646034
60870 82680.756192 52.61751153151293 -60.71737078011392 490.92140613623906
60870 82980.756192 33.8277382737745 -65.60622300966408 487.4355698544027
60870 83280.756192 14.857956892588366 -68.68272412942531 485.4600288260341
60870 83580.756192 -4.1717569693458305 -71.2476473527928 486.6390298301557
60870 83880.756192 -23.169118810320796 -73.94139836732498 491.1922011630559
60870 84180.756192 -42.041463738583076 -77.54952529254388 497.64727626733355
60870 84480.756192 -60.62114049335364 -84.29723238886832 503.7691757282917
60870 84780.756192 -77.87772852606936 -108.77356759681687 507.01975579416643
60870 85080.756192 -77.94262937440344 147.66642896322162 505.917867635554
60870 85380.756192 -60.6902409816756 122.97984645219313 500.5891535041174
60870 85680.756192 -42.09014308362821 116.2047725141027 492.73198936128694
60870 85980.756192 -23.185485983420268 112.58747861290168 484.9236381524454
60870 86280.756192 -4.151305217977758 109.88843545353265 479.87819583245016
60871 180.756192 14.91573103265858 107.31794189044817 478.89631316735023
60871 480.756192 33.91924669243256 104.2317462404486 481.8031387626218
60871 780.756192 52.7344146439208 99.31722516614117 486.8392606726562
60871 1080.756192 70.95503757800593 86.77636489792506 491.9976054112932
60871 1380.756192 82.30751630192404 8.205262732151475 494.3296609932445
60871 1680.756192 68.20979181181157 -51.28234422864219 493.53546427761705
60871 1980.756192 49.84255006300638 -61.60244783295821 490.38140806670674
60871 2280.756192 31.014002534946343 -66.06541464943056 486.8211007036714
60871 2580.756192 12.027776251171428 -69.01368316083169 485.09356461751895
60871 2880.756192 -7.0049890228847165 -71.56124298636377 486.68837884048685
60871 3180.756192 -25.99207578464006 -74.32939065739387 491.6624252628258
60871 3480.756192 -44.83780870094893 -78.19341220441403 498.1676391068754
60871 3780.756192 -63.34214510836527 -85.92375637562976 503.99325065615176
60871 4080.756192 -79.93131349559319 -118.88752277401414 506.69304653846336
60871 4380.756192 -75.62931289099349 140.5352755478849 504.9993483590873
60871 4680.756192 -57.94104697123057 121.60776322148011 499.28265308691397
60871 4980.756192 -39.27384886986691 115.61671389528526 491.41689149438724
60871 5280.756192 -20.341094211528766 112.2151934785512 483.6187769640422
60871 5580.756192 -1.2943673866984353 109.57435991924233 479.29281848826605
60871 5880.756192 17.76981527258711 106.97225541520642 479.16339009510745
60871 6180.756192 36.75392445141215 103.72990222870718 482.72772640747945
60871 6480.756192 55.52052387520936 98.28727890201219 488.00866050456113
60871 6780.756192 73.52310538409219 82.79805816893577 492.7402961791951
60871 7080.756192 81.3056883140776 -10.51236853904063 494.8118318222506
60871 7380.756192 65.53039291633489 -53.6463611258905 493.7169009730429
60871 7680.756192 47.04956204161102 -62.38848159409373 490.43076041651193
60871 7980.756192 28.190951629625783 -66.49615475910414 487.00679127401395
60871 8280.756192 9.195005848645446 -69.33654275056323 485.6420464440441
60871 8580.756192 -9.834137219489255 -71.87837316044285 487.64559173146773
60871 8880.756192 -28.805111329112876 -74.73719748958736 492.8506089483185
60871 9180.756192 -47.61735234375146 -78.90452159662897 499.19361909011826
60871 9480.756192 -66.02591058544897 -87.88874945279828 504.4291237204067
60871 9780.756192 -81.52456336324715 -133.32998931691097 506.2834192536788
60871 10080.756192 -73.1697320187162 135.43537251750197 503.7413933421073
60871 10380.756192 -55.18676276967003 120.44403629925972 497.4384867474642
60871 10680.756192 -36.45966019230878 115.08047933947411 489.4376451351003
60871 10980.756192 -17.500175384191298 111.8598620423842 481.697562872403
60871 11280.756192 1.5603221520225852 109.2621722356933 478.22917395695214
60871 11580.756192 20.622324679824086 106.61442922927809 479.0899360622869
60871 11880.756192 39.58610907374936 103.18626619107118 483.4734552700064
60871 12180.756192 58.29607122170786 97.09385690352939 489.11180875232975
60871 12480.756192 75.99069223200162 77.40908956289276 493.3072008118579
60871 12780.756192 79.60160503673579 -24.29703627659631 495.0261948042649
60871 13080.756192 62.81223775336702 -55.563824714235835 493.61206106191133
60871 13380.756192 44.24151681015926 -63.09388228881686 490.2403699315573
60871 13680.756192 25.355755503200662 -66.90367616754179 487.05133854216535
60871 13980.756192 6.35132846714405 -69.65454136685483 486.1686394590003
60871 14280.756192 -12.67263045113289 -72.2029079160287 488.66421060915343
60871 14580.756192 -31.625822999562757 -75.17197114413167 494.0691700414142
60871 14880.756192 -50.40010450698264 -79.70387887514232 500.35314469042726
60871 15180.756192 -68.68491465872454 -90.33325833201371 505.10929652192027
60871 15480.756192 -82.38257261694248 -152.60313025089718 506.2277626320644
60871 15780.756192 -70.60885597448855 131.62982584265694 502.93780671936037
60871 16080.756192 -52.41860042698058 119.43630152150315 496.12480054010035
60871 16380.756192 -33.64222387517106 114.58511960232703 488.06279671989705
60871 16680.756192 -14.6627337898655 111.51740476933999 481.2419701460686
60871 16980.756192 4.402532569197204 108.95028345100818 478.28963797239487
60871 17280.756192 23.45574494008194 106.24335372968727 479.64152164478617
60871 17580.756192 42.39470585958193 102.59609808489944 484.2712712300289
60871 17880.756192 61.0386017729105 95.698035202588 489.9215521502723
60871 18180.756192 78.27155574703535 69.90676428233122 493.81156218896166
60871 18480.756192 77.49255540284307 -33.787223839985074 494.9129088802934
60871 18780.756192 60.085596537268586 -57.13535348985507 492.9837403616108
60871 19080.756192 41.440446332160015 -63.725410528220145 489.4164693667598
60871 19380.756192 22.52746296888846 -67.28790509187525 486.4186863925327
60871 19680.756192 3.512428258840542 -69.96778404008207 486.00311744440756
60871 19980.756192 -15.508497359995818 -72.53626723910678 489.0041033612843
60871 20280.756192 -34.44522344897677 -75.63853664163841 494.7264929442055
60871 20580.756192 -53.17891612144274 -80.61263827971125 501.1173917116029
60871 20880.756192 -71.30145410287864 -93.45597145389635 505.62828290362376
60871 21180.756192 -82.24771077772452 -173.79777503234115 506.2855976592644
60871 21480.756192 -67.9796540352888 128.70131188979764 502.5349326569724
60871 21780.756192 -49.63913127991737 118.55469847718827 495.4764741365045
60871 22080.756192 -30.823758816160563 114.12547383213465 487.5585554148307
60871 22380.756192 -11.829694372943711 111.18589296841513 481.40210936952667
60871 22680.756192 7.235203606158444 108.63632111210754 478.9574370553112
60871 22980.756192 26.274720426230495 105.85432915027849 480.7116177935011
60871 23280.756192 45.183460397886904 101.9468091686097 485.4045606701955
60871 23580.756192 63.746369090484954 94.0336330865212 490.8301779073473
60871 23880.756192 80.25253108780292 59.17049253258002 494.2337653742711
60871 24180.756192 75.15637781963072 -40.39877699444207 494.63811535839307
60871 24480.756192 57.35395766066261 -58.44760806743024 492.1582807241727
60871 24780.756192 38.64672430748143 -64.29573585942914 488.37887283593864
60871 25080.756192 19.708376844002142 -67.65231358306703 485.5515019965884
60871 25380.756192 0.6832825927848949 -70.27765701146295 485.59486760515875
60871 25680.756192 -18.334238354507917 -72.88012518399249 489.11326121665246
60871 25980.756192 -37.25350091241073 -76.14206821178823 495.1435721649053
60871 26280.756192 -55.94130756886906 -81.65624319291233 501.6200791772498
60871 26580.756192 -73.84178480092238 -97.5552523024225 505.8971796653172
60871 26880.756192 -81.1626799529679 168.06206961682918 506.1498194056419
60871 27180.756192 -65.30849551609366 126.39400265594185 502.0363862388213
60871 27480.756192 -46.85394181974547 117.77864421881569 494.8567560001355
60871 27780.756192 -28.00518463454976 113.69781421995692 487.20776419180623
60871 28080.756192 -8.999040735449304 110.8639943295875 481.6572634817082
60871 28380.756192 10.06339148131132 108.31865691595517 479.76379822852175
60871 28680.756192 29.086887717359577 105.44344616256167 481.88120021060763
60871 28980.756192 47.96139756747262 101.22455199912054 486.55482440215064
60871 29280.756192 66.42416282847587 92.0053331585256 491.51004425364215
60871 29580.756192 81.73719355922279 43.87089179311353 494.2919411095099
60871 29880.756192 72.67868125273738 -45.18106250050033 493.9863702125454
60871 30180.756192 54.60629820804741 -59.567249537679864 491.001369025866
60871 30480.756192 35.84513808700819 -64.81775520856712 487.0919515200501
60871 30780.756192 16.883020934502305 -68.00168494845632 484.55055946004734
60871 31080.756192 -2.1508729395427264 -70.58749086236084 485.16562867760666
60871 31380.756192 -21.163105092695027 -73.2386891330233 489.27813631993564
60871 31680.756192 -40.06160350512044 -76.69174001776759 495.68716278308665
60871 31980.756192 -58.6940287193049 -82.87402922256432 502.2541368420443
60871 32280.756192 -76.27302371713726 -103.13160276100042 506.2987028182937
60871 32580.756192 -79.41489963395695 154.86137013437926 506.1521209478141
60871 32880.756192 -62.60477384327525 124.52909521936043 501.68870839007695
60871 33180.756192 -44.06189953885042 117.08781857261776 494.40419898138003
60871 33480.756192 -25.184925779631712 113.29678940425518 487.0024703667698
60871 33780.756192 -6.168905077086007 110.54901207282936 481.9177627038581
60871 34080.756192 12.889511828044165 107.99472204130993 480.5432025304412
60871 34380.756192 31.895399821745205 105.00614932842319 482.97049565779565
60871 34680.756192 50.731925687572435 100.41308201429675 487.5703872549471
60871 34980.756192 69.06687398098727 89.47814822119057 492.0181494462664
60871 35280.756192 82.43203113599297 24.01060832597789 494.1309535487433
60871 35580.756192 70.11000483481529 -48.7683095516532 493.1351868754452
60871 35880.756192 51.8439121329921 -60.538319940044694 489.70522042082615
60871 36180.756192 33.03562473682766 -65.30064166693269 485.75173571085213
60871 36480.756192 14.05179850594713 -68.33956127270372 483.5721462419864
60871 36780.756192 -4.9891757370708145 -70.8992619665666 484.7933998008764
60871 37080.756192 -23.99416628701732 -73.61411298879862 489.5054917962226
60871 37380.756192 -42.868823906193654 -77.29454241884727 496.267009814196
60871 37680.756192 -61.43453722058933 -84.31228401106279 502.8675317536158
60871 37980.756192 -78.52676771745246 -110.98002036330543 506.6405439621472
60871 38280.756192 -77.27257356754038 145.70279316971457 506.083583652127
60871 38580.756192 -59.87370393944955 122.98449571280884 501.2964844349021
60871 38880.756192 -41.25965376660298 116.4637316637767 493.9633309214556
60871 39180.756192 -22.357974746717083 112.91607257744214 486.84336315127354
60871 39480.756192 -3.334038238046986 110.23760865344858 482.23177326461183
60871 39780.756192 15.718535684108414 107.66161982279957 481.36193397038426
60871 40080.756192 34.704628384587174 104.53689905552746 484.0600759914793
60871 40380.756192 53.49784545098203 99.49058231495569 488.54675620756603
60871 40680.756192 71.66278865486899 86.24303484399996 492.47758815345674
60871 40980.756192 82.12278835071179 3.1035346929731014 493.8975602315632
60871 41280.756192 67.47827507105754 -51.546418230015824 492.23157875015283
60871 41580.756192 49.06762525830247 -61.390730596803294 488.40427835337493
60871 41880.756192 30.218115232659798 -65.75016666079279 484.4678528054135
60871 42180.756192 11.215070246013765 -68.66763209360097 482.69849628423765
60871 42480.756192 -7.830739491442181 -71.21401716360856 484.55365467500707
60871 42780.756192 -26.82606939067157 -74.00884295486429 489.86239676815404
60871 43080.756192 -45.673044845867985 -77.96017731690485 496.9343363761357
60871 43380.756192 -64.15653393433297 -86.03815748023698 503.49770312366655
60871 43680.756192 -80.47224748339087 -122.30200819391526 506.93780636091594
60871 43980.756192 -74.90191120944569 139.26892868406358 505.9396808080928
60871 44280.756192 -57.12249112543094 121.68269035912746 500.83720572092255
60871 44580.756192 -38.44957086658137 115.89519019307944 493.4871436623755
60871 44880.756192 -19.525947143987175 112.55237521750253 486.6393954720565
60871 45180.756192 -0.4955643820664545 109.92793214530656 482.5079116698124
60871 45480.756192 18.54978087097695 107.31710585713057 482.14666797554673
60871 45780.756192 37.51414116547483 104.03014631628011 485.09878670691637
60871 46080.756192 56.25767611594408 98.4304413102646 489.45025684741717
60871 46380.756192 74.18797488062188 81.97685398861955 492.8692959655914
60871 46680.756192 80.90824698165628 -14.220550635571811 493.61622652301986
60871 46980.756192 64.80169791625399 -53.76031648204164 491.34388953430624
60871 47280.756192 46.27954528246029 -62.14908686785315 487.20703431665294
60871 47580.756192 27.394183438218892 -66.17293266364597 483.3737944146679
60871 47880.756192 8.37497732381065 -68.98932558128813 482.07170225233136
60871 48180.756192 -10.672812233097437 -71.53480070519676 484.5591735857666
60871 48480.756192 -29.655243301489154 -74.42736342712885 490.4518753750681
60871 48780.756192 -48.469482692811205 -78.70200758042178 497.7730850163209
60871 49080.756192 -66.84907938943533 -88.1480028167098 504.18737453938985
60871 49380.756192 -81.8813463796881 -138.36480517895885 507.19492882898516
60871 49680.756192 -72.39754615835072 134.6032930257248 505.69056202212454
60871 49980.756192 -54.35894051553973 120.56837019736291 500.24536351673186
60871 50280.756192 -35.63587484051797 115.37245938787049 492.87395814586677
60871 50580.756192 -16.692005065286065 112.20207733944373 486.24341564911515
60871 50880.756192 2.34427423429298 109.61746395064692 482.5895458968347
60871 51180.756192 21.381832855553508 106.95788576766783 482.73894485533737
60871 51480.756192 40.323051667911294 103.47791444640612 485.95436178177204
60871 51780.756192 59.009072132853014 97.19472745763505 490.20187219090167
60871 52080.756192 76.60032154800304 76.15145874549991 493.19323925667567
60871 52380.756192 79.08265785102732 -26.671970444214438 493.3775706582534
60871 52680.756192 62.091999035801706 -55.56639866633733 490.63542152635114
60871 52980.756192 43.482350041628884 -62.830594643422835 486.32676028127213
60871 53280.756192 24.566872821412034 -66.57308862927847 482.6890242253427
60871 53580.756192 5.5355474841973145 -69.30612683665004 481.8742220681826
60871 53880.756192 -13.51047964211256 -71.86250732002476 484.9378986109979
60871 54180.756192 -32.47628411327261 -74.87201596225498 491.39697356343464
60871 54480.756192 -51.25189171447281 -79.53327548719274 498.798493205
60871 54780.756192 -69.4974748318664 -90.77789636285165 504.8485164471754
60871 55080.756192 -82.4513262115104 -158.73047634469432 507.23455049696975
60871 55380.756192 -69.81301782976695 131.10001364825848 505.090954289617
60871 55680.756192 -51.58758006538831 119.60095191116122 499.23337367663186
60871 55980.756192 -32.819209993196885 114.88796866220306 491.831221660433
60871 56280.756192 -13.854711684798339 111.86244842058642 485.28721798744095
60871 56580.756192 5.1889155938315445 109.30402707621207 482.1700172713199
60871 56880.756192 24.21962772845639 106.58014087401335 482.91214513542815
60871 57180.756192 43.136817311769676 102.86912789072879 486.5059933759774
60871 57480.756192 61.754541205938615 95.72613274220227 490.80550524869017
60871 57780.756192 78.82653349989954 67.88339535575255 493.56101059716303
60871 58080.756192 76.88985161817214 -35.31901404038504 493.3751001935539
60871 58380.756192 59.35188888782688 -57.06647497051269 490.3563781711552
60871 58680.756192 40.674000920494336 -63.44556819202645 486.0409489473363
60871 58980.756192 21.73554558306039 -66.95153101150984 482.72124905092664
60871 59280.756192 2.6981762636765514 -69.61756288741353 482.43864513498454
60871 59580.756192 -16.340268991152378 -72.19735598118486 486.01821577931565
60871 59880.756192 -35.28473267540356 -75.34655037827874 492.8432645794083
60871 60180.756192 -54.014304509395316 -80.47471351113172 500.04532272188334
60871 60480.756192 -72.0810697460431 -94.14320206999014 505.42660969361384
60871 60780.756192 -82.00653911523332 -179.3462343558039 506.91670554717257
60871 61080.756192 -67.17897301737183 128.39433150546805 503.9253802672628
60871 61380.756192 -48.8114747635673 118.75618637805685 497.52784586166416
60871 61680.756192 -29.999686790125576 114.43942444035397 490.04364374210377
60871 61980.756192 -11.01387212150134 111.53436257333635 483.5673671802182
60871 62280.756192 8.039270891240655 108.98875778004869 481.15146906475206
60871 62580.756192 27.064510809761604 106.18373518153979 482.64618077633736
60871 62880.756192 45.95658286970388 102.19632127436998 486.7818561830508
60871 63180.756192 64.49099526836262 93.95534864045865 491.3085727618101
60871 63480.756192 80.72464134864127 55.87786380980276 493.99285396086873
60871 63780.756192 74.478983189288 -41.436674625700284 493.62668289601197
60871 64080.756192 56.585696381699584 -58.336609879740216 490.52505728641495
60871 64380.756192 37.85435041538491 -64.0062333075263 486.37146514499574
60871 64680.756192 18.89944788304328 -67.31220910305522 483.4731532561989
60871 64980.756192 -0.13813666316060635 -69.92597882958776 483.73270486109453
60871 65280.756192 -19.16339409956382 -72.54221199540818 487.7225746516305
60871 65580.756192 -38.08278155518192 -75.85776820816909 494.422563603296
60871 65880.756192 -56.759065988567684 -81.55581474358168 501.3391260493876
60871 66180.756192 -74.57808020623966 -98.58723662126624 506.0050281334782
60871 66480.756192 -80.69915241537717 164.0827668047301 506.57896087427036
60871 66780.756192 -64.51248863879538 126.245061418296 502.74926639988536
60871 67080.756192 -46.03498498355289 118.0102955957906 495.8434644524489
60871 67380.756192 -27.184718863641972 114.02154006839706 488.3635503666452
60871 67680.756192 -8.181880744565149 111.21579853161958 482.771346657856
60871 67980.756192 10.873985395839096 108.67032257949131 480.9798565266055
60871 68280.756192 29.887576097371028 105.76622537439316 483.03385387958673
60871 68580.756192 48.74782065007655 101.44997697029056 487.44738208141933
60871 68880.756192 67.17607118181085 91.79655462898502 491.90679524408165
60871 69180.756192 82.02889574755466 39.090475428931626 494.22601310157984
60871 69480.756192 71.96046906627045 -45.85986936998389 493.4405569629821
60871 69780.756192 53.82414459294201 -59.41636566504777 490.0824234158065
60871 70080.756192 35.04520885555987 -64.5177875340246 485.981203168747
60871 70380.756192 16.072229322296582 -67.65757887368042 483.44495029910655
60871 70680.756192 -2.9684552869118352 -70.23454339052141 484.23425227220224
60871 70980.756192 -21.98332723029596 -72.90258498357606 488.6336285955582
60871 71280.756192 -40.878747757159154 -76.41748088481928 495.34118639430733
60871 71580.756192 -59.49567573239017 -82.82324755509666 502.12107181499545
60871 71880.756192 -76.95554310699242 -104.69648502877592 506.310886756762
60871 72180.756192 -78.82148898977569 152.26477689575637 506.26362620638855
60871 72480.756192 -61.81067269725676 124.48851212374359 501.9143946428887
60871 72780.756192 -43.24772084903381 117.34091788723691 494.8000076717296
60871 73080.756192 -24.36687105220508 113.62662799806152 487.577753625648
60871 73380.756192 -5.352231896291711 110.90184639153718 482.7032525420001
60871 73680.756192 13.700819808421267 108.34389900351495 481.48945289282216
60871 73980.756192 32.69743051893482 105.32028329984956 483.94365189464276
60871 74280.756192 51.518900153425875 100.60912149702632 488.4032507717205
60871 74580.756192 69.80870695734534 89.09341543272693 492.52164585611325
60871 74880.756192 82.45082047735183 18.41362512058272 494.26025506312686
60871 75180.756192 69.37240222755582 -49.185118803059076 492.8747302986825
60871 75480.756192 51.06034439996045 -60.349899347118374 489.13652199888907
60871 75780.756192 32.23808346216922 -64.98963367831347 485.0187800500795
60871 76080.756192 13.246050451832327 -67.99152281026534 482.822538480814
60871 76380.756192 -5.799484816683077 -70.54598937580711 484.1502130286888
60871 76680.756192 -24.805319477643835 -73.28188649795692 489.02078756790445
60871 76980.756192 -43.675826286944286 -77.03510506984718 495.9166495095815
60871 77280.756192 -62.222619008668765 -84.33165846025548 502.6352584932899
60871 77580.756192 -79.13041052147976 -113.38606180148044 506.47492300859756
60871 77880.756192 -76.60551041261063 144.04486787135394 505.972494465078
60871 78180.756192 -59.07944892050525 123.02416190524778 501.29347312755255
60871 78480.756192 -40.44833849887198 116.73441385113412 494.1510406158462
60871 78780.756192 -21.54268256978349 113.2508811808671 487.2852677079398
60871 79080.756192 -2.5201837093115 110.5905781047453 482.9849959496458
60871 79380.756192 16.5265850042749 108.00713895750309 482.33027517574914
60871 79680.756192 35.50260068094751 104.8405017585778 485.0916553854783
60871 79980.756192 54.27869280470083 99.65099333067887 489.45958801255995
60871 80280.756192 72.38274048999008 85.61208834034065 493.0919522302044
60871 80580.756192 81.86329222094184 -1.8109593659317897 494.1409885690771
60871 80880.756192 66.73264565314298 -51.77751294955363 492.0932041161902
60871 81180.756192 48.28761987490622 -61.171791716709215 487.9550105272443
60871 81480.756192 29.42621884756643 -65.43037253096297 483.8353486209455
60871 81780.756192 10.416004299786646 -68.3172805892449 482.0128245992388
60871 82080.756192 -8.633728981033396 -70.86211208963428 483.92242710712475
60871 82380.756192 -27.629486101245366 -73.68276224697249 489.3048398310892
60871 82680.756192 -46.47199055768714 -77.720447946249 496.44169237857255
60871 82980.756192 -64.93217738164738 -86.15395724955155 503.1029325530896
60871 83280.756192 -80.9465922356513 -125.95142304407904 506.6158115490255
60871 83580.756192 -74.19191308009437 138.21098240828968 505.71055031218907
60871 83880.756192 -56.327454794772585 121.78260910043349 500.778252797892
60871 84180.756192 -37.640455827973625 116.17992454319082 493.6903136867036
60871 84480.756192 -18.713830254349514 112.8909039382704 487.2082695817805
60871 84780.756192 0.3138994101270983 110.28028064013733 483.4318267399801
60871 85080.756192 19.351952080345168 107.65808411785638 483.2995729184343
60871 85380.756192 38.30453449674581 104.3212522386018 486.30952927034394
60871 85680.756192 57.02782196040539 98.5465757486538 490.5238096992792
60871 85980.756192 74.87263968019124 80.98554790616839 493.62576864920135
60871 86280.756192 80.45131751862952 -17.69012887829819 493.95878344590955
60872 180.756192 64.05537136708858 -53.853943154560646 491.26701007538725
60872 480.756192 45.5067946794383 -61.90312745531799 486.76601678294526
60872 780.756192 26.610766879207876 -65.84443232092187 482.6896056333228
60872 1080.756192 7.5845427866371935 -68.63638767236486 481.2684652565537
60872 1380.756192 -11.467470228447217 -71.18418636971862 483.74768635045274
60872 1680.756192 -30.450933388690625 -74.108222729003 489.63699370468703
60872 1980.756192 -49.26109562723864 -78.486499486594 496.9926878650402
60872 2280.756192 -67.61136555569654 -88.39699769961936 503.5196013706484
60872 2580.756192 -82.14422867093042 -143.44243897034326 506.6508399521128
60872 2880.756192 -71.66001223953604 133.9339352990292 505.3273729525415
60872 3180.756192 -53.56149319165594 120.71566523572518 500.1623679543409
60872 3480.756192 -34.826901969244595 115.66948183158262 493.1679036102745
60872 3780.756192 -15.881430170193452 112.5441633689416 487.06939387827606
60872 4080.756192 3.1502503102563106 109.969385083011 483.82677659454407
60872 4380.756192 22.17837755156976 107.29432883122568 484.204787797685
60872 4680.756192 41.10553425163876 103.75504412325982 487.4284708370108
60872 4980.756192 59.76728710043298 97.25503793211925 491.4474167204944
60872 5280.756192 77.23314762400358 74.6110496400678 494.00229444420916
60872 5580.756192 78.51090752532183 -28.90635006453512 493.6381484172543
60872 5880.756192 61.34547747681512 -55.55807391446916 490.37495188748807
60872 6180.756192 42.71375134592628 -62.56144658182281 485.60313662385886
60872 6480.756192 23.787049632382665 -66.23648022393738 481.64680375610476
60872 6780.756192 4.747338738291806 -68.95087180964593 480.68404522011156
60872 7080.756192 -14.304406174140016 -71.51403257018693 483.7546832488997
60872 7380.756192 -33.27255183038822 -74.56243643619307 490.195649499848
60872 7680.756192 -52.04426080658092 -79.35101452685245 497.7396553911121
60872 7980.756192 -70.24981225793151 -91.22439950506862 504.04778117441157
60872 8280.756192 -82.42458398092165 -164.4810851767925 506.72470991764476
60872 8580.756192 -69.05241255892834 130.6896512744165 504.9347589451065
60872 8880.756192 -50.784704939785925 119.7872525935291 499.5092856596684
60872 9180.756192 -32.00908593855414 115.19695908741481 492.59534528021936
60872 9480.756192 -13.046723965160897 112.20906172392222 486.80959742113
60872 9780.756192 5.987980854846369 109.65688739372966 484.07919732658513
60872 10080.756192 25.00545411188286 106.91370485978103 484.931965745891
60872 10380.756192 43.90548173937147 103.13372938347206 488.3305103943951
60872 10680.756192 62.49450254322998 95.72289886902719 492.1433188139033
60872 10980.756192 79.37629574764902 65.53216814594516 494.1915115992696
60872 11280.756192 76.26046999477207 -36.7211484060345 493.2174628751299
60872 11580.756192 58.60905382003517 -56.98666918027119 489.5048015772555
60872 11880.756192 39.909325295008806 -63.16083613305368 484.63156279244185
60872 12180.756192 20.95641654702671 -66.61060532535414 480.94782994475213
60872 12480.756192 1.9070609899962934 -69.26246734246718 480.56018137804415
60872 12780.756192 -17.140318229129438 -71.85314831758609 484.26748533468924
60872 13080.756192 -36.08852082455165 -75.04926570193277 491.31095543238143
60872 13380.756192 -54.81332444567486 -80.33414550392118 498.89227020458856
60872 13680.756192 -72.82216988107155 -94.87631473322715 504.7695724676002
60872 13980.756192 -81.69783680109117 175.70972493829976 506.7877648043974
60872 14280.756192 -66.40075019038699 128.1570033510248 504.3562234356062
60872 14580.756192 -48.00477695642939 118.97046132518331 498.53747766458787
60872 14880.756192 -29.19149221347324 114.75641189262294 491.61489079705103
60872 15180.756192 -10.21180904058265 111.88299906371056 485.9282298753222
60872 15480.756192 8.827729932574066 109.34041682733817 483.70440693733343
60872 15780.756192 27.836122279612347 106.51195676298495 485.07563613966164
60872 16080.756192 46.70848123042629 102.44378204598682 488.76264320024
60872 16380.756192 65.20939515993804 93.86502202061047 492.5524713015784
60872 16680.756192 81.13917333361086 52.36715320693531 494.32520304157026
60872 16980.756192 73.82033214580889 -42.30344784848911 493.00651339754785
60872 17280.756192 55.848228217987916 -58.201395739977116 489.06278179217776
60872 17580.756192 37.09429239944067 -63.70879825507118 484.301903885918
60872 17880.756192 18.121975051908866 -66.96841633870233 481.07255939093534
60872 18180.756192 -0.9307162366684258 -69.57240326816755 481.30445182637345
60872 18480.756192 -19.967598502147005 -72.2037070827037 485.5460888761134
60872 18780.756192 -38.89076022621677 -75.57464364490556 492.9883272183116
60872 19080.756192 -57.55916219906921 -81.4647468417175 500.27357366645515
60872 19380.756192 -75.29263854013213 -99.73622863896313 505.3843415615618
60872 19680.756192 -80.19335247790288 160.57846795061758 506.4474257803544
60872 19980.756192 -63.721625299466616 126.12856477580124 503.14673565163196
60872 20280.756192 -45.22216167664542 118.24381299813682 496.7935840544332
60872 20580.756192 -26.371072811403735 114.3419270423743 489.80166313729416
60872 20880.756192 -7.372600918191083 111.56260014879135 484.16160463088113
60872 21180.756192 11.674397622113899 109.016277149766 482.6300166943165
60872 21480.756192 30.675102389832645 106.08247964987392 484.7418030071457
60872 21780.756192 49.51760577890257 101.66595998486673 488.9580255719914
60872 22080.756192 67.90589570586064 91.55514170647274 492.97127076096024
60872 22380.756192 82.243773248682 34.124251872004656 494.7160170392591
60872 22680.756192 71.2590148004554 -46.42353764662113 493.29070518816536
60872 22980.756192 53.06751260536933 -59.247678038550426 489.35465030698094
60872 23280.756192 34.27225917722935 -64.2132841374315 484.83341608080605
60872 23580.756192 15.287827824992313 -67.3128434280374 482.06657896159476
60872 23880.756192 -3.7618783995905827 -69.88259470629255 482.8086783667441
60872 24180.756192 -22.782835605385046 -72.56857178263347 487.3517490854791
60872 24480.756192 -41.678847329376566 -76.14746212104836 494.30013147353947
60872 24780.756192 -60.283337766977155 -82.78841979830545 501.2447656539341
60872 25080.756192 -77.61348003796576 -106.45255168348842 505.64639043741136
60872 25380.756192 -78.20554180116858 149.9918443871876 505.8702524041709
60872 25680.756192 -61.018944379631876 124.46881360065444 501.861906421133
60872 25980.756192 -42.43622943397516 117.59372304422146 495.1562190721667
60872 26280.756192 -23.55204197350863 113.95215908141972 488.2967320117302
60872 26580.756192 -4.5400472206294396 111.24888625907057 483.6702435379493
60872 26880.756192 14.505861214177695 108.68623649925243 482.78897482675393
60872 27180.756192 33.490749916555906 105.62613183689503 485.39717169512016
60872 27480.756192 52.294097659726816 100.79203330258119 489.7729429236512
60872 27780.756192 70.53274707008735 88.65475700475291 493.57317109537286
60872 28080.756192 82.38740197523552 12.974027939771954 494.8569164272609
60872 28380.756192 68.64791332620759 -49.527695027081826 492.95169849835446
60872 28680.756192 50.29586333271828 -60.149794880711454 488.7423668738027
60872 28980.756192 31.46098276475124 -64.67658518992805 484.27955468735576
60872 29280.756192 12.460590370270895 -67.64436691396571 481.893478457461
60872 29580.756192 -6.590857356711602 -70.19491702831947 483.1768763114517
60872 29880.756192 -25.599891083235875 -72.95299224881653 488.0876704628501
60872 30180.756192 -44.46960333960225 -76.78198300334813 494.9059257555718
60872 30480.756192 -62.999666007569324 -84.37473081552015 501.77590286573655
60872 30780.756192 -79.69980937560028 -116.09252257942106 505.8122294978633
60872 31080.756192 -75.9262895505858 142.59269737656265 505.5694408279511
60872 31380.756192 -58.28708569995982 123.07995403518188 501.2176169581847
60872 31680.756192 -39.6399127543616 117.00562876205127 494.4709644974576
60872 31980.756192 -20.73171562550617 113.58294825250263 487.9665415780867
60872 32280.756192 -1.7125558887040944 110.93962765552513 484.05513172121886
60872 32580.756192 17.32615746068173 108.34792287803134 483.72003657527586
60872 32880.756192 36.28953885523577 105.13801443991156 486.60327962014105
60872 33180.756192 55.045664937622504 99.7996871597827 490.84638487403635
60872 33480.756192 73.08193649234381 84.9093141121468 494.12463303629704
60872 33780.756192 81.54492014879233 -6.251051629998332 494.67267538656847
60872 34080.756192 66.00147933040192 -51.95519637081002 492.0824074540011
60872 34380.756192 47.52541702819916 -60.942879057540175 487.4566462230883
60872 34680.756192 28.652285414536024 -65.10824664702109 483.00343799511757
60872 34980.756192 9.633781693046494 -67.96720492402447 481.0016757383553
60872 35280.756192 -9.421856540265589 -70.51190555198568 482.8661000600277
60872 35580.756192 -28.420795114959837 -73.36002807927593 488.26152369862353
60872 35880.756192 -47.262097456648746 -77.48869937488341 495.3042026399828
60872 36180.756192 -65.70021110093955 -86.30479412356448 502.13597577263766
60872 36480.756192 -81.36806256638617 -130.01594941605248 505.8818404264258
60872 36780.756192 -73.472495522771 137.2833219622486 505.28003129361525
60872 37080.756192 -55.53112978022175 121.89633067638039 500.7200602042935
60872 37380.756192 -36.83122712125647 116.46688096635181 494.0730459749641
60872 37680.756192 -17.903580119155244 113.22892735829932 488.00522228024414
60872 37980.756192 1.1193982392666182 110.63102390723236 484.69388998296733
60872 38280.756192 20.147893540863613 107.9966098977244 484.87778398485517
60872 38580.756192 39.08624721847879 104.60823615875256 487.9754580658215
60872 38880.756192 57.7866069550767 98.65078737507933 492.00824674818546
60872 39180.756192 75.53653458351921 79.88487362061457 494.689617467503
60872 39480.756192 79.96332180333611 -20.73223694660928 494.4450074859848
60872 39780.756192 63.320487593777344 -53.91141868915977 491.152609953512
60872 40080.756192 44.74670038361707 -61.64970011224119 486.0795386339279
60872 40380.756192 25.838976123535264 -65.51391314425963 481.64881747006126
60872 40680.756192 6.803776211872545 -68.28341262053559 480.04074306858274
60872 40980.756192 -12.254861791810539 -70.8348918634186 482.49098021259886
60872 41280.756192 -31.242343527384158 -73.79256162155875 488.37060131136064
60872 41580.756192 -50.05143553214376 -78.28111505514906 495.6198932234179
60872 41880.756192 -68.3720310791149 -88.69878101257987 502.3833792179141
60872 42180.756192 -82.32975365616879 -148.87595588882397 505.8350854992917
60872 42480.756192 -70.9109834485266 133.3455226636989 504.91043160149985
60872 42780.756192 -52.75772748442957 120.87399662309754 500.21720098584433
60872 43080.756192 -34.01334933202821 115.96966405045833 493.76008426120404
60872 43380.756192 -15.069338840192959 112.88741652828348 488.1855070806785
60872 43680.756192 3.9550009121294183 110.32149428689723 485.48151324490647
60872 43980.756192 22.970868111775896 107.63019597926981 486.1776545467137
60872 44280.756192 41.880981846571395 104.03005069181104 489.44208794506767
60872 44580.756192 60.515195788895774 97.3040366140659 493.1969401389033
60872 44880.756192 77.8410133229811 72.91024237381583 495.2215980142248
60872 45180.756192 77.92895846601593 -30.850494188657986 494.1578253052456
60872 45480.756192 60.61283223152743 -55.52536430696606 490.1764473507652
60872 45780.756192 41.960014981164846 -62.287386270988094 484.6240890286727
60872 46080.756192 23.02063793849147 -65.89877243601268 480.23029591538966
60872 46380.756192 3.970155871854269 -68.59584523294589 479.0469040738063
60872 46680.756192 -15.09017075979432 -71.16678441176684 482.0846234502932
60872 46980.756192 -34.06432559256277 -74.25599495838058 488.42635799154465
60872 47280.756192 -52.83601769563651 -79.17927733863665 495.9310904874039
60872 47580.756192 -71.00094367817614 -91.74321232095427 502.61173771130586
60872 47880.756192 -82.31050621812092 -170.17059458473085 505.77752242870866
60872 48180.756192 -68.2795217963987 130.3271675082274 504.5709524383745
60872 48480.756192 -49.97167736130982 119.97886914660188 499.806340099578
60872 48780.756192 -31.189714394368725 115.50662423880681 493.5946027339969
60872 49080.756192 -12.232349459764205 112.5553449171272 488.5293462740098
60872 49380.756192 6.790933835443528 110.00866299552177 486.40173910519957
60872 49680.756192 25.79189124112951 107.24517160542872 487.5549320522232
60872 49980.756192 44.670609773488806 103.39356481304792 490.9095609635155
60872 50280.756192 63.225466143269465 95.70035213598538 494.31307977572243
60872 50580.756192 79.89018025766282 62.93756520422015 495.64592292340467
60872 50880.756192 75.6325907018624 -37.92677230117598 493.7730448028166
60872 51180.756192 57.885535587874735 -56.88251367330251 489.12229029542334
60872 51480.756192 39.168569719073204 -62.86844507275813 483.3794656260583
60872 51780.756192 20.201458995703653 -66.26673629782546 478.99337418308545
60872 52080.756192 1.1380568313606279 -68.90660977446349 478.15725689839724
60872 52380.756192 -17.922187635008747 -71.5096288063241 481.6594855595288
60872 52680.756192 -36.881388792546076 -74.75517599289483 488.3158927548243
60872 52980.756192 -55.61091843568586 -80.20762059877913 495.9025459796443
60872 53280.756192 -73.56399500889238 -95.72851460129412 502.4309838629427
60872 53580.756192 -81.31329179849303 171.0851343195802 505.31136474916764
60872 53880.756192 -65.59651054512632 127.94197368871298 503.8991491906848
60872 54180.756192 -47.16991936704335 119.18403931079816 499.1980265270984
60872 54480.756192 -28.354653079009672 115.07089449574826 493.40266306975036
60872 54780.756192 -9.386184522605221 112.22924449919907 489.00678894901426
60872 55080.756192 9.633263370271242 109.68934806674991 487.59975706094946
60872 55380.756192 28.615707328745682 106.8364314003634 489.29644099225
60872 55680.756192 47.457273460640316 102.68450544072263 492.78623109268545
60872 55980.756192 65.91173204636229 93.75159103004732 495.8579846749216
60872 56280.756192 81.49465808508941 48.63861727946016 496.4971695452621
60872 56580.756192 73.18410982035954 -43.00899735941534 493.79194509515156
60872 56880.756192 55.14986895109067 -58.03540650614907 488.17438880376983
60872 57180.756192 36.38693943062254 -63.396731109113496 487.14750202810643
60872 57480.756192 17.428213970744586 -66.6117369762578 483.03069819092195
60872 57780.756192 -1.6217559095263403 -69.20615406167015 480.68043009855955
60872 58080.756192 -20.667519138168533 -71.85159607096212 482.388584538161
60872 58380.756192 -39.61109020174658 -75.27723558706741 487.1974370870969
60872 58680.756192 -58.300737139123925 -81.36429411865332 492.9546925830068
60872 58980.756192 -75.97707155611442 -101.00389008876118 497.2761959199095
60872 59280.756192 -79.62908000607092 157.38976602623592 498.38639370460186
60872 59580.756192 -62.86464755177099 126.00754395372662 496.0084432247889
60872 59880.756192 -44.30507865264753 118.46154991420438 491.41728306958765
60872 60180.756192 -25.42242934984417 114.6468495609781 486.8752105399982
60872 60480.756192 -6.413210257025981 111.8939860803827 484.62683482120025
60872 60780.756192 12.622776441710252 109.34482232908054 485.9227073233396
60872 61080.756192 31.605588111437548 106.37319273058542 488.0902055638643
60872 61380.756192 50.412400744305074 101.83444449916905 494.6089942174158
60872 61680.756192 68.72448954915156 91.16900946903905 500.1987953561795
60872 61980.756192 82.39254108805645 28.44913693237205 502.6832064594227
60872 62280.756192 70.53538580060993 -46.928359021926084 501.13076143161487
60872 62580.756192 52.335378580292655 -59.054413270592924 496.250352240512
60872 62880.756192 33.56382628263296 -63.889493885661935 490.0902747287947
60872 63180.756192 14.599929119872742 -66.95034656142795 485.4408660752208
60872 63480.756192 -4.434345494178944 -69.51220946635927 484.1014327938996
60872 63780.756192 -23.452832375352738 -72.21383840588193 486.16123893123824
60872 64080.756192 -42.355798680628595 -75.85137790358223 490.741639339557
60872 64380.756192 -60.969138554804076 -82.71757806724966 495.6320223965681
60872 64680.756192 -78.19473047101151 -108.22787320388731 498.50810438167167
60872 64980.756192 -77.59055670141542 148.0981240364622 497.9368677358631
60872 65280.756192 -60.215429940390756 124.47657631865546 494.0049216319252
60872 65580.756192 -41.5727131440656 117.84742735112914 488.3618498708981
60872 65880.756192 -22.648570550743813 114.27279459260649 483.252885728104
60872 66180.756192 -3.6113811411903325 111.58764310369857 481.1457761064778
60872 66480.756192 15.44001677961282 109.01617828094908 483.026674195121
60872 66780.756192 34.413941515834416 105.91075058221438 486.47191440782086
60872 67080.756192 53.208837726400134 100.92013035999628 488.7372946750759
60872 67380.756192 71.39314981315927 87.96081199181006 494.4497176538261
60872 67680.756192 82.21146614606359 6.628244683446873 497.66478516940157
60872 67980.756192 67.79823079243614 -49.93717096362862 497.3923749465543
60872 68280.756192 49.431900552265404 -59.96899973869414 494.38801790406427
60872 68580.756192 30.619924959986744 -64.36828553775185 490.6009198040877
60872 68880.756192 11.651315231252012 -67.295461497435 488.2813296815447
60872 69180.756192 -7.3663671539087305 -69.83778617645827 488.9446100592072
60872 69480.756192 -26.344143938419524 -72.61345684710105 492.6531106306471
60872 69780.756192 -45.18464465199656 -76.50968267179557 497.94766688821886
60872 70080.756192 -63.68403615001122 -84.37840811445109 502.48948636295023
60872 70380.756192 -80.17358877004885 -118.7170585476172 504.03819154997245
60872 70680.756192 -75.30351275344725 141.4889137321572 501.4701301488181
60872 70980.756192 -57.5475744973924 123.18532241071692 495.26887751262353
60872 71280.756192 -38.850123808741664 117.29167639084937 487.3527348597723
60872 71580.756192 -19.89931330844288 113.91947979788848 480.6577557525754
60872 71880.756192 -0.8374969597789144 111.28620129797926 477.27253685777964
60872 72180.756192 18.23398163995434 108.67824475894392 478.34083801153963
60872 72480.756192 37.21642434668886 105.40954712969427 483.1847765874078
60872 72780.756192 55.972141364042365 99.87461135325114 487.28575487820063
60872 73080.756192 73.95120415063211 83.77773697289575 486.8183620694948
60872 73380.756192 81.0442363197655 -11.627704557005123 487.99340217042493
60872 73680.756192 65.00777265148311 -52.297964382760604 487.25305321809674
60872 73980.756192 46.474794195115116 -60.785213810649026 485.0720000679901
60872 74280.756192 27.58513148542104 -64.8295517459265 483.42395325842193
60872 74580.756192 8.572842238852425 -67.64994339211593 484.2970477138127
60872 74880.756192 -10.457040876811313 -70.19140496150655 488.70552070857246
60872 75180.756192 -29.413970422552556 -73.0698506472709 496.10308292279007
60872 75480.756192 -48.196773767533045 -77.30221538321628 504.4107160023525
60872 75780.756192 -66.55281600717504 -86.5626804272189 510.9498455510245
60872 76080.756192 -81.74947950993808 -134.76941216590274 513.3671544558998
60872 76380.756192 -72.74202899423308 136.4645967471154 510.6198304793978
60872 76680.756192 -54.75403825150506 122.0344585438281 503.3916437362701
60872 76980.756192 -36.04829124023501 116.76617963076139 493.86878481282497
60872 77280.756192 -17.107073745947783 113.57383890456947 484.87515049889817
60872 77580.756192 1.942761592898933 110.98349042740234 479.0241390502912
60872 77880.756192 21.006445706774844 108.3289265949389 477.41002477860593
60872 78180.756192 39.98335745718949 104.87024080891918 479.4869996885725
60872 78480.756192 58.71279568479483 98.66150166154286 483.3629516304966
60872 78780.756192 76.37849211070915 78.11806707449155 486.7611157479654
60872 79080.756192 79.25070361666297 -24.494436305413505 486.09298579972005
